# mp_msun mc_msun inclination_deg
1.3516043517e+00 1.2704669270e+00 8.2262350168e+01
1.3418649637e+00 1.2635498095e+00 8.2791277101e+01
1.3414723921e+00 1.2499433195e+00 8.7855467302e+01
1.3224324084e+00 1.2676721806e+00 8.0060864731e+01
1.2879311272e+00 1.3096060803e+00 7.2799378191e+01
1.3214985181e+00 1.2729773397e+00 7.9109482420e+01
1.2849155210e+00 1.2433829487e+00 8.1186923776e+01
1.3228440601e+00 1.2843223628e+00 7.7550643872e+01
1.3289255215e+00 1.2607420757e+00 8.2010933342e+01
1.3582403468e+00 1.2638309319e+00 8.4936720171e+01
1.3296508828e+00 1.2775155401e+00 7.9018826610e+01
1.3478629769e+00 1.2518616456e+00 8.9189483384e+01
1.3181291400e+00 1.2667331708e+00 7.9863521106e+01
1.3672186870e+00 1.2658300991e+00 8.5787518542e+01
1.3198225384e+00 1.2895339984e+00 7.6676652104e+01
1.3444936962e+00 1.2617968528e+00 8.3563393325e+01
1.3234621085e+00 1.2697021106e+00 7.9798579510e+01
1.2911696803e+00 1.3164347163e+00 7.2321172068e+01
1.3223975178e+00 1.2572260562e+00 8.2093856142e+01
1.2923147398e+00 1.2938578086e+00 7.4596686360e+01
1.3095095959e+00 1.2744793460e+00 7.8011105717e+01
1.3114968315e+00 1.2746757169e+00 7.8122004123e+01
1.3251690341e+00 1.2653725712e+00 8.0713127966e+01
1.2951398988e+00 1.2888490431e+00 7.5303177292e+01
1.3009451559e+00 1.2961546423e+00 7.4814015260e+01
1.3106578115e+00 1.2415205928e+00 8.4808428882e+01
1.3111142843e+00 1.2929870092e+00 7.5738824530e+01
1.2937941880e+00 1.2475204246e+00 8.1224420262e+01
1.3227793836e+00 1.2747578239e+00 7.8928904074e+01
1.3042603033e+00 1.2945892796e+00 7.5168205857e+01
1.3032195265e+00 1.2585317843e+00 8.0027705704e+01
1.3111131050e+00 1.2606590095e+00 8.0330188264e+01
1.2342987846e+00 1.2883662791e+00 7.2227026791e+01
1.3126031543e+00 1.2452305235e+00 8.3931863986e+01
1.2718787201e+00 1.3059993957e+00 7.2377892905e+01
1.2979575630e+00 1.2934581486e+00 7.4945882582e+01
1.2923654360e+00 1.3003616194e+00 7.3920490059e+01
1.3176499321e+00 1.2724546569e+00 7.8899089761e+01
1.3004964187e+00 1.2464654378e+00 8.2135643310e+01
1.3243006292e+00 1.2540138143e+00 8.3070778751e+01
1.3377345328e+00 1.2672423892e+00 8.1530319164e+01
1.2400120836e+00 1.3295804861e+00 6.9093407911e+01
1.3409834468e+00 1.2517436086e+00 8.6560781600e+01
1.2886071810e+00 1.2836009164e+00 7.5530865121e+01
1.3352568487e+00 1.2530999209e+00 8.4872174373e+01
1.3060758311e+00 1.2548047218e+00 8.0965186566e+01
1.3109026199e+00 1.2918854146e+00 7.5855650848e+01
1.2731121922e+00 1.3134971512e+00 7.1763355047e+01
1.3386083920e+00 1.2580540213e+00 8.3824351811e+01
1.2905070152e+00 1.2782139091e+00 7.6284293221e+01
1.3380467862e+00 1.2647412483e+00 8.2093856142e+01
1.3246100846e+00 1.2419321574e+00 8.7855467302e+01
1.3216139466e+00 1.2908097793e+00 7.6626989411e+01
1.3192280154e+00 1.2778717827e+00 7.8205852297e+01
1.3209924714e+00 1.2407588393e+00 8.7436729029e+01
1.3275995019e+00 1.2472250100e+00 8.5710183053e+01
1.3413279343e+00 1.2816209823e+00 7.9262255454e+01
1.3679047757e+00 1.2669018299e+00 8.5486104849e+01
1.3124111480e+00 1.2868759424e+00 7.6552833021e+01
1.3072265749e+00 1.2523480264e+00 8.1569331007e+01
1.3128081912e+00 1.2864788992e+00 7.6626989411e+01
1.3259983014e+00 1.2728512814e+00 7.9479819877e+01
1.3484140889e+00 1.2754125635e+00 8.0928753038e+01
1.3255727498e+00 1.2886041948e+00 7.7157849094e+01
1.3355873979e+00 1.2974613883e+00 7.6651798080e+01
1.3271721559e+00 1.2799942670e+00 7.8460999819e+01
1.2934846193e+00 1.3439594486e+00 7.0113259055e+01
1.3227612749e+00 1.2909773282e+00 7.6676652104e+01
1.3046603930e+00 1.2340492090e+00 8.6757527902e+01
1.3686498168e+00 1.2635202064e+00 8.7311596302e+01
1.3214155453e+00 1.2804971059e+00 7.7983538712e+01
1.3342231951e+00 1.2454003789e+00 8.9189483384e+01
1.3525866421e+00 1.2611519610e+00 8.4936720171e+01
1.2906109955e+00 1.2911949549e+00 7.4792145946e+01
1.2797055437e+00 1.2763876056e+00 7.5855650848e+01
1.3507648786e+00 1.2677968276e+00 8.2791277101e+01
1.3474999738e+00 1.2535373923e+00 8.7311596302e+01
1.3021592282e+00 1.2591566913e+00 7.9830999012e+01
1.2873872110e+00 1.2843849035e+00 7.5371119608e+01
1.3147676500e+00 1.2652923501e+00 7.9830999012e+01
1.3043812242e+00 1.2504067879e+00 8.1687457017e+01
1.3155391227e+00 1.2933793422e+00 7.5949796914e+01
1.3437431788e+00 1.2537940287e+00 8.6197674093e+01
1.3407578006e+00 1.2650948482e+00 8.2305046547e+01
1.2539706396e+00 1.3160577898e+00 7.0711767977e+01
1.3536100211e+00 1.2627589981e+00 8.4560892485e+01
1.3448418012e+00 1.2706503146e+00 8.1530319164e+01
1.3826815097e+00 1.2710463311e+00 8.6757527902e+01
1.3449522031e+00 1.2582735599e+00 8.4683224036e+01
1.2621626763e+00 1.2926253357e+00 7.3171618697e+01
1.2839351290e+00 1.2725931154e+00 7.6577507130e+01
1.3370993301e+00 1.2819009870e+00 7.8899089761e+01
1.2534692085e+00 1.2709287647e+00 7.4967970313e+01
1.2796445266e+00 1.2586309936e+00 7.8177837772e+01
1.3475333459e+00 1.2526288332e+00 8.8014565082e+01
1.3257206777e+00 1.2595783544e+00 8.1928856974e+01
1.3317722161e+00 1.2697027803e+00 8.0502355029e+01
1.2828356310e+00 1.2476306484e+00 8.0194610813e+01
1.3203800570e+00 1.2622990162e+00 8.0856317856e+01
1.2616011969e+00 1.3320002105e+00 6.9762314247e+01
1.3254610840e+00 1.3181404821e+00 7.3796765055e+01
1.3552976957e+00 1.2553732036e+00 8.9189483384e+01
1.2993779854e+00 1.2562800934e+00 8.0094133635e+01
1.3298799510e+00 1.2440723241e+00 8.8187569297e+01
1.3359450332e+00 1.2799855221e+00 7.9109482420e+01
1.2609985722e+00 1.3125176216e+00 7.1310801950e+01
1.3168049420e+00 1.2371131021e+00 8.9189483384e+01
1.2796270779e+00 1.2773362863e+00 7.5738824530e+01
1.3039080194e+00 1.2748427763e+00 7.7577264583e+01
1.3468930285e+00 1.2519565543e+00 8.8378926216e+01
1.3145485287e+00 1.2812391887e+00 7.7418371854e+01
1.3541071106e+00 1.2548113544e+00 8.9189483384e+01
1.2847890567e+00 1.2521843664e+00 7.9574435566e+01
1.3085907894e+00 1.2828249222e+00 7.6826743101e+01
1.3295673620e+00 1.2657830443e+00 8.1038494274e+01
1.3028312563e+00 1.2968933662e+00 7.4835915371e+01
1.3246688154e+00 1.2982801012e+00 7.5902646881e+01
1.3367572565e+00 1.2717231611e+00 8.0572093792e+01
1.2982380689e+00 1.2761503123e+00 7.7029517563e+01
1.3428416508e+00 1.2608218651e+00 8.3614735208e+01
1.3381192395e+00 1.2476165384e+00 8.8596120629e+01
1.3464422902e+00 1.2642286091e+00 8.3166473052e+01
1.3155321657e+00 1.2723877104e+00 7.8751188620e+01
1.3334631354e+00 1.2842214225e+00 7.8290292293e+01
1.2975512680e+00 1.2803268479e+00 7.6454577770e+01
1.2845166086e+00 1.2728819001e+00 7.6577507130e+01
1.3071235653e+00 1.2904136421e+00 7.5808807284e+01
1.3579905740e+00 1.2693480004e+00 8.3263520051e+01
1.3234428227e+00 1.2592362505e+00 8.1767142530e+01
1.3281494463e+00 1.2851508399e+00 7.7792286999e+01
1.3098299513e+00 1.2649945605e+00 7.9479819877e+01
1.2375760550e+00 1.3250461122e+00 6.9335726738e+01
1.3260387504e+00 1.2627549371e+00 8.1299894225e+01
1.3113097459e+00 1.2674410498e+00 7.9200889974e+01
1.3530152847e+00 1.2624768311e+00 8.4560892485e+01
1.2907876517e+00 1.3098121086e+00 7.2916077488e+01
1.3324788170e+00 1.2545673461e+00 8.3986338075e+01
1.3454546933e+00 1.2516451048e+00 8.8014565082e+01
1.3235430215e+00 1.2880042420e+00 7.7106365806e+01
1.3408003483e+00 1.2501782978e+00 8.7436729029e+01
1.2982519719e+00 1.2988478263e+00 7.4382309227e+01
1.2674415365e+00 1.3292208769e+00 7.0214625229e+01
1.2660842273e+00 1.2834854584e+00 7.4297357720e+01
1.3035802158e+00 1.2564296781e+00 8.0433119990e+01
1.3271042378e+00 1.2664971696e+00 8.0677671172e+01
1.3164452138e+00 1.2920352038e+00 7.6163920146e+01
1.3436573349e+00 1.2775364037e+00 8.0127513527e+01
1.2991501757e+00 1.2482462572e+00 8.1608522897e+01
1.3301868198e+00 1.2621030964e+00 8.1847601472e+01
1.3011494900e+00 1.2619081425e+00 7.9293068528e+01
1.3620639719e+00 1.2745008441e+00 8.2478240615e+01
1.3219425508e+00 1.2528819610e+00 8.3070778751e+01
1.3207747066e+00 1.2605947194e+00 8.1224420262e+01
1.3388068422e+00 1.2652944513e+00 8.2052287288e+01
1.2757246421e+00 1.2755840905e+00 7.5715571564e+01
1.3179402756e+00 1.2547038293e+00 8.2177652292e+01
1.3150808742e+00 1.2462350453e+00 8.3986338075e+01
1.3086654050e+00 1.2461226070e+00 8.3166473052e+01
1.3085125289e+00 1.2397531309e+00 8.5068338769e+01
1.2537041242e+00 1.3102245127e+00 7.1185969682e+01
1.3272024445e+00 1.2786502043e+00 7.8663362312e+01
1.3066068701e+00 1.2603710591e+00 7.9994655462e+01
1.3160876997e+00 1.2674645948e+00 7.9574435566e+01
1.3126101552e+00 1.2989371084e+00 7.5145827200e+01
1.3286644703e+00 1.2492136455e+00 8.5135479942e+01
1.2919821095e+00 1.2771746252e+00 7.6503617642e+01
1.3327934827e+00 1.2498855906e+00 8.5634214754e+01
1.3039216730e+00 1.2787574002e+00 7.7055083817e+01
1.3453977787e+00 1.2547644005e+00 8.6112185454e+01
1.3150663495e+00 1.2702326825e+00 7.9048962842e+01
1.3323554401e+00 1.2573121571e+00 8.3214823856e+01
1.3535119651e+00 1.2545304297e+00 8.9189483384e+01
1.3106703089e+00 1.2842428109e+00 7.6776526866e+01
1.3553133006e+00 1.2654417048e+00 8.3986338075e+01
1.3149614876e+00 1.2367820685e+00 8.8378926216e+01
1.2764714132e+00 1.3035885869e+00 7.2818774681e+01
1.3452831239e+00 1.2513792895e+00 8.8187569297e+01
1.3064162574e+00 1.2710255555e+00 7.8290292293e+01
1.3248124766e+00 1.3355264056e+00 7.2133361659e+01
1.3340684243e+00 1.2779170582e+00 7.9293068528e+01
1.3071657452e+00 1.2733307056e+00 7.8011105717e+01
1.2954215800e+00 1.2307096994e+00 8.6197674093e+01
1.2799043016e+00 1.3080155745e+00 7.2568252847e+01
1.3472363219e+00 1.2524883006e+00 8.8014565082e+01
1.3458423702e+00 1.2586967253e+00 8.4683224036e+01
1.3166564359e+00 1.2629671381e+00 8.0398687958e+01
1.3240810646e+00 1.2494351292e+00 8.4324110442e+01
1.2893310986e+00 1.3274764090e+00 7.1275053722e+01
1.3158138088e+00 1.2381042352e+00 8.7568287925e+01
1.3154276768e+00 1.2961195867e+00 7.5622927969e+01
1.2461385220e+00 1.3077795220e+00 7.1061930643e+01
1.2887278629e+00 1.3118718975e+00 7.2625754767e+01
1.2949481138e+00 1.3039014691e+00 7.3694358938e+01
1.3497386950e+00 1.2534870679e+00 8.8187569297e+01
1.2745653114e+00 1.2750043742e+00 7.5715571564e+01
1.2850456839e+00 1.3282546023e+00 7.1026634431e+01
1.3053976457e+00 1.2672464591e+00 7.8780614851e+01
1.3208934734e+00 1.2906537902e+00 7.6602225844e+01
1.3156073073e+00 1.2683816346e+00 7.9386038170e+01
1.3066459780e+00 1.2507525307e+00 8.1847601472e+01
1.3266979176e+00 1.2944958211e+00 7.6479075887e+01
1.2799232838e+00 1.2844408923e+00 7.4945882582e+01
1.3185746028e+00 1.2785251953e+00 7.8066427965e+01
1.3481736150e+00 1.2533013814e+00 8.7707378991e+01
1.2703739684e+00 1.3035783068e+00 7.2530020127e+01
1.3238621263e+00 1.2649315612e+00 8.0677671172e+01
1.2439447897e+00 1.3047555207e+00 7.1221554412e+01
1.3460484713e+00 1.2519261701e+00 8.8014565082e+01
1.3033963242e+00 1.2792827490e+00 7.6953114246e+01
1.3080391734e+00 1.2380536044e+00 8.5634214754e+01
1.3085855438e+00 1.2344662373e+00 8.7707378991e+01
1.3272579315e+00 1.2759678315e+00 7.9079181218e+01
1.3335997745e+00 1.2460237995e+00 8.8014565082e+01
1.3149607922e+00 1.2515814498e+00 8.2566341788e+01
1.3337783269e+00 1.2939993478e+00 7.6978533067e+01
1.3522893236e+00 1.2610109626e+00 8.4936720171e+01
1.2768634005e+00 1.2696639042e+00 7.6503617642e+01
1.3102894381e+00 1.2889976523e+00 7.6163920146e+01
1.3548602917e+00 1.2869815008e+00 7.9448467746e+01
1.3025627344e+00 1.2997875962e+00 7.4510588199e+01
1.3441421664e+00 1.2512082398e+00 8.7855467302e+01
1.3042393314e+00 1.2531591773e+00 8.1112401649e+01
1.3365133976e+00 1.2470388969e+00 8.8378926216e+01
1.3053872506e+00 1.2415746059e+00 8.3986338075e+01
1.3200617862e+00 1.2399481076e+00 8.7707378991e+01
1.3484245653e+00 1.2530504311e+00 8.8014565082e+01
1.3402401562e+00 1.2489904739e+00 8.8187569297e+01
1.2614858311e+00 1.3150834496e+00 7.1114994107e+01
1.2939584520e+00 1.2347735301e+00 8.4382373156e+01
1.3551239835e+00 1.2599297174e+00 8.5866297957e+01
1.3374678683e+00 1.2591945451e+00 8.3361979075e+01
1.3428301200e+00 1.2507712874e+00 8.7707378991e+01
1.3025001531e+00 1.2766870195e+00 7.7235456792e+01
1.3409362586e+00 1.2820126580e+00 7.9170336091e+01
1.3215531912e+00 1.2480393785e+00 8.4382373156e+01
1.3086325100e+00 1.2941555245e+00 7.5462192458e+01
1.3316442984e+00 1.2728947971e+00 7.9928877049e+01
1.2839373126e+00 1.2669366213e+00 7.7313531307e+01
1.3246242283e+00 1.2432251492e+00 8.6966995687e+01
1.2971387794e+00 1.2624358219e+00 7.8899089761e+01
1.3299518863e+00 1.2653985200e+00 8.1149584901e+01
1.2926036636e+00 1.2966269665e+00 7.4318553532e+01
1.3281607745e+00 1.2615068227e+00 8.1767142530e+01
1.3351878977e+00 1.2715405760e+00 8.0467675232e+01
1.3408463213e+00 1.2505693903e+00 8.7192030493e+01
1.2866849893e+00 1.2255909512e+00 8.6657708378e+01
1.2861094783e+00 1.3144902820e+00 7.2264626857e+01
1.2984873122e+00 1.2702336121e+00 7.7846627825e+01
1.2937941880e+00 1.2475204246e+00 8.1224420262e+01
1.3024751461e+00 1.2366685625e+00 8.5135479942e+01
1.3652269500e+00 1.2682612544e+00 8.4560892485e+01
1.3147802442e+00 1.2805701621e+00 7.7524079068e+01
1.3459885007e+00 1.2752052379e+00 8.0748719456e+01
1.3782679002e+00 1.2684142094e+00 8.7077348295e+01
1.3070937229e+00 1.2921933675e+00 7.5599858248e+01
1.2951373080e+00 1.2635667822e+00 7.8576202428e+01
1.3130199627e+00 1.2797070927e+00 7.7524079068e+01
1.3330338042e+00 1.2483356218e+00 8.6374684998e+01
1.3264024140e+00 1.2514757019e+00 8.4041308295e+01
1.3248596494e+00 1.2665560622e+00 8.0467675232e+01
1.3327834472e+00 1.2485859788e+00 8.6197674093e+01
1.3446738933e+00 1.2703798076e+00 8.1569331007e+01
1.2726637172e+00 1.2829943617e+00 7.4704974011e+01
1.3082351176e+00 1.2644089873e+00 7.9448467746e+01
1.3467502983e+00 1.2788321193e+00 8.0161005537e+01
1.3122271579e+00 1.2456065199e+00 8.3771288937e+01
1.2982605195e+00 1.2691531215e+00 7.7983538712e+01
1.3121457441e+00 1.2958966507e+00 7.5462192458e+01
1.2883716678e+00 1.2738150588e+00 7.6701551736e+01
1.3538095256e+00 1.2546708920e+00 8.9189483384e+01
1.2725638993e+00 1.2743979572e+00 7.5669176471e+01
1.3002408301e+00 1.2846214806e+00 7.6092186698e+01
1.3208464435e+00 1.2544142237e+00 8.2566341788e+01
1.2702824655e+00 1.3276921759e+00 7.0453108159e+01
1.3331843572e+00 1.2897645594e+00 7.7497569815e+01
1.2868534153e+00 1.2897158654e+00 7.4748499176e+01
1.3330525535e+00 1.2776183458e+00 7.9262255454e+01
1.3391434968e+00 1.2745951063e+00 8.0262165861e+01
1.3087915968e+00 1.2856842610e+00 7.6479075887e+01
1.3448576218e+00 1.2561797443e+00 8.5413839657e+01
1.3356918442e+00 1.2596585621e+00 8.3023421435e+01
1.3403105287e+00 1.2519793875e+00 8.6285126569e+01
1.3232873772e+00 1.3088826459e+00 7.4639912012e+01
1.3087197157e+00 1.2888174918e+00 7.6092186698e+01
1.2861081801e+00 1.3000643683e+00 7.3633214528e+01
1.3122120236e+00 1.2730870084e+00 7.8403821928e+01
1.3185081166e+00 1.2794665248e+00 7.7928590790e+01
1.2766956341e+00 1.2733087762e+00 7.6044565226e+01
1.3497825406e+00 1.2749219455e+00 8.1149584901e+01
1.3543716702e+00 1.2558610838e+00 8.8014565082e+01
1.3217780557e+00 1.2438928860e+00 8.5946605487e+01
1.3120482241e+00 1.2662662194e+00 7.9448467746e+01
1.3056291310e+00 1.3133711860e+00 7.3290840172e+01
1.2977640428e+00 1.2901558333e+00 7.5303177292e+01
1.3131341211e+00 1.2643076918e+00 7.9863521106e+01
1.3236696993e+00 1.2821829495e+00 7.7901209028e+01
1.3001060169e+00 1.2891246132e+00 7.5553826997e+01
1.2996227532e+00 1.3259596645e+00 7.1855172896e+01
1.3570098828e+00 1.2641838558e+00 8.4621711461e+01
1.2853630641e+00 1.3134865187e+00 7.2321172068e+01
1.3204567410e+00 1.2630955534e+00 8.0713127966e+01
1.3208819834e+00 1.2482747513e+00 8.4209337681e+01
1.2773472986e+00 1.3123202986e+00 7.2058770198e+01
1.3467804469e+00 1.2533817323e+00 8.7192030493e+01
1.3336137789e+00 1.2534323841e+00 8.4500744095e+01
1.3071210404e+00 1.2974180551e+00 7.5012241172e+01
1.3763637992e+00 1.2716389093e+00 8.5203558584e+01
1.3608324300e+00 1.2581678870e+00 8.8853746852e+01
1.3353523878e+00 1.2604353296e+00 8.2791277101e+01
1.3209303193e+00 1.2390795745e+00 8.9189483384e+01
1.3312991521e+00 1.2553101914e+00 8.3614735208e+01
1.3212534808e+00 1.2583700933e+00 8.1727204497e+01
1.3211795328e+00 1.2693620725e+00 7.9669908154e+01
1.2771641887e+00 1.3212479112e+00 7.1275053722e+01
1.2896578557e+00 1.3100667668e+00 7.2838192431e+01
1.3462295685e+00 1.2609368543e+00 8.4041308295e+01
1.3014379055e+00 1.2738227616e+00 7.7550643872e+01
1.3246531840e+00 1.2615193643e+00 8.1414339425e+01
1.2971379378e+00 1.2846680126e+00 7.5902646881e+01
1.3501150255e+00 1.2531107375e+00 8.8853746852e+01
1.3189966388e+00 1.2527754757e+00 8.2745735086e+01
1.3281876939e+00 1.2820450600e+00 7.8233932577e+01
1.3300161255e+00 1.2675210820e+00 8.0748719456e+01
1.3047681949e+00 1.2448014907e+00 8.3023421435e+01
1.3301174193e+00 1.2547448915e+00 8.3614735208e+01
1.3360902989e+00 1.2706381748e+00 8.0713127966e+01
1.3298333876e+00 1.2436828062e+00 8.8596120629e+01
1.3553440855e+00 1.2557649837e+00 8.8596120629e+01
1.3004305128e+00 1.2735217624e+00 7.7524079068e+01
1.2874789398e+00 1.2230668701e+00 8.9189483384e+01
1.3113886753e+00 1.2455746889e+00 8.3666491536e+01
1.3251883338e+00 1.2872353920e+00 7.7313531307e+01
1.3297811653e+00 1.2695059252e+00 8.0364377815e+01
1.3526326018e+00 1.2554097930e+00 8.7707378991e+01
1.2714297712e+00 1.3278573192e+00 7.0487405669e+01
1.2979897617e+00 1.2594087470e+00 7.9448467746e+01
1.3230164619e+00 1.2649034142e+00 8.0607155573e+01
1.2964733452e+00 1.2661488220e+00 7.8290292293e+01
1.2787884147e+00 1.2503771045e+00 7.9386038170e+01
1.3056083710e+00 1.2888674868e+00 7.5902646881e+01
1.2533161276e+00 1.2836572955e+00 7.3612882375e+01
1.3569546682e+00 1.2611684516e+00 8.5710183053e+01
1.3404664214e+00 1.2636348720e+00 8.2610784034e+01
1.3181747963e+00 1.2583944844e+00 8.1414339425e+01
1.3264240552e+00 1.2667401639e+00 8.0572093792e+01
1.3276633639e+00 1.2825693900e+00 7.8122004123e+01
1.3306299663e+00 1.3151718659e+00 7.4361029171e+01
1.2902037065e+00 1.2463357337e+00 8.1112401649e+01
1.3456585729e+00 1.2558164235e+00 8.5710183053e+01
1.3240322224e+00 1.2595200721e+00 8.1767142530e+01
1.2338430081e+00 1.3013946320e+00 7.1061930643e+01
1.3510562374e+00 1.2600528318e+00 8.5068338769e+01
1.2960431013e+00 1.2731136334e+00 7.7287454070e+01
1.3460937545e+00 1.2733451979e+00 8.1112401649e+01
1.2732257228e+00 1.3125100551e+00 7.1855172896e+01
1.3319759562e+00 1.2476476178e+00 8.6466509507e+01
1.3650088833e+00 1.2601345563e+00 8.8853746852e+01
1.3273776380e+00 1.2740973584e+00 7.9386038170e+01
1.2848813144e+00 1.2803540141e+00 7.5692355604e+01
1.2978771515e+00 1.2351913169e+00 8.4872174373e+01
1.3464141448e+00 1.2550608516e+00 8.6197674093e+01
1.2958309976e+00 1.2498272779e+00 8.0965186566e+01
1.2932965623e+00 1.2467154337e+00 8.1337875892e+01
1.2713314896e+00 1.2843265893e+00 7.4489136515e+01
1.2941559792e+00 1.2571527534e+00 7.9511264665e+01
1.2802035838e+00 1.3427453328e+00 6.9679612461e+01
1.3210862081e+00 1.2581009645e+00 8.1767142530e+01
1.3209924714e+00 1.2407588393e+00 8.7436729029e+01
1.3433052721e+00 1.2638611508e+00 8.2883230736e+01
1.3033024217e+00 1.2440940111e+00 8.3023421435e+01
1.3113822099e+00 1.2905304413e+00 7.6044565226e+01
1.2784678824e+00 1.2546005859e+00 7.8692562936e+01
1.3190845464e+00 1.2387491315e+00 8.8378926216e+01
1.3201481868e+00 1.2642774273e+00 8.0467675232e+01
1.3393509579e+00 1.2485689182e+00 8.8187569297e+01
1.3350792791e+00 1.2515300643e+00 8.5413839657e+01
1.3332416340e+00 1.2564259633e+00 8.3563393325e+01
1.2647382318e+00 1.3004970967e+00 7.2549126342e+01
1.3186034806e+00 1.3263181720e+00 7.2683441722e+01
1.3027633547e+00 1.3009001612e+00 7.4403617595e+01
1.3344163371e+00 1.2622460762e+00 8.2262350168e+01
1.3377264278e+00 1.2878559898e+00 7.8066427965e+01
1.3085638089e+00 1.3029834547e+00 7.4489136515e+01
1.3332108595e+00 1.2451035840e+00 8.8853746852e+01
1.3635287704e+00 1.2607367866e+00 8.7568287925e+01
1.3589946984e+00 1.2617603070e+00 8.5866297957e+01
1.3245506258e+00 1.2563823002e+00 8.2522162191e+01
1.3184415518e+00 1.2655473902e+00 8.0094133635e+01
1.2985939888e+00 1.2583693753e+00 7.9669908154e+01
1.2800103629e+00 1.3070358002e+00 7.2664192064e+01
1.3181625140e+00 1.2427180389e+00 8.5710183053e+01
1.3098299513e+00 1.2649945605e+00 7.9479819877e+01
1.3223606875e+00 1.2555174284e+00 8.2478240615e+01
1.3049098778e+00 1.2768960727e+00 7.7365844600e+01
1.2959162474e+00 1.3064340832e+00 7.3491400916e+01
1.3186885942e+00 1.2461111458e+00 8.4560892485e+01
1.3315431873e+00 1.2966736122e+00 7.6503617642e+01
1.3292601433e+00 1.2779062796e+00 7.8928904074e+01
1.3635287704e+00 1.2607367866e+00 8.7568287925e+01
1.3641358710e+00 1.2623245761e+00 8.6757527902e+01
1.3354231463e+00 1.2805074089e+00 7.8988771847e+01
1.3254955799e+00 1.2423537976e+00 8.7855467302e+01
1.3235530457e+00 1.2617459863e+00 8.1262076387e+01
1.3279671860e+00 1.2743831446e+00 7.9386038170e+01
1.3291660394e+00 1.2487120764e+00 8.5413839657e+01
1.3129019182e+00 1.2588701963e+00 8.0820312794e+01
1.3186610872e+00 1.2679482562e+00 7.9701926885e+01
1.3057536128e+00 1.3009748609e+00 7.4553578751e+01
1.3492785795e+00 1.2605160536e+00 8.4621711461e+01
1.2902035510e+00 1.2598008593e+00 7.8780614851e+01
1.2993885211e+00 1.2506158892e+00 8.1149584901e+01
1.3248733106e+00 1.2429760669e+00 8.7192030493e+01
1.3322453402e+00 1.2451964727e+00 8.8187569297e+01
1.3000587694e+00 1.2291067498e+00 8.9189483384e+01
1.3137438350e+00 1.2493137974e+00 8.2976381855e+01
1.3462990960e+00 1.2516755453e+00 8.8378926216e+01
1.3140811993e+00 1.3136964754e+00 7.3673952717e+01
1.3422035718e+00 1.2513978356e+00 8.7077348295e+01
1.3059392529e+00 1.2440651574e+00 8.3361979075e+01
1.3525360927e+00 1.2594493897e+00 8.5559543476e+01
1.3581010892e+00 1.2613378632e+00 8.5866297957e+01
1.2977946150e+00 1.2739774995e+00 7.7287454070e+01
1.3477540694e+00 1.2607263482e+00 8.4324110442e+01
1.3526564263e+00 1.2724870133e+00 8.1928856974e+01
1.2878307210e+00 1.2760979159e+00 7.6381342894e+01
1.3047681949e+00 1.2448014907e+00 8.3023421435e+01
1.2856989498e+00 1.2821504277e+00 7.5530865121e+01
1.2954052080e+00 1.2685234289e+00 7.7873888177e+01
1.2864155382e+00 1.2975734037e+00 7.3899804954e+01
1.3738878842e+00 1.2763163105e+00 8.3411757846e+01
1.3204321034e+00 1.2753556140e+00 7.8663362312e+01
1.2534169856e+00 1.3100761367e+00 7.1185969682e+01
1.3294012638e+00 1.2558977683e+00 8.3214823856e+01
1.3513042791e+00 1.2536726430e+00 8.8853746852e+01
1.3037015643e+00 1.2389158876e+00 8.4560892485e+01
1.2935496447e+00 1.2882563058e+00 7.5280598016e+01
1.3470774110e+00 1.2535223494e+00 8.7192030493e+01
1.3091313232e+00 1.2844700842e+00 7.6651798080e+01
1.3111348629e+00 1.2384348227e+00 8.6112185454e+01
1.2675020266e+00 1.3025264028e+00 7.2491868298e+01
1.3395543066e+00 1.2479287007e+00 8.9189483384e+01
1.2939694068e+00 1.3075055896e+00 7.3290840172e+01
1.3012162882e+00 1.2910736280e+00 7.5393835738e+01
1.3475403021e+00 1.2666366425e+00 8.2700475693e+01
1.2979393613e+00 1.2956620461e+00 7.4704974011e+01
1.3248733106e+00 1.2429760669e+00 8.7192030493e+01
1.3200054570e+00 1.2504588567e+00 8.3461913920e+01
1.2828585958e+00 1.2732345535e+00 7.6430123055e+01
1.3143196394e+00 1.2605048725e+00 8.0642347542e+01
1.3013003028e+00 1.2757052317e+00 7.7287454070e+01
1.2740863047e+00 1.2785269724e+00 7.5280598016e+01
1.3114283598e+00 1.3119594125e+00 7.3714790034e+01
1.2751277582e+00 1.2818356060e+00 7.4967970313e+01
1.3842892511e+00 1.2689980486e+00 8.9189483384e+01
1.3224015957e+00 1.2432693460e+00 8.6374684998e+01
1.3350729489e+00 1.2659644172e+00 8.1530319164e+01
1.3031295623e+00 1.2738759722e+00 7.7657465783e+01
1.3606883560e+00 1.2868741285e+00 7.9928877049e+01
1.3499333239e+00 1.2563572250e+00 8.6374684998e+01
1.2987058019e+00 1.2521681319e+00 8.0784447201e+01
1.3283136148e+00 1.2784148589e+00 7.8780614851e+01
1.3116222595e+00 1.2780453378e+00 7.7657465783e+01
1.2732557389e+00 1.2624158099e+00 7.7209536111e+01
1.3086408889e+00 1.2626952674e+00 7.9766261626e+01
1.3378787033e+00 1.2701636916e+00 8.0965186566e+01
1.3247597842e+00 1.2570461662e+00 8.2391153680e+01
1.3436276154e+00 1.2504110049e+00 8.8378926216e+01
1.3165827601e+00 1.2783303596e+00 7.7956033878e+01
1.3099142395e+00 1.2876229680e+00 7.6308492375e+01
1.2620668161e+00 1.2372428338e+00 8.0228330525e+01
1.3358675502e+00 1.2498682277e+00 8.6285126569e+01
1.3261172265e+00 1.2417321510e+00 8.8853746852e+01
1.3514297286e+00 1.2535471935e+00 8.9189483384e+01
1.3067111467e+00 1.2541694062e+00 8.1149584901e+01
1.3104936756e+00 1.2817962406e+00 7.7080699799e+01
1.2884428069e+00 1.2855094682e+00 7.5303177292e+01
1.3125572798e+00 1.2596508176e+00 8.0642347542e+01
1.2645025470e+00 1.2855018634e+00 7.4003490889e+01
1.3200199046e+00 1.2644057094e+00 8.0433119990e+01
1.3410181938e+00 1.2705290697e+00 8.1186923776e+01
1.2850366758e+00 1.3216917979e+00 7.1581045961e+01
1.3029547354e+00 1.3077161639e+00 7.3714790034e+01
1.3342171302e+00 1.2488985413e+00 8.6374684998e+01
1.3115171875e+00 1.2467516842e+00 8.3361979075e+01
1.2623489391e+00 1.3098591582e+00 7.1599198379e+01
1.3478008093e+00 1.2966807900e+00 7.7524079068e+01
1.3229575532e+00 1.2444560878e+00 8.5946605487e+01
1.3305957049e+00 1.2442288069e+00 8.8378926216e+01
1.2446412523e+00 1.3105817808e+00 7.0763901210e+01
1.3059724393e+00 1.2323030808e+00 8.8596120629e+01
1.3277563860e+00 1.2549226873e+00 8.3263520051e+01
1.3146559597e+00 1.2449186416e+00 8.4324110442e+01
1.3297649209e+00 1.2502950792e+00 8.4936720171e+01
1.3222181239e+00 1.2417105130e+00 8.7192030493e+01
1.3051810259e+00 1.2713882548e+00 7.8149888534e+01
1.3221927365e+00 1.2552490763e+00 8.2522162191e+01
1.3265933810e+00 1.2700690323e+00 7.9994655462e+01
1.3288932382e+00 1.2577161052e+00 8.2700475693e+01
1.3094070241e+00 1.2532151431e+00 8.1608522897e+01
1.3347091787e+00 1.2532106974e+00 8.4745454571e+01
1.3713286824e+00 1.2634779232e+00 8.8378926216e+01
1.3194713747e+00 1.2885710201e+00 7.6776526866e+01
1.2921416197e+00 1.2735293220e+00 7.6978533067e+01
1.3045908369e+00 1.2842028507e+00 7.6405711507e+01
1.3547070359e+00 1.2612235193e+00 8.5272615194e+01
1.2921305790e+00 1.2678793148e+00 7.7738183355e+01
1.3021911342e+00 1.2931592721e+00 7.5213062491e+01
1.3723983373e+00 1.2641664788e+00 8.8187569297e+01
1.3342231951e+00 1.2454003789e+00 8.9189483384e+01
1.3142182622e+00 1.2375252938e+00 8.7436729029e+01
1.2843141261e+00 1.2848426086e+00 7.5145827200e+01
1.3401203808e+00 1.2552300255e+00 8.4936720171e+01
1.2788008829e+00 1.2568706658e+00 7.8375337009e+01
1.2906979621e+00 1.2902349640e+00 7.4901801823e+01
1.3366382082e+00 1.2469140862e+00 8.8596120629e+01
1.2777478010e+00 1.3001303149e+00 7.3211267821e+01
1.3234392804e+00 1.2649174891e+00 8.0642347542e+01
1.3375267532e+00 1.2473355575e+00 8.8596120629e+01
1.2936954979e+00 1.3112814241e+00 7.2916077488e+01
1.2857619058e+00 1.3170261287e+00 7.2021586718e+01
1.3531308618e+00 1.2597311320e+00 8.5559543476e+01
1.3404541294e+00 1.2544589904e+00 8.5272615194e+01
1.2823144570e+00 1.2755192209e+00 7.6116057475e+01
1.3315512568e+00 1.2734256653e+00 7.9830999012e+01
1.3028179964e+00 1.2872865925e+00 7.5926202551e+01
1.2828462778e+00 1.3033262705e+00 7.3151828116e+01
1.3187294164e+00 1.2626400095e+00 8.0642347542e+01
1.3617660234e+00 1.2638163943e+00 8.5559543476e+01
1.3132642771e+00 1.2554566472e+00 8.1530319164e+01
1.3214427521e+00 1.2398731675e+00 8.8378926216e+01
1.3341824366e+00 1.2498065054e+00 8.5946605487e+01
1.2967769322e+00 1.2614919394e+00 7.9018826610e+01
1.3128844130e+00 1.2427736659e+00 8.4745454571e+01
1.2697787335e+00 1.2606875459e+00 7.7209536111e+01
1.3000601816e+00 1.2373472491e+00 8.4500744095e+01
1.3091722700e+00 1.2687058459e+00 7.8839697086e+01
1.3366300343e+00 1.2674712591e+00 8.1376023555e+01
1.3462200331e+00 1.2521920668e+00 8.7855467302e+01
1.2978255025e+00 1.2560925415e+00 7.9994655462e+01
1.3121770872e+00 1.2661373563e+00 7.9479819877e+01
1.3328738762e+00 1.2493686233e+00 8.5866297957e+01
1.3061009760e+00 1.2796348018e+00 7.7080699799e+01
1.3137375425e+00 1.2358321432e+00 8.8853746852e+01
1.3031185956e+00 1.2813070184e+00 7.6676652104e+01
1.2992859915e+00 1.2442001435e+00 8.2522162191e+01
1.2724236901e+00 1.2701937618e+00 7.6163920146e+01
1.3173233793e+00 1.3227590303e+00 7.2955149477e+01
1.3389967284e+00 1.2914160619e+00 7.7657465783e+01
1.2759123254e+00 1.2910656038e+00 7.4024306706e+01
1.3231948990e+00 1.2581745270e+00 8.1969790983e+01
1.3347980580e+00 1.2798172525e+00 7.9048962842e+01
1.3109419691e+00 1.2730469728e+00 7.8318572690e+01
1.3608324300e+00 1.2581678870e+00 8.8853746852e+01
1.3438017134e+00 1.2673073558e+00 8.2135643310e+01
1.3286394475e+00 1.2579698959e+00 8.2610784034e+01
1.3458242726e+00 1.2780023797e+00 8.0228330525e+01
1.3878918052e+00 1.2706835965e+00 8.9189483384e+01
1.3187254233e+00 1.2452032136e+00 8.4872174373e+01
1.2692675288e+00 1.3134115445e+00 7.1599198379e+01
1.3004594563e+00 1.2796005437e+00 7.6726497234e+01
1.3079133136e+00 1.2852509056e+00 7.6479075887e+01
1.3349207383e+00 1.2630539031e+00 8.2135643310e+01
1.3367679062e+00 1.2660201283e+00 8.1687457017e+01
1.3014736943e+00 1.2724785809e+00 7.7738183355e+01
1.3847624092e+00 1.2694059972e+00 8.8853746852e+01
1.2551269479e+00 1.2779415205e+00 7.4297357720e+01
1.2639297920e+00 1.2825975128e+00 7.4276189762e+01
1.3089974926e+00 1.2505771087e+00 8.2135643310e+01
1.3474649772e+00 1.3040604020e+00 7.6552833021e+01
1.2828180223e+00 1.2994244773e+00 7.3531797916e+01
1.3329295959e+00 1.2462575767e+00 8.7568287925e+01
1.2399337511e+00 1.3087665593e+00 7.0711767977e+01
1.3423747544e+00 1.2516638659e+00 8.6966995687e+01
1.2739021306e+00 1.2996140632e+00 7.3072890473e+01
1.3472689406e+00 1.2563945753e+00 8.5787518542e+01
1.3278893045e+00 1.2425750092e+00 8.8853746852e+01
1.3357720938e+00 1.2617651137e+00 8.2522162191e+01
1.2471425508e+00 1.2750893475e+00 7.4170763875e+01
1.3359853930e+00 1.2611144051e+00 8.2700475693e+01
1.3179607205e+00 1.2634087055e+00 8.0433119990e+01
1.2963915886e+00 1.2284396740e+00 8.7855467302e+01
1.3406069174e+00 1.2999153013e+00 7.6651798080e+01
1.3340292654e+00 1.2521432830e+00 8.5002097282e+01
1.3232469458e+00 1.2804165701e+00 7.8122004123e+01
1.3229945332e+00 1.2522661339e+00 8.3361979075e+01
1.3287155894e+00 1.2509079846e+00 8.4560892485e+01
1.3467364881e+00 1.2656872377e+00 8.2837107130e+01
1.3049347889e+00 1.2476784882e+00 8.2347979715e+01
1.3223160105e+00 1.2564347852e+00 8.2262350168e+01
1.3194538723e+00 1.2418620472e+00 8.6374684998e+01
1.3523219685e+00 1.2539685804e+00 8.9189483384e+01
1.3022991074e+00 1.2816898346e+00 7.6577507130e+01
1.3389734785e+00 1.3011089311e+00 7.6405711507e+01
1.3193421185e+00 1.2602814555e+00 8.1149584901e+01
1.3448400685e+00 1.2952423411e+00 7.7524079068e+01
1.3224974831e+00 1.3074760602e+00 7.4748499176e+01
1.3418012472e+00 1.2491773989e+00 8.8853746852e+01
1.3420751060e+00 1.2642154429e+00 8.2655493698e+01
1.2681393109e+00 1.2970960176e+00 7.3033555363e+01
1.3085419930e+00 1.2999384246e+00 7.4814015260e+01
1.3470736182e+00 1.2732426784e+00 8.1224420262e+01
1.3580342730e+00 1.2684261741e+00 8.3512456048e+01
1.2793190412e+00 1.3116596049e+00 7.2208255597e+01
1.2782005201e+00 1.2791979886e+00 7.5439372000e+01
1.3211008930e+00 1.2856275806e+00 7.7261429339e+01
1.3274001299e+00 1.2793283438e+00 7.8576202428e+01
1.3510562374e+00 1.2600528318e+00 8.5068338769e+01
1.3331151113e+00 1.2565524859e+00 8.3512456048e+01
1.3038090558e+00 1.2544598158e+00 8.0820312794e+01
1.3277246317e+00 1.2470998801e+00 8.5787518542e+01
1.3171044626e+00 1.2520522721e+00 8.2700475693e+01
1.3093201182e+00 1.2537375142e+00 8.1491484890e+01
1.2936790296e+00 1.3108600659e+00 7.2955149477e+01
1.3383550651e+00 1.2609320253e+00 8.3023421435e+01
1.3343795398e+00 1.2605335799e+00 8.2655493698e+01
1.3877063262e+00 1.2752785074e+00 8.5866297957e+01
1.3165119794e+00 1.2644209466e+00 8.0127513527e+01
1.3096490938e+00 1.2629950110e+00 7.9798579510e+01
1.3105241122e+00 1.2403498216e+00 8.5203558584e+01
1.3107621564e+00 1.2388075293e+00 8.5866297957e+01
1.3283090901e+00 1.2425911325e+00 8.9189483384e+01
1.3060957628e+00 1.2321797574e+00 8.8853746852e+01
1.3075516268e+00 1.2541996839e+00 8.1224420262e+01
1.3605923716e+00 1.2597239249e+00 8.7311596302e+01
1.3251847654e+00 1.2531296781e+00 8.3411757846e+01
1.3300160486e+00 1.2500439515e+00 8.5068338769e+01
1.2798981911e+00 1.3119546105e+00 7.2208255597e+01
1.3206048944e+00 1.2708108172e+00 7.9386038170e+01
1.3112505841e+00 1.2683729899e+00 7.9048962842e+01
1.3001004181e+00 1.2507735157e+00 8.1186923776e+01
1.3090780937e+00 1.2779680694e+00 7.7497569815e+01
1.3505126626e+00 1.2667333579e+00 8.3023421435e+01
1.2534056908e+00 1.2957292949e+00 7.2453796832e+01
1.2955341915e+00 1.2666525351e+00 7.8149888534e+01
1.3643320085e+00 1.2603724776e+00 8.8187569297e+01
1.2300090416e+00 1.3469964928e+00 6.7496731246e+01
1.3495626857e+00 1.2755807539e+00 8.1001766381e+01
1.3038521418e+00 1.2858154554e+00 7.6163920146e+01
1.3210159177e+00 1.3120328685e+00 7.4191794234e+01
1.3430692789e+00 1.2540305193e+00 8.5946605487e+01
1.2910939083e+00 1.2850391433e+00 7.5507938852e+01
1.3375059946e+00 1.2622186280e+00 8.2610784034e+01
1.3311870311e+00 1.2445098159e+00 8.8378926216e+01
1.2680883003e+00 1.2993253407e+00 7.2818774681e+01
1.3280369420e+00 1.2498411739e+00 8.4808428882e+01
1.3728210698e+00 1.2716605295e+00 8.4621711461e+01
1.3335798359e+00 1.2569617694e+00 8.3461913920e+01
1.3173138700e+00 1.2527145594e+00 8.2566341788e+01
1.3430692789e+00 1.2540305193e+00 8.5946605487e+01
1.3100117436e+00 1.2958409052e+00 7.5348437930e+01
1.2530871148e+00 1.2947439192e+00 7.2530020127e+01
1.3445225840e+00 1.2674628985e+00 8.2177652292e+01
1.2629925125e+00 1.3127043345e+00 7.1382496961e+01
1.3034133416e+00 1.3116403593e+00 7.3350761860e+01
1.2757400336e+00 1.3287990618e+00 7.0590647641e+01
1.3013446475e+00 1.2691196662e+00 7.8205852297e+01
1.3213193313e+00 1.3095327306e+00 7.4467713732e+01
1.3379745652e+00 1.2499453109e+00 8.6757527902e+01
1.2871263016e+00 1.2580974964e+00 7.8810117472e+01
1.3438688920e+00 1.2536683154e+00 8.6285126569e+01
1.2196664281e+00 1.3225167193e+00 6.8821982999e+01
1.3176154350e+00 1.2825467442e+00 7.7444716555e+01
1.3234428227e+00 1.2592362505e+00 8.1767142530e+01
1.3041441186e+00 1.2903317391e+00 7.5646033984e+01
1.3437667925e+00 1.2655897443e+00 8.2522162191e+01
1.3326930854e+00 1.2578485198e+00 8.3118460360e+01
1.3494742334e+00 1.2572542402e+00 8.5866297957e+01
1.3432671676e+00 1.3012144317e+00 7.6651798080e+01
1.3450087404e+00 1.2783790318e+00 8.0094133635e+01
1.3116755083e+00 1.2535598202e+00 8.1767142530e+01
1.3328073153e+00 1.2831232400e+00 7.8403821928e+01
1.3426918031e+00 1.2544079951e+00 8.5710183053e+01
1.3138694582e+00 1.2504947179e+00 8.2700475693e+01
1.3553992861e+00 1.2899624442e+00 7.9018826610e+01
1.3089385091e+00 1.2798551784e+00 7.7235456792e+01
1.3241185892e+00 1.2646750984e+00 8.0748719456e+01
1.3408507407e+00 1.2702583285e+00 8.1224420262e+01
1.2997447675e+00 1.2572185967e+00 7.9961712929e+01
1.3158699901e+00 1.2445752209e+00 8.4621711461e+01
1.2776479900e+00 1.3085245583e+00 7.2415805206e+01
1.3597658821e+00 1.2574801384e+00 8.9189483384e+01
1.3353108009e+00 1.2600396054e+00 8.2883230736e+01
1.3330127703e+00 1.2636496430e+00 8.1807273904e+01
1.3471570095e+00 1.2530051697e+00 8.7568287925e+01
1.2822667039e+00 1.3196459473e+00 7.1635555180e+01
1.3191538184e+00 1.2823211780e+00 7.7577264583e+01
1.3253854351e+00 1.2590401789e+00 8.2010933342e+01
1.3365591262e+00 1.2522345613e+00 8.5413839657e+01
1.2996063251e+00 1.2382351380e+00 8.4152793230e+01
1.3427422045e+00 1.2977800143e+00 7.7055083817e+01
1.3571537393e+00 1.2592152799e+00 8.6657708378e+01
1.2980821194e+00 1.2514875663e+00 8.0856317856e+01
1.3355623929e+00 1.2611000204e+00 8.2655493698e+01
1.3530675372e+00 1.2567270959e+00 8.6966995687e+01
1.3324016668e+00 1.2782692325e+00 7.9109482420e+01
1.3264761466e+00 1.2855093359e+00 7.7630675173e+01
1.3145290708e+00 1.2642217249e+00 7.9994655462e+01
1.3408742125e+00 1.2996480062e+00 7.6701551736e+01
1.3036093995e+00 1.2843104766e+00 7.6332733555e+01
1.3359459096e+00 1.2580927107e+00 8.3461913920e+01
1.3226553478e+00 1.2556590957e+00 8.2478240615e+01
1.3124084821e+00 1.2737640662e+00 7.8318572690e+01
1.3331244906e+00 1.2491180089e+00 8.6028533830e+01
1.2745455336e+00 1.2980985713e+00 7.3251008096e+01
1.2636747637e+00 1.3255558664e+00 7.0350560793e+01
1.3222078151e+00 1.2609078564e+00 8.1299894225e+01
1.3220263187e+00 1.2693893929e+00 7.9734044399e+01
1.2986813899e+00 1.2709111798e+00 7.7765205727e+01
1.3156840279e+00 1.2630667679e+00 8.0296118030e+01
1.3052999637e+00 1.2407928141e+00 8.4209337681e+01
1.3443656747e+00 1.2606112473e+00 8.3877872787e+01
1.2390748786e+00 1.3707197545e+00 6.6284394945e+01
1.3127361280e+00 1.2490151827e+00 8.2929653666e+01
1.2788810493e+00 1.2859186907e+00 7.4726721458e+01
1.3258981421e+00 1.2952955965e+00 7.6332733555e+01
1.3360479900e+00 1.2514350173e+00 8.5634214754e+01
1.3481958932e+00 1.2559054003e+00 8.6197674093e+01
1.3249363341e+00 1.2411702455e+00 8.8853746852e+01
1.3241593778e+00 1.2711910285e+00 7.9606163389e+01
1.3308653347e+00 1.2513771649e+00 8.4745454571e+01
1.3236167199e+00 1.2581892305e+00 8.2010933342e+01
1.3354080040e+00 1.2665046473e+00 8.1452825766e+01
1.3539143566e+00 1.2567565427e+00 8.7192030493e+01
1.3641611589e+00 1.2675695194e+00 8.4621711461e+01
1.3208683650e+00 1.2456738770e+00 8.5068338769e+01
1.3514090204e+00 1.2557574025e+00 8.7077348295e+01
1.3201624317e+00 1.2629532398e+00 8.0713127966e+01
1.3278718576e+00 1.2447722473e+00 8.6966995687e+01
1.3236837068e+00 1.2690433486e+00 7.9928877049e+01
1.3226504304e+00 1.2836401185e+00 7.7630675173e+01
1.2909046063e+00 1.2738951337e+00 7.6851921864e+01
1.3124623380e+00 1.2558228006e+00 8.1376023555e+01
1.3414415235e+00 1.2582830991e+00 8.4152793230e+01
1.3365559192e+00 1.2741149801e+00 8.0127513527e+01
1.3129858383e+00 1.2657649574e+00 7.9606163389e+01
1.3406613126e+00 1.2538145452e+00 8.5559543476e+01
1.3532793341e+00 1.3119111286e+00 7.5949796914e+01
1.3113174944e+00 1.2569676442e+00 8.1038494274e+01
1.2545289195e+00 1.2772383429e+00 7.4339777311e+01
1.3250760002e+00 1.2423376408e+00 8.7707378991e+01
1.3224516219e+00 1.2401705453e+00 8.8596120629e+01
1.3208141154e+00 1.2439856245e+00 8.5710183053e+01
1.2737661940e+00 1.2997499998e+00 7.3053211840e+01
1.3746996103e+00 1.2645032544e+00 8.9189483384e+01
1.3230271081e+00 1.2867675250e+00 7.7235456792e+01
1.2597750082e+00 1.2837111268e+00 7.3941201104e+01
1.3548830747e+00 1.2628014832e+00 8.4745454571e+01
1.3402710138e+00 1.2932171906e+00 7.7497569815e+01
1.3395543066e+00 1.2479287007e+00 8.9189483384e+01
1.3483911293e+00 1.2539592013e+00 8.7311596302e+01
1.3044912275e+00 1.2869244841e+00 7.6068356017e+01
1.2541342088e+00 1.3281082907e+00 6.9762314247e+01
1.3311327155e+00 1.2659670827e+00 8.1149584901e+01
1.3078835379e+00 1.3238471403e+00 7.2415805206e+01
1.3118801124e+00 1.2707989608e+00 7.8721838178e+01
1.2958162273e+00 1.2585367884e+00 7.9417207447e+01
1.3278588453e+00 1.2797455513e+00 7.8547294593e+01
1.3541071106e+00 1.2548113544e+00 8.9189483384e+01
1.3234833060e+00 1.2871875933e+00 7.7209536111e+01
1.3237102830e+00 1.2524227686e+00 8.3411757846e+01
1.2680158819e+00 1.2911234515e+00 7.3612882375e+01
1.3333019760e+00 1.2694860585e+00 8.0677671172e+01
1.3423053320e+00 1.2534823855e+00 8.6028533830e+01
1.3359846796e+00 1.2558681220e+00 8.4096788508e+01
1.3124287548e+00 1.2851084527e+00 7.6776526866e+01
1.3371771672e+00 1.2503058401e+00 8.6374684998e+01
1.2839555577e+00 1.3061490312e+00 7.2935602632e+01
1.2903601892e+00 1.2522572626e+00 8.0027705704e+01
1.3315814250e+00 1.2931230611e+00 7.6953114246e+01
1.3018818761e+00 1.3092271931e+00 7.3511587388e+01
1.3202697378e+00 1.2440944383e+00 8.5559543476e+01
1.3107465020e+00 1.2758628414e+00 7.7901209028e+01
1.3086531935e+00 1.2422207404e+00 8.4266437827e+01
1.3690929655e+00 1.2661531561e+00 8.6028533830e+01
1.3432992945e+00 1.2937051353e+00 7.7630675173e+01
1.2262948463e+00 1.3354564644e+00 6.8149799120e+01
1.3749380316e+00 1.2677835989e+00 8.6560781600e+01
1.3414022693e+00 1.2605103820e+00 8.3512456048e+01
1.2911699091e+00 1.2862719038e+00 7.5371119608e+01
1.3396017543e+00 1.2531253011e+00 8.5634214754e+01
1.3246169950e+00 1.2891216081e+00 7.7029517563e+01
1.3270590853e+00 1.2915026209e+00 7.6877148084e+01
1.3092010015e+00 1.2582126395e+00 8.0607155573e+01
1.3404901682e+00 1.2487404619e+00 8.8596120629e+01
1.2986165484e+00 1.2444352327e+00 8.2391153680e+01
1.3504321068e+00 1.2834955402e+00 7.9669908154e+01
1.3272024445e+00 1.2786502043e+00 7.8663362312e+01
1.2982470674e+00 1.2822493834e+00 7.6260135872e+01
1.2897850030e+00 1.2942039389e+00 7.4424954390e+01
1.3256509575e+00 1.2413269717e+00 8.9189483384e+01
1.3157619869e+00 1.2412013773e+00 8.5866297957e+01
1.2663397161e+00 1.3333849064e+00 6.9845341098e+01
1.3406151367e+00 1.2486154934e+00 8.8853746852e+01
1.3364451195e+00 1.2878204375e+00 7.7983538712e+01
1.3547976431e+00 1.2699068429e+00 8.2745735086e+01
1.3028766886e+00 1.3060417764e+00 7.3879145689e+01
1.2676843291e+00 1.2606141406e+00 7.7080699799e+01
1.3391330515e+00 1.2479131115e+00 8.8853746852e+01
1.3317733582e+00 1.2653264399e+00 8.1337875892e+01
1.2775117800e+00 1.3130298252e+00 7.2003022837e+01
1.2769775127e+00 1.2712881472e+00 7.6308492375e+01
1.2640324893e+00 1.2903205264e+00 7.3491400916e+01
1.3411644260e+00 1.2533114318e+00 8.5866297957e+01
1.3445254164e+00 1.2793012360e+00 7.9896146783e+01
1.3199975207e+00 1.2417537900e+00 8.6560781600e+01
1.2980557373e+00 1.2903010322e+00 7.5303177292e+01
1.3529757183e+00 1.2673405782e+00 8.3166473052e+01
1.3027415561e+00 1.2390073115e+00 8.4382373156e+01
1.2946838519e+00 1.2583643229e+00 7.9354959114e+01
1.2824091864e+00 1.2911070074e+00 7.4361029171e+01
1.3333421921e+00 1.3001460123e+00 7.6187912459e+01
1.2915112386e+00 1.3556110462e+00 6.9157762989e+01
1.3267691325e+00 1.2436951812e+00 8.7311596302e+01
1.2759946333e+00 1.2927262910e+00 7.3858512165e+01
1.3227814573e+00 1.2668861399e+00 8.0228330525e+01
1.3438900409e+00 1.2724789783e+00 8.1075372075e+01
1.3206441851e+00 1.2437199910e+00 8.5787518542e+01
1.3240662485e+00 1.2420403311e+00 8.7568287925e+01
1.3645769564e+00 1.2755054532e+00 8.2522162191e+01
1.3817626153e+00 1.2680012334e+00 8.8853746852e+01
1.3129497154e+00 1.2653647281e+00 7.9669908154e+01
1.2891545050e+00 1.2573727998e+00 7.9079181218e+01
1.2959488632e+00 1.2775673305e+00 7.6701551736e+01
1.3114276135e+00 1.2625246617e+00 8.0027705704e+01
1.3099287694e+00 1.2710041566e+00 7.8547294593e+01
1.3154104234e+00 1.2646495767e+00 7.9994655462e+01
1.3170622256e+00 1.2721684044e+00 7.8899089761e+01
1.3181625140e+00 1.2427180389e+00 8.5710183053e+01
1.3505814557e+00 1.2583370092e+00 8.5634214754e+01
1.3007005009e+00 1.3152300544e+00 7.2877092002e+01
1.3105956544e+00 1.2485436790e+00 8.2791277101e+01
1.2956248412e+00 1.2348414381e+00 8.4621711461e+01
1.3448728892e+00 1.2601040328e+00 8.4096788508e+01
1.3643162248e+00 1.2639005747e+00 8.6028533830e+01
1.3645501935e+00 1.2610322241e+00 8.7707378991e+01
1.3648029796e+00 1.2708826824e+00 8.3718672554e+01
1.3237861480e+00 1.2492939890e+00 8.4324110442e+01
1.3720203569e+00 1.2817074840e+00 8.1928856974e+01
1.3194697233e+00 1.2601538507e+00 8.1186923776e+01
1.2870073407e+00 1.2952351588e+00 7.4170763875e+01
1.2657828351e+00 1.3107864456e+00 7.1671981608e+01
1.3388872182e+00 1.2660897039e+00 8.1888128163e+01
1.3002826220e+00 1.2771591908e+00 7.7029517563e+01
1.2882046749e+00 1.3224662244e+00 7.1653759664e+01
1.3178583780e+00 1.2539137365e+00 8.2347979715e+01
1.3185250369e+00 1.2619714139e+00 8.0748719456e+01
1.3349167714e+00 1.2525662359e+00 8.5002097282e+01
1.2888550684e+00 1.2981910947e+00 7.3961938190e+01
1.3435569242e+00 1.2649234935e+00 8.2655493698e+01
1.3605342955e+00 1.2580274106e+00 8.8853746852e+01
1.3525656334e+00 1.2901559971e+00 7.8780614851e+01
1.2847541831e+00 1.3123456150e+00 7.2396839172e+01
1.2843615933e+00 1.3022477501e+00 7.3330764710e+01
1.3085022627e+00 1.2384595938e+00 8.5559543476e+01
1.3161902909e+00 1.2787228288e+00 7.7873888177e+01
1.2979626359e+00 1.2781704156e+00 7.6751488857e+01
1.3081851086e+00 1.2871652977e+00 7.6260135872e+01
1.3133864916e+00 1.2610018896e+00 8.0467675232e+01
1.2883418493e+00 1.2838662481e+00 7.5485048020e+01
1.3154276768e+00 1.2961195867e+00 7.5622927969e+01
1.2759004797e+00 1.2967436252e+00 7.3451099791e+01
1.3236004046e+00 1.2971546008e+00 7.5973430165e+01
1.3552413144e+00 1.2584972887e+00 8.6560781600e+01
1.3177948162e+00 1.2631381098e+00 8.0467675232e+01
1.3184484792e+00 1.2380797652e+00 8.8853746852e+01
1.2972545057e+00 1.3077224164e+00 7.3430984963e+01
1.3031157933e+00 1.2651693453e+00 7.8928904074e+01
1.3087734974e+00 1.2896386024e+00 7.5997102501e+01
1.2600305875e+00 1.2956274913e+00 7.2780002890e+01
1.2639041009e+00 1.3008956391e+00 7.2472822552e+01
1.3490694258e+00 1.2664226900e+00 8.2929653666e+01
1.3262256612e+00 1.3103391549e+00 7.4639912012e+01
1.2454558077e+00 1.3088972081e+00 7.0938669332e+01
1.2392634467e+00 1.3403601273e+00 6.8288848382e+01
1.3417493934e+00 1.2737427224e+00 8.0642347542e+01
1.2966524717e+00 1.3179628388e+00 7.2434791071e+01
1.3129789238e+00 1.2448547540e+00 8.4096788508e+01
1.3073184602e+00 1.2505152177e+00 8.1969790983e+01
1.3309450393e+00 1.2626563682e+00 8.1807273904e+01
1.3346317031e+00 1.2550358941e+00 8.4152793230e+01
1.3080368411e+00 1.2960644523e+00 7.5213062491e+01
1.2901180313e+00 1.3008606149e+00 7.3755727228e+01
1.2913842773e+00 1.2442872714e+00 8.1647897369e+01
1.2845749863e+00 1.2893772889e+00 7.4661569416e+01
1.2968242269e+00 1.2780002850e+00 7.6701551736e+01
1.3064791174e+00 1.2753268331e+00 7.7684313766e+01
1.2489619274e+00 1.2936555244e+00 7.2434791071e+01
1.3362949215e+00 1.2713094751e+00 8.0607155573e+01
1.3441381578e+00 1.2560240214e+00 8.5342693277e+01
1.3212455089e+00 1.2596874172e+00 8.1452825766e+01
1.3087705839e+00 1.2874544692e+00 7.6260135872e+01
1.3039680352e+00 1.2669321874e+00 7.8721838178e+01
1.3195096649e+00 1.2977363556e+00 7.5669176471e+01
1.3054412422e+00 1.2728732013e+00 7.7956033878e+01
1.3271274514e+00 1.2420292833e+00 8.9189483384e+01
1.3415325549e+00 1.2700147086e+00 8.1337875892e+01
1.3409780132e+00 1.2591841659e+00 8.3824351811e+01
1.2901382872e+00 1.2377266948e+00 8.3023421435e+01
1.3398630581e+00 1.2659895907e+00 8.2010933342e+01
1.3065156400e+00 1.2608980010e+00 7.9896146783e+01
1.3195438456e+00 1.2653184651e+00 8.0228330525e+01
1.3033486543e+00 1.2889412619e+00 7.5762114683e+01
1.3632408839e+00 1.2619025557e+00 8.6757527902e+01
1.3341291257e+00 1.2581607905e+00 8.3214823856e+01
1.3594789051e+00 1.2661035126e+00 8.4382373156e+01
1.3411089042e+00 1.2516181512e+00 8.6657708378e+01
1.3093574718e+00 1.2921175246e+00 7.5738824530e+01
1.3433487908e+00 1.2712665197e+00 8.1262076387e+01
1.3141659163e+00 1.2589142208e+00 8.0928753038e+01
1.3704317946e+00 1.2630564097e+00 8.8378926216e+01
1.3229015462e+00 1.2488705683e+00 8.4324110442e+01
1.2949932525e+00 1.2497960926e+00 8.0892464042e+01
1.3321834129e+00 1.2596693887e+00 8.2610784034e+01
1.3464719404e+00 1.2905324894e+00 7.8290292293e+01
1.3357874624e+00 1.2503850860e+00 8.6028533830e+01
1.3234761471e+00 1.2417591814e+00 8.7568287925e+01
1.3197535374e+00 1.2507107763e+00 8.3361979075e+01
1.3301147518e+00 1.2534375426e+00 8.3986338075e+01
1.3067707618e+00 1.2850820399e+00 7.6430123055e+01
1.3434961518e+00 1.2983456407e+00 7.7029517563e+01
1.3490439520e+00 1.2717110533e+00 8.1727204497e+01
1.2645406336e+00 1.3028730074e+00 7.2321172068e+01
1.3263224183e+00 1.2559200812e+00 8.2837107130e+01
1.3044875960e+00 1.2913001214e+00 7.5553826997e+01
1.2990959371e+00 1.2504737486e+00 8.1149584901e+01
1.3758164195e+00 1.2655854907e+00 8.8378926216e+01
1.3092781306e+00 1.2886965108e+00 7.6139968555e+01
1.2727733612e+00 1.2824496719e+00 7.4770307295e+01
1.3044333419e+00 1.3088669443e+00 7.3673952717e+01
1.3491591628e+00 1.2773012843e+00 8.0642347542e+01
1.3188641929e+00 1.2655614211e+00 8.0127513527e+01
1.3270092082e+00 1.2814712094e+00 7.8233932577e+01
1.3029674659e+00 1.2993828647e+00 7.4575117862e+01
1.3442574739e+00 1.2931865940e+00 7.7765205727e+01
1.3500592689e+00 1.2562312801e+00 8.6466509507e+01
1.2887278629e+00 1.3118718975e+00 7.2625754767e+01
1.2892479499e+00 1.2668451994e+00 7.7684313766e+01
1.3010475206e+00 1.2929910997e+00 7.5168205857e+01
1.3394908656e+00 1.2961947964e+00 7.7055083817e+01
1.3444714334e+00 1.2504416863e+00 8.8853746852e+01
1.3266699787e+00 1.2940850266e+00 7.6528203273e+01
1.3671740357e+00 1.2654353567e+00 8.5946605487e+01
1.2730487160e+00 1.3030843356e+00 7.2702712145e+01
1.3526089600e+00 1.2576237940e+00 8.6374684998e+01
1.2863293650e+00 1.2601979398e+00 7.8432376026e+01
1.3130976850e+00 1.2434305594e+00 8.4560892485e+01
1.3209199545e+00 1.2473651841e+00 8.4500744095e+01
1.3393963395e+00 1.2712745598e+00 8.0892464042e+01
1.2943098174e+00 1.3124186563e+00 7.2838192431e+01
1.3414962568e+00 1.2525423635e+00 8.6285126569e+01
1.3273703347e+00 1.2513804610e+00 8.4209337681e+01
1.3212669721e+00 1.2505051425e+00 8.3614735208e+01
1.3045076499e+00 1.2502803621e+00 8.1727204497e+01
1.3365591262e+00 1.2522345613e+00 8.5413839657e+01
1.3962836851e+00 1.2768520806e+00 8.7077348295e+01
1.3115183368e+00 1.2698510892e+00 7.8839697086e+01
1.2951495704e+00 1.2844740036e+00 7.5808807284e+01
1.3563229105e+00 1.3057798418e+00 7.6877148084e+01
1.2979651193e+00 1.2503005405e+00 8.1075372075e+01
1.3266896311e+00 1.2923106859e+00 7.6751488857e+01
1.3193558216e+00 1.2633232516e+00 8.0572093792e+01
1.3196360519e+00 1.2678469554e+00 7.9798579510e+01
1.3027287116e+00 1.2655564270e+00 7.8839697086e+01
1.3448278330e+00 1.2522719652e+00 8.7311596302e+01
1.3268442858e+00 1.2794462631e+00 7.8518458573e+01
1.2831891302e+00 1.2925077169e+00 7.4255049545e+01
1.3268010207e+00 1.2427915490e+00 8.8014565082e+01
1.3224015957e+00 1.2432693460e+00 8.6374684998e+01
1.3498675855e+00 1.2594889512e+00 8.5068338769e+01
1.3319270917e+00 1.2533719403e+00 8.4266437827e+01
1.3252315202e+00 1.2413107218e+00 8.8853746852e+01
1.3333118280e+00 1.2975402339e+00 7.6503617642e+01
1.3014215286e+00 1.2773292671e+00 7.7080699799e+01
1.3342231951e+00 1.2454003789e+00 8.9189483384e+01
1.3441746478e+00 1.2503012099e+00 8.8853746852e+01
1.2868065021e+00 1.2775576740e+00 7.6139968555e+01
1.2834011651e+00 1.3325293901e+00 7.0607906004e+01
1.3078109095e+00 1.3142603692e+00 7.3310790842e+01
1.3180954671e+00 1.2576013800e+00 8.1569331007e+01
1.3177353806e+00 1.2379226983e+00 8.8596120629e+01
1.3055757203e+00 1.3121088376e+00 7.3410893841e+01
1.2794208661e+00 1.2627622812e+00 7.7577264583e+01
1.3512595972e+00 1.2712504882e+00 8.2052287288e+01
1.3472506699e+00 1.2844800084e+00 7.9262255454e+01
1.3644555006e+00 1.2958833815e+00 7.8780614851e+01
1.3183064678e+00 1.2901739499e+00 7.6503617642e+01
1.3213282219e+00 1.2972334842e+00 7.5832210102e+01
1.2562997611e+00 1.2715652210e+00 7.5056640173e+01
1.2975748507e+00 1.2659182716e+00 7.8403821928e+01
1.2576515658e+00 1.2893102907e+00 7.3270912618e+01
1.3158937222e+00 1.2733369078e+00 7.8634235730e+01
1.3116179183e+00 1.2942347305e+00 7.5622927969e+01
1.3413351188e+00 1.2535780010e+00 8.5787518542e+01
1.3217842324e+00 1.2404024942e+00 8.8014565082e+01
1.2692060334e+00 1.2790596265e+00 7.4945882582e+01
1.3041020759e+00 1.2943100240e+00 7.5190617570e+01
1.3519916509e+00 1.2547368227e+00 8.8014565082e+01
1.3371614410e+00 1.2809616787e+00 7.9048962842e+01
1.3041447545e+00 1.2367356279e+00 8.5413839657e+01
1.2891491484e+00 1.3013924568e+00 7.3653571278e+01
1.2940422919e+00 1.2690153405e+00 7.7711219496e+01
1.2971490773e+00 1.2728793521e+00 7.7392081315e+01
1.3120621605e+00 1.2466419297e+00 8.3461913920e+01
1.3530888954e+00 1.2545155012e+00 8.8853746852e+01
1.3472826333e+00 1.2590079157e+00 8.4808428882e+01
1.3399942833e+00 1.2553561230e+00 8.4872174373e+01
1.2963915886e+00 1.2284396740e+00 8.7855467302e+01
1.3162985647e+00 1.2987551362e+00 7.5371119608e+01
1.3032534259e+00 1.2667750035e+00 7.8692562936e+01
1.2937323125e+00 1.2889467608e+00 7.5213062491e+01
1.3413982083e+00 1.2578888821e+00 8.4266437827e+01
1.3580112884e+00 1.2605504178e+00 8.6197674093e+01
1.3351683300e+00 1.2523146773e+00 8.5135479942e+01
1.3047084579e+00 1.2657558558e+00 7.8958797887e+01
1.3611382938e+00 1.2710317293e+00 8.3214823856e+01
1.2794328780e+00 1.2453983846e+00 8.0296118030e+01
1.3564100226e+00 1.2625902944e+00 8.5068338769e+01
1.3026281411e+00 1.2482457927e+00 8.1969790983e+01
1.3148993430e+00 1.2922670799e+00 7.6044565226e+01
1.3440564034e+00 1.2565433570e+00 8.5135479942e+01
1.2847376586e+00 1.2848549111e+00 7.5168205857e+01
1.2904611725e+00 1.3053265449e+00 7.3330764710e+01
1.2884248268e+00 1.2707145066e+00 7.7106365806e+01
1.2774121527e+00 1.3196876455e+00 7.1418444511e+01
1.3162628509e+00 1.2372202461e+00 8.8596120629e+01
1.3399626544e+00 1.2615123420e+00 8.3070778751e+01
1.3069798961e+00 1.3054438298e+00 7.4149760707e+01
1.3155084619e+00 1.2846537173e+00 7.7029517563e+01
1.3262436130e+00 1.2861801129e+00 7.7524079068e+01
1.3094426636e+00 1.2592782607e+00 8.0433119990e+01
1.3411997879e+00 1.2524016195e+00 8.6285126569e+01
1.3348894708e+00 1.2587119366e+00 8.3166473052e+01
1.2964065381e+00 1.2653447727e+00 7.8403821928e+01
1.2775821815e+00 1.3107745880e+00 7.2208255597e+01
1.3260866555e+00 1.2771391075e+00 7.8810117472e+01
1.3029406275e+00 1.2631659520e+00 7.9231529518e+01
1.3383958626e+00 1.2573918549e+00 8.3986338075e+01
1.3026339795e+00 1.2660869448e+00 7.8751188620e+01
1.3778773507e+00 1.2674843796e+00 8.7568287925e+01
1.3185574906e+00 1.2715470983e+00 7.9109482420e+01
1.3381653415e+00 1.2528133046e+00 8.5486104849e+01
1.2928554128e+00 1.2736868292e+00 7.7004000743e+01
1.3321737100e+00 1.2623021477e+00 8.2010933342e+01
1.3559495562e+00 1.2648054492e+00 8.4266437827e+01
1.2925506971e+00 1.2548457358e+00 7.9766261626e+01
1.3312340826e+00 1.2829428619e+00 7.8318572690e+01
1.2932292378e+00 1.2641692709e+00 7.8346920764e+01
1.3087915968e+00 1.2856842610e+00 7.6479075887e+01
1.3819303507e+00 1.2770858846e+00 8.4266437827e+01
1.3055211884e+00 1.2479619086e+00 8.2347979715e+01
1.2484448222e+00 1.3337976773e+00 6.9109478924e+01
1.3564605618e+00 1.2656107168e+00 8.4096788508e+01
1.2534346715e+00 1.3301176229e+00 6.9580793836e+01
1.3384791355e+00 1.2568712708e+00 8.4152793230e+01
1.3269532025e+00 1.2740841636e+00 7.9354959114e+01
1.3283558023e+00 1.2429803540e+00 8.8596120629e+01
1.3109316724e+00 1.2695647783e+00 7.8839697086e+01
1.3363146648e+00 1.2537899242e+00 8.4808428882e+01
1.3130694412e+00 1.2469404526e+00 8.3512456048e+01
1.3318473940e+00 1.2551987691e+00 8.3718672554e+01
1.2908595390e+00 1.2931294030e+00 7.4596686360e+01
1.3102722130e+00 1.2636800622e+00 7.9734044399e+01
1.3263336098e+00 1.2628970202e+00 8.1299894225e+01
1.2807398221e+00 1.3378218841e+00 7.0079580337e+01
1.3219466737e+00 1.2716547337e+00 7.9354959114e+01
1.3483119050e+00 1.2869342166e+00 7.8958797887e+01
1.3269689887e+00 1.2964187835e+00 7.6260135872e+01
1.3690929655e+00 1.2661531561e+00 8.6028533830e+01
1.3021248153e+00 1.2718274599e+00 7.7873888177e+01
1.3146597301e+00 1.2540611942e+00 8.1969790983e+01
1.3248268797e+00 1.2473812177e+00 8.5135479942e+01
1.2552692503e+00 1.2895200948e+00 7.3132060082e+01
1.2722927887e+00 1.2703246631e+00 7.6139968555e+01
1.3157123723e+00 1.2835747181e+00 7.7183666982e+01
1.3302426492e+00 1.2585510383e+00 8.2655493698e+01
1.3547487511e+00 1.2554840028e+00 8.8596120629e+01
1.3255935866e+00 1.2763190646e+00 7.8899089761e+01
1.3003867930e+00 1.3045901290e+00 7.3899804954e+01
1.3294861802e+00 1.2772422934e+00 7.9048962842e+01
1.3040662278e+00 1.2890979913e+00 7.5785442206e+01
1.3441596967e+00 1.2708940042e+00 8.1414339425e+01
1.2926007396e+00 1.2865864329e+00 7.5416586482e+01
1.3557247578e+00 1.2887568416e+00 7.9231529518e+01
1.3007634475e+00 1.3007115489e+00 7.4318553532e+01
1.2761974277e+00 1.2742417320e+00 7.5902646881e+01
1.2432106777e+00 1.2803207911e+00 7.3430984963e+01
1.3315776217e+00 1.2891773836e+00 7.7471115761e+01
1.3223101229e+00 1.2424896171e+00 8.6757527902e+01
1.2772406327e+00 1.2818987007e+00 7.5078888084e+01
1.2598799603e+00 1.3315357513e+00 6.9729194748e+01
1.3302426492e+00 1.2585510383e+00 8.2655493698e+01
1.3089229491e+00 1.2724464768e+00 7.8262079083e+01
1.2778188405e+00 1.3337284231e+00 7.0282480527e+01
1.3266775091e+00 1.2621161784e+00 8.1491484890e+01
1.3032302798e+00 1.2715942321e+00 7.7983538712e+01
1.2915903728e+00 1.2358411464e+00 8.3718672554e+01
1.3206302547e+00 1.2563752798e+00 8.2093856142e+01
1.3129010426e+00 1.2466735586e+00 8.3563393325e+01
1.2897850030e+00 1.2942039389e+00 7.4424954390e+01
1.3671740357e+00 1.2654353567e+00 8.5946605487e+01
1.2940700180e+00 1.3222990012e+00 7.1928951707e+01
1.3236688172e+00 1.2533367172e+00 8.3166473052e+01
1.3178869602e+00 1.2687223832e+00 7.9511264665e+01
1.2925338593e+00 1.2731370824e+00 7.7055083817e+01
1.3508030989e+00 1.2603059703e+00 8.4936720171e+01
1.3483669728e+00 1.2561721227e+00 8.6112185454e+01
1.3346271150e+00 1.2537296545e+00 8.4560892485e+01
1.2985501062e+00 1.2505848795e+00 8.1075372075e+01
1.3720924254e+00 1.2701892739e+00 8.5002097282e+01
1.2798418462e+00 1.2906224675e+00 7.4276189762e+01
1.3459575662e+00 1.2690961347e+00 8.1969790983e+01
1.3352272222e+00 1.2592486355e+00 8.3070778751e+01
1.3297678858e+00 1.2896710666e+00 7.7287454070e+01
1.2930972516e+00 1.3105662643e+00 7.2955149477e+01
1.3175704070e+00 1.2699126003e+00 7.9293068528e+01
1.2713114200e+00 1.2682664200e+00 7.6332733555e+01
1.3310872781e+00 1.2585803191e+00 8.2745735086e+01
1.2926036636e+00 1.2966269665e+00 7.4318553532e+01
1.3242503500e+00 1.2497019252e+00 8.4266437827e+01
1.3414415235e+00 1.2582830991e+00 8.4152793230e+01
1.3388968647e+00 1.2494599049e+00 8.7311596302e+01
1.3178491759e+00 1.2460794610e+00 8.4441244525e+01
1.3268788329e+00 1.2422779018e+00 8.8596120629e+01
1.2945867778e+00 1.3086389851e+00 7.3211267821e+01
1.3228188475e+00 1.2821580746e+00 7.7846627825e+01
1.3062326829e+00 1.2834349144e+00 7.6602225844e+01
1.2921029275e+00 1.2831577396e+00 7.5785442206e+01
1.3095528753e+00 1.2391474351e+00 8.5486104849e+01
1.3212849942e+00 1.2600844317e+00 8.1376023555e+01
1.3473137109e+00 1.2567875825e+00 8.5634214754e+01
1.2759192009e+00 1.2971609361e+00 7.3410893841e+01
1.2819147822e+00 1.2511536862e+00 7.9511264665e+01
1.3532729740e+00 1.2674820314e+00 8.3166473052e+01
1.2635015079e+00 1.3235446552e+00 7.0504576168e+01
1.3133719996e+00 1.2653787962e+00 7.9701926885e+01
1.2877104836e+00 1.3255898026e+00 7.1364548270e+01
1.2965545326e+00 1.2369477206e+00 8.4096788508e+01
1.3027645834e+00 1.2537636610e+00 8.0856317856e+01
1.3411722773e+00 1.2721280089e+00 8.0892464042e+01
1.3240476044e+00 1.2529579300e+00 8.3312569183e+01
1.3401258803e+00 1.2565365330e+00 8.4500744095e+01
1.3286807210e+00 1.2583654420e+00 8.2522162191e+01
1.3057528891e+00 1.2529512011e+00 8.1299894225e+01
1.2443803111e+00 1.2756861321e+00 7.3961938190e+01
1.2959778430e+00 1.2779744321e+00 7.6651798080e+01
1.3378485320e+00 1.2807131742e+00 7.9139867144e+01
1.3113695482e+00 1.2368961117e+00 8.6966995687e+01
1.3142050283e+00 1.2510303002e+00 8.2610784034e+01
1.3291203750e+00 1.2925121214e+00 7.6877148084e+01
1.2715439352e+00 1.2675997733e+00 7.6430123055e+01
1.3196897435e+00 1.2451099964e+00 8.5068338769e+01
1.3368532087e+00 1.3036690101e+00 7.5973430165e+01
1.3722717744e+00 1.2642930417e+00 8.8014565082e+01
1.2697739406e+00 1.2724092068e+00 7.5738824530e+01
1.3453835262e+00 1.2622208704e+00 8.3563393325e+01
1.3474870592e+00 1.2522375633e+00 8.8378926216e+01
1.3382539761e+00 1.2855726763e+00 7.8432376026e+01
1.3000801071e+00 1.2534029899e+00 8.0677671172e+01
1.3607785615e+00 1.2911872613e+00 7.9231529518e+01
1.3101293728e+00 1.2887202100e+00 7.6187912459e+01
1.3536879807e+00 1.2609273297e+00 8.5203558584e+01
1.3574808007e+00 1.2659069716e+00 8.4152793230e+01
1.2723598288e+00 1.3173077684e+00 7.1400462359e+01
1.3469427147e+00 1.2966588514e+00 7.7471115761e+01
1.3149021049e+00 1.2699602058e+00 7.9079181218e+01
1.3487900056e+00 1.2561869165e+00 8.6197674093e+01
1.2544554507e+00 1.3417696024e+00 6.8758599476e+01
1.3037604035e+00 1.2645247350e+00 7.9079181218e+01
1.2760481190e+00 1.2661350283e+00 7.6902422036e+01
1.3023462367e+00 1.2746592978e+00 7.7497569815e+01
1.2970201150e+00 1.2970185053e+00 7.4510588199e+01
1.3420192164e+00 1.2498335853e+00 8.8187569297e+01
1.3047391373e+00 1.2783765342e+00 7.7157849094e+01
1.3450325334e+00 1.2516298800e+00 8.7855467302e+01
1.3245342585e+00 1.2603280523e+00 8.1647897369e+01
1.3319878600e+00 1.2835042558e+00 7.8290292293e+01
1.3497386950e+00 1.2534870679e+00 8.8187569297e+01
1.2624267257e+00 1.3285519204e+00 7.0062761447e+01
1.3008107619e+00 1.2962890362e+00 7.4792145946e+01
1.3223624771e+00 1.2515897980e+00 8.3461913920e+01
1.2856459291e+00 1.3057697825e+00 7.3053211840e+01
1.2933557662e+00 1.2710084099e+00 7.7392081315e+01
1.3457183256e+00 1.2526937742e+00 8.7311596302e+01
1.3097577891e+00 1.3013512801e+00 7.4726721458e+01
1.2598469475e+00 1.2797308924e+00 7.4361029171e+01
1.3077199537e+00 1.2955058093e+00 7.5258052561e+01
1.3341723074e+00 1.2743081102e+00 7.9896146783e+01
1.2690479422e+00 1.3223677694e+00 7.0833624397e+01
1.3462430987e+00 1.2547942674e+00 8.6285126569e+01
1.3551959142e+00 1.2581043721e+00 8.6757527902e+01
1.3161562466e+00 1.2434183547e+00 8.5068338769e+01
1.3339525326e+00 1.2618351848e+00 8.2305046547e+01
1.3412680726e+00 1.2505847290e+00 8.7311596302e+01
1.3287517355e+00 1.2893713843e+00 7.7261429339e+01
1.2671689073e+00 1.2910999644e+00 7.3572291496e+01
1.3589277606e+00 1.2675326865e+00 8.3877872787e+01
1.3210143826e+00 1.2546824644e+00 8.2522162191e+01
1.3787207320e+00 1.2763288784e+00 8.4041308295e+01
1.2855250982e+00 1.2862470163e+00 7.5056640173e+01
1.3211082000e+00 1.2611342996e+00 8.1149584901e+01
1.3393133463e+00 1.2542880612e+00 8.5135479942e+01
1.3089988641e+00 1.2806687331e+00 7.7132082137e+01
1.3724697727e+00 1.2684922795e+00 8.5710183053e+01
1.2842895354e+00 1.2844313889e+00 7.5190617570e+01
1.3188402289e+00 1.2699534586e+00 7.9386038170e+01
1.3283757041e+00 1.2774769447e+00 7.8928904074e+01
1.2668529305e+00 1.2588449851e+00 7.7261429339e+01
1.2425846265e+00 1.3013358871e+00 7.1454459275e+01
1.3348428657e+00 1.2482728058e+00 8.6860516083e+01
1.3050315884e+00 1.3293355257e+00 7.1800028481e+01
1.2958397091e+00 1.2485152079e+00 8.1224420262e+01
1.2978801185e+00 1.3057833974e+00 7.3653571278e+01
1.2620841525e+00 1.3105599524e+00 7.1526692018e+01
1.3423212563e+00 1.2560908435e+00 8.5002097282e+01
1.3116916718e+00 1.3002938106e+00 7.4945882582e+01
1.3365951346e+00 1.2513247415e+00 8.5787518542e+01
1.3209040483e+00 1.2447668934e+00 8.5413839657e+01
1.3268524970e+00 1.2886396189e+00 7.7235456792e+01
1.2820954099e+00 1.3058244662e+00 7.2877092002e+01
1.3104764548e+00 1.2918738757e+00 7.5832210102e+01
1.3249766375e+00 1.2633801320e+00 8.1075372075e+01
1.3448418012e+00 1.2706503146e+00 8.1530319164e+01
1.3670192459e+00 1.2704248220e+00 8.4152793230e+01
1.2867796358e+00 1.2963360358e+00 7.4045148973e+01
1.3379500794e+00 1.2521545095e+00 8.5710183053e+01
1.3041464767e+00 1.2881434395e+00 7.5902646881e+01
1.3481736150e+00 1.2533013814e+00 8.7707378991e+01
1.3110210442e+00 1.2852040089e+00 7.6676652104e+01
1.2581666252e+00 1.3027139278e+00 7.2040169152e+01
1.2912191544e+00 1.2540046435e+00 7.9798579510e+01
1.3344066544e+00 1.2802086561e+00 7.8958797887e+01
1.2782692628e+00 1.3197053786e+00 7.1454459275e+01
1.3228540510e+00 1.2423812775e+00 8.6966995687e+01
1.2980342630e+00 1.3030031031e+00 7.3941201104e+01
1.3195263301e+00 1.2666462182e+00 7.9994655462e+01
1.3142742838e+00 1.2872007126e+00 7.6626989411e+01
1.3227793836e+00 1.2747578239e+00 7.8928904074e+01
1.3336922873e+00 1.2468041634e+00 8.7436729029e+01
1.3064965429e+00 1.3103109647e+00 7.3633214528e+01
1.3190998305e+00 1.2400395029e+00 8.7311596302e+01
1.2884389294e+00 1.2637394749e+00 7.8066427965e+01
1.2624619599e+00 1.2788526527e+00 7.4596686360e+01
1.3202144183e+00 1.2498140111e+00 8.3666491536e+01
1.3091992194e+00 1.2896503635e+00 7.6020814122e+01
1.3210784862e+00 1.2594179645e+00 8.1491484890e+01
1.3155870558e+00 1.2470351114e+00 8.3824351811e+01
1.3595368318e+00 1.2603407804e+00 8.6657708378e+01
1.3444462345e+00 1.2587795284e+00 8.4441244525e+01
1.2976259778e+00 1.2793795567e+00 7.6577507130e+01
1.2832900996e+00 1.3037560635e+00 7.3132060082e+01
1.3581522814e+00 1.2630414573e+00 8.5203558584e+01
1.3261770416e+00 1.2482113396e+00 8.5068338769e+01
1.2706900881e+00 1.3505036505e+00 6.8742781764e+01
1.3570160172e+00 1.2764721872e+00 8.1530319164e+01
1.3514889743e+00 1.2552394994e+00 8.7436729029e+01
1.2418342243e+00 1.3051276322e+00 7.1097290340e+01
1.3181379186e+00 1.2401309531e+00 8.6966995687e+01
1.3060992556e+00 1.2945005048e+00 7.5280598016e+01
1.3242234245e+00 1.2768139416e+00 7.8721838178e+01
1.2855350906e+00 1.2840574791e+00 7.5303177292e+01
1.3402021906e+00 1.2547109291e+00 8.5135479942e+01
1.3156851560e+00 1.2587032252e+00 8.1112401649e+01
1.3458437902e+00 1.2525683097e+00 8.7436729029e+01
1.3269430692e+00 1.2824134675e+00 7.8094184084e+01
1.3198517593e+00 1.2702528296e+00 7.9417207447e+01
1.2907873869e+00 1.2466200438e+00 8.1112401649e+01
1.3098503710e+00 1.2636658228e+00 7.9701926885e+01
1.3347549229e+00 1.2684708400e+00 8.1001766381e+01
1.3140988807e+00 1.2908780413e+00 7.6163920146e+01
1.3112932411e+00 1.2596069816e+00 8.0537160751e+01
1.3583684490e+00 1.2575621063e+00 8.8187569297e+01
1.3660530826e+00 1.2630420399e+00 8.6860516083e+01
1.3040985585e+00 1.2812004735e+00 7.6751488857e+01
1.3329086382e+00 1.2484607877e+00 8.6285126569e+01
1.3142328091e+00 1.2736870670e+00 7.8460999819e+01
1.3229140863e+00 1.2623849457e+00 8.1075372075e+01
1.3464422902e+00 1.2642286091e+00 8.3166473052e+01
1.2830990464e+00 1.2378335044e+00 8.2177652292e+01
1.3149334683e+00 1.2826037392e+00 7.7261429339e+01
1.3139660522e+00 1.2932003707e+00 7.5879129711e+01
1.2994823738e+00 1.2544356702e+00 8.0433119990e+01
1.3372574028e+00 1.2804271551e+00 7.9139867144e+01
1.3249478023e+00 1.2804669708e+00 7.8233932577e+01
1.3058641243e+00 1.2977993916e+00 7.4901801823e+01
1.2855802768e+00 1.2896803904e+00 7.4683256707e+01
1.3017808375e+00 1.2887607678e+00 7.5692355604e+01
1.2901167833e+00 1.2620616210e+00 7.8432376026e+01
1.3399152604e+00 1.2637482555e+00 8.2522162191e+01
1.3482991027e+00 1.2531758937e+00 8.7855467302e+01
1.3388367083e+00 1.2477726352e+00 8.8853746852e+01
1.3602232614e+00 1.2614092350e+00 8.6285126569e+01
1.3526658531e+00 1.2545005698e+00 8.8596120629e+01
1.3273597690e+00 1.2439763873e+00 8.7311596302e+01
1.2737661940e+00 1.2997499998e+00 7.3053211840e+01
1.3371269393e+00 1.2805576186e+00 7.9109482420e+01
1.2399337511e+00 1.3087665593e+00 7.0711767977e+01
1.3252590384e+00 1.2648455505e+00 8.0820312794e+01
1.3390539558e+00 1.2532359604e+00 8.5486104849e+01
1.3246374984e+00 1.2545496741e+00 8.2976381855e+01
1.3377264278e+00 1.2878559898e+00 7.8066427965e+01
1.3480029589e+00 1.2591634640e+00 8.4872174373e+01
1.3004204490e+00 1.2569780596e+00 8.0060864731e+01
1.3190089847e+00 1.2641066868e+00 8.0398687958e+01
1.3596863101e+00 1.2579982478e+00 8.8378926216e+01
1.2831616408e+00 1.2590215065e+00 7.8375337009e+01
1.3319485598e+00 1.3006608326e+00 7.6044565226e+01
1.3247487819e+00 1.2431005956e+00 8.7077348295e+01
1.3236501036e+00 1.2599021908e+00 8.1647897369e+01
1.3243848087e+00 1.2534933072e+00 8.3214823856e+01
1.3041080353e+00 1.2720250163e+00 7.7983538712e+01
1.3582425473e+00 1.2576880080e+00 8.8014565082e+01
1.3270315843e+00 1.2508465316e+00 8.4324110442e+01
1.3296974167e+00 1.2967630304e+00 7.6381342894e+01
1.3053947524e+00 1.2777209192e+00 7.7287454070e+01
1.3261916976e+00 1.2447085251e+00 8.6560781600e+01
1.3220037391e+00 1.2807842954e+00 7.7983538712e+01
1.3360822731e+00 1.2816022848e+00 7.8869354308e+01
1.2914610582e+00 1.2864170576e+00 7.5371119608e+01
1.3286659855e+00 1.2444141516e+00 8.7436729029e+01
1.3009519777e+00 1.2403626349e+00 8.3718672554e+01
1.3043753465e+00 1.2791769480e+00 7.7029517563e+01
1.3391908189e+00 1.2706038142e+00 8.1001766381e+01
1.2935246672e+00 1.2677912523e+00 7.7846627825e+01
1.3048002068e+00 1.3106919090e+00 7.3511587388e+01
1.2849574746e+00 1.2772292521e+00 7.6068356017e+01
1.3640690921e+00 1.2654652285e+00 8.5342693277e+01
1.3112523288e+00 1.2806004728e+00 7.7287454070e+01
1.3344066544e+00 1.2802086561e+00 7.8958797887e+01
1.2605358661e+00 1.3016508606e+00 7.2245817191e+01
1.3283090901e+00 1.2425911325e+00 8.9189483384e+01
1.3180367645e+00 1.2672622675e+00 7.9766261626e+01
1.2942106111e+00 1.3033265964e+00 7.3714790034e+01
1.3384310606e+00 1.2551703468e+00 8.4683224036e+01
1.2882481698e+00 1.2448202986e+00 8.1224420262e+01
1.3294958137e+00 1.2842427894e+00 7.8011105717e+01
1.3041373967e+00 1.2925250166e+00 7.5393835738e+01
1.3614122739e+00 1.2936373365e+00 7.8899089761e+01
1.3624517098e+00 1.2798299895e+00 8.1376023555e+01
1.2764588708e+00 1.3289559024e+00 7.0607906004e+01
1.3121138993e+00 1.2771167308e+00 7.7819427566e+01
1.3127348623e+00 1.2743113008e+00 7.8262079083e+01
1.3168955063e+00 1.3016661999e+00 7.5078888084e+01
1.3383689265e+00 1.2473668514e+00 8.9189483384e+01
1.2783577178e+00 1.2690387151e+00 7.6676652104e+01
1.3558277967e+00 1.2899740355e+00 7.9048962842e+01
1.2595070384e+00 1.3236086331e+00 7.0333519508e+01
1.2956279970e+00 1.2770161078e+00 7.6751488857e+01
1.2931522696e+00 1.2568521407e+00 7.9479819877e+01
1.3284951510e+00 1.2441489539e+00 8.7568287925e+01
1.2790278457e+00 1.2648926680e+00 7.7261429339e+01
1.3083999630e+00 1.2529159565e+00 8.1569331007e+01
1.3119826053e+00 1.3057019526e+00 7.4382309227e+01
1.3138598674e+00 1.2600924078e+00 8.0677671172e+01
1.3045631615e+00 1.2724423730e+00 7.7956033878e+01
1.3294391352e+00 1.2659112711e+00 8.1001766381e+01
1.3039330482e+00 1.2586891190e+00 8.0060864731e+01
1.2307709811e+00 1.3105436316e+00 7.0180781220e+01
1.2813064071e+00 1.3074872804e+00 7.2683441722e+01
1.3250994458e+00 1.2523423670e+00 8.3614735208e+01
1.3223496835e+00 1.2476787459e+00 8.4621711461e+01
1.3125018112e+00 1.2562191131e+00 8.1299894225e+01
1.3350566440e+00 1.2602937623e+00 8.2791277101e+01
1.3303715108e+00 1.2558010376e+00 8.3361979075e+01
1.3305754571e+00 1.2525402144e+00 8.4324110442e+01
1.3282493707e+00 1.2846126231e+00 7.7873888177e+01
1.3326010449e+00 1.2789462187e+00 7.9018826610e+01
1.3290870082e+00 1.2758899139e+00 7.9231529518e+01
1.3195163792e+00 1.2872120945e+00 7.6953114246e+01
1.3066121855e+00 1.2717022580e+00 7.8205852297e+01
1.3157160034e+00 1.2482126335e+00 8.3512456048e+01
1.3803465683e+00 1.2769064789e+00 8.4096788508e+01
1.3308006728e+00 1.2921482438e+00 7.7029517563e+01
1.3507361949e+00 1.2805551629e+00 8.0194610813e+01
1.3328566591e+00 1.3138254505e+00 7.4618284369e+01
1.2944602409e+00 1.2707750876e+00 7.7497569815e+01
1.3169220818e+00 1.2452646448e+00 8.4560892485e+01
1.3373777792e+00 1.2557864399e+00 8.4324110442e+01
1.2986606756e+00 1.3142013182e+00 7.2877092002e+01
1.3382664596e+00 1.2627709065e+00 8.2566341788e+01
1.3191256687e+00 1.2609343314e+00 8.1001766381e+01
1.3286121196e+00 1.3044366666e+00 7.5416586482e+01
1.3477367720e+00 1.2568023234e+00 8.5710183053e+01
1.2646759482e+00 1.2953339456e+00 7.3033555363e+01
1.3364456121e+00 1.2628414783e+00 8.2347979715e+01
1.2933828573e+00 1.2461949827e+00 8.1452825766e+01
1.2998467833e+00 1.3117004803e+00 7.3171618697e+01
1.3405858563e+00 1.2749062595e+00 8.0330188264e+01
1.3051925347e+00 1.3067929478e+00 7.3920490059e+01
1.3110266410e+00 1.2690333590e+00 7.8928904074e+01
1.3020130118e+00 1.2362625084e+00 8.5203558584e+01
1.2839373126e+00 1.2669366213e+00 7.7313531307e+01
1.3393509579e+00 1.2485689182e+00 8.8187569297e+01
1.3578126947e+00 1.2932722653e+00 7.8692562936e+01
1.2832369556e+00 1.2706810885e+00 7.6776526866e+01
1.3182190403e+00 1.3104369085e+00 7.4212851892e+01
1.2912127349e+00 1.2971440347e+00 7.4191794234e+01
1.2960850465e+00 1.2700215330e+00 7.7711219496e+01
1.2872125034e+00 1.3177644186e+00 7.2021586718e+01
1.3350314518e+00 1.2808991035e+00 7.8899089761e+01
1.3318020202e+00 1.2600507814e+00 8.2478240615e+01
1.3357422181e+00 1.2499935598e+00 8.6197674093e+01
1.3259462070e+00 1.2414674340e+00 8.9189483384e+01
1.3354745716e+00 1.2686267218e+00 8.1038494274e+01
1.3059724393e+00 1.2323030808e+00 8.8596120629e+01
1.3430636605e+00 1.2697983333e+00 8.1530319164e+01
1.3113274203e+00 1.2709150792e+00 7.8663362312e+01
1.3033264667e+00 1.2627801128e+00 7.9323969492e+01
1.2844034050e+00 1.2773479057e+00 7.6020814122e+01
1.2706506240e+00 1.2963273052e+00 7.3231126524e+01
1.2820059706e+00 1.2971812020e+00 7.3714790034e+01
1.3566607760e+00 1.2562012178e+00 8.8853746852e+01
1.3327203057e+00 1.3139618039e+00 7.4596686360e+01
1.3254490953e+00 1.2419645457e+00 8.8187569297e+01
1.3178583780e+00 1.2539137365e+00 8.2347979715e+01
1.2841917084e+00 1.2875804061e+00 7.4835915371e+01
1.2642982929e+00 1.2931002158e+00 7.3231126524e+01
1.3094578101e+00 1.2444602339e+00 8.3718672554e+01
1.2933912578e+00 1.2383760046e+00 8.3263520051e+01
1.3019281297e+00 1.2320079331e+00 8.7192030493e+01
1.3650023348e+00 1.2649712084e+00 8.5710183053e+01
1.2607352457e+00 1.3311175559e+00 6.9795485755e+01
1.3452946659e+00 1.2653762334e+00 8.2745735086e+01
1.3204742262e+00 1.2434544107e+00 8.5866297957e+01
1.3000487391e+00 1.2979259023e+00 7.4575117862e+01
1.3704317946e+00 1.2630564097e+00 8.8378926216e+01
1.3382868467e+00 1.2859787103e+00 7.8375337009e+01
1.3405134387e+00 1.2600863217e+00 8.3512456048e+01
1.3247328911e+00 1.2697429667e+00 7.9896146783e+01
1.3949799348e+00 1.2741821940e+00 8.8853746852e+01
1.3572123518e+00 1.2727611914e+00 8.2347979715e+01
1.3515058594e+00 1.2876970053e+00 7.9079181218e+01
1.2875514146e+00 1.2702822633e+00 7.7106365806e+01
1.3386096217e+00 1.2593650197e+00 8.3461913920e+01
1.3135144909e+00 1.3138240835e+00 7.3633214528e+01
1.3187018104e+00 1.2748995971e+00 7.8605182622e+01
1.3467819165e+00 1.2621365484e+00 8.3771288937e+01
1.2912630646e+00 1.2500515481e+00 8.0502355029e+01
1.3093792898e+00 1.2571629523e+00 8.0820312794e+01
1.3596505255e+00 1.2848310739e+00 8.0194610813e+01
1.3109997179e+00 1.2594645958e+00 8.0537160751e+01
1.2896104483e+00 1.2317551936e+00 8.4683224036e+01
1.3144155811e+00 1.2490775412e+00 8.3118460360e+01
1.3403014811e+00 1.2594231415e+00 8.3666491536e+01
1.3081607205e+00 1.2911263699e+00 7.5785442206e+01
1.3254098144e+00 1.2620731929e+00 8.1376023555e+01
1.3593083182e+00 1.2658351214e+00 8.4441244525e+01
1.3147905483e+00 1.2526230927e+00 8.2305046547e+01
1.3026111924e+00 1.2691609221e+00 7.8290292293e+01
1.3430141635e+00 1.2847635112e+00 7.8899089761e+01
1.2533176220e+00 1.3119177065e+00 7.1026634431e+01
1.2759905401e+00 1.3145510652e+00 7.1800028481e+01
1.3255419332e+00 1.2427432054e+00 8.7568287925e+01
1.3519916509e+00 1.2547368227e+00 8.8014565082e+01
1.3674092836e+00 1.2625642597e+00 8.7568287925e+01
1.3371057082e+00 1.2473199059e+00 8.8378926216e+01
1.2993518094e+00 1.2955613103e+00 7.4792145946e+01
1.3413009982e+00 1.2496776480e+00 8.8014565082e+01
1.3375421677e+00 1.2639328287e+00 8.2219886681e+01
1.3209990428e+00 1.2861673800e+00 7.7183666982e+01
1.3241656668e+00 1.2580768327e+00 8.2093856142e+01
1.2827558854e+00 1.2737723590e+00 7.6357016986e+01
1.3650368478e+00 1.2772448515e+00 8.2177652292e+01
1.3245763121e+00 1.2476317853e+00 8.5002097282e+01
1.3713286824e+00 1.2634779232e+00 8.8378926216e+01
1.3374801496e+00 1.2469454644e+00 8.9189483384e+01
1.3553219837e+00 1.2579783025e+00 8.6860516083e+01
1.2870460921e+00 1.3126785304e+00 7.2472822552e+01
1.2927438959e+00 1.2481364865e+00 8.1001766381e+01
1.2937072730e+00 1.2480415946e+00 8.1112401649e+01
1.2868438668e+00 1.3006391405e+00 7.3612882375e+01
1.3530080886e+00 1.2853153288e+00 7.9574435566e+01
1.3226173027e+00 1.2439249394e+00 8.6112185454e+01
1.3554215839e+00 1.2600705319e+00 8.5866297957e+01
1.3464298882e+00 1.2681854222e+00 8.2219886681e+01
1.3406350794e+00 1.2639040160e+00 8.2566341788e+01
1.3123711262e+00 1.2716178157e+00 7.8634235730e+01
1.3264893578e+00 1.2644892883e+00 8.1001766381e+01
1.2789674808e+00 1.2697328296e+00 7.6626989411e+01
1.3336636368e+00 1.2590634186e+00 8.2929653666e+01
1.3655098232e+00 1.2644637200e+00 8.6028533830e+01
1.3139309369e+00 1.2805449209e+00 7.7471115761e+01
1.3299087482e+00 1.2956736695e+00 7.6528203273e+01
1.3058489687e+00 1.2781399733e+00 7.7261429339e+01
1.3309650196e+00 1.2867195383e+00 7.7765205727e+01
1.3290634510e+00 1.2566723269e+00 8.2976381855e+01
1.3385140291e+00 1.2835572495e+00 7.8751188620e+01
1.3436625212e+00 1.2543121202e+00 8.5946605487e+01
1.3222976785e+00 1.2774269440e+00 7.8489693825e+01
1.2895891406e+00 1.3048867171e+00 7.3330764710e+01
1.3522890675e+00 1.2548773553e+00 8.8014565082e+01
1.3326354086e+00 1.2793500739e+00 7.8958797887e+01
1.3057056000e+00 1.3027748176e+00 7.4361029171e+01
1.2983566690e+00 1.2777763825e+00 7.6826743101e+01
1.3351111602e+00 1.2458217659e+00 8.9189483384e+01
1.3236185093e+00 1.2730439040e+00 7.9262255454e+01
1.3046386525e+00 1.2488444446e+00 8.2052287288e+01
1.3312522359e+00 1.2601634756e+00 8.2391153680e+01
1.3442665165e+00 1.2677189660e+00 8.2093856142e+01
1.3172603951e+00 1.2457972373e+00 8.4441244525e+01
1.2963552515e+00 1.2902540919e+00 7.5213062491e+01
1.3253016686e+00 1.2713607447e+00 7.9669908154e+01
1.2799935015e+00 1.3105481037e+00 7.2340059416e+01
1.2906791709e+00 1.3384159516e+00 7.0435981071e+01
1.3139492544e+00 1.2595669394e+00 8.0784447201e+01
1.3301446063e+00 1.2673926011e+00 8.0784447201e+01
1.3713286824e+00 1.2634779232e+00 8.8378926216e+01
1.3369343653e+00 1.2470545767e+00 8.8596120629e+01
1.3053383515e+00 1.2316350716e+00 8.9189483384e+01
1.3681212373e+00 1.2614130834e+00 8.9189483384e+01
1.3051485240e+00 1.2727295919e+00 7.7956033878e+01
1.3413419508e+00 1.2868748487e+00 7.8460999819e+01
1.3177820863e+00 1.2383110630e+00 8.8187569297e+01
1.3432981612e+00 1.2511776966e+00 8.7568287925e+01
1.2893776773e+00 1.2667154720e+00 7.7711219496e+01
1.3424310392e+00 1.2533566783e+00 8.6112185454e+01
1.3044656420e+00 1.2712312050e+00 7.8122004123e+01
1.3218764734e+00 1.2647328700e+00 8.0537160751e+01
1.3075399854e+00 1.2598736556e+00 8.0161005537e+01
1.3012173995e+00 1.3393048192e+00 7.0798732350e+01
1.3359993047e+00 1.2711671182e+00 8.0607155573e+01
1.3214911958e+00 1.2607513037e+00 8.1262076387e+01
1.3172732190e+00 1.2510119196e+00 8.2976381855e+01
1.2897440955e+00 1.2794126392e+00 7.6092186698e+01
1.2959703608e+00 1.2618633171e+00 7.8899089761e+01
1.2896213139e+00 1.3276247066e+00 7.1275053722e+01
1.2880480485e+00 1.2528323338e+00 7.9734044399e+01
1.3495358796e+00 1.2615731896e+00 8.4324110442e+01
1.3284687455e+00 1.2524641805e+00 8.4041308295e+01
1.3310385416e+00 1.2608142600e+00 8.2219886681e+01
1.2980494690e+00 1.2793923439e+00 7.6602225844e+01
1.3249830206e+00 1.2415592214e+00 8.8378926216e+01
1.3278824713e+00 1.2687799420e+00 8.0330188264e+01
1.2736637790e+00 1.3343786159e+00 7.0062761447e+01
1.3431811859e+00 1.2709957586e+00 8.1299894225e+01
1.3162985647e+00 1.2987551362e+00 7.5371119608e+01
1.3661804618e+00 1.2787411908e+00 8.1969790983e+01
1.3408793791e+00 1.2496622261e+00 8.7855467302e+01
1.3511790243e+00 1.2704534722e+00 8.2219886681e+01
1.2979597394e+00 1.2864658746e+00 7.5738824530e+01
1.2968147600e+00 1.2932898290e+00 7.4901801823e+01
1.3513042791e+00 1.2536726430e+00 8.8853746852e+01
1.3878918052e+00 1.2706835965e+00 8.9189483384e+01
1.3418098318e+00 1.2947549843e+00 7.7392081315e+01
1.3557998747e+00 1.2847223440e+00 7.9896146783e+01
1.3204456361e+00 1.2674742400e+00 7.9928877049e+01
1.2466667206e+00 1.2924769880e+00 7.2434791071e+01
1.3088836354e+00 1.2829691662e+00 7.6826743101e+01
1.3178710608e+00 1.2595707521e+00 8.1149584901e+01
1.3297089004e+00 1.2438072934e+00 8.8378926216e+01
1.3397258118e+00 1.2481940643e+00 8.8853746852e+01
1.3500484017e+00 1.2549285204e+00 8.7192030493e+01
1.3077393622e+00 1.2440041939e+00 8.3614735208e+01
1.3199854336e+00 1.2858672152e+00 7.7157849094e+01
1.3077787929e+00 1.2509252973e+00 8.1928856974e+01
1.3404213872e+00 1.2877954123e+00 7.8262079083e+01
1.3137375425e+00 1.2358321432e+00 8.8853746852e+01
1.3173707523e+00 1.3025068599e+00 7.5012241172e+01
1.3500138705e+00 1.2558387783e+00 8.6657708378e+01
1.3146203615e+00 1.2362535723e+00 8.8853746852e+01
1.2539706396e+00 1.3160577898e+00 7.0711767977e+01
1.3031830397e+00 1.2611811364e+00 7.9574435566e+01
1.3257688713e+00 1.2508004094e+00 8.4152793230e+01
1.3086265128e+00 1.2705606598e+00 7.8518458573e+01
1.3352666428e+00 1.2609584103e+00 8.2655493698e+01
1.3005226792e+00 1.3075197156e+00 7.3612882375e+01
1.3474201608e+00 1.2540548356e+00 8.6966995687e+01
1.2913422512e+00 1.2265593571e+00 8.7436729029e+01
1.3011705253e+00 1.2575335649e+00 8.0027705704e+01
1.3375272734e+00 1.2665740200e+00 8.1647897369e+01
1.3295581103e+00 1.2732299242e+00 7.9701926885e+01
1.3274832300e+00 1.2486498216e+00 8.5135479942e+01
1.3501323275e+00 1.2631679587e+00 8.3931863986e+01
1.2505556107e+00 1.3268862021e+00 6.9712654423e+01
1.3304014900e+00 1.2671357175e+00 8.0856317856e+01
1.3306227627e+00 1.2468190501e+00 8.6560781600e+01
1.3131553042e+00 1.2725804737e+00 7.8547294593e+01
1.3188991316e+00 1.2755767262e+00 7.8518458573e+01
1.3310042359e+00 1.2818577579e+00 7.8460999819e+01
1.3503110831e+00 1.2559794658e+00 8.6657708378e+01
1.3258560782e+00 1.2681825421e+00 8.0262165861e+01
1.3438480790e+00 1.2571892871e+00 8.4872174373e+01
1.2924764436e+00 1.2414596191e+00 8.2391153680e+01
1.3085001359e+00 1.2741789374e+00 7.7983538712e+01
1.3109044231e+00 1.2709015273e+00 7.8634235730e+01
1.2883034025e+00 1.2412956787e+00 8.1969790983e+01
1.3518778800e+00 1.2561645148e+00 8.6966995687e+01
1.3267691325e+00 1.2436951812e+00 8.7311596302e+01
1.3050836706e+00 1.2719218639e+00 7.8066427965e+01
1.3497620845e+00 1.2560905643e+00 8.6466509507e+01
1.3400942080e+00 1.2513215036e+00 8.6560781600e+01
1.2837650808e+00 1.2363013625e+00 8.2610784034e+01
1.2640407060e+00 1.3326217073e+00 6.9812091093e+01
1.3089865644e+00 1.2715098863e+00 7.8403821928e+01
1.3348759804e+00 1.2473665191e+00 8.7436729029e+01
1.3107859853e+00 1.2631662899e+00 7.9863521106e+01
1.3313223070e+00 1.2876780100e+00 7.7657465783e+01
1.2899577742e+00 1.2288096936e+00 8.5866297957e+01
1.3075071608e+00 1.2394546957e+00 8.5002097282e+01
1.3025179764e+00 1.2915206439e+00 7.5416586482e+01
1.3510659205e+00 1.2552246285e+00 8.7311596302e+01
1.3553976047e+00 1.2649186918e+00 8.4152793230e+01
1.3456661343e+00 1.2571219002e+00 8.5203558584e+01
1.3213086190e+00 1.2692329863e+00 7.9701926885e+01
1.3263830661e+00 1.2475692091e+00 8.5342693277e+01
1.3395015050e+00 1.2510401002e+00 8.6560781600e+01
1.3226387888e+00 1.2596037108e+00 8.1608522897e+01
1.3524606995e+00 1.2691717969e+00 8.2655493698e+01
1.3238364152e+00 1.2522966364e+00 8.3461913920e+01
1.3231965049e+00 1.2638496582e+00 8.0820312794e+01
1.3281674397e+00 1.2750583233e+00 7.9293068528e+01
1.3147922275e+00 1.2595961537e+00 8.0856317856e+01
1.2906219408e+00 1.3025422783e+00 7.3612882375e+01
1.3186520368e+00 1.2710155605e+00 7.9200889974e+01
1.2759004797e+00 1.2967436252e+00 7.3451099791e+01
1.3231822491e+00 1.2464103206e+00 8.5203558584e+01
1.3263531350e+00 1.2895774203e+00 7.7080699799e+01
1.3486904734e+00 1.2641715203e+00 8.3461913920e+01
1.2933951472e+00 1.2505253664e+00 8.0607155573e+01
1.2580956670e+00 1.3049619655e+00 7.1836773450e+01
1.3033767681e+00 1.2557625653e+00 8.0537160751e+01
1.3159475010e+00 1.2706618424e+00 7.9048962842e+01
1.3282436822e+00 1.2491981306e+00 8.5068338769e+01
1.3229519785e+00 1.2518725334e+00 8.3461913920e+01
1.3059676067e+00 1.2405596980e+00 8.4382373156e+01
1.3402458705e+00 1.2713013931e+00 8.0965186566e+01
1.3340204160e+00 1.2460395840e+00 8.8187569297e+01
1.3193293554e+00 1.2419865641e+00 8.6285126569e+01
1.3098569609e+00 1.2789367267e+00 7.7418371854e+01
1.3391243794e+00 1.2759293215e+00 8.0027705704e+01
1.2240462531e+00 1.3172683595e+00 6.9384517171e+01
1.3148777748e+00 1.2494864013e+00 8.3070778751e+01
1.2970590389e+00 1.2699188903e+00 7.7792286999e+01
1.2921271002e+00 1.2696242106e+00 7.7497569815e+01
1.3098001261e+00 1.2571778031e+00 8.0856317856e+01
1.3423158124e+00 1.2499741038e+00 8.8187569297e+01
1.3345469268e+00 1.2481321464e+00 8.6860516083e+01
1.3044567994e+00 1.2394637142e+00 8.4500744095e+01
1.3443319656e+00 1.2904746401e+00 7.8149888534e+01
1.3180610222e+00 1.2847270123e+00 7.7183666982e+01
1.2956597483e+00 1.2647854628e+00 7.8432376026e+01
1.3127312990e+00 1.2355343609e+00 8.8596120629e+01
1.3034275076e+00 1.2548413640e+00 8.0713127966e+01
1.3398649504e+00 1.2493656796e+00 8.7707378991e+01
1.3059375572e+00 1.2492854759e+00 8.2093856142e+01
1.2869156363e+00 1.2791909432e+00 7.5949796914e+01
1.3447682436e+00 1.2505821627e+00 8.8853746852e+01
1.3229948217e+00 1.2400628108e+00 8.9189483384e+01
1.3178929919e+00 1.2464711842e+00 8.4324110442e+01
1.3318299340e+00 1.2946305131e+00 7.6776526866e+01
1.3302219670e+00 1.2446025448e+00 8.7855467302e+01
1.3121828067e+00 1.2989262625e+00 7.5123481451e+01
1.3550129843e+00 1.2565342793e+00 8.7707378991e+01
1.3441971352e+00 1.2616555136e+00 8.3563393325e+01
1.3481736150e+00 1.2533013814e+00 8.7707378991e+01
1.3505145797e+00 1.2654159755e+00 8.3361979075e+01
1.3411817077e+00 1.2651088413e+00 8.2347979715e+01
1.2683798882e+00 1.2898889835e+00 7.3755727228e+01
1.3740666272e+00 1.2651362375e+00 8.8014565082e+01
1.3487704703e+00 1.2776899768e+00 8.0537160751e+01
1.3477841113e+00 1.2523780678e+00 8.8378926216e+01
1.3217842324e+00 1.2404024942e+00 8.8014565082e+01
1.3207764396e+00 1.2680172479e+00 7.9863521106e+01
1.3247947514e+00 1.2434903872e+00 8.6860516083e+01
1.2913980484e+00 1.2729661277e+00 7.7004000743e+01
1.3713286824e+00 1.2634779232e+00 8.8378926216e+01
1.3248026264e+00 1.2858682729e+00 7.7471115761e+01
1.2470539077e+00 1.3107797701e+00 7.0851093365e+01
1.3275442735e+00 1.2568813406e+00 8.2745735086e+01
1.3579460436e+00 1.2702707559e+00 8.3023421435e+01
1.3491905007e+00 1.2535975338e+00 8.7855467302e+01
1.2804862135e+00 1.2921578913e+00 7.4149760707e+01
1.3198383299e+00 1.2514978264e+00 8.3166473052e+01
1.3323973888e+00 1.2563962987e+00 8.3461913920e+01
1.3493094531e+00 1.2701294993e+00 8.2093856142e+01
1.3241995976e+00 1.2597893443e+00 8.1727204497e+01
1.2948878856e+00 1.3057118748e+00 7.3511587388e+01
1.2892307587e+00 1.2520838539e+00 7.9961712929e+01
1.3500315239e+00 1.2702847726e+00 8.2135643310e+01
1.2735086804e+00 1.2939049606e+00 7.3612882375e+01
1.3334681761e+00 1.2916752635e+00 7.7261429339e+01
1.3156840279e+00 1.2630667679e+00 8.0296118030e+01
1.3255205114e+00 1.2523576044e+00 8.3666491536e+01
1.3706454109e+00 1.2725161752e+00 8.4041308295e+01
1.3135755341e+00 1.2795886850e+00 7.7577264583e+01
1.3187847960e+00 1.2495003426e+00 8.3563393325e+01
1.3181810949e+00 1.2754203126e+00 7.8489693825e+01
1.2899292546e+00 1.2739993823e+00 7.6776526866e+01
1.2940429701e+00 1.2590052047e+00 7.9200889974e+01
1.3659044617e+00 1.2605559854e+00 8.8853746852e+01
1.3157124263e+00 1.2875133366e+00 7.6676652104e+01
1.3427620333e+00 1.2801868833e+00 7.9606163389e+01
1.2974972560e+00 1.2512030544e+00 8.0856317856e+01
1.2597651177e+00 1.3368972957e+00 6.9319487724e+01
1.3548070885e+00 1.2571783940e+00 8.7192030493e+01
1.3216159274e+00 1.2995778112e+00 7.5576824649e+01
1.2784114177e+00 1.2959769635e+00 7.3653571278e+01
1.3362834992e+00 1.2599415539e+00 8.3023421435e+01
1.3292722593e+00 1.2656408605e+00 8.1038494274e+01
1.2909808693e+00 1.2529396443e+00 7.9961712929e+01
1.2868613567e+00 1.2783739718e+00 7.6044565226e+01
1.3170224121e+00 1.2377656000e+00 8.8378926216e+01
1.2598944970e+00 1.3337069104e+00 6.9564368548e+01
1.3043169616e+00 1.2822923818e+00 7.6626989411e+01
1.3414723921e+00 1.2499433195e+00 8.7855467302e+01
1.3381693689e+00 1.3019130407e+00 7.6260135872e+01
1.3273174058e+00 1.2973870803e+00 7.6163920146e+01
1.2824257754e+00 1.2406724785e+00 8.1491484890e+01
1.2847620187e+00 1.2704610145e+00 7.6902422036e+01
1.2782912859e+00 1.2422081987e+00 8.0784447201e+01
1.3393045072e+00 1.2481785001e+00 8.8596120629e+01
1.3237079824e+00 1.2511165294e+00 8.3771288937e+01
1.3160877854e+00 1.3051059533e+00 7.4661569416e+01
1.3226729974e+00 1.3200486331e+00 7.3471238414e+01
1.3506304718e+00 1.2539086236e+00 8.8187569297e+01
1.2780631068e+00 1.3172872995e+00 7.1653759664e+01
1.3000375086e+00 1.2421456388e+00 8.3118460360e+01
1.2673281845e+00 1.2735521979e+00 7.5462192458e+01
1.3245522980e+00 1.2524532364e+00 8.3512456048e+01
1.2940580417e+00 1.2921145067e+00 7.4879808517e+01
1.3061511322e+00 1.2460272721e+00 8.2883230736e+01
1.2557669117e+00 1.3077262106e+00 7.1490541645e+01
1.3177155853e+00 1.2986534339e+00 7.5462192458e+01
1.3290637074e+00 1.2553619067e+00 8.3312569183e+01
1.3051021317e+00 1.2775769415e+00 7.7287454070e+01
1.2943591273e+00 1.2769770290e+00 7.6676652104e+01
1.3371917139e+00 1.2660340490e+00 8.1727204497e+01
1.3033268086e+00 1.2728062429e+00 7.7819427566e+01
1.3513207836e+00 1.2637329173e+00 8.3931863986e+01
1.3125019947e+00 1.2784766515e+00 7.7657465783e+01
1.3208683650e+00 1.2456738770e+00 8.5068338769e+01
1.2793341352e+00 1.2750188805e+00 7.5997102501e+01
1.3035380871e+00 1.3273139747e+00 7.1910479740e+01
1.3668446239e+00 1.2811580847e+00 8.1530319164e+01
1.3116821734e+00 1.2701237771e+00 7.8810117472e+01
1.3267691325e+00 1.2436951812e+00 8.7311596302e+01
1.3817626153e+00 1.2680012334e+00 8.8853746852e+01
1.2780255566e+00 1.2355482427e+00 8.2135643310e+01
1.2736742851e+00 1.3046401584e+00 7.2587399708e+01
1.3393308256e+00 1.2902034950e+00 7.7846627825e+01
1.2987370652e+00 1.2922415810e+00 7.5123481451e+01
1.2752732755e+00 1.2729923844e+00 7.5997102501e+01
1.2940060641e+00 1.3201708805e+00 7.2114685585e+01
1.2988694653e+00 1.3122396038e+00 7.3072890473e+01
1.3181822344e+00 1.2789175637e+00 7.7983538712e+01
1.3168076358e+00 1.3026313166e+00 7.4967970313e+01
1.3217224221e+00 1.2483060073e+00 8.4324110442e+01
1.3270474765e+00 1.2735522839e+00 7.9448467746e+01
1.3319635662e+00 1.2463508773e+00 8.7192030493e+01
1.3364456121e+00 1.2628414783e+00 8.2347979715e+01
1.2727186900e+00 1.3471589223e+00 6.9061301233e+01
1.2846856937e+00 1.2888305000e+00 7.4726721458e+01
1.3285998383e+00 1.2462246736e+00 8.6374684998e+01
1.3235223936e+00 1.2421485481e+00 8.7311596302e+01
1.3261945152e+00 1.2643470900e+00 8.1001766381e+01
1.3047190218e+00 1.2626946192e+00 7.9448467746e+01
1.3326480842e+00 1.2670765383e+00 8.1075372075e+01
1.3176081157e+00 1.2528561981e+00 8.2566341788e+01
1.3397951042e+00 1.2888608446e+00 7.8066427965e+01
1.2450011487e+00 1.3389877932e+00 6.8600924140e+01
1.3232781490e+00 1.2484939655e+00 8.4500744095e+01
1.2861365218e+00 1.2404281460e+00 8.1928856974e+01
1.2865438900e+00 1.3193087587e+00 7.1855172896e+01
1.3252467469e+00 1.2426026305e+00 8.7568287925e+01
1.3231066314e+00 1.2643763759e+00 8.0713127966e+01
1.3443462822e+00 1.2505668376e+00 8.8596120629e+01
1.2666107540e+00 1.2912229238e+00 7.3531797916e+01
1.3575159536e+00 1.2715791688e+00 8.2655493698e+01
1.2674250083e+00 1.3043471062e+00 7.2321172068e+01
1.2821397864e+00 1.3001027131e+00 7.3430984963e+01
1.3248058889e+00 1.2548176851e+00 8.2929653666e+01
1.2633082812e+00 1.2814810640e+00 7.4361029171e+01
1.2896501263e+00 1.2477573043e+00 8.0784447201e+01
1.3366794836e+00 1.2665462793e+00 8.1569331007e+01
1.3367806619e+00 1.2541979842e+00 8.4745454571e+01
1.3298971074e+00 1.2514723186e+00 8.4560892485e+01
1.3400942080e+00 1.2513215036e+00 8.6560781600e+01
1.3319814079e+00 1.2870189091e+00 7.7792286999e+01
1.3196986930e+00 1.2717170186e+00 7.9170336091e+01
1.2931833194e+00 1.2868766806e+00 7.5416586482e+01
1.3031347214e+00 1.2438271350e+00 8.3070778751e+01
1.2987636713e+00 1.2286678479e+00 8.8853746852e+01
1.2956445567e+00 1.2387253404e+00 8.3461913920e+01
1.3063467929e+00 1.2519220788e+00 8.1569331007e+01
1.3399035010e+00 1.2940241460e+00 7.7365844600e+01
1.3305537341e+00 1.2486334384e+00 8.5710183053e+01
1.3055674244e+00 1.2692570874e+00 7.8489693825e+01
1.2685739617e+00 1.2631933007e+00 7.6801611525e+01
1.3536535115e+00 1.2631539961e+00 8.4441244525e+01
1.3409255484e+00 1.2500530977e+00 8.7568287925e+01
1.3049396413e+00 1.2589889956e+00 8.0094133635e+01
1.3426528994e+00 1.2728392164e+00 8.0892464042e+01
1.3106578115e+00 1.2415205928e+00 8.4808428882e+01
1.3148423431e+00 1.2586738507e+00 8.1038494274e+01
1.2997636657e+00 1.2589404246e+00 7.9669908154e+01
1.2917424384e+00 1.3053573598e+00 7.3390826340e+01
1.3017146217e+00 1.2814010498e+00 7.6577507130e+01
1.3474388413e+00 1.3080514077e+00 7.6068356017e+01
1.2882604997e+00 1.2896176161e+00 7.4835915371e+01
1.2791697765e+00 1.2686612575e+00 7.6776526866e+01
1.3271278958e+00 1.2760978671e+00 7.9048962842e+01
1.2918041903e+00 1.2638538886e+00 7.8290292293e+01
1.3250451633e+00 1.2816833104e+00 7.8066427965e+01
1.3521941031e+00 1.2589149661e+00 8.5710183053e+01
1.3611936151e+00 1.2771298023e+00 8.1807273904e+01
1.2872030140e+00 1.2606280201e+00 7.8432376026e+01
1.3392863744e+00 1.2604382482e+00 8.3263520051e+01
1.3109103578e+00 1.2743886742e+00 7.8122004123e+01
1.3109090976e+00 1.2761370654e+00 7.7873888177e+01
1.3568452103e+00 1.2577701002e+00 8.7436729029e+01
1.3365272300e+00 1.2483350807e+00 8.7311596302e+01
1.3168027436e+00 1.2724278865e+00 7.8839697086e+01
1.3259292233e+00 1.2803613257e+00 7.8318572690e+01
1.3112608536e+00 1.2653084271e+00 7.9542802945e+01
1.3208464393e+00 1.2504897170e+00 8.3563393325e+01
1.2851008043e+00 1.2675124729e+00 7.7313531307e+01
1.3291203750e+00 1.2925121214e+00 7.6877148084e+01
1.3173625154e+00 1.2740531962e+00 7.8634235730e+01
1.2674109903e+00 1.2873770218e+00 7.3961938190e+01
1.3216708560e+00 1.2749915573e+00 7.8810117472e+01
1.3325412742e+00 1.2645585239e+00 8.1569331007e+01
1.2678812137e+00 1.2912581197e+00 7.3592574728e+01
1.3426290962e+00 1.2627856769e+00 8.3070778751e+01
1.3254170074e+00 1.2476631297e+00 8.5135479942e+01
1.2941197795e+00 1.2567541543e+00 7.9574435566e+01
1.2795679660e+00 1.3066045824e+00 7.2683441722e+01
1.3290485169e+00 1.2501386557e+00 8.4872174373e+01
1.3040881467e+00 1.2315834020e+00 8.8378926216e+01
1.2964887568e+00 1.2901205866e+00 7.5235540770e+01
1.3045631615e+00 1.2724423730e+00 7.7956033878e+01
1.3071694664e+00 1.2650386310e+00 7.9262255454e+01
1.3176538256e+00 1.2811957573e+00 7.7630675173e+01
1.3456281530e+00 1.2580353629e+00 8.4872174373e+01
1.2973882137e+00 1.2573997984e+00 7.9734044399e+01
1.3105650862e+00 1.2808506254e+00 7.7209536111e+01
1.3146578248e+00 1.2846292656e+00 7.6978533067e+01
1.3437309312e+00 1.2625596177e+00 8.3263520051e+01
1.2778848351e+00 1.2786434093e+00 7.5485048020e+01
1.3432946817e+00 1.2814098044e+00 7.9448467746e+01
1.3234814266e+00 1.2683713750e+00 8.0027705704e+01
1.3949799348e+00 1.2741821940e+00 8.8853746852e+01
1.2966851979e+00 1.2381185583e+00 8.3771288937e+01
1.2974466445e+00 1.2425653515e+00 8.2700475693e+01
1.3371771672e+00 1.2503058401e+00 8.6374684998e+01
1.2995489763e+00 1.3080554203e+00 7.3511587388e+01
1.3030573656e+00 1.2984176308e+00 7.4683256707e+01
1.2904771020e+00 1.2913288485e+00 7.4770307295e+01
1.3009412841e+00 1.3014090465e+00 7.4255049545e+01
1.3311968116e+00 1.2680902788e+00 8.0748719456e+01
1.3455325558e+00 1.2559424406e+00 8.5634214754e+01
1.3219525046e+00 1.2611631670e+00 8.1224420262e+01
1.2651480490e+00 1.2900749841e+00 7.3572291496e+01
1.3565851723e+00 1.2641698331e+00 8.4560892485e+01
1.3344572883e+00 1.2534625878e+00 8.4621711461e+01
1.3460610493e+00 1.2532260411e+00 8.7077348295e+01
1.2812043095e+00 1.2896959132e+00 7.4446319730e+01
1.2917284453e+00 1.2909506280e+00 7.4879808517e+01
1.2459961807e+00 1.3148843722e+00 7.0470249679e+01
1.3110600740e+00 1.2646367730e+00 7.9637987289e+01
1.3261665539e+00 1.2626271336e+00 8.1337875892e+01
1.3718397465e+00 1.2717618196e+00 8.4441244525e+01
1.2988871357e+00 1.2877222077e+00 7.5646033984e+01
1.2920980536e+00 1.2431395865e+00 8.1969790983e+01
1.3338865895e+00 1.2496657049e+00 8.5946605487e+01
1.3306421939e+00 1.2446184732e+00 8.8014565082e+01
1.2894175424e+00 1.2766890371e+00 7.6405711507e+01
1.3415511728e+00 1.2494274734e+00 8.8378926216e+01
1.3348073273e+00 1.2964840305e+00 7.6726497234e+01
1.3354231463e+00 1.2805074089e+00 7.8988771847e+01
1.2954292643e+00 1.2637100691e+00 7.8576202428e+01
1.3407570872e+00 1.2559053261e+00 8.4808428882e+01
1.3550826123e+00 1.2726950625e+00 8.2135643310e+01
1.2885889288e+00 1.3334823498e+00 7.0746508376e+01
1.3314080167e+00 1.2630678410e+00 8.1767142530e+01
1.3374260359e+00 1.2894734626e+00 7.7819427566e+01
1.3383001549e+00 1.2793844030e+00 7.9386038170e+01
1.3485141961e+00 1.2599662215e+00 8.4683224036e+01
1.3233194893e+00 1.2427870903e+00 8.6860516083e+01
1.3278968418e+00 1.2630818043e+00 8.1414339425e+01
1.3252206296e+00 1.2644469676e+00 8.0892464042e+01
1.2848882482e+00 1.2982274234e+00 7.3755727228e+01
1.3705971570e+00 1.2760849526e+00 8.3070778751e+01
1.3531934435e+00 1.2566011896e+00 8.7077348295e+01
1.2993369976e+00 1.2619789219e+00 7.9139867144e+01
1.2984934091e+00 1.2929223025e+00 7.5034424584e+01
1.3244666967e+00 1.2730705108e+00 7.9323969492e+01
1.3416296683e+00 1.2489119369e+00 8.9189483384e+01
1.3038709963e+00 1.2309327600e+00 8.9189483384e+01
1.3210486773e+00 1.2830526161e+00 7.7603941562e+01
1.3144306751e+00 1.2761109302e+00 7.8122004123e+01
1.2775879761e+00 1.2854696564e+00 7.4704974011e+01
1.2723130061e+00 1.2525182565e+00 7.8547294593e+01
1.3061245830e+00 1.2726262127e+00 7.8038735323e+01
1.3123626094e+00 1.2650792035e+00 7.9669908154e+01
1.2897166481e+00 1.2790042762e+00 7.6139968555e+01
1.2922405589e+00 1.2560251010e+00 7.9542802945e+01
1.2747234372e+00 1.2752809731e+00 7.5692355604e+01
1.2963415416e+00 1.2832820324e+00 7.6020814122e+01
1.3364489821e+00 1.2935245611e+00 7.7209536111e+01
1.3284671557e+00 1.2997496438e+00 7.5949796914e+01
1.3746996103e+00 1.2645032544e+00 8.9189483384e+01
1.3515686415e+00 1.2547219074e+00 8.7855467302e+01
1.3513742279e+00 1.2566681670e+00 8.6560781600e+01
1.3213770502e+00 1.2464723273e+00 8.4872174373e+01
1.2813662844e+00 1.2482327968e+00 7.9961712929e+01
1.3224630223e+00 1.2606526492e+00 8.1376023555e+01
1.2953164438e+00 1.3026581976e+00 7.3837904283e+01
1.3262131113e+00 1.2473030825e+00 8.5413839657e+01
1.3490510014e+00 1.2572395476e+00 8.5787518542e+01
1.3476302652e+00 1.2634788040e+00 8.3512456048e+01
1.3246177300e+00 1.2654868590e+00 8.0642347542e+01
1.3214768335e+00 1.3098145243e+00 7.4446319730e+01
1.3301107957e+00 1.2460222559e+00 8.6860516083e+01
1.3124655386e+00 1.2427574945e+00 8.4683224036e+01
1.3356485756e+00 1.2566413406e+00 8.3824351811e+01
1.3384294210e+00 1.2490535863e+00 8.7436729029e+01
1.2922914949e+00 1.2646718693e+00 7.8205852297e+01
1.3549138157e+00 1.2724247587e+00 8.2177652292e+01
1.3108472608e+00 1.2932540326e+00 7.5692355604e+01
1.3068194723e+00 1.2371010414e+00 8.5787518542e+01
1.3291654369e+00 1.2631244794e+00 8.1530319164e+01
1.3014971837e+00 1.2480725019e+00 8.1888128163e+01
1.3260877202e+00 1.2618321559e+00 8.1491484890e+01
1.3051751661e+00 1.2409176117e+00 8.4152793230e+01
1.3261024281e+00 1.2591966040e+00 8.2052287288e+01
1.3191174822e+00 1.2552708990e+00 8.2177652292e+01
1.2678014526e+00 1.3118221214e+00 7.1671981608e+01
1.2821996337e+00 1.2982968171e+00 7.3612882375e+01
1.3315885273e+00 1.2607013889e+00 8.2305046547e+01
1.2965718179e+00 1.2965924012e+00 7.4532068904e+01
1.3419102757e+00 1.2613154873e+00 8.3361979075e+01
1.3660786393e+00 1.2682884748e+00 8.4683224036e+01
1.3432412111e+00 1.2687442714e+00 8.1767142530e+01
1.3634252361e+00 1.2753378928e+00 8.2434572567e+01
1.3110892749e+00 1.2903857215e+00 7.6044565226e+01
1.3267304602e+00 1.2494025913e+00 8.4745454571e+01
1.2926509167e+00 1.2874090834e+00 7.5325790544e+01
1.3183658665e+00 1.2953727366e+00 7.5879129711e+01
1.3395469670e+00 1.2514316792e+00 8.6374684998e+01
1.3242424528e+00 1.2737321886e+00 7.9200889974e+01
1.2939747633e+00 1.3149437016e+00 7.2587399708e+01
1.3288039478e+00 1.2455844334e+00 8.6757527902e+01
1.3324627833e+00 1.2458516602e+00 8.7707378991e+01
1.3542459262e+00 1.2559868278e+00 8.7855467302e+01
1.3036756349e+00 1.2424171429e+00 8.3512456048e+01
1.2813867116e+00 1.2991097392e+00 7.3491400916e+01
1.3154872587e+00 1.2436520747e+00 8.4872174373e+01
1.3135676583e+00 1.2813454615e+00 7.7339661375e+01
1.3289764529e+00 1.2532660466e+00 8.3877872787e+01
1.3172654045e+00 1.2649770950e+00 8.0094133635e+01
1.3439706781e+00 1.2509424416e+00 8.8014565082e+01
1.3472363219e+00 1.2524883006e+00 8.8014565082e+01
1.2836631578e+00 1.2767820532e+00 7.6044565226e+01
1.3214606127e+00 1.2590358381e+00 8.1608522897e+01
1.2913476090e+00 1.2970091606e+00 7.4212851892e+01
1.3475814529e+00 1.2670338576e+00 8.2610784034e+01
1.3396473328e+00 1.2487094368e+00 8.8187569297e+01
1.3001382763e+00 1.2733779175e+00 7.7524079068e+01
1.3131719631e+00 1.2988135194e+00 7.5190617570e+01
1.2824258112e+00 1.2862951131e+00 7.4879808517e+01
1.2971529605e+00 1.2942627511e+00 7.4814015260e+01
1.3137701852e+00 1.2606181960e+00 8.0572093792e+01
1.3109255799e+00 1.2879240029e+00 7.6332733555e+01
1.3367629939e+00 1.2467893005e+00 8.8853746852e+01
1.3370716884e+00 1.2648409628e+00 8.1969790983e+01
1.3669784624e+00 1.2902745848e+00 7.9863521106e+01
1.3233336127e+00 1.2746410287e+00 7.8988771847e+01
1.3166416016e+00 1.2808956059e+00 7.7603941562e+01
1.2569922440e+00 1.2973607717e+00 7.2472822552e+01
1.3366794836e+00 1.2665462793e+00 8.1569331007e+01
1.3016600757e+00 1.3221665766e+00 7.2283455850e+01
1.3023907784e+00 1.2850922289e+00 7.6163920146e+01
1.3358150862e+00 1.2556006254e+00 8.4152793230e+01
1.3372982004e+00 1.2602390071e+00 8.3070778751e+01
1.3429759847e+00 1.3054669723e+00 7.6116057475e+01
1.3478731503e+00 1.2741981284e+00 8.1112401649e+01
1.3149368851e+00 1.2703621469e+00 7.9018826610e+01
1.2788616641e+00 1.2881162651e+00 7.4489136515e+01
1.3074062661e+00 1.2447721381e+00 8.3361979075e+01
1.3406151367e+00 1.2486154934e+00 8.8853746852e+01
1.3004204490e+00 1.2569780596e+00 8.0060864731e+01
1.3591123593e+00 1.2836092712e+00 8.0364377815e+01
1.3391251937e+00 1.2514164116e+00 8.6285126569e+01
1.3335372865e+00 1.2565673025e+00 8.3563393325e+01
1.3567581450e+00 1.2683852946e+00 8.3361979075e+01
1.2979897617e+00 1.2594087470e+00 7.9448467746e+01
1.3254024796e+00 1.2415754496e+00 8.8596120629e+01
1.2805094710e+00 1.3052263069e+00 7.2857631514e+01
1.3635167421e+00 1.2594321744e+00 8.8853746852e+01
1.3170535632e+00 1.2464395591e+00 8.4209337681e+01
1.3348995838e+00 1.2499627269e+00 8.6028533830e+01
1.2834981051e+00 1.2704199389e+00 7.6826743101e+01
1.2811757750e+00 1.2406229827e+00 8.1376023555e+01
1.3210703225e+00 1.2402455970e+00 8.7855467302e+01
1.3110015631e+00 1.2537981769e+00 8.1647897369e+01
1.3045766583e+00 1.2951479642e+00 7.5123481451e+01
1.3096772322e+00 1.2390230782e+00 8.5559543476e+01
1.3182688711e+00 1.2460953050e+00 8.4500744095e+01
1.3115597580e+00 1.2471443322e+00 8.3263520051e+01
1.3388043615e+00 1.2819506438e+00 7.9018826610e+01
1.3371931919e+00 1.2901453825e+00 7.7711219496e+01
1.3005566689e+00 1.2895479201e+00 7.5530865121e+01
1.3372462906e+00 1.2637910755e+00 8.2219886681e+01
1.2869558311e+00 1.2970331108e+00 7.3982701417e+01
1.2340388152e+00 1.3038026478e+00 7.0868577685e+01
1.3367280959e+00 1.2656222347e+00 8.1767142530e+01
1.3779888600e+00 1.2788234511e+00 8.3263520051e+01
1.3169425753e+00 1.3024963771e+00 7.4990089796e+01
1.2927979492e+00 1.2898811241e+00 7.5056640173e+01
1.3429336159e+00 1.2528541015e+00 8.6466509507e+01
1.3472050602e+00 1.2647804223e+00 8.3118460360e+01
1.2792868009e+00 1.3151890568e+00 7.1892025986e+01
1.3082291938e+00 1.2361257233e+00 8.6560781600e+01
1.2933867009e+00 1.2714130391e+00 7.7339661375e+01
1.3172816873e+00 1.2837556788e+00 7.7261429339e+01
1.3046750292e+00 1.2318644110e+00 8.8378926216e+01
1.2991844618e+00 1.2634377054e+00 7.8899089761e+01
1.3150581806e+00 1.2580219564e+00 8.1186923776e+01
1.3254079484e+00 1.2463641661e+00 8.5634214754e+01
1.3092053923e+00 1.2512398188e+00 8.2010933342e+01
1.3354708347e+00 1.2537597954e+00 8.4683224036e+01
1.2692417906e+00 1.2964291511e+00 7.3151828116e+01
1.3150211203e+00 1.2619844142e+00 8.0433119990e+01
1.3463920868e+00 1.2585848353e+00 8.4808428882e+01
1.3406750084e+00 1.2822739082e+00 7.9109482420e+01
1.3034109593e+00 1.2814513514e+00 7.6676652104e+01
1.3306915577e+00 1.3261207535e+00 7.3270912618e+01
1.3244141094e+00 1.2591381850e+00 8.1888128163e+01
1.3271829407e+00 1.2703542668e+00 7.9994655462e+01
1.2719943570e+00 1.2888861960e+00 7.4045148973e+01
1.3652733913e+00 1.2611870558e+00 8.7855467302e+01
1.2945744218e+00 1.2497804952e+00 8.0856317856e+01
1.3014938947e+00 1.2341776541e+00 8.5946605487e+01
1.3177372562e+00 1.2841753950e+00 7.7235456792e+01
1.3316010015e+00 1.2755654214e+00 7.9479819877e+01
1.3543716702e+00 1.2558610838e+00 8.8014565082e+01
1.3686386791e+00 1.2622133827e+00 8.8378926216e+01
1.3010062064e+00 1.2603097131e+00 7.9542802945e+01
1.3156258732e+00 1.2862867780e+00 7.6826743101e+01
1.3486904734e+00 1.2641715203e+00 8.3461913920e+01
1.3178542243e+00 1.2552259127e+00 8.2052287288e+01
1.3404541294e+00 1.2544589904e+00 8.5272615194e+01
1.3436483897e+00 1.3047945672e+00 7.6236020107e+01
1.3267364215e+00 1.2507053913e+00 8.4324110442e+01
1.3613339411e+00 1.2624927113e+00 8.6028533830e+01
1.2923427883e+00 1.2724569517e+00 7.7132082137e+01
1.2531253679e+00 1.3164672019e+00 7.0642467113e+01
1.2859585755e+00 1.2840698539e+00 7.5325790544e+01
1.3704069430e+00 1.2652787189e+00 8.6757527902e+01
1.3297089004e+00 1.2438072934e+00 8.8378926216e+01
1.3467381962e+00 1.2727007562e+00 8.1299894225e+01
1.3063732023e+00 1.2776157396e+00 7.7365844600e+01
1.2836148432e+00 1.2594369378e+00 7.8346920764e+01
1.2996356132e+00 1.2590684770e+00 7.9637987289e+01
1.3257329432e+00 1.2639346540e+00 8.1038494274e+01
1.2931093618e+00 1.2834599189e+00 7.5808807284e+01
1.2933531277e+00 1.2766753017e+00 7.6651798080e+01
1.3468976723e+00 1.2580792498e+00 8.5068338769e+01
1.3293493687e+00 1.2664383487e+00 8.0892464042e+01
1.3341601712e+00 1.2953741495e+00 7.6826743101e+01
1.2931565401e+00 1.2720787884e+00 7.7235456792e+01
1.3304814547e+00 1.2504514714e+00 8.5002097282e+01
1.2920543380e+00 1.3094206584e+00 7.3013920964e+01
1.3626338545e+00 1.2603150620e+00 8.7568287925e+01
1.3212749016e+00 1.2614041716e+00 8.1112401649e+01
1.2807878895e+00 1.2983992831e+00 7.3531797916e+01
1.2728442632e+00 1.2702075178e+00 7.6187912459e+01
1.3263332719e+00 1.2672681356e+00 8.0467675232e+01
1.2967989814e+00 1.2701789478e+00 7.7738183355e+01
1.3077977254e+00 1.2626665883e+00 7.9701926885e+01
1.3772979348e+00 1.2861279759e+00 8.1530319164e+01
1.3187438706e+00 1.2530282439e+00 8.2655493698e+01
1.2935499331e+00 1.3044247083e+00 7.3572291496e+01
1.2782269397e+00 1.3088192234e+00 7.2415805206e+01
1.2268873009e+00 1.2543071562e+00 7.5325790544e+01
1.3157132758e+00 1.2695857562e+00 7.9200889974e+01
1.3247913011e+00 1.2915777181e+00 7.6726497234e+01
1.3159584677e+00 1.2890184543e+00 7.6503617642e+01
1.2929916451e+00 1.2613613706e+00 7.8751188620e+01
1.3292298626e+00 1.2582531447e+00 8.2610784034e+01
1.3342231951e+00 1.2454003789e+00 8.9189483384e+01
1.3626679859e+00 1.2594032928e+00 8.8378926216e+01
1.3084135962e+00 1.2843134592e+00 7.6626989411e+01
1.3141634262e+00 1.2506363138e+00 8.2700475693e+01
1.3747917823e+00 1.2652906273e+00 8.8187569297e+01
1.3590902688e+00 1.2577172388e+00 8.8378926216e+01
1.3127857502e+00 1.2576785636e+00 8.1038494274e+01
1.3368679132e+00 1.2759940806e+00 7.9830999012e+01
1.3134433189e+00 1.2356916668e+00 8.8853746852e+01
1.3202004495e+00 1.2411154700e+00 8.6966995687e+01
1.3084298453e+00 1.2768691867e+00 7.7603941562e+01
1.2403296067e+00 1.3014192609e+00 7.1346616236e+01
1.2769232577e+00 1.2974651235e+00 7.3430984963e+01
1.3028720317e+00 1.2723886354e+00 7.7846627825e+01
1.3132246055e+00 1.3290570938e+00 7.2189503547e+01
1.2642274702e+00 1.3062368436e+00 7.2003022837e+01
1.2668068485e+00 1.3394837004e+00 6.9400805208e+01
1.3242520121e+00 1.2575539383e+00 8.2219886681e+01
1.2152778457e+00 1.2892156365e+00 7.1275053722e+01
1.3358853661e+00 1.2699672827e+00 8.0820312794e+01
1.3366300343e+00 1.2674712591e+00 8.1376023555e+01
1.3098648807e+00 1.2828621747e+00 7.6902422036e+01
1.3083595738e+00 1.2420795859e+00 8.4266437827e+01
1.3213645995e+00 1.2853638742e+00 7.7313531307e+01
1.2753550142e+00 1.2572796941e+00 7.8066427965e+01
1.2949076207e+00 1.3267248757e+00 7.1581045961e+01
1.2752299652e+00 1.3009030864e+00 7.3013920964e+01
1.2836128449e+00 1.2803157920e+00 7.5622927969e+01
1.3009017272e+00 1.2979478557e+00 7.4618284369e+01
1.3207647988e+00 1.2868395978e+00 7.7080699799e+01
1.3077045689e+00 1.2863340514e+00 7.6332733555e+01
1.3587109756e+00 1.2708233451e+00 8.2976381855e+01
1.3620232249e+00 1.2741020019e+00 8.2566341788e+01
1.3524726596e+00 1.2564458054e+00 8.6966995687e+01
1.3134769948e+00 1.2713853159e+00 7.8751188620e+01
1.3015913728e+00 1.2605953539e+00 7.9542802945e+01
1.3290542991e+00 1.2662961072e+00 8.0892464042e+01
1.2868688375e+00 1.2271376309e+00 8.5946605487e+01
1.2970352244e+00 1.2921954056e+00 7.5034424584e+01
1.2669008778e+00 1.2401858628e+00 8.0127513527e+01
1.3190506146e+00 1.2723650970e+00 7.9018826610e+01
1.3514761651e+00 1.2539386080e+00 8.8596120629e+01
1.3370734074e+00 1.2482256246e+00 8.7568287925e+01
1.3499565474e+00 1.2541447460e+00 8.7707378991e+01
1.3372982004e+00 1.2602390071e+00 8.3070778751e+01
1.2891546449e+00 1.2769519347e+00 7.6357016986e+01
1.2897967523e+00 1.3064283008e+00 7.3191431906e+01
1.3079198221e+00 1.2655963717e+00 7.9231529518e+01
1.3483422880e+00 1.2807528345e+00 7.9961712929e+01
1.3159027419e+00 1.2624117016e+00 8.0433119990e+01
1.3277477702e+00 1.2510030255e+00 8.4382373156e+01
1.2674756665e+00 1.3322489560e+00 6.9978870310e+01
1.3533561349e+00 1.2630128842e+00 8.4441244525e+01
1.2385257193e+00 1.3188727894e+00 6.9845341098e+01
1.3236676709e+00 1.2520291761e+00 8.3512456048e+01
1.3387782071e+00 1.2609464154e+00 8.3070778751e+01
1.3009305717e+00 1.2887370255e+00 7.5646033984e+01
1.2909682071e+00 1.3240854938e+00 7.1635555180e+01
1.2851716638e+00 1.2953247870e+00 7.4066017793e+01
1.3245486809e+00 1.2677412353e+00 8.0228330525e+01
1.3748723482e+00 1.2647702767e+00 8.8853746852e+01
1.3398980611e+00 1.2532661580e+00 8.5634214754e+01
1.3161953455e+00 1.2883437499e+00 7.6602225844e+01
1.2975462689e+00 1.3017408215e+00 7.4045148973e+01
1.2954379396e+00 1.2445740564e+00 8.2010933342e+01
1.2828762920e+00 1.2976201587e+00 7.3714790034e+01
1.3315530109e+00 1.2576776192e+00 8.3023421435e+01
1.3219549301e+00 1.2406672371e+00 8.7855467302e+01
1.3237481413e+00 1.2729142720e+00 7.9293068528e+01
1.3225130460e+00 1.2418511301e+00 8.7192030493e+01
1.2698036147e+00 1.3360490341e+00 6.9778893484e+01
1.2473704391e+00 1.3008952208e+00 7.1708478082e+01
1.3205186194e+00 1.2682750681e+00 7.9798579510e+01
1.3127348623e+00 1.2743113008e+00 7.8262079083e+01
1.3443656747e+00 1.2606112473e+00 8.3877872787e+01
1.3449597997e+00 1.2622066231e+00 8.3512456048e+01
1.3223143453e+00 1.3094163330e+00 7.4532068904e+01
1.3192850417e+00 1.2555394701e+00 8.2135643310e+01
1.3584997654e+00 1.2701561834e+00 8.3118460360e+01
1.3618640152e+00 1.2698666630e+00 8.3614735208e+01
1.3517651993e+00 1.2720614531e+00 8.1928856974e+01
1.3542829024e+00 1.2612092134e+00 8.5203558584e+01
1.3325875250e+00 1.2457269184e+00 8.7855467302e+01
1.3273597690e+00 1.2439763873e+00 8.7311596302e+01
1.3250605325e+00 1.2410460470e+00 8.9189483384e+01
1.3085731005e+00 1.2955281930e+00 7.5303177292e+01
1.3660114324e+00 1.2784701670e+00 8.2010933342e+01
1.3558717328e+00 1.2578668703e+00 8.7077348295e+01
1.3384827776e+00 1.2594918638e+00 8.3411757846e+01
1.3413111761e+00 1.2571009237e+00 8.4500744095e+01
1.3179409615e+00 1.3239008310e+00 7.2877092002e+01
1.2989382421e+00 1.2723979142e+00 7.7577264583e+01
1.2805394673e+00 1.2829536551e+00 7.5145827200e+01
1.3647104062e+00 1.2599940799e+00 8.8853746852e+01
1.2842845407e+00 1.2892316531e+00 7.4661569416e+01
1.2936474590e+00 1.3178998045e+00 7.2302304233e+01
1.3349893720e+00 1.2787492311e+00 7.9231529518e+01
1.2975719733e+00 1.2424400227e+00 8.2745735086e+01
1.3050683382e+00 1.2619095910e+00 7.9606163389e+01
1.3520745572e+00 1.2603491687e+00 8.5135479942e+01
1.2479535496e+00 1.3229466731e+00 6.9911999338e+01
1.3235425039e+00 1.2534630305e+00 8.3118460360e+01
1.3056690793e+00 1.2639234904e+00 7.9323969492e+01
1.3178885089e+00 1.2569360030e+00 8.1687457017e+01
1.3054231568e+00 1.2659129994e+00 7.8988771847e+01
1.3299886709e+00 1.2833116153e+00 7.8177837772e+01
1.2724846398e+00 1.2753463942e+00 7.5553826997e+01
1.3185566895e+00 1.2580125912e+00 8.1530319164e+01
1.3397930062e+00 1.2586190936e+00 8.3824351811e+01
1.2724183521e+00 1.3093875983e+00 7.2096028356e+01
1.3543716702e+00 1.2558610838e+00 8.8014565082e+01
1.3204159183e+00 1.2985843987e+00 7.5622927969e+01
1.3396532177e+00 1.2964720091e+00 7.7029517563e+01
1.3248044924e+00 1.2522010421e+00 8.3614735208e+01
1.3372196057e+00 1.2721369310e+00 8.0537160751e+01
1.3046831181e+00 1.2622948111e+00 7.9511264665e+01
1.3101280799e+00 1.2751709522e+00 7.7956033878e+01
1.3000077731e+00 1.2735084207e+00 7.7497569815e+01
1.3343930761e+00 1.2662066843e+00 8.1414339425e+01
1.3565749295e+00 1.2615481903e+00 8.5486104849e+01
1.2936559632e+00 1.2789881417e+00 7.6381342894e+01
1.3092405069e+00 1.2425030492e+00 8.4266437827e+01
1.3367679062e+00 1.2660201283e+00 8.1687457017e+01
1.2707678452e+00 1.2957743968e+00 7.3290840172e+01
1.3436738619e+00 1.2858604587e+00 7.8780614851e+01
1.3428315452e+00 1.2660869197e+00 8.2305046547e+01
1.3949799348e+00 1.2741821940e+00 8.8853746852e+01
1.2695484133e+00 1.2969938288e+00 7.3112314516e+01
1.3271145499e+00 1.2594947935e+00 8.2093856142e+01
1.3675700309e+00 1.2615250916e+00 8.8596120629e+01
1.3157341000e+00 1.2748075053e+00 7.8403821928e+01
1.3380726429e+00 1.2472263891e+00 8.9189483384e+01
1.3149715260e+00 1.2707642519e+00 7.8958797887e+01
1.3180159049e+00 1.2803961949e+00 7.7765205727e+01
1.3350845764e+00 1.2782157098e+00 7.9323969492e+01
1.3610358473e+00 1.2623519249e+00 8.6028533830e+01
1.2959703608e+00 1.2618633171e+00 7.8899089761e+01
1.2817987118e+00 1.2721193322e+00 7.6503617642e+01
1.3348995838e+00 1.2499627269e+00 8.6028533830e+01
1.3340594753e+00 1.2700418181e+00 8.0642347542e+01
1.3191893700e+00 1.2456103699e+00 8.4808428882e+01
1.2853296493e+00 1.2490402478e+00 8.0161005537e+01
1.2933078410e+00 1.2780283153e+00 7.6479075887e+01
1.3301777697e+00 1.2490094028e+00 8.5486104849e+01
1.3563603746e+00 1.2727347478e+00 8.2262350168e+01
1.3462200331e+00 1.2521920668e+00 8.7855467302e+01
1.2877804341e+00 1.3058209733e+00 7.3151828116e+01
1.3195576461e+00 1.2701099511e+00 7.9417207447e+01
1.2916761080e+00 1.3106742226e+00 7.2877092002e+01
1.3426968489e+00 1.2675359050e+00 8.1969790983e+01
1.3360927683e+00 1.2518271079e+00 8.5486104849e+01
1.2936156440e+00 1.2764127854e+00 7.6701551736e+01
1.3022258874e+00 1.2913755200e+00 7.5416586482e+01
1.3124655386e+00 1.2427574945e+00 8.4683224036e+01
1.2989531490e+00 1.2763075181e+00 7.7055083817e+01
1.3359014606e+00 1.2563884557e+00 8.3931863986e+01
1.3056736189e+00 1.2521600590e+00 8.1452825766e+01
1.3231490189e+00 1.2425219228e+00 8.6966995687e+01
1.2521694847e+00 1.3113236376e+00 7.1026634431e+01
1.3257479809e+00 1.2468961240e+00 8.5486104849e+01
1.3226921478e+00 1.2573678523e+00 8.2093856142e+01
1.3707305501e+00 1.2719910804e+00 8.4209337681e+01
1.2967349171e+00 1.2676292590e+00 7.8094184084e+01
1.3783656972e+00 1.2705175327e+00 8.6028533830e+01
1.2899976046e+00 1.2983591649e+00 7.4003490889e+01
1.2764330270e+00 1.2735713833e+00 7.5997102501e+01
1.3447818425e+00 1.2518805708e+00 8.7568287925e+01
1.3180128819e+00 1.2900295129e+00 7.6503617642e+01
1.3516605884e+00 1.2555058345e+00 8.7311596302e+01
1.3082909162e+00 1.2979996328e+00 7.5012241172e+01
1.3352252566e+00 1.2605624608e+00 8.2745735086e+01
1.3392441684e+00 1.2600429220e+00 8.3361979075e+01
1.3257046288e+00 1.2622152473e+00 8.1376023555e+01
1.3155968658e+00 1.2374513090e+00 8.8014565082e+01
1.3141359885e+00 1.2742207810e+00 7.8375337009e+01
1.3376783699e+00 1.2498046374e+00 8.6757527902e+01
1.2476862029e+00 1.2832137127e+00 7.3370782375e+01
1.2991226039e+00 1.2892341657e+00 7.5485048020e+01
1.3462295685e+00 1.2609368543e+00 8.4041308295e+01
1.3058407447e+00 1.2973850183e+00 7.4945882582e+01
1.2628890784e+00 1.3088830361e+00 7.1708478082e+01
1.2984102360e+00 1.2563777760e+00 7.9994655462e+01
1.3554215839e+00 1.2600705319e+00 8.5866297957e+01
1.2908031253e+00 1.2744322032e+00 7.6776526866e+01
1.2965277813e+00 1.2839686694e+00 7.5949796914e+01
1.2879597400e+00 1.2868647719e+00 7.5123481451e+01
1.2671090370e+00 1.2768114767e+00 7.5078888084e+01
1.3410202744e+00 1.2622054886e+00 8.3023421435e+01
1.3221891292e+00 1.2565616665e+00 8.2219886681e+01
1.3004276056e+00 1.2874922705e+00 7.5762114683e+01
1.3327744178e+00 1.2599526375e+00 8.2610784034e+01
1.2476659443e+00 1.3472471754e+00 6.8119013445e+01
1.2861142481e+00 1.2499912340e+00 8.0060864731e+01
1.3128549458e+00 1.2354107140e+00 8.8853746852e+01
1.2947538403e+00 1.3167934233e+00 7.2453796832e+01
1.3231948990e+00 1.2581745270e+00 8.1969790983e+01
1.2659014026e+00 1.3220184736e+00 7.0729130646e+01
1.3249277185e+00 1.2573147810e+00 8.2347979715e+01
1.3106732248e+00 1.2519489424e+00 8.2010933342e+01
1.3035374566e+00 1.2651834677e+00 7.8958797887e+01
1.3153796295e+00 1.2367987748e+00 8.8596120629e+01
1.3088302946e+00 1.2503090388e+00 8.2177652292e+01
1.3516146812e+00 1.2551137925e+00 8.7568287925e+01
1.3010149384e+00 1.2668344390e+00 7.8518458573e+01
1.3231811334e+00 1.2416186065e+00 8.7568287925e+01
1.3315888908e+00 1.2467255527e+00 8.6860516083e+01
1.3401591335e+00 1.2661314154e+00 8.2010933342e+01
1.3200757230e+00 1.2578023928e+00 8.1727204497e+01
1.3534909332e+00 1.2567418208e+00 8.7077348295e+01
1.3007858313e+00 1.3217242541e+00 7.2283455850e+01
1.3431613645e+00 1.2679477047e+00 8.1928856974e+01
1.3157423636e+00 1.2839822590e+00 7.7132082137e+01
1.3088253657e+00 1.2747269287e+00 7.7928590790e+01
1.3610166601e+00 1.2597383452e+00 8.7436729029e+01
1.3215575742e+00 1.2628680399e+00 8.0856317856e+01
1.2987982531e+00 1.3140637407e+00 7.2896573969e+01
1.3243417123e+00 1.2443792119e+00 8.6285126569e+01
1.2530132318e+00 1.3314123822e+00 6.9466080940e+01
1.3108022908e+00 1.2841108289e+00 7.6801611525e+01
1.3282848957e+00 1.2832623679e+00 7.8066427965e+01
1.2908232550e+00 1.2327082138e+00 8.4560892485e+01
1.3183100463e+00 1.2687361168e+00 7.9542802945e+01
1.3132723853e+00 1.2598077517e+00 8.0677671172e+01
1.3092053923e+00 1.2512398188e+00 8.2010933342e+01
1.3243150232e+00 1.2850415136e+00 7.7550643872e+01
1.2765194639e+00 1.2891514778e+00 7.4255049545e+01
1.2840619716e+00 1.2785601956e+00 7.5855650848e+01
1.3161257317e+00 1.2936689014e+00 7.5949796914e+01
1.3026585566e+00 1.2870090406e+00 7.5949796914e+01
1.3120097534e+00 1.2706693198e+00 7.8751188620e+01
1.3279579880e+00 1.2827129113e+00 7.8122004123e+01
1.2999996318e+00 1.2944762259e+00 7.4945882582e+01
1.3164394290e+00 1.3091429886e+00 7.4255049545e+01
1.3112154613e+00 1.2440075719e+00 8.4096788508e+01
1.3280485779e+00 1.2690512203e+00 8.0296118030e+01
1.3008129587e+00 1.3225748136e+00 7.2208255597e+01
1.3280804181e+00 1.2860965265e+00 7.7657465783e+01
1.3085340016e+00 1.2903155813e+00 7.5902646881e+01
1.3280228670e+00 1.2800195278e+00 7.8518458573e+01
1.3212549421e+00 1.2671018274e+00 8.0060864731e+01
1.3133981409e+00 1.2448707307e+00 8.4152793230e+01
1.3238393106e+00 1.2942838092e+00 7.6332733555e+01
1.3449522031e+00 1.2582735599e+00 8.4683224036e+01
1.3395543066e+00 1.2479287007e+00 8.9189483384e+01
1.3230117177e+00 1.3038877808e+00 7.5168205857e+01
1.3069666291e+00 1.3023899076e+00 7.4467713732e+01
1.3474999738e+00 1.2535373923e+00 8.7311596302e+01
1.3188646236e+00 1.2415805874e+00 8.6374684998e+01
1.3190868314e+00 1.2605367426e+00 8.1075372075e+01
1.2902702275e+00 1.3042056303e+00 7.3430984963e+01
1.3230212890e+00 1.2679573571e+00 8.0060864731e+01
1.3283094160e+00 1.2644176393e+00 8.1186923776e+01
1.3342766577e+00 1.3036070727e+00 7.5832210102e+01
1.2969519084e+00 1.2839810176e+00 7.5973430165e+01
1.2976905158e+00 1.2989718976e+00 7.4339777311e+01
1.3365321249e+00 1.2623174579e+00 8.2478240615e+01
1.3224630223e+00 1.2606526492e+00 8.1376023555e+01
1.2937610099e+00 1.2458168300e+00 8.1569331007e+01
1.3267403599e+00 1.2686100464e+00 8.0262165861e+01
1.3485969056e+00 1.2594454892e+00 8.4872174373e+01
1.2885368060e+00 1.2649462911e+00 7.7901209028e+01
1.2866849893e+00 1.2255909512e+00 8.6657708378e+01
1.3248405893e+00 1.2438803350e+00 8.6657708378e+01
1.3464832158e+00 1.2606832071e+00 8.4152793230e+01
1.3114255199e+00 1.2655800146e+00 7.9511264665e+01
1.3172846686e+00 1.3118104539e+00 7.4024306706e+01
1.3267229246e+00 1.2433055048e+00 8.7568287925e+01
1.3386077544e+00 1.2900481944e+00 7.7819427566e+01
1.2971543980e+00 1.2711307405e+00 7.7630675173e+01
1.3100495136e+00 1.2796180837e+00 7.7339661375e+01
1.3391430394e+00 1.2540211798e+00 8.5203558584e+01
1.3640357925e+00 1.2690129937e+00 8.4152793230e+01
1.3556535699e+00 1.2672953466e+00 8.3512456048e+01
1.3752136245e+00 1.2727890841e+00 8.4621711461e+01
1.3247218956e+00 1.2540289001e+00 8.3118460360e+01
1.2844429047e+00 1.2977995949e+00 7.3776233514e+01
1.3092387466e+00 1.2996797183e+00 7.4879808517e+01
1.3347970173e+00 1.2478820559e+00 8.7077348295e+01
1.3324821157e+00 1.2571854815e+00 8.3263520051e+01
1.3102327217e+00 1.2602315920e+00 8.0330188264e+01
1.3357555505e+00 1.2937787701e+00 7.7132082137e+01
1.3409428583e+00 1.2837616277e+00 7.8899089761e+01
1.3464298882e+00 1.2681854222e+00 8.2219886681e+01
1.3566607760e+00 1.2562012178e+00 8.8853746852e+01
1.3149004282e+00 1.2564357281e+00 8.1491484890e+01
1.3051807397e+00 1.2731337038e+00 7.7901209028e+01
1.3557104307e+00 1.2589048798e+00 8.6466509507e+01
1.3393509579e+00 1.2485689182e+00 8.8187569297e+01
1.3085022627e+00 1.2384595938e+00 8.5559543476e+01
1.3025200823e+00 1.3107802039e+00 7.3390826340e+01
1.2983892672e+00 1.2707674675e+00 7.7765205727e+01
1.2797972663e+00 1.2871806629e+00 7.4639912012e+01
1.3046915079e+00 1.2331499551e+00 8.7311596302e+01
1.3073532353e+00 1.2522213660e+00 8.1608522897e+01
1.3139607983e+00 1.2582472991e+00 8.1038494274e+01
1.3033067818e+00 1.2780626442e+00 7.7106365806e+01
1.2948602529e+00 1.3083655100e+00 7.3251008096e+01
1.3640690921e+00 1.2654652285e+00 8.5342693277e+01
1.3419280590e+00 1.2538596584e+00 8.5787518542e+01
1.2729971395e+00 1.3512684175e+00 6.8774428430e+01
1.3445676487e+00 1.2573450025e+00 8.4936720171e+01
1.3483218181e+00 1.2557794753e+00 8.6285126569e+01
1.3558137932e+00 1.2561716893e+00 8.8378926216e+01
1.3067052120e+00 1.2694278396e+00 7.8547294593e+01
1.3142201412e+00 1.2702054728e+00 7.8988771847e+01
1.3428460473e+00 1.2972363623e+00 7.7132082137e+01
1.2988664076e+00 1.2415797692e+00 8.3118460360e+01
1.3162007440e+00 1.2438091498e+00 8.4936720171e+01
1.3612966256e+00 1.2634078604e+00 8.5634214754e+01
1.3333964256e+00 1.2466635745e+00 8.7436729029e+01
1.3052740435e+00 1.2551711675e+00 8.0820312794e+01
1.2905600741e+00 1.3152925747e+00 7.2396839172e+01
1.2764659355e+00 1.3114539406e+00 7.2096028356e+01
1.2998113797e+00 1.2375960510e+00 8.4382373156e+01
1.3255771046e+00 1.2991273815e+00 7.5855650848e+01
1.2577038338e+00 1.2975191993e+00 7.2491868298e+01
1.3407866449e+00 1.2488809523e+00 8.8596120629e+01
1.2987636713e+00 1.2286678479e+00 8.8853746852e+01
1.2710093556e+00 1.2720424255e+00 7.5855650848e+01
1.3226998187e+00 1.2399223485e+00 8.9189483384e+01
1.3513042791e+00 1.2536726430e+00 8.8853746852e+01
1.3180216331e+00 1.2554945607e+00 8.2010933342e+01
1.3398453860e+00 1.2686350316e+00 8.1452825766e+01
1.2811297567e+00 1.2415353070e+00 8.1186923776e+01
1.3391595925e+00 1.2505080048e+00 8.6757527902e+01
1.3086265491e+00 1.2566087794e+00 8.0856317856e+01
1.3602232614e+00 1.2614092350e+00 8.6285126569e+01
1.3596870458e+00 1.2852346068e+00 8.0127513527e+01
1.2788351614e+00 1.3099585261e+00 7.2340059416e+01
1.2733572036e+00 1.2853468866e+00 7.4489136515e+01
1.3527700861e+00 1.2565864506e+00 8.6966995687e+01
1.2758393596e+00 1.2615680711e+00 7.7497569815e+01
1.3085636173e+00 1.2714963828e+00 7.8375337009e+01
1.3324003016e+00 1.2703877329e+00 8.0433119990e+01
1.3177835332e+00 1.2867555622e+00 7.6902422036e+01
1.3293011960e+00 1.2616774502e+00 8.1847601472e+01
1.3446099969e+00 1.2669372667e+00 8.2305046547e+01
1.3318248702e+00 1.2749036035e+00 7.9606163389e+01
1.3267936432e+00 1.2462864938e+00 8.5946605487e+01
1.3847624092e+00 1.2694059972e+00 8.8853746852e+01
1.3177524742e+00 1.2736632374e+00 7.8721838178e+01
1.3286419808e+00 1.2553469612e+00 8.3263520051e+01
1.2779374526e+00 1.3086718909e+00 7.2415805206e+01
1.2960346983e+00 1.2548392355e+00 8.0060864731e+01
1.2854392913e+00 1.3077249278e+00 7.2857631514e+01
1.2617687832e+00 1.3467116345e+00 6.8679622837e+01
1.3201243219e+00 1.2918611606e+00 7.6405711507e+01
1.2792792694e+00 1.2807306244e+00 7.5325790544e+01
1.3021971316e+00 1.2782993191e+00 7.7004000743e+01
1.3227124487e+00 1.2844539742e+00 7.7524079068e+01
1.3459462370e+00 1.2546535234e+00 8.6285126569e+01
1.3449592502e+00 1.2718482574e+00 8.1299894225e+01
1.3183830113e+00 1.2634229392e+00 8.0467675232e+01
1.3119649008e+00 1.2886348595e+00 7.6308492375e+01
1.3430954792e+00 1.2605680367e+00 8.3718672554e+01
1.3457444667e+00 1.3040193820e+00 7.6454577770e+01
1.3161224573e+00 1.2958630252e+00 7.5692355604e+01
1.3025487642e+00 1.2792571863e+00 7.6902422036e+01
1.3170028917e+00 1.2621842808e+00 8.0572093792e+01
1.3230212890e+00 1.2679573571e+00 8.0060864731e+01
1.2967321978e+00 1.2807096151e+00 7.6357016986e+01
1.3461431960e+00 1.2601473530e+00 8.4266437827e+01
1.3297866929e+00 1.2432934441e+00 8.9189483384e+01
1.2865148718e+00 1.2839494419e+00 7.5371119608e+01
1.3189380483e+00 1.2663609837e+00 7.9994655462e+01
1.3239257761e+00 1.2626835673e+00 8.1112401649e+01
1.3123582281e+00 1.2493930826e+00 8.2791277101e+01
1.2957353348e+00 1.2917476726e+00 7.5012241172e+01
1.2885774279e+00 1.2927919981e+00 7.4510588199e+01
1.3582084068e+00 1.2585991008e+00 8.7311596302e+01
1.2850722103e+00 1.2259060950e+00 8.6112185454e+01
1.2960763601e+00 1.2339563078e+00 8.5002097282e+01
1.3163306522e+00 1.2567494848e+00 8.1569331007e+01
1.3557113734e+00 1.2821723570e+00 8.0330188264e+01
1.3089986097e+00 1.2666982373e+00 7.9139867144e+01
1.3249521258e+00 1.2472559716e+00 8.5203558584e+01
1.3063514988e+00 1.2872499086e+00 7.6139968555e+01
1.3258833625e+00 1.2432733722e+00 8.7311596302e+01
1.3382551968e+00 1.2654083191e+00 8.1969790983e+01
1.3342379012e+00 1.2466950249e+00 8.7707378991e+01
1.3056323929e+00 1.2753005332e+00 7.7630675173e+01
1.3440271482e+00 1.2754118042e+00 8.0537160751e+01
1.3103187677e+00 1.2776011084e+00 7.7630675173e+01
1.3107965054e+00 1.2439915067e+00 8.4041308295e+01
1.2997370733e+00 1.2394066353e+00 8.3824351811e+01
1.3425194777e+00 1.2493333239e+00 8.9189483384e+01
1.2967377373e+00 1.2872512047e+00 7.5576824649e+01
1.3076096701e+00 1.2829319352e+00 7.6751488857e+01
1.3246430196e+00 1.2628399877e+00 8.1149584901e+01
1.3124299020e+00 1.2541123400e+00 8.1727204497e+01
1.2979525363e+00 1.3013345542e+00 7.4107835512e+01
1.2835699804e+00 1.2890741245e+00 7.4639912012e+01
1.3220660517e+00 1.2553757611e+00 8.2478240615e+01
1.3136485060e+00 1.2446203657e+00 8.4266437827e+01
1.3861004472e+00 1.2711526000e+00 8.7707378991e+01
1.3227229846e+00 1.2708784228e+00 7.9542802945e+01
1.3133860145e+00 1.2771555908e+00 7.7901209028e+01
1.2987636713e+00 1.2286678479e+00 8.8853746852e+01
1.3174963063e+00 1.2997497142e+00 7.5325790544e+01
1.3008564126e+00 1.2683003220e+00 7.8290292293e+01
1.3344978728e+00 1.2687278901e+00 8.0928753038e+01
1.2863176196e+00 1.3353148768e+00 7.0504576168e+01
1.3549053874e+00 1.2737505614e+00 8.1888128163e+01
1.3020485206e+00 1.2579613732e+00 8.0027705704e+01
1.3301859637e+00 1.2503104871e+00 8.5002097282e+01
1.3176145380e+00 1.2904278569e+00 7.6430123055e+01
1.3551438179e+00 1.2664886785e+00 8.3666491536e+01
1.3479246268e+00 1.3066843694e+00 7.6260135872e+01
1.2961441720e+00 1.2590788611e+00 7.9354959114e+01
1.3437062343e+00 1.2498951732e+00 8.9189483384e+01
1.3341783282e+00 1.2878929504e+00 7.7819427566e+01
1.3266585044e+00 1.2739412560e+00 7.9354959114e+01
1.3217578742e+00 1.2727179836e+00 7.9170336091e+01
1.3306576658e+00 1.2520214074e+00 8.4500744095e+01
1.3174964654e+00 1.2756677537e+00 7.8403821928e+01
1.3163895582e+00 1.2601797225e+00 8.0892464042e+01
1.2978994528e+00 1.2812877198e+00 7.6357016986e+01
1.3232858872e+00 1.2563376868e+00 8.2391153680e+01
1.3079894815e+00 1.2572458470e+00 8.0677671172e+01
1.3051386659e+00 1.2322687648e+00 8.8187569297e+01
1.2575035473e+00 1.3557967389e+00 6.7889420137e+01
1.1822487269e+00 1.3612374081e+00 6.4991884248e+01
1.3148040895e+00 1.2656923612e+00 7.9766261626e+01
1.2936783413e+00 1.2715569872e+00 7.7339661375e+01
1.2859348851e+00 1.2884534961e+00 7.4835915371e+01
1.2901432051e+00 1.2833729887e+00 7.5646033984e+01
1.2920488093e+00 1.2845204714e+00 7.5622927969e+01
1.3165789645e+00 1.2940919348e+00 7.5926202551e+01
1.2414320204e+00 1.2782014062e+00 7.3552032589e+01
1.3350701252e+00 1.2502289068e+00 8.5946605487e+01
1.3344675814e+00 1.2998995327e+00 7.6284293221e+01
1.3521648867e+00 1.2791264712e+00 8.0572093792e+01
1.2856680316e+00 1.2939555424e+00 7.4233936959e+01
1.3104637196e+00 1.2853239979e+00 7.6626989411e+01
1.3046492711e+00 1.2544900623e+00 8.0892464042e+01
1.3276299014e+00 1.3023436419e+00 7.5599858248e+01
1.3226992200e+00 1.2547425928e+00 8.2700475693e+01
1.3384615217e+00 1.2529541899e+00 8.5486104849e+01
1.3535226374e+00 1.2619694784e+00 8.4808428882e+01
1.3405075340e+00 1.2640315614e+00 8.2522162191e+01
1.3224346278e+00 1.2423651122e+00 8.6860516083e+01
1.3318053157e+00 1.2473818568e+00 8.6560781600e+01
1.3339731833e+00 1.2784505426e+00 7.9200889974e+01
1.2971450236e+00 1.2785518234e+00 7.6651798080e+01
1.3302426492e+00 1.2585510383e+00 8.2655493698e+01
1.2683525944e+00 1.3025476282e+00 7.2530020127e+01
1.3092489457e+00 1.2729935539e+00 7.8205852297e+01
1.3458423702e+00 1.2586967253e+00 8.4683224036e+01
1.3147543420e+00 1.2784098771e+00 7.7819427566e+01
1.3222769377e+00 1.2433940040e+00 8.6285126569e+01
1.3455509333e+00 1.2896951883e+00 7.8346920764e+01
1.3649289030e+00 1.2606535147e+00 8.8187569297e+01
1.2760604139e+00 1.2722052459e+00 7.6139968555e+01
1.3148219823e+00 1.2757196229e+00 7.8205852297e+01
1.3489695373e+00 1.2577589364e+00 8.5559543476e+01
1.3828091189e+00 1.2841462854e+00 8.2522162191e+01
1.3366643927e+00 1.2582487271e+00 8.3512456048e+01
1.3636427680e+00 1.2593061486e+00 8.9189483384e+01
1.3158073309e+00 1.2690549799e+00 7.9293068528e+01
1.3415846313e+00 1.2765384885e+00 8.0127513527e+01
1.3552976957e+00 1.2553732036e+00 8.9189483384e+01
1.3037548674e+00 1.2497282297e+00 8.1767142530e+01
1.2535936363e+00 1.3011943758e+00 7.1965950507e+01
1.3039741287e+00 1.2686699761e+00 7.8460999819e+01
1.3504703799e+00 1.2623916139e+00 8.4209337681e+01
1.3653994940e+00 1.2698466276e+00 8.4096788508e+01
1.3434603259e+00 1.2816831137e+00 7.9417207447e+01
1.3608780897e+00 1.2726101147e+00 8.2791277101e+01
1.3053751491e+00 1.2738120234e+00 7.7819427566e+01
1.3156458886e+00 1.2928345290e+00 7.6020814122e+01
1.3294012638e+00 1.2558977683e+00 8.3214823856e+01
1.3212534808e+00 1.2583700933e+00 8.1727204497e+01
1.3119889085e+00 1.2829242112e+00 7.7029517563e+01
1.3004235484e+00 1.2752732986e+00 7.7287454070e+01
1.3239000047e+00 1.2815147685e+00 7.8011105717e+01
1.3470646896e+00 1.2522224009e+00 8.8187569297e+01
1.3336779907e+00 1.2455091819e+00 8.8596120629e+01
1.3504586851e+00 1.2536426083e+00 8.8378926216e+01
1.2920720886e+00 1.3225432219e+00 7.1818391996e+01
1.3030742104e+00 1.2787317401e+00 7.7004000743e+01
1.3426667479e+00 1.2947773200e+00 7.7444716555e+01
1.3420176004e+00 1.2546448129e+00 8.5486104849e+01
1.2933149101e+00 1.3055346728e+00 7.3451099791e+01
1.3195089594e+00 1.2727809569e+00 7.8988771847e+01
1.3265397073e+00 1.2635648816e+00 8.1186923776e+01
1.3457299025e+00 1.2754638361e+00 8.0677671172e+01
1.3079761270e+00 1.2585661150e+00 8.0433119990e+01
1.3260496277e+00 1.3021671719e+00 7.5530865121e+01
1.3139056146e+00 1.3099210378e+00 7.4045148973e+01
1.3247509065e+00 1.3043442160e+00 7.5213062491e+01
1.2773512862e+00 1.2513806959e+00 7.9109482420e+01
1.2795362105e+00 1.2826505161e+00 7.5123481451e+01
1.3228952550e+00 1.2475690587e+00 8.4745454571e+01
1.3436688238e+00 1.2841088510e+00 7.9048962842e+01
1.3248414938e+00 1.2845150430e+00 7.7657465783e+01
1.3014617263e+00 1.2759800866e+00 7.7261429339e+01
1.3056365225e+00 1.2718052903e+00 7.8122004123e+01
1.3049942848e+00 1.2859843614e+00 7.6211945708e+01
1.3225611656e+00 1.2675434233e+00 8.0094133635e+01
1.3353751994e+00 1.2516709637e+00 8.5413839657e+01
1.3130414722e+00 1.2369629381e+00 8.7436729029e+01
1.2991989141e+00 1.2721372422e+00 7.7630675173e+01
1.3011935687e+00 1.2980935217e+00 7.4618284369e+01
1.3478629769e+00 1.2518616456e+00 8.9189483384e+01
1.3285542427e+00 1.2458341385e+00 8.6560781600e+01
1.3462725533e+00 1.2613318433e+00 8.3931863986e+01
1.3461523393e+00 1.2540098399e+00 8.6657708378e+01
1.3515231091e+00 1.2696706295e+00 8.2434572567e+01
1.3075769982e+00 1.2633232245e+00 7.9574435566e+01
1.2810114989e+00 1.2837882411e+00 7.5078888084e+01
1.3506403389e+00 1.2666056816e+00 8.3070778751e+01
1.3077971768e+00 1.2348202751e+00 8.7192030493e+01
1.3278229218e+00 1.2491826126e+00 8.5002097282e+01
1.3358188075e+00 1.2595315988e+00 8.3070778751e+01
1.3063458825e+00 1.2850698291e+00 7.6405711507e+01
1.3271685622e+00 1.2459115748e+00 8.6197674093e+01
1.3348253905e+00 1.2947089302e+00 7.6953114246e+01
1.2961972057e+00 1.2899753427e+00 7.5235540770e+01
1.3225407597e+00 1.2658160098e+00 8.0398687958e+01
1.3089645294e+00 1.3218875324e+00 7.2644963102e+01
1.2945194113e+00 1.2628790974e+00 7.8634235730e+01
1.3483488156e+00 1.2890952523e+00 7.8634235730e+01
1.3317104058e+00 1.2618910016e+00 8.2052287288e+01
1.3461977854e+00 1.2544019750e+00 8.6466509507e+01
1.3416021897e+00 1.2559350178e+00 8.4936720171e+01
1.3557341646e+00 1.2566895613e+00 8.7855467302e+01
1.2897835065e+00 1.2597861792e+00 7.8751188620e+01
1.2956067116e+00 1.2287912617e+00 8.7311596302e+01
1.3282007049e+00 1.2619038840e+00 8.1687457017e+01
1.3421906704e+00 1.2500992458e+00 8.8014565082e+01
1.3228217995e+00 1.2804039634e+00 7.8094184084e+01
1.3143628642e+00 1.2735570119e+00 7.8489693825e+01
1.3260405346e+00 1.2701845185e+00 7.9928877049e+01
1.3176441317e+00 1.3048659537e+00 7.4770307295e+01
1.3490985841e+00 1.2861475375e+00 7.9139867144e+01
1.3152442890e+00 1.2452009221e+00 8.4324110442e+01
1.3160892634e+00 1.2543750503e+00 8.2052287288e+01
1.3421238658e+00 1.2913643386e+00 7.7873888177e+01
1.2979670682e+00 1.2707538561e+00 7.7738183355e+01
1.2827218369e+00 1.2464436823e+00 8.0398687958e+01
1.2771902824e+00 1.3470752746e+00 6.9238474837e+01
1.3247708834e+00 1.2627121239e+00 8.1186923776e+01
1.3541240827e+00 1.2661922139e+00 8.3614735208e+01
1.3030557524e+00 1.2661009823e+00 7.8780614851e+01
1.3536044031e+00 1.2763691402e+00 8.1224420262e+01
1.3634335916e+00 1.2661007291e+00 8.5002097282e+01
1.2871527574e+00 1.2828756720e+00 7.5530865121e+01
1.3373376040e+00 1.3023050209e+00 7.6163920146e+01
1.2927005112e+00 1.2882324149e+00 7.5235540770e+01
1.3134281040e+00 1.2378806286e+00 8.6966995687e+01
1.3405486324e+00 1.2745050685e+00 8.0398687958e+01
1.3490870986e+00 1.2563276746e+00 8.6197674093e+01
1.3439849958e+00 1.2609919263e+00 8.3718672554e+01
1.2537563108e+00 1.3201959644e+00 7.0367616286e+01
1.2888895114e+00 1.3213432425e+00 7.1781682849e+01
1.3221513754e+00 1.2548541591e+00 8.2610784034e+01
1.3553951858e+00 1.2802904762e+00 8.0642347542e+01
1.3197253411e+00 1.2442032958e+00 8.5413839657e+01
1.3329179853e+00 1.2729346635e+00 8.0027705704e+01
1.3310325037e+00 1.2621317155e+00 8.1928856974e+01
1.3298624892e+00 1.2659252282e+00 8.1038494274e+01
1.2954373722e+00 1.2689268039e+00 7.7819427566e+01
1.3492666154e+00 1.2578998075e+00 8.5559543476e+01
1.3374801496e+00 1.2469454644e+00 8.9189483384e+01
1.3441746478e+00 1.2503012099e+00 8.8853746852e+01
1.3047798978e+00 1.2914451553e+00 7.5553826997e+01
1.3142353358e+00 1.2640791077e+00 7.9994655462e+01
1.3275132934e+00 1.2634653528e+00 8.1299894225e+01
1.2982082458e+00 1.2557097982e+00 8.0094133635e+01
1.3313389820e+00 1.2469754615e+00 8.6657708378e+01
1.2623503374e+00 1.3229486946e+00 7.0504576168e+01
1.3284123854e+00 1.2669380209e+00 8.0713127966e+01
1.3387419443e+00 1.2828905521e+00 7.8869354308e+01
1.2985941106e+00 1.2832118398e+00 7.6163920146e+01
1.3027432943e+00 1.2507398027e+00 8.1452825766e+01
1.3208063176e+00 1.2392035762e+00 8.8853746852e+01
1.2506522667e+00 1.2976133931e+00 7.2152056638e+01
1.3115579257e+00 1.3149025214e+00 7.3430984963e+01
1.3407324567e+00 1.2519945987e+00 8.6374684998e+01
1.3453770285e+00 1.2661702351e+00 8.2566341788e+01
1.3293576504e+00 1.2541946441e+00 8.3666491536e+01
1.3107787817e+00 1.2727735127e+00 7.8346920764e+01
1.3547695913e+00 1.3020427198e+00 7.7261429339e+01
1.3178082258e+00 1.2561440494e+00 8.1847601472e+01
1.3747917823e+00 1.2652906273e+00 8.8187569297e+01
1.3154838324e+00 1.2654490936e+00 7.9863521106e+01
1.3084337196e+00 1.2716262805e+00 7.8346920764e+01
1.3027973243e+00 1.2807549702e+00 7.6726497234e+01
1.3397978442e+00 1.2511808019e+00 8.6560781600e+01
1.2957526650e+00 1.2490366801e+00 8.1112401649e+01
1.3444951591e+00 1.2714353961e+00 8.1337875892e+01
1.3032842274e+00 1.2306518354e+00 8.9189483384e+01
1.3030566645e+00 1.2866109327e+00 7.6020814122e+01
1.3303727600e+00 1.2470690528e+00 8.6374684998e+01
1.3244262334e+00 1.2551973406e+00 8.2791277101e+01
1.2570821656e+00 1.2998811986e+00 7.2245817191e+01
1.3185400429e+00 1.2798720570e+00 7.7873888177e+01
1.3095850242e+00 1.2669842565e+00 7.9139867144e+01
1.3161874317e+00 1.2734801655e+00 7.8634235730e+01
1.3208491374e+00 1.2688184598e+00 7.9734044399e+01
1.3330265497e+00 1.2789589328e+00 7.9048962842e+01
1.3541071106e+00 1.2548113544e+00 8.9189483384e+01
1.2953592238e+00 1.2978049953e+00 7.4339777311e+01
1.3320214443e+00 1.2480385558e+00 8.6285126569e+01
1.2710401139e+00 1.3107658366e+00 7.1910479740e+01
1.2223506854e+00 1.3180954914e+00 6.9254653219e+01
1.2979685579e+00 1.2607355323e+00 7.9231529518e+01
1.3367340873e+00 1.2699943863e+00 8.0892464042e+01
1.2784824146e+00 1.2580570257e+00 7.8177837772e+01
1.2552692503e+00 1.2895200948e+00 7.3132060082e+01
1.3025474100e+00 1.2700966948e+00 7.8149888534e+01
1.3307742653e+00 1.2842794356e+00 7.8094184084e+01
1.3059269755e+00 1.2811191875e+00 7.6877148084e+01
1.3002039862e+00 1.2955837312e+00 7.4835915371e+01
1.3211262370e+00 1.2584973370e+00 8.1687457017e+01
1.3381192395e+00 1.2476165384e+00 8.8596120629e+01
1.3207506472e+00 1.2470987303e+00 8.4560892485e+01
1.3403018646e+00 1.2607355015e+00 8.3312569183e+01
1.3167251769e+00 1.2878139186e+00 7.6701551736e+01
1.3397978442e+00 1.2511808019e+00 8.6560781600e+01
1.3234246451e+00 1.2903139580e+00 7.6801611525e+01
1.2841507675e+00 1.2893654263e+00 7.4639912012e+01
1.3584984677e+00 1.2815839419e+00 8.0677671172e+01
1.3110556665e+00 1.2502602530e+00 8.2434572567e+01
1.3700174974e+00 1.2991446314e+00 7.8692562936e+01
1.3020904897e+00 1.2540026596e+00 8.0748719456e+01
1.3301544559e+00 1.2993798648e+00 7.6092186698e+01
1.3059269755e+00 1.2811191875e+00 7.6877148084e+01
1.3214679050e+00 1.2633944057e+00 8.0748719456e+01
1.3015636214e+00 1.2832986893e+00 7.6332733555e+01
1.3332600765e+00 1.2647145649e+00 8.1608522897e+01
1.3359023703e+00 1.2603226828e+00 8.2883230736e+01
1.3237937381e+00 1.2519031090e+00 8.3563393325e+01
1.2724470180e+00 1.2954023595e+00 7.3410893841e+01
1.3448146946e+00 1.2509730229e+00 8.8378926216e+01
1.3233054638e+00 1.2414942761e+00 8.7707378991e+01
1.3545227598e+00 1.2816024670e+00 8.0330188264e+01
1.2929927473e+00 1.3115463481e+00 7.2857631514e+01
1.3273174058e+00 1.2973870803e+00 7.6163920146e+01
1.3382520906e+00 1.2838191881e+00 7.8692562936e+01
1.3293815967e+00 1.2445706785e+00 8.7568287925e+01
1.3334566481e+00 1.2667055310e+00 8.1224420262e+01
1.3561061774e+00 1.2611398431e+00 8.5559543476e+01
1.3231167040e+00 1.2879923651e+00 7.7080699799e+01
1.3059834357e+00 1.2457601204e+00 8.2929653666e+01
1.3010851522e+00 1.2693791616e+00 7.8149888534e+01
1.3176652446e+00 1.2589040361e+00 8.1262076387e+01
1.3378879278e+00 1.2618366947e+00 8.2745735086e+01
1.3146203615e+00 1.2362535723e+00 8.8853746852e+01
1.2822566047e+00 1.3327970962e+00 7.0538960845e+01
1.3582260108e+00 1.2743833816e+00 8.2093856142e+01
1.3478321102e+00 1.2680984451e+00 8.2391153680e+01
1.3283858871e+00 1.2529835389e+00 8.3877872787e+01
1.3422724886e+00 1.2675221445e+00 8.1928856974e+01
1.3286215263e+00 1.3070641357e+00 7.5123481451e+01
1.3031617870e+00 1.3031287620e+00 7.4191794234e+01
1.3793609984e+00 1.2743668425e+00 8.4745454571e+01
1.3263627256e+00 1.2523880701e+00 8.3771288937e+01
1.2475575525e+00 1.2336369046e+00 7.9606163389e+01
1.3345682996e+00 1.2507307324e+00 8.5634214754e+01
1.3391028338e+00 1.2654362617e+00 8.2052287288e+01
1.3553106424e+00 1.2566748400e+00 8.7707378991e+01
1.2847395739e+00 1.3119228394e+00 7.2434791071e+01
1.3376646644e+00 1.2738825992e+00 8.0262165861e+01
1.2989896573e+00 1.3116812420e+00 7.3132060082e+01
1.3551008349e+00 1.2674092505e+00 8.3411757846e+01
1.3397978442e+00 1.2511808019e+00 8.6560781600e+01
1.2543140500e+00 1.3410363563e+00 6.8806120167e+01
1.3518722481e+00 1.2636198677e+00 8.4041308295e+01
1.3100380449e+00 1.2338824687e+00 8.9189483384e+01
1.3271434226e+00 1.2481172445e+00 8.5272615194e+01
1.2888465215e+00 1.2829255930e+00 7.5622927969e+01
1.3404288596e+00 1.2606085065e+00 8.3361979075e+01
1.2703434588e+00 1.2957631208e+00 7.3270912618e+01
1.2820914469e+00 1.3136962705e+00 7.2152056638e+01
1.3404691499e+00 1.2583804329e+00 8.3986338075e+01
1.3260189413e+00 1.2850901279e+00 7.7657465783e+01
1.3376456489e+00 1.2677691243e+00 8.1414339425e+01
1.2870493842e+00 1.2960662873e+00 7.4086913271e+01
1.3300194776e+00 1.2802132763e+00 7.8634235730e+01
1.2851559514e+00 1.2896685604e+00 7.4661569416e+01
1.3279932261e+00 1.2612374040e+00 8.1807273904e+01
1.3011819337e+00 1.2688464957e+00 7.8233932577e+01
1.3089118998e+00 1.2510979940e+00 8.2010933342e+01
1.3421443193e+00 1.2497084824e+00 8.8378926216e+01
1.3155071474e+00 1.2488570287e+00 8.3312569183e+01
1.3632047452e+00 1.2628166749e+00 8.6285126569e+01
1.3541496516e+00 1.2600272930e+00 8.5634214754e+01
1.2831859897e+00 1.2981834362e+00 7.3673952717e+01
1.2804594479e+00 1.3039661661e+00 7.2974718097e+01
1.3356454636e+00 1.2553331826e+00 8.4209337681e+01
1.2802134081e+00 1.2845863319e+00 7.4945882582e+01
1.3492157939e+00 1.2794401549e+00 8.0262165861e+01
1.3197979589e+00 1.2389061313e+00 8.8596120629e+01
1.3250110163e+00 1.2441457184e+00 8.6560781600e+01
1.3336231286e+00 1.2809921819e+00 7.8780614851e+01
1.3088469099e+00 1.2786360974e+00 7.7392081315e+01
1.3387782071e+00 1.2609464154e+00 8.3070778751e+01
1.2910173319e+00 1.3161490910e+00 7.2340059416e+01
1.2661396690e+00 1.3195961088e+00 7.0938669332e+01
1.3068464398e+00 1.2527281615e+00 8.1452825766e+01
1.2772785054e+00 1.2657732756e+00 7.7029517563e+01
1.3443468755e+00 1.2685151182e+00 8.1928856974e+01
1.2447746277e+00 1.3187184946e+00 7.0113259055e+01
1.3204217114e+00 1.2941935991e+00 7.6139968555e+01
1.2681909493e+00 1.2761639678e+00 7.5213062491e+01
1.3266857384e+00 1.2607972689e+00 8.1767142530e+01
1.3482239716e+00 1.2637615109e+00 8.3512456048e+01
1.3652841224e+00 1.2624935523e+00 8.6966995687e+01
1.2840981840e+00 1.2672105486e+00 7.7287454070e+01
1.2736654507e+00 1.3129438927e+00 7.1836773450e+01
1.3375100978e+00 1.2595897003e+00 8.3263520051e+01
1.3148671855e+00 1.2695584285e+00 7.9139867144e+01
1.2835340469e+00 1.2790881203e+00 7.5762114683e+01
1.3442458806e+00 1.2532913269e+00 8.6560781600e+01
1.2940622496e+00 1.2851249229e+00 7.5669176471e+01
1.3284143803e+00 1.2989241941e+00 7.6044565226e+01
1.3580342730e+00 1.2684261741e+00 8.3512456048e+01
1.3500866098e+00 1.2614606538e+00 8.4441244525e+01
1.2777405820e+00 1.2220009172e+00 8.6285126569e+01
1.3235671383e+00 1.2923634169e+00 7.6552833021e+01
1.3396473328e+00 1.2487094368e+00 8.8187569297e+01
1.3268782246e+00 1.2816021930e+00 7.8205852297e+01
1.3085639935e+00 1.2649522003e+00 7.9386038170e+01
1.3181379186e+00 1.2401309531e+00 8.6966995687e+01
1.3357414208e+00 1.2714250021e+00 8.0537160751e+01
1.3087909660e+00 1.2459970461e+00 8.3214823856e+01
1.3313961850e+00 1.2849728342e+00 7.8038735323e+01
1.3286644703e+00 1.2492136455e+00 8.5135479942e+01
1.2330526474e+00 1.3531199009e+00 6.7199029417e+01
1.3267849870e+00 1.3049456913e+00 7.5258052561e+01
1.3300076106e+00 1.2487431851e+00 8.5559543476e+01
1.3639807174e+00 1.2752221473e+00 8.2522162191e+01
1.3357787698e+00 1.2902426503e+00 7.7603941562e+01
1.3241313992e+00 1.2550557734e+00 8.2791277101e+01
1.3390171140e+00 1.2541471052e+00 8.5135479942e+01
1.2996846149e+00 1.2869247285e+00 7.5785442206e+01
1.3823728204e+00 1.2695930024e+00 8.7568287925e+01
1.3124227291e+00 1.2554266484e+00 8.1452825766e+01
1.3285789076e+00 1.2672088098e+00 8.0677671172e+01
1.3456881551e+00 1.2812113434e+00 7.9669908154e+01
1.3025305065e+00 1.3534004055e+00 6.9745748012e+01
1.3610166601e+00 1.2597383452e+00 8.7436729029e+01
1.2935277281e+00 1.2751931962e+00 7.6851921864e+01
1.3570987148e+00 1.2662890574e+00 8.3986338075e+01
1.3164190730e+00 1.2938136810e+00 7.5949796914e+01
1.2758294087e+00 1.2772187661e+00 7.5530865121e+01
1.2593440537e+00 1.3089410848e+00 7.1544792831e+01
1.3594165482e+00 1.2749505659e+00 8.2093856142e+01
1.2949640106e+00 1.2837867851e+00 7.5879129711e+01
1.2199035140e+00 1.3327097632e+00 6.8103636043e+01
1.2858499468e+00 1.3073142723e+00 7.2916077488e+01
1.3173518458e+00 1.2950718800e+00 7.5855650848e+01
1.3505377094e+00 1.2531258065e+00 8.9189483384e+01
1.3241993452e+00 1.2685277102e+00 8.0060864731e+01
1.3043242378e+00 1.3129217827e+00 7.3270912618e+01
1.2448868625e+00 1.3029441716e+00 7.1418444511e+01
1.3293516364e+00 1.2878943841e+00 7.7497569815e+01
1.2929225111e+00 1.2605605859e+00 7.8869354308e+01
1.3117887435e+00 1.2765680260e+00 7.7873888177e+01
1.3474398128e+00 1.2566614806e+00 8.5710183053e+01
1.2717140536e+00 1.2917790687e+00 7.3735246099e+01
1.2856114412e+00 1.3049301640e+00 7.3132060082e+01
1.3315829092e+00 1.2620184983e+00 8.2010933342e+01
1.3185400429e+00 1.2798720570e+00 7.7873888177e+01
1.3224811577e+00 1.2488549986e+00 8.4266437827e+01
1.2868087961e+00 1.2545058165e+00 7.9354959114e+01
1.3183062195e+00 1.2735465821e+00 7.8780614851e+01
1.3385131593e+00 1.2546510598e+00 8.4872174373e+01
1.2970343742e+00 1.3127602589e+00 7.2935602632e+01
1.2546037194e+00 1.3363749267e+00 6.9157762989e+01
1.3004276056e+00 1.2874922705e+00 7.5762114683e+01
1.2803942224e+00 1.2852767193e+00 7.4879808517e+01
1.2986165484e+00 1.2444352327e+00 8.2391153680e+01
1.3277657946e+00 1.2894802259e+00 7.7183666982e+01
1.3399232452e+00 1.2510554010e+00 8.6657708378e+01
1.3209314940e+00 1.2538930178e+00 8.2700475693e+01
1.3052999674e+00 1.2568867593e+00 8.0502355029e+01
1.3620373663e+00 1.2600339123e+00 8.7568287925e+01
1.3466889111e+00 1.2587258621e+00 8.4808428882e+01
1.3216876926e+00 1.2719137148e+00 7.9293068528e+01
1.3316231980e+00 1.2624154223e+00 8.1928856974e+01
1.2440125300e+00 1.3334292829e+00 6.8965262048e+01
1.2909043797e+00 1.2939579311e+00 7.4510588199e+01
1.3216409616e+00 1.2667158080e+00 8.0161005537e+01
1.3380726429e+00 1.2472263891e+00 8.9189483384e+01
1.3050697838e+00 1.2375476680e+00 8.5272615194e+01
1.2979848279e+00 1.2463700892e+00 8.1888128163e+01
1.3286361361e+00 1.2772165127e+00 7.8988771847e+01
1.3747396331e+00 1.2776666575e+00 8.3166473052e+01
1.3492508912e+00 1.2767705289e+00 8.0748719456e+01
1.3348151472e+00 1.2456813036e+00 8.9189483384e+01
1.2695485993e+00 1.3459435166e+00 6.9029241507e+01
1.3697183980e+00 1.2642092490e+00 8.7192030493e+01
1.3323087334e+00 1.2709170295e+00 8.0330188264e+01
1.3248816625e+00 1.2888569407e+00 7.7080699799e+01
1.2737514453e+00 1.3299120707e+00 7.0418868377e+01
1.3704317946e+00 1.2630564097e+00 8.8378926216e+01
1.3221857333e+00 1.2849806896e+00 7.7418371854e+01
1.3074248471e+00 1.2713259486e+00 7.8318572690e+01
1.3531934435e+00 1.2566011896e+00 8.7077348295e+01
1.3005332024e+00 1.2694952270e+00 7.8094184084e+01
1.3252981689e+00 1.3064325094e+00 7.5012241172e+01
1.3137818113e+00 1.3074119273e+00 7.4297357720e+01
1.3418916630e+00 1.2547707504e+00 8.5413839657e+01
1.3323052461e+00 1.2468819264e+00 8.6966995687e+01
1.2848976606e+00 1.2533778595e+00 7.9386038170e+01
1.3256819825e+00 1.2648596228e+00 8.0856317856e+01
1.3229174324e+00 1.2405756899e+00 8.8378926216e+01
1.2724064593e+00 1.2519915140e+00 7.8634235730e+01
1.3171552801e+00 1.2594140006e+00 8.1112401649e+01
1.2872681149e+00 1.3072077428e+00 7.2994308568e+01
1.3161915438e+00 1.3129035787e+00 7.3858512165e+01
1.3414415235e+00 1.2582830991e+00 8.4152793230e+01
1.2887398057e+00 1.2834682917e+00 7.5553826997e+01
1.2995062345e+00 1.2313936812e+00 8.6860516083e+01
1.2877926998e+00 1.2996903075e+00 7.3755727228e+01
1.3019345513e+00 1.2785618994e+00 7.6953114246e+01
1.3331573146e+00 1.2709439789e+00 8.0398687958e+01
1.3803405275e+00 1.2729467722e+00 8.5413839657e+01
1.3154568295e+00 1.2606762221e+00 8.0713127966e+01
1.3275823757e+00 1.2585901727e+00 8.2347979715e+01
1.3062674831e+00 1.2973960328e+00 7.4967970313e+01
1.3164688850e+00 1.3069188872e+00 7.4489136515e+01
1.3217641367e+00 1.2889067626e+00 7.6877148084e+01
1.3101192962e+00 1.2590374385e+00 8.0537160751e+01
1.3440907524e+00 1.3144846493e+00 7.5145827200e+01
1.3356620407e+00 1.2505105077e+00 8.5946605487e+01
1.3418602621e+00 1.2569893207e+00 8.4621711461e+01
1.3258382092e+00 1.2695121971e+00 8.0027705704e+01
1.3071980682e+00 1.2737348579e+00 7.7956033878e+01
1.3236004916e+00 1.2416348369e+00 8.7707378991e+01
1.3471570095e+00 1.2530051697e+00 8.7568287925e+01
1.3398972885e+00 1.2484594810e+00 8.8596120629e+01
1.3336922873e+00 1.2468041634e+00 8.7436729029e+01
1.2538514060e+00 1.2831220170e+00 7.3694358938e+01
1.3116535947e+00 1.2784509942e+00 7.7603941562e+01
1.2812111696e+00 1.2953581111e+00 7.3858512165e+01
1.3155919195e+00 1.2509503226e+00 8.2791277101e+01
1.3176512763e+00 1.2519412935e+00 8.2791277101e+01
1.3440050653e+00 1.2881649578e+00 7.8460999819e+01
1.3224048405e+00 1.2397818861e+00 8.9189483384e+01
1.3250728231e+00 1.2768398282e+00 7.8780614851e+01
1.3441746478e+00 1.2503012099e+00 8.8853746852e+01
1.3065668086e+00 1.3190156090e+00 7.2799378191e+01
1.3518536633e+00 1.2715341090e+00 8.2052287288e+01
1.3415511728e+00 1.2494274734e+00 8.8378926216e+01
1.3090215336e+00 1.2592636049e+00 8.0398687958e+01
1.3336306327e+00 1.2919517850e+00 7.7235456792e+01
1.3393972769e+00 1.2489594926e+00 8.7855467302e+01
1.3144171660e+00 1.2813705514e+00 7.7392081315e+01
1.3064497998e+00 1.2731737742e+00 7.7983538712e+01
1.2901802844e+00 1.2698296094e+00 7.7339661375e+01
1.3260860333e+00 1.2426348910e+00 8.7855467302e+01
1.2598919114e+00 1.3332723077e+00 6.9597231781e+01
1.2798967371e+00 1.3040922049e+00 7.2935602632e+01
1.3159403985e+00 1.2628103972e+00 8.0364377815e+01
1.2855074922e+00 1.2479947610e+00 8.0364377815e+01
1.2883034025e+00 1.2412956787e+00 8.1969790983e+01
1.2980415978e+00 1.2306903843e+00 8.6860516083e+01
1.3250094238e+00 1.2581062477e+00 8.2177652292e+01
1.3140906532e+00 1.2703349608e+00 7.8958797887e+01
1.2928722665e+00 1.2758486578e+00 7.6726497234e+01
1.3245763121e+00 1.2476317853e+00 8.5002097282e+01
1.2461158848e+00 1.2891217553e+00 7.2722003404e+01
1.3163306522e+00 1.2567494848e+00 8.1569331007e+01
1.3195065157e+00 1.2649190984e+00 8.0296118030e+01
1.3197576903e+00 1.3190054385e+00 7.3430984963e+01
1.3133860145e+00 1.2771555908e+00 7.7901209028e+01
1.3289492100e+00 1.2637778454e+00 8.1376023555e+01
1.2792005160e+00 1.2534341923e+00 7.8928904074e+01
1.3515348170e+00 1.2556316059e+00 8.7192030493e+01
1.3000801071e+00 1.2534029899e+00 8.0677671172e+01
1.2857670270e+00 1.2855691292e+00 7.5145827200e+01
1.3331244906e+00 1.2491180089e+00 8.6028533830e+01
1.3388832302e+00 1.2481629329e+00 8.8378926216e+01
1.2893651759e+00 1.2867678756e+00 7.5213062491e+01
1.3174564723e+00 1.2390717721e+00 8.7436729029e+01
1.3285467144e+00 1.2698653855e+00 8.0194610813e+01
1.3326025314e+00 1.2741259422e+00 7.9798579510e+01
1.2872050868e+00 1.2963472076e+00 7.4066017793e+01
1.3069089811e+00 1.2915031188e+00 7.5669176471e+01
1.3017286794e+00 1.2879389178e+00 7.5785442206e+01
1.3267483544e+00 1.2458957505e+00 8.6112185454e+01
1.3193326408e+00 1.2533114641e+00 8.2655493698e+01
1.3217842324e+00 1.2404024942e+00 8.8014565082e+01
1.3425459083e+00 1.2519299495e+00 8.6860516083e+01
1.3639081437e+00 1.2691406425e+00 8.4096788508e+01
1.3235181482e+00 1.2687717680e+00 7.9961712929e+01
1.3517975140e+00 1.2566829037e+00 8.6657708378e+01
1.3418481556e+00 1.2675083812e+00 8.1888128163e+01
1.3011935687e+00 1.2980935217e+00 7.4618284369e+01
1.3543485422e+00 1.2580751837e+00 8.6560781600e+01
1.2903932411e+00 1.2726643913e+00 7.6978533067e+01
1.3620568412e+00 1.2626476449e+00 8.6112185454e+01
1.3226998187e+00 1.2399223485e+00 8.9189483384e+01
1.2961502366e+00 1.2408231865e+00 8.2976381855e+01
1.3354914783e+00 1.2502442996e+00 8.6028533830e+01
1.3102720427e+00 1.2807066034e+00 7.7209536111e+01
1.2964745592e+00 1.3001878542e+00 7.4149760707e+01
1.3286419808e+00 1.2553469612e+00 8.3263520051e+01
1.3269132487e+00 1.2548927018e+00 8.3166473052e+01
1.2886624529e+00 1.2504812557e+00 8.0194610813e+01
1.3262104406e+00 1.2425104837e+00 8.8014565082e+01
1.3087915968e+00 1.2856842610e+00 7.6479075887e+01
1.2781030478e+00 1.2871322807e+00 7.4553578751e+01
1.3134428169e+00 1.2709827971e+00 7.8810117472e+01
1.3198446404e+00 1.2392946930e+00 8.8187569297e+01
1.2973028305e+00 1.2919277996e+00 7.5078888084e+01
1.3130794752e+00 1.2578207474e+00 8.1038494274e+01
1.3128530951e+00 1.3118513909e+00 7.3796765055e+01
1.3139080877e+00 1.2360963226e+00 8.8596120629e+01
1.3202099889e+00 1.3023000965e+00 7.5190617570e+01
1.3254057425e+00 1.2808848064e+00 7.8205852297e+01
1.3275002228e+00 1.2525597773e+00 8.3877872787e+01
1.3036315340e+00 1.2646536045e+00 7.9048962842e+01
1.3605923716e+00 1.2597239249e+00 8.7311596302e+01
1.3319291768e+00 1.2599236249e+00 8.2522162191e+01
1.3116768182e+00 1.2806130980e+00 7.7313531307e+01
1.3359203728e+00 1.2659922784e+00 8.1608522897e+01
1.2600070662e+00 1.2622248321e+00 7.6381342894e+01
1.3359854610e+00 1.2821376588e+00 7.8780614851e+01
1.3071913074e+00 1.2637089153e+00 7.9479819877e+01
1.3136375738e+00 1.2804010465e+00 7.7471115761e+01
1.2828447485e+00 1.2636825563e+00 7.7684313766e+01
1.3018234842e+00 1.2751820502e+00 7.7392081315e+01
1.3363636802e+00 1.2620484196e+00 8.2522162191e+01
1.2789846618e+00 1.3146167456e+00 7.1928951707e+01
1.3185379922e+00 1.2746262269e+00 7.8634235730e+01
1.3266429161e+00 1.2660841393e+00 8.0713127966e+01
1.3414508848e+00 1.2521505226e+00 8.6466509507e+01
1.3471966591e+00 1.2889285677e+00 7.8576202428e+01
1.2786693969e+00 1.3136205193e+00 7.2003022837e+01
1.3241312767e+00 1.2524380040e+00 8.3461913920e+01
1.3316806353e+00 1.2987321550e+00 7.6260135872e+01
1.3201156984e+00 1.2581987451e+00 8.1647897369e+01
1.2976382815e+00 1.2541052746e+00 8.0330188264e+01
1.3480880734e+00 1.2678424819e+00 8.2478240615e+01
1.3156551746e+00 1.2569889303e+00 8.1452825766e+01
1.3556880433e+00 1.2562974392e+00 8.8187569297e+01
1.3291111839e+00 1.2745523320e+00 7.9448467746e+01
1.3009264967e+00 1.2782606759e+00 7.6927743997e+01
1.3026668189e+00 1.2408193161e+00 8.3824351811e+01
1.3195572962e+00 1.2897992406e+00 7.6626989411e+01
1.3526078788e+00 1.2778049115e+00 8.0856317856e+01
1.3315430030e+00 1.2463351129e+00 8.7077348295e+01
1.3002114410e+00 1.3174731169e+00 7.2644963102e+01
1.3167345061e+00 1.2821150768e+00 7.7444716555e+01
1.2987765441e+00 1.2573166052e+00 7.9863521106e+01
1.2936871937e+00 1.2506677233e+00 8.0607155573e+01
1.3512362218e+00 1.2655712857e+00 8.3411757846e+01
1.3201094067e+00 1.2451259219e+00 8.5135479942e+01
1.3448393696e+00 1.2535727303e+00 8.6560781600e+01
1.3666501847e+00 1.2633233586e+00 8.6860516083e+01
1.3032033341e+00 1.3039630888e+00 7.4107835512e+01
1.3360902989e+00 1.2706381748e+00 8.0713127966e+01
1.3068756472e+00 1.2981012749e+00 7.4923826465e+01
1.3293354596e+00 1.2677643386e+00 8.0642347542e+01
1.3143616474e+00 1.2788025717e+00 7.7738183355e+01
1.2721073003e+00 1.2883379108e+00 7.4107835512e+01
1.2866849893e+00 1.2255909512e+00 8.6657708378e+01
1.3154293101e+00 1.2711800334e+00 7.8928904074e+01
1.3639074290e+00 1.2603581280e+00 8.8014565082e+01
1.3588899101e+00 1.2891127984e+00 7.9417207447e+01
1.2880002983e+00 1.2585270064e+00 7.8810117472e+01
1.3253777944e+00 1.2690980633e+00 8.0060864731e+01
1.2869168101e+00 1.2883438571e+00 7.4901801823e+01
1.3055330422e+00 1.2758363838e+00 7.7550643872e+01
1.3711910572e+00 1.2684515677e+00 8.5486104849e+01
1.3037483877e+00 1.2345271325e+00 8.6285126569e+01
1.3047535795e+00 1.3203898602e+00 7.2587399708e+01
1.3283558023e+00 1.2429803540e+00 8.8596120629e+01
1.2833874612e+00 1.2505486016e+00 7.9734044399e+01
1.3104925792e+00 1.2630236146e+00 7.9863521106e+01
1.3208318690e+00 1.2465817720e+00 8.4745454571e+01
1.3524547371e+00 1.2762012116e+00 8.1149584901e+01
1.3240588318e+00 1.2835455648e+00 7.7738183355e+01
1.3112154613e+00 1.2440075719e+00 8.4096788508e+01
1.3071587471e+00 1.2768301949e+00 7.7524079068e+01
1.2926509541e+00 1.2282815968e+00 8.6757527902e+01
1.2944041668e+00 1.3044454161e+00 7.3612882375e+01
1.3211630820e+00 1.2458148472e+00 8.5068338769e+01
1.3450021309e+00 1.2626022657e+00 8.3411757846e+01
1.3164190730e+00 1.2938136810e+00 7.5949796914e+01
1.3332108595e+00 1.2451035840e+00 8.8853746852e+01
1.2759183522e+00 1.2884458239e+00 7.4297357720e+01
1.3049604150e+00 1.2794651990e+00 7.7029517563e+01
1.3251733985e+00 1.2492149827e+00 8.4560892485e+01
1.3341948711e+00 1.2642172287e+00 8.1807273904e+01
1.2780803065e+00 1.2867194335e+00 7.4596686360e+01
1.3546461084e+00 1.2582158854e+00 8.6560781600e+01
1.3355230026e+00 1.2593901172e+00 8.3070778751e+01
1.3345123347e+00 1.2963397272e+00 7.6726497234e+01
1.2976332781e+00 1.2737028782e+00 7.7313531307e+01
1.3293501025e+00 1.2515828236e+00 8.4441244525e+01
1.3419098006e+00 1.2600028507e+00 8.3718672554e+01
1.3511668600e+00 1.2853979561e+00 7.9417207447e+01
1.3061234339e+00 1.3115611239e+00 7.3491400916e+01
1.3222976785e+00 1.2774269440e+00 7.8489693825e+01
1.3486448642e+00 1.2611497689e+00 8.4324110442e+01
1.3178238661e+00 1.2779638514e+00 7.8094184084e+01
1.3158864875e+00 1.2410768767e+00 8.5946605487e+01
1.3746996103e+00 1.2645032544e+00 8.9189483384e+01
1.2790278457e+00 1.2648926680e+00 7.7261429339e+01
1.3042452539e+00 1.2605544860e+00 7.9766261626e+01
1.2950449844e+00 1.3029296570e+00 7.3796765055e+01
1.2894248703e+00 1.2954374404e+00 7.4276189762e+01
1.2873534797e+00 1.3058107394e+00 7.3132060082e+01
1.3123154656e+00 1.2503067016e+00 8.2566341788e+01
1.3438056643e+00 1.2760719479e+00 8.0398687958e+01
1.2837468350e+00 1.2980591155e+00 7.3714790034e+01
1.3284496982e+00 1.2817830558e+00 7.8290292293e+01
1.2657061347e+00 1.2816902982e+00 7.4467713732e+01
1.3026009569e+00 1.2905632622e+00 7.5530865121e+01
1.3431590566e+00 1.2548155848e+00 8.5634214754e+01
1.3246039890e+00 1.2624421741e+00 8.1224420262e+01
1.3110239171e+00 1.2568254603e+00 8.1038494274e+01
1.2823960443e+00 1.2810970780e+00 7.5462192458e+01
1.3215733492e+00 1.2882212839e+00 7.6953114246e+01
1.3257688713e+00 1.2508004094e+00 8.4152793230e+01
1.3545551601e+00 1.2574303223e+00 8.6966995687e+01
1.3186190742e+00 1.2885473487e+00 7.6726497234e+01
1.2719591508e+00 1.2637123980e+00 7.6953114246e+01
1.3400238097e+00 1.2531404095e+00 8.5710183053e+01
1.3191707106e+00 1.3015842948e+00 7.5213062491e+01
1.3219619521e+00 1.2598439983e+00 8.1491484890e+01
1.3336137789e+00 1.2534323841e+00 8.4500744095e+01
1.3409221692e+00 1.2982806955e+00 7.6877148084e+01
1.3681212373e+00 1.2614130834e+00 8.9189483384e+01
1.2893050605e+00 1.2881367524e+00 7.5056640173e+01
1.3497410856e+00 1.2596154511e+00 8.5002097282e+01
1.3454877631e+00 1.2555496030e+00 8.5787518542e+01
1.3049998350e+00 1.2345780049e+00 8.6560781600e+01
1.2909634494e+00 1.2747074923e+00 7.6751488857e+01
1.3253101349e+00 1.2639204952e+00 8.1001766381e+01
1.3331154284e+00 1.2578632177e+00 8.3166473052e+01
1.2213089306e+00 1.2948612562e+00 7.1061930643e+01
1.3289598419e+00 1.2493546015e+00 8.5135479942e+01
1.3746519688e+00 1.2702696838e+00 8.5413839657e+01
1.2941517653e+00 1.3020732878e+00 7.3837904283e+01
1.3352015650e+00 1.2846760473e+00 7.8346920764e+01
1.3495337474e+00 1.2541297685e+00 8.7568287925e+01
1.3232387324e+00 1.2839276904e+00 7.7630675173e+01
1.3312817569e+00 1.2767606379e+00 7.9262255454e+01
1.3051476487e+00 1.2840829814e+00 7.6454577770e+01
1.3014416405e+00 1.3122969626e+00 7.3191431906e+01
1.2872057371e+00 1.2675822749e+00 7.7444716555e+01
1.3312065523e+00 1.2610833639e+00 8.2177652292e+01
1.2966133521e+00 1.2612203257e+00 7.9048962842e+01
1.3397978442e+00 1.2511808019e+00 8.6560781600e+01
1.2464192788e+00 1.2896862032e+00 7.2683441722e+01
1.2733231395e+00 1.2614806167e+00 7.7339661375e+01
1.3227804215e+00 1.2502997155e+00 8.3877872787e+01
1.3061488612e+00 1.2486391509e+00 8.2262350168e+01
1.3375040340e+00 1.2556601851e+00 8.4382373156e+01
1.2949330653e+00 1.2977939900e+00 7.4318553532e+01
1.3625879454e+00 1.2700214470e+00 8.3666491536e+01
1.2820361578e+00 1.2640566200e+00 7.7577264583e+01
1.2954957941e+00 1.2950458111e+00 7.4639912012e+01
1.3081552612e+00 1.2575156805e+00 8.0642347542e+01
1.3114384807e+00 1.3154610178e+00 7.3370782375e+01
1.3085796378e+00 1.3191980369e+00 7.2877092002e+01
1.3059999030e+00 1.2928496799e+00 7.5462192458e+01
1.3014484009e+00 1.2303188615e+00 8.8378926216e+01
1.3278115285e+00 1.2430886942e+00 8.8187569297e+01
1.2555293805e+00 1.3158067757e+00 7.0798732350e+01
1.2914943938e+00 1.3029814639e+00 7.3612882375e+01
1.3421572866e+00 1.2650091363e+00 8.2478240615e+01
1.2970561934e+00 1.2481676045e+00 8.1414339425e+01
1.3316364249e+00 1.2759679717e+00 7.9417207447e+01
1.3303115291e+00 1.2501849217e+00 8.5068338769e+01
1.3250605325e+00 1.2410460470e+00 8.9189483384e+01
1.3212873335e+00 1.3012227519e+00 7.5371119608e+01
1.3197236620e+00 1.3216782482e+00 7.3171618697e+01
1.3161390106e+00 1.2373440865e+00 8.8378926216e+01
1.3019724089e+00 1.3113278773e+00 7.3310790842e+01
1.3178140506e+00 1.2727275547e+00 7.8869354308e+01
1.2627405788e+00 1.2868291068e+00 7.3776233514e+01
1.3122463401e+00 1.2752366673e+00 7.8094184084e+01
1.2455040970e+00 1.2914693261e+00 7.2472822552e+01
1.3277929263e+00 1.2452872107e+00 8.6657708378e+01
1.3138609883e+00 1.2452783451e+00 8.4096788508e+01
1.3332791738e+00 1.2542038335e+00 8.4209337681e+01
1.3520377514e+00 1.2551286715e+00 8.7707378991e+01
1.3065103120e+00 1.3045987572e+00 7.4212851892e+01
1.2806899508e+00 1.2993700493e+00 7.3430984963e+01
1.3325411246e+00 1.2453369912e+00 8.8187569297e+01
1.3104092416e+00 1.3002616577e+00 7.4879808517e+01
1.3195630422e+00 1.2670463013e+00 7.9928877049e+01
1.3270963478e+00 1.2429320816e+00 8.8014565082e+01
1.3405484738e+00 1.2565513244e+00 8.4560892485e+01
1.3131681948e+00 1.2616563170e+00 8.0330188264e+01
1.3245547686e+00 1.2791087473e+00 7.8403821928e+01
1.3155294320e+00 1.2811329813e+00 7.7497569815e+01
1.3440041234e+00 1.2548454594e+00 8.5787518542e+01
1.2990045700e+00 1.2919740761e+00 7.5168205857e+01
1.3313538953e+00 1.2959846791e+00 7.6577507130e+01
1.2914183357e+00 1.2260503800e+00 8.7855467302e+01
1.3431119059e+00 1.2912552082e+00 7.7956033878e+01
1.3408056468e+00 1.2821432698e+00 7.9139867144e+01
1.3673174593e+00 1.2617776632e+00 8.8187569297e+01
1.3053123311e+00 1.2804234468e+00 7.6927743997e+01
1.3305537341e+00 1.2486334384e+00 8.5710183053e+01
1.3485969056e+00 1.2594454892e+00 8.4872174373e+01
1.3275227763e+00 1.2621448209e+00 8.1569331007e+01
1.3240842079e+00 1.2572852180e+00 8.2262350168e+01
1.3326836567e+00 1.2617922010e+00 8.2177652292e+01
1.3516366361e+00 1.2721900163e+00 8.1888128163e+01
1.3069646017e+00 1.3221305207e+00 7.2530020127e+01
1.3437055924e+00 1.2691564014e+00 8.1727204497e+01
1.3233892138e+00 1.2689007024e+00 7.9928877049e+01
1.3100188581e+00 1.2792117720e+00 7.7392081315e+01
1.3384704787e+00 1.2647552842e+00 8.2135643310e+01
1.2652432439e+00 1.2891097718e+00 7.3673952717e+01
1.2941525834e+00 1.2741325552e+00 7.7029517563e+01
1.3225681415e+00 1.2496399559e+00 8.4041308295e+01
1.3040107580e+00 1.2799781840e+00 7.6902422036e+01
1.3041170824e+00 1.2855505148e+00 7.6211945708e+01
1.2911465382e+00 1.2714756290e+00 7.7183666982e+01
1.3024204873e+00 1.2475839230e+00 8.2093856142e+01
1.2573069636e+00 1.3319236665e+00 6.9597231781e+01
1.3474472220e+00 1.2579675512e+00 8.5203558584e+01
1.3086990932e+00 1.3028481704e+00 7.4510588199e+01
1.3011978646e+00 1.2862851427e+00 7.5949796914e+01
1.2611288114e+00 1.2775807906e+00 7.4661569416e+01
1.2525259734e+00 1.2987827592e+00 7.2133361659e+01
1.3313745333e+00 1.2613525221e+00 8.2135643310e+01
1.3384690078e+00 1.2542580476e+00 8.5002097282e+01
1.3304755708e+00 1.2858934483e+00 7.7846627825e+01
1.3628317938e+00 1.2645067806e+00 8.5486104849e+01
1.3523219685e+00 1.2539685804e+00 8.9189483384e+01
1.3239415784e+00 1.2687854770e+00 7.9994655462e+01
1.3080721827e+00 1.2510671507e+00 8.1928856974e+01
1.3697535299e+00 1.2632952563e+00 8.7855467302e+01
1.3407223084e+00 1.2581272745e+00 8.4096788508e+01
1.2661053139e+00 1.2812911190e+00 7.4532068904e+01
1.2487821166e+00 1.3120984363e+00 7.0816170739e+01
1.3202518637e+00 1.2716009380e+00 7.9231529518e+01
1.3278968418e+00 1.2630818043e+00 8.1414339425e+01
1.2826796612e+00 1.2834269183e+00 7.5213062491e+01
1.3481135775e+00 1.2932883326e+00 7.8011105717e+01
1.3074853198e+00 1.2368695973e+00 8.6028533830e+01
1.3016125355e+00 1.2780110385e+00 7.7004000743e+01
1.3149842137e+00 1.2676948595e+00 7.9448467746e+01
1.3386221690e+00 1.2676683799e+00 8.1530319164e+01
1.3661227479e+00 1.2726403810e+00 8.3411757846e+01
1.3174410806e+00 1.2700419267e+00 7.9262255454e+01
1.2903427214e+00 1.3058823317e+00 7.3270912618e+01
1.2901944881e+00 1.2798339413e+00 7.6068356017e+01
1.3187931162e+00 1.2931923663e+00 7.6163920146e+01
1.3133646893e+00 1.2509994868e+00 8.2522162191e+01
1.3144963708e+00 1.2843532121e+00 7.7004000743e+01
1.3236688172e+00 1.2533367172e+00 8.3166473052e+01
1.3292442691e+00 1.2985334056e+00 7.6139968555e+01
1.3643162248e+00 1.2639005747e+00 8.6028533830e+01
1.3050697838e+00 1.2375476680e+00 8.5272615194e+01
1.3268927575e+00 1.2483679096e+00 8.5135479942e+01
1.3260860333e+00 1.2426348910e+00 8.7855467302e+01
1.3495308805e+00 1.2782467943e+00 8.0502355029e+01
1.3492157939e+00 1.2794401549e+00 8.0262165861e+01
1.3001423729e+00 1.2716297416e+00 7.7765205727e+01
1.2721494921e+00 1.2891664274e+00 7.4024306706e+01
1.3281773836e+00 1.2689224145e+00 8.0330188264e+01
1.3412328748e+00 1.2602421216e+00 8.3563393325e+01
1.3273648886e+00 1.2500769242e+00 8.4621711461e+01
1.3183098249e+00 1.2569508422e+00 8.1727204497e+01
1.3149842137e+00 1.2676948595e+00 7.9448467746e+01
1.3520230646e+00 1.2586478347e+00 8.5787518542e+01
1.3303143766e+00 1.2619755396e+00 8.1888128163e+01
1.3413009982e+00 1.2496776480e+00 8.8014565082e+01
1.3345082084e+00 1.2564704378e+00 8.3718672554e+01
1.3275872284e+00 1.2765140650e+00 7.9018826610e+01
1.3438868852e+00 1.2816955324e+00 7.9448467746e+01
1.2729274992e+00 1.2714274178e+00 7.6044565226e+01
1.3195691301e+00 1.2718465815e+00 7.9139867144e+01
1.2799759864e+00 1.2904883273e+00 7.4297357720e+01
1.3032855291e+00 1.2759016434e+00 7.7392081315e+01
1.3014035802e+00 1.2830220338e+00 7.6357016986e+01
1.3545913531e+00 1.2666023855e+00 8.3563393325e+01
1.3213086764e+00 1.2884859567e+00 7.6902422036e+01
1.3016125355e+00 1.2780110385e+00 7.7004000743e+01
1.2814841616e+00 1.2981394124e+00 7.3592574728e+01
1.3121798709e+00 1.2836078465e+00 7.6953114246e+01
1.3472884505e+00 1.2655735433e+00 8.2929653666e+01
1.3110239171e+00 1.2568254603e+00 8.1038494274e+01
1.2959847717e+00 1.2989283481e+00 7.4255049545e+01
1.2471904209e+00 1.3045531352e+00 7.1382496961e+01
1.3217103260e+00 1.2644622224e+00 8.0572093792e+01
1.2955895075e+00 1.2892728033e+00 7.5280598016e+01
1.3452831239e+00 1.2513792895e+00 8.8187569297e+01
1.3098325407e+00 1.2715368852e+00 7.8460999819e+01
1.2726794228e+00 1.2942985064e+00 7.3531797916e+01
1.3215431507e+00 1.3031613354e+00 7.5168205857e+01
1.3305663876e+00 1.3139152117e+00 7.4489136515e+01
1.3418644555e+00 1.2582977237e+00 8.4209337681e+01
1.3012654873e+00 1.3282688334e+00 7.1726752716e+01
1.2666151762e+00 1.2690563725e+00 7.5949796914e+01
1.3239990688e+00 1.2792266941e+00 7.8346920764e+01
1.2963562342e+00 1.2614774436e+00 7.8988771847e+01
1.3094669974e+00 1.2348879196e+00 8.7707378991e+01
1.3106575814e+00 1.2632946938e+00 7.9830999012e+01
1.3442997599e+00 1.2501760978e+00 8.9189483384e+01
1.3386111098e+00 1.2830213866e+00 7.8839697086e+01
1.3505367265e+00 1.2579436911e+00 8.5787518542e+01
1.2757400336e+00 1.3287990618e+00 7.0590647641e+01
1.2870157184e+00 1.2651626859e+00 7.7765205727e+01
1.3413351188e+00 1.2535780010e+00 8.5787518542e+01
1.3414158313e+00 1.2530600264e+00 8.6028533830e+01
1.3433369252e+00 1.2668958287e+00 8.2177652292e+01
1.2929992869e+00 1.2630938623e+00 7.8489693825e+01
1.3204164732e+00 1.2718734430e+00 7.9200889974e+01
1.2992668801e+00 1.2694540442e+00 7.8011105717e+01
1.3329886589e+00 1.2579899872e+00 8.3118460360e+01
1.3063916474e+00 1.2946457187e+00 7.5280598016e+01
1.3426910882e+00 1.2495988281e+00 8.8853746852e+01
1.3280647458e+00 1.2677229716e+00 8.0537160751e+01
1.2623337566e+00 1.3343286567e+00 6.9613682416e+01
1.3375638835e+00 1.2512298040e+00 8.6028533830e+01
1.2977231367e+00 1.2627220743e+00 7.8899089761e+01
1.3329086382e+00 1.2484607877e+00 8.6285126569e+01
1.2962597662e+00 1.2820546773e+00 7.6163920146e+01
1.3073259511e+00 1.2753531222e+00 7.7738183355e+01
1.3526658531e+00 1.2545005698e+00 8.8596120629e+01
1.2764044654e+00 1.2796886839e+00 7.5280598016e+01
1.3268321034e+00 1.2418888209e+00 8.9189483384e+01
1.2848801231e+00 1.2720832411e+00 7.6701551736e+01
1.3489248541e+00 1.2573656948e+00 8.5710183053e+01
1.3363521288e+00 1.2528785013e+00 8.5135479942e+01
1.2956274100e+00 1.3032221729e+00 7.3796765055e+01
1.3305196664e+00 1.2902353390e+00 7.7261429339e+01
1.2941827251e+00 1.2514755504e+00 8.0502355029e+01
1.3242002719e+00 1.2480078255e+00 8.4808428882e+01
1.2835804905e+00 1.2755588429e+00 7.6187912459e+01
1.3107180159e+00 1.2510332948e+00 8.2219886681e+01
1.2826176056e+00 1.2643442508e+00 7.7577264583e+01
1.3328573659e+00 1.2541887972e+00 8.4152793230e+01
1.3213405383e+00 1.2578466342e+00 8.1847601472e+01
1.3019656162e+00 1.2894500954e+00 7.5622927969e+01
1.2651584732e+00 1.3140286993e+00 7.1364548270e+01
1.3345882999e+00 1.2546423302e+00 8.4266437827e+01
1.2662763931e+00 1.2702630471e+00 7.5785442206e+01
1.3574408378e+00 1.2580512780e+00 8.7436729029e+01
1.3426922567e+00 1.3101545263e+00 7.5553826997e+01
1.3113493762e+00 1.2504019346e+00 8.2434572567e+01
1.3253085766e+00 1.2516969579e+00 8.3824351811e+01
1.3319635662e+00 1.2463508773e+00 8.7192030493e+01
1.3297274473e+00 1.2512054788e+00 8.4621711461e+01
1.2969290234e+00 1.2700489058e+00 7.7765205727e+01
1.3165772151e+00 1.2730903821e+00 7.8721838178e+01
1.3070974407e+00 1.2407335933e+00 8.4500744095e+01
1.3467271346e+00 1.2578119609e+00 8.5135479942e+01
1.3293560014e+00 1.2773724722e+00 7.9018826610e+01
1.3492612221e+00 1.2710550745e+00 8.1888128163e+01
1.2997832279e+00 1.2671947013e+00 7.8375337009e+01
1.3005999421e+00 1.2620222251e+00 7.9231529518e+01
1.3199492016e+00 1.2666601418e+00 8.0027705704e+01
1.3161363620e+00 1.2695994159e+00 7.9231529518e+01
1.3245926752e+00 1.2515403763e+00 8.3771288937e+01
1.3550243507e+00 1.2578376431e+00 8.6860516083e+01
1.3068615476e+00 1.2487965313e+00 8.2305046547e+01
1.2970862329e+00 1.2651004938e+00 7.8489693825e+01
1.3232626462e+00 1.2458940885e+00 8.5413839657e+01
1.3415004548e+00 1.2836429848e+00 7.8958797887e+01
1.3393509579e+00 1.2485689182e+00 8.8187569297e+01
1.3306138128e+00 1.2516286867e+00 8.4621711461e+01
1.3102166027e+00 1.2463116417e+00 8.3312569183e+01
1.3053488711e+00 1.2987524223e+00 7.4770307295e+01
1.2609093516e+00 1.3091190778e+00 7.1599198379e+01
1.2811819946e+00 1.2892823191e+00 7.4489136515e+01
1.2842498579e+00 1.2997390841e+00 7.3572291496e+01
1.3038993808e+00 1.2661290486e+00 7.8839697086e+01
1.3384388830e+00 1.2577861701e+00 8.3877872787e+01
1.2992944928e+00 1.2663764489e+00 7.8460999819e+01
1.3485380234e+00 1.2564388986e+00 8.6028533830e+01
1.3531478198e+00 1.2820983018e+00 8.0127513527e+01
1.3376730035e+00 1.2694934193e+00 8.1075372075e+01
1.3411997879e+00 1.2524016195e+00 8.6285126569e+01
1.2998666009e+00 1.2470952556e+00 8.1928856974e+01
1.3339525326e+00 1.2618351848e+00 8.2305046547e+01
1.3141985383e+00 1.2536508392e+00 8.2010933342e+01
1.3245544174e+00 1.3010280002e+00 7.5576824649e+01
1.3602232614e+00 1.2614092350e+00 8.6285126569e+01
1.3185225586e+00 1.2711450387e+00 7.9170336091e+01
1.3156427690e+00 1.2687828450e+00 7.9323969492e+01
1.3343529178e+00 1.2500726963e+00 8.5866297957e+01
1.3252467469e+00 1.2426026305e+00 8.7568287925e+01
1.3223101229e+00 1.2424896171e+00 8.6757527902e+01
1.2778286373e+00 1.2656574977e+00 7.7080699799e+01
1.3139212055e+00 1.2622118461e+00 8.0296118030e+01
1.3564255600e+00 1.2920173970e+00 7.8780614851e+01
1.3130168577e+00 1.2600632793e+00 8.0607155573e+01
1.3204290925e+00 1.3117409306e+00 7.4191794234e+01
1.3250437145e+00 1.2781820484e+00 7.8576202428e+01
1.3390569400e+00 1.2799433770e+00 7.9354959114e+01
1.3717541639e+00 1.2634919577e+00 8.8596120629e+01
1.3546757571e+00 1.2673955216e+00 8.3361979075e+01
1.3435094481e+00 1.2759295043e+00 8.0398687958e+01
1.3658593134e+00 1.2663107097e+00 8.5342693277e+01
1.2949138323e+00 1.2299174303e+00 8.6466509507e+01
1.3513042791e+00 1.2536726430e+00 8.8853746852e+01
1.3567853801e+00 1.2965019197e+00 7.8149888534e+01
1.2702972251e+00 1.3053996219e+00 7.2358966340e+01
1.2954940685e+00 1.2976701506e+00 7.4361029171e+01
1.3594705543e+00 1.2634783623e+00 8.5272615194e+01
1.3196360519e+00 1.2678469554e+00 7.9798579510e+01
1.3208630299e+00 1.2600698962e+00 8.1337875892e+01
1.3122120236e+00 1.2730870084e+00 7.8403821928e+01
1.3235452898e+00 1.2941392681e+00 7.6332733555e+01
1.2790657770e+00 1.3084172303e+00 7.2491868298e+01
1.2982236838e+00 1.2722406299e+00 7.7550643872e+01
1.3223274863e+00 1.2402946809e+00 8.8378926216e+01
1.3223990557e+00 1.2493730588e+00 8.4096788508e+01
1.3161702678e+00 1.2551658885e+00 8.1888128163e+01
1.3216469479e+00 1.2623419940e+00 8.0965186566e+01
1.3191873724e+00 1.2906072607e+00 7.6503617642e+01
1.3081464503e+00 1.2531694692e+00 8.1491484890e+01
1.3176635529e+00 1.2432170000e+00 8.5413839657e+01
1.3504369524e+00 1.2558535966e+00 8.6757527902e+01
1.3243163705e+00 1.2929296500e+00 7.6528203273e+01
1.3436658119e+00 1.2687579139e+00 8.1807273904e+01
1.3015913594e+00 1.2902614423e+00 7.5507938852e+01
1.2806774592e+00 1.2645463388e+00 7.7418371854e+01
1.3283029664e+00 1.2950848059e+00 7.6503617642e+01
1.3740666272e+00 1.2651362375e+00 8.8014565082e+01
1.2990320847e+00 1.2570610645e+00 7.9928877049e+01
1.3224669559e+00 1.3154167745e+00 7.3920490059e+01
1.3220473810e+00 1.2462377576e+00 8.5068338769e+01
1.2806295276e+00 1.3046695044e+00 7.2916077488e+01
1.3141662528e+00 1.2406217592e+00 8.5787518542e+01
1.3201584865e+00 1.2843806089e+00 7.7365844600e+01
1.3541496516e+00 1.2600272930e+00 8.5634214754e+01
1.3098880429e+00 1.2688627528e+00 7.8869354308e+01
1.3410805245e+00 1.2787970877e+00 7.9701926885e+01
1.3582362238e+00 1.2849253623e+00 8.0060864731e+01
1.2677399179e+00 1.3097018949e+00 7.1855172896e+01
1.3059392529e+00 1.2440651574e+00 8.3361979075e+01
1.2739544569e+00 1.3130917062e+00 7.1836773450e+01
1.3320431635e+00 1.3119984070e+00 7.4770307295e+01
1.3310039889e+00 1.2577896986e+00 8.2929653666e+01
1.3063104831e+00 1.2680778981e+00 7.8721838178e+01
1.3440029848e+00 1.2500356355e+00 8.9189483384e+01
1.3393045072e+00 1.2481785001e+00 8.8596120629e+01
1.2977078317e+00 1.2675274968e+00 7.8177837772e+01
1.3369752541e+00 1.2666882619e+00 8.1569331007e+01
1.2861355663e+00 1.3328647507e+00 7.0694420330e+01
1.3125647529e+00 1.2626959143e+00 8.0094133635e+01
1.3198738134e+00 1.2558230336e+00 8.2135643310e+01
1.3304778837e+00 1.2679342162e+00 8.0713127966e+01
1.3408793791e+00 1.2496622261e+00 8.7855467302e+01
1.3573027328e+00 1.2568742118e+00 8.8378926216e+01
1.3353312053e+00 1.2827919145e+00 7.8634235730e+01
1.3361374137e+00 1.2522193559e+00 8.5342693277e+01
1.2904145404e+00 1.2656786089e+00 7.7928590790e+01
1.3279016834e+00 1.2705104165e+00 8.0027705704e+01
1.3318053157e+00 1.2473818568e+00 8.6560781600e+01
1.3537422442e+00 1.2872198080e+00 7.9323969492e+01
1.3079236859e+00 1.2594899551e+00 8.0262165861e+01
1.3416134422e+00 1.2598615541e+00 8.3718672554e+01
1.3095679532e+00 1.2700556209e+00 7.8663362312e+01
1.3455426011e+00 1.2932205277e+00 7.7846627825e+01
1.3308874838e+00 1.2649002336e+00 8.1337875892e+01
1.2827245013e+00 1.3353986185e+00 7.0350560793e+01
1.3719918925e+00 1.2667712363e+00 8.6374684998e+01
1.3109296168e+00 1.2464688919e+00 8.3361979075e+01
1.2897381314e+00 1.2907583194e+00 7.4792145946e+01
1.3175145520e+00 1.2830852084e+00 7.7365844600e+01
1.3543485422e+00 1.2580751837e+00 8.6560781600e+01
1.3557381249e+00 1.2654556137e+00 8.4041308295e+01
1.3184484792e+00 1.2380797652e+00 8.8853746852e+01
1.3336922873e+00 1.2468041634e+00 8.7436729029e+01
1.3180189381e+00 1.2655333564e+00 8.0060864731e+01
1.2783429381e+00 1.2707920476e+00 7.6454577770e+01
1.3509736733e+00 1.2605735903e+00 8.4872174373e+01
1.2687782220e+00 1.3165208100e+00 7.1310801950e+01
1.3264082782e+00 1.2680675795e+00 8.0330188264e+01
1.3148811729e+00 1.2590711023e+00 8.0965186566e+01
1.3633443991e+00 1.2591656863e+00 8.9189483384e+01
1.3057314389e+00 1.2747650118e+00 7.7711219496e+01
1.3237948482e+00 1.2545195953e+00 8.2883230736e+01
1.2790278457e+00 1.2648926680e+00 7.7261429339e+01
1.3213911139e+00 1.2625978281e+00 8.0892464042e+01
1.3545551601e+00 1.2574303223e+00 8.6966995687e+01
1.2943004080e+00 1.2993009994e+00 7.4128784622e+01
1.3433772439e+00 1.2506613764e+00 8.8014565082e+01
1.3212635342e+00 1.2492007795e+00 8.3986338075e+01
1.3018861399e+00 1.2533368932e+00 8.0856317856e+01
1.2837482934e+00 1.2545272268e+00 7.9109482420e+01
1.3553721590e+00 1.2847102506e+00 7.9863521106e+01
1.3185559848e+00 1.2449371375e+00 8.4936720171e+01
1.2957195180e+00 1.2529807924e+00 8.0364377815e+01
1.2710221609e+00 1.3151503874e+00 7.1526692018e+01
1.3558137932e+00 1.2561716893e+00 8.8378926216e+01
1.3271274514e+00 1.2420292833e+00 8.9189483384e+01
1.3582758741e+00 1.2567778268e+00 8.9189483384e+01
1.2838305333e+00 1.3145815665e+00 7.2152056638e+01
1.2808083534e+00 1.2383920814e+00 8.1807273904e+01
1.3312961900e+00 1.2802510735e+00 7.8721838178e+01
1.3090329307e+00 1.2335845211e+00 8.8853746852e+01
1.2889013372e+00 1.3217695622e+00 7.1745045020e+01
1.3147426466e+00 1.2396103691e+00 8.6374684998e+01
1.3406300576e+00 1.2652225911e+00 8.2262350168e+01
1.2979054656e+00 1.2834639603e+00 7.6092186698e+01
1.2801835274e+00 1.3007493986e+00 7.3270912618e+01
1.2921507744e+00 1.2613323227e+00 7.8692562936e+01
1.3340799206e+00 1.2617077968e+00 8.2347979715e+01
1.2890059650e+00 1.2810224644e+00 7.5855650848e+01
1.3335451756e+00 1.2736212473e+00 7.9961712929e+01
1.2889247160e+00 1.2662983171e+00 7.7738183355e+01
1.3272207723e+00 1.2428076571e+00 8.8187569297e+01
1.2811413355e+00 1.3032842785e+00 7.3072890473e+01
1.3520001635e+00 1.2661229563e+00 8.3361979075e+01
1.3262943315e+00 1.2624993561e+00 8.1376023555e+01
1.3149485945e+00 1.2790900258e+00 7.7738183355e+01
1.3000801071e+00 1.2534029899e+00 8.0677671172e+01
1.2807831540e+00 1.2436148192e+00 8.0748719456e+01
1.3366643927e+00 1.2582487271e+00 8.3512456048e+01
1.2408613355e+00 1.2913396374e+00 7.2264626857e+01
1.3618104103e+00 1.2642110098e+00 8.5413839657e+01
1.3581963905e+00 1.2572957253e+00 8.8378926216e+01
1.3184231860e+00 1.2668758460e+00 7.9863521106e+01
1.3125728495e+00 1.3152048252e+00 7.3451099791e+01
1.3118031834e+00 1.2442899659e+00 8.4096788508e+01
1.3268788329e+00 1.2422779018e+00 8.8596120629e+01
1.3579661879e+00 1.2601569319e+00 8.6374684998e+01
1.3519038037e+00 1.2600816787e+00 8.5203558584e+01
1.3095562763e+00 1.2844823440e+00 7.6676652104e+01
1.3462310614e+00 1.2622493563e+00 8.3666491536e+01
1.3057811725e+00 1.3171677440e+00 7.2935602632e+01
1.3267419444e+00 1.2572469975e+00 8.2566341788e+01
1.3013796120e+00 1.2786803881e+00 7.6902422036e+01
1.3178484351e+00 1.2565399461e+00 8.1767142530e+01
1.2846592930e+00 1.2749153083e+00 7.6332733555e+01
1.2981865098e+00 1.2735856047e+00 7.7365844600e+01
1.3024195151e+00 1.2876850739e+00 7.5855650848e+01
1.3352690573e+00 1.2570208589e+00 8.3666491536e+01
1.3108021837e+00 1.2696942670e+00 7.8810117472e+01
1.2887419307e+00 1.3017996746e+00 7.3592574728e+01
1.3086873193e+00 1.2862258005e+00 7.6405711507e+01
1.3243916545e+00 1.2805852676e+00 7.8177837772e+01
1.2975248279e+00 1.2620497734e+00 7.8988771847e+01
1.3037124999e+00 1.3056440369e+00 7.3961938190e+01
1.3112811621e+00 1.2408972422e+00 8.5135479942e+01
1.3577323478e+00 1.2643389309e+00 8.4683224036e+01
1.3090084799e+00 1.2562268486e+00 8.0965186566e+01
1.3252206296e+00 1.2644469676e+00 8.0892464042e+01
1.3257615934e+00 1.2717756141e+00 7.9637987289e+01
1.2962217187e+00 1.2903876248e+00 7.5190617570e+01
1.3604595885e+00 1.2686355340e+00 8.3771288937e+01
1.2925145403e+00 1.2923477704e+00 7.4770307295e+01
1.3281584214e+00 1.3040116018e+00 7.5439372000e+01
1.2841777684e+00 1.3046159191e+00 7.3092591339e+01
1.3052355917e+00 1.2896775280e+00 7.5785442206e+01
1.3122579507e+00 1.2887794155e+00 7.6308492375e+01
1.3109614616e+00 1.2534027145e+00 8.1727204497e+01
1.3288570111e+00 1.3037523813e+00 7.5507938852e+01
1.2886501675e+00 1.2866104996e+00 7.5190617570e+01
1.3356608632e+00 1.2850941422e+00 7.8318572690e+01
1.3209303193e+00 1.2390795745e+00 8.9189483384e+01
1.3316372885e+00 1.2558457188e+00 8.3512456048e+01
1.2725113758e+00 1.2853223020e+00 7.4446319730e+01
1.3187797467e+00 1.2997819594e+00 7.5393835738e+01
1.3147494230e+00 1.2522285062e+00 8.2391153680e+01
1.2806208857e+00 1.3081728018e+00 7.2587399708e+01
1.3189130265e+00 1.2519871961e+00 8.2929653666e+01
1.3234677141e+00 1.2452532101e+00 8.5710183053e+01
1.3323830132e+00 1.2717182802e+00 8.0194610813e+01
1.3103189493e+00 1.3038579952e+00 7.4489136515e+01
1.3192049545e+00 1.2708996345e+00 7.9262255454e+01
1.3216600362e+00 1.2405266904e+00 8.7855467302e+01
1.3007130299e+00 1.2571206479e+00 8.0060864731e+01
1.2894690338e+00 1.2531484181e+00 7.9798579510e+01
1.3250135165e+00 1.2567924339e+00 8.2478240615e+01
1.3372100869e+00 1.2620770036e+00 8.2610784034e+01
1.3213902095e+00 1.3055092890e+00 7.4901801823e+01
1.3265567791e+00 1.2924435379e+00 7.6726497234e+01
1.3305391450e+00 1.2547598870e+00 8.3666491536e+01
1.3444151477e+00 1.2750238047e+00 8.0642347542e+01
1.2789205424e+00 1.2415789423e+00 8.0965186566e+01
1.2822667039e+00 1.3196459473e+00 7.1635555180e+01
1.3189127446e+00 1.2886916520e+00 7.6726497234e+01
1.2928877363e+00 1.2601604385e+00 7.8928904074e+01
1.2971838700e+00 1.2811305735e+00 7.6332733555e+01
1.2947890519e+00 1.3277210334e+00 7.1490541645e+01
1.3100861611e+00 1.2695374129e+00 7.8780614851e+01
1.2581938829e+00 1.2683707850e+00 7.5530865121e+01
1.3481466515e+00 1.2866599541e+00 7.8988771847e+01
1.2281265244e+00 1.3140566230e+00 6.9795485755e+01
1.3212533299e+00 1.2784712926e+00 7.8262079083e+01
1.2552072858e+00 1.3030615858e+00 7.1873590390e+01
1.3570987148e+00 1.2662890574e+00 8.3986338075e+01
1.3114620214e+00 1.2542089203e+00 8.1608522897e+01
1.3183826067e+00 1.2892217899e+00 7.6626989411e+01
1.3034890424e+00 1.2730802383e+00 7.7792286999e+01
1.3151925969e+00 1.2924117997e+00 7.6044565226e+01
1.2759396131e+00 1.2945247006e+00 7.3673952717e+01
1.3042216994e+00 1.2963780610e+00 7.4967970313e+01
1.2362890717e+00 1.3237208221e+00 6.9384517171e+01
1.3416724221e+00 1.2790825833e+00 7.9701926885e+01
1.3024751461e+00 1.2366685625e+00 8.5135479942e+01
1.3202001504e+00 1.2742757073e+00 7.8810117472e+01
1.2710547834e+00 1.2898257696e+00 7.3899804954e+01
1.2839775994e+00 1.2969553266e+00 7.3837904283e+01
1.2959441780e+00 1.2954715335e+00 7.4618284369e+01
1.3438454266e+00 1.2510676931e+00 8.7855467302e+01
1.3344621220e+00 1.2547685081e+00 8.4209337681e+01
1.2972750259e+00 1.2396983971e+00 8.3411757846e+01
1.3116751694e+00 1.2906751612e+00 7.6044565226e+01
1.2964037761e+00 1.2723171482e+00 7.7418371854e+01
1.3634575041e+00 1.2770647147e+00 8.2052287288e+01
1.3368729072e+00 1.2615391926e+00 8.2700475693e+01
1.3325778967e+00 1.2837911225e+00 7.8290292293e+01
1.3325102541e+00 1.2983418077e+00 7.6357016986e+01
1.3360927683e+00 1.2518271079e+00 8.5486104849e+01
1.3370617065e+00 1.2517319810e+00 8.5710183053e+01
1.2888647470e+00 1.2955608671e+00 7.4233936959e+01
1.3229868024e+00 1.2575096484e+00 8.2093856142e+01
1.3440981260e+00 1.2674491375e+00 8.2135643310e+01
1.3066942027e+00 1.2860328527e+00 7.6308492375e+01
1.3135569297e+00 1.2831054837e+00 7.7106365806e+01
1.3115012783e+00 1.2633232335e+00 7.9896146783e+01
1.3493928415e+00 1.2577735813e+00 8.5634214754e+01
1.2829512817e+00 1.2809773552e+00 7.5507938852e+01
1.3462522214e+00 1.2560981092e+00 8.5710183053e+01
1.3250168050e+00 1.2541703675e+00 8.3118460360e+01
1.3010191761e+00 1.2372563440e+00 8.4683224036e+01
1.2451786294e+00 1.3091743863e+00 7.0903592550e+01
1.3003484268e+00 1.2862609166e+00 7.5902646881e+01
1.3087054776e+00 1.2378218272e+00 8.5866297957e+01
1.3084880010e+00 1.2833648006e+00 7.6751488857e+01
1.2545114266e+00 1.3146453081e+00 7.0851093365e+01
1.3307866203e+00 1.2667505872e+00 8.0965186566e+01
1.3457312381e+00 1.2785343189e+00 8.0127513527e+01
1.3625879454e+00 1.2700214470e+00 8.3666491536e+01
1.3392849830e+00 1.2617523832e+00 8.2929653666e+01
1.3134444212e+00 1.2797197979e+00 7.7550643872e+01
1.2834253508e+00 1.2331776541e+00 8.3361979075e+01
1.2973692116e+00 1.2587239377e+00 7.9511264665e+01
1.3150478474e+00 1.2785535601e+00 7.7819427566e+01
1.3139416254e+00 1.2639364904e+00 7.9994655462e+01
1.3147408471e+00 1.3156719432e+00 7.3511587388e+01
1.3356485756e+00 1.2566413406e+00 8.3824351811e+01
1.3243848087e+00 1.2534933072e+00 8.3214823856e+01
1.3326680481e+00 1.2500110251e+00 8.5559543476e+01
1.2839033951e+00 1.2804607810e+00 7.5622927969e+01
1.3127637562e+00 1.3163313662e+00 7.3350761860e+01
1.3172700380e+00 1.2484009037e+00 8.3666491536e+01
1.3049143380e+00 1.2681657990e+00 7.8605182622e+01
1.2842170245e+00 1.2766635284e+00 7.6092186698e+01
1.2664599497e+00 1.2852836064e+00 7.4128784622e+01
1.3063300346e+00 1.2545505184e+00 8.1038494274e+01
1.3269069665e+00 1.2448651480e+00 8.6657708378e+01
1.3366303289e+00 1.2504158342e+00 8.6197674093e+01
1.2915885639e+00 1.2736467646e+00 7.6927743997e+01
1.3397258118e+00 1.2481940643e+00 8.8853746852e+01
1.3291947778e+00 1.2915602275e+00 7.7004000743e+01
1.2570228246e+00 1.2982002085e+00 7.2396839172e+01
1.3475018362e+00 1.2649218897e+00 8.3118460360e+01
1.3453417812e+00 1.2530703187e+00 8.6966995687e+01
1.3174985252e+00 1.2586345263e+00 8.1299894225e+01
1.3410539762e+00 1.2652365727e+00 8.2305046547e+01
1.3255461195e+00 1.2606264289e+00 8.1687457017e+01
1.3204917943e+00 1.2831717216e+00 7.7550643872e+01
1.3303183330e+00 1.2514876174e+00 8.4621711461e+01
1.3266378962e+00 1.2617188733e+00 8.1569331007e+01
1.3333681311e+00 1.2562994661e+00 8.3614735208e+01
1.3422498655e+00 1.2776277467e+00 7.9994655462e+01
1.3238223401e+00 1.2899162630e+00 7.6877148084e+01
1.2773733558e+00 1.2817659776e+00 7.5101168461e+01
1.3101949739e+00 1.2965334998e+00 7.5280598016e+01
1.3640248009e+00 1.2650703216e+00 8.5486104849e+01
1.3069378779e+00 1.2722492947e+00 7.8149888534e+01
1.2866002811e+00 1.3083128387e+00 7.2857631514e+01
1.2717085844e+00 1.2835144487e+00 7.4596686360e+01
1.3062170045e+00 1.2403103003e+00 8.4500744095e+01
1.3555954032e+00 1.2555136659e+00 8.9189483384e+01
1.3407612504e+00 1.2799937550e+00 7.9479819877e+01
1.2968212333e+00 1.2636239778e+00 7.8692562936e+01
1.3141662528e+00 1.2406217592e+00 8.5787518542e+01
1.3419524460e+00 1.2617110699e+00 8.3263520051e+01
1.3419909882e+00 1.2581711910e+00 8.4266437827e+01
1.3045474295e+00 1.2776950700e+00 7.7235456792e+01
1.3250438709e+00 1.2598184399e+00 8.1807273904e+01
1.3362954581e+00 1.2463836152e+00 8.9189483384e+01
1.3234983482e+00 1.2701030592e+00 7.9734044399e+01
1.3354846032e+00 1.2795690977e+00 7.9139867144e+01
1.3291203750e+00 1.2925121214e+00 7.6877148084e+01
1.3247156924e+00 1.2776346381e+00 7.8634235730e+01
1.3350532918e+00 1.2616091215e+00 8.2478240615e+01
1.3308345801e+00 1.2549011978e+00 8.3666491536e+01
1.3312340826e+00 1.2829428619e+00 7.8318572690e+01
1.3095173599e+00 1.2557179686e+00 8.1112401649e+01
1.3810463910e+00 1.2691578037e+00 8.7436729029e+01
1.3465169694e+00 1.2523326135e+00 8.7855467302e+01
1.3077415740e+00 1.2635945823e+00 7.9542802945e+01
1.2871527574e+00 1.2828756720e+00 7.5530865121e+01
1.3290335891e+00 1.2785708075e+00 7.8810117472e+01
1.3801066685e+00 1.2886140668e+00 8.1299894225e+01
1.3421567004e+00 1.2571303900e+00 8.4621711461e+01
1.2904567972e+00 1.2935321448e+00 7.4532068904e+01
1.3397951042e+00 1.2888608446e+00 7.8066427965e+01
1.3146260017e+00 1.2593262734e+00 8.0892464042e+01
1.3214255257e+00 1.2420675967e+00 8.6757527902e+01
1.3553440855e+00 1.2557649837e+00 8.8596120629e+01
1.3257206777e+00 1.2595783544e+00 8.1928856974e+01
1.2956799927e+00 1.3075457702e+00 7.3370782375e+01
1.3278718576e+00 1.2447722473e+00 8.6966995687e+01
1.2471904209e+00 1.3045531352e+00 7.1382496961e+01
1.3468976723e+00 1.2580792498e+00 8.5068338769e+01
1.3578479722e+00 1.2615909802e+00 8.5710183053e+01
1.3616298068e+00 1.2758142611e+00 8.2135643310e+01
1.3279748557e+00 1.2713122348e+00 7.9896146783e+01
1.3422849435e+00 1.2648814793e+00 8.2522162191e+01
1.3374987275e+00 1.2850113578e+00 7.8460999819e+01
1.2856952858e+00 1.3447175046e+00 6.9745748012e+01
1.3404657619e+00 1.2570714455e+00 8.4382373156e+01
1.3476705266e+00 1.2612479384e+00 8.4152793230e+01
1.2762914979e+00 1.2585122583e+00 7.7956033878e+01
1.3266111115e+00 1.3095141153e+00 7.4748499176e+01
1.3395483248e+00 1.2728754011e+00 8.0607155573e+01
1.2797179023e+00 1.2833397301e+00 7.5056640173e+01
1.3024928537e+00 1.2911085537e+00 7.5462192458e+01
1.2808068086e+00 1.2988167654e+00 7.3491400916e+01
1.3456723460e+00 1.2523022954e+00 8.7568287925e+01
1.2979748993e+00 1.2803395442e+00 7.6479075887e+01
1.3027261915e+00 1.2926242148e+00 7.5303177292e+01
1.3003361584e+00 1.2723079465e+00 7.7684313766e+01
1.3117657811e+00 1.2586985327e+00 8.0748719456e+01
1.3077445717e+00 1.3095014488e+00 7.3776233514e+01
1.3566607760e+00 1.2562012178e+00 8.8853746852e+01
1.3356055856e+00 1.2562472160e+00 8.3931863986e+01
1.3051807958e+00 1.2805549821e+00 7.6902422036e+01
1.3488922488e+00 1.2744955235e+00 8.1149584901e+01
1.3261482244e+00 1.2582773897e+00 8.2262350168e+01
1.3317340890e+00 1.2649283243e+00 8.1414339425e+01
1.3546626915e+00 1.2608294243e+00 8.5413839657e+01
1.3185041729e+00 1.2742228825e+00 7.8692562936e+01
1.3076753550e+00 1.2780604229e+00 7.7392081315e+01
1.3201539210e+00 1.2455170207e+00 8.5002097282e+01
1.3141659163e+00 1.2589142208e+00 8.0928753038e+01
1.3746873180e+00 1.2799216782e+00 8.2610784034e+01
1.3127485855e+00 1.2817272722e+00 7.7235456792e+01
1.3016167076e+00 1.2954830905e+00 7.4923826465e+01
1.3114615441e+00 1.2376734416e+00 8.6560781600e+01
1.3159975426e+00 1.3218861878e+00 7.2974718097e+01
1.2723979591e+00 1.2658775610e+00 7.6701551736e+01
1.3255560166e+00 1.2501408304e+00 8.4324110442e+01
1.2759004797e+00 1.2967436252e+00 7.3451099791e+01
1.3112659587e+00 1.2770908109e+00 7.7765205727e+01
1.3127944940e+00 1.3105932782e+00 7.3920490059e+01
1.3171711788e+00 1.2768674415e+00 7.8205852297e+01
1.3221802556e+00 1.2474123141e+00 8.4683224036e+01
1.3166042897e+00 1.2717524798e+00 7.8928904074e+01
1.2970859099e+00 1.2982644964e+00 7.4382309227e+01
1.3074032273e+00 1.2800797800e+00 7.7106365806e+01
1.3325089880e+00 1.2462418077e+00 8.7436729029e+01
1.2946796836e+00 1.2775284138e+00 7.6626989411e+01
1.3192159976e+00 1.2434061696e+00 8.5634214754e+01
1.3107230269e+00 1.2671550890e+00 7.9200889974e+01
1.3163381078e+00 1.2947709614e+00 7.5832210102e+01
1.3300095777e+00 1.3039180693e+00 7.5553826997e+01
1.3021577478e+00 1.2704863570e+00 7.8066427965e+01
1.3005380486e+00 1.2416450988e+00 8.3312569183e+01
1.2925499751e+00 1.2644133891e+00 7.8262079083e+01
1.2841205467e+00 1.2863437670e+00 7.4967970313e+01
1.3096082426e+00 1.2595484921e+00 8.0398687958e+01
1.3024839184e+00 1.2627514101e+00 7.9262255454e+01
1.3103811988e+00 1.2784124887e+00 7.7524079068e+01
1.2997368892e+00 1.2541811548e+00 8.0502355029e+01
1.2507119867e+00 1.3040760254e+00 7.1581045961e+01
1.2932476606e+00 1.2732945814e+00 7.7080699799e+01
1.3058407447e+00 1.2973850183e+00 7.4945882582e+01
1.3313794277e+00 1.2534828830e+00 8.4152793230e+01
1.3414486393e+00 1.3109576514e+00 7.5393835738e+01
1.2987853949e+00 1.3009392276e+00 7.4191794234e+01
1.3203388228e+00 1.2868276001e+00 7.7055083817e+01
1.3277945482e+00 1.2806858694e+00 7.8403821928e+01
1.3845269334e+00 1.2930262949e+00 8.0856317856e+01
1.3090329307e+00 1.2335845211e+00 8.8853746852e+01
1.2902092315e+00 1.2915967189e+00 7.4726721458e+01
1.3719918925e+00 1.2667712363e+00 8.6374684998e+01
1.3377430553e+00 1.3225958269e+00 7.3961938190e+01
1.2968826513e+00 1.2492101265e+00 8.1186923776e+01
1.2959778430e+00 1.2779744321e+00 7.6651798080e+01
1.3673174593e+00 1.2617776632e+00 8.8187569297e+01
1.3006698973e+00 1.2938059605e+00 7.5056640173e+01
1.2932303234e+00 1.2320342533e+00 8.5203558584e+01
1.2827158305e+00 1.2620735147e+00 7.7901209028e+01
1.3483911293e+00 1.2539592013e+00 8.7311596302e+01
1.3207066026e+00 1.2467070384e+00 8.4683224036e+01
1.2934889741e+00 1.3001124333e+00 7.4003490889e+01
1.3284353751e+00 1.2717268041e+00 7.9863521106e+01
1.2784679611e+00 1.3291364355e+00 7.0677087664e+01
1.3259626526e+00 1.2724494472e+00 7.9542802945e+01
1.3610873465e+00 1.2640560931e+00 8.5342693277e+01
1.3491469351e+00 1.2593334825e+00 8.5002097282e+01
1.3068033962e+00 1.2758756770e+00 7.7630675173e+01
1.2943505675e+00 1.2975022342e+00 7.4318553532e+01
1.2901180313e+00 1.3008606149e+00 7.3755727228e+01
1.2843141261e+00 1.2848426086e+00 7.5145827200e+01
1.3454546933e+00 1.2516451048e+00 8.8014565082e+01
1.2662038500e+00 1.2981603261e+00 7.2838192431e+01
1.3013814878e+00 1.2891601175e+00 7.5622927969e+01
1.2802162551e+00 1.3177583863e+00 7.1708478082e+01
1.3099013267e+00 1.2657955203e+00 7.9354959114e+01
1.2783535151e+00 1.3126251310e+00 7.2077389913e+01
1.3255933761e+00 1.2597056559e+00 8.1888128163e+01
1.3046608948e+00 1.2719083859e+00 7.8038735323e+01
1.2995255063e+00 1.2866470421e+00 7.5808807284e+01
1.2735467913e+00 1.2812412207e+00 7.4945882582e+01
1.2843277252e+00 1.2722005192e+00 7.6651798080e+01
1.3028766886e+00 1.3060417764e+00 7.3879145689e+01
1.2964738463e+00 1.2831497277e+00 7.6044565226e+01
1.3539004039e+00 1.2708040822e+00 8.2434572567e+01
1.3665478235e+00 1.2612298513e+00 8.8378926216e+01
1.3588832256e+00 1.2658212605e+00 8.4382373156e+01
1.3033853525e+00 1.2753654432e+00 7.7471115761e+01
1.3286659855e+00 1.2444141516e+00 8.7436729029e+01
1.3633443991e+00 1.2591656863e+00 8.9189483384e+01
1.3142366589e+00 1.2449026745e+00 8.4266437827e+01
1.3266585044e+00 1.2739412560e+00 7.9354959114e+01
1.3514429990e+00 1.2548475499e+00 8.7707378991e+01
1.3190610565e+00 1.2867915923e+00 7.6978533067e+01
1.3111243205e+00 1.2846633969e+00 7.6751488857e+01
1.2975695579e+00 1.3052184766e+00 7.3694358938e+01
1.3389376465e+00 1.2769929088e+00 7.9830999012e+01
1.2680410315e+00 1.3102734120e+00 7.1818391996e+01
1.3249686388e+00 1.2577104344e+00 8.2262350168e+01
1.3373578062e+00 1.2518728239e+00 8.5710183053e+01
1.3129810551e+00 1.2810575652e+00 7.7339661375e+01
1.3342481438e+00 1.2619769093e+00 8.2305046547e+01
1.3598953333e+00 1.2634924390e+00 8.5342693277e+01
1.3442801594e+00 1.2523822540e+00 8.7077348295e+01
1.3276299383e+00 1.2550491349e+00 8.3214823856e+01
1.3101878853e+00 1.2777319908e+00 7.7603941562e+01
1.3035324037e+00 1.2852612838e+00 7.6211945708e+01
1.2879866894e+00 1.3008069981e+00 7.3653571278e+01
1.2943258251e+00 1.2918467233e+00 7.4923826465e+01
1.3238709138e+00 1.2579350366e+00 8.2093856142e+01
1.3150795489e+00 1.2789590714e+00 7.7765205727e+01
1.3021248153e+00 1.2718274599e+00 7.7873888177e+01
1.3658069805e+00 1.2821957280e+00 8.1224420262e+01
1.3330413280e+00 1.2758771369e+00 7.9542802945e+01
1.3570170121e+00 1.2580366888e+00 8.7311596302e+01
1.2549667545e+00 1.2859136278e+00 7.3471238414e+01
1.2992859415e+00 1.2428972059e+00 8.2837107130e+01
1.3621511684e+00 1.2586038370e+00 8.9189483384e+01
1.3333152063e+00 1.2624725111e+00 8.2093856142e+01
1.3458242726e+00 1.2780023797e+00 8.0228330525e+01
1.3377035300e+00 1.2655222329e+00 8.1888128163e+01
1.3130166410e+00 1.2439467232e+00 8.4382373156e+01
1.3424139364e+00 1.2581858239e+00 8.4324110442e+01
1.3164009211e+00 1.2833237014e+00 7.7261429339e+01
1.3345362155e+00 1.2691273004e+00 8.0856317856e+01
1.2976422542e+00 1.2928993511e+00 7.4990089796e+01
1.3303812063e+00 1.2811660573e+00 7.8518458573e+01
1.2834902319e+00 1.2612991133e+00 7.8066427965e+01
1.2626834920e+00 1.3178129587e+00 7.0938669332e+01
1.3413355362e+00 1.2680210006e+00 8.1727204497e+01
1.3148020902e+00 1.3024439303e+00 7.4879808517e+01
1.3304495033e+00 1.2526661682e+00 8.4266437827e+01
1.3100495136e+00 1.2796180837e+00 7.7339661375e+01
1.3413009982e+00 1.2496776480e+00 8.8014565082e+01
1.3137058458e+00 1.2585022516e+00 8.0965186566e+01
1.3649289030e+00 1.2606535147e+00 8.8187569297e+01
1.2602772031e+00 1.3280795665e+00 7.0012386239e+01
1.3140787948e+00 1.2511565338e+00 8.2566341788e+01
1.3378036078e+00 1.2496793995e+00 8.6860516083e+01
1.3384294210e+00 1.2490535863e+00 8.7436729029e+01
1.3192559785e+00 1.2747826418e+00 7.8663362312e+01
1.3647965460e+00 1.2805651843e+00 8.1452825766e+01
1.3479558038e+00 1.2526439565e+00 8.8187569297e+01
1.3684576937e+00 1.2667884279e+00 8.5634214754e+01
1.2989735372e+00 1.2710548922e+00 7.7765205727e+01
1.3005882549e+00 1.2528948421e+00 8.0820312794e+01
1.3445330521e+00 1.2595682413e+00 8.4209337681e+01
1.3308780446e+00 1.2566049627e+00 8.3214823856e+01
1.2950931846e+00 1.2814760961e+00 7.6163920146e+01
1.2828685626e+00 1.3269260704e+00 7.1044274624e+01
1.2833204527e+00 1.2871438611e+00 7.4835915371e+01
1.3949799348e+00 1.2741821940e+00 8.8853746852e+01
1.3030786457e+00 1.2395388062e+00 8.4266437827e+01
1.3307019599e+00 1.2463035746e+00 8.6860516083e+01
1.3515315796e+00 1.2670301266e+00 8.3070778751e+01
1.3522094544e+00 1.2553949422e+00 8.7568287925e+01
1.2915820151e+00 1.3414667711e+00 7.0231568090e+01
1.3081420625e+00 1.2649380745e+00 7.9354959114e+01
1.3300316339e+00 1.2465376468e+00 8.6560781600e+01
1.2868145893e+00 1.2736306217e+00 7.6626989411e+01
1.3054895974e+00 1.2545202964e+00 8.0965186566e+01
1.3546353989e+00 1.2569118646e+00 8.7311596302e+01
1.2987636713e+00 1.2286678479e+00 8.8853746852e+01
1.3427276026e+00 1.2534974505e+00 8.6112185454e+01
1.2618444104e+00 1.2951189538e+00 7.2916077488e+01
1.3156023437e+00 1.2990129668e+00 7.5303177292e+01
1.3538095256e+00 1.2546708920e+00 8.9189483384e+01
1.2950546269e+00 1.2371463461e+00 8.3824351811e+01
1.3124067830e+00 1.2362935274e+00 8.7707378991e+01
1.2945867778e+00 1.3086389851e+00 7.3211267821e+01
1.2955614071e+00 1.2936692230e+00 7.4792145946e+01
1.2825380716e+00 1.2935949800e+00 7.4107835512e+01
1.3201084373e+00 1.2765539761e+00 7.8460999819e+01
1.3237937381e+00 1.2519031090e+00 8.3563393325e+01
1.3466501388e+00 1.2662118550e+00 8.2700475693e+01
1.3040881467e+00 1.2315834020e+00 8.8378926216e+01
1.3147500745e+00 1.3319320351e+00 7.2003022837e+01
1.2831394465e+00 1.2943023663e+00 7.4066017793e+01
1.3195087589e+00 1.2605512412e+00 8.1112401649e+01
1.2684795498e+00 1.2984983794e+00 7.2916077488e+01
1.3348759804e+00 1.2473665191e+00 8.7436729029e+01
1.2980902702e+00 1.2358457926e+00 8.4683224036e+01
1.2833357068e+00 1.3085170948e+00 7.2683441722e+01
1.3334520816e+00 1.2789716443e+00 7.9079181218e+01
1.2872449344e+00 1.2867073407e+00 7.5101168461e+01
1.3367758726e+00 1.2646991238e+00 8.1969790983e+01
1.3157578711e+00 1.2669212022e+00 7.9637987289e+01
1.2870140632e+00 1.2764790592e+00 7.6284293221e+01
1.3302840396e+00 1.2537049024e+00 8.3931863986e+01
1.3265670131e+00 1.2504385213e+00 8.4382373156e+01
1.3239209114e+00 1.3073704464e+00 7.4835915371e+01
1.3428166375e+00 1.2687306261e+00 8.1727204497e+01
1.3129908439e+00 1.2583453124e+00 8.0928753038e+01
1.3056945132e+00 1.3115515073e+00 7.3471238414e+01
1.3178564021e+00 1.2766194556e+00 7.8290292293e+01
1.2735303870e+00 1.3353880780e+00 6.9978870310e+01
1.3133646893e+00 1.2509994868e+00 8.2522162191e+01
1.3228523633e+00 1.2965865891e+00 7.5997102501e+01
1.3198517593e+00 1.2702528296e+00 7.9417207447e+01
1.3192850417e+00 1.2555394701e+00 8.2135643310e+01
1.3102585262e+00 1.2750405058e+00 7.7983538712e+01
1.2914921871e+00 1.2846408645e+00 7.5576824649e+01
1.3630781146e+00 1.2629433056e+00 8.6197674093e+01
1.3119224952e+00 1.2546197469e+00 8.1569331007e+01
1.3378859930e+00 1.2732230762e+00 8.0398687958e+01
1.3011440977e+00 1.2854652457e+00 7.6044565226e+01
1.2831669453e+00 1.3275039540e+00 7.1009010021e+01
1.3244241065e+00 1.2792394094e+00 7.8375337009e+01
1.2845090519e+00 1.2907516153e+00 7.4510588199e+01
1.2976679814e+00 1.2863209605e+00 7.5738824530e+01
1.3300280946e+00 1.2526509787e+00 8.4209337681e+01
1.3579661879e+00 1.2601569319e+00 8.6374684998e+01
1.2844430240e+00 1.2738258477e+00 7.6454577770e+01
1.3194479340e+00 1.2737162851e+00 7.8839697086e+01
1.3409312673e+00 1.2640456547e+00 8.2566341788e+01
1.2922331146e+00 1.2852086983e+00 7.5553826997e+01
1.2376987967e+00 1.2892992844e+00 7.2302304233e+01
1.3127316265e+00 1.2961868384e+00 7.5462192458e+01
1.3075547273e+00 1.2711960684e+00 7.8346920764e+01
1.3077423719e+00 1.2605427666e+00 8.0060864731e+01
1.3427858946e+00 1.2854309049e+00 7.8780614851e+01
1.3101653774e+00 1.2433177197e+00 8.4152793230e+01
1.3002271073e+00 1.2959979458e+00 7.4792145946e+01
1.3538521671e+00 1.2598864360e+00 8.5634214754e+01
1.2519463884e+00 1.3233142787e+00 7.0045956157e+01
1.3084867303e+00 1.2580555118e+00 8.0572093792e+01
1.3633906911e+00 1.2595582255e+00 8.8596120629e+01
1.2952199172e+00 1.3036296656e+00 7.3735246099e+01
1.3274380957e+00 1.2434621270e+00 8.7707378991e+01
1.3100737327e+00 1.2542904434e+00 8.1452825766e+01
1.3036829935e+00 1.2737588193e+00 7.7711219496e+01
1.2724127281e+00 1.2810703689e+00 7.4901801823e+01
1.2777338190e+00 1.2700972151e+00 7.6503617642e+01
1.3109633218e+00 1.2843870845e+00 7.6776526866e+01
1.3018293514e+00 1.2734313158e+00 7.7630675173e+01
1.3302751200e+00 1.2782052976e+00 7.8958797887e+01
1.3387058234e+00 1.3035758759e+00 7.6092186698e+01
1.3110948662e+00 1.2454333782e+00 8.3666491536e+01
1.2683941483e+00 1.2820450114e+00 7.4575117862e+01
1.3333296223e+00 1.2861093301e+00 7.8011105717e+01
1.3109314291e+00 1.2647654180e+00 7.9606163389e+01
1.3097940561e+00 1.2645943251e+00 7.9542802945e+01
1.2182157307e+00 1.3417941631e+00 6.7421957160e+01
1.2937599968e+00 1.2745251418e+00 7.6953114246e+01
1.3052121469e+00 1.2400116510e+00 8.4441244525e+01
1.3108965978e+00 1.2569527796e+00 8.1001766381e+01
1.3164394290e+00 1.3091429886e+00 7.4255049545e+01
1.3308455285e+00 1.2750071203e+00 7.9511264665e+01
1.3079467344e+00 1.2725497163e+00 7.8177837772e+01
1.3428530361e+00 1.2862420864e+00 7.8663362312e+01
1.2753618374e+00 1.3125580387e+00 7.1947441945e+01
1.3276283910e+00 1.2839188726e+00 7.7928590790e+01
1.2545289195e+00 1.2772383429e+00 7.4339777311e+01
1.3396637960e+00 1.2574360021e+00 8.4152793230e+01
1.3366643927e+00 1.2582487271e+00 8.3512456048e+01
1.2451023712e+00 1.3450022178e+00 6.8180626102e+01
1.2686036931e+00 1.2635972799e+00 7.6751488857e+01
1.3000439074e+00 1.2721641900e+00 7.7684313766e+01
1.3185766306e+00 1.2514517988e+00 8.3023421435e+01
1.2814945709e+00 1.3230445246e+00 7.1310801950e+01
1.2885870772e+00 1.3015175118e+00 7.3612882375e+01
1.2722076801e+00 1.2799707242e+00 7.5012241172e+01
1.3492785795e+00 1.2605160536e+00 8.4621711461e+01
1.3340079439e+00 1.2788540499e+00 7.9139867144e+01
1.3096959673e+00 1.2416127653e+00 8.4621711461e+01
1.3564605618e+00 1.2656107168e+00 8.4096788508e+01
1.2768303749e+00 1.3019204208e+00 7.2994308568e+01
1.3344619305e+00 1.2613257869e+00 8.2478240615e+01
1.3659945748e+00 1.2688120308e+00 8.4500744095e+01
1.3266334954e+00 1.2473187798e+00 8.5486104849e+01
1.3246380841e+00 1.3000664020e+00 7.5692355604e+01
1.3310765085e+00 1.2459290260e+00 8.7192030493e+01
1.2781974080e+00 1.2944466969e+00 7.3796765055e+01
1.3013755518e+00 1.2826133901e+00 7.6405711507e+01
1.3269873083e+00 1.2596220352e+00 8.2052287288e+01
1.2794416643e+00 1.2788272074e+00 7.5553826997e+01
1.3397151192e+00 1.2731468746e+00 8.0572093792e+01
1.2880002983e+00 1.2585270064e+00 7.8810117472e+01
1.3226240309e+00 1.2814772625e+00 7.7928590790e+01
1.3099688339e+00 1.2928192006e+00 7.5692355604e+01
1.2906635536e+00 1.2706523659e+00 7.7261429339e+01
1.2739980192e+00 1.3401789253e+00 6.9630145771e+01
1.3083984565e+00 1.2764638543e+00 7.7657465783e+01
1.2867540396e+00 1.3217263780e+00 7.1653759664e+01
1.3056945132e+00 1.3115515073e+00 7.3471238414e+01
1.3133820722e+00 1.2845925692e+00 7.6902422036e+01
1.2881932206e+00 1.3220395333e+00 7.1690221063e+01
1.2852897422e+00 1.2895347697e+00 7.4683256707e+01
1.3132729206e+00 1.2449959510e+00 8.4096788508e+01
1.3703893313e+00 1.2727722548e+00 8.3931863986e+01
1.2977628938e+00 1.3063383996e+00 7.3592574728e+01
1.2894801308e+00 1.2840360630e+00 7.5530865121e+01
1.3278385968e+00 1.2456775970e+00 8.6466509507e+01
1.3068831412e+00 1.2910915002e+00 7.5715571564e+01
1.2792338570e+00 1.2846947799e+00 7.4879808517e+01
1.3051806880e+00 1.2422157449e+00 8.3771288937e+01
1.3009410808e+00 1.2804283451e+00 7.6651798080e+01
1.2594234287e+00 1.2823254389e+00 7.4066017793e+01
1.3224299118e+00 1.2790450846e+00 7.8262079083e+01
1.3536811059e+00 1.2596191803e+00 8.5710183053e+01
1.3089066808e+00 1.2524092388e+00 8.1727204497e+01
1.3453619377e+00 1.2508631154e+00 8.8853746852e+01
1.3017246860e+00 1.2901281156e+00 7.5530865121e+01
1.2647315662e+00 1.3140192295e+00 7.1346616236e+01
1.3192400839e+00 1.2713015213e+00 7.9200889974e+01
1.3349082862e+00 1.2464611397e+00 8.8187569297e+01
1.3224749412e+00 1.3070593794e+00 7.4792145946e+01
1.2595305134e+00 1.3253317973e+00 7.0197696285e+01
1.2908202572e+00 1.3106547391e+00 7.2838192431e+01
1.2916090969e+00 1.2888873539e+00 7.5101168461e+01
1.3324152104e+00 1.2751891862e+00 7.9606163389e+01
1.3033921576e+00 1.2967700216e+00 7.4879808517e+01
1.3205992940e+00 1.2773753474e+00 7.8375337009e+01
1.3024608507e+00 1.2640813914e+00 7.9048962842e+01
1.3178610656e+00 1.2499883118e+00 8.3312569183e+01
1.3115024904e+00 1.3074978266e+00 7.4170763875e+01
1.3426968489e+00 1.2675359050e+00 8.1969790983e+01
1.3042481780e+00 1.2994153379e+00 7.4639912012e+01
1.3224048405e+00 1.2397818861e+00 8.9189483384e+01
1.3042452539e+00 1.2605544860e+00 7.9766261626e+01
1.3369360993e+00 1.2518575883e+00 8.5634214754e+01
1.2889529257e+00 1.2823832305e+00 7.5692355604e+01
1.3085855438e+00 1.2344662373e+00 8.7707378991e+01
1.3304979960e+00 1.2556745524e+00 8.3411757846e+01
1.3107021136e+00 1.2419111636e+00 8.4683224036e+01
1.3163053212e+00 1.2410931875e+00 8.6028533830e+01
1.3407866449e+00 1.2488809523e+00 8.8596120629e+01
1.2658426562e+00 1.3190196545e+00 7.0973808374e+01
1.3303834572e+00 1.2483673385e+00 8.5787518542e+01
1.3756711970e+00 1.2692504556e+00 8.6028533830e+01
1.3137645450e+00 1.2562638844e+00 8.1414339425e+01
1.3339916434e+00 1.2530545197e+00 8.4683224036e+01
1.3855535145e+00 1.2964196070e+00 8.0330188264e+01
1.2348765685e+00 1.2977581398e+00 7.1418444511e+01
1.3448918120e+00 1.2903543096e+00 7.8205852297e+01
1.3179991820e+00 1.2389641822e+00 8.7707378991e+01
1.3652841224e+00 1.2624935523e+00 8.6966995687e+01
1.3440271482e+00 1.2754118042e+00 8.0537160751e+01
1.3423747544e+00 1.2516638659e+00 8.6966995687e+01
1.2887361719e+00 1.2469353768e+00 8.0856317856e+01
1.2814275273e+00 1.3069292423e+00 7.2741315567e+01
1.3035084978e+00 1.2870331074e+00 7.5997102501e+01
1.3183402511e+00 1.2739496651e+00 7.8721838178e+01
1.2971450236e+00 1.2785518234e+00 7.6651798080e+01
1.2845402744e+00 1.2572085932e+00 7.8751188620e+01
1.3222181239e+00 1.2417105130e+00 8.7192030493e+01
1.3277477702e+00 1.2510030255e+00 8.4382373156e+01
1.3388508024e+00 1.2490690738e+00 8.7568287925e+01
1.3007463045e+00 1.2758229762e+00 7.7235456792e+01
1.3472050602e+00 1.2647804223e+00 8.3118460360e+01
1.3017266383e+00 1.3242947819e+00 7.2096028356e+01
1.2950840793e+00 1.2349485886e+00 8.4500744095e+01
1.3342453113e+00 1.3186014717e+00 7.4191794234e+01
1.3145822377e+00 1.2480399295e+00 8.3411757846e+01
1.3667767645e+00 1.2631967787e+00 8.6966995687e+01
1.3293493687e+00 1.2664383487e+00 8.0892464042e+01
1.2619754105e+00 1.2828139346e+00 7.4149760707e+01
1.3189695015e+00 1.2593449420e+00 8.1299894225e+01
1.3355599174e+00 1.2484290245e+00 8.6966995687e+01
1.3442196240e+00 1.2555049986e+00 8.5559543476e+01
1.2799076915e+00 1.2731404833e+00 7.6260135872e+01
1.3293576504e+00 1.2541946441e+00 8.3666491536e+01
1.3315065975e+00 1.2599091141e+00 8.2478240615e+01
1.3502404187e+00 1.2529853442e+00 8.9189483384e+01
1.3078145077e+00 1.2879732097e+00 7.6139968555e+01
1.3212849942e+00 1.2600844317e+00 8.1376023555e+01
1.2335740730e+00 1.3212139390e+00 6.9466080940e+01
1.3289873398e+00 1.2685498677e+00 8.0467675232e+01
1.3141742655e+00 1.2680682340e+00 7.9323969492e+01
1.3204618058e+00 1.2482591185e+00 8.4152793230e+01
1.2905111667e+00 1.3289277857e+00 7.1203753930e+01
1.3299295979e+00 1.2711077682e+00 8.0094133635e+01
1.3203151491e+00 1.2947385518e+00 7.6068356017e+01
1.3220264841e+00 1.2536703630e+00 8.2883230736e+01
1.3254802592e+00 1.2545797409e+00 8.3070778751e+01
1.3259982248e+00 1.2466458801e+00 8.5634214754e+01
1.3234161652e+00 1.2535893693e+00 8.3070778751e+01
1.3020017558e+00 1.2545264886e+00 8.0642347542e+01
1.3139312413e+00 1.2565330724e+00 8.1376023555e+01
1.3406613126e+00 1.2538145452e+00 8.5559543476e+01
1.3360139049e+00 1.2475383895e+00 8.7707378991e+01
1.3132992144e+00 1.2645789014e+00 7.9830999012e+01
1.3335798796e+00 1.2582729220e+00 8.3118460360e+01
1.3283442769e+00 1.2578282715e+00 8.2610784034e+01
1.3356055856e+00 1.2562472160e+00 8.3931863986e+01
1.2796732025e+00 1.2738098946e+00 7.6163920146e+01
1.3141019009e+00 1.2611587663e+00 8.0502355029e+01
1.2837468350e+00 1.2980591155e+00 7.3714790034e+01
1.3366139172e+00 1.2631107053e+00 8.2305046547e+01
1.2536622642e+00 1.3237795487e+00 7.0079580337e+01
1.3127357940e+00 1.2586003623e+00 8.0856317856e+01
1.2904644288e+00 1.2992031684e+00 7.3941201104e+01
1.3017668017e+00 1.2691334210e+00 7.8233932577e+01
1.3167518464e+00 1.2567643474e+00 8.1608522897e+01
1.3427048606e+00 1.2508965469e+00 8.7568287925e+01
1.3543485422e+00 1.2580751837e+00 8.6560781600e+01
1.2758018307e+00 1.3331166342e+00 7.0248524903e+01
1.3145992477e+00 1.2619700330e+00 8.0398687958e+01
1.3286419808e+00 1.2553469612e+00 8.3263520051e+01
1.3504618624e+00 1.2597708915e+00 8.5068338769e+01
1.3228044082e+00 1.2856760094e+00 7.7365844600e+01
1.3565967131e+00 1.2856849862e+00 7.9798579510e+01
1.3098908384e+00 1.2893962520e+00 7.6092186698e+01
1.3178156960e+00 1.2482908835e+00 8.3771288937e+01
1.2653610443e+00 1.3020525967e+00 7.2434791071e+01
1.3183458121e+00 1.2691371952e+00 7.9479819877e+01
1.2907873869e+00 1.2466200438e+00 8.1112401649e+01
1.3321710167e+00 1.2934114009e+00 7.6953114246e+01
1.2867022582e+00 1.2780974818e+00 7.6068356017e+01
1.3052636832e+00 1.2778519884e+00 7.7261429339e+01
1.3186133321e+00 1.3359956641e+00 7.1818391996e+01
1.3371687944e+00 1.2616807885e+00 8.2700475693e+01
1.2862296138e+00 1.2912121991e+00 7.4553578751e+01
1.3436432990e+00 1.2591447355e+00 8.4209337681e+01
1.3060680726e+00 1.2989088494e+00 7.4792145946e+01
1.3437883242e+00 1.2541863172e+00 8.6028533830e+01
1.3450195745e+00 1.2695957359e+00 8.1767142530e+01
1.3608324300e+00 1.2581678870e+00 8.8853746852e+01
1.3382440955e+00 1.2474916824e+00 8.8853746852e+01
1.3220607969e+00 1.2488394258e+00 8.4209337681e+01
1.2631169833e+00 1.3265506139e+00 7.0248524903e+01
1.3347058495e+00 1.2637062503e+00 8.1969790983e+01
1.2430581869e+00 1.3178223661e+00 7.0113259055e+01
1.2707396894e+00 1.2623287790e+00 7.7055083817e+01
1.2538473490e+00 1.3279586015e+00 6.9762314247e+01
1.3441546370e+00 1.2625738366e+00 8.3312569183e+01
1.2483804520e+00 1.3068425811e+00 7.1239371173e+01
1.2968648831e+00 1.2692416965e+00 7.7873888177e+01
1.3362831906e+00 1.2573182169e+00 8.3718672554e+01
1.2698713674e+00 1.3053892997e+00 7.2340059416e+01
1.3194976966e+00 1.2548906846e+00 8.2305046547e+01
1.3487326876e+00 1.2645675987e+00 8.3361979075e+01
1.3584161394e+00 1.2693615354e+00 8.3312569183e+01
1.3157160034e+00 1.2482126335e+00 8.3512456048e+01
1.2947034072e+00 1.2910323707e+00 7.5034424584e+01
1.2969448512e+00 1.3071564423e+00 7.3471238414e+01
1.2827182187e+00 1.3205075443e+00 7.1581045961e+01
1.3066829985e+00 1.2324607101e+00 8.8853746852e+01
1.2911818675e+00 1.2757960617e+00 7.6626989411e+01
1.2967604730e+00 1.2280707896e+00 8.8378926216e+01
1.2935247908e+00 1.2878446351e+00 7.5325790544e+01
1.3574285278e+00 1.2567484168e+00 8.8596120629e+01
1.3491578074e+00 1.3102992858e+00 7.5902646881e+01
1.2942065528e+00 1.3002693049e+00 7.4024306706e+01
1.3120743235e+00 1.2924647720e+00 7.5855650848e+01
1.2921764722e+00 1.2865743235e+00 7.5393835738e+01
1.2997546813e+00 1.2951584384e+00 7.4857846411e+01
1.2780895517e+00 1.3089566114e+00 7.2396839172e+01
1.3073935818e+00 1.2726664183e+00 7.8122004123e+01
1.2978221697e+00 1.3045281609e+00 7.3776233514e+01
1.3467502983e+00 1.2788321193e+00 8.0161005537e+01
1.2845893214e+00 1.2719389230e+00 7.6701551736e+01
1.3094985028e+00 1.2836657163e+00 7.6776526866e+01
1.3236807600e+00 1.2616182721e+00 8.1299894225e+01
1.2996529312e+00 1.2725551662e+00 7.7603941562e+01
1.3387518334e+00 1.3114523613e+00 7.5190617570e+01
1.3396071849e+00 1.2662454639e+00 8.1928856974e+01
1.3490282780e+00 1.2620807912e+00 8.4096788508e+01
1.2945457221e+00 1.2907533099e+00 7.5056640173e+01
1.3223211499e+00 1.2538119017e+00 8.2883230736e+01
1.3195201662e+00 1.2448440099e+00 8.5135479942e+01
1.2852804472e+00 1.3153193132e+00 7.2152056638e+01
1.3409753650e+00 1.2578742178e+00 8.4209337681e+01
1.3032235668e+00 1.2750908767e+00 7.7497569815e+01
1.3316946833e+00 1.2645303698e+00 8.1491484890e+01
1.3113983885e+00 1.2734639222e+00 7.8290292293e+01
1.2902885767e+00 1.3046245430e+00 7.3390826340e+01
1.3146203615e+00 1.2362535723e+00 8.8853746852e+01
1.3047467760e+00 1.2932278654e+00 7.5348437930e+01
1.2964749480e+00 1.2853310024e+00 7.5785442206e+01
1.3023151762e+00 1.2799273233e+00 7.6801611525e+01
1.3707872323e+00 1.2648984297e+00 8.7077348295e+01
1.3282686883e+00 1.2683937251e+00 8.0433119990e+01
1.3313794295e+00 1.2600362821e+00 8.2434572567e+01
1.3033115459e+00 1.2536518183e+00 8.0928753038e+01
1.3681212373e+00 1.2614130834e+00 8.9189483384e+01
1.3220676167e+00 1.2815958992e+00 7.7873888177e+01
1.3526754410e+00 1.2685182976e+00 8.2837107130e+01
1.3101795971e+00 1.2611565592e+00 8.0161005537e+01
1.3588675182e+00 1.2922174417e+00 7.8928904074e+01
1.2711227333e+00 1.3404245303e+00 6.9498793369e+01
1.3132622044e+00 1.2868999748e+00 7.6602225844e+01
1.2374279756e+00 1.3238879439e+00 6.9417105575e+01
1.3369343653e+00 1.2470545767e+00 8.8596120629e+01
1.3477271335e+00 1.2818071871e+00 7.9734044399e+01
1.3510562374e+00 1.2600528318e+00 8.5068338769e+01
1.2998786107e+00 1.3029094238e+00 7.4045148973e+01
1.3404664214e+00 1.2636348720e+00 8.2610784034e+01
1.2897877214e+00 1.2998798759e+00 7.3837904283e+01
1.2997538485e+00 1.2702745809e+00 7.7928590790e+01
1.3386485985e+00 1.2623887676e+00 8.2700475693e+01
1.3341451392e+00 1.2459148609e+00 8.8378926216e+01
1.3599381000e+00 1.2577464579e+00 8.8853746852e+01
1.3130571552e+00 1.2783585564e+00 7.7711219496e+01
1.3407400801e+00 1.2484905500e+00 8.9189483384e+01
1.3448146946e+00 1.2509730229e+00 8.8378926216e+01
1.3073126128e+00 1.2788599355e+00 7.7261429339e+01
1.3341550148e+00 1.2520175335e+00 8.5068338769e+01
1.2952482133e+00 1.2538867724e+00 8.0161005537e+01
1.3503657109e+00 1.2576766840e+00 8.5866297957e+01
1.3148606505e+00 1.2560395722e+00 8.1569331007e+01
1.2697787335e+00 1.2606875459e+00 7.7209536111e+01
1.3147676500e+00 1.2652923501e+00 7.9830999012e+01
1.2729532809e+00 1.3350891140e+00 6.9978870310e+01
1.3619899943e+00 1.2671051282e+00 8.4441244525e+01
1.3040881467e+00 1.2315834020e+00 8.8378926216e+01
1.2873009986e+00 1.2901408142e+00 7.4726721458e+01
1.3458554702e+00 1.2538691523e+00 8.6657708378e+01
1.3746996103e+00 1.2645032544e+00 8.9189483384e+01
1.3221908127e+00 1.2744716007e+00 7.8928904074e+01
1.2996402978e+00 1.2638528245e+00 7.8869354308e+01
1.2577867610e+00 1.2861337527e+00 7.3592574728e+01
1.3448257491e+00 1.2584000139e+00 8.4621711461e+01
1.2906448925e+00 1.2802553302e+00 7.6044565226e+01
1.3776234334e+00 1.2677382968e+00 8.7311596302e+01
1.2938606571e+00 1.3019270603e+00 7.3837904283e+01
1.3164906127e+00 1.2626965598e+00 8.0433119990e+01
1.3107867188e+00 1.2819403365e+00 7.7080699799e+01
1.3248271456e+00 1.2425864954e+00 8.7436729029e+01
1.3234703629e+00 1.2832581107e+00 7.7738183355e+01
1.3018989910e+00 1.2563698806e+00 8.0296118030e+01
1.2986165484e+00 1.2444352327e+00 8.2391153680e+01
1.3254490953e+00 1.2419645457e+00 8.8187569297e+01
1.3352893293e+00 1.2653104310e+00 8.1687457017e+01
1.3670193844e+00 1.2717437444e+00 8.3771288937e+01
1.3306421939e+00 1.2446184732e+00 8.8014565082e+01
1.3504290899e+00 1.2659399293e+00 8.3214823856e+01
1.2415307498e+00 1.3433315609e+00 6.8165207437e+01
1.3461274273e+00 1.2514097802e+00 8.8596120629e+01
1.2965545326e+00 1.2369477206e+00 8.4096788508e+01
1.2916207271e+00 1.2941150508e+00 7.4532068904e+01
1.3286380105e+00 1.2527314154e+00 8.3986338075e+01
1.2962129914e+00 1.2952027201e+00 7.4661569416e+01
1.3380026562e+00 1.2538501454e+00 8.5068338769e+01
1.2583172572e+00 1.3204335386e+00 7.0538960845e+01
1.3135833892e+00 1.2368557705e+00 8.7707378991e+01
1.3216317027e+00 1.2890391966e+00 7.6851921864e+01
1.2762764265e+00 1.3199486266e+00 7.1346616236e+01
1.3284504063e+00 1.2673373112e+00 8.0642347542e+01
1.3297569205e+00 1.2489938752e+00 8.5413839657e+01
1.2973490387e+00 1.2835838873e+00 7.6044565226e+01
1.3502924857e+00 1.2902297330e+00 7.8605182622e+01
1.3168350235e+00 1.2815770763e+00 7.7524079068e+01
1.2799364226e+00 1.2953242445e+00 7.3796765055e+01
1.3284440061e+00 1.2782844675e+00 7.8810117472e+01
1.3396473328e+00 1.2487094368e+00 8.8187569297e+01
1.3314933397e+00 1.2918944325e+00 7.7106365806e+01
1.3052815298e+00 1.2926931115e+00 7.5439372000e+01
1.3256058162e+00 1.2557636097e+00 8.2791277101e+01
1.3201103867e+00 1.2638785553e+00 8.0537160751e+01
1.2562339604e+00 1.2959444439e+00 7.2568252847e+01
1.3026736528e+00 1.2966134376e+00 7.4857846411e+01
1.3171254534e+00 1.2576990584e+00 8.1452825766e+01
1.3286644703e+00 1.2492136455e+00 8.5135479942e+01
1.3370716884e+00 1.2648409628e+00 8.1969790983e+01
1.3252634983e+00 1.2578521732e+00 8.2262350168e+01
1.3433487908e+00 1.2712665197e+00 8.1262076387e+01
1.3506405196e+00 1.2626597666e+00 8.4152793230e+01
1.2958525326e+00 1.3082487609e+00 7.3310790842e+01
1.3354914783e+00 1.2502442996e+00 8.6028533830e+01
1.3155495995e+00 1.2492501405e+00 8.3214823856e+01
1.2483087079e+00 1.2912691320e+00 7.2625754767e+01
1.2997021721e+00 1.2416124405e+00 8.3214823856e+01
1.2700408376e+00 1.3309965285e+00 7.0180781220e+01
1.2755128521e+00 1.3128439174e+00 7.1928951707e+01
1.3213067764e+00 1.2495934462e+00 8.3877872787e+01
1.3364668474e+00 1.2466488241e+00 8.8853746852e+01
1.3563332425e+00 1.2657380362e+00 8.4041308295e+01
1.3643320085e+00 1.2603724776e+00 8.8187569297e+01
1.3124250239e+00 1.2811763835e+00 7.7287454070e+01
1.2976083056e+00 1.2663203313e+00 7.8346920764e+01
1.3211082000e+00 1.2611342996e+00 8.1149584901e+01
1.3089195980e+00 1.2707039760e+00 7.8518458573e+01
1.3115758120e+00 1.2811512434e+00 7.7235456792e+01
1.3225681415e+00 1.2496399559e+00 8.4041308295e+01
1.3139392857e+00 1.2735437216e+00 7.8460999819e+01
1.2982466706e+00 1.3076059782e+00 7.3491400916e+01
1.3139682816e+00 1.2722042667e+00 7.8663362312e+01
1.3160617410e+00 1.2378563031e+00 8.7855467302e+01
1.3441746478e+00 1.2503012099e+00 8.8853746852e+01
1.3324479295e+00 1.2445576050e+00 8.9189483384e+01
1.2987024354e+00 1.2966479709e+00 7.4639912012e+01
1.3323913687e+00 1.2673332538e+00 8.1001766381e+01
1.3625419125e+00 1.2595293662e+00 8.8187569297e+01
1.3492612221e+00 1.2710550745e+00 8.1888128163e+01
1.3154225833e+00 1.2519910577e+00 8.2522162191e+01
1.2935857564e+00 1.2912765543e+00 7.4945882582e+01
1.3508924976e+00 1.2746899200e+00 8.1299894225e+01
1.3381647573e+00 1.3138010654e+00 7.4901801823e+01
1.3144867539e+00 1.2551058158e+00 8.1727204497e+01
1.3443981703e+00 1.2763568351e+00 8.0398687958e+01
1.3038351117e+00 1.2814639204e+00 7.6701551736e+01
1.3214092861e+00 1.2940828298e+00 7.6211945708e+01
1.2802621840e+00 1.3194624386e+00 7.1562910795e+01
1.2805289439e+00 1.3095756450e+00 7.2453796832e+01
1.2803116858e+00 1.2888450489e+00 7.4489136515e+01
1.3415065254e+00 1.2726704191e+00 8.0820312794e+01
1.3371620009e+00 1.2897374976e+00 7.7765205727e+01
1.3218683597e+00 1.2446738824e+00 8.5634214754e+01
1.3315657974e+00 1.2489306534e+00 8.5787518542e+01
1.3446738933e+00 1.2703798076e+00 8.1569331007e+01
1.3268677449e+00 1.2763580180e+00 7.8988771847e+01
1.2974396366e+00 1.2643116742e+00 7.8634235730e+01
1.2997490110e+00 1.2528642661e+00 8.0748719456e+01
1.3442481211e+00 1.2747521959e+00 8.0677671172e+01
1.3143637542e+00 1.2639506893e+00 8.0027705704e+01
1.2948023371e+00 1.2612908122e+00 7.8899089761e+01
1.3346271150e+00 1.2537296545e+00 8.4560892485e+01
1.2718405195e+00 1.3090924065e+00 7.2096028356e+01
1.3054389139e+00 1.2458698188e+00 8.2837107130e+01
1.3358508042e+00 1.3134727229e+00 7.4814015260e+01
1.3413011323e+00 1.2829644247e+00 7.9048962842e+01
1.3096860295e+00 1.2804185594e+00 7.7209536111e+01
1.3949799348e+00 1.2741821940e+00 8.8853746852e+01
1.2970269711e+00 1.2695152710e+00 7.7846627825e+01
1.3365325394e+00 1.3009115285e+00 7.6284293221e+01
1.3151011141e+00 1.2379470606e+00 8.7436729029e+01
1.3257479809e+00 1.2468961240e+00 8.5486104849e+01
1.3289887795e+00 1.2716109809e+00 7.9928877049e+01
1.3164744188e+00 1.2670778757e+00 7.9669908154e+01
1.3070043230e+00 1.3089262323e+00 7.3796765055e+01
1.3149851221e+00 1.2759935240e+00 7.8177837772e+01
1.3116179183e+00 1.2942347305e+00 7.5622927969e+01
1.3252325005e+00 1.2631242691e+00 8.1149584901e+01
1.3574032789e+00 1.2760849255e+00 8.1647897369e+01
1.3470736182e+00 1.2732426784e+00 8.1224420262e+01
1.3028115412e+00 1.2789944092e+00 7.6953114246e+01
1.3117968559e+00 1.2429911561e+00 8.4500744095e+01
1.2712142511e+00 1.2931499250e+00 7.3572291496e+01
1.2949336227e+00 1.2811994288e+00 7.6187912459e+01
1.3091178634e+00 1.2822978482e+00 7.6927743997e+01
1.2731429213e+00 1.3419107796e+00 6.9466080940e+01
1.2980008049e+00 1.2694128361e+00 7.7928590790e+01
1.3166247264e+00 1.2568914673e+00 8.1569331007e+01
1.3333821043e+00 1.2453686914e+00 8.8596120629e+01
1.3234982007e+00 1.2556889719e+00 8.2566341788e+01
1.3198735590e+00 1.3092215635e+00 7.4424954390e+01
1.3168597351e+00 1.2636367157e+00 8.0296118030e+01
1.2897687427e+00 1.3025211735e+00 7.3572291496e+01
1.3393045072e+00 1.2481785001e+00 8.8596120629e+01
1.2696924041e+00 1.3265326490e+00 7.0521761214e+01
1.3268288150e+00 1.2554136845e+00 8.3023421435e+01
1.3178562258e+00 1.2783688273e+00 7.8038735323e+01
1.2840347135e+00 1.2873014428e+00 7.4857846411e+01
1.3495358212e+00 1.2989071358e+00 7.7339661375e+01
1.3175961177e+00 1.3154526685e+00 7.3673952717e+01
1.3104444285e+00 1.2870927789e+00 7.6405711507e+01
1.3180456682e+00 1.2926252311e+00 7.6187912459e+01
1.3218413132e+00 1.2468796111e+00 8.4808428882e+01
1.2818595049e+00 1.3266209127e+00 7.1026634431e+01
1.3360726571e+00 1.2592777492e+00 8.3166473052e+01
1.3074120332e+00 1.2600016078e+00 8.0127513527e+01
1.2861744202e+00 1.2651343124e+00 7.7711219496e+01
1.3491991313e+00 1.2649778132e+00 8.3312569183e+01
1.3447938629e+00 1.2873761602e+00 7.8634235730e+01
1.3557935914e+00 1.2895681389e+00 7.9109482420e+01
1.3462612782e+00 1.2736163340e+00 8.1075372075e+01
1.3542056103e+00 1.2827988195e+00 8.0094133635e+01
1.3455765591e+00 1.2848362312e+00 7.9079181218e+01
1.2739586566e+00 1.2860512372e+00 7.4446319730e+01
1.3249465946e+00 1.2787169213e+00 7.8489693825e+01
1.2752362912e+00 1.2812919532e+00 7.5034424584e+01
1.3226908580e+00 1.2805349049e+00 7.8066427965e+01
1.3277591842e+00 1.2461930910e+00 8.6197674093e+01
1.3452500757e+00 1.2522871318e+00 8.7436729029e+01
1.3449072005e+00 1.2517552128e+00 8.7707378991e+01
1.2997993809e+00 1.2763336706e+00 7.7106365806e+01
1.2185323318e+00 1.3475742477e+00 6.7051550406e+01
1.3149938323e+00 1.2454513787e+00 8.4209337681e+01
1.3699513551e+00 1.2674927128e+00 8.5634214754e+01
1.3691867108e+00 1.2761750194e+00 8.2883230736e+01
1.3705790064e+00 1.2655462204e+00 8.6657708378e+01
1.2640331783e+00 1.3317545392e+00 6.9878643759e+01
1.3644075135e+00 1.2752351114e+00 8.2566341788e+01
1.3492825055e+00 1.2543810104e+00 8.7311596302e+01
1.3224048405e+00 1.2397818861e+00 8.9189483384e+01
1.3371057082e+00 1.2473199059e+00 8.8378926216e+01
1.3048216565e+00 1.2739291392e+00 7.7765205727e+01
1.3323076896e+00 1.2875699226e+00 7.7738183355e+01
1.2999765504e+00 1.2870696127e+00 7.5785442206e+01
1.3103796090e+00 1.2518071177e+00 8.2010933342e+01
1.3578646909e+00 1.2580658644e+00 8.7568287925e+01
1.3460512986e+00 1.2580499948e+00 8.4936720171e+01
1.2996809140e+00 1.2891127735e+00 7.5530865121e+01
1.2938438023e+00 1.2796723915e+00 7.6308492375e+01
1.3212204637e+00 1.2780666267e+00 7.8318572690e+01
1.3255267310e+00 1.2414511982e+00 8.8853746852e+01
1.3206244498e+00 1.2576899937e+00 8.1807273904e+01
1.3088410158e+00 1.2389900182e+00 8.5413839657e+01
1.3408010102e+00 1.2562987879e+00 8.4683224036e+01
1.3514297286e+00 1.2535471935e+00 8.9189483384e+01
1.3304066990e+00 1.2868393215e+00 7.7711219496e+01
1.2713947726e+00 1.3257050256e+00 7.0659769938e+01
1.3143318191e+00 1.2495968178e+00 8.2976381855e+01
1.2692675288e+00 1.3134115445e+00 7.1599198379e+01
1.3118041111e+00 1.2590961115e+00 8.0677671172e+01
1.3293665718e+00 1.2826189107e+00 7.8233932577e+01
1.3248733106e+00 1.2429760669e+00 8.7192030493e+01
1.2951033277e+00 1.3041837627e+00 7.3673952717e+01
1.2987058019e+00 1.2521681319e+00 8.0784447201e+01
1.3347088379e+00 1.2724575849e+00 8.0262165861e+01
1.3201156984e+00 1.2581987451e+00 8.1647897369e+01
1.3418729067e+00 1.2521657136e+00 8.6560781600e+01
1.3393509579e+00 1.2485689182e+00 8.8187569297e+01
1.3448576218e+00 1.2561797443e+00 8.5413839657e+01
1.3284488328e+00 1.2437592646e+00 8.7855467302e+01
1.3174586628e+00 1.2923359702e+00 7.6187912459e+01
1.3416296683e+00 1.2489119369e+00 8.9189483384e+01
1.3533156085e+00 1.2639304120e+00 8.4152793230e+01
1.3012482422e+00 1.2788117579e+00 7.6877148084e+01
1.2879525718e+00 1.2629213620e+00 7.8149888534e+01
1.3626679859e+00 1.2594032928e+00 8.8378926216e+01
1.3176259116e+00 1.2585071399e+00 8.1337875892e+01
1.3026668189e+00 1.2408193161e+00 8.3824351811e+01
1.3012118067e+00 1.3011385239e+00 7.4297357720e+01
1.3248414938e+00 1.2845150430e+00 7.7657465783e+01
1.3515686415e+00 1.2547219074e+00 8.7855467302e+01
1.3344572883e+00 1.2534625878e+00 8.4621711461e+01
1.3189992928e+00 1.3215229259e+00 7.3151828116e+01
1.3238371593e+00 1.2881483232e+00 7.7106365806e+01
1.3392506560e+00 1.2512909493e+00 8.6374684998e+01
1.3085776928e+00 1.2505616406e+00 8.2093856142e+01
1.3074882090e+00 1.2756274625e+00 7.7711219496e+01
1.3059238557e+00 1.2916133518e+00 7.5599858248e+01
1.3209212816e+00 1.2696203237e+00 7.9606163389e+01
1.3175735406e+00 1.2424363532e+00 8.5710183053e+01
1.2964717284e+00 1.2713776490e+00 7.7550643872e+01
1.3095562763e+00 1.2844823440e+00 7.6676652104e+01
1.3023976937e+00 1.2942647196e+00 7.5101168461e+01
1.3213339815e+00 1.2727046388e+00 7.9139867144e+01
1.2798991151e+00 1.2975426977e+00 7.3572291496e+01
1.3274004459e+00 1.2727617333e+00 7.9606163389e+01
1.2849871240e+00 1.2798126160e+00 7.5762114683e+01
1.3070089297e+00 1.2804740776e+00 7.7029517563e+01
1.3228003017e+00 1.2686154099e+00 7.9928877049e+01
1.2790086939e+00 1.2723000387e+00 7.6308492375e+01
1.3165671566e+00 1.2591296904e+00 8.1112401649e+01
1.3205644305e+00 1.2442353094e+00 8.5559543476e+01
1.2414761837e+00 1.3080935019e+00 7.0833624397e+01
1.3356278823e+00 1.2702247665e+00 8.0748719456e+01
1.3121063224e+00 1.2483388887e+00 8.3023421435e+01
1.2744203954e+00 1.2612511533e+00 7.7444716555e+01
1.3386230929e+00 1.2519185123e+00 8.5946605487e+01
1.3253877041e+00 1.3107375227e+00 7.4553578751e+01
1.3235902827e+00 1.2665143063e+00 8.0364377815e+01
1.2894823743e+00 1.2818537820e+00 7.5785442206e+01
1.3067374493e+00 1.2476155665e+00 8.2566341788e+01
1.2874789398e+00 1.2230668701e+00 8.9189483384e+01
1.2700630648e+00 1.2747262803e+00 7.5485048020e+01
1.2986333446e+00 1.2796810989e+00 7.6602225844e+01
1.2765926332e+00 1.3283842888e+00 7.0659769938e+01
1.3395278292e+00 1.2549480286e+00 8.4936720171e+01
1.3100380449e+00 1.2338824687e+00 8.9189483384e+01
1.2924422028e+00 1.2797658945e+00 7.6211945708e+01
1.2758018307e+00 1.3331166342e+00 7.0248524903e+01
1.3305957049e+00 1.2442288069e+00 8.8378926216e+01
1.3035822660e+00 1.2507707497e+00 8.1530319164e+01
1.3581827110e+00 1.2608176060e+00 8.6112185454e+01
1.3588586235e+00 1.2992759690e+00 7.7901209028e+01
1.3148596126e+00 1.2647639614e+00 7.9928877049e+01
1.3136585924e+00 1.2825664607e+00 7.7183666982e+01
1.3216600362e+00 1.2405266904e+00 8.7855467302e+01
1.2919782656e+00 1.2928840452e+00 7.4683256707e+01
1.3670090302e+00 1.2664791742e+00 8.5486104849e+01
1.2905331961e+00 1.2707827234e+00 7.7235456792e+01
1.3527888307e+00 1.2591966518e+00 8.5710183053e+01
1.3215590568e+00 1.2558827560e+00 8.2305046547e+01
1.3001546716e+00 1.2394231683e+00 8.3877872787e+01
1.3156271515e+00 1.2365512528e+00 8.9189483384e+01
1.3561563744e+00 1.2628439426e+00 8.4936720171e+01
1.3642311354e+00 1.2762910833e+00 8.2305046547e+01
1.3144667140e+00 1.2839453859e+00 7.7055083817e+01
1.3013949102e+00 1.2647116694e+00 7.8869354308e+01
1.3109668572e+00 1.2346914183e+00 8.8596120629e+01
1.2802035838e+00 1.3427453328e+00 6.9679612461e+01
1.2635535541e+00 1.3029886879e+00 7.2264626857e+01
1.2869790190e+00 1.2612866409e+00 7.8318572690e+01
1.3223101229e+00 1.2424896171e+00 8.6757527902e+01
1.3261897479e+00 1.2508157865e+00 8.4209337681e+01
1.3212977300e+00 1.3091150603e+00 7.4510588199e+01
1.3502404187e+00 1.2529853442e+00 8.9189483384e+01
1.2729583384e+00 1.2640150847e+00 7.6978533067e+01
1.2868108216e+00 1.2915036218e+00 7.4553578751e+01
1.2656940952e+00 1.3187315188e+00 7.0991401350e+01
1.3290926525e+00 1.2666950649e+00 8.0820312794e+01
1.2877086949e+00 1.2827556188e+00 7.5576824649e+01
1.3102261829e+00 1.2746361278e+00 7.8038735323e+01
1.3351351247e+00 1.2624020828e+00 8.2305046547e+01
1.3013653567e+00 1.2551628877e+00 8.0467675232e+01
1.2987099820e+00 1.2660897580e+00 7.8460999819e+01
1.2836852029e+00 1.2637112300e+00 7.7738183355e+01
1.3204999097e+00 1.2473494678e+00 8.4441244525e+01
1.3375941526e+00 1.2603804888e+00 8.3070778751e+01
1.3234392804e+00 1.2649174891e+00 8.0642347542e+01
1.3385990473e+00 1.2703194176e+00 8.1001766381e+01
1.3569821424e+00 1.2589484129e+00 8.6757527902e+01
1.3257295587e+00 1.2517122541e+00 8.3877872787e+01
1.3544746341e+00 1.2579490918e+00 8.6657708378e+01
1.3107692527e+00 1.2570801247e+00 8.0965186566e+01
1.2480160966e+00 1.3359728454e+00 6.8933341890e+01
1.2865813514e+00 1.2742992016e+00 7.6528203273e+01
1.3043902659e+00 1.2621519762e+00 7.9511264665e+01
1.2984692825e+00 1.3209696699e+00 7.2245817191e+01
1.2989885801e+00 1.2466696954e+00 8.1928856974e+01
1.3084644601e+00 1.3162400260e+00 7.3151828116e+01
1.3414723921e+00 1.2499433195e+00 8.7855467302e+01
1.3384754226e+00 1.2494444535e+00 8.7192030493e+01
1.2885368060e+00 1.2649462911e+00 7.7901209028e+01
1.3138609883e+00 1.2452783451e+00 8.4096788508e+01
1.3155183464e+00 1.2627960970e+00 8.0330188264e+01
1.3306384425e+00 1.2791561906e+00 7.8839697086e+01
1.3954083922e+00 1.2741951545e+00 8.9189483384e+01
1.2702834330e+00 1.3141421811e+00 7.1581045961e+01
1.3235452898e+00 1.2941392681e+00 7.6332733555e+01
1.3277954196e+00 1.2527010312e+00 8.3877872787e+01
1.2882929805e+00 1.3079320726e+00 7.2974718097e+01
1.3502404187e+00 1.2529853442e+00 8.9189483384e+01
1.3192559785e+00 1.2747826418e+00 7.8663362312e+01
1.3443981703e+00 1.2763568351e+00 8.0398687958e+01
1.3314479017e+00 1.2634652181e+00 8.1687457017e+01
1.3437883242e+00 1.2541863172e+00 8.6028533830e+01
1.3642517763e+00 1.2608916633e+00 8.7707378991e+01
1.3161988094e+00 1.2971014768e+00 7.5553826997e+01
1.3573396464e+00 1.2783460156e+00 8.1186923776e+01
1.3272687174e+00 1.2479919497e+00 8.5342693277e+01
1.3418729067e+00 1.2521657136e+00 8.6560781600e+01
1.3263480906e+00 1.2659418256e+00 8.0713127966e+01
1.2790590912e+00 1.3228535600e+00 7.1221554412e+01
1.3611748815e+00 1.2859474034e+00 8.0127513527e+01
1.3043263920e+00 1.2844672955e+00 7.6357016986e+01
1.3137553737e+00 1.2575807826e+00 8.1149584901e+01
1.3093561575e+00 1.2877436406e+00 7.6260135872e+01
1.3358889692e+00 1.2476633252e+00 8.7568287925e+01
1.2902470950e+00 1.2976727812e+00 7.4086913271e+01
1.3068039261e+00 1.2876719316e+00 7.6116057475e+01
1.2414398956e+00 1.3303322190e+00 6.9093407911e+01
1.3112233898e+00 1.2466102880e+00 8.3361979075e+01
1.2871901049e+00 1.2906880109e+00 7.4661569416e+01
1.3223606875e+00 1.2555174284e+00 8.2478240615e+01
1.3254610840e+00 1.3181404821e+00 7.3796765055e+01
1.2663686596e+00 1.2862446176e+00 7.4024306706e+01
1.2994873795e+00 1.2605225143e+00 7.9386038170e+01
1.3078449308e+00 1.2543417958e+00 8.1224420262e+01
1.3046975817e+00 1.2998415138e+00 7.4618284369e+01
1.2818358095e+00 1.2473297098e+00 8.0161005537e+01
1.3012164988e+00 1.3103307647e+00 7.3370782375e+01
1.2639114501e+00 1.3345006498e+00 6.9663110762e+01
1.3248460707e+00 1.2775042599e+00 7.8663362312e+01
1.3468139302e+00 1.2524731602e+00 8.7855467302e+01
1.3395493888e+00 1.2684930060e+00 8.1452825766e+01
1.3199920507e+00 1.2465501914e+00 8.4621711461e+01
1.3175735406e+00 1.2424363532e+00 8.5710183053e+01
1.2560007444e+00 1.2935689413e+00 7.2780002890e+01
1.3305625843e+00 1.2499338665e+00 8.5203558584e+01
1.2942184733e+00 1.2610045598e+00 7.8899089761e+01
1.3717313853e+00 1.2802344374e+00 8.2219886681e+01
1.3080061186e+00 1.2768561921e+00 7.7577264583e+01
1.3112951978e+00 1.2539401307e+00 8.1647897369e+01
1.3136305890e+00 1.3044925307e+00 7.4596686360e+01
1.2694534663e+00 1.3298336241e+00 7.0248524903e+01
1.3356402380e+00 1.2780983651e+00 7.9386038170e+01
1.3303383441e+00 1.2479760994e+00 8.5946605487e+01
1.2630633530e+00 1.2939000112e+00 7.3092591339e+01
1.3156551746e+00 1.2569889303e+00 8.1452825766e+01
1.3333879748e+00 1.2645866666e+00 8.1647897369e+01
1.3394108021e+00 1.2576889960e+00 8.4041308295e+01
1.3118181576e+00 1.2717341368e+00 7.8576202428e+01
1.3223769654e+00 1.2686016808e+00 7.9896146783e+01
1.3189218659e+00 1.2829907853e+00 7.7471115761e+01
1.3030544882e+00 1.3133145310e+00 7.3171618697e+01
1.3404361313e+00 1.2733024718e+00 8.0607155573e+01
1.2878385312e+00 1.2782680483e+00 7.6116057475e+01
1.2869561785e+00 1.3031484104e+00 7.3370782375e+01
1.3314538628e+00 1.2678332276e+00 8.0820312794e+01
1.2834490498e+00 1.2756902836e+00 7.6163920146e+01
1.3189334874e+00 1.2633090121e+00 8.0537160751e+01
1.3563629845e+00 1.2560607414e+00 8.8853746852e+01
1.3077333772e+00 1.2366215398e+00 8.6197674093e+01
1.2488942431e+00 1.3106803582e+00 7.0938669332e+01
1.3243574957e+00 1.2819330533e+00 7.7983538712e+01
1.3441154988e+00 1.2950873658e+00 7.7497569815e+01
1.2925515324e+00 1.2752978450e+00 7.6776526866e+01
1.3371839398e+00 1.2468050021e+00 8.9189483384e+01
1.3128558058e+00 1.2528151359e+00 8.2052287288e+01
1.3660114324e+00 1.2784701670e+00 8.2010933342e+01
1.3696798203e+00 1.2950694679e+00 7.9293068528e+01
1.3375875200e+00 1.2809741861e+00 7.9079181218e+01
1.3146677079e+00 1.2688845865e+00 7.9231529518e+01
1.3232191679e+00 1.2612064462e+00 8.1337875892e+01
1.3328833306e+00 1.2458674651e+00 8.7855467302e+01
1.2977699172e+00 1.2718226525e+00 7.7577264583e+01
1.3124724964e+00 1.2440557480e+00 8.4266437827e+01
1.2957123383e+00 1.2273859156e+00 8.8596120629e+01
1.2805504856e+00 1.2785888478e+00 7.5646033984e+01
1.2833246839e+00 1.2662450018e+00 7.7365844600e+01
1.3081910944e+00 1.2792919129e+00 7.7261429339e+01
1.3038405524e+00 1.2622660271e+00 7.9448467746e+01
1.2947643595e+00 1.2896612545e+00 7.5190617570e+01
1.2839032685e+00 1.2782834581e+00 7.5879129711e+01
1.2804022890e+00 1.2682980214e+00 7.6902422036e+01
1.3081552612e+00 1.2575156805e+00 8.0642347542e+01
1.3103029308e+00 1.2850474755e+00 7.6651798080e+01
1.3194395339e+00 1.2584385819e+00 8.1530319164e+01
1.3314993661e+00 1.3099025441e+00 7.4967970313e+01
1.2717190650e+00 1.2765465948e+00 7.5371119608e+01
1.2949884746e+00 1.2820170599e+00 7.6092186698e+01
1.3365731889e+00 1.2487258431e+00 8.7077348295e+01
1.3447050764e+00 1.2611475723e+00 8.3771288937e+01
1.2769777777e+00 1.2926147920e+00 7.3920490059e+01
1.3513147343e+00 1.2611089916e+00 8.4745454571e+01
1.3283889745e+00 1.2555999675e+00 8.3166473052e+01
1.2920592495e+00 1.2401417235e+00 8.2655493698e+01
1.3755365639e+00 1.2680650022e+00 8.6560781600e+01
1.3328402042e+00 1.2835288150e+00 7.8346920764e+01
1.3175147552e+00 1.2616724173e+00 8.0713127966e+01
1.3192609840e+00 1.2437966485e+00 8.5486104849e+01
1.3232191679e+00 1.2612064462e+00 8.1337875892e+01
1.3002114410e+00 1.3174731169e+00 7.2644963102e+01
1.2927695992e+00 1.3060799836e+00 7.3370782375e+01
1.3081612754e+00 1.2889385227e+00 7.6044565226e+01
1.3326055244e+00 1.3145167604e+00 7.4532068904e+01
1.2577415516e+00 1.3328000536e+00 6.9547955888e+01
1.2812484976e+00 1.2905236169e+00 7.4361029171e+01
1.3413279343e+00 1.2816209823e+00 7.9262255454e+01
1.3336513719e+00 1.2796489143e+00 7.8988771847e+01
1.2939940462e+00 1.2961105428e+00 7.4446319730e+01
1.3650088833e+00 1.2601345563e+00 8.8853746852e+01
1.2906624089e+00 1.2872157070e+00 7.5235540770e+01
1.3252315202e+00 1.2413107218e+00 8.8853746852e+01
1.3318605676e+00 1.2753058553e+00 7.9542802945e+01
1.3605465742e+00 1.2593310381e+00 8.7568287925e+01
1.2646933325e+00 1.2957518785e+00 7.2994308568e+01
1.3577736487e+00 1.2814292160e+00 8.0642347542e+01
1.3316951677e+00 1.2750333060e+00 7.9574435566e+01
1.2868613567e+00 1.2783739718e+00 7.6044565226e+01
1.3028550456e+00 1.2815705685e+00 7.6626989411e+01
1.3298150426e+00 1.2519909078e+00 8.4382373156e+01
1.2725078977e+00 1.2484246532e+00 7.9200889974e+01
1.3078701259e+00 1.2634660303e+00 7.9574435566e+01
1.2887211015e+00 1.2374101779e+00 8.2929653666e+01
1.3445065750e+00 1.2744937420e+00 8.0748719456e+01
1.3193538286e+00 1.2812459318e+00 7.7738183355e+01
1.3717079744e+00 1.2630986312e+00 8.9189483384e+01
1.3050579863e+00 1.2558225666e+00 8.0677671172e+01
1.3394759342e+00 1.2484439419e+00 8.8378926216e+01
1.3295206628e+00 1.2776457600e+00 7.8988771847e+01
1.3224099693e+00 1.2900137566e+00 7.6776526866e+01
1.2632971937e+00 1.2867072167e+00 7.3817321945e+01
1.2794278014e+00 1.2831943658e+00 7.5056640173e+01
1.3055817839e+00 1.2884568364e+00 7.5949796914e+01
1.3128369036e+00 1.2611153715e+00 8.0398687958e+01
1.3029265907e+00 1.2662301440e+00 7.8751188620e+01
1.3172395890e+00 1.2384184899e+00 8.7855467302e+01
1.3453459171e+00 1.2982556490e+00 7.7157849094e+01
1.3234411162e+00 1.2710347416e+00 7.9574435566e+01
1.2907876517e+00 1.3098121086e+00 7.2916077488e+01
1.3014803123e+00 1.2328895849e+00 8.6560781600e+01
1.3449837007e+00 1.2560536655e+00 8.5486104849e+01
1.3775870765e+00 1.2686548822e+00 8.6757527902e+01
1.3293349039e+00 1.2738908590e+00 7.9574435566e+01
1.2954146442e+00 1.2842089298e+00 7.5855650848e+01
1.2898809811e+00 1.2258564124e+00 8.7436729029e+01
1.3110368849e+00 1.2834389729e+00 7.6902422036e+01
1.3597658821e+00 1.2574801384e+00 8.9189483384e+01
1.3258448898e+00 1.2743172894e+00 7.9231529518e+01
1.2977433262e+00 1.2770811857e+00 7.6877148084e+01
1.3077608030e+00 1.2915262874e+00 7.5715571564e+01
1.2710370507e+00 1.2746212248e+00 7.5553826997e+01
1.3349842321e+00 1.2664907643e+00 8.1414339425e+01
1.3506304718e+00 1.2539086236e+00 8.8187569297e+01
1.3282332145e+00 1.2710538759e+00 7.9961712929e+01
1.3269873083e+00 1.2596220352e+00 8.2052287288e+01
1.2760745657e+00 1.2943897481e+00 7.3694358938e+01
1.2552629666e+00 1.3003951123e+00 7.2114685585e+01
1.3086850519e+00 1.2783611111e+00 7.7418371854e+01
1.2676840840e+00 1.2844943203e+00 7.4276189762e+01
1.3054201822e+00 1.2524134956e+00 8.1376023555e+01
1.3256663762e+00 1.2426187623e+00 8.7707378991e+01
1.3024015472e+00 1.2650120938e+00 7.8899089761e+01
1.3310765085e+00 1.2459290260e+00 8.7192030493e+01
1.3448146946e+00 1.2509730229e+00 8.8378926216e+01
1.2905116516e+00 1.2847490156e+00 7.5507938852e+01
1.3630519847e+00 1.2664823359e+00 8.4808428882e+01
1.2934512222e+00 1.3321311954e+00 7.1061930643e+01
1.3261577363e+00 1.2796949125e+00 7.8432376026e+01
1.2970283289e+00 1.2769239463e+00 7.6851921864e+01
1.3147930305e+00 1.2513135490e+00 8.2610784034e+01
1.3582640444e+00 1.2602976617e+00 8.6374684998e+01
1.3383370218e+00 1.2482723216e+00 8.8014565082e+01
1.3026741177e+00 1.2682261050e+00 7.8432376026e+01
1.3356435340e+00 1.2982841131e+00 7.6552833021e+01
1.2935479311e+00 1.2716873974e+00 7.7313531307e+01
1.3461623885e+00 1.2553126079e+00 8.6028533830e+01
1.2861879052e+00 1.2746926477e+00 7.6454577770e+01
1.3650769391e+00 1.2776446914e+00 8.2093856142e+01
1.2926208268e+00 1.2339438411e+00 8.4441244525e+01
1.3110220724e+00 1.2398518614e+00 8.5486104849e+01
1.3513632422e+00 1.2553652315e+00 8.7311596302e+01
1.3132678298e+00 1.3057324873e+00 7.4446319730e+01
1.2771531738e+00 1.2933111399e+00 7.3858512165e+01
1.2820958789e+00 1.3465600699e+00 6.9466080940e+01
1.3040622378e+00 1.3171315008e+00 7.2857631514e+01
1.3104936756e+00 1.2817962406e+00 7.7080699799e+01
1.3584713396e+00 1.2596517802e+00 8.6757527902e+01
1.2887644389e+00 1.2734222877e+00 7.6776526866e+01
1.2963556016e+00 1.2754165130e+00 7.7004000743e+01
1.3414962568e+00 1.2525423635e+00 8.6285126569e+01
1.3134814111e+00 1.2783713905e+00 7.7738183355e+01
1.3408579643e+00 1.2518690911e+00 8.6466509507e+01
1.3299634797e+00 1.2684486201e+00 8.0572093792e+01
1.3417832095e+00 1.2614425535e+00 8.3312569183e+01
1.3572345253e+00 1.2832876934e+00 8.0262165861e+01
1.3068756472e+00 1.2981012749e+00 7.4923826465e+01
1.2973540005e+00 1.3067472929e+00 7.3531797916e+01
1.3512362218e+00 1.2655712857e+00 8.3411757846e+01
1.3022131600e+00 1.2430106379e+00 8.3166473052e+01
1.2819661319e+00 1.2832691966e+00 7.5190617570e+01
1.3151135267e+00 1.2741171034e+00 7.8460999819e+01
1.2244667016e+00 1.3704464181e+00 6.5818335468e+01
1.3430731425e+00 1.2684741211e+00 8.1807273904e+01
1.3548070885e+00 1.2571783940e+00 8.7192030493e+01
1.2858297554e+00 1.2776633669e+00 7.6068356017e+01
1.3521276883e+00 1.2659954315e+00 8.3411757846e+01
1.3239595081e+00 1.2674562035e+00 8.0228330525e+01
1.3140621746e+00 1.2804136831e+00 7.7497569815e+01
1.3237356668e+00 1.2777393296e+00 7.8547294593e+01
1.3009513705e+00 1.2826009240e+00 7.6381342894e+01
1.2846012246e+00 1.3081258307e+00 7.2780002890e+01
1.2642993525e+00 1.3297392678e+00 7.0045956157e+01
1.2970472901e+00 1.2899988729e+00 7.5280598016e+01
1.3420342957e+00 1.2585654647e+00 8.4152793230e+01
1.3323960547e+00 1.2590196569e+00 8.2791277101e+01
1.3675357114e+00 1.2624378319e+00 8.7707378991e+01
1.3323805818e+00 1.2511717127e+00 8.5068338769e+01
1.2810455257e+00 1.2820121068e+00 7.5280598016e+01
1.3183463666e+00 1.2774413508e+00 7.8205852297e+01
1.2626177811e+00 1.2791310865e+00 7.4575117862e+01
1.3562235363e+00 1.2741892540e+00 8.1928856974e+01
1.3380726429e+00 1.2472263891e+00 8.9189483384e+01
1.3052093591e+00 1.2892664986e+00 7.5832210102e+01
1.3273554286e+00 1.2618752015e+00 8.1608522897e+01
1.3621974749e+00 1.2589962637e+00 8.8596120629e+01
1.3164177992e+00 1.2562263057e+00 8.1687457017e+01
1.2896213139e+00 1.3276247066e+00 7.1275053722e+01
1.3406151367e+00 1.2486154934e+00 8.8853746852e+01
1.3050535494e+00 1.2501694838e+00 8.1807273904e+01
1.2997578759e+00 1.2776839370e+00 7.6927743997e+01
1.2749604799e+00 1.3348341532e+00 7.0079580337e+01
1.3364021769e+00 1.2484601338e+00 8.7192030493e+01
1.3591405258e+00 1.2681980486e+00 8.3718672554e+01
1.3591726508e+00 1.2633374346e+00 8.5272615194e+01
1.3038639545e+00 1.2818718234e+00 7.6651798080e+01
1.3216409616e+00 1.2667158080e+00 8.0161005537e+01
1.3592396202e+00 1.2804030048e+00 8.0965186566e+01
1.3206979211e+00 1.2785891693e+00 7.8205852297e+01
1.3227804215e+00 1.2502997155e+00 8.3877872787e+01
1.3255111774e+00 1.3027056221e+00 7.5439372000e+01
1.3203433305e+00 1.2523007744e+00 8.3023421435e+01
1.3329970594e+00 1.2930243607e+00 7.7055083817e+01
1.3676586800e+00 1.2724237296e+00 8.3666491536e+01
1.3531934435e+00 1.2566011896e+00 8.7077348295e+01
1.3380525133e+00 1.2734947503e+00 8.0364377815e+01
1.3560693464e+00 1.2712692280e+00 8.2566341788e+01
1.3245227185e+00 1.2459415952e+00 8.5634214754e+01
1.3149833137e+00 1.2615859670e+00 8.0502355029e+01
1.2815043285e+00 1.2680653572e+00 7.7004000743e+01
1.2908173625e+00 1.3237979480e+00 7.1653759664e+01
1.3082391415e+00 1.2513354598e+00 8.1888128163e+01
1.2873567025e+00 1.3228760515e+00 7.1581045961e+01
1.3296355907e+00 1.2898033616e+00 7.7261429339e+01
1.3101342050e+00 1.2481346666e+00 8.2837107130e+01
1.3347058495e+00 1.2637062503e+00 8.1969790983e+01
1.3191595478e+00 1.2753163099e+00 7.8576202428e+01
1.3539693099e+00 1.2865529088e+00 7.9448467746e+01
1.2850656271e+00 1.2932488164e+00 7.4276189762e+01
1.3038676963e+00 1.2522254530e+00 8.1262076387e+01
1.3152978242e+00 1.2508087553e+00 8.2791277101e+01
1.2955736928e+00 1.2844863073e+00 7.5832210102e+01
1.2333172348e+00 1.2845843735e+00 7.2530020127e+01
1.3309608983e+00 1.2547748796e+00 8.3718672554e+01
1.3171351446e+00 1.2459224878e+00 8.4382373156e+01
1.2831184910e+00 1.3065491062e+00 7.2857631514e+01
1.3259151875e+00 1.2423699511e+00 8.8014565082e+01
1.2975460568e+00 1.2912476307e+00 7.5168205857e+01
1.3334075109e+00 1.2768252430e+00 7.9417207447e+01
1.3329086382e+00 1.2484607877e+00 8.6285126569e+01
1.3502537886e+00 1.2542853068e+00 8.7707378991e+01
1.3101124728e+00 1.3053796430e+00 7.4318553532e+01
1.3603307420e+00 1.2700820484e+00 8.3361979075e+01
1.3243590500e+00 1.2801800455e+00 7.8233932577e+01
1.3348444556e+00 1.2556971496e+00 8.3986338075e+01
1.3234475110e+00 1.2487605864e+00 8.4441244525e+01
1.3017715243e+00 1.2822174177e+00 7.6479075887e+01
1.2892603965e+00 1.2977857665e+00 7.4024306706e+01
1.3428723823e+00 1.2721813186e+00 8.1038494274e+01
1.3275793195e+00 1.2655848997e+00 8.0892464042e+01
1.3002270474e+00 1.2506468864e+00 8.1224420262e+01
1.3517882685e+00 1.2654577520e+00 8.3512456048e+01
1.3603497255e+00 1.2612827709e+00 8.6374684998e+01
1.2549561172e+00 1.3246674568e+00 7.0062761447e+01
1.3647387084e+00 1.2771030841e+00 8.2177652292e+01
1.3285602250e+00 1.2926335136e+00 7.6826743101e+01
1.3381339957e+00 1.2642163349e+00 8.2219886681e+01
1.3328194976e+00 1.2564111325e+00 8.3512456048e+01
1.3168421987e+00 1.2745735129e+00 7.8518458573e+01
1.2962979240e+00 1.2489258739e+00 8.1186923776e+01
1.2733452662e+00 1.2532194017e+00 7.8518458573e+01
1.2414320204e+00 1.2782014062e+00 7.3552032589e+01
1.2351527532e+00 1.3558258930e+00 6.7095699756e+01
1.3225499410e+00 1.2841785326e+00 7.7550643872e+01
1.3134893679e+00 1.2591547370e+00 8.0820312794e+01
1.3305148395e+00 1.2744620825e+00 7.9574435566e+01
1.3280882955e+00 1.2454278983e+00 8.6657708378e+01
1.2938152827e+00 1.2954153473e+00 7.4510588199e+01
1.3200415467e+00 1.2757461707e+00 7.8576202428e+01
1.3085855878e+00 1.3033998947e+00 7.4446319730e+01
1.3166835705e+00 1.2603219640e+00 8.0892464042e+01
1.3055167125e+00 1.2562345983e+00 8.0642347542e+01
1.2879106946e+00 1.2860415805e+00 7.5213062491e+01
1.3495358796e+00 1.2615731896e+00 8.4324110442e+01
1.3253580008e+00 1.2673690545e+00 8.0364377815e+01
1.3155203300e+00 1.2658490960e+00 7.9798579510e+01
1.3511507618e+00 1.2634645487e+00 8.3986338075e+01
1.2902732470e+00 1.2902232038e+00 7.4879808517e+01
1.3437991611e+00 1.2506766966e+00 8.8187569297e+01
1.3005414911e+00 1.3079389265e+00 7.3572291496e+01
1.3126044238e+00 1.2761892637e+00 7.7983538712e+01
1.3080347118e+00 1.2637374027e+00 7.9542802945e+01
1.3697183980e+00 1.2642092490e+00 8.7192030493e+01
1.3345800202e+00 1.2472259302e+00 8.7436729029e+01
1.3078972695e+00 1.2416724162e+00 8.4324110442e+01
1.2472247970e+00 1.2923530429e+00 7.2472822552e+01
1.3230419299e+00 1.2622571021e+00 8.1112401649e+01
1.3097319762e+00 1.2407071836e+00 8.4936720171e+01
1.3338938920e+00 1.2956404286e+00 7.6776526866e+01
1.3360381149e+00 1.2746327844e+00 7.9994655462e+01
1.3151629968e+00 1.3266787957e+00 7.2491868298e+01
1.3413011323e+00 1.2829644247e+00 7.9048962842e+01
1.2742053902e+00 1.3119671582e+00 7.1947441945e+01
1.3045508016e+00 1.2415419762e+00 8.3877872787e+01
1.2407259798e+00 1.3502526663e+00 6.7662069362e+01
1.3219361629e+00 1.2913641233e+00 7.6577507130e+01
1.3158741291e+00 1.2838504934e+00 7.7157849094e+01
1.2832626605e+00 1.2998530110e+00 7.3511587388e+01
1.3845269334e+00 1.2930262949e+00 8.0856317856e+01
1.3255267310e+00 1.2414511982e+00 8.8853746852e+01
1.2993017006e+00 1.2615788523e+00 7.9200889974e+01
1.3265730989e+00 1.2762149356e+00 7.8988771847e+01
1.3275736047e+00 1.2887954145e+00 7.7261429339e+01
1.2995971391e+00 1.2948787186e+00 7.4879808517e+01
1.2988871357e+00 1.2877222077e+00 7.5646033984e+01
1.3021071023e+00 1.2770800702e+00 7.7157849094e+01
1.3311272291e+00 1.2537350816e+00 8.4041308295e+01
1.3333964256e+00 1.2466635745e+00 8.7436729029e+01
1.3072997125e+00 1.2588068670e+00 8.0330188264e+01
1.3150351271e+00 1.2606617200e+00 8.0677671172e+01
1.3016600757e+00 1.3221665766e+00 7.2283455850e+01
1.3285085153e+00 1.2454437599e+00 8.6757527902e+01
1.3563058045e+00 1.2591863113e+00 8.6466509507e+01
1.3265829729e+00 1.2797075761e+00 7.8460999819e+01
1.2993334883e+00 1.3315185735e+00 7.1364548270e+01
1.3227354848e+00 1.2634370636e+00 8.0856317856e+01
1.2870996066e+00 1.2698637576e+00 7.7132082137e+01
1.3341349399e+00 1.2708419821e+00 8.0502355029e+01
1.2979464531e+00 1.2799316627e+00 7.6528203273e+01
1.3368862287e+00 1.2715941889e+00 8.0607155573e+01
1.3642058255e+00 1.2604986606e+00 8.8014565082e+01
1.3642623635e+00 1.2621980836e+00 8.6860516083e+01
1.3136585924e+00 1.2825664607e+00 7.7183666982e+01
1.3305886541e+00 1.2477257894e+00 8.6112185454e+01
1.2852900824e+00 1.3113723310e+00 7.2510934134e+01
1.2883639180e+00 1.2699049537e+00 7.7209536111e+01
1.3395278292e+00 1.2549480286e+00 8.4936720171e+01
1.3225118395e+00 1.2466448952e+00 8.5002097282e+01
1.2932463624e+00 1.3235611452e+00 7.1781682849e+01
1.3217882297e+00 1.2683163593e+00 7.9896146783e+01
1.3482991027e+00 1.2531758937e+00 8.7855467302e+01
1.3222181239e+00 1.2417105130e+00 8.7192030493e+01
1.3400461057e+00 1.2623042249e+00 8.2883230736e+01
1.3485784068e+00 1.2884260230e+00 7.8751188620e+01
1.3243411640e+00 1.2557188361e+00 8.2655493698e+01
1.3278473967e+00 1.2640054049e+00 8.1224420262e+01
1.3127848153e+00 1.2650933006e+00 7.9701926885e+01
1.2967294096e+00 1.2463223715e+00 8.1767142530e+01
1.3567581450e+00 1.2683852946e+00 8.3361979075e+01
1.3014162752e+00 1.2542418036e+00 8.0642347542e+01
1.3088125550e+00 1.2542450774e+00 8.1337875892e+01
1.3440629414e+00 1.2517247761e+00 8.7436729029e+01
1.3338492176e+00 1.2457743564e+00 8.8378926216e+01
1.3385872642e+00 1.2528284474e+00 8.5559543476e+01
1.3541071106e+00 1.2548113544e+00 8.9189483384e+01
1.3266923236e+00 1.2594802248e+00 8.2052287288e+01
1.3371118331e+00 1.2652384975e+00 8.1888128163e+01
1.3322166404e+00 1.2845908672e+00 7.8149888534e+01
1.3058575244e+00 1.2471906504e+00 8.2566341788e+01
1.2881656340e+00 1.2879674175e+00 7.5012241172e+01
1.2755853217e+00 1.2992391901e+00 7.3191431906e+01
1.2956045216e+00 1.2448416552e+00 8.1969790983e+01
1.3063193352e+00 1.2715587807e+00 7.8205852297e+01
1.3416296683e+00 1.2489119369e+00 8.9189483384e+01
1.3283090901e+00 1.2425911325e+00 8.9189483384e+01
1.2880836612e+00 1.2645296159e+00 7.7928590790e+01
1.3335593623e+00 1.2692286722e+00 8.0748719456e+01
1.3435811502e+00 1.2500202572e+00 8.8853746852e+01
1.3596863101e+00 1.2579982478e+00 8.8378926216e+01
1.3263154440e+00 1.3067333422e+00 7.5034424584e+01
1.2784587685e+00 1.2685030880e+00 7.6751488857e+01
1.3031745482e+00 1.2355350539e+00 8.5710183053e+01
1.2384613755e+00 1.3137170288e+00 7.0248524903e+01
1.3819268318e+00 1.2744447676e+00 8.5135479942e+01
1.3174100887e+00 1.2386830606e+00 8.7707378991e+01
1.2588471931e+00 1.2473750286e+00 7.8318572690e+01
1.3247487819e+00 1.2431005956e+00 8.7077348295e+01
1.3267527593e+00 1.2734094199e+00 7.9448467746e+01
1.2773512862e+00 1.2513806959e+00 7.9109482420e+01
1.3035957037e+00 1.3005055897e+00 7.4489136515e+01
1.3351111602e+00 1.2458217659e+00 8.9189483384e+01
1.3147500745e+00 1.3319320351e+00 7.2003022837e+01
1.3482991027e+00 1.2531758937e+00 8.7855467302e+01
1.2767180291e+00 1.2902599001e+00 7.4149760707e+01
1.2941925356e+00 1.2727853936e+00 7.7209536111e+01
1.2754103139e+00 1.2468215844e+00 7.9701926885e+01
1.2868545834e+00 1.2762030490e+00 7.6308492375e+01
1.3579828316e+00 1.2719907117e+00 8.2610784034e+01
1.3259462070e+00 1.2414674340e+00 8.9189483384e+01
1.3310248216e+00 1.2634510361e+00 8.1647897369e+01
1.2587801936e+00 1.3090691839e+00 7.1508608306e+01
1.2235834551e+00 1.3949782510e+00 6.4375192225e+01
1.3645827416e+00 1.2662693202e+00 8.5135479942e+01
1.3060207549e+00 1.2600858246e+00 7.9994655462e+01
1.2796728692e+00 1.3056261629e+00 7.2780002890e+01
1.3405980845e+00 1.2608769119e+00 8.3312569183e+01
1.3058382024e+00 1.2798975755e+00 7.7029517563e+01
1.2513364967e+00 1.3121566256e+00 7.0921123180e+01
1.2844920310e+00 1.2616007468e+00 7.8094184084e+01
1.2978222913e+00 1.2887870521e+00 7.5462192458e+01
1.2930729954e+00 1.2786991191e+00 7.6381342894e+01
1.3622042703e+00 1.2704051221e+00 8.3512456048e+01
1.3091269508e+00 1.2465311281e+00 8.3118460360e+01
1.3152670909e+00 1.2892720046e+00 7.6430123055e+01
1.2881057390e+00 1.2945733342e+00 7.4297357720e+01
1.3040251992e+00 1.2612101293e+00 7.9637987289e+01
1.3129858452e+00 1.2513783309e+00 8.2391153680e+01
1.2880513120e+00 1.2732646075e+00 7.6751488857e+01
1.3402864645e+00 1.2493811327e+00 8.7855467302e+01
1.2913879578e+00 1.3144646910e+00 7.2510934134e+01
1.3160698310e+00 1.2906586426e+00 7.6308492375e+01
1.2690974999e+00 1.2796028105e+00 7.4879808517e+01
1.3261172265e+00 1.2417321510e+00 8.8853746852e+01
1.3425758332e+00 1.2663426317e+00 8.2219886681e+01
1.2639961421e+00 1.2543383836e+00 7.7684313766e+01
1.3047565059e+00 1.2866592057e+00 7.6116057475e+01
1.3092405069e+00 1.2425030492e+00 8.4266437827e+01
1.2692266324e+00 1.2899127010e+00 7.3796765055e+01
1.3467356253e+00 1.2902688045e+00 7.8346920764e+01
1.2702159096e+00 1.2819624947e+00 7.4683256707e+01
1.3172654045e+00 1.2649770950e+00 8.0094133635e+01
1.3270987312e+00 1.2477257807e+00 8.5413839657e+01
1.3241894861e+00 1.2764102743e+00 7.8780614851e+01
1.3384829633e+00 1.2691214333e+00 8.1224420262e+01
1.3259146645e+00 1.2751227016e+00 7.9109482420e+01
1.3069874287e+00 1.2447561274e+00 8.3312569183e+01
1.3104761401e+00 1.3041391704e+00 7.4467713732e+01
1.3558149094e+00 1.3235059846e+00 7.4792145946e+01
1.3085099953e+00 1.2554186416e+00 8.1075372075e+01
1.2958993979e+00 1.2289318647e+00 8.7311596302e+01
1.3236377104e+00 1.2455190242e+00 8.5634214754e+01
1.2874789398e+00 1.2230668701e+00 8.9189483384e+01
1.2941073142e+00 1.2794088796e+00 7.6357016986e+01
1.3403186705e+00 1.2484750170e+00 8.8853746852e+01
1.3060292508e+00 1.3199921694e+00 7.2683441722e+01
1.2973788857e+00 1.2722136840e+00 7.7497569815e+01
1.2779242322e+00 1.3174261741e+00 7.1635555180e+01
1.3338200262e+00 1.2869349792e+00 7.7928590790e+01
1.2469237497e+00 1.3113451219e+00 7.0798732350e+01
1.3206892855e+00 1.2441104545e+00 8.5634214754e+01
1.2957871841e+00 1.2951914620e+00 7.4639912012e+01
1.3419180525e+00 1.2696292110e+00 8.1452825766e+01
1.3693976200e+00 1.2768443388e+00 8.2745735086e+01
1.3176972832e+00 1.2960413199e+00 7.5762114683e+01
1.2772188877e+00 1.2233863846e+00 8.5559543476e+01
1.3039591475e+00 1.2651975872e+00 7.8988771847e+01
1.3147860484e+00 1.2788153591e+00 7.7765205727e+01
1.3047941513e+00 1.2399951938e+00 8.4382373156e+01
1.3243928482e+00 1.2919761710e+00 7.6651798080e+01
1.3779888600e+00 1.2788234511e+00 8.3263520051e+01
1.3325291906e+00 1.2702588439e+00 8.0467675232e+01
1.3496865260e+00 1.2710684793e+00 8.1928856974e+01
1.3261960494e+00 1.3218066591e+00 7.3471238414e+01
1.3035899793e+00 1.2952596036e+00 7.5056640173e+01
1.3111953076e+00 1.2898420585e+00 7.6116057475e+01
1.3388367083e+00 1.2477726352e+00 8.8853746852e+01
1.3432632925e+00 1.2595247420e+00 8.4041308295e+01
1.2693523937e+00 1.2624148687e+00 7.6953114246e+01
1.3289255215e+00 1.2607420757e+00 8.2010933342e+01
1.3364397923e+00 1.2641599680e+00 8.2052287288e+01
1.3636427680e+00 1.2593061486e+00 8.9189483384e+01
1.3253117391e+00 1.2543118349e+00 8.3118460360e+01
1.3346651117e+00 1.2528178956e+00 8.4872174373e+01
1.3666501847e+00 1.2633233586e+00 8.6860516083e+01
1.3051725461e+00 1.3063747175e+00 7.3961938190e+01
1.2962043473e+00 1.2733882225e+00 7.7261429339e+01
1.2913166808e+00 1.2992249245e+00 7.3982701417e+01
1.3514761651e+00 1.2539386080e+00 8.8596120629e+01
1.3573023737e+00 1.2995099374e+00 7.7765205727e+01
1.3254528300e+00 1.3247513648e+00 7.3151828116e+01
1.2806125775e+00 1.2841871625e+00 7.5012241172e+01
1.3462323680e+00 1.2534922545e+00 8.6966995687e+01
1.3226756169e+00 1.2735494362e+00 7.9109482420e+01
1.2676145442e+00 1.3102635716e+00 7.1800028481e+01
1.2788043082e+00 1.3323047610e+00 7.0435981071e+01
1.3526326018e+00 1.2554097930e+00 8.7707378991e+01
1.2886643109e+00 1.2630792452e+00 7.8177837772e+01
1.3350747465e+00 1.2703400267e+00 8.0677671172e+01
1.3411753777e+00 1.2848460425e+00 7.8751188620e+01
1.3687306033e+00 1.2630000750e+00 8.7707378991e+01
1.3566937627e+00 1.2601137449e+00 8.6112185454e+01
1.3139080877e+00 1.2360963226e+00 8.8596120629e+01
1.2682039091e+00 1.3109832634e+00 7.1763355047e+01
1.2823059146e+00 1.2555355485e+00 7.8839697086e+01
1.3148320336e+00 1.2831426078e+00 7.7183666982e+01
1.3482298966e+00 1.2966917560e+00 7.7550643872e+01
1.3406151367e+00 1.2486154934e+00 8.8853746852e+01
1.3129404285e+00 1.2824099778e+00 7.7157849094e+01
1.3158327476e+00 1.2646637031e+00 8.0027705704e+01
1.3347177688e+00 1.2483979027e+00 8.6757527902e+01
1.3042629337e+00 1.2757970664e+00 7.7471115761e+01
1.2767073112e+00 1.2989895359e+00 7.3270912618e+01
1.2778329011e+00 1.2756501960e+00 7.5832210102e+01
1.3192029335e+00 1.2617299925e+00 8.0856317856e+01
1.3687675352e+00 1.2708750897e+00 8.4266437827e+01
1.3079794651e+00 1.2729534609e+00 7.8122004123e+01
1.3037204125e+00 1.2549836777e+00 8.0713127966e+01
1.2724044988e+00 1.2762958116e+00 7.5439372000e+01
1.3290043374e+00 1.2799141275e+00 7.8605182622e+01
1.3596400390e+00 1.2576059815e+00 8.8853746852e+01
1.3324037919e+00 1.3010844125e+00 7.6020814122e+01
1.3175384572e+00 1.2633944689e+00 8.0398687958e+01
1.2781553038e+00 1.2997228120e+00 7.3270912618e+01
1.2630639202e+00 1.2531062667e+00 7.7792286999e+01
1.3719918925e+00 1.2667712363e+00 8.6374684998e+01
1.2482804595e+00 1.3156481774e+00 7.0504576168e+01
1.3267881881e+00 1.2738115722e+00 7.9386038170e+01
1.3427726945e+00 1.2538897188e+00 8.5946605487e+01
1.3175542398e+00 1.2563980354e+00 8.1767142530e+01
1.3472050602e+00 1.2647804223e+00 8.3118460360e+01
1.3065141881e+00 1.2739822626e+00 7.7873888177e+01
1.2960515974e+00 1.2596064815e+00 7.9262255454e+01
1.3048488205e+00 1.2595153556e+00 7.9994655462e+01
1.3153469045e+00 1.2843777180e+00 7.7055083817e+01
1.3274832300e+00 1.2486498216e+00 8.5135479942e+01
1.3297848489e+00 1.2651282708e+00 8.1186923776e+01
1.3236019918e+00 1.2608236222e+00 8.1452825766e+01
1.3166394093e+00 1.2673495326e+00 7.9637987289e+01
1.2729454115e+00 1.2970830179e+00 7.3270912618e+01
1.3181469797e+00 1.2802651202e+00 7.7792286999e+01
1.3053263136e+00 1.2825935625e+00 7.6651798080e+01
1.3100380449e+00 1.2338824687e+00 8.9189483384e+01
1.3305197354e+00 1.2713929158e+00 8.0094133635e+01
1.3541071106e+00 1.2548113544e+00 8.9189483384e+01
1.2952753753e+00 1.2686532616e+00 7.7846627825e+01
1.2980649753e+00 1.2837409751e+00 7.6068356017e+01
1.3365598161e+00 1.2474291258e+00 8.8014565082e+01
1.3228873559e+00 1.2462693788e+00 8.5203558584e+01
1.3018500022e+00 1.2921886180e+00 7.5303177292e+01
1.3218041039e+00 1.2700486977e+00 7.9606163389e+01
1.2617030542e+00 1.2917800429e+00 7.3231126524e+01
1.3472847113e+00 1.2668922332e+00 8.2610784034e+01
1.3221915720e+00 1.2696612296e+00 7.9701926885e+01
1.2727008407e+00 1.3051772752e+00 7.2491868298e+01
1.3498641636e+00 1.2533615993e+00 8.8378926216e+01
1.3293667138e+00 1.2432773911e+00 8.8853746852e+01
1.2977851185e+00 1.2757310752e+00 7.7055083817e+01
1.3099942520e+00 1.2770519111e+00 7.7684313766e+01
1.3409456934e+00 1.2890278498e+00 7.8122004123e+01
1.2978725646e+00 1.2896104427e+00 7.5371119608e+01
1.3534909332e+00 1.2567418208e+00 8.7077348295e+01
1.3187523770e+00 1.2643632945e+00 8.0330188264e+01
1.3384748804e+00 1.2555637399e+00 8.4560892485e+01
1.3061414524e+00 1.2360416950e+00 8.6112185454e+01
1.2869388392e+00 1.3097235742e+00 7.2741315567e+01
1.3062935795e+00 1.3004348942e+00 7.4639912012e+01
1.3588954912e+00 1.2596662149e+00 8.6860516083e+01
1.3515348170e+00 1.2556316059e+00 8.7192030493e+01
1.3396637960e+00 1.2574360021e+00 8.4152793230e+01
1.3013403523e+00 1.3067020426e+00 7.3735246099e+01
1.2179335921e+00 1.3298974419e+00 6.8226944411e+01
1.3294688255e+00 1.2619468861e+00 8.1807273904e+01
1.2760604139e+00 1.2722052459e+00 7.6139968555e+01
1.3406151367e+00 1.2486154934e+00 8.8853746852e+01
1.3582084068e+00 1.2585991008e+00 8.7311596302e+01
1.3411758733e+00 1.2498027728e+00 8.7855467302e+01
1.2853560711e+00 1.2933947246e+00 7.4276189762e+01
1.3097671746e+00 1.2398025110e+00 8.5272615194e+01
1.3160167507e+00 1.2714662566e+00 7.8928904074e+01
1.2869673689e+00 1.2917834268e+00 7.4532068904e+01
1.3621969020e+00 1.2651416723e+00 8.5135479942e+01
1.2611300886e+00 1.3276635989e+00 7.0079580337e+01
1.3105834038e+00 1.2913292475e+00 7.5902646881e+01
1.3153947458e+00 1.2707778026e+00 7.8988771847e+01
1.3203293239e+00 1.3070092505e+00 7.4683256707e+01
1.3005448335e+00 1.2768969794e+00 7.7080699799e+01
1.2889668174e+00 1.2723491021e+00 7.6927743997e+01
1.3086545071e+00 1.2692236087e+00 7.8721838178e+01
1.3324480707e+00 1.2953296041e+00 7.6726497234e+01
1.3163848145e+00 1.2741567908e+00 7.8547294593e+01
1.3013466185e+00 1.3172150877e+00 7.2722003404e+01
1.3001584665e+00 1.3000037127e+00 7.4361029171e+01
1.3338549291e+00 1.2820756261e+00 7.8634235730e+01
1.3573091847e+00 1.2695903138e+00 8.3118460360e+01
1.3605065211e+00 1.2848552091e+00 8.0262165861e+01
1.3169776074e+00 1.2604642055e+00 8.0892464042e+01
1.3238648173e+00 1.2592508542e+00 8.1807273904e+01
1.2791867127e+00 1.2517132030e+00 7.9200889974e+01
1.2913961906e+00 1.3039542157e+00 7.3511587388e+01
1.2907609260e+00 1.2614174783e+00 7.8576202428e+01
1.3117813608e+00 1.2923199326e+00 7.5855650848e+01
1.3156548678e+00 1.2866954628e+00 7.6776526866e+01
1.3058927162e+00 1.2602138633e+00 7.9961712929e+01
1.2565738893e+00 1.2608948263e+00 7.6332733555e+01
1.2723851493e+00 1.2972074205e+00 7.3231126524e+01
1.3107816118e+00 1.2366148211e+00 8.6966995687e+01
1.3239625220e+00 1.2521705296e+00 8.3512456048e+01
1.3087341664e+00 1.2417049934e+00 8.4441244525e+01
1.2910548639e+00 1.2537344812e+00 7.9830999012e+01
1.3437371997e+00 1.2849187490e+00 7.8928904074e+01
1.3533561349e+00 1.2630128842e+00 8.4441244525e+01
1.2746661932e+00 1.2944905415e+00 7.3612882375e+01
1.2824451178e+00 1.2945604167e+00 7.4003490889e+01
1.3764914681e+00 1.2715112404e+00 8.5272615194e+01
1.3438387078e+00 1.2861348355e+00 7.8751188620e+01
1.2916880546e+00 1.3010390008e+00 7.3817321945e+01
1.3188402289e+00 1.2699534586e+00 7.9386038170e+01
1.3049271604e+00 1.2502958727e+00 8.1767142530e+01
1.2977119915e+00 1.2993878066e+00 7.4297357720e+01
1.3556417894e+00 1.2559054741e+00 8.8596120629e+01
1.3031943608e+00 1.2524637181e+00 8.1149584901e+01
1.2905764816e+00 1.2659517628e+00 7.7901209028e+01
1.3301965011e+00 1.2756561477e+00 7.9354959114e+01
1.3111401604e+00 1.2580165743e+00 8.0820312794e+01
1.2978724658e+00 1.2970406539e+00 7.4553578751e+01
1.3132143626e+00 1.2882606338e+00 7.6430123055e+01
1.2409419873e+00 1.3447937906e+00 6.8042228835e+01
1.3306683331e+00 1.2472097827e+00 8.6374684998e+01
1.2686099329e+00 1.2948831894e+00 7.3270912618e+01
1.3448146946e+00 1.2509730229e+00 8.8378926216e+01
1.2854022540e+00 1.2841903157e+00 7.5280598016e+01
1.3371591363e+00 1.2643158601e+00 8.2093856142e+01
1.3749643833e+00 1.2655578354e+00 8.8014565082e+01
1.3287628627e+00 1.2591570134e+00 8.2347979715e+01
1.3171375596e+00 1.2856504749e+00 7.7004000743e+01
1.3225285806e+00 1.2877041733e+00 7.7080699799e+01
1.3461274273e+00 1.2514097802e+00 8.8596120629e+01
1.3421749209e+00 1.2693723426e+00 8.1530319164e+01
1.3450184743e+00 1.2849550690e+00 7.9018826610e+01
1.2907092287e+00 1.3199616707e+00 7.1984477453e+01
1.3454456197e+00 1.2849671707e+00 7.9048962842e+01
1.3153337843e+00 1.2538229504e+00 8.2093856142e+01
1.3107816118e+00 1.2366148211e+00 8.6966995687e+01
1.2726897908e+00 1.3261597920e+00 7.0677087664e+01
1.3381583146e+00 1.2777722406e+00 7.9637987289e+01
1.3268010207e+00 1.2427915490e+00 8.8014565082e+01
1.2964300968e+00 1.2370721564e+00 8.4041308295e+01
1.3141696702e+00 1.2763719351e+00 7.8066427965e+01
1.2941715301e+00 1.3024908832e+00 7.3796765055e+01
1.3563709242e+00 1.2635066880e+00 8.4745454571e+01
1.3074793621e+00 1.2577559664e+00 8.0537160751e+01
1.3173914667e+00 1.2469727094e+00 8.4096788508e+01
1.2935682005e+00 1.2934779626e+00 7.4704974011e+01
1.2837019584e+00 1.2732614058e+00 7.6479075887e+01
1.3389446330e+00 1.2625303634e+00 8.2700475693e+01
1.3294897132e+00 1.2649861445e+00 8.1186923776e+01
1.3161583260e+00 1.2783175318e+00 7.7928590790e+01
1.3308216689e+00 1.2763447540e+00 7.9293068528e+01
1.3174296566e+00 1.2963089465e+00 7.5715571564e+01
1.2956768435e+00 1.2365241295e+00 8.4096788508e+01
1.3009617950e+00 1.2939513248e+00 7.5056640173e+01
1.3633906911e+00 1.2595582255e+00 8.8596120629e+01
1.3008986475e+00 1.2953264056e+00 7.4901801823e+01
1.3421602470e+00 1.2847392515e+00 7.8839697086e+01
1.3134334416e+00 1.2915434805e+00 7.6044565226e+01
1.3013036621e+00 1.2879269679e+00 7.5762114683e+01
1.2955933245e+00 1.2805397271e+00 7.6308492375e+01
1.2979897617e+00 1.2594087470e+00 7.9448467746e+01
1.3392539885e+00 1.2757997124e+00 8.0060864731e+01
1.3339092636e+00 1.2474601624e+00 8.7077348295e+01
1.2977734828e+00 1.2683330968e+00 7.8066427965e+01
1.2625306903e+00 1.2826931077e+00 7.4191794234e+01
1.2967931611e+00 1.2306383581e+00 8.6560781600e+01
1.2965782202e+00 1.2608202885e+00 7.9109482420e+01
1.3052140076e+00 1.2517493566e+00 8.1491484890e+01
1.3038430622e+00 1.3151572548e+00 7.3033555363e+01
1.3567122189e+00 1.2640427865e+00 8.4621711461e+01
1.2941021542e+00 1.2981877620e+00 7.4233936959e+01
1.3556535699e+00 1.2672953466e+00 8.3512456048e+01
1.3150397700e+00 1.2536811543e+00 8.2093856142e+01
1.3025913871e+00 1.2818342269e+00 7.6577507130e+01
1.3146537605e+00 1.2553746689e+00 8.1687457017e+01
1.3564886730e+00 1.2559350529e+00 8.9189483384e+01
1.3532572717e+00 1.2596047220e+00 8.5634214754e+01
1.2948016008e+00 1.2813314508e+00 7.6163920146e+01
1.2811687769e+00 1.2840665517e+00 7.5056640173e+01
1.3182752826e+00 1.2552409112e+00 8.2093856142e+01
1.2697972164e+00 1.3120087340e+00 7.1745045020e+01
1.3395373118e+00 1.2575624863e+00 8.4096788508e+01
1.3476370529e+00 1.2547132777e+00 8.6657708378e+01
1.2609093516e+00 1.3091190778e+00 7.1599198379e+01
1.3188245808e+00 1.2485890602e+00 8.3824351811e+01
1.2808474745e+00 1.3149402429e+00 7.1984477453e+01
1.3300492428e+00 1.2915832536e+00 7.7055083817e+01
1.3210062358e+00 1.2420513966e+00 8.6657708378e+01
1.3401937161e+00 1.2485999714e+00 8.8596120629e+01
1.3248713353e+00 1.2477727696e+00 8.5002097282e+01
1.3254426586e+00 1.2454575640e+00 8.6028533830e+01
1.3394712228e+00 1.2782133351e+00 7.9669908154e+01
1.3373070833e+00 1.2777466176e+00 7.9574435566e+01
1.3307589046e+00 1.2724668583e+00 7.9928877049e+01
1.3300648901e+00 1.2456319569e+00 8.7077348295e+01
1.3340440503e+00 1.2937336244e+00 7.7029517563e+01
1.3760349622e+00 1.2662467371e+00 8.7855467302e+01
1.3076828937e+00 1.2584236859e+00 8.0433119990e+01
1.3365731889e+00 1.2487258431e+00 8.7077348295e+01
1.3292107021e+00 1.2443054917e+00 8.7707378991e+01
1.2821912829e+00 1.2717267611e+00 7.6577507130e+01
1.3419508188e+00 1.2630261032e+00 8.2929653666e+01
1.3577353965e+00 1.2656523758e+00 8.4266437827e+01
1.2845623511e+00 1.2776243755e+00 7.5997102501e+01
1.3358131356e+00 1.2621615058e+00 8.2434572567e+01
1.2750719125e+00 1.2858086404e+00 7.4532068904e+01
1.2983202643e+00 1.3127888049e+00 7.2994308568e+01
1.3293062992e+00 1.2511901516e+00 8.4560892485e+01
1.3205447615e+00 1.3111859167e+00 7.4255049545e+01
1.3384615217e+00 1.2529541899e+00 8.5486104849e+01
1.3107816118e+00 1.2366148211e+00 8.6966995687e+01
1.3527440629e+00 1.2588032007e+00 8.5866297957e+01
1.2757891205e+00 1.3081998215e+00 7.2358966340e+01
1.3200973747e+00 1.2608355513e+00 8.1112401649e+01
1.3173699338e+00 1.3077735058e+00 7.4446319730e+01
1.3155040163e+00 1.2789718414e+00 7.7792286999e+01
1.2872752971e+00 1.3198911258e+00 7.1836773450e+01
1.3508908198e+00 1.2610946627e+00 8.4683224036e+01
1.3456137155e+00 1.2554236506e+00 8.5866297957e+01
1.3449151891e+00 1.2644413477e+00 8.2929653666e+01
1.3332940139e+00 1.2804445893e+00 7.8839697086e+01
1.3274228241e+00 1.2421697456e+00 8.9189483384e+01
1.3212845408e+00 1.2806281105e+00 7.7956033878e+01
1.3201393897e+00 1.2394352115e+00 8.8187569297e+01
1.2825304922e+00 1.2787854273e+00 7.5738824530e+01
1.2876300757e+00 1.2658530213e+00 7.7711219496e+01
1.3115345707e+00 1.2606735266e+00 8.0364377815e+01
1.3023401627e+00 1.2355013004e+00 8.5559543476e+01
1.3475814529e+00 1.2670338576e+00 8.2610784034e+01
1.3517620392e+00 1.2575944975e+00 8.6197674093e+01
1.3547997877e+00 1.2633233321e+00 8.4560892485e+01
1.3437409748e+00 1.2866718156e+00 7.8663362312e+01
1.3616886584e+00 1.3065907076e+00 7.7106365806e+01
1.3288496717e+00 1.2459748401e+00 8.6560781600e+01
1.2557669117e+00 1.3077262106e+00 7.1490541645e+01
1.3392756656e+00 1.2552001921e+00 8.4808428882e+01
1.3327834472e+00 1.2485859788e+00 8.6197674093e+01
1.2661774396e+00 1.3313597679e+00 6.9995621543e+01
1.3234899311e+00 1.2430523109e+00 8.6757527902e+01
1.3166423153e+00 1.2516428233e+00 8.2745735086e+01
1.2904295612e+00 1.2857034903e+00 7.5393835738e+01
1.3497620845e+00 1.2560905643e+00 8.6466509507e+01
1.3020405702e+00 1.3064398474e+00 7.3796765055e+01
1.3379097731e+00 1.3171398373e+00 7.4532068904e+01
1.2898047026e+00 1.2263654842e+00 8.7077348295e+01
1.3371653778e+00 1.2730673762e+00 8.0364377815e+01
1.3039680352e+00 1.2669321874e+00 7.8721838178e+01
1.3116814477e+00 1.2845436054e+00 7.6801611525e+01
1.2477074353e+00 1.3153501971e+00 7.0504576168e+01
1.3345010748e+00 1.2477414248e+00 8.7077348295e+01
1.2850825990e+00 1.2710105503e+00 7.6851921864e+01
1.2992617146e+00 1.2729463828e+00 7.7524079068e+01
1.3431847532e+00 1.2526029642e+00 8.6657708378e+01
1.3001383936e+00 1.2320625794e+00 8.6657708378e+01
1.2979810936e+00 1.2938717080e+00 7.4901801823e+01
1.2919175235e+00 1.2824708577e+00 7.5855650848e+01
1.3259421181e+00 1.2449581046e+00 8.6374684998e+01
1.2880253376e+00 1.2833108187e+00 7.5530865121e+01
1.3132818543e+00 1.2489048723e+00 8.3023421435e+01
1.3518937365e+00 1.2719329159e+00 8.1969790983e+01
1.3540402407e+00 1.2566306586e+00 8.7311596302e+01
1.2892252749e+00 1.2943270195e+00 7.4382309227e+01
1.3014168051e+00 1.2420693299e+00 8.3312569183e+01
1.2801018307e+00 1.3095657665e+00 7.2434791071e+01
1.3552413144e+00 1.2584972887e+00 8.6560781600e+01
1.3149851221e+00 1.2759935240e+00 7.8177837772e+01
1.3315888908e+00 1.2467255527e+00 8.6860516083e+01
1.3338171495e+00 1.2466793013e+00 8.7568287925e+01
1.3357349722e+00 1.2775653140e+00 7.9479819877e+01
1.3611382938e+00 1.2710317293e+00 8.3214823856e+01
1.2902051787e+00 1.2968409844e+00 7.4170763875e+01
1.3005669129e+00 1.3118568130e+00 7.3191431906e+01
1.3478324880e+00 1.2588959856e+00 8.4936720171e+01
1.2923346533e+00 1.2868525192e+00 7.5371119608e+01
1.3216674389e+00 1.2597019870e+00 8.1491484890e+01
1.3355143608e+00 1.2905070594e+00 7.7550643872e+01
1.3408084215e+00 1.2589162010e+00 8.3877872787e+01
1.3504017396e+00 1.2567646833e+00 8.6285126569e+01
1.3418679705e+00 1.2609200640e+00 8.3461913920e+01
1.3117595550e+00 1.2438985239e+00 8.4209337681e+01
1.3101565257e+00 1.2773264816e+00 7.7657465783e+01
1.3073429600e+00 1.2792663835e+00 7.7209536111e+01
1.3057398920e+00 1.2647244217e+00 7.9200889974e+01
1.3372626296e+00 1.2891978175e+00 7.7846627825e+01
1.3403746563e+00 1.2711726073e+00 8.1001766381e+01
1.3497315365e+00 1.2921102561e+00 7.8290292293e+01
1.3046743198e+00 1.2854302691e+00 7.6260135872e+01
1.3236023171e+00 1.2464261123e+00 8.5272615194e+01
1.3205802124e+00 1.3340287838e+00 7.2077389913e+01
1.3190802468e+00 1.2422356727e+00 8.6112185454e+01
1.2527973586e+00 1.3028607202e+00 7.1781682849e+01
1.3300586910e+00 1.2709786752e+00 8.0127513527e+01
1.3333657471e+00 1.2549910224e+00 8.3986338075e+01
1.3289784902e+00 1.2571940582e+00 8.2837107130e+01
1.2776078051e+00 1.3422698071e+00 6.9613682416e+01
1.3004653420e+00 1.3062631316e+00 7.3735246099e+01
1.2947303781e+00 1.2405072620e+00 8.2883230736e+01
1.2768226791e+00 1.2923340556e+00 7.3941201104e+01
1.3074370421e+00 1.2979777310e+00 7.4967970313e+01
1.3363420758e+00 1.2467735958e+00 8.8596120629e+01
1.3195675798e+00 1.2941710233e+00 7.6092186698e+01
1.2650787600e+00 1.3473449659e+00 6.8758599476e+01
1.3513618248e+00 1.2628151197e+00 8.4209337681e+01
1.3331875081e+00 1.2682874882e+00 8.0892464042e+01
1.3491905007e+00 1.2535975338e+00 8.7855467302e+01
1.2866188172e+00 1.3052339844e+00 7.3151828116e+01
1.3609539562e+00 1.2628726961e+00 8.5787518542e+01
1.3074671655e+00 1.2870086922e+00 7.6236020107e+01
1.3141040113e+00 1.3027034963e+00 7.4814015260e+01
1.3263830661e+00 1.2475692091e+00 8.5342693277e+01
1.3084284965e+00 1.3031187671e+00 7.4467713732e+01
1.3056343702e+00 1.2809749732e+00 7.6877148084e+01
1.3225736338e+00 1.2522508781e+00 8.3312569183e+01
1.3139891039e+00 1.2892366591e+00 7.6357016986e+01
1.3615212338e+00 1.2666955657e+00 8.4500744095e+01
1.3137901857e+00 1.2824348674e+00 7.7209536111e+01
1.3068476557e+00 1.2801985073e+00 7.7055083817e+01
1.3433053168e+00 1.2752563894e+00 8.0502355029e+01
1.3670132475e+00 1.2814297095e+00 8.1491484890e+01
1.2993929062e+00 1.2549601096e+00 8.0330188264e+01
1.3121900090e+00 1.2678699911e+00 7.9200889974e+01
1.2951790197e+00 1.3058583464e+00 7.3511587388e+01
1.3179936536e+00 1.2699262225e+00 7.9323969492e+01
1.3400264150e+00 1.2719590675e+00 8.0820312794e+01
1.3017452484e+00 1.3093638207e+00 7.3491400916e+01
1.3806552744e+00 1.2682279554e+00 8.8014565082e+01
1.2738722918e+00 1.3061877083e+00 7.2453796832e+01
1.3024363660e+00 1.3121789444e+00 7.3251008096e+01
1.2947511971e+00 1.2826906158e+00 7.5997102501e+01
1.3204999097e+00 1.2473494678e+00 8.4441244525e+01
1.2956263642e+00 1.2853065618e+00 7.5738824530e+01
1.3511761073e+00 1.2761624671e+00 8.1038494274e+01
1.3124655386e+00 1.2427574945e+00 8.4683224036e+01
1.3145584195e+00 1.2572136950e+00 8.1299894225e+01
1.2644875933e+00 1.2942164969e+00 7.3132060082e+01
1.3531005589e+00 1.2755553899e+00 8.1337875892e+01
1.3371839398e+00 1.2468050021e+00 8.9189483384e+01
1.3063791373e+00 1.2898459158e+00 7.5832210102e+01
1.3331711296e+00 1.2757473353e+00 7.9574435566e+01
1.3401320188e+00 1.2591550716e+00 8.3718672554e+01
1.3200459026e+00 1.2386581876e+00 8.9189483384e+01
1.2984441221e+00 1.2789976908e+00 7.6676652104e+01
1.2867430636e+00 1.2450241989e+00 8.1038494274e+01
1.3229979824e+00 1.2903023038e+00 7.6776526866e+01
1.2608443860e+00 1.2948136928e+00 7.2896573969e+01
1.3200757230e+00 1.2578023928e+00 8.1727204497e+01
1.3018989910e+00 1.2563698806e+00 8.0296118030e+01
1.2975851059e+00 1.2506805540e+00 8.0965186566e+01
1.3180723740e+00 1.2952279122e+00 7.5879129711e+01
1.2719094375e+00 1.2576896437e+00 7.7765205727e+01
1.2905111667e+00 1.3289277857e+00 7.1203753930e+01
1.2548477130e+00 1.3173603843e+00 7.0642467113e+01
1.3264125112e+00 1.2418726273e+00 8.8853746852e+01
1.3625713381e+00 1.2634500820e+00 8.5866297957e+01
1.3200882216e+00 1.3002280750e+00 7.5416586482e+01
1.3486407948e+00 1.2598396229e+00 8.4745454571e+01
1.3316272035e+00 1.2825497410e+00 7.8403821928e+01
1.3495571899e+00 1.2953644627e+00 7.7819427566e+01
1.2907955859e+00 1.2870825299e+00 7.5258052561e+01
1.3037054711e+00 1.3152948459e+00 7.3013920964e+01
1.3068025526e+00 1.3047447110e+00 7.4212851892e+01
1.3305922414e+00 1.2647581649e+00 8.1337875892e+01
1.3917262463e+00 1.2743466385e+00 8.7311596302e+01
1.3146564268e+00 1.2737003428e+00 7.8489693825e+01
1.2841278500e+00 1.2889522870e+00 7.4683256707e+01
1.2690582225e+00 1.3328544287e+00 6.9995621543e+01
1.3019414785e+00 1.2868522090e+00 7.5926202551e+01
1.3287425444e+00 1.2631102572e+00 8.1491484890e+01
1.3087267663e+00 1.2717696845e+00 7.8346920764e+01
1.3004255779e+00 1.2944875418e+00 7.4967970313e+01
1.3330543908e+00 1.2461327818e+00 8.7707378991e+01
1.3383689265e+00 1.2473668514e+00 8.9189483384e+01
1.3556936163e+00 1.2690108698e+00 8.3070778751e+01
1.2968972953e+00 1.2679024447e+00 7.8066427965e+01
1.3620232249e+00 1.2741020019e+00 8.2566341788e+01
1.3497386950e+00 1.2534870679e+00 8.8187569297e+01
1.2854564755e+00 1.2489134217e+00 8.0194610813e+01
1.3025714536e+00 1.3155516662e+00 7.2935602632e+01
1.3054980264e+00 1.2916017717e+00 7.5576824649e+01
1.3142660295e+00 1.2426973347e+00 8.5002097282e+01
1.3093460616e+00 1.2724598888e+00 7.8290292293e+01
1.3472690801e+00 1.2972125192e+00 7.7418371854e+01
1.3373654218e+00 1.2768115228e+00 7.9734044399e+01
1.3547105964e+00 1.2704328433e+00 8.2610784034e+01
1.3235934137e+00 1.2743812277e+00 7.9048962842e+01
1.2843076530e+00 1.2979348465e+00 7.3755727228e+01
1.2869686377e+00 1.2821880970e+00 7.5599858248e+01
1.3453644880e+00 1.2688124565e+00 8.1969790983e+01
1.3239988146e+00 1.2809781075e+00 7.8094184084e+01
1.3083614180e+00 1.2690803949e+00 7.8721838178e+01
1.3481174358e+00 1.2752703364e+00 8.0928753038e+01
1.3096873988e+00 1.2403170115e+00 8.5068338769e+01
1.3421906704e+00 1.2500992458e+00 8.8014565082e+01
1.3327607063e+00 1.2936997407e+00 7.6953114246e+01
1.3092053923e+00 1.2512398188e+00 8.2010933342e+01
1.3074081431e+00 1.2460749540e+00 8.3023421435e+01
1.3379565368e+00 1.2836759597e+00 7.8692562936e+01
1.3270137137e+00 1.2670249066e+00 8.0572093792e+01
1.2809042042e+00 1.2978465915e+00 7.3592574728e+01
1.3145189751e+00 1.2568171812e+00 8.1376023555e+01
1.3394601903e+00 1.2690202274e+00 8.1337875892e+01
1.2853843481e+00 1.3621781364e+00 6.8459957167e+01
1.3158654904e+00 1.2681234515e+00 7.9448467746e+01
1.3270903888e+00 1.2708842525e+00 7.9896146783e+01
1.3229174324e+00 1.2405756899e+00 8.8378926216e+01
1.3879836491e+00 1.2714734441e+00 8.8187569297e+01
1.3083293829e+00 1.2455886612e+00 8.3263520051e+01
1.2826176056e+00 1.2643442508e+00 7.7577264583e+01
1.3228597612e+00 1.2576366895e+00 8.2052287288e+01
1.3139909973e+00 1.2464542137e+00 8.3771288937e+01
1.3034683738e+00 1.2822674040e+00 7.6577507130e+01
1.3473057279e+00 1.3059815719e+00 7.6308492375e+01
1.3367870916e+00 1.2962616945e+00 7.6877148084e+01
1.2899877057e+00 1.2748120343e+00 7.6676652104e+01
1.3381846609e+00 1.2830090778e+00 7.8810117472e+01
1.2932944993e+00 1.2911311147e+00 7.4945882582e+01
1.3187311686e+00 1.2569656784e+00 8.1767142530e+01
1.3319489501e+00 1.2795983135e+00 7.8869354308e+01
1.2873465090e+00 1.2935864171e+00 7.4361029171e+01
1.3048104132e+00 1.2464983194e+00 8.2610784034e+01
1.3239267425e+00 1.2408729975e+00 8.8596120629e+01
1.3234982007e+00 1.2556889719e+00 8.2566341788e+01
1.3081793565e+00 1.2592342845e+00 8.0330188264e+01
1.3015401646e+00 1.2697959917e+00 7.8122004123e+01
1.2545289195e+00 1.2772383429e+00 7.4339777311e+01
1.3330862425e+00 1.2452282010e+00 8.8596120629e+01
1.3183307916e+00 1.2674049863e+00 7.9766261626e+01
1.3323038454e+00 1.2932785723e+00 7.6978533067e+01
1.3141215586e+00 1.2489360738e+00 8.3118460360e+01
1.3636427680e+00 1.2593061486e+00 8.9189483384e+01
1.2991006569e+00 1.2936263985e+00 7.4990089796e+01
1.3052797908e+00 1.2839508393e+00 7.6479075887e+01
1.3018278529e+00 1.2830344578e+00 7.6381342894e+01
1.3134853048e+00 1.2901782111e+00 7.6211945708e+01
1.2665886082e+00 1.2938566028e+00 7.3270912618e+01
1.3271880509e+00 1.2616056366e+00 8.1647897369e+01
1.3038892259e+00 1.2456804597e+00 8.2700475693e+01
1.2660257475e+00 1.3048744752e+00 7.2208255597e+01
1.3639509619e+00 1.2695372425e+00 8.3986338075e+01
1.3403905964e+00 1.2514622052e+00 8.6560781600e+01
1.2946521381e+00 1.2288793308e+00 8.6966995687e+01
1.2890495109e+00 1.2862111562e+00 7.5258052561e+01
1.3390220053e+00 1.2493347642e+00 8.7436729029e+01
1.3105241122e+00 1.2403498216e+00 8.5203558584e+01
1.3246548267e+00 1.2720075867e+00 7.9511264665e+01
1.2761248206e+00 1.3262255100e+00 7.0816170739e+01
1.3309836216e+00 1.2499493044e+00 8.5272615194e+01
1.3425334925e+00 1.2506307266e+00 8.7707378991e+01
1.2723096764e+00 1.3212917310e+00 7.1061930643e+01
1.3272458812e+00 1.2650440350e+00 8.0965186566e+01
1.3410632636e+00 1.2512266526e+00 8.6860516083e+01
1.3506705138e+00 1.2591241193e+00 8.5342693277e+01
1.2870050967e+00 1.3333111999e+00 7.0694420330e+01
1.3054168810e+00 1.2611253611e+00 7.9766261626e+01
1.3258687550e+00 1.2729808279e+00 7.9448467746e+01
1.3601545843e+00 1.2645499017e+00 8.5002097282e+01
1.3384756916e+00 1.2901802572e+00 7.7792286999e+01
1.3331327674e+00 1.2456180283e+00 8.8187569297e+01
1.2821430547e+00 1.2552643760e+00 7.8869354308e+01
1.3198809795e+00 1.2789686034e+00 7.8094184084e+01
1.2744242194e+00 1.3393143838e+00 6.9712654423e+01
1.3245227185e+00 1.2459415952e+00 8.5634214754e+01
1.3612630120e+00 1.2722251924e+00 8.2929653666e+01
1.3188593906e+00 1.3344279091e+00 7.1965950507e+01
1.2784398292e+00 1.2763481829e+00 7.5785442206e+01
1.3178824074e+00 1.2735333042e+00 7.8751188620e+01
1.3436457148e+00 1.2604555786e+00 8.3824351811e+01
1.3099942520e+00 1.2770519111e+00 7.7684313766e+01
1.2879030379e+00 1.3218915952e+00 7.1690221063e+01
1.2824850344e+00 1.3172395881e+00 7.1855172896e+01
1.3477540694e+00 1.2607263482e+00 8.4324110442e+01
1.3270351696e+00 1.2687525478e+00 8.0262165861e+01
1.2828664922e+00 1.2675726675e+00 7.7157849094e+01
1.3580191785e+00 1.2618584337e+00 8.5634214754e+01
1.2434299360e+00 1.3279062203e+00 6.9351977965e+01
1.3285947946e+00 1.2588882127e+00 8.2391153680e+01
1.2753615526e+00 1.2859543669e+00 7.4532068904e+01
1.3104722964e+00 1.2875023450e+00 7.6357016986e+01
1.2811031571e+00 1.2762953516e+00 7.5949796914e+01
1.3328074151e+00 1.2717316804e+00 8.0228330525e+01
1.2791413730e+00 1.3065944049e+00 7.2664192064e+01
1.2987557052e+00 1.2555973105e+00 8.0161005537e+01
1.3250760002e+00 1.2423376408e+00 8.7707378991e+01
1.2725725430e+00 1.3437964762e+00 6.9303260894e+01
1.2991231429e+00 1.2595809473e+00 7.9511264665e+01
1.2964948401e+00 1.2630797612e+00 7.8751188620e+01
1.3375395423e+00 1.2968275718e+00 7.6851921864e+01
1.3184865436e+00 1.2847392193e+00 7.7209536111e+01
1.3328601078e+00 1.2594298084e+00 8.2745735086e+01
1.3189913548e+00 1.2820460113e+00 7.7603941562e+01
1.3531753588e+00 1.2601249274e+00 8.5413839657e+01
1.3704317946e+00 1.2630564097e+00 8.8378926216e+01
1.2798914513e+00 1.2670704052e+00 7.7029517563e+01
1.2917210951e+00 1.2435165451e+00 8.1847601472e+01
1.3197931090e+00 1.2711855371e+00 7.9262255454e+01
1.3002182097e+00 1.2563100347e+00 8.0161005537e+01
1.3079793771e+00 1.3184810700e+00 7.2916077488e+01
1.3255933761e+00 1.2597056559e+00 8.1888128163e+01
1.3461274273e+00 1.2514097802e+00 8.8596120629e+01
1.3582472611e+00 1.2677741590e+00 8.3718672554e+01
1.3238257850e+00 1.3109808206e+00 7.4446319730e+01
1.3278082757e+00 1.2636074359e+00 8.1299894225e+01
1.3610958821e+00 1.2666817926e+00 8.4441244525e+01
1.3408579643e+00 1.2518690911e+00 8.6466509507e+01
1.3097685105e+00 1.2759672674e+00 7.7819427566e+01
1.2994614572e+00 1.3002631653e+00 7.4297357720e+01
1.3771740504e+00 1.2791975490e+00 8.3070778751e+01
1.2929734296e+00 1.2679071234e+00 7.7792286999e+01
1.2765619332e+00 1.2799663112e+00 7.5258052561e+01
1.3535265160e+00 1.2632809916e+00 8.4382373156e+01
1.2930510720e+00 1.2970535170e+00 7.4297357720e+01
1.3647184085e+00 1.2797631908e+00 8.1608522897e+01
1.3039778974e+00 1.2721551541e+00 7.7956033878e+01
1.3359810333e+00 1.2484445807e+00 8.7077348295e+01
1.2249661855e+00 1.3546573885e+00 6.6817430525e+01
1.2909627094e+00 1.2638253027e+00 7.8233932577e+01
1.3317810142e+00 1.2495884118e+00 8.5559543476e+01
1.3342231951e+00 1.2454003789e+00 8.9189483384e+01
1.3139703219e+00 1.2377732342e+00 8.7192030493e+01
1.3591368037e+00 1.2708367395e+00 8.3023421435e+01
1.3028543267e+00 1.2973078524e+00 7.4792145946e+01
1.2931565401e+00 1.2720787884e+00 7.7235456792e+01
1.3241955208e+00 1.2799057726e+00 7.8262079083e+01
1.3792377401e+00 1.2670042186e+00 8.8596120629e+01
1.3503657109e+00 1.2576766840e+00 8.5866297957e+01
1.3193482000e+00 1.2397911334e+00 8.7568287925e+01
1.2863610503e+00 1.2814883271e+00 7.5646033984e+01
1.3332330926e+00 1.2848900272e+00 7.8177837772e+01
1.3000084499e+00 1.3198691623e+00 7.2415805206e+01
1.2982863895e+00 1.2521527702e+00 8.0748719456e+01
1.2968307173e+00 1.3357786751e+00 7.0903592550e+01
1.3381192395e+00 1.2476165384e+00 8.8596120629e+01
1.3515723901e+00 1.2621662131e+00 8.4441244525e+01
1.3725584045e+00 1.2692833880e+00 8.5413839657e+01
1.2866615854e+00 1.3139381750e+00 7.2340059416e+01
1.3376066089e+00 1.2717499278e+00 8.0642347542e+01
1.3133505035e+00 1.2785022982e+00 7.7711219496e+01
1.3318398159e+00 1.2525857981e+00 8.4500744095e+01
1.3209265733e+00 1.2871158215e+00 7.7055083817e+01
1.2957262975e+00 1.2708159446e+00 7.7577264583e+01
1.3318430488e+00 1.2604468674e+00 8.2391153680e+01
1.3418012472e+00 1.2491773989e+00 8.8853746852e+01
1.3441421664e+00 1.2512082398e+00 8.7855467302e+01
1.3069212418e+00 1.2831833472e+00 7.6676652104e+01
1.2933177967e+00 1.2619052365e+00 7.8692562936e+01
1.3120975932e+00 1.2885021671e+00 7.6332733555e+01
1.3504369524e+00 1.2558535966e+00 8.6757527902e+01
1.3053757246e+00 1.2576819078e+00 8.0364377815e+01
1.3358226019e+00 1.2871263146e+00 7.8038735323e+01
1.3206383267e+00 1.3023105898e+00 7.5213062491e+01
1.3253213047e+00 1.2625985714e+00 8.1262076387e+01
1.3212598108e+00 1.2570546327e+00 8.2010933342e+01
1.2974396366e+00 1.2643116742e+00 7.8634235730e+01
1.3227039636e+00 1.2901580302e+00 7.6776526866e+01
1.3292821236e+00 1.2927891550e+00 7.6851921864e+01
1.2957149514e+00 1.2782373237e+00 7.6602225844e+01
1.3242146594e+00 1.2519183921e+00 8.3614735208e+01
1.3443468755e+00 1.2685151182e+00 8.1928856974e+01
1.3212347014e+00 1.2653746420e+00 8.0364377815e+01
1.2724687634e+00 1.2649386673e+00 7.6826743101e+01
1.3079467344e+00 1.2725497163e+00 7.8177837772e+01
1.3296771279e+00 1.2447112533e+00 8.7568287925e+01
1.3445353903e+00 1.2608793829e+00 8.3824351811e+01
1.3421567004e+00 1.2571303900e+00 8.4621711461e+01
1.3527802641e+00 1.2578906352e+00 8.6285126569e+01
1.3251104446e+00 1.2789908488e+00 7.8460999819e+01
1.3581734512e+00 1.2595111067e+00 8.6757527902e+01
1.2730781791e+00 1.3078547470e+00 7.2264626857e+01
1.3137295679e+00 1.2816208384e+00 7.7313531307e+01
1.2997819438e+00 1.3174640767e+00 7.2625754767e+01
1.3686816751e+00 1.2854867312e+00 8.0856317856e+01
1.2834253508e+00 1.2331776541e+00 8.3361979075e+01
1.3196120401e+00 1.2739893673e+00 7.8810117472e+01
1.2729563226e+00 1.2164276616e+00 8.8596120629e+01
1.3319030415e+00 1.2446662392e+00 8.8596120629e+01
1.2983690845e+00 1.2760192967e+00 7.7055083817e+01
1.2856643556e+00 1.2712990086e+00 7.6851921864e+01
1.3767705459e+00 1.2677110534e+00 8.7077348295e+01
1.3441546370e+00 1.2625738366e+00 8.3312569183e+01
1.2775657968e+00 1.2737429358e+00 7.6044565226e+01
1.3106374626e+00 1.2476314091e+00 8.3023421435e+01
1.3055337478e+00 1.2688546334e+00 7.8547294593e+01
1.3208063176e+00 1.2392035762e+00 8.8853746852e+01
1.2799412521e+00 1.2800686417e+00 7.5439372000e+01
1.3116847883e+00 1.2788568170e+00 7.7550643872e+01
1.3218524241e+00 1.2721861962e+00 7.9262255454e+01
1.2768303749e+00 1.3019204208e+00 7.2994308568e+01
1.3440576719e+00 1.2670513973e+00 8.2219886681e+01
1.3342256344e+00 1.2659365447e+00 8.1452825766e+01
1.3170391666e+00 1.2752507496e+00 7.8432376026e+01
1.3019542125e+00 1.2750513219e+00 7.7418371854e+01
1.3139080877e+00 1.2360963226e+00 8.8596120629e+01
1.3021763045e+00 1.2578335893e+00 8.0060864731e+01
1.2785916874e+00 1.2809829138e+00 7.5258052561e+01
1.2818231879e+00 1.2934374792e+00 7.4086913271e+01
1.3248060525e+00 1.2674838637e+00 8.0296118030e+01
1.3412328748e+00 1.2602421216e+00 8.3563393325e+01
1.3742197351e+00 1.2689418509e+00 8.5866297957e+01
1.2505802072e+00 1.3417097090e+00 6.8616641792e+01
1.3005352892e+00 1.3018150414e+00 7.4191794234e+01
1.3287579179e+00 1.3122041344e+00 7.4575117862e+01
1.2810725704e+00 1.3050999779e+00 7.2896573969e+01
1.3281345284e+00 1.2571645037e+00 8.2745735086e+01
1.2872939077e+00 1.2492455326e+00 8.0296118030e+01
1.3267029335e+00 1.2455051639e+00 8.6285126569e+01
1.3585404786e+00 1.2578285406e+00 8.8014565082e+01
1.2998084828e+00 1.2745798984e+00 7.7339661375e+01
1.2721494921e+00 1.2891664274e+00 7.4024306706e+01
1.2977078317e+00 1.2675274968e+00 7.8177837772e+01
1.2832019112e+00 1.2485653512e+00 8.0060864731e+01
1.3332689018e+00 1.2721458713e+00 8.0194610813e+01
1.3049755588e+00 1.2672325385e+00 7.8751188620e+01
1.3098115169e+00 1.2903506622e+00 7.5973430165e+01
1.3589946984e+00 1.2617603070e+00 8.5866297957e+01
1.3249046257e+00 1.2932184941e+00 7.6528203273e+01
1.3632304406e+00 1.2605962117e+00 8.7568287925e+01
1.3232781490e+00 1.2484939655e+00 8.4500744095e+01
1.3034968661e+00 1.2826756822e+00 7.6528203273e+01
1.3426823779e+00 1.2531053395e+00 8.6285126569e+01
1.2736236760e+00 1.2876922435e+00 7.4255049545e+01
1.3285268391e+00 1.2432452754e+00 8.8378926216e+01
1.3286733156e+00 1.2728016808e+00 7.9701926885e+01
1.3136331888e+00 1.2420248901e+00 8.5135479942e+01
1.3439358453e+00 1.2579768059e+00 8.4621711461e+01
1.3122274681e+00 1.2521367080e+00 8.2135643310e+01
1.2729654930e+00 1.2913986831e+00 7.3837904283e+01
1.2809410866e+00 1.3091635024e+00 7.2510934134e+01
1.3333217398e+00 1.2791019861e+00 7.9048962842e+01
1.3414847045e+00 1.2586774746e+00 8.4041308295e+01
1.2993640332e+00 1.2780777796e+00 7.6851921864e+01
1.3276342080e+00 1.2463180672e+00 8.6112185454e+01
1.3266456515e+00 1.2604005115e+00 8.1847601472e+01
1.2553747317e+00 1.2920217011e+00 7.2896573969e+01
1.3134764948e+00 1.3099112775e+00 7.4024306706e+01
1.3120089519e+00 1.3034831640e+00 7.4618284369e+01
1.3185746028e+00 1.2785251953e+00 7.8066427965e+01
1.3395543066e+00 1.2479287007e+00 8.9189483384e+01
1.3090150398e+00 1.3007795933e+00 7.4748499176e+01
1.3078850419e+00 1.2848420134e+00 7.6528203273e+01
1.2265877730e+00 1.2740174993e+00 7.3211267821e+01
1.3431795310e+00 1.2600462319e+00 8.3877872787e+01
1.2698722179e+00 1.3097513562e+00 7.1947441945e+01
1.3448278330e+00 1.2522719652e+00 8.7311596302e+01
1.2930968870e+00 1.2926388909e+00 7.4770307295e+01
1.3065172603e+00 1.3019631573e+00 7.4489136515e+01
1.3261540454e+00 1.2556519050e+00 8.2883230736e+01
1.3320095146e+00 1.2467412812e+00 8.6966995687e+01
1.2808240231e+00 1.2878969012e+00 7.4618284369e+01
1.2976414849e+00 1.2776191822e+00 7.6801611525e+01
1.2645109859e+00 1.3020312561e+00 7.2396839172e+01
1.2664484623e+00 1.2627170570e+00 7.6726497234e+01
1.3101209091e+00 1.2952938640e+00 7.5416586482e+01
1.2673378164e+00 1.2579267604e+00 7.7418371854e+01
1.3374370619e+00 1.2776166390e+00 7.9606163389e+01
1.2987282815e+00 1.2874442669e+00 7.5669176471e+01
1.3423747544e+00 1.2516638659e+00 8.6966995687e+01
1.3330543908e+00 1.2461327818e+00 8.7707378991e+01
1.2901432051e+00 1.2833729887e+00 7.5646033984e+01
1.3121159270e+00 1.2753670803e+00 7.8066427965e+01
1.3189772954e+00 1.2916936039e+00 7.6357016986e+01
1.2647760740e+00 1.2943632594e+00 7.3132060082e+01
1.3284051894e+00 1.2481640913e+00 8.5486104849e+01
1.3508924976e+00 1.2746899200e+00 8.1299894225e+01
1.3140682107e+00 1.2786588446e+00 7.7738183355e+01
1.3216366679e+00 1.2745883852e+00 7.8869354308e+01
1.3448239822e+00 1.2763697564e+00 8.0433119990e+01
1.2854283076e+00 1.2758876119e+00 7.6260135872e+01
1.3226460768e+00 1.2893394056e+00 7.6877148084e+01
1.3585404786e+00 1.2578285406e+00 8.8014565082e+01
1.3307838431e+00 1.2610689586e+00 8.2135643310e+01
1.3063527810e+00 1.2894349365e+00 7.5879129711e+01
1.3215616300e+00 1.2506464674e+00 8.3614735208e+01
1.3089195980e+00 1.2707039760e+00 7.8518458573e+01
1.3214376789e+00 1.2691039263e+00 7.9734044399e+01
1.3713286824e+00 1.2634779232e+00 8.8378926216e+01
1.2958877521e+00 1.2593352810e+00 7.9293068528e+01
1.3042481780e+00 1.2994153379e+00 7.4639912012e+01
1.2729087420e+00 1.2962479927e+00 7.3350761860e+01
1.3456661343e+00 1.2571219002e+00 8.5203558584e+01
1.3157976858e+00 1.2887414096e+00 7.6528203273e+01
1.3188027009e+00 1.2590754149e+00 8.1337875892e+01
1.3431171404e+00 1.2877349214e+00 7.8460999819e+01
1.3021971316e+00 1.2782993191e+00 7.7004000743e+01
1.3620373663e+00 1.2600339123e+00 8.7568287925e+01
1.3874423365e+00 1.2905527717e+00 8.1608522897e+01
1.3094985244e+00 1.3103790878e+00 7.3776233514e+01
1.3122718794e+00 1.2512212429e+00 8.2347979715e+01
1.3231107847e+00 1.2704906227e+00 7.9637987289e+01
1.3458768809e+00 1.2516603266e+00 8.8187569297e+01
1.2703505937e+00 1.2870479150e+00 7.4149760707e+01
1.3510069289e+00 1.2535321666e+00 8.8853746852e+01
1.3269679929e+00 1.3056413995e+00 7.5190617570e+01
1.2893897443e+00 1.2871795364e+00 7.5168205857e+01
1.3046199438e+00 1.2527785649e+00 8.1224420262e+01
1.2703060812e+00 1.3149929508e+00 7.1508608306e+01
1.3118014684e+00 1.3296004418e+00 7.2077389913e+01
1.3445676487e+00 1.2573450025e+00 8.4936720171e+01
1.3071385074e+00 1.2615824169e+00 7.9830999012e+01
1.2778188405e+00 1.3337284231e+00 7.0282480527e+01
1.2786372692e+00 1.2865980593e+00 7.4639912012e+01
1.3280136435e+00 1.2424506702e+00 8.9189483384e+01
1.3257206777e+00 1.2595783544e+00 8.1928856974e+01
1.2979393613e+00 1.2956620461e+00 7.4704974011e+01
1.3503864747e+00 1.2629138116e+00 8.4041308295e+01
1.2933583738e+00 1.2640401349e+00 7.8375337009e+01
1.2988585147e+00 1.2829474357e+00 7.6211945708e+01
1.3242684703e+00 1.2414024714e+00 8.8187569297e+01
1.2828462778e+00 1.3033262705e+00 7.3151828116e+01
1.2936656407e+00 1.2833398937e+00 7.5855650848e+01
1.3624378391e+00 1.2811637270e+00 8.1112401649e+01
1.3497713681e+00 1.2573950548e+00 8.5866297957e+01
1.3273284490e+00 1.2855335448e+00 7.7684313766e+01
1.3200819469e+00 1.2564873338e+00 8.2010933342e+01
1.3096340742e+00 1.2569081679e+00 8.0892464042e+01
1.2811578521e+00 1.2914862528e+00 7.4255049545e+01
1.3556535699e+00 1.2672953466e+00 8.3512456048e+01
1.3632304406e+00 1.2605962117e+00 8.7568287925e+01
1.3038766260e+00 1.2744378174e+00 7.7630675173e+01
1.3552645819e+00 1.2562826817e+00 8.8014565082e+01
1.3410365849e+00 1.2486310123e+00 8.9189483384e+01
1.3229915148e+00 1.2631810335e+00 8.0928753038e+01
1.3293937725e+00 1.2519756535e+00 8.4324110442e+01
1.3591123593e+00 1.2836092712e+00 8.0364377815e+01
1.3191054417e+00 1.2579000927e+00 8.1608522897e+01
1.3019951903e+00 1.2702129071e+00 7.8094184084e+01
1.2876725727e+00 1.3103020687e+00 7.2722003404e+01
1.3612630120e+00 1.2722251924e+00 8.2929653666e+01
1.2653044614e+00 1.3300459449e+00 7.0062761447e+01
1.2760957602e+00 1.2891395683e+00 7.4233936959e+01
1.2217905619e+00 1.3199583057e+00 6.9093407911e+01
1.3205373376e+00 1.2582134581e+00 8.1687457017e+01
1.2714347255e+00 1.3016454115e+00 7.2760648706e+01
1.2878839110e+00 1.2930490150e+00 7.4446319730e+01
1.3138756099e+00 1.2744811597e+00 7.8318572690e+01
1.2906236232e+00 1.2598155365e+00 7.8810117472e+01
1.3234761054e+00 1.2797496575e+00 7.8233932577e+01
1.3041441186e+00 1.2903317391e+00 7.5646033984e+01
1.2783577178e+00 1.2690387151e+00 7.6676652104e+01
1.3428984552e+00 1.2537639581e+00 8.6028533830e+01
1.3225829986e+00 1.3038774485e+00 7.5145827200e+01
1.2602389862e+00 1.2524695490e+00 7.7684313766e+01
1.2859245768e+00 1.2858475377e+00 7.5123481451e+01
1.3383689265e+00 1.2473668514e+00 8.9189483384e+01
1.3193293554e+00 1.2419865641e+00 8.6285126569e+01
1.3302219670e+00 1.2446025448e+00 8.7855467302e+01
1.2905396307e+00 1.2690349705e+00 7.7471115761e+01
1.3766794860e+00 1.2669220801e+00 8.7568287925e+01
1.3446560472e+00 1.3196520908e+00 7.4618284369e+01
1.2659479757e+00 1.2953679438e+00 7.3092591339e+01
1.3016417831e+00 1.2910852723e+00 7.5416586482e+01
1.3450325334e+00 1.2516298800e+00 8.7855467302e+01
1.3406790507e+00 1.2577330492e+00 8.4209337681e+01
1.3169824759e+00 1.3007020820e+00 7.5190617570e+01
1.2897115518e+00 1.2255930732e+00 8.7568287925e+01
1.2788522697e+00 1.2994621738e+00 7.3330764710e+01
1.3141027275e+00 1.2738171486e+00 7.8432376026e+01
1.2677399179e+00 1.3097018949e+00 7.1855172896e+01
1.3326097075e+00 1.3118718919e+00 7.4814015260e+01
1.3052712779e+00 1.2456026560e+00 8.2883230736e+01
1.3178783208e+00 1.2822838584e+00 7.7497569815e+01
1.3086927491e+00 1.2648234447e+00 7.9417207447e+01
1.3549975791e+00 1.2600561218e+00 8.5787518542e+01
1.3573396464e+00 1.2783460156e+00 8.1186923776e+01
1.2977387226e+00 1.2440101450e+00 8.2391153680e+01
1.3188285937e+00 1.2525075625e+00 8.2791277101e+01
1.3362397667e+00 1.2608600314e+00 8.2791277101e+01
1.3196468570e+00 1.2932151367e+00 7.6211945708e+01
1.3308913557e+00 1.2443693114e+00 8.8378926216e+01
1.3648944457e+00 1.2615660014e+00 8.7436729029e+01
1.2825866711e+00 1.2622026740e+00 7.7873888177e+01
1.3817626153e+00 1.2680012334e+00 8.8853746852e+01
1.3014532410e+00 1.3162313169e+00 7.2818774681e+01
1.3284123854e+00 1.2669380209e+00 8.0713127966e+01
1.2700933198e+00 1.2999351096e+00 7.2857631514e+01
1.3343529178e+00 1.2500726963e+00 8.5866297957e+01
1.3394705264e+00 1.2676958964e+00 8.1608522897e+01
1.3258097932e+00 1.2739148293e+00 7.9293068528e+01
1.3118876986e+00 1.2742848497e+00 7.8205852297e+01
1.3115029572e+00 1.2428500585e+00 8.4500744095e+01
1.2689294285e+00 1.2841187463e+00 7.4382309227e+01
1.3525360927e+00 1.2594493897e+00 8.5559543476e+01
1.3094047760e+00 1.2588803625e+00 8.0502355029e+01
1.3577421389e+00 1.2907008181e+00 7.9079181218e+01
1.3393584660e+00 1.2651806295e+00 8.2135643310e+01
1.3357820825e+00 1.2674436804e+00 8.1299894225e+01
1.3868637154e+00 1.2703893318e+00 8.8853746852e+01
1.3500126778e+00 1.2804001126e+00 8.0161005537e+01
1.3404901682e+00 1.2487404619e+00 8.8596120629e+01
1.3305298928e+00 1.2670073147e+00 8.0892464042e+01
1.2614582491e+00 1.3207842504e+00 7.0642467113e+01
1.2932793828e+00 1.3388906403e+00 7.0504576168e+01
1.3296059810e+00 1.2661817365e+00 8.0965186566e+01
1.2935857564e+00 1.2912765543e+00 7.4945882582e+01
1.3364323273e+00 1.2654803239e+00 8.1767142530e+01
1.3040881467e+00 1.2315834020e+00 8.8378926216e+01
1.2657030397e+00 1.3191592710e+00 7.0956231049e+01
1.3267691325e+00 1.2436951812e+00 8.7311596302e+01
1.2617349305e+00 1.2995809890e+00 7.2491868298e+01
1.2691906231e+00 1.2764676524e+00 7.5235540770e+01
1.2758691105e+00 1.2567655978e+00 7.8177837772e+01
1.3481839683e+00 1.2888204614e+00 7.8663362312e+01
1.3365133976e+00 1.2470388969e+00 8.8378926216e+01
1.2887398057e+00 1.2834682917e+00 7.5553826997e+01
1.3629713889e+00 1.2696380036e+00 8.3824351811e+01
1.3187431226e+00 1.2382202416e+00 8.8853746852e+01
1.2776119099e+00 1.3002662059e+00 7.3191431906e+01
1.2420115003e+00 1.3066888101e+00 7.0973808374e+01
1.2224342116e+00 1.3362698786e+00 6.7950422863e+01
1.3526658531e+00 1.2545005698e+00 8.8596120629e+01
1.2598436930e+00 1.3276393143e+00 7.0029164432e+01
1.3143326032e+00 1.2766460429e+00 7.8038735323e+01
1.2643033508e+00 1.2791827842e+00 7.4661569416e+01
1.3341724655e+00 1.2712423077e+00 8.0433119990e+01
1.3599890412e+00 1.2919767815e+00 7.9048962842e+01
1.2893783330e+00 1.2649746827e+00 7.7956033878e+01
1.3440671568e+00 1.2644132608e+00 8.2837107130e+01
1.3180889014e+00 1.2632805245e+00 8.0467675232e+01
1.2834985009e+00 1.2430661670e+00 8.1112401649e+01
1.3344410854e+00 1.2460553654e+00 8.8378926216e+01
1.3213833847e+00 1.2800916117e+00 7.8038735323e+01
1.2813775200e+00 1.2930108612e+00 7.4107835512e+01
1.3202028837e+00 1.2576752322e+00 8.1767142530e+01
1.3340985609e+00 1.2455250131e+00 8.8853746852e+01
1.3502469327e+00 1.2591096040e+00 8.5272615194e+01
1.3526564263e+00 1.2724870133e+00 8.1928856974e+01
1.2923872839e+00 1.2693640269e+00 7.7550643872e+01
1.3169915854e+00 1.3116643634e+00 7.4024306706e+01
1.3242684703e+00 1.2414024714e+00 8.8187569297e+01
1.3056475282e+00 1.2831461593e+00 7.6602225844e+01
1.3088218950e+00 1.2424868376e+00 8.4209337681e+01
1.3114968315e+00 1.2746757169e+00 7.8122004123e+01
1.3089779923e+00 1.2785050150e+00 7.7418371854e+01
1.3606721861e+00 1.2679837627e+00 8.3986338075e+01
1.3477568530e+00 1.2729981524e+00 8.1337875892e+01
1.3351111602e+00 1.2458217659e+00 8.9189483384e+01
1.3387209062e+00 1.2540061492e+00 8.5135479942e+01
1.3319216302e+00 1.2713041327e+00 8.0228330525e+01
1.3212327598e+00 1.2854957139e+00 7.7287454070e+01
1.2898047026e+00 1.2263654842e+00 8.7077348295e+01
1.3370427525e+00 1.2688098963e+00 8.1149584901e+01
1.3415065254e+00 1.2726704191e+00 8.0820312794e+01
1.3517168606e+00 1.2572016043e+00 8.6374684998e+01
1.3326398344e+00 1.2863604827e+00 7.7928590790e+01
1.3404541294e+00 1.2544589904e+00 8.5272615194e+01
1.3517168606e+00 1.2572016043e+00 8.6374684998e+01
1.2803209254e+00 1.2945035864e+00 7.3899804954e+01
1.3523824060e+00 1.2644251016e+00 8.3877872787e+01
1.2993475222e+00 1.3008146569e+00 7.4233936959e+01
1.3164858279e+00 1.2771155795e+00 7.8122004123e+01
1.3203333809e+00 1.3127154053e+00 7.4086913271e+01
1.3174348912e+00 1.2473648488e+00 8.3986338075e+01
1.3151991090e+00 1.2994162014e+00 7.5235540770e+01
1.2747098957e+00 1.3390287074e+00 6.9745748012e+01
1.3070736575e+00 1.3211431420e+00 7.2625754767e+01
1.3389574681e+00 1.2682089548e+00 8.1452825766e+01
1.3198539294e+00 1.2641350126e+00 8.0467675232e+01
1.2826260702e+00 1.2699872070e+00 7.6826743101e+01
1.3351749473e+00 1.2536187402e+00 8.4683224036e+01
1.2897118895e+00 1.3078253180e+00 7.3053211840e+01
1.3106030596e+00 1.2568105814e+00 8.1001766381e+01
1.2968624229e+00 1.2709869546e+00 7.7630675173e+01
1.3075598724e+00 1.2615968623e+00 7.9863521106e+01
1.3102600575e+00 1.2480088142e+00 8.2883230736e+01
1.3017731176e+00 1.3312756686e+00 7.1490541645e+01
1.3599156749e+00 1.2599619373e+00 8.6966995687e+01
1.3502469327e+00 1.2591096040e+00 8.5272615194e+01
1.3623234697e+00 1.2588702689e+00 8.8853746852e+01
1.3140442814e+00 1.2900570121e+00 7.6260135872e+01
1.2715141510e+00 1.3037465161e+00 7.2568252847e+01
1.3123069399e+00 1.2874176826e+00 7.6479075887e+01
1.3431110218e+00 1.2842275525e+00 7.8988771847e+01
1.3138202808e+00 1.2828421325e+00 7.7157849094e+01
1.3240322224e+00 1.2595200721e+00 8.1767142530e+01
1.2982725081e+00 1.2892104992e+00 7.5439372000e+01
1.3337053131e+00 1.2594589061e+00 8.2837107130e+01
1.2858006813e+00 1.2837918884e+00 7.5348437930e+01
1.2692558719e+00 1.3129866276e+00 7.1635555180e+01
1.3660691062e+00 1.2656615721e+00 8.5634214754e+01
1.3356715453e+00 1.2470075279e+00 8.8014565082e+01
1.2918433994e+00 1.3013208198e+00 7.3796765055e+01
1.2782610567e+00 1.3022353940e+00 7.3033555363e+01
1.3365713472e+00 1.2894500729e+00 7.7765205727e+01
1.3004638103e+00 1.2669498307e+00 7.8460999819e+01
1.3094669974e+00 1.2348879196e+00 8.7707378991e+01
1.3179563403e+00 1.3080650799e+00 7.4446319730e+01
1.3015868538e+00 1.2449404510e+00 8.2610784034e+01
1.3685964647e+00 1.2732453278e+00 8.3563393325e+01
1.3345800202e+00 1.2472259302e+00 8.7436729029e+01
1.3087599039e+00 1.2721730222e+00 7.8290292293e+01
1.3481506702e+00 1.2555128458e+00 8.6374684998e+01
1.3325495645e+00 1.2632381529e+00 8.1847601472e+01
1.2826808683e+00 1.2747176404e+00 7.6236020107e+01
1.3209303193e+00 1.2390795745e+00 8.9189483384e+01
1.3139955866e+00 1.2708667241e+00 7.8869354308e+01
1.3256675364e+00 1.2806230126e+00 7.8262079083e+01
1.3086044256e+00 1.2810631716e+00 7.7055083817e+01
1.2967769322e+00 1.2614919394e+00 7.9018826610e+01
1.3197445292e+00 1.2690491583e+00 7.9606163389e+01
1.3087341664e+00 1.2417049934e+00 8.4441244525e+01
1.3159280768e+00 1.3021950430e+00 7.4967970313e+01
1.3167345061e+00 1.2821150768e+00 7.7444716555e+01
1.3018652910e+00 1.2703428064e+00 7.8066427965e+01
1.3243281893e+00 1.2683988661e+00 8.0094133635e+01
1.3139492544e+00 1.2595669394e+00 8.0784447201e+01
1.3444414158e+00 1.2666676534e+00 8.2347979715e+01
1.3117324442e+00 1.3063906756e+00 7.4297357720e+01
1.3271274514e+00 1.2420292833e+00 8.9189483384e+01
1.3614802690e+00 1.2786021406e+00 8.1530319164e+01
1.3256705206e+00 1.3029854281e+00 7.5416586482e+01
1.3227804215e+00 1.2502997155e+00 8.3877872787e+01
1.2474324789e+00 1.3295730556e+00 6.9384517171e+01
1.3043333659e+00 1.2630802751e+00 7.9354959114e+01
1.3275823757e+00 1.2585901727e+00 8.2347979715e+01
1.3545227598e+00 1.2816024670e+00 8.0330188264e+01
1.3391251937e+00 1.2514164116e+00 8.6285126569e+01
1.2780640856e+00 1.3124775196e+00 7.2077389913e+01
1.3570604428e+00 1.2861011432e+00 7.9766261626e+01
1.3367629939e+00 1.2467893005e+00 8.8853746852e+01
1.3074591658e+00 1.3036499034e+00 7.4361029171e+01
1.3351669371e+00 1.2759421321e+00 7.9701926885e+01
1.2619242583e+00 1.3426148372e+00 6.8981239480e+01
1.3026572018e+00 1.2891955999e+00 7.5692355604e+01
1.3230419299e+00 1.2622571021e+00 8.1112401649e+01
1.3112975818e+00 1.2774961057e+00 7.7711219496e+01
1.3134334416e+00 1.2915434805e+00 7.6044565226e+01
1.3439358453e+00 1.2579768059e+00 8.4621711461e+01
1.3650161805e+00 1.2702299411e+00 8.3931863986e+01
1.3397084645e+00 1.3215123040e+00 7.4170763875e+01
1.3112608691e+00 1.2348319087e+00 8.8596120629e+01
1.3518679620e+00 1.2789840998e+00 8.0572093792e+01
1.3466889111e+00 1.2587258621e+00 8.4808428882e+01
1.3367629939e+00 1.2467893005e+00 8.8853746852e+01
1.3068847540e+00 1.2352983934e+00 8.6657708378e+01
1.3311798387e+00 1.2480073338e+00 8.6112185454e+01
1.3283242880e+00 1.2438838093e+00 8.7707378991e+01
1.3395015050e+00 1.2510401002e+00 8.6560781600e+01
1.3293665718e+00 1.2826189107e+00 7.8233932577e+01
1.3152071156e+00 1.2539496191e+00 8.2052287288e+01
1.3259462070e+00 1.2414674340e+00 8.9189483384e+01
1.3136675783e+00 1.2703213636e+00 7.8928904074e+01
1.2908179598e+00 1.2557093449e+00 7.9479819877e+01
1.3266807485e+00 1.2826757883e+00 7.8038735323e+01
1.2856209636e+00 1.2491827927e+00 8.0161005537e+01
1.2983730740e+00 1.2559799417e+00 8.0060864731e+01
1.3440576719e+00 1.2670513973e+00 8.2219886681e+01
1.3158972680e+00 1.2423716037e+00 8.5413839657e+01
1.3371281768e+00 1.2573476810e+00 8.3824351811e+01
1.3200745449e+00 1.2870918780e+00 7.7004000743e+01
1.3525991168e+00 1.2905624692e+00 7.8721838178e+01
1.3251842379e+00 1.2557486882e+00 8.2745735086e+01
1.3213481597e+00 1.2761890477e+00 7.8605182622e+01
1.2495669223e+00 1.3283111936e+00 6.9564368548e+01
1.3778225961e+00 1.2759052447e+00 8.4041308295e+01
1.3421443193e+00 1.2497084824e+00 8.8378926216e+01
1.3385826569e+00 1.2672699919e+00 8.1608522897e+01
1.2837293200e+00 1.2697537770e+00 7.6927743997e+01
1.3032012151e+00 1.2934611982e+00 7.5235540770e+01
1.3321710167e+00 1.2934114009e+00 7.6953114246e+01
1.2948408015e+00 1.2987606059e+00 7.4212851892e+01
1.3396325558e+00 1.2850719303e+00 7.8605182622e+01
1.3565474333e+00 1.2576295112e+00 8.7436729029e+01
1.3381830317e+00 1.2567300880e+00 8.4152793230e+01
1.3113233537e+00 1.2365076803e+00 8.7192030493e+01
1.3456005641e+00 1.2755931746e+00 8.0642347542e+01
1.2622828431e+00 1.2781633337e+00 7.4661569416e+01
1.3218727052e+00 1.2809153293e+00 7.7956033878e+01
1.3088543805e+00 1.2825613311e+00 7.6877148084e+01
1.2809366819e+00 1.2642871160e+00 7.7471115761e+01
1.2736436105e+00 1.2937700305e+00 7.3633214528e+01
1.3631743116e+00 1.2650424879e+00 8.5342693277e+01
1.3275655740e+00 1.2669102837e+00 8.0642347542e+01
1.3064127092e+00 1.2383766359e+00 8.5203558584e+01
1.3194476579e+00 1.2824649934e+00 7.7577264583e+01
1.3652932396e+00 1.2638018829e+00 8.6285126569e+01
1.3380726429e+00 1.2472263891e+00 8.9189483384e+01
1.3374237258e+00 1.2728090281e+00 8.0433119990e+01
1.3359303331e+00 1.2528633544e+00 8.5068338769e+01
1.3435024422e+00 1.2505361781e+00 8.8187569297e+01
1.3283558023e+00 1.2429803540e+00 8.8596120629e+01
1.3282506635e+00 1.2505001322e+00 8.4621711461e+01
1.3489388668e+00 1.2929029257e+00 7.8122004123e+01
1.3069874287e+00 1.2447561274e+00 8.3312569183e+01
1.2754091980e+00 1.3195039218e+00 7.1346616236e+01
1.3141133689e+00 1.2869239972e+00 7.6651798080e+01
1.3528543436e+00 1.2744842307e+00 8.1530319164e+01
1.2996091792e+00 1.2486564806e+00 8.1569331007e+01
1.3397722873e+00 1.2533919318e+00 8.5559543476e+01
1.2460459091e+00 1.2909275140e+00 7.2549126342e+01
1.2954215800e+00 1.2307096994e+00 8.6197674093e+01
1.3628862344e+00 1.2600626821e+00 8.7855467302e+01
1.2984561348e+00 1.3091482618e+00 7.3350761860e+01
1.2922835507e+00 1.2986950954e+00 7.4086913271e+01
1.2776605094e+00 1.2471707532e+00 7.9830999012e+01
1.3271602564e+00 1.2585755215e+00 8.2305046547e+01
1.2723811379e+00 1.3041881428e+00 7.2568252847e+01
1.2933426531e+00 1.3173282462e+00 7.2340059416e+01
1.3074518286e+00 1.2957739343e+00 7.5213062491e+01
1.3089557800e+00 1.2745965144e+00 7.7956033878e+01
1.2984951727e+00 1.2619500383e+00 7.9079181218e+01
1.3548627600e+00 1.2588758432e+00 8.6285126569e+01
1.3137798842e+00 1.2925106647e+00 7.5949796914e+01
1.2949320917e+00 1.2520297647e+00 8.0467675232e+01
1.2535240273e+00 1.3086626993e+00 7.1310801950e+01
1.2923738891e+00 1.3507876969e+00 6.9547955888e+01
1.3159654776e+00 1.2405627668e+00 8.6197674093e+01
1.2870204228e+00 1.2786505189e+00 7.6020814122e+01
1.3146753896e+00 1.2658210612e+00 7.9734044399e+01
1.3221719273e+00 1.2413211950e+00 8.7436729029e+01
1.3042630012e+00 1.2592301211e+00 7.9994655462e+01
1.3620322588e+00 1.2828893938e+00 8.0748719456e+01
1.3009149666e+00 1.2577891237e+00 7.9961712929e+01
1.3353326007e+00 1.2762146629e+00 7.9669908154e+01
1.3261172265e+00 1.2417321510e+00 8.8853746852e+01
1.2960187019e+00 1.2383511952e+00 8.3614735208e+01
1.2455557377e+00 1.3070575394e+00 7.1097290340e+01
1.3164485596e+00 1.3038677370e+00 7.4814015260e+01
1.2576659849e+00 1.2836486277e+00 7.3837904283e+01
1.3366731398e+00 1.2818885664e+00 7.8869354308e+01
1.2684801184e+00 1.2763092268e+00 7.5213062491e+01
1.2794295126e+00 1.3268610364e+00 7.0903592550e+01
1.2680909827e+00 1.2897426951e+00 7.3755727228e+01
1.3456040791e+00 1.2541205434e+00 8.6466509507e+01
1.3136331888e+00 1.2420248901e+00 8.5135479942e+01
1.3193030127e+00 1.2598841599e+00 8.1224420262e+01
1.3218689765e+00 1.2756682310e+00 7.8721838178e+01
1.2990671016e+00 1.2818658244e+00 7.6357016986e+01
1.3280937801e+00 1.2554585143e+00 8.3166473052e+01
1.2984269246e+00 1.2807602479e+00 7.6454577770e+01
1.3005493275e+00 1.2598958835e+00 7.9574435566e+01
1.3146613519e+00 1.2462192010e+00 8.3931863986e+01
1.3545551601e+00 1.2574303223e+00 8.6966995687e+01
1.3379810850e+00 1.3012217796e+00 7.6332733555e+01
1.3347980580e+00 1.2798172525e+00 7.9048962842e+01
1.3330862425e+00 1.2452282010e+00 8.8596120629e+01
1.3312403557e+00 1.2627982646e+00 8.1807273904e+01
1.3236007174e+00 1.2761239051e+00 7.8780614851e+01
1.2992844220e+00 1.2455049232e+00 8.2219886681e+01
1.3002023964e+00 1.2411122162e+00 8.3411757846e+01
1.3471924921e+00 1.2805851826e+00 7.9896146783e+01
1.3370870334e+00 1.2582633728e+00 8.3563393325e+01
1.3129644033e+00 1.2670955967e+00 7.9386038170e+01
1.3359810333e+00 1.2484445807e+00 8.7077348295e+01
1.3057811725e+00 1.3171677440e+00 7.2935602632e+01
1.3612229622e+00 1.2590933343e+00 8.8014565082e+01
1.3103635640e+00 1.2946133581e+00 7.5507938852e+01
1.3253045664e+00 1.2503922807e+00 8.4209337681e+01
1.3125024428e+00 1.2841599705e+00 7.6902422036e+01
1.2762487063e+00 1.2950874500e+00 7.3633214528e+01
1.3245718389e+00 1.2742777440e+00 7.9139867144e+01
1.3537415259e+00 1.2665747707e+00 8.3461913920e+01
1.3040881467e+00 1.2315834020e+00 8.8378926216e+01
1.3011904003e+00 1.3007222510e+00 7.4339777311e+01
1.3124067830e+00 1.2362935274e+00 8.7707378991e+01
1.2939705913e+00 1.2930755717e+00 7.4770307295e+01
1.3376730035e+00 1.2694934193e+00 8.1075372075e+01
1.3482661093e+00 1.2628429599e+00 8.3771288937e+01
1.3292932001e+00 1.2629967161e+00 8.1569331007e+01
1.3181785593e+00 1.2806710235e+00 7.7738183355e+01
1.3454798497e+00 1.2853722121e+00 7.8988771847e+01
1.3310248216e+00 1.2634510361e+00 8.1647897369e+01
1.3290123621e+00 1.2602182680e+00 8.2135643310e+01
1.3237187277e+00 1.2904582168e+00 7.6801611525e+01
1.3124623380e+00 1.2558228006e+00 8.1376023555e+01
1.2866950715e+00 1.2759270957e+00 7.6332733555e+01
1.3480535756e+00 1.2648084182e+00 8.3214823856e+01
1.2695258221e+00 1.2874375421e+00 7.4066017793e+01
1.3418729067e+00 1.2521657136e+00 8.6560781600e+01
1.3253948167e+00 1.2708302364e+00 7.9766261626e+01
1.2725638993e+00 1.2743979572e+00 7.5669176471e+01
1.2945400317e+00 1.2837744118e+00 7.5855650848e+01
1.3059390956e+00 1.2653970607e+00 7.9109482420e+01
1.3367806619e+00 1.2541979842e+00 8.4745454571e+01
1.3158741291e+00 1.2838504934e+00 7.7157849094e+01
1.2948834544e+00 1.2825583584e+00 7.6020814122e+01
1.3092633852e+00 1.3114916202e+00 7.3653571278e+01
1.2721311216e+00 1.3140414267e+00 7.1671981608e+01
1.2818595049e+00 1.3266209127e+00 7.1026634431e+01
1.3388872182e+00 1.2660897039e+00 8.1888128163e+01
1.3213424731e+00 1.2744452444e+00 7.8869354308e+01
1.3280136435e+00 1.2424506702e+00 8.9189483384e+01
1.3074622170e+00 1.2935751491e+00 7.5462192458e+01
1.3647599391e+00 1.2691677079e+00 8.4209337681e+01
1.2923092288e+00 1.3021666290e+00 7.3735246099e+01
1.3142551215e+00 1.2810952848e+00 7.7418371854e+01
1.3408920382e+00 1.2583950522e+00 8.4041308295e+01
1.3197511464e+00 1.2385177253e+00 8.9189483384e+01
1.3380726429e+00 1.2472263891e+00 8.9189483384e+01
1.3369343653e+00 1.2470545767e+00 8.8596120629e+01
1.3134060343e+00 1.2513937056e+00 8.2434572567e+01
1.3293412459e+00 1.2620744657e+00 8.1767142530e+01
1.3022836792e+00 1.2738493724e+00 7.7603941562e+01
1.3274137643e+00 1.2517734083e+00 8.4096788508e+01
1.3461172726e+00 1.2549200935e+00 8.6197674093e+01
1.2899235556e+00 1.3028034998e+00 7.3552032589e+01
1.3258687550e+00 1.2729808279e+00 7.9448467746e+01
1.2865324294e+00 1.2313691788e+00 8.4324110442e+01
1.3096698773e+00 1.2503400165e+00 8.2262350168e+01
1.3265137050e+00 1.2841571943e+00 7.7819427566e+01
1.2867765487e+00 1.3225799881e+00 7.1581045961e+01
1.3315657974e+00 1.2489306534e+00 8.5787518542e+01
1.3014270096e+00 1.2603243011e+00 7.9574435566e+01
1.3208681898e+00 1.2408831209e+00 8.7311596302e+01
1.2990071305e+00 1.2697137938e+00 7.7956033878e+01
1.2954940685e+00 1.2976701506e+00 7.4361029171e+01
1.3717313853e+00 1.2802344374e+00 8.2219886681e+01
1.3212171329e+00 1.2815709016e+00 7.7819427566e+01
1.3066228361e+00 1.2961651984e+00 7.5123481451e+01
1.2867124461e+00 1.2741681068e+00 7.6552833021e+01
1.3229945332e+00 1.2522661339e+00 8.3361979075e+01
1.3201765810e+00 1.3124328114e+00 7.4107835512e+01
1.3164413480e+00 1.2964206458e+00 7.5646033984e+01
1.3282066473e+00 1.2501077961e+00 8.4745454571e+01
1.3515231091e+00 1.2696706295e+00 8.2434572567e+01
1.3127473365e+00 1.2368223492e+00 8.7436729029e+01
1.3399335764e+00 1.2944335377e+00 7.7313531307e+01
1.3030038936e+00 1.2879747525e+00 7.5855650848e+01
1.3065249884e+00 1.2656831090e+00 7.9109482420e+01
1.3528839850e+00 1.2612929595e+00 8.4936720171e+01
1.3258687550e+00 1.2729808279e+00 7.9448467746e+01
1.2520872348e+00 1.3231734324e+00 7.0062761447e+01
1.2976811272e+00 1.3147425987e+00 7.2780002890e+01
1.3627974524e+00 1.2667368683e+00 8.4683224036e+01
1.3106639124e+00 1.2680868833e+00 7.9048962842e+01
1.2966417752e+00 1.2377281220e+00 8.3877872787e+01
1.3151116220e+00 1.2911789270e+00 7.6187912459e+01
1.3203687294e+00 1.2697358596e+00 7.9542802945e+01
1.3690395708e+00 1.2644486336e+00 8.6860516083e+01
1.3085919550e+00 1.2771438229e+00 7.7577264583e+01
1.3075913540e+00 1.2650527509e+00 7.9293068528e+01
1.2925182396e+00 1.2788179167e+00 7.6332733555e+01
1.3633543592e+00 1.2705732878e+00 8.3614735208e+01
1.3113705707e+00 1.3107007080e+00 7.3837904283e+01
1.2792807895e+00 1.2964160575e+00 7.3653571278e+01
1.2928342971e+00 1.2715298790e+00 7.7287454070e+01
1.2970446171e+00 1.2629652767e+00 7.8810117472e+01
1.3385469173e+00 1.2712477158e+00 8.0820312794e+01
1.2677441065e+00 1.3014126282e+00 7.2606566992e+01
1.3010494907e+00 1.3210217880e+00 7.2358966340e+01
1.3025305190e+00 1.2648831220e+00 7.8928904074e+01
1.3082007034e+00 1.2609560313e+00 8.0027705704e+01
1.2526190632e+00 1.2973853472e+00 7.2264626857e+01
1.3229948217e+00 1.2400628108e+00 8.9189483384e+01
1.2636219488e+00 1.2231748971e+00 8.3461913920e+01
1.3171030728e+00 1.2795593406e+00 7.7819427566e+01
1.3263281743e+00 1.2458799231e+00 8.6028533830e+01
1.3033692845e+00 1.2915438352e+00 7.5462192458e+01
1.3415391289e+00 1.2875559935e+00 7.8375337009e+01
1.3226173027e+00 1.2439249394e+00 8.6112185454e+01
1.3055521810e+00 1.2657839753e+00 7.9018826610e+01
1.3086901553e+00 1.2927848411e+00 7.5622927969e+01
1.2916682603e+00 1.3036821460e+00 7.3552032589e+01
1.3121063224e+00 1.2483388887e+00 8.3023421435e+01
1.3087898476e+00 1.2708337264e+00 7.8489693825e+01
1.2816945302e+00 1.2883338992e+00 7.4618284369e+01
1.3146512306e+00 1.2719581128e+00 7.8751188620e+01
1.2989094636e+00 1.2702472711e+00 7.7873888177e+01
1.3429529570e+00 1.2672797969e+00 8.2052287288e+01
1.3203151491e+00 1.2947385518e+00 7.6068356017e+01
1.2417215237e+00 1.3357202891e+00 6.8711179966e+01
1.3031688690e+00 1.2494444082e+00 8.1767142530e+01
1.2846699257e+00 1.2792587112e+00 7.5808807284e+01
1.3472363219e+00 1.2524883006e+00 8.8014565082e+01
1.2933726124e+00 1.2853781833e+00 7.5599858248e+01
1.3278863810e+00 1.2644035352e+00 8.1149584901e+01
1.2894025184e+00 1.2828055790e+00 7.5669176471e+01
1.3277089687e+00 1.2519146053e+00 8.4096788508e+01
1.3225310802e+00 1.2544744542e+00 8.2745735086e+01
1.2806450634e+00 1.2589327765e+00 7.8205852297e+01
1.3524251085e+00 1.2648209120e+00 8.3771288937e+01
1.3404744744e+00 1.2921349180e+00 7.7657465783e+01
1.3315814250e+00 1.2931230611e+00 7.6953114246e+01
1.2980933105e+00 1.2723710032e+00 7.7524079068e+01
1.2862380696e+00 1.2659403347e+00 7.7603941562e+01
1.2824341074e+00 1.3072334898e+00 7.2760648706e+01
1.3406245174e+00 1.2547258889e+00 8.5203558584e+01
1.2979054656e+00 1.2834639603e+00 7.6092186698e+01
1.2929743366e+00 1.2435651037e+00 8.1969790983e+01
1.3244402645e+00 1.3090479399e+00 7.4683256707e+01
1.3658757897e+00 1.3200773128e+00 7.5715571564e+01
1.2623907178e+00 1.2854403163e+00 7.3899804954e+01
1.3317810142e+00 1.2495884118e+00 8.5559543476e+01
1.3701746540e+00 1.2707873983e+00 8.4500744095e+01
1.3581827110e+00 1.2608176060e+00 8.6112185454e+01
1.2805721167e+00 1.2668243162e+00 7.7106365806e+01
1.3323361540e+00 1.2507795175e+00 8.5203558584e+01
1.3582188144e+00 1.2599043054e+00 8.6560781600e+01
1.3351123748e+00 1.2663626216e+00 8.1452825766e+01
1.2782131383e+00 1.2414202884e+00 8.0928753038e+01
1.3319108198e+00 1.2638768976e+00 8.1647897369e+01
1.2707950477e+00 1.2874738240e+00 7.4128784622e+01
1.2872466162e+00 1.3032949891e+00 7.3370782375e+01
1.3312326805e+00 1.2846978748e+00 7.8066427965e+01
1.3617537418e+00 1.2844882169e+00 8.0433119990e+01
1.3323548238e+00 1.2560019457e+00 8.3563393325e+01
1.3261172265e+00 1.2417321510e+00 8.8853746852e+01
1.3429927586e+00 1.2953306588e+00 7.7392081315e+01
1.3644429768e+00 1.2637738227e+00 8.6112185454e+01
1.2804649142e+00 1.2917431832e+00 7.4191794234e+01
1.3166315763e+00 1.2555765211e+00 8.1847601472e+01
1.3132437434e+00 1.2807948769e+00 7.7392081315e+01
1.3250839124e+00 1.2602151197e+00 8.1727204497e+01
1.3047029117e+00 1.2902102081e+00 7.5692355604e+01
1.2868540831e+00 1.2648894730e+00 7.7792286999e+01
1.3337882117e+00 1.2865280849e+00 7.7983538712e+01
1.3109044231e+00 1.2709015273e+00 7.8634235730e+01
1.3540169502e+00 1.2777137280e+00 8.1001766381e+01
1.3220650883e+00 1.2501430091e+00 8.3824351811e+01
1.3563058045e+00 1.2591863113e+00 8.6466509507e+01
1.3139080877e+00 1.2360963226e+00 8.8596120629e+01
1.2997746323e+00 1.2385008879e+00 8.4096788508e+01
1.3476915946e+00 1.2752573220e+00 8.0892464042e+01
1.3135603649e+00 1.2957961718e+00 7.5553826997e+01
1.2646462932e+00 1.2688559600e+00 7.5855650848e+01
1.3503564778e+00 1.2563719958e+00 8.6466509507e+01
1.3172603951e+00 1.2457972373e+00 8.4441244525e+01
1.3132207096e+00 1.2607315656e+00 8.0502355029e+01
1.2798598168e+00 1.2514737599e+00 7.9293068528e+01
1.3159094857e+00 1.2567346192e+00 8.1530319164e+01
1.3581025452e+00 1.2789018846e+00 8.1149584901e+01
1.3423539620e+00 1.2836674582e+00 7.9018826610e+01
1.3242395156e+00 1.2601860985e+00 8.1647897369e+01
1.3719918925e+00 1.2667712363e+00 8.6374684998e+01
1.2958069964e+00 1.2982316239e+00 7.4318553532e+01
1.3471211287e+00 1.2639879405e+00 8.3312569183e+01
1.2623111963e+00 1.2998755304e+00 7.2491868298e+01
1.3315776217e+00 1.2891773836e+00 7.7471115761e+01
1.3557797277e+00 1.2684858293e+00 8.3214823856e+01
1.3312875456e+00 1.2618766735e+00 8.2010933342e+01
1.2954438849e+00 1.2916022781e+00 7.5012241172e+01
1.3418649637e+00 1.2635498095e+00 8.2791277101e+01
1.3292717728e+00 1.2534073005e+00 8.3877872787e+01
1.3063422744e+00 1.2938199048e+00 7.5371119608e+01
1.3130166410e+00 1.2439467232e+00 8.4382373156e+01
1.3323929394e+00 1.2603341160e+00 8.2478240615e+01
1.3369343653e+00 1.2470545767e+00 8.8596120629e+01
1.3254106715e+00 1.2883279317e+00 7.7183666982e+01
1.3147372005e+00 1.2444021329e+00 8.4500744095e+01
1.2630633530e+00 1.2939000112e+00 7.3092591339e+01
1.3055284243e+00 1.2549167868e+00 8.0892464042e+01
1.3051284804e+00 1.2902219259e+00 7.5715571564e+01
1.2950145967e+00 1.3086489192e+00 7.3231126524e+01
1.3217883376e+00 1.2451895916e+00 8.5413839657e+01
1.3196250469e+00 1.2617443790e+00 8.0892464042e+01
1.2901732614e+00 1.3336533910e+00 7.0798732350e+01
1.2942065528e+00 1.3002693049e+00 7.4024306706e+01
1.3013720051e+00 1.2308289679e+00 8.7855467302e+01
1.3222276240e+00 1.2700622922e+00 7.9637987289e+01
1.3222807686e+00 1.2399059581e+00 8.8853746852e+01
1.3031652241e+00 1.2707870511e+00 7.8094184084e+01
1.3552645819e+00 1.2562826817e+00 8.8014565082e+01
1.2984301160e+00 1.2995445253e+00 7.4318553532e+01
1.2372478059e+00 1.3088449719e+00 7.0590647641e+01
1.3529151616e+00 1.2590703208e+00 8.5787518542e+01
1.3308647128e+00 1.2618623425e+00 8.1969790983e+01
1.3158659163e+00 1.2764240000e+00 7.8177837772e+01
1.3021577478e+00 1.2704863570e+00 7.8066427965e+01
1.3127857502e+00 1.2576785636e+00 8.1038494274e+01
1.3733062105e+00 1.2658966542e+00 8.7192030493e+01
1.3435154621e+00 1.2518349442e+00 8.7192030493e+01
1.2893416223e+00 1.2532758295e+00 7.9766261626e+01
1.3337480560e+00 1.2712288660e+00 8.0398687958e+01
1.3098771140e+00 1.2579722635e+00 8.0713127966e+01
1.3319959878e+00 1.2454458250e+00 8.7855467302e+01
1.2936328378e+00 1.2921029401e+00 7.4857846411e+01
1.3212455089e+00 1.2596874172e+00 8.1452825766e+01
1.2592059717e+00 1.3090791669e+00 7.1526692018e+01
1.2775117800e+00 1.3130298252e+00 7.2003022837e+01
1.3348039773e+00 1.2566117343e+00 8.3718672554e+01
1.3551142874e+00 1.2788133596e+00 8.0892464042e+01
1.3614750218e+00 1.2588412748e+00 8.8378926216e+01
1.3047848864e+00 1.2682952506e+00 7.8576202428e+01
1.2839975704e+00 1.2973718556e+00 7.3796765055e+01
1.3365770446e+00 1.2613975968e+00 8.2700475693e+01
1.3391522701e+00 1.2702042667e+00 8.1075372075e+01
1.3218041039e+00 1.2700486977e+00 7.9606163389e+01
1.3108889392e+00 1.2473799325e+00 8.3118460360e+01
1.2664177127e+00 1.2901105317e+00 7.3633214528e+01
1.3100708013e+00 1.2944682942e+00 7.5507938852e+01
1.2889750965e+00 1.2784385445e+00 7.6163920146e+01
1.3538915759e+00 1.2809150298e+00 8.0398687958e+01
1.3363951663e+00 1.2988509553e+00 7.6528203273e+01
1.2996438078e+00 1.3176022127e+00 7.2606566992e+01
1.3271462051e+00 1.2699535930e+00 8.0060864731e+01
1.2750301564e+00 1.2801928768e+00 7.5145827200e+01
1.3070893531e+00 1.3141043855e+00 7.3290840172e+01
1.3424474022e+00 1.2559646976e+00 8.5068338769e+01
1.3096095769e+00 1.2962430719e+00 7.5280598016e+01
1.2628865534e+00 1.2814683636e+00 7.4339777311e+01
1.3005604951e+00 1.2873593810e+00 7.5785442206e+01
1.3069340751e+00 1.2757449981e+00 7.7657465783e+01
1.2943021378e+00 1.2687554946e+00 7.7765205727e+01
1.3113361746e+00 1.2630522066e+00 7.9928877049e+01
1.3339112022e+00 1.2938664725e+00 7.7004000743e+01
1.3133659497e+00 1.2863586728e+00 7.6676652104e+01
1.3038521418e+00 1.2858154554e+00 7.6163920146e+01
1.3119530318e+00 1.2750931312e+00 7.8094184084e+01
1.3233735645e+00 1.2545045513e+00 8.2837107130e+01
1.3277778093e+00 1.2754479537e+00 7.9200889974e+01
1.2982920988e+00 1.2678144808e+00 7.8177837772e+01
1.3134487636e+00 1.2478671560e+00 8.3312569183e+01
1.3224018443e+00 1.2559125992e+00 8.2391153680e+01
1.3079719085e+00 1.2542148181e+00 8.1262076387e+01
1.3353685823e+00 1.2661064141e+00 8.1530319164e+01
1.3225276922e+00 1.2785096739e+00 7.8346920764e+01
1.2940074549e+00 1.2586058223e+00 7.9262255454e+01
1.2432130583e+00 1.3037487982e+00 7.1275053722e+01
1.3217578742e+00 1.2727179836e+00 7.9170336091e+01
1.2700098991e+00 1.3205317061e+00 7.1026634431e+01
1.3403105287e+00 1.2519793875e+00 8.6285126569e+01
1.2510090556e+00 1.3307968948e+00 6.9433418299e+01
1.3033747039e+00 1.2893523515e+00 7.5715571564e+01
1.2806754732e+00 1.2741125388e+00 7.6187912459e+01
1.3352940714e+00 1.2521889359e+00 8.5203558584e+01
1.3113504991e+00 1.2945021497e+00 7.5576824649e+01
1.3548070885e+00 1.2571783940e+00 8.7192030493e+01
1.2980304714e+00 1.2715620984e+00 7.7630675173e+01
1.3069868105e+00 1.2861774086e+00 7.6308492375e+01
1.2926039271e+00 1.2721958129e+00 7.7183666982e+01
1.3439036331e+00 1.2527587803e+00 8.6757527902e+01
1.2940355159e+00 1.3262807806e+00 7.1581045961e+01
1.3196945879e+00 1.3085222116e+00 7.4489136515e+01
1.3731231177e+00 1.2643209502e+00 8.8378926216e+01
1.2842159635e+00 1.2932258493e+00 7.4233936959e+01
1.3391992923e+00 1.2622757041e+00 8.2791277101e+01
1.3078162830e+00 1.2613404517e+00 7.9928877049e+01
1.3193951498e+00 1.2449690263e+00 8.5068338769e+01
1.3321521380e+00 1.2444171427e+00 8.9189483384e+01
1.2723159594e+00 1.3156039167e+00 7.1544792831e+01
1.3553982842e+00 1.2675506324e+00 8.3411757846e+01
1.3003273896e+00 1.2409872231e+00 8.3461913920e+01
1.3023816066e+00 1.2458840533e+00 8.2478240615e+01
1.3545481836e+00 1.2648907688e+00 8.4041308295e+01
1.3258013847e+00 1.2691117351e+00 8.0094133635e+01
1.3070129294e+00 1.2529969645e+00 8.1414339425e+01
1.3084539649e+00 1.2890832426e+00 7.6044565226e+01
1.3345782178e+00 1.2839834884e+00 7.8403821928e+01
1.3221515031e+00 1.3249707817e+00 7.2974718097e+01
1.2922238327e+00 1.3066257502e+00 7.3290840172e+01
1.3164000595e+00 1.2632235145e+00 8.0330188264e+01
1.2993165359e+00 1.2485144981e+00 8.1569331007e+01
1.2372768317e+00 1.3379838354e+00 6.8382020601e+01
1.3140150782e+00 1.2647357175e+00 7.9863521106e+01
1.3555085059e+00 1.2727082936e+00 8.2177652292e+01
1.3045344625e+00 1.2833854136e+00 7.6503617642e+01
1.3086282143e+00 1.2757973997e+00 7.7765205727e+01
1.3296771279e+00 1.2447112533e+00 8.7568287925e+01
1.2567945176e+00 1.2997337268e+00 7.2245817191e+01
1.2923490883e+00 1.2894568622e+00 7.5078888084e+01
1.3373553608e+00 1.2470702533e+00 8.8853746852e+01
1.2824509003e+00 1.2976090998e+00 7.3694358938e+01
1.3353490093e+00 1.2617507888e+00 8.2478240615e+01
1.3355624616e+00 1.2558532500e+00 8.4041308295e+01
1.2912202000e+00 1.3137567220e+00 7.2568252847e+01
1.3098805743e+00 1.2383850855e+00 8.5866297957e+01
1.3060516770e+00 1.2683367042e+00 7.8663362312e+01
1.3583909161e+00 1.3045939175e+00 7.7157849094e+01
1.3386898708e+00 1.2627851256e+00 8.2610784034e+01
1.3182387267e+00 1.2496106507e+00 8.3461913920e+01
1.2936836011e+00 1.2645852706e+00 7.8318572690e+01
1.3642253013e+00 1.2820166575e+00 8.1112401649e+01
1.2843760774e+00 1.2769398421e+00 7.6068356017e+01
1.2817741772e+00 1.2982858229e+00 7.3592574728e+01
1.3082916386e+00 1.2604292857e+00 8.0127513527e+01
1.3670192459e+00 1.2704248220e+00 8.4152793230e+01
1.3234026908e+00 1.2588398087e+00 8.1847601472e+01
1.2980103154e+00 1.2315887658e+00 8.6374684998e+01
1.3320915807e+00 1.2523340333e+00 8.4621711461e+01
1.3428762000e+00 1.2511624203e+00 8.7436729029e+01
1.3338020182e+00 1.2659226043e+00 8.1414339425e+01
1.3563301565e+00 1.2696912636e+00 8.2976381855e+01
1.2725178962e+00 1.3040513845e+00 7.2587399708e+01
1.3328619806e+00 1.2708015353e+00 8.0398687958e+01
1.3534559905e+00 1.2576530787e+00 8.6560781600e+01
1.2740026204e+00 1.3410510805e+00 6.9564368548e+01
1.2835988807e+00 1.2698842163e+00 7.6902422036e+01
1.2787762115e+00 1.2616699653e+00 7.7684313766e+01
1.3331660907e+00 1.2858342263e+00 7.8038735323e+01
1.2828450299e+00 1.2710730142e+00 7.6701551736e+01
1.3206916435e+00 1.2877887741e+00 7.6953114246e+01
1.3119929858e+00 1.2567279385e+00 8.1149584901e+01
1.3329882626e+00 1.2479446635e+00 8.6560781600e+01
1.2935489747e+00 1.2629792697e+00 7.8547294593e+01
1.3402562736e+00 1.2577183678e+00 8.4152793230e+01
1.3284123854e+00 1.2669380209e+00 8.0713127966e+01
1.3324821157e+00 1.2571854815e+00 8.3263520051e+01
1.3369944099e+00 1.2487413680e+00 8.7192030493e+01
1.3387752638e+00 1.2570124536e+00 8.4152793230e+01
1.3285756283e+00 1.2851629748e+00 7.7819427566e+01
1.3337905656e+00 1.2589364898e+00 8.2976381855e+01
1.3414478389e+00 1.2797458998e+00 7.9574435566e+01
1.3088373740e+00 1.2803932560e+00 7.7157849094e+01
1.3295378213e+00 1.2435423157e+00 8.8596120629e+01
1.2762873261e+00 1.2959207713e+00 7.3552032589e+01
1.3355624616e+00 1.2558532500e+00 8.4041308295e+01
1.3148596126e+00 1.2647639614e+00 7.9928877049e+01
1.3340464450e+00 1.2486326283e+00 8.6466509507e+01
1.2853882818e+00 1.2541895581e+00 7.9293068528e+01
1.3265580893e+00 1.2884956116e+00 7.7235456792e+01
1.3200153028e+00 1.2395592984e+00 8.8014565082e+01
1.3133356760e+00 1.2649787675e+00 7.9766261626e+01
1.3151011141e+00 1.2379470606e+00 8.7436729029e+01
1.3154295656e+00 1.3009394536e+00 7.5078888084e+01
1.2722927887e+00 1.2703246631e+00 7.6139968555e+01
1.3012620030e+00 1.2809804966e+00 7.6602225844e+01
1.3108274573e+00 1.2548434844e+00 8.1414339425e+01
1.3710710080e+00 1.2712106913e+00 8.4500744095e+01
1.3071893075e+00 1.2685075396e+00 7.8721838178e+01
1.3215066801e+00 1.2747183730e+00 7.8839697086e+01
1.2588273107e+00 1.2521509946e+00 7.7630675173e+01
1.3302112859e+00 1.2918599928e+00 7.7029517563e+01
1.3581457892e+00 1.2617318230e+00 8.5710183053e+01
1.3446628449e+00 1.2717061743e+00 8.1299894225e+01
1.3159549645e+00 1.2614868484e+00 8.0607155573e+01
1.3605185674e+00 1.2760462487e+00 8.1969790983e+01
1.3076449806e+00 1.2580259611e+00 8.0502355029e+01
1.2971889747e+00 1.2771994065e+00 7.6826743101e+01
1.3456920666e+00 1.2750629387e+00 8.0748719456e+01
1.3184020689e+00 1.2551141248e+00 8.2135643310e+01
1.3387398849e+00 1.2688645117e+00 8.1299894225e+01
1.3154659639e+00 1.2497693646e+00 8.3070778751e+01
1.3400846956e+00 1.2771613249e+00 7.9896146783e+01
1.3476302652e+00 1.2634788040e+00 8.3512456048e+01
1.3240799831e+00 1.2433336579e+00 8.6757527902e+01
1.3067154992e+00 1.2398118056e+00 8.4745454571e+01
1.3339300049e+00 1.3026348112e+00 7.5926202551e+01
1.3104764548e+00 1.2918738757e+00 7.5832210102e+01
1.3147806885e+00 1.2552477409e+00 8.1727204497e+01
1.3337480560e+00 1.2712288660e+00 8.0398687958e+01
1.3127113595e+00 1.2892012917e+00 7.6284293221e+01
1.3005882549e+00 1.2528948421e+00 8.0820312794e+01
1.3376515811e+00 1.2472107297e+00 8.8853746852e+01
1.2912565164e+00 1.2657068478e+00 7.7983538712e+01
1.2886437187e+00 1.2940353546e+00 7.4382309227e+01
1.3051776293e+00 1.2748823708e+00 7.7657465783e+01
1.2754557978e+00 1.2932651265e+00 7.3776233514e+01
1.3297274473e+00 1.2512054788e+00 8.4621711461e+01
1.3523351643e+00 1.2552692323e+00 8.7707378991e+01
1.2962761743e+00 1.2433016656e+00 8.2391153680e+01
1.2974418329e+00 1.2996579652e+00 7.4255049545e+01
1.3220988546e+00 1.2479295748e+00 8.4500744095e+01
1.3419475550e+00 1.2643429940e+00 8.2610784034e+01
1.3470980394e+00 1.2561277235e+00 8.5866297957e+01
1.3095679532e+00 1.2700556209e+00 7.8663362312e+01
1.3078998324e+00 1.2521100614e+00 8.1687457017e+01
1.2944000605e+00 1.2325980206e+00 8.5203558584e+01
1.3633838154e+00 1.2643938593e+00 8.5634214754e+01
1.3266676316e+00 1.2634369573e+00 8.1224420262e+01
1.3152069345e+00 1.3020390860e+00 7.4945882582e+01
1.3181056726e+00 1.2471296559e+00 8.4152793230e+01
1.3412680726e+00 1.2505847290e+00 8.7311596302e+01
1.3463343477e+00 1.2853963305e+00 7.9048962842e+01
1.2874789398e+00 1.2230668701e+00 8.9189483384e+01
1.3305391450e+00 1.2547598870e+00 8.3666491536e+01
1.3490768378e+00 1.2550244557e+00 8.6860516083e+01
1.3041267774e+00 1.2402281396e+00 8.4209337681e+01
1.3098865054e+00 1.2872132927e+00 7.6357016986e+01
1.3267006388e+00 1.2865996474e+00 7.7497569815e+01
1.2735764225e+00 1.2629630177e+00 7.7157849094e+01
1.3023102134e+00 1.3092370502e+00 7.3531797916e+01
1.2959307787e+00 1.3274569936e+00 7.1562910795e+01
1.3201859369e+00 1.2398239569e+00 8.7855467302e+01
1.2855217357e+00 1.2675264390e+00 7.7339661375e+01
1.3088410158e+00 1.2389900182e+00 8.5413839657e+01
1.2876953894e+00 1.2649178878e+00 7.7846627825e+01
1.3113172854e+00 1.2643795617e+00 7.9701926885e+01
1.2919780872e+00 1.2955049201e+00 7.4403617595e+01
1.3282613169e+00 1.2570377151e+00 8.2791277101e+01
1.2787685595e+00 1.2516977198e+00 7.9170336091e+01
1.2621538247e+00 1.2713484286e+00 7.5416586482e+01
1.2902198425e+00 1.2667435217e+00 7.7765205727e+01
1.3285833921e+00 1.2615211968e+00 8.1807273904e+01
1.3048880509e+00 1.2729900650e+00 7.7901209028e+01
1.3013755518e+00 1.2826133901e+00 7.6405711507e+01
1.3159403985e+00 1.2628103972e+00 8.0364377815e+01
1.3315430030e+00 1.2463351129e+00 8.7077348295e+01
1.3300043087e+00 1.3087588202e+00 7.5012241172e+01
1.2954215800e+00 1.2307096994e+00 8.6197674093e+01
1.3230351069e+00 1.2928954483e+00 7.6454577770e+01
1.3339551227e+00 1.2478508277e+00 8.6860516083e+01
1.3335798359e+00 1.2569617694e+00 8.3461913920e+01
1.2841735381e+00 1.2897787371e+00 7.4596686360e+01
1.2956445567e+00 1.2387253404e+00 8.3461913920e+01
1.3116296590e+00 1.2631948528e+00 7.9928877049e+01
1.3146759365e+00 1.2584042005e+00 8.1075372075e+01
1.3231276355e+00 1.2447217419e+00 8.5866297957e+01
1.2881181834e+00 1.2976175945e+00 7.3982701417e+01
1.3379949001e+00 1.2525467052e+00 8.5559543476e+01
1.3152446034e+00 1.2849175758e+00 7.6978533067e+01
1.3199144660e+00 1.2562185855e+00 8.2052287288e+01
1.3502404187e+00 1.2529853442e+00 8.9189483384e+01
1.3370617065e+00 1.2517319810e+00 8.5710183053e+01
1.3216993349e+00 1.2986169617e+00 7.5692355604e+01
1.3194395339e+00 1.2584385819e+00 8.1530319164e+01
1.2783173609e+00 1.2647344201e+00 7.7235456792e+01
1.3462309238e+00 1.2635637093e+00 8.3312569183e+01
1.3053466987e+00 1.2503113802e+00 8.1807273904e+01
1.3696798203e+00 1.2950694679e+00 7.9293068528e+01
1.3213461735e+00 1.2565319424e+00 8.2135643310e+01
1.3075598724e+00 1.2615968623e+00 7.9863521106e+01
1.3183965172e+00 1.3111378034e+00 7.4149760707e+01
1.2919691266e+00 1.2811110105e+00 7.6020814122e+01
1.2945106137e+00 1.3139698039e+00 7.2702712145e+01
1.3688316454e+00 1.2870992666e+00 8.0572093792e+01
1.3381787510e+00 1.2554226564e+00 8.4560892485e+01
1.3516780380e+00 1.2831285676e+00 7.9830999012e+01
1.3146259083e+00 1.2750416889e+00 7.8290292293e+01
1.3121052295e+00 1.2653365833e+00 7.9606163389e+01
1.3155921681e+00 1.2409360763e+00 8.5946605487e+01
1.3332795025e+00 1.2607591178e+00 8.2478240615e+01
1.2874982243e+00 1.2816585104e+00 7.5692355604e+01
1.3230297160e+00 1.2727580014e+00 7.9262255454e+01
1.3055618226e+00 1.2627233159e+00 7.9511264665e+01
1.3198540084e+00 1.2987076978e+00 7.5576824649e+01
1.3031284585e+00 1.2490499458e+00 8.1847601472e+01
1.3173699338e+00 1.3077735058e+00 7.4446319730e+01
1.2729241232e+00 1.3119381875e+00 7.1892025986e+01
1.2898512333e+00 1.2558070422e+00 7.9386038170e+01
1.3484150730e+00 1.2899083444e+00 7.8518458573e+01
1.3293075474e+00 1.2603600498e+00 8.2135643310e+01
1.3079324396e+00 1.2538188712e+00 8.1337875892e+01
1.3046838388e+00 1.2592447981e+00 8.0027705704e+01
1.2828585958e+00 1.2732345535e+00 7.6430123055e+01
1.3192850417e+00 1.2555394701e+00 8.2135643310e+01
1.3452500757e+00 1.2522871318e+00 8.7436729029e+01
1.3346774742e+00 1.2567382374e+00 8.3666491536e+01
1.2939782732e+00 1.2664669379e+00 7.8066427965e+01
1.3653452142e+00 1.2655068476e+00 8.5559543476e+01
1.2850727865e+00 1.2449598814e+00 8.0892464042e+01
1.3505176028e+00 1.2737479542e+00 8.1452825766e+01
1.3106299353e+00 1.2585267994e+00 8.0677671172e+01
1.2448132109e+00 1.3121501533e+00 7.0642467113e+01
1.3269532025e+00 1.2740841636e+00 7.9354959114e+01
1.3326389001e+00 1.2522234107e+00 8.4745454571e+01
1.3250605325e+00 1.2410460470e+00 8.9189483384e+01
1.2749384114e+00 1.2859421416e+00 7.4510588199e+01
1.2885033445e+00 1.2819609693e+00 7.5715571564e+01
1.2986333446e+00 1.2796810989e+00 7.6602225844e+01
1.3557303163e+00 1.2905116424e+00 7.8958797887e+01
1.3453981559e+00 1.2779896163e+00 8.0194610813e+01
1.3541612384e+00 1.2626462692e+00 8.4683224036e+01
1.2757405951e+00 1.2348052148e+00 8.2052287288e+01
1.3447379000e+00 1.2668093635e+00 8.2347979715e+01
1.3131089666e+00 1.2460303668e+00 8.3771288937e+01
1.3111983660e+00 1.3016636277e+00 7.4770307295e+01
1.3576126605e+00 1.2583178948e+00 8.7311596302e+01
1.3492481928e+00 1.2552909027e+00 8.6757527902e+01
1.3326957424e+00 1.2735948065e+00 7.9896146783e+01
1.3217268083e+00 1.2561513076e+00 8.2262350168e+01
1.3436037141e+00 1.2626868349e+00 8.3214823856e+01
1.3201273362e+00 1.2962416829e+00 7.5879129711e+01
1.3095928442e+00 1.2608714695e+00 8.0161005537e+01
1.3437264985e+00 1.2586238321e+00 8.4382373156e+01
1.3593533510e+00 1.2816087012e+00 8.0748719456e+01
1.3331574477e+00 1.2582582639e+00 8.3070778751e+01
1.3092053923e+00 1.2512398188e+00 8.2010933342e+01
1.3032534259e+00 1.2667750035e+00 7.8692562936e+01
1.2745152108e+00 1.3243343721e+00 7.0903592550e+01
1.3105241122e+00 1.2403498216e+00 8.5203558584e+01
1.3450320389e+00 1.3108988731e+00 7.5599858248e+01
1.3096591467e+00 1.2425192576e+00 8.4324110442e+01
1.3430580976e+00 1.2803296746e+00 7.9606163389e+01
1.2963278257e+00 1.2506340308e+00 8.0856317856e+01
1.3604595885e+00 1.2686355340e+00 8.3771288937e+01
1.3535365531e+00 1.2571343462e+00 8.6860516083e+01
1.3708587296e+00 1.2731828409e+00 8.3877872787e+01
1.2876177403e+00 1.2989916031e+00 7.3817321945e+01
1.3367679062e+00 1.2660201283e+00 8.1687457017e+01
1.2856651323e+00 1.2322364760e+00 8.3931863986e+01
1.2945155408e+00 1.3069594556e+00 7.3370782375e+01
1.3155495995e+00 1.2492501405e+00 8.3214823856e+01
1.2932254390e+00 1.2711387371e+00 7.7365844600e+01
1.2617687832e+00 1.3467116345e+00 6.8679622837e+01
1.3217318429e+00 1.2535288243e+00 8.2883230736e+01
1.2743471735e+00 1.2639283467e+00 7.7080699799e+01
1.2863870494e+00 1.2818980892e+00 7.5599858248e+01
1.2842170245e+00 1.2766635284e+00 7.6092186698e+01
1.3120777364e+00 1.2714745580e+00 7.8634235730e+01
1.2793163745e+00 1.2941998192e+00 7.3879145689e+01
1.3292668888e+00 1.2599637413e+00 8.2219886681e+01
1.3190766169e+00 1.2548756583e+00 8.2262350168e+01
1.2517331468e+00 1.3331291640e+00 6.9287046219e+01
1.3098679332e+00 1.2736843613e+00 7.8149888534e+01
1.3269689887e+00 1.2964187835e+00 7.6260135872e+01
1.2804444550e+00 1.2791301463e+00 7.5576824649e+01
1.3237948482e+00 1.2545195953e+00 8.2883230736e+01
1.2806540472e+00 1.2758741972e+00 7.5973430165e+01
1.3131821149e+00 1.2799821042e+00 7.7497569815e+01
1.3344504120e+00 1.2639616879e+00 8.1888128163e+01
1.3695546474e+00 1.2841731934e+00 8.1186923776e+01
1.2953772521e+00 1.2794472597e+00 7.6430123055e+01
1.3176267610e+00 1.2790356524e+00 7.7928590790e+01
1.3008517681e+00 1.3085047686e+00 7.3531797916e+01
1.3520493683e+00 1.2564310494e+00 8.6860516083e+01
1.3441421664e+00 1.2512082398e+00 8.7855467302e+01
1.3172723764e+00 1.2523201933e+00 8.2655493698e+01
1.3438017134e+00 1.2673073558e+00 8.2135643310e+01
1.3019888802e+00 1.2336826685e+00 8.6285126569e+01
1.3229948217e+00 1.2400628108e+00 8.9189483384e+01
1.3268474239e+00 1.2431810055e+00 8.7707378991e+01
1.3208591480e+00 1.2443761806e+00 8.5559543476e+01
1.2780803065e+00 1.2867194335e+00 7.4596686360e+01
1.3216752141e+00 1.2583847860e+00 8.1767142530e+01
1.3293941136e+00 1.2598365165e+00 8.2262350168e+01
1.3044444541e+00 1.2538244175e+00 8.1001766381e+01
1.2994652884e+00 1.2976345098e+00 7.4575117862e+01
1.3204265356e+00 1.2657460128e+00 8.0228330525e+01
1.3677264691e+00 1.2653223171e+00 8.6112185454e+01
1.3480481022e+00 1.2534268942e+00 8.7568287925e+01
1.3172603951e+00 1.2457972373e+00 8.4441244525e+01
1.3282530654e+00 1.2811034713e+00 7.8375337009e+01
1.2713027040e+00 1.2813105732e+00 7.4814015260e+01
1.3512667510e+00 1.2699269877e+00 8.2347979715e+01
1.3405160255e+00 1.2513367761e+00 8.6657708378e+01
1.3293576504e+00 1.2541946441e+00 8.3666491536e+01
1.3506428942e+00 1.2552097546e+00 8.7192030493e+01
1.2943003919e+00 1.2822688888e+00 7.6020814122e+01
1.2978468998e+00 1.2491149566e+00 8.1299894225e+01
1.3381439302e+00 1.2760330143e+00 7.9928877049e+01
1.2880249783e+00 1.3016426189e+00 7.3572291496e+01
1.3433772439e+00 1.2506613764e+00 8.8014565082e+01
1.2698180794e+00 1.3382243154e+00 6.9613682416e+01
1.3343431297e+00 1.2671318667e+00 8.1224420262e+01
1.3160485586e+00 1.2539798708e+00 8.2135643310e+01
1.2888054561e+00 1.2260664252e+00 8.6966995687e+01
1.3638534567e+00 1.2648024921e+00 8.5559543476e+01
1.3160102821e+00 1.3091331576e+00 7.4233936959e+01
1.2854487879e+00 1.3011605555e+00 7.3491400916e+01
1.3525524062e+00 1.2660093000e+00 8.3461913920e+01
1.3138865286e+00 1.2919661202e+00 7.6020814122e+01
1.3546236816e+00 1.2858985371e+00 7.9606163389e+01
1.3098927498e+00 1.3012163194e+00 7.4748499176e+01
1.2819787211e+00 1.2937181260e+00 7.4066017793e+01
1.3344838144e+00 1.2959289759e+00 7.6776526866e+01
1.2947129984e+00 1.2305515783e+00 8.6112185454e+01
1.2821430547e+00 1.2552643760e+00 7.8869354308e+01
1.2792035476e+00 1.2473611203e+00 7.9928877049e+01
1.3120586142e+00 1.2453398945e+00 8.3824351811e+01
1.3380909704e+00 1.2546360850e+00 8.4808428882e+01
1.3505377094e+00 1.2531258065e+00 8.9189483384e+01
1.3046466361e+00 1.2850209611e+00 7.6308492375e+01
1.3051751661e+00 1.2409176117e+00 8.4152793230e+01
1.2885278211e+00 1.2893502948e+00 7.4879808517e+01
1.2712988702e+00 1.2721872648e+00 7.5855650848e+01
1.3052561916e+00 1.2970941390e+00 7.4945882582e+01
1.3550867912e+00 1.2608437640e+00 8.5486104849e+01
1.3608324300e+00 1.2581678870e+00 8.8853746852e+01
1.2710401139e+00 1.3107658366e+00 7.1910479740e+01
1.3166315763e+00 1.2555765211e+00 8.1847601472e+01
1.3312932225e+00 1.2465848933e+00 8.6860516083e+01
1.3064526036e+00 1.2339935732e+00 8.7311596302e+01
1.3439802226e+00 1.2719503326e+00 8.1186923776e+01
1.2555347655e+00 1.3097005630e+00 7.1310801950e+01
1.3099309620e+00 1.2762415863e+00 7.7792286999e+01
1.2617194399e+00 1.2991611130e+00 7.2530020127e+01
1.3240662485e+00 1.2420403311e+00 8.7568287925e+01
1.2739857943e+00 1.2747145161e+00 7.5715571564e+01
1.3420292106e+00 1.2848702879e+00 7.8810117472e+01
1.3188285937e+00 1.2525075625e+00 8.2791277101e+01
1.2942459089e+00 1.3234386490e+00 7.1836773450e+01
1.3210922887e+00 1.2567858271e+00 8.2052287288e+01
1.3556962614e+00 1.2663750172e+00 8.3771288937e+01
1.3133750471e+00 1.2806635732e+00 7.7418371854e+01
1.3000182277e+00 1.3058344211e+00 7.3755727228e+01
1.3349207383e+00 1.2630539031e+00 8.2135643310e+01
1.3164312810e+00 1.2522896433e+00 8.2566341788e+01
1.3477510468e+00 1.2773923929e+00 8.0502355029e+01
1.3357640085e+00 1.2477882859e+00 8.7436729029e+01
1.2617164450e+00 1.3030832950e+00 7.2170770580e+01
1.3047644612e+00 1.2984613018e+00 7.4770307295e+01
1.3055084439e+00 1.2605981356e+00 7.9863521106e+01
1.3324627833e+00 1.2458516602e+00 8.7707378991e+01
1.3090932569e+00 1.3257133487e+00 7.2302304233e+01
1.2950445836e+00 1.2767275309e+00 7.6751488857e+01
1.3436564559e+00 1.2946669615e+00 7.7524079068e+01
1.3136293095e+00 1.2651214862e+00 7.9766261626e+01
1.3161802339e+00 1.2499263456e+00 8.3118460360e+01
1.3255126309e+00 1.2589129832e+00 8.2052287288e+01
1.2768884945e+00 1.2661632866e+00 7.6953114246e+01
1.3579875253e+00 1.2706684235e+00 8.2929653666e+01
1.3430111366e+00 1.2610901568e+00 8.3563393325e+01
1.3596253901e+00 1.2756207315e+00 8.1969790983e+01
1.3590124829e+00 1.2670089372e+00 8.4041308295e+01
1.3027631267e+00 1.2659577976e+00 7.8780614851e+01
1.2875704976e+00 1.3257297886e+00 7.1346616236e+01
1.3233073851e+00 1.2462851846e+00 8.5272615194e+01
1.3376118668e+00 1.2919224539e+00 7.7497569815e+01
1.2888739547e+00 1.3082258434e+00 7.2974718097e+01
1.3334084361e+00 1.2948083634e+00 7.6851921864e+01
1.3063173686e+00 1.2934072539e+00 7.5416586482e+01
1.3250760002e+00 1.2423376408e+00 8.7707378991e+01
1.3299521867e+00 1.2470533478e+00 8.6285126569e+01
1.3218413132e+00 1.2468796111e+00 8.4808428882e+01
1.3117657811e+00 1.2586985327e+00 8.0748719456e+01
1.2946124031e+00 1.2998634546e+00 7.4086913271e+01
1.3436867258e+00 1.2521009916e+00 8.7077348295e+01
1.3513042791e+00 1.2536726430e+00 8.8853746852e+01
1.3277089687e+00 1.2519146053e+00 8.4096788508e+01
1.3134264663e+00 1.2959300704e+00 7.5530865121e+01
1.3185759469e+00 1.2610476271e+00 8.0928753038e+01
1.3544214665e+00 1.2663335388e+00 8.3614735208e+01
1.3241269998e+00 1.2826014738e+00 7.7873888177e+01
1.3497825406e+00 1.2749219455e+00 8.1149584901e+01
1.3002391986e+00 1.2889914315e+00 7.5576824649e+01
1.2534820150e+00 1.3209063662e+00 7.0299479412e+01
1.3208318690e+00 1.2465817720e+00 8.4745454571e+01
1.2917694821e+00 1.3219691210e+00 7.1855172896e+01
1.3277011899e+00 1.2445069074e+00 8.7077348295e+01
1.3124839310e+00 1.2357817289e+00 8.8187569297e+01
1.3201103867e+00 1.2638785553e+00 8.0537160751e+01
1.3374212131e+00 1.2561801943e+00 8.4209337681e+01
1.3196891849e+00 1.2403207089e+00 8.7311596302e+01
1.2822392236e+00 1.2486606920e+00 7.9961712929e+01
1.3400752521e+00 1.3026463784e+00 7.6284293221e+01
1.2790098148e+00 1.2683866181e+00 7.6801611525e+01
1.3427499240e+00 1.2652924708e+00 8.2478240615e+01
1.3020484266e+00 1.3209004899e+00 7.2415805206e+01
1.2535637573e+00 1.2829756829e+00 7.3694358938e+01
1.3067134065e+00 1.2585219220e+00 8.0330188264e+01
1.3297458236e+00 1.2647300341e+00 8.1262076387e+01
1.2698251664e+00 1.2753986315e+00 7.5393835738e+01
1.2961955369e+00 1.2790651302e+00 7.6528203273e+01
1.3292107052e+00 1.2491037383e+00 8.5272615194e+01
1.3102166027e+00 1.2463116417e+00 8.3312569183e+01
1.2816678009e+00 1.2722502431e+00 7.6479075887e+01
1.3244132325e+00 1.2648173975e+00 8.0748719456e+01
1.3285998383e+00 1.2462246736e+00 8.6374684998e+01
1.2619170701e+00 1.2902613342e+00 7.3390826340e+01
1.3515873848e+00 1.2731171012e+00 8.1687457017e+01
1.3170150579e+00 1.2473491182e+00 8.3931863986e+01
1.3261172265e+00 1.2417321510e+00 8.8853746852e+01
1.3495810536e+00 1.2632809401e+00 8.3824351811e+01
1.3192905297e+00 1.2503020400e+00 8.3411757846e+01
1.3509055819e+00 1.2562608410e+00 8.6657708378e+01
1.3067024820e+00 1.2820912055e+00 7.6801611525e+01
1.3011813400e+00 1.2723348538e+00 7.7738183355e+01
1.3155968658e+00 1.2374513090e+00 8.8014565082e+01
1.3052131974e+00 1.3015152762e+00 7.4467713732e+01
1.3173518458e+00 1.2950718800e+00 7.5855650848e+01
1.3271434226e+00 1.2481172445e+00 8.5272615194e+01
1.3325102541e+00 1.2983418077e+00 7.6357016986e+01
1.3145844827e+00 1.2855776965e+00 7.6851921864e+01
1.2799495882e+00 1.3092810418e+00 7.2453796832e+01
1.2902111312e+00 1.2702340798e+00 7.7287454070e+01
1.3470745635e+00 1.2662257227e+00 8.2745735086e+01
1.3549527727e+00 1.2596625378e+00 8.5946605487e+01
1.3363043775e+00 1.2656082737e+00 8.1727204497e+01
1.3601489589e+00 1.2632388133e+00 8.5486104849e+01
1.3137066201e+00 1.2794575990e+00 7.7603941562e+01
1.3289884507e+00 1.2641757684e+00 8.1299894225e+01
1.3276369845e+00 1.2738380119e+00 7.9448467746e+01
1.3222300875e+00 1.2915085156e+00 7.6577507130e+01
1.2951169662e+00 1.2757832565e+00 7.6877148084e+01
1.3537836722e+00 1.2669713331e+00 8.3361979075e+01
1.3183563617e+00 1.2560320195e+00 8.1928856974e+01
1.3653020248e+00 1.2756600275e+00 8.2566341788e+01
1.3357070880e+00 1.2509022554e+00 8.5787518542e+01
1.3172021577e+00 1.2790228954e+00 7.7901209028e+01
1.2741145898e+00 1.2863306212e+00 7.4424954390e+01
1.3093785570e+00 1.2488903147e+00 8.2566341788e+01
1.3334107496e+00 1.2566938393e+00 8.3512456048e+01
1.3300603731e+00 1.2504360777e+00 8.4936720171e+01
1.3227820612e+00 1.2555323823e+00 8.2522162191e+01
1.3492785795e+00 1.2605160536e+00 8.4621711461e+01
1.3555442932e+00 1.2818997747e+00 8.0364377815e+01
1.3177975803e+00 1.2443891463e+00 8.5002097282e+01
1.3249830206e+00 1.2415592214e+00 8.8378926216e+01
1.3355192913e+00 1.2944542519e+00 7.7029517563e+01
1.2842957761e+00 1.2661433836e+00 7.7444716555e+01
1.3240637477e+00 1.2612352844e+00 8.1414339425e+01
1.3584713396e+00 1.2596517802e+00 8.6757527902e+01
1.2935170695e+00 1.2712826704e+00 7.7365844600e+01
1.3176652446e+00 1.2589040361e+00 8.1262076387e+01
1.3539336653e+00 1.2725267818e+00 8.2052287288e+01
1.3260860333e+00 1.2426348910e+00 8.7855467302e+01
1.3206691382e+00 1.2476160004e+00 8.4382373156e+01
1.3392756656e+00 1.2552001921e+00 8.4808428882e+01
1.2997042758e+00 1.2442162378e+00 8.2566341788e+01
1.3150458921e+00 1.2497538478e+00 8.3023421435e+01
1.2721518706e+00 1.2682943062e+00 7.6381342894e+01
1.3100602375e+00 1.3071857830e+00 7.4128784622e+01
1.2926098932e+00 1.2761110311e+00 7.6676652104e+01
1.3514429990e+00 1.2548475499e+00 8.7707378991e+01
1.3490439520e+00 1.2717110533e+00 8.1727204497e+01
1.3217818295e+00 1.2713823896e+00 7.9386038170e+01
1.3147806885e+00 1.2552477409e+00 8.1727204497e+01
1.3085919550e+00 1.2771438229e+00 7.7577264583e+01
1.3410468717e+00 1.2547408458e+00 8.5272615194e+01
1.3340119265e+00 1.2495403679e+00 8.6028533830e+01
1.2813985061e+00 1.2934260058e+00 7.4066017793e+01
1.3312649114e+00 1.2439957557e+00 8.9189483384e+01
1.3232797731e+00 1.2790705575e+00 7.8318572690e+01
1.3504290899e+00 1.2659399293e+00 8.3214823856e+01
1.2924674747e+00 1.2601458025e+00 7.8899089761e+01
1.3094679923e+00 1.2566385873e+00 8.0928753038e+01
1.2914496209e+00 1.2476940876e+00 8.0965186566e+01
1.3107166068e+00 1.2911960444e+00 7.5926202551e+01
1.3305537341e+00 1.2486334384e+00 8.5710183053e+01
1.3414182457e+00 1.2762663122e+00 8.0161005537e+01
1.3374387031e+00 1.2671003923e+00 8.1530319164e+01
1.3058603090e+00 1.3192831306e+00 7.2741315567e+01
1.3033222064e+00 1.3095397874e+00 7.3552032589e+01
1.2814934335e+00 1.2824352034e+00 7.5258052561e+01
1.3406972919e+00 1.2529041156e+00 8.5946605487e+01
1.3321020122e+00 1.2575655850e+00 8.3118460360e+01
1.3309335823e+00 1.2863124382e+00 7.7819427566e+01
1.3088913326e+00 1.2550373043e+00 8.1186923776e+01
1.3237306011e+00 1.2992183155e+00 7.5738824530e+01
1.3105302653e+00 1.2905071008e+00 7.5997102501e+01
1.3138612068e+00 1.2357084789e+00 8.9189483384e+01
1.2994177953e+00 1.2523257608e+00 8.0820312794e+01
1.3517852524e+00 1.2843399744e+00 7.9637987289e+01
1.3094611844e+00 1.2985812105e+00 7.5012241172e+01
1.2921116519e+00 1.2731236766e+00 7.7029517563e+01
1.3387034481e+00 1.2514011409e+00 8.6197674093e+01
1.3401471442e+00 1.2482096253e+00 8.9189483384e+01
1.3074062661e+00 1.2447721381e+00 8.3361979075e+01
1.3068454114e+00 1.2614397271e+00 7.9830999012e+01
1.2854615916e+00 1.2784670453e+00 7.5949796914e+01
1.3341349399e+00 1.2708419821e+00 8.0502355029e+01
1.2807387568e+00 1.2710047993e+00 7.6577507130e+01
1.3103599612e+00 1.2858650919e+00 7.6552833021e+01
1.3140847050e+00 1.2865150553e+00 7.6701551736e+01
1.3424846583e+00 1.2550525492e+00 8.5413839657e+01
1.3198394376e+00 1.2877649590e+00 7.6902422036e+01
1.3310691763e+00 1.2743455969e+00 7.9637987289e+01
1.3086850519e+00 1.2783611111e+00 7.7418371854e+01
1.3515097747e+00 1.2578467620e+00 8.6028533830e+01
1.3388068422e+00 1.2652944513e+00 8.2052287288e+01
1.2685967957e+00 1.3149554987e+00 7.1436443467e+01
1.3121923435e+00 1.2818462768e+00 7.7183666982e+01
1.2762771577e+00 1.2776408864e+00 7.5507938852e+01
1.2957898631e+00 1.3223332566e+00 7.2003022837e+01
1.3323151187e+00 1.2823001918e+00 7.8489693825e+01
1.3353373314e+00 1.2643872911e+00 8.1888128163e+01
1.2555489797e+00 1.3266935198e+00 6.9928697054e+01
1.3429336159e+00 1.2528541015e+00 8.6466509507e+01
1.2794207909e+00 1.2527801821e+00 7.9048962842e+01
1.3393701504e+00 1.2586044910e+00 8.3771288937e+01
1.2979525363e+00 1.3013345542e+00 7.4107835512e+01
1.3496865260e+00 1.2710684793e+00 8.1928856974e+01
1.2997439628e+00 1.2602659310e+00 7.9448467746e+01
1.3443227319e+00 1.2602163636e+00 8.3986338075e+01
1.3143931488e+00 1.2792082586e+00 7.7684313766e+01
1.2805274194e+00 1.2851435223e+00 7.4901801823e+01
1.3025901789e+00 1.2465448067e+00 8.2347979715e+01
1.2876567447e+00 1.2819358250e+00 7.5669176471e+01
1.3406817247e+00 1.2590428979e+00 8.3824351811e+01
1.3123543069e+00 1.2681421438e+00 7.9170336091e+01
1.3380871206e+00 1.2651386423e+00 8.2010933342e+01
1.3587784618e+00 1.2610991505e+00 8.6112185454e+01
1.3375267532e+00 1.2473355575e+00 8.8596120629e+01
1.3107361507e+00 1.2793684383e+00 7.7418371854e+01
1.2621886262e+00 1.3340364269e+00 6.9630145771e+01
1.3263874004e+00 1.2807790224e+00 7.8290292293e+01
1.3406151367e+00 1.2486154934e+00 8.8853746852e+01
1.3293214466e+00 1.2769691024e+00 7.9079181218e+01
1.2860303916e+00 1.2583245254e+00 7.8692562936e+01
1.2861744202e+00 1.2651343124e+00 7.7711219496e+01
1.3189534031e+00 1.2497675212e+00 8.3512456048e+01
1.3535283746e+00 1.2672266308e+00 8.3263520051e+01
1.2608443860e+00 1.2948136928e+00 7.2896573969e+01
1.3426918031e+00 1.2544079951e+00 8.5710183053e+01
1.3641961157e+00 1.2653382049e+00 8.5413839657e+01
1.3222773670e+00 1.2901463588e+00 7.6751488857e+01
1.3132353914e+00 1.2524355503e+00 8.2177652292e+01
1.3433370145e+00 1.2563876080e+00 8.5068338769e+01
1.3093811165e+00 1.3109351800e+00 7.3714790034e+01
1.3161257317e+00 1.2936689014e+00 7.5949796914e+01
1.3156754629e+00 1.2491242771e+00 8.3263520051e+01
1.3122853632e+00 1.3089083754e+00 7.4066017793e+01
1.2983125981e+00 1.2791292147e+00 7.6651798080e+01
1.3162007440e+00 1.2438091498e+00 8.4936720171e+01
1.3512560883e+00 1.2800352695e+00 8.0330188264e+01
1.2644839203e+00 1.2750939196e+00 7.5123481451e+01
1.3314155436e+00 1.2674340392e+00 8.0892464042e+01
1.3371269393e+00 1.2805576186e+00 7.9109482420e+01
1.3516480225e+00 1.2542046263e+00 8.8378926216e+01
1.3253777944e+00 1.2690980633e+00 8.0060864731e+01
1.2970532827e+00 1.2282112941e+00 8.8378926216e+01
1.3042439932e+00 1.2793083013e+00 7.7004000743e+01
1.3068033962e+00 1.2758756770e+00 7.7630675173e+01
1.3161642627e+00 1.2447162902e+00 8.4621711461e+01
1.2930330225e+00 1.2634952219e+00 7.8432376026e+01
1.2351527532e+00 1.3558258930e+00 6.7095699756e+01
1.2982679325e+00 1.2765565794e+00 7.6978533067e+01
1.3441421664e+00 1.2512082398e+00 8.7855467302e+01
1.3425194777e+00 1.2493333239e+00 8.9189483384e+01
1.3344669293e+00 1.2573858724e+00 8.3461913920e+01
1.3598231513e+00 1.2776209166e+00 8.1569331007e+01
1.3264773197e+00 1.2767484433e+00 7.8899089761e+01
1.3313679956e+00 1.2626706247e+00 8.1847601472e+01
1.2944602671e+00 1.2847269054e+00 7.5738824530e+01
1.2945817881e+00 1.2889705063e+00 7.5258052561e+01
1.2878393938e+00 1.2922206063e+00 7.4532068904e+01
1.2935620553e+00 1.2987278609e+00 7.4149760707e+01
1.2964299221e+00 1.2783945898e+00 7.6626989411e+01
1.3390797925e+00 1.2510247964e+00 8.6466509507e+01
1.2957123383e+00 1.2273859156e+00 8.8596120629e+01
1.3367104075e+00 1.2840445979e+00 7.8547294593e+01
1.3121923435e+00 1.2818462768e+00 7.7183666982e+01
1.3266445442e+00 1.2438197695e+00 8.7192030493e+01
1.3548198766e+00 1.2817449395e+00 8.0330188264e+01
1.3241211890e+00 1.2756034336e+00 7.8899089761e+01
1.3109255799e+00 1.2879240029e+00 7.6332733555e+01
1.2785145878e+00 1.2636685596e+00 7.7392081315e+01
1.3158659163e+00 1.2764240000e+00 7.8177837772e+01
1.2994823738e+00 1.2544356702e+00 8.0433119990e+01
1.3045606903e+00 1.2973519609e+00 7.4879808517e+01
1.2855348505e+00 1.3190042449e+00 7.1836773450e+01
1.3342231951e+00 1.2454003789e+00 8.9189483384e+01
1.3404710497e+00 1.2610039467e+00 8.3263520051e+01
1.2934898355e+00 1.2896258360e+00 7.5123481451e+01
1.3658911964e+00 1.2772703896e+00 8.2262350168e+01
1.3206441851e+00 1.2437199910e+00 8.5787518542e+01
1.3254775897e+00 1.2519642232e+00 8.3771288937e+01
1.3706604946e+00 1.2650251674e+00 8.6966995687e+01
1.3285733526e+00 1.2436347448e+00 8.8014565082e+01
1.2906696483e+00 1.2571613857e+00 7.9231529518e+01
1.2910145924e+00 1.2420538760e+00 8.2093856142e+01
1.3324127231e+00 1.2817642215e+00 7.8576202428e+01
1.3039455220e+00 1.2717513250e+00 7.8011105717e+01
1.3277503730e+00 1.2588589704e+00 8.2305046547e+01
1.3165671122e+00 1.2984865887e+00 7.5416586482e+01
1.2718338176e+00 1.3047354631e+00 7.2491868298e+01
1.3097141815e+00 1.2468140629e+00 8.3118460360e+01
1.3643320085e+00 1.2603724776e+00 8.8187569297e+01
1.3308488884e+00 1.2688757342e+00 8.0572093792e+01
1.3252032213e+00 1.2614061221e+00 8.1491484890e+01
1.3523567402e+00 1.2578760138e+00 8.6197674093e+01
1.3392371663e+00 1.2561132400e+00 8.4500744095e+01
1.2794861492e+00 1.2892347751e+00 7.4403617595e+01
1.3301544559e+00 1.2993798648e+00 7.6092186698e+01
1.3357422181e+00 1.2499935598e+00 8.6197674093e+01
1.3214205319e+00 1.2673731557e+00 8.0027705704e+01
1.3504913454e+00 1.2764081531e+00 8.0928753038e+01
1.3364315637e+00 1.2790605522e+00 7.9293068528e+01
1.2937465356e+00 1.2484366118e+00 8.1038494274e+01
1.3217842324e+00 1.2404024942e+00 8.8014565082e+01
1.2594211095e+00 1.2944969346e+00 7.2857631514e+01
1.3072307727e+00 1.2723928013e+00 7.8149888534e+01
1.3000587694e+00 1.2291067498e+00 8.9189483384e+01
1.3162896152e+00 1.3062204702e+00 7.4553578751e+01
1.3557378105e+00 1.2680888418e+00 8.3312569183e+01
1.3204803186e+00 1.2604526075e+00 8.1224420262e+01
1.3332894183e+00 1.2664352043e+00 8.1262076387e+01
1.2888157389e+00 1.2781621903e+00 7.6187912459e+01
1.3339332994e+00 1.2732331234e+00 8.0060864731e+01
1.3502221992e+00 1.2876615313e+00 7.8988771847e+01
1.3204999097e+00 1.2473494678e+00 8.4441244525e+01
1.3238789584e+00 1.2526903223e+00 8.3361979075e+01
1.3538689462e+00 1.2651313709e+00 8.3877872787e+01
1.2790098148e+00 1.2683866181e+00 7.6801611525e+01
1.3038085766e+00 1.2753785959e+00 7.7497569815e+01
1.2898484438e+00 1.2788724805e+00 7.6163920146e+01
1.3065987384e+00 1.2957515922e+00 7.5168205857e+01
1.3498091629e+00 1.2797251577e+00 8.0262165861e+01
1.3374678683e+00 1.2591945451e+00 8.3361979075e+01
1.3348045460e+00 1.2592340743e+00 8.3023421435e+01
1.3087460409e+00 1.2914161383e+00 7.5785442206e+01
1.3602757335e+00 1.2631120387e+00 8.5559543476e+01
1.3376359777e+00 1.2607761222e+00 8.2976381855e+01
1.3805129779e+00 1.2798259043e+00 8.3312569183e+01
1.2380833199e+00 1.3533323917e+00 6.7362306447e+01
1.3242684703e+00 1.2414024714e+00 8.8187569297e+01
1.3429553544e+00 1.2506460530e+00 8.7855467302e+01
1.2935720762e+00 1.2568670836e+00 7.9511264665e+01
1.3497909175e+00 1.2946906818e+00 7.7928590790e+01
1.3337128710e+00 1.2892360455e+00 7.7603941562e+01
1.3159403985e+00 1.2628103972e+00 8.0364377815e+01
1.3034774108e+00 1.3098228755e+00 7.3531797916e+01
1.3033219329e+00 1.2863456643e+00 7.6068356017e+01
1.3097036986e+00 1.2825862177e+00 7.6927743997e+01
1.3472386476e+00 1.2678150533e+00 8.2391153680e+01
1.3037182072e+00 1.2319533415e+00 8.7855467302e+01
1.2971999766e+00 1.3033997837e+00 7.3858512165e+01
1.3297020617e+00 1.2473034727e+00 8.6112185454e+01
1.3016125355e+00 1.2780110385e+00 7.7004000743e+01
1.2965618407e+00 1.2913580355e+00 7.5101168461e+01
1.3242146594e+00 1.2519183921e+00 8.3614735208e+01
1.3013255480e+00 1.3005871032e+00 7.4361029171e+01
1.3267936432e+00 1.2462864938e+00 8.5946605487e+01
1.2909643390e+00 1.2829879362e+00 7.5738824530e+01
1.3358986930e+00 1.2686404025e+00 8.1075372075e+01
1.3102718891e+00 1.3223375033e+00 7.2664192064e+01
1.2862520508e+00 1.2916260650e+00 7.4510588199e+01
1.2542524593e+00 1.2957519511e+00 7.2491868298e+01
1.2974793602e+00 1.2568736555e+00 7.9830999012e+01
1.3402401562e+00 1.2489904739e+00 8.8187569297e+01
1.2982605195e+00 1.2691531215e+00 7.7983538712e+01
1.2951464577e+00 1.2761896986e+00 7.6826743101e+01
1.2938606571e+00 1.3019270603e+00 7.3837904283e+01
1.3115012783e+00 1.2633232335e+00 7.9896146783e+01
1.3327744358e+00 1.2547085716e+00 8.3986338075e+01
1.3471245482e+00 1.2723144042e+00 8.1414339425e+01
1.3248405893e+00 1.2438803350e+00 8.6657708378e+01
1.2973486310e+00 1.2483096445e+00 8.1414339425e+01
1.2849109697e+00 1.2903496975e+00 7.4575117862e+01
1.2905052165e+00 1.3179752012e+00 7.2152056638e+01
1.3231811334e+00 1.2416186065e+00 8.7568287925e+01
1.3209590044e+00 1.2582281682e+00 8.1727204497e+01
1.2964430072e+00 1.2692279345e+00 7.7846627825e+01
1.3146509902e+00 1.2388321069e+00 8.6757527902e+01
1.3146305584e+00 1.2947259784e+00 7.5738824530e+01
1.2625765928e+00 1.3131202543e+00 7.1328700812e+01
1.3639494208e+00 1.2836130637e+00 8.0784447201e+01
1.3040985585e+00 1.2812004735e+00 7.6751488857e+01
1.3604215779e+00 1.2937468284e+00 7.8810117472e+01
1.3228649445e+00 1.2724854618e+00 7.9293068528e+01
1.3158393830e+00 1.3031609340e+00 7.4857846411e+01
1.2759591526e+00 1.2949410701e+00 7.3633214528e+01
1.3429553544e+00 1.2506460530e+00 8.7855467302e+01
1.3118242724e+00 1.2407890048e+00 8.5272615194e+01
1.2993635013e+00 1.2885563748e+00 7.5576824649e+01
1.2987810428e+00 1.2838980304e+00 7.6092186698e+01
1.2994188983e+00 1.2871904451e+00 7.5738824530e+01
1.3392539885e+00 1.2757997124e+00 8.0060864731e+01
1.3594276129e+00 1.2973846982e+00 7.8205852297e+01
1.2886563491e+00 1.2778858929e+00 7.6211945708e+01
1.3323052461e+00 1.2468819264e+00 8.6966995687e+01
1.3315488654e+00 1.2537501667e+00 8.4096788508e+01
1.3546232556e+00 1.2709591621e+00 8.2478240615e+01
1.3369603048e+00 1.2597021086e+00 8.3166473052e+01
1.3209729823e+00 1.2429556546e+00 8.6197674093e+01
1.3286217045e+00 1.3123403478e+00 7.4553578751e+01
1.2824658595e+00 1.3080757458e+00 7.2683441722e+01
1.2874628518e+00 1.3017677783e+00 7.3531797916e+01
1.2973262067e+00 1.2613778835e+00 7.9079181218e+01
1.2624867246e+00 1.2936064247e+00 7.3092591339e+01
1.2751094949e+00 1.3254902654e+00 7.0833624397e+01
1.2926788696e+00 1.2695078570e+00 7.7550643872e+01
1.3359993467e+00 1.2462431528e+00 8.9189483384e+01
1.3359810333e+00 1.2484445807e+00 8.7077348295e+01
1.3362433960e+00 1.2494923819e+00 8.6560781600e+01
1.2345413376e+00 1.3011302111e+00 7.1114994107e+01
1.3213086190e+00 1.2692329863e+00 7.9701926885e+01
1.3439523224e+00 1.2948108064e+00 7.7524079068e+01
1.3151533924e+00 1.2649066077e+00 7.9928877049e+01
1.3068532878e+00 1.2327245522e+00 8.8596120629e+01
1.3640786049e+00 1.2707280007e+00 8.3666491536e+01
1.2654630790e+00 1.3050012347e+00 7.2170770580e+01
1.3814164086e+00 1.2762773991e+00 8.4441244525e+01
1.3221927365e+00 1.2552490763e+00 8.2522162191e+01
1.3257966550e+00 1.2787424404e+00 7.8547294593e+01
1.3568452103e+00 1.2577701002e+00 8.7436729029e+01
1.2849087866e+00 1.2668347695e+00 7.7392081315e+01
1.3477627952e+00 1.2545875353e+00 8.6757527902e+01
1.3141045492e+00 1.2755630480e+00 7.8177837772e+01
1.2852930876e+00 1.2430053820e+00 8.1299894225e+01
1.3380026562e+00 1.2538501454e+00 8.5068338769e+01
1.3128441239e+00 1.2890685273e+00 7.6308492375e+01
1.2953945104e+00 1.3043301121e+00 7.3673952717e+01
1.3437062343e+00 1.2498951732e+00 8.9189483384e+01
1.3399232452e+00 1.2510554010e+00 8.6657708378e+01
1.3263332719e+00 1.2672681356e+00 8.0467675232e+01
1.3255852607e+00 1.2745769185e+00 7.9170336091e+01
1.3368729072e+00 1.2615391926e+00 8.2700475693e+01
1.2582524153e+00 1.3629413233e+00 6.7436893186e+01
1.2703469847e+00 1.2927106477e+00 7.3572291496e+01
1.2721671033e+00 1.3293078931e+00 7.0401770040e+01
1.3244132325e+00 1.2648173975e+00 8.0748719456e+01
1.2764592801e+00 1.2935691493e+00 7.3796765055e+01
1.3406613126e+00 1.2538145452e+00 8.5559543476e+01
1.2492724758e+00 1.3155272642e+00 7.0556175101e+01
1.3019112677e+00 1.2842612806e+00 7.6236020107e+01
1.2989945718e+00 1.2849943702e+00 7.5973430165e+01
1.3119224952e+00 1.2546197469e+00 8.1569331007e+01
1.3015928700e+00 1.2653850592e+00 7.8780614851e+01
1.3143675651e+00 1.3077037135e+00 7.4297357720e+01
1.3251238180e+00 1.2606119599e+00 8.1647897369e+01
1.2802492815e+00 1.2828083509e+00 7.5145827200e+01
1.3493998528e+00 1.2590805648e+00 8.5135479942e+01
1.3330395862e+00 1.2448385296e+00 8.9189483384e+01
1.2654104240e+00 1.2719970067e+00 7.5530865121e+01
1.2923872839e+00 1.2693640269e+00 7.7550643872e+01
1.2935210030e+00 1.2643126749e+00 7.8346920764e+01
1.2542870840e+00 1.2640474417e+00 7.5808807284e+01
1.3565415862e+00 1.2637747103e+00 8.4683224036e+01
1.3875783818e+00 1.2754064517e+00 8.5787518542e+01
1.3084867303e+00 1.2580555118e+00 8.0572093792e+01
1.3754280680e+00 1.2734551619e+00 8.4441244525e+01
1.2094764570e+00 1.3353128881e+00 6.7541708969e+01
1.3026433579e+00 1.2730534891e+00 7.7738183355e+01
1.3106168287e+00 1.2659524520e+00 7.9386038170e+01
1.2902470950e+00 1.2976727812e+00 7.4086913271e+01
1.2885629884e+00 1.3041640670e+00 7.3350761860e+01
1.3239047943e+00 1.2683851219e+00 8.0060864731e+01
1.3411722773e+00 1.2721280089e+00 8.0892464042e+01
1.2656670200e+00 1.2921666578e+00 7.3390826340e+01
1.2872365555e+00 1.2736439974e+00 7.6651798080e+01
1.3202640055e+00 1.2611054205e+00 8.1075372075e+01
1.3089066808e+00 1.2524092388e+00 8.1727204497e+01
1.3006072762e+00 1.2903713700e+00 7.5439372000e+01
1.3713264958e+00 1.2749154630e+00 8.3461913920e+01
1.3504147135e+00 1.2756067067e+00 8.1075372075e+01
1.2746292256e+00 1.3229079819e+00 7.1026634431e+01
1.3211943408e+00 1.2973673653e+00 7.5808807284e+01
1.3164748103e+00 1.2640216405e+00 8.0194610813e+01
1.2914912563e+00 1.3477116083e+00 6.9745748012e+01
1.2873607017e+00 1.2774390382e+00 7.6187912459e+01
1.2778589870e+00 1.2660615266e+00 7.7029517563e+01
1.3699603774e+00 1.2626490151e+00 8.8596120629e+01
1.3255560166e+00 1.2501408304e+00 8.4324110442e+01
1.3337486890e+00 1.2585412272e+00 8.3070778751e+01
1.3175191073e+00 1.2870199882e+00 7.6851921864e+01
1.3027245523e+00 1.2577206587e+00 8.0127513527e+01
1.3448146946e+00 1.2509730229e+00 8.8378926216e+01
1.3687306033e+00 1.2630000750e+00 8.7707378991e+01
1.3022034622e+00 1.2844058812e+00 7.6236020107e+01
1.3274998724e+00 1.2822947607e+00 7.8149888534e+01
1.3026967997e+00 1.2970278228e+00 7.4814015260e+01
1.3160077188e+00 1.2535848510e+00 8.2219886681e+01
1.3286841934e+00 1.2557414206e+00 8.3166473052e+01
1.2952094323e+00 1.2695903077e+00 7.7711219496e+01
1.2831093474e+00 1.2812548287e+00 7.5485048020e+01
1.3472898470e+00 1.2616286180e+00 8.3986338075e+01
1.3253673178e+00 1.2769830128e+00 7.8780614851e+01
1.3158966824e+00 1.2785791753e+00 7.7873888177e+01
1.2949673399e+00 1.3043197505e+00 7.3653571278e+01
1.3063609891e+00 1.3073776140e+00 7.3920490059e+01
1.3236721193e+00 1.2804291741e+00 7.8149888534e+01
1.2629521752e+00 1.3249677009e+00 7.0367616286e+01
1.3042935184e+00 1.2565870345e+00 8.0467675232e+01
1.3396227737e+00 1.2767462455e+00 7.9928877049e+01
1.2706993030e+00 1.3430393002e+00 6.9287046219e+01
1.3120311069e+00 1.3038994483e+00 7.4575117862e+01
1.3080391734e+00 1.2380536044e+00 8.5634214754e+01
1.3272075087e+00 1.2537254173e+00 8.3512456048e+01
1.3460192536e+00 1.2628992113e+00 8.3461913920e+01
1.3144869800e+00 1.2446523534e+00 8.4382373156e+01
1.3124434875e+00 1.2833442299e+00 7.7004000743e+01
1.2995365649e+00 1.2426465825e+00 8.2929653666e+01
1.3373530625e+00 1.2798929580e+00 7.9231529518e+01
1.3298724711e+00 1.2689771117e+00 8.0467675232e+01
1.2813459463e+00 1.3297631228e+00 7.0746508376e+01
1.3264125112e+00 1.2418726273e+00 8.8853746852e+01
1.3257391822e+00 1.2731104007e+00 7.9417207447e+01
1.3310888469e+00 1.2559573162e+00 8.3411757846e+01
1.3058206437e+00 1.2877807637e+00 7.6044565226e+01
1.3312649114e+00 1.2439957557e+00 8.9189483384e+01
1.3443462822e+00 1.2505668376e+00 8.8596120629e+01
1.3500484017e+00 1.2549285204e+00 8.7192030493e+01
1.3005373339e+00 1.2468590990e+00 8.2052287288e+01
1.3143980489e+00 1.2757065400e+00 7.8177837772e+01
1.2928607107e+00 1.2493224367e+00 8.0784447201e+01
1.3449653126e+00 1.2810561075e+00 7.9637987289e+01
1.2625007673e+00 1.2770770726e+00 7.4792145946e+01
1.3623744314e+00 1.2680383589e+00 8.4209337681e+01
1.3252272241e+00 1.2535235716e+00 8.3312569183e+01
1.2884205306e+00 1.2785573986e+00 7.6116057475e+01
1.3342231951e+00 1.2454003789e+00 8.9189483384e+01
1.3285998383e+00 1.2462246736e+00 8.6374684998e+01
1.3666661064e+00 1.2659432860e+00 8.5634214754e+01
1.3114611326e+00 1.2895762335e+00 7.6163920146e+01
1.3147922275e+00 1.2595961537e+00 8.0856317856e+01
1.2393132477e+00 1.2954905085e+00 7.1818391996e+01
1.3212716379e+00 1.2920286483e+00 7.6454577770e+01
1.3295939610e+00 1.2802006721e+00 7.8605182622e+01
1.3152232632e+00 1.2998304377e+00 7.5190617570e+01
1.3070972949e+00 1.2900025033e+00 7.5855650848e+01
1.3419102757e+00 1.2613154873e+00 8.3361979075e+01
1.2807973920e+00 1.2927188018e+00 7.4107835512e+01
1.3029577258e+00 1.2941420724e+00 7.5145827200e+01
1.3279634416e+00 1.2582091068e+00 8.2478240615e+01
1.2562339604e+00 1.2959444439e+00 7.2568252847e+01
1.2864949196e+00 1.3132297029e+00 7.2396839172e+01
1.3281734815e+00 1.2523229693e+00 8.4041308295e+01
1.3439229630e+00 1.2553641274e+00 8.5559543476e+01
1.3443462822e+00 1.2505668376e+00 8.8596120629e+01
1.2557669117e+00 1.3077262106e+00 7.1490541645e+01
1.2261937648e+00 1.3281592509e+00 6.8663860961e+01
1.3151135267e+00 1.2741171034e+00 7.8460999819e+01
1.2886755557e+00 1.2761241843e+00 7.6430123055e+01
1.3465881336e+00 1.2833854097e+00 7.9386038170e+01
1.3163221874e+00 1.2580661938e+00 8.1299894225e+01
1.3366436300e+00 1.2832339822e+00 7.8663362312e+01
1.3166416016e+00 1.2808956059e+00 7.7603941562e+01
1.3358899611e+00 1.3090316915e+00 7.5303177292e+01
1.3132723853e+00 1.2598077517e+00 8.0677671172e+01
1.3604595885e+00 1.2686355340e+00 8.3771288937e+01
1.3001299195e+00 1.2524833577e+00 8.0856317856e+01
1.3242218406e+00 1.2410134879e+00 8.8596120629e+01
1.3285947946e+00 1.2588882127e+00 8.2391153680e+01
1.3064830426e+00 1.2330947974e+00 8.8014565082e+01
1.3152735150e+00 1.2573705899e+00 8.1337875892e+01
1.3491136231e+00 1.2655016874e+00 8.3166473052e+01
1.3383803050e+00 1.2534724966e+00 8.5272615194e+01
1.2672236634e+00 1.2719200452e+00 7.5646033984e+01
1.3362263055e+00 1.2530043246e+00 8.5068338769e+01
1.2697674559e+00 1.3321451953e+00 7.0079580337e+01
1.2610786420e+00 1.2698212737e+00 7.5530865121e+01
1.2904787034e+00 1.2647443297e+00 7.8066427965e+01
1.2832581212e+00 1.2329120657e+00 8.3411757846e+01
1.3039729319e+00 1.2451620538e+00 8.2837107130e+01
1.3687675352e+00 1.2708750897e+00 8.4266437827e+01
1.3065169982e+00 1.3076599463e+00 7.3899804954e+01
1.2518150951e+00 1.3243179564e+00 6.9962132507e+01
1.3215023377e+00 1.3049581094e+00 7.4967970313e+01
1.3564950851e+00 1.2712825897e+00 8.2610784034e+01
1.3364451195e+00 1.2878204375e+00 7.7983538712e+01
1.3230591404e+00 1.3047185343e+00 7.5078888084e+01
1.3381745134e+00 1.2703059043e+00 8.0965186566e+01
1.3254634355e+00 1.2764492157e+00 7.8869354308e+01
1.3459914212e+00 1.2550459449e+00 8.6112185454e+01
1.3529300638e+00 1.2555503538e+00 8.7707378991e+01
1.3434213600e+00 1.2953417688e+00 7.7418371854e+01
1.3097036986e+00 1.2825862177e+00 7.6927743997e+01
1.3164009211e+00 1.2833237014e+00 7.7261429339e+01
1.3221255994e+00 1.2409320330e+00 8.7707378991e+01
1.3299788862e+00 1.2614368254e+00 8.1969790983e+01
1.3878918052e+00 1.2706835965e+00 8.9189483384e+01
1.3699603774e+00 1.2626490151e+00 8.8596120629e+01
1.2931601858e+00 1.3052519141e+00 7.3471238414e+01
1.3097623210e+00 1.2834018982e+00 7.6826743101e+01
1.3242912047e+00 1.2679987115e+00 8.0161005537e+01
1.3021763045e+00 1.2578335893e+00 8.0060864731e+01
1.3272083446e+00 1.2550341549e+00 8.3166473052e+01
1.3533899446e+00 1.3007784617e+00 7.7339661375e+01
1.3470183314e+00 1.2518312515e+00 8.8596120629e+01
1.3255240571e+00 1.2676401620e+00 8.0330188264e+01
1.2779226177e+00 1.3082499307e+00 7.2453796832e+01
1.3201727579e+00 1.2992661944e+00 7.5530865121e+01
1.3368010013e+00 1.2506820060e+00 8.6112185454e+01
1.3403186705e+00 1.2484750170e+00 8.8853746852e+01
1.3406613126e+00 1.2538145452e+00 8.5559543476e+01
1.3529633364e+00 1.2546410602e+00 8.8596120629e+01
1.3099945444e+00 1.2932312185e+00 7.5646033984e+01
1.2605721479e+00 1.3125079891e+00 7.1292919602e+01
1.3504017396e+00 1.2567646833e+00 8.6285126569e+01
1.3369348892e+00 1.3027077357e+00 7.6092186698e+01
1.3389067367e+00 1.2831645420e+00 7.8839697086e+01
1.3100380449e+00 1.2338824687e+00 8.9189483384e+01
1.3273451720e+00 1.2426832574e+00 8.8378926216e+01
1.3017816941e+00 1.2643248855e+00 7.8958797887e+01
1.3608324300e+00 1.2581678870e+00 8.8853746852e+01
1.3581522814e+00 1.2630414573e+00 8.5203558584e+01
1.3047467760e+00 1.2932278654e+00 7.5348437930e+01
1.2879225606e+00 1.2886467201e+00 7.4923826465e+01
1.3204100968e+00 1.2583406989e+00 8.1647897369e+01
1.2963684456e+00 1.2858740540e+00 7.5715571564e+01
1.3058475151e+00 1.2881911052e+00 7.5997102501e+01
1.3127848153e+00 1.2650933006e+00 7.9701926885e+01
1.2736139370e+00 1.2776947956e+00 7.5348437930e+01
1.3279255825e+00 1.2823071714e+00 7.8177837772e+01
1.2479535496e+00 1.3229466731e+00 6.9911999338e+01
1.2723096764e+00 1.3212917310e+00 7.1061930643e+01
1.3275257207e+00 1.2774512013e+00 7.8869354308e+01
1.2906386481e+00 1.2780822762e+00 7.6308492375e+01
1.3351516041e+00 1.2742049326e+00 7.9994655462e+01
1.2910245414e+00 1.3052005117e+00 7.3370782375e+01
1.3181128651e+00 1.2497365124e+00 8.3411757846e+01
1.3140183412e+00 1.2940240536e+00 7.5785442206e+01
1.3002946887e+00 1.2876251874e+00 7.5738824530e+01
1.3493094531e+00 1.2701294993e+00 8.2093856142e+01
1.3046429754e+00 1.2462309584e+00 8.2655493698e+01
1.3359993047e+00 1.2711671182e+00 8.0607155573e+01
1.3347088379e+00 1.2724575849e+00 8.0262165861e+01
1.2530356741e+00 1.3196084307e+00 7.0384686022e+01
1.3272496298e+00 1.2921893226e+00 7.6801611525e+01
1.3425018050e+00 1.2629129682e+00 8.3023421435e+01
1.3534347175e+00 1.2611805930e+00 8.5068338769e+01
1.3226998187e+00 1.2399223485e+00 8.9189483384e+01
1.2875388877e+00 1.2446620853e+00 8.1186923776e+01
1.3425451763e+00 1.2619939192e+00 8.3263520051e+01
1.3436955798e+00 1.2704813648e+00 8.1452825766e+01
1.3406272959e+00 1.2941793098e+00 7.7392081315e+01
1.3406616374e+00 1.2490059599e+00 8.8378926216e+01
1.2881871404e+00 1.2574711351e+00 7.8988771847e+01
1.2870478204e+00 1.3170534730e+00 7.2077389913e+01
1.3194059280e+00 1.3246356426e+00 7.2877092002e+01
1.2741516738e+00 1.2689001072e+00 7.6430123055e+01
1.3485735922e+00 1.2555277012e+00 8.6466509507e+01
1.3348702284e+00 1.2933465711e+00 7.7132082137e+01
1.3587237636e+00 1.2593993562e+00 8.6966995687e+01
1.3290445757e+00 1.2706800468e+00 8.0094133635e+01
1.3548982952e+00 1.2579636986e+00 8.6757527902e+01
1.3067828584e+00 1.2654252390e+00 7.9170336091e+01
1.3246635227e+00 1.3004799169e+00 7.5646033984e+01
1.3472363219e+00 1.2524883006e+00 8.8014565082e+01
1.3283090901e+00 1.2425911325e+00 8.9189483384e+01
1.3842540593e+00 1.2699143470e+00 8.8014565082e+01
1.3145641185e+00 1.2982978753e+00 7.5325790544e+01
1.3282742450e+00 1.2867794559e+00 7.7577264583e+01
1.2879064296e+00 1.2590554269e+00 7.8721838178e+01
1.3410468717e+00 1.2547408458e+00 8.5272615194e+01
1.2919243948e+00 1.2894450312e+00 7.5056640173e+01
1.3474759569e+00 1.2557498060e+00 8.6112185454e+01
1.3621511684e+00 1.2586038370e+00 8.9189483384e+01
1.2868361726e+00 1.2823205621e+00 7.5576824649e+01
1.3338237456e+00 1.2834222749e+00 7.8432376026e+01
1.3246360046e+00 1.2558604462e+00 8.2655493698e+01
1.3553396589e+00 1.2724380158e+00 8.2219886681e+01
1.3351111602e+00 1.2458217659e+00 8.9189483384e+01
1.3371983994e+00 1.2481006326e+00 8.7707378991e+01
1.3252450330e+00 1.2661706786e+00 8.0572093792e+01
1.3156271515e+00 1.2365512528e+00 8.9189483384e+01
1.2952392872e+00 1.3040478032e+00 7.3694358938e+01
1.3268735281e+00 1.2641051180e+00 8.1112401649e+01
1.3339092636e+00 1.2474601624e+00 8.7077348295e+01
1.3706761949e+00 1.2676472225e+00 8.5710183053e+01
1.3193500981e+00 1.2974574095e+00 7.5692355604e+01
1.2650916703e+00 1.3114776104e+00 7.1581045961e+01
1.3205300270e+00 1.2875123678e+00 7.6978533067e+01
1.3596400390e+00 1.2576059815e+00 8.8853746852e+01
1.3628317938e+00 1.2645067806e+00 8.5486104849e+01
1.3490979667e+00 1.2528146845e+00 8.8596120629e+01
1.2330040592e+00 1.3209139848e+00 6.9466080940e+01
1.2993446718e+00 1.2929452444e+00 7.5078888084e+01
1.3417775687e+00 1.2575095217e+00 8.4441244525e+01
1.3549975791e+00 1.2600561218e+00 8.5787518542e+01
1.3323087334e+00 1.2709170295e+00 8.0330188264e+01
1.2905708232e+00 1.2694390707e+00 7.7418371854e+01
1.2972545057e+00 1.3077224164e+00 7.3430984963e+01
1.3074274655e+00 1.2586791141e+00 8.0364377815e+01
1.3055403760e+00 1.2640521937e+00 7.9293068528e+01
1.3295042174e+00 1.3127774819e+00 7.4553578751e+01
1.3438056643e+00 1.2760719479e+00 8.0398687958e+01
1.3203007949e+00 1.2532153989e+00 8.2791277101e+01
1.2761974277e+00 1.2742417320e+00 7.5902646881e+01
1.3361374137e+00 1.2522193559e+00 8.5342693277e+01
1.3161966650e+00 1.2625541307e+00 8.0433119990e+01
1.3427133630e+00 1.2596369675e+00 8.3931863986e+01
1.3074271016e+00 1.3190333455e+00 7.2838192431e+01
1.2924031396e+00 1.2732678021e+00 7.7029517563e+01
1.2934654897e+00 1.2892135836e+00 7.5168205857e+01
1.3291441002e+00 1.2587757759e+00 8.2478240615e+01
1.3284677041e+00 1.2590153032e+00 8.2347979715e+01
1.3398972885e+00 1.2484594810e+00 8.8596120629e+01
1.3594678315e+00 1.2573396761e+00 8.9189483384e+01
1.3166692139e+00 1.3080352722e+00 7.4382309227e+01
1.3331404962e+00 1.2635219171e+00 8.1847601472e+01
1.2959814610e+00 1.2723036776e+00 7.7392081315e+01
1.3740977804e+00 1.2703838189e+00 8.5272615194e+01
1.3557000409e+00 1.2576002453e+00 8.7192030493e+01
1.3269612135e+00 1.2710134279e+00 7.9863521106e+01
1.3250563022e+00 1.2873674237e+00 7.7287454070e+01
1.3268389154e+00 1.2904071051e+00 7.7004000743e+01
1.3184723945e+00 1.2926366747e+00 7.6211945708e+01
1.3431642509e+00 1.2815402352e+00 7.9417207447e+01
1.3433297146e+00 1.2550823852e+00 8.5559543476e+01
1.3520001635e+00 1.2661229563e+00 8.3361979075e+01
1.3396057645e+00 1.2750095460e+00 8.0228330525e+01
1.3266946265e+00 1.2651581751e+00 8.0892464042e+01
1.3949799348e+00 1.2741821940e+00 8.8853746852e+01
1.3501945210e+00 1.2762659261e+00 8.0928753038e+01
1.3136537554e+00 1.2459208459e+00 8.3877872787e+01
1.3018836002e+00 1.2576910010e+00 8.0060864731e+01
1.2973709970e+00 1.2343962654e+00 8.5068338769e+01
1.3252822512e+00 1.2945953611e+00 7.6381342894e+01
1.3173129329e+00 1.2487936466e+00 8.3563393325e+01
1.3182388489e+00 1.2648768227e+00 8.0194610813e+01
1.3298371743e+00 1.2716378221e+00 7.9994655462e+01
1.2905616301e+00 1.3113510212e+00 7.2760648706e+01
1.2979684024e+00 1.2690095268e+00 7.7983538712e+01
1.3264820519e+00 1.2837507020e+00 7.7873888177e+01
1.3380026562e+00 1.2538501454e+00 8.5068338769e+01
1.2261937648e+00 1.3281592509e+00 6.8663860961e+01
1.3530614639e+00 1.2668161483e+00 8.3312569183e+01
1.3005030062e+00 1.2782477895e+00 7.6902422036e+01
1.2818931419e+00 1.3165189579e+00 7.1892025986e+01
1.3514090204e+00 1.2557574025e+00 8.7077348295e+01
1.2937911374e+00 1.2875782886e+00 7.5371119608e+01
1.3725488301e+00 1.3138466139e+00 7.6851921864e+01
1.2908232550e+00 1.2327082138e+00 8.4560892485e+01
1.3275161381e+00 1.2429481756e+00 8.8187569297e+01
1.3309910577e+00 1.2512514418e+00 8.4808428882e+01
1.3021844490e+00 1.2743848317e+00 7.7524079068e+01
1.2846577702e+00 1.2492782926e+00 8.0060864731e+01
1.3351516041e+00 1.2742049326e+00 7.9994655462e+01
1.3186867727e+00 1.2937369532e+00 7.6092186698e+01
1.2487790079e+00 1.3007906778e+00 7.1781682849e+01
1.2928285232e+00 1.2610895208e+00 7.8780614851e+01
1.3438915600e+00 1.2514588463e+00 8.7568287925e+01
1.3365598161e+00 1.2474291258e+00 8.8014565082e+01
1.3276014301e+00 1.2734359360e+00 7.9511264665e+01
1.3355198896e+00 1.2751510097e+00 7.9863521106e+01
1.2854587988e+00 1.3164538525e+00 7.2058770198e+01
1.3291826038e+00 1.2661678025e+00 8.0928753038e+01
1.3016167076e+00 1.2954830905e+00 7.4923826465e+01
1.3414811730e+00 1.2573684098e+00 8.4441244525e+01
1.3225808103e+00 1.2845856125e+00 7.7497569815e+01
1.2927335948e+00 1.2799105101e+00 7.6211945708e+01
1.3158649482e+00 1.2620131677e+00 8.0502355029e+01
1.2838840384e+00 1.3079687633e+00 7.2760648706e+01
1.3647104062e+00 1.2599940799e+00 8.8853746852e+01
1.2885554885e+00 1.3151080274e+00 7.2321172068e+01
1.3418012472e+00 1.2491773989e+00 8.8853746852e+01
1.3272277917e+00 1.2620028384e+00 8.1569331007e+01
1.3536811059e+00 1.2596191803e+00 8.5710183053e+01
1.3539143566e+00 1.2567565427e+00 8.7192030493e+01
1.2729087420e+00 1.2962479927e+00 7.3350761860e+01
1.3042997386e+00 1.2744510571e+00 7.7657465783e+01
1.2800873272e+00 1.2873263138e+00 7.4639912012e+01
1.3380871206e+00 1.2651386423e+00 8.2010933342e+01
1.3065701079e+00 1.2460431693e+00 8.2929653666e+01
1.2794278014e+00 1.2831943658e+00 7.5056640173e+01
1.2963854264e+00 1.2758226710e+00 7.6953114246e+01
1.3234392804e+00 1.2649174891e+00 8.0642347542e+01
1.3149614876e+00 1.2367820685e+00 8.8378926216e+01
1.3240799831e+00 1.2433336579e+00 8.6757527902e+01
1.3404035367e+00 1.2930846677e+00 7.7524079068e+01
1.2786045475e+00 1.2970922995e+00 7.3552032589e+01
1.3435811502e+00 1.2500202572e+00 8.8853746852e+01
1.3180003735e+00 1.2668619373e+00 7.9830999012e+01
1.3342131366e+00 1.2589510825e+00 8.3023421435e+01
1.3335781660e+00 1.2556524640e+00 8.3824351811e+01
1.3021592282e+00 1.2591566913e+00 7.9830999012e+01
1.3215383107e+00 1.2454396185e+00 8.5272615194e+01
1.3512260574e+00 1.2695289480e+00 8.2434572567e+01
1.3473064609e+00 1.2787149592e+00 8.0228330525e+01
1.3163093976e+00 1.2668062740e+00 7.9701926885e+01
1.2799076915e+00 1.2731404833e+00 7.6260135872e+01
1.3010260526e+00 1.2502826800e+00 8.1376023555e+01
1.3148916235e+00 1.2577524814e+00 8.1224420262e+01
1.3183658665e+00 1.2953727366e+00 7.5879129711e+01
1.3023413930e+00 1.2659437456e+00 7.8751188620e+01
1.3217780557e+00 1.2438928860e+00 8.5946605487e+01
1.3358889692e+00 1.2476633252e+00 8.7568287925e+01
1.2908535438e+00 1.2530669699e+00 7.9928877049e+01
1.3303245474e+00 1.2663378659e+00 8.1001766381e+01
1.3065141881e+00 1.2739822626e+00 7.7873888177e+01
1.3228629377e+00 1.2497811671e+00 8.4041308295e+01
1.3126758707e+00 1.2866112197e+00 7.6602225844e+01
1.3143321618e+00 1.2591840319e+00 8.0892464042e+01
1.3437737543e+00 1.3002678163e+00 7.6801611525e+01
1.3526896667e+00 1.2571049664e+00 8.6657708378e+01
1.3098322656e+00 1.2619398489e+00 7.9994655462e+01
1.3517168606e+00 1.2572016043e+00 8.6374684998e+01
1.2579033030e+00 1.2660614057e+00 7.5785442206e+01
1.2957722040e+00 1.2899635739e+00 7.5213062491e+01
1.3506405196e+00 1.2626597666e+00 8.4152793230e+01
1.3041790188e+00 1.2553955825e+00 8.0677671172e+01
1.2913166065e+00 1.2630364092e+00 7.8375337009e+01
1.3248268797e+00 1.2473812177e+00 8.5135479942e+01
1.3248007740e+00 1.2574417255e+00 8.2305046547e+01
1.3341469301e+00 1.2507153807e+00 8.5559543476e+01
1.3527888307e+00 1.2591966518e+00 8.5710183053e+01
1.3396154579e+00 1.2706172960e+00 8.1038494274e+01
1.3383001549e+00 1.2793844030e+00 7.9386038170e+01
1.3230212890e+00 1.2679573571e+00 8.0060864731e+01
1.3257644220e+00 1.2687114357e+00 8.0161005537e+01
1.3293611917e+00 1.2467718598e+00 8.6285126569e+01
1.2799076915e+00 1.2731404833e+00 7.6260135872e+01
1.3219304947e+00 1.3194714155e+00 7.3491400916e+01
1.3287206884e+00 1.2522122376e+00 8.4152793230e+01
1.3014091026e+00 1.2852002408e+00 7.6092186698e+01
1.3069874287e+00 1.2447561274e+00 8.3312569183e+01
1.3395380985e+00 1.2698184383e+00 8.1186923776e+01
1.3406790507e+00 1.2577330492e+00 8.4209337681e+01
1.3402401562e+00 1.2489904739e+00 8.8187569297e+01
1.3440398546e+00 1.2539347868e+00 8.6197674093e+01
1.3348894708e+00 1.2587119366e+00 8.3166473052e+01
1.2913879841e+00 1.2830003971e+00 7.5762114683e+01
1.3545227598e+00 1.2816024670e+00 8.0330188264e+01
1.2980866202e+00 1.2741214772e+00 7.7287454070e+01
1.3430631367e+00 1.2741828838e+00 8.0677671172e+01
1.3182170564e+00 1.2631523695e+00 8.0502355029e+01
1.3048612542e+00 1.2642954804e+00 7.9200889974e+01
1.3002051334e+00 1.2424123185e+00 8.3070778751e+01
1.2811369235e+00 1.2884556463e+00 7.4575117862e+01
1.2920281366e+00 1.2701585901e+00 7.7418371854e+01
1.3062360888e+00 1.2333417511e+00 8.7707378991e+01
1.3340008499e+00 1.2482416496e+00 8.6657708378e+01
1.3243737883e+00 1.2587418832e+00 8.1969790983e+01
1.3652932396e+00 1.2638018829e+00 8.6285126569e+01
1.2894934414e+00 1.2914394846e+00 7.4704974011e+01
1.3388632334e+00 1.2591114080e+00 8.3563393325e+01
1.3005352892e+00 1.3018150414e+00 7.4191794234e+01
1.2943340400e+00 1.2691590823e+00 7.7711219496e+01
1.3229832885e+00 1.2483528678e+00 8.4500744095e+01
1.3245926752e+00 1.2515403763e+00 8.3771288937e+01
1.2838504895e+00 1.3259441436e+00 7.1168201621e+01
1.3480699430e+00 1.2560313505e+00 8.6112185454e+01
1.3194850037e+00 1.2811147567e+00 7.7765205727e+01
1.2703627350e+00 1.2557685444e+00 7.7928590790e+01
1.3407817604e+00 1.2887525602e+00 7.8149888534e+01
1.3102878117e+00 1.2654090354e+00 7.9448467746e+01
1.3643162248e+00 1.2639005747e+00 8.6028533830e+01
1.3331963159e+00 1.2547235602e+00 8.4041308295e+01
1.3582885714e+00 1.2580804478e+00 8.7707378991e+01
1.2989026886e+00 1.2951359317e+00 7.4814015260e+01
1.3470774110e+00 1.2535223494e+00 8.7192030493e+01
1.3190478578e+00 1.2601393148e+00 8.1149584901e+01
1.3460364725e+00 1.2554385239e+00 8.5946605487e+01
1.3267775142e+00 1.2690102033e+00 8.0194610813e+01
1.3582758741e+00 1.2567778268e+00 8.9189483384e+01
1.3197761152e+00 1.2742625051e+00 7.8780614851e+01
1.3593478202e+00 1.2715042416e+00 8.2883230736e+01
1.3607642694e+00 1.2599907360e+00 8.7192030493e+01
1.3022293061e+00 1.2569100273e+00 8.0228330525e+01
1.3227932437e+00 1.2406998786e+00 8.8187569297e+01
1.3526541274e+00 1.2580167719e+00 8.6197674093e+01
1.2935743527e+00 1.2886681468e+00 7.5235540770e+01
1.2776290192e+00 1.2667258978e+00 7.6927743997e+01
1.3099481226e+00 1.2679299933e+00 7.9018826610e+01
1.3078221085e+00 1.3081084468e+00 7.3920490059e+01
1.3475814529e+00 1.2670338576e+00 8.2610784034e+01
1.3020122543e+00 1.2606099129e+00 7.9574435566e+01
1.3486166749e+00 1.2822353869e+00 7.9734044399e+01
1.3154430205e+00 1.2619987924e+00 8.0467675232e+01
1.3145395129e+00 1.2978842130e+00 7.5371119608e+01
1.2815490584e+00 1.3335046425e+00 7.0453108159e+01
1.3054115358e+00 1.2537277976e+00 8.1112401649e+01
1.3276302589e+00 1.2646596573e+00 8.1075372075e+01
1.2787278956e+00 1.2882500336e+00 7.4467713732e+01
1.3465960500e+00 1.2518160498e+00 8.8378926216e+01
1.2896734629e+00 1.3188069548e+00 7.2040169152e+01
1.3178862701e+00 1.2451713623e+00 8.4745454571e+01
1.3363146648e+00 1.2537899242e+00 8.4808428882e+01
1.3145189751e+00 1.2568171812e+00 8.1376023555e+01
1.2780905393e+00 1.3133251723e+00 7.2003022837e+01
1.3234036328e+00 1.2483684817e+00 8.4560892485e+01
1.3062780633e+00 1.2820787062e+00 7.6776526866e+01
1.2704327787e+00 1.2978523599e+00 7.3072890473e+01
1.3144793949e+00 1.2564208278e+00 8.1452825766e+01
1.2892160347e+00 1.2664420442e+00 7.7738183355e+01
1.3556417894e+00 1.2559054741e+00 8.8596120629e+01
1.3153981206e+00 1.2812642928e+00 7.7471115761e+01
1.3145588088e+00 1.2380544684e+00 8.7192030493e+01
1.3219549301e+00 1.2406672371e+00 8.7855467302e+01
1.2713263042e+00 1.2817218706e+00 7.4770307295e+01
1.3104764548e+00 1.2918738757e+00 7.5832210102e+01
1.3516607386e+00 1.2642698167e+00 8.3824351811e+01
1.2994513171e+00 1.2457724808e+00 8.2177652292e+01
1.3068257529e+00 1.2597164892e+00 8.0127513527e+01
1.2869860966e+00 1.2948198538e+00 7.4212851892e+01
1.3379301045e+00 1.2692363183e+00 8.1149584901e+01
1.3379855352e+00 1.2512450949e+00 8.6112185454e+01
1.3228873559e+00 1.2462693788e+00 8.5203558584e+01
1.3557113734e+00 1.2821723570e+00 8.0330188264e+01
1.3355085650e+00 1.2528482045e+00 8.5002097282e+01
1.2832928588e+00 1.2819424697e+00 7.5416586482e+01
1.2677867133e+00 1.3350013212e+00 6.9778893484e+01
1.3411411500e+00 1.2568334914e+00 8.4560892485e+01
1.3437062343e+00 1.2498951732e+00 8.9189483384e+01
1.3060260599e+00 1.2557252509e+00 8.0784447201e+01
1.3549053874e+00 1.2737505614e+00 8.1888128163e+01
1.2503337863e+00 1.2515673323e+00 7.7132082137e+01
1.3380283335e+00 1.2779022217e+00 7.9606163389e+01
1.3210703225e+00 1.2402455970e+00 8.7855467302e+01
1.3208898401e+00 1.3095229502e+00 7.4446319730e+01
1.2999955182e+00 1.3084848995e+00 7.3491400916e+01
1.2512117928e+00 1.2935775523e+00 7.2549126342e+01
1.2901582595e+00 1.2515906081e+00 8.0127513527e+01
1.3040997721e+00 1.3048186929e+00 7.4066017793e+01
1.3075298356e+00 1.3079622802e+00 7.3920490059e+01
1.3210057434e+00 1.2573087000e+00 8.1928856974e+01
1.3359888040e+00 1.2856436924e+00 7.8262079083e+01
1.2866085415e+00 1.3275684031e+00 7.1150449702e+01
1.3201084373e+00 1.2765539761e+00 7.8460999819e+01
1.3510910029e+00 1.2709802757e+00 8.2093856142e+01
1.2887950447e+00 1.2664279885e+00 7.7711219496e+01
1.3240899446e+00 1.2533518683e+00 8.3214823856e+01
1.3386197032e+00 1.2781878044e+00 7.9606163389e+01
1.3473500097e+00 1.2558757532e+00 8.6028533830e+01
1.2986749217e+00 1.2936149945e+00 7.4967970313e+01
1.3051485240e+00 1.2727295919e+00 7.7956033878e+01
1.3045807724e+00 1.3122267352e+00 7.3350761860e+01
1.3030099876e+00 1.2452556722e+00 8.2700475693e+01
1.2578399499e+00 1.2973830832e+00 7.2510934134e+01
1.3226976167e+00 1.2508185771e+00 8.3718672554e+01
1.3237558361e+00 1.2406083400e+00 8.8853746852e+01
1.2910407480e+00 1.2798594747e+00 7.6116057475e+01
1.2806125775e+00 1.2841871625e+00 7.5012241172e+01
1.3031848878e+00 1.2659718468e+00 7.8810117472e+01
1.3242218406e+00 1.2410134879e+00 8.8596120629e+01
1.3094647907e+00 1.2609995230e+00 8.0127513527e+01
1.3473617031e+00 1.2523629194e+00 8.8187569297e+01
1.3110661733e+00 1.2838469465e+00 7.6851921864e+01
1.3447316219e+00 1.2769008745e+00 8.0330188264e+01
1.3602025552e+00 1.2587977618e+00 8.7855467302e+01
1.3337436938e+00 1.2896440785e+00 7.7550643872e+01
1.3232607863e+00 1.2860957504e+00 7.7339661375e+01
1.2981913281e+00 1.2814322459e+00 7.6357016986e+01
1.3475004900e+00 1.2609799276e+00 8.4209337681e+01
1.3293667138e+00 1.2432773911e+00 8.8853746852e+01
1.3114211691e+00 1.3185523742e+00 7.3072890473e+01
1.3066891542e+00 1.2568039682e+00 8.0642347542e+01
1.3579069934e+00 1.2672364463e+00 8.3824351811e+01
1.2992438096e+00 1.2425050580e+00 8.2929653666e+01
1.3381267594e+00 1.2742969665e+00 8.0228330525e+01
1.3114337251e+00 1.2581588446e+00 8.0820312794e+01
1.3094205538e+00 1.2466725955e+00 8.3118460360e+01
1.2830339173e+00 1.2661010684e+00 7.7365844600e+01
1.2968291903e+00 1.2910906858e+00 7.5145827200e+01
1.3267081552e+00 1.2848391084e+00 7.7738183355e+01
1.3284855130e+00 1.2476475385e+00 8.5710183053e+01
1.3279172203e+00 1.2512699523e+00 8.4324110442e+01
1.2794266796e+00 1.3202979429e+00 7.1454459275e+01
1.3079142025e+00 1.2738917479e+00 7.7983538712e+01
1.3209199545e+00 1.2473651841e+00 8.4500744095e+01
1.3137822197e+00 1.2523243598e+00 8.2262350168e+01
1.3263224183e+00 1.2559200812e+00 8.2837107130e+01
1.2564057484e+00 1.3267099231e+00 6.9962132507e+01
1.2654102745e+00 1.2867681298e+00 7.3920490059e+01
1.3454995536e+00 1.2673624402e+00 8.2305046547e+01
1.3477936896e+00 1.2598107070e+00 8.4621711461e+01
1.3583684490e+00 1.2575621063e+00 8.8187569297e+01
1.3476106560e+00 1.2569284395e+00 8.5634214754e+01
1.3486052937e+00 1.2646949925e+00 8.3312569183e+01
1.3355747979e+00 1.2711536757e+00 8.0572093792e+01
1.3515723901e+00 1.2621662131e+00 8.4441244525e+01
1.2758490396e+00 1.2898219022e+00 7.4149760707e+01
1.3192415775e+00 1.2980044430e+00 7.5622927969e+01
1.3451097542e+00 1.2559276119e+00 8.5559543476e+01
1.3340009484e+00 1.2596004590e+00 8.2837107130e+01
1.2500768435e+00 1.2864625967e+00 7.3171618697e+01
1.3101670517e+00 1.2524551155e+00 8.1847601472e+01
1.3140700293e+00 1.2638080865e+00 8.0027705704e+01
1.3403186705e+00 1.2484750170e+00 8.8853746852e+01
1.2794717089e+00 1.2310741009e+00 8.3411757846e+01
1.3461332754e+00 1.2680436691e+00 8.2219886681e+01
1.3179842520e+00 1.2799903894e+00 7.7819427566e+01
1.3059898530e+00 1.2692708141e+00 7.8518458573e+01
1.2982851885e+00 1.3023145718e+00 7.4024306706e+01
1.2913865565e+00 1.2808215409e+00 7.6020814122e+01
1.3495358796e+00 1.2615731896e+00 8.4324110442e+01
1.2928136308e+00 1.2750357467e+00 7.6826743101e+01
1.3011890421e+00 1.2779981305e+00 7.6978533067e+01
1.2884431878e+00 1.2929262382e+00 7.4489136515e+01
1.3176599538e+00 1.2759414536e+00 7.8375337009e+01
1.3005601526e+00 1.3083583123e+00 7.3531797916e+01
1.3279132817e+00 1.2915256707e+00 7.6927743997e+01
1.2823157153e+00 1.2451158039e+00 8.0607155573e+01
1.3068831412e+00 1.2910915002e+00 7.5715571564e+01
1.3049859295e+00 1.3026184671e+00 7.4339777311e+01
1.2676586806e+00 1.2584725987e+00 7.7365844600e+01
1.3511989536e+00 1.2778961689e+00 8.0713127966e+01
1.3326227125e+00 1.2727920607e+00 8.0027705704e+01
1.3332599400e+00 1.2800403462e+00 7.8899089761e+01
1.2861713199e+00 1.2668768548e+00 7.7471115761e+01
1.3339980691e+00 1.2771110001e+00 7.9417207447e+01
1.3086592763e+00 1.2858165814e+00 7.6454577770e+01
1.2849147483e+00 1.3380341683e+00 7.0231568090e+01
1.3051807958e+00 1.2805549821e+00 7.6902422036e+01
1.3154403449e+00 1.2781610625e+00 7.7901209028e+01
1.3403201551e+00 1.2532812523e+00 8.5710183053e+01
1.3212204637e+00 1.2780666267e+00 7.8318572690e+01
1.3606835675e+00 1.2605101712e+00 8.6860516083e+01
1.3192130205e+00 1.2678331426e+00 7.9766261626e+01
1.3294966452e+00 1.2807361087e+00 7.8518458573e+01
1.3051373725e+00 1.2418244839e+00 8.3877872787e+01
1.3271727946e+00 1.2817456704e+00 7.8205852297e+01
1.3481750094e+00 1.2673171064e+00 8.2610784034e+01
1.3690395708e+00 1.2644486336e+00 8.6860516083e+01
1.3155071474e+00 1.2488570287e+00 8.3312569183e+01
1.3366982811e+00 1.2486007509e+00 8.7192030493e+01
1.3348880017e+00 1.2600251180e+00 8.2837107130e+01
1.2986428019e+00 1.2544053729e+00 8.0364377815e+01
1.3440029848e+00 1.2500356355e+00 8.9189483384e+01
1.3238096233e+00 1.2658579740e+00 8.0502355029e+01
1.3175468377e+00 1.2577138294e+00 8.1491484890e+01
1.2850656271e+00 1.2932488164e+00 7.4276189762e+01
1.3206441851e+00 1.2437199910e+00 8.5787518542e+01
1.2587919636e+00 1.2964310696e+00 7.2644963102e+01
1.3427375640e+00 1.2499894914e+00 8.8378926216e+01
1.3118263832e+00 1.3001590993e+00 7.4967970313e+01
1.3381745321e+00 1.2646135024e+00 8.2135643310e+01
1.2712048596e+00 1.3167150165e+00 7.1400462359e+01
1.3057944454e+00 1.2755749806e+00 7.7603941562e+01
1.3192921582e+00 1.2612042925e+00 8.0965186566e+01
1.2898629055e+00 1.2640551385e+00 7.8122004123e+01
1.3401471442e+00 1.2482096253e+00 8.9189483384e+01
1.2957370785e+00 1.2607911659e+00 7.9048962842e+01
1.3341712069e+00 1.2572445047e+00 8.3461913920e+01
1.2744425410e+00 1.3152250562e+00 7.1671981608e+01
1.3451704939e+00 1.2528041475e+00 8.7077348295e+01
1.3488138355e+00 1.2539741990e+00 8.7436729029e+01
1.3384072144e+00 1.2512603828e+00 8.6197674093e+01
1.3327380341e+00 1.2481948919e+00 8.6374684998e+01
1.3314827311e+00 1.2446503204e+00 8.8378926216e+01
1.2891981314e+00 1.2716824215e+00 7.7029517563e+01
1.3216407193e+00 1.2566737242e+00 8.2135643310e+01
1.3365144199e+00 1.2518423496e+00 8.5559543476e+01
1.2432995065e+00 1.2711396560e+00 7.4382309227e+01
1.3039571452e+00 1.2852734849e+00 7.6236020107e+01
1.3452946659e+00 1.2653762334e+00 8.2745735086e+01
1.3390160984e+00 1.2975487176e+00 7.6851921864e+01
1.3046976006e+00 1.3402240520e+00 7.0868577685e+01
1.3046608948e+00 1.2719083859e+00 7.8038735323e+01
1.3151426372e+00 1.2727772390e+00 7.8663362312e+01
1.3334248748e+00 1.2873301306e+00 7.7846627825e+01
1.3484119945e+00 1.2565649276e+00 8.5946605487e+01
1.3127857502e+00 1.2576785636e+00 8.1038494274e+01
1.3315776217e+00 1.2891773836e+00 7.7471115761e+01
1.3136680911e+00 1.2886822395e+00 7.6405711507e+01
1.3534789791e+00 1.2554394859e+00 8.8014565082e+01
1.2798981911e+00 1.3119546105e+00 7.2208255597e+01
1.3430252615e+00 1.2737822461e+00 8.0748719456e+01
1.2963130891e+00 1.2693578526e+00 7.7819427566e+01
1.3495637180e+00 1.2580406786e+00 8.5559543476e+01
1.3161874317e+00 1.2734801655e+00 7.8634235730e+01
1.3198681470e+00 1.2628109262e+00 8.0713127966e+01
1.2959202410e+00 1.2976811665e+00 7.4382309227e+01
1.2801169709e+00 1.3143588869e+00 7.2003022837e+01
1.3028179964e+00 1.2872865925e+00 7.5926202551e+01
1.2784425756e+00 1.2559273215e+00 7.8489693825e+01
1.3581501013e+00 1.2569035996e+00 8.8853746852e+01
1.3455092836e+00 1.2607812654e+00 8.3986338075e+01
1.3086408889e+00 1.2626952674e+00 7.9766261626e+01
1.2731741024e+00 1.3296139321e+00 7.0418868377e+01
1.2835498208e+00 1.3104887995e+00 7.2510934134e+01
1.2639605812e+00 1.2574050606e+00 7.7261429339e+01
1.3099966530e+00 1.2827304024e+00 7.6927743997e+01
1.3145658574e+00 1.2646213152e+00 7.9928877049e+01
1.2714638781e+00 1.2416772767e+00 8.0262165861e+01
1.2593611827e+00 1.2867315950e+00 7.3612882375e+01
1.2899360301e+00 1.2583296298e+00 7.8988771847e+01
1.3126571795e+00 1.2805070397e+00 7.7392081315e+01
1.3254614556e+00 1.2480547382e+00 8.5002097282e+01
1.2428290863e+00 1.3424699457e+00 6.8273356655e+01
1.3024774095e+00 1.2675510199e+00 7.8518458573e+01
1.3016167076e+00 1.2954830905e+00 7.4923826465e+01
1.3037703514e+00 1.2767260994e+00 7.7313531307e+01
1.2868482625e+00 1.3111263789e+00 7.2606566992e+01
1.2888586084e+00 1.2672345409e+00 7.7603941562e+01
1.3071105992e+00 1.2838680469e+00 7.6602225844e+01
1.2600341925e+00 1.2891007932e+00 7.3410893841e+01
1.3395191848e+00 1.2667713641e+00 8.1807273904e+01
1.2897195772e+00 1.2833605598e+00 7.5622927969e+01
1.3436457148e+00 1.2604555786e+00 8.3824351811e+01
1.2882447865e+00 1.2565445586e+00 7.9139867144e+01
1.3418916630e+00 1.2547707504e+00 8.5413839657e+01
1.2801008242e+00 1.3021416753e+00 7.3132060082e+01
1.3160499326e+00 1.2474431898e+00 8.3771288937e+01
1.3262787708e+00 1.2568369007e+00 8.2610784034e+01
1.3035822660e+00 1.2507707497e+00 8.1530319164e+01
1.2879194502e+00 1.2625197095e+00 7.8205852297e+01
1.3647977801e+00 1.2669328981e+00 8.4936720171e+01
1.3033115459e+00 1.2536518183e+00 8.0928753038e+01
1.3399114194e+00 1.2707594799e+00 8.1038494274e+01
1.3277560123e+00 1.2562329296e+00 8.2929653666e+01
1.3181229418e+00 1.2697969343e+00 7.9354959114e+01
1.3458293536e+00 1.2560832976e+00 8.5634214754e+01
1.3012388386e+00 1.2748942130e+00 7.7392081315e+01
1.3495205459e+00 1.2528297847e+00 8.8853746852e+01
1.3179443580e+00 1.2494692830e+00 8.3461913920e+01
1.3686141081e+00 1.2644346781e+00 8.6757527902e+01
1.3077393622e+00 1.2440041939e+00 8.3614735208e+01
1.3352998770e+00 1.2841390754e+00 7.8432376026e+01
1.3281174124e+00 1.2667957073e+00 8.0713127966e+01
1.3302864290e+00 1.2576334471e+00 8.2883230736e+01
1.3112608691e+00 1.2348319087e+00 8.8596120629e+01
1.3340192806e+00 1.2858583316e+00 7.8094184084e+01
1.3605872635e+00 1.2685078590e+00 8.3824351811e+01
1.3076300341e+00 1.2549921331e+00 8.1075372075e+01
1.3279645554e+00 1.2529683706e+00 8.3824351811e+01
1.3218041039e+00 1.2700486977e+00 7.9606163389e+01
1.3558277967e+00 1.2899740355e+00 7.9048962842e+01
1.3392689395e+00 1.2538952796e+00 8.5272615194e+01
1.3009518864e+00 1.2581874470e+00 7.9896146783e+01
1.3301777697e+00 1.2490094028e+00 8.5486104849e+01
1.3141267900e+00 1.3031192305e+00 7.4770307295e+01
1.3528839743e+00 1.2551584206e+00 8.8014565082e+01
1.2952401485e+00 1.3184984546e+00 7.2321172068e+01
1.3417870813e+00 1.2741434740e+00 8.0572093792e+01
1.2670648483e+00 1.2738155340e+00 7.5416586482e+01
1.3072622917e+00 1.2745436588e+00 7.7846627825e+01
1.3336247021e+00 1.2862529102e+00 7.8011105717e+01
1.3147408471e+00 1.3156719432e+00 7.3511587388e+01
1.3170064496e+00 1.3011166702e+00 7.5145827200e+01
1.3588304806e+00 1.2628020158e+00 8.5413839657e+01
1.2738675411e+00 1.3022655105e+00 7.2818774681e+01
1.2842692215e+00 1.2713888574e+00 7.6751488857e+01
1.3207000522e+00 1.3009324442e+00 7.5371119608e+01
1.3443462822e+00 1.2505668376e+00 8.8596120629e+01
1.3610089611e+00 1.2658905374e+00 8.4683224036e+01
1.3145974541e+00 1.3013331012e+00 7.4990089796e+01
1.3134769948e+00 1.2713853159e+00 7.8751188620e+01
1.3054682491e+00 1.2846363399e+00 7.6405711507e+01
1.2757850396e+00 1.3235020508e+00 7.1026634431e+01
1.3394943001e+00 1.2904792431e+00 7.7819427566e+01
1.3279197460e+00 1.2691800521e+00 8.0262165861e+01
1.2499257991e+00 1.2831426692e+00 7.3491400916e+01
1.3207628501e+00 1.2776492497e+00 7.8346920764e+01
1.3504123021e+00 1.2532512138e+00 8.8853746852e+01
1.2894848538e+00 1.2474885693e+00 8.0820312794e+01
1.3257443132e+00 1.2421050642e+00 8.8187569297e+01
1.3220325502e+00 1.2401541764e+00 8.8378926216e+01
1.3099788649e+00 1.2635373289e+00 7.9734044399e+01
1.2620182958e+00 1.2836399797e+00 7.4066017793e+01
1.2631929904e+00 1.2547086179e+00 7.7577264583e+01
1.3346123049e+00 1.2463206212e+00 8.8187569297e+01
1.3194331105e+00 1.3118582473e+00 7.4128784622e+01
1.3158141502e+00 1.2659918002e+00 7.9798579510e+01
1.3359599227e+00 1.2663904079e+00 8.1530319164e+01
1.3309201607e+00 1.2569997155e+00 8.3118460360e+01
1.2993461233e+00 1.2759145439e+00 7.7132082137e+01
1.3019724089e+00 1.3113278773e+00 7.3310790842e+01
1.3263804733e+00 1.2961296121e+00 7.6260135872e+01
1.3482211028e+00 1.2611354340e+00 8.4266437827e+01
1.3404251733e+00 1.2632383426e+00 8.2700475693e+01
1.3083218633e+00 1.2334270043e+00 8.8596120629e+01
1.2885766091e+00 1.2540408428e+00 7.9574435566e+01
1.3460946439e+00 1.2523174559e+00 8.7707378991e+01
1.2964214660e+00 1.3019906338e+00 7.3961938190e+01
1.3150552938e+00 1.2684970006e+00 7.9323969492e+01
1.3269467526e+00 1.2592257957e+00 8.2135643310e+01
1.3279077125e+00 1.2753180504e+00 7.9231529518e+01
1.3383189566e+00 1.2846299600e+00 7.8576202428e+01
1.3087517844e+00 1.2831010172e+00 7.6801611525e+01
1.3356513322e+00 1.2492109785e+00 8.6560781600e+01
1.3413142864e+00 1.2706711960e+00 8.1186923776e+01
1.3650088833e+00 1.2601345563e+00 8.8853746852e+01
1.3137943112e+00 1.2653928614e+00 7.9734044399e+01
1.3387497133e+00 1.2780577942e+00 7.9637987289e+01
1.3602025552e+00 1.2587977618e+00 8.7855467302e+01
1.3566981799e+00 1.2732753633e+00 8.2177652292e+01
1.3225829594e+00 1.2448306816e+00 8.5710183053e+01
1.3150021828e+00 1.2519757464e+00 8.2478240615e+01
1.3254375038e+00 1.2554954223e+00 8.2837107130e+01
1.3305754571e+00 1.2525402144e+00 8.4324110442e+01
1.3107816118e+00 1.2366148211e+00 8.6966995687e+01
1.3406151367e+00 1.2486154934e+00 8.8853746852e+01
1.3111348629e+00 1.2384348227e+00 8.6112185454e+01
1.3492810996e+00 1.2833282929e+00 7.9606163389e+01
1.3085648796e+00 1.3003535853e+00 7.4770307295e+01
1.3406817247e+00 1.2590428979e+00 8.3824351811e+01
1.3497386950e+00 1.2534870679e+00 8.8187569297e+01
1.3088574511e+00 1.2751314908e+00 7.7873888177e+01
1.2811529808e+00 1.2814691864e+00 7.5348437930e+01
1.3072265749e+00 1.2523480264e+00 8.1569331007e+01
1.2906176044e+00 1.2798467093e+00 7.6092186698e+01
1.3301962515e+00 1.2664661618e+00 8.0965186566e+01
1.3111352986e+00 1.2719803730e+00 7.8489693825e+01
1.3511711702e+00 1.2717777463e+00 8.1928856974e+01
1.3004263671e+00 1.3054262817e+00 7.3817321945e+01
1.2765872443e+00 1.2677676727e+00 7.6726497234e+01
1.3427768445e+00 1.2683322247e+00 8.1807273904e+01
1.3316910858e+00 1.2488053650e+00 8.5866297957e+01
1.3310429394e+00 1.2594986659e+00 8.2522162191e+01
1.3398835875e+00 1.2813101511e+00 7.9200889974e+01
1.3125161819e+00 1.2444471823e+00 8.4152793230e+01
1.3387782071e+00 1.2609464154e+00 8.3070778751e+01
1.2857526761e+00 1.2725161956e+00 7.6701551736e+01
1.3842892511e+00 1.2689980486e+00 8.9189483384e+01
1.3104343195e+00 1.2395700909e+00 8.5486104849e+01
1.3260860333e+00 1.2426348910e+00 8.7855467302e+01
1.2839975704e+00 1.2973718556e+00 7.3796765055e+01
1.2865197019e+00 1.2795868777e+00 7.5879129711e+01
1.3266116958e+00 1.2447244604e+00 8.6657708378e+01
1.3186013654e+00 1.2627680606e+00 8.0607155573e+01
1.2866181118e+00 1.3126689786e+00 7.2453796832e+01
1.2794134304e+00 1.2993373653e+00 7.3370782375e+01
1.3098908384e+00 1.2893962520e+00 7.6092186698e+01
1.3364559605e+00 1.2777209841e+00 7.9511264665e+01
1.3575542977e+00 1.2566226469e+00 8.8853746852e+01
1.3289707550e+00 1.2795096627e+00 7.8663362312e+01
1.3310765085e+00 1.2459290260e+00 8.7192030493e+01
1.3313745333e+00 1.2613525221e+00 8.2135643310e+01
1.3089417158e+00 1.2837853396e+00 7.6726497234e+01
1.2778469310e+00 1.2930532917e+00 7.3920490059e+01
1.3123396421e+00 1.2782019631e+00 7.7684313766e+01
1.2776440748e+00 1.2484872046e+00 7.9606163389e+01
1.2605550583e+00 1.2824967227e+00 7.4107835512e+01
1.3097241944e+00 1.2685902491e+00 7.8899089761e+01
1.3448393696e+00 1.2535727303e+00 8.6560781600e+01
1.3573341783e+00 1.2607889415e+00 8.5946605487e+01
1.3016534906e+00 1.2766609529e+00 7.7183666982e+01
1.3050305193e+00 1.2541088141e+00 8.1001766381e+01
1.2991245682e+00 1.2643685542e+00 7.8751188620e+01
1.3388968647e+00 1.2494599049e+00 8.7311596302e+01
1.3191450416e+00 1.2452191345e+00 8.4936720171e+01
1.3335748739e+00 1.2543450022e+00 8.4209337681e+01
1.3392675042e+00 1.2714033951e+00 8.0856317856e+01
1.3513042791e+00 1.2536726430e+00 8.8853746852e+01
1.3605923716e+00 1.2597239249e+00 8.7311596302e+01
1.2959202410e+00 1.2976811665e+00 7.4382309227e+01
1.3101949739e+00 1.2965334998e+00 7.5280598016e+01
1.3265082933e+00 1.2474439819e+00 8.5413839657e+01
1.2926948088e+00 1.2956619607e+00 7.4424954390e+01
1.3016916234e+00 1.2919097841e+00 7.5325790544e+01
1.3100380449e+00 1.2338824687e+00 8.9189483384e+01
1.3069340751e+00 1.2757449981e+00 7.7657465783e+01
1.3224916794e+00 1.2623706314e+00 8.1038494274e+01
1.3203148770e+00 1.3153707850e+00 7.3817321945e+01
1.3418729067e+00 1.2521657136e+00 8.6560781600e+01
1.3351111602e+00 1.2458217659e+00 8.9189483384e+01
1.3688493824e+00 1.2690343480e+00 8.4872174373e+01
1.2961081611e+00 1.2634664402e+00 7.8663362312e+01
1.3389052873e+00 1.2608193352e+00 8.3118460360e+01
1.2635943831e+00 1.2842366509e+00 7.4086913271e+01
1.3077415308e+00 1.2828000744e+00 7.6776526866e+01
1.3456040791e+00 1.2541205434e+00 8.6466509507e+01
1.3356715453e+00 1.2470075279e+00 8.8014565082e+01
1.2945115363e+00 1.2463688461e+00 8.1530319164e+01
1.3286659855e+00 1.2444141516e+00 8.7436729029e+01
1.3607667243e+00 1.2771170062e+00 8.1767142530e+01
1.3274228241e+00 1.2421697456e+00 8.9189483384e+01
1.3192654883e+00 1.2638501832e+00 8.0467675232e+01
1.3071568789e+00 1.2463262182e+00 8.2929653666e+01
1.3288688275e+00 1.2437752774e+00 8.8014565082e+01
1.3274137643e+00 1.2517734083e+00 8.4096788508e+01
1.3401577950e+00 1.2543180627e+00 8.5272615194e+01
1.2726168582e+00 1.2821711539e+00 7.4792145946e+01
1.3044766069e+00 1.3206668327e+00 7.2549126342e+01
1.3268788329e+00 1.2422779018e+00 8.8596120629e+01
1.2962848513e+00 1.2298464281e+00 8.6860516083e+01
1.3443462822e+00 1.2505668376e+00 8.8596120629e+01
1.3113712095e+00 1.2861659980e+00 7.6577507130e+01
1.3780853211e+00 1.2668363315e+00 8.8187569297e+01
1.3652733913e+00 1.2611870558e+00 8.7855467302e+01
1.3084821931e+00 1.2672146539e+00 7.9018826610e+01
1.3401258803e+00 1.2565365330e+00 8.4500744095e+01
1.2836115140e+00 1.2981944365e+00 7.3694358938e+01
1.3204693563e+00 1.2617731433e+00 8.0965186566e+01
1.2670293213e+00 1.2881937118e+00 7.3858512165e+01
1.2970800230e+00 1.3223589293e+00 7.2058770198e+01
1.2984301160e+00 1.2995445253e+00 7.4318553532e+01
1.3424989020e+00 1.2712397012e+00 8.1186923776e+01
1.3075806450e+00 1.2559124773e+00 8.0892464042e+01
1.3089929657e+00 1.2518875873e+00 8.1847601472e+01
1.2808474745e+00 1.3149402429e+00 7.1984477453e+01
1.2824500594e+00 1.3076545295e+00 7.2722003404e+01
1.3379500794e+00 1.2521545095e+00 8.5710183053e+01
1.2884179557e+00 1.2951343387e+00 7.4255049545e+01
1.3617660500e+00 1.2743591768e+00 8.2478240615e+01
1.3279077125e+00 1.2753180504e+00 7.9231529518e+01
1.3229948217e+00 1.2400628108e+00 8.9189483384e+01
1.2915530664e+00 1.2928725476e+00 7.4661569416e+01
1.3292334991e+00 1.2652423586e+00 8.1112401649e+01
1.2971387794e+00 1.2624358219e+00 7.8899089761e+01
1.2354472262e+00 1.3271749410e+00 6.9093407911e+01
1.2909634494e+00 1.2747074923e+00 7.6751488857e+01
1.3228778530e+00 1.2449715245e+00 8.5710183053e+01
1.3149614876e+00 1.2367820685e+00 8.8378926216e+01
1.3266147800e+00 1.2521360157e+00 8.3877872787e+01
1.3012075780e+00 1.2579317554e+00 7.9961712929e+01
1.2958522284e+00 1.2458966392e+00 8.1767142530e+01
1.3300529732e+00 1.2806179261e+00 7.8576202428e+01
1.3323913687e+00 1.2673332538e+00 8.1001766381e+01
1.2912627658e+00 1.2431071313e+00 8.1888128163e+01
1.2791301337e+00 1.2526371288e+00 7.9048962842e+01
1.3409255484e+00 1.2500530977e+00 8.7568287925e+01
1.3309639309e+00 1.2473505126e+00 8.6374684998e+01
1.2824725989e+00 1.3168144915e+00 7.1892025986e+01
1.3341349399e+00 1.2708419821e+00 8.0502355029e+01
1.3491905007e+00 1.2535975338e+00 8.7855467302e+01
1.3234537178e+00 1.2727713353e+00 7.9293068528e+01
1.3386197032e+00 1.2781878044e+00 7.9606163389e+01
1.2927393338e+00 1.2255951918e+00 8.9189483384e+01
1.3240048106e+00 1.2551823620e+00 8.2745735086e+01
1.3537521364e+00 1.2942505721e+00 7.8262079083e+01
1.3541071106e+00 1.2548113544e+00 8.9189483384e+01
1.3170535632e+00 1.2464395591e+00 8.4209337681e+01
1.2818152769e+00 1.2808068904e+00 7.5462192458e+01
1.3252405591e+00 1.2823638375e+00 7.7983538712e+01
1.2944198892e+00 1.2961217160e+00 7.4467713732e+01
1.3322246384e+00 1.2600652778e+00 8.2522162191e+01
1.3606835675e+00 1.2605101712e+00 8.6860516083e+01
1.3087151040e+00 1.2560846360e+00 8.0965186566e+01
1.3060909335e+00 1.2993238396e+00 7.4748499176e+01
1.3280092048e+00 1.2546698684e+00 8.3361979075e+01
1.3116288152e+00 1.2544777643e+00 8.1569331007e+01
1.3323881867e+00 1.2616504336e+00 8.2177652292e+01
1.2715873349e+00 1.3019288589e+00 7.2741315567e+01
1.3146179583e+00 1.2458272527e+00 8.4041308295e+01
1.2911173714e+00 1.2789110580e+00 7.6236020107e+01
1.3414508848e+00 1.2521505226e+00 8.6466509507e+01
1.2808951805e+00 1.3078985070e+00 7.2625754767e+01
1.3317711218e+00 1.2482888783e+00 8.6112185454e+01
1.3184922053e+00 1.2506645294e+00 8.3214823856e+01
1.3291366442e+00 1.2701504462e+00 8.0194610813e+01
1.3658230987e+00 1.3042218902e+00 7.7684313766e+01
1.3134595234e+00 1.2369796364e+00 8.7568287925e+01
1.2391543379e+00 1.2869769415e+00 7.2587399708e+01
1.2680738684e+00 1.2923713427e+00 7.3491400916e+01
1.3123247987e+00 1.2616274765e+00 8.0262165861e+01
1.3438235493e+00 1.2532762488e+00 8.6466509507e+01
1.3268687924e+00 1.2571201495e+00 8.2610784034e+01
1.3308430812e+00 1.3109987114e+00 7.4814015260e+01
1.2966956826e+00 1.2724610521e+00 7.7418371854e+01
1.3099260401e+00 1.2779938361e+00 7.7550643872e+01
1.3539285996e+00 1.2813175220e+00 8.0330188264e+01
1.3418253143e+00 1.2618382016e+00 8.3214823856e+01
1.3543716702e+00 1.2558610838e+00 8.8014565082e+01
1.3030491631e+00 1.3168284491e+00 7.2838192431e+01
1.3037829774e+00 1.2714776898e+00 7.8038735323e+01
1.3375881651e+00 1.2630115952e+00 8.2434572567e+01
1.3538095256e+00 1.2546708920e+00 8.9189483384e+01
1.2856004994e+00 1.2565826480e+00 7.8928904074e+01
1.3350729489e+00 1.2659644172e+00 8.1530319164e+01
1.3334444951e+00 1.2680305013e+00 8.0965186566e+01
1.2981630053e+00 1.2696863721e+00 7.7901209028e+01
1.3095007705e+00 1.2644515047e+00 7.9542802945e+01
1.3124855442e+00 1.2819903136e+00 7.7183666982e+01
1.3175112550e+00 1.2708455146e+00 7.9139867144e+01
1.3393957168e+00 1.2822367796e+00 7.9018826610e+01
1.3626925419e+00 1.2765103227e+00 8.2093856142e+01
1.3175350440e+00 1.2695111191e+00 7.9354959114e+01
1.3063601228e+00 1.2453834333e+00 8.3070778751e+01
1.3026330351e+00 1.2456326248e+00 8.2566341788e+01
1.3606883560e+00 1.2868741285e+00 7.9928877049e+01
1.3389794550e+00 1.2550591653e+00 8.4808428882e+01
1.3403440751e+00 1.2598181040e+00 8.3563393325e+01
1.3442319467e+00 1.2660008072e+00 8.2478240615e+01
1.2776290192e+00 1.2667258978e+00 7.6927743997e+01
1.3493161953e+00 1.2688069245e+00 8.2391153680e+01
1.2989405816e+00 1.2841750900e+00 7.6068356017e+01
1.3388184795e+00 1.2574065736e+00 8.4041308295e+01
1.3889518267e+00 1.2762386360e+00 8.5710183053e+01
1.3357640085e+00 1.2477882859e+00 8.7436729029e+01
1.3038463191e+00 1.2439847149e+00 8.3118460360e+01
1.3002405349e+00 1.2710956214e+00 7.7846627825e+01
1.3115079975e+00 1.2345847803e+00 8.9189483384e+01
1.3370001498e+00 1.2614119501e+00 8.2745735086e+01
1.2707950477e+00 1.2874738240e+00 7.4128784622e+01
1.3542077457e+00 1.2643539605e+00 8.4152793230e+01
1.3322995159e+00 1.2893329805e+00 7.7497569815e+01
1.3365731889e+00 1.2487258431e+00 8.7077348295e+01
1.2891381322e+00 1.2808902972e+00 7.5879129711e+01
1.3455325558e+00 1.2559424406e+00 8.5634214754e+01
1.3393423008e+00 1.2678241221e+00 8.1569331007e+01
1.3243737883e+00 1.2587418832e+00 8.1969790983e+01
1.3517975140e+00 1.2566829037e+00 8.6657708378e+01
1.3233702360e+00 1.2837961869e+00 7.7657465783e+01
1.3715728739e+00 1.2680697510e+00 8.5710183053e+01
1.3334289038e+00 1.2820632120e+00 7.8605182622e+01
1.3355599174e+00 1.2484290245e+00 8.6966995687e+01
1.2471994007e+00 1.3193428414e+00 7.0163880000e+01
1.3101406268e+00 1.2808380194e+00 7.7183666982e+01
1.3327834472e+00 1.2485859788e+00 8.6197674093e+01
1.3408512767e+00 1.2593109025e+00 8.3771288937e+01
1.3587124793e+00 1.2580950283e+00 8.7855467302e+01
1.3358009046e+00 1.2647988557e+00 8.1847601472e+01
1.3246217205e+00 1.2598038936e+00 8.1767142530e+01
1.3087466789e+00 1.2892279625e+00 7.6044565226e+01
1.3244630738e+00 1.2503614380e+00 8.4096788508e+01
1.3364339344e+00 1.2952967438e+00 7.6978533067e+01
1.2861094783e+00 1.3144902820e+00 7.2264626857e+01
1.3315518708e+00 1.2550574726e+00 8.3718672554e+01
1.3369343653e+00 1.2470545767e+00 8.8596120629e+01
1.3227804215e+00 1.2502997155e+00 8.3877872787e+01
1.3425977804e+00 1.3018838190e+00 7.6528203273e+01
1.3404664214e+00 1.2636348720e+00 8.2610784034e+01
1.2692060334e+00 1.2790596265e+00 7.4945882582e+01
1.3137375425e+00 1.2358321432e+00 8.8853746852e+01
1.3119944061e+00 1.3118322462e+00 7.3755727228e+01
1.3236811938e+00 1.2659864034e+00 8.0467675232e+01
1.2985991396e+00 1.3059399558e+00 7.3673952717e+01
1.2920976384e+00 1.2379350294e+00 8.3214823856e+01
1.3101836298e+00 1.2917290215e+00 7.5832210102e+01
1.3312473312e+00 1.2461944817e+00 8.7077348295e+01
1.3680495371e+00 1.2803934199e+00 8.1807273904e+01
1.3461147744e+00 1.2812238000e+00 7.9701926885e+01
1.2939497673e+00 1.2952808628e+00 7.4532068904e+01
1.2905928546e+00 1.2837955266e+00 7.5622927969e+01
1.3233702360e+00 1.2837961869e+00 7.7657465783e+01
1.3371057082e+00 1.2473199059e+00 8.8378926216e+01
1.2946824093e+00 1.2631512685e+00 7.8605182622e+01
1.3522662647e+00 1.2570902720e+00 8.6560781600e+01
1.3124967255e+00 1.2946696973e+00 7.5622927969e+01
1.3176259116e+00 1.2585071399e+00 8.1337875892e+01
1.2995778894e+00 1.2874682737e+00 7.5715571564e+01
1.3496711476e+00 1.2553057744e+00 8.6860516083e+01
1.2862754305e+00 1.3038291585e+00 7.3270912618e+01
1.3212155311e+00 1.2697631150e+00 7.9606163389e+01
1.3115678951e+00 1.2671829006e+00 7.9262255454e+01
1.3423620958e+00 1.2503649596e+00 8.7855467302e+01
1.3109296168e+00 1.2464688919e+00 8.3361979075e+01
1.2984560191e+00 1.2899007504e+00 7.5371119608e+01
1.2710499532e+00 1.2646215955e+00 7.6776526866e+01
1.3323050898e+00 1.2529939422e+00 8.4441244525e+01
1.3690031766e+00 1.2653639375e+00 8.6374684998e+01
1.3384939441e+00 1.2721769552e+00 8.0642347542e+01
1.3213934411e+00 1.2717707781e+00 7.9293068528e+01
1.2854872514e+00 1.2880289424e+00 7.4857846411e+01
1.2744524218e+00 1.3213352956e+00 7.1150449702e+01
1.3514889743e+00 1.2552394994e+00 8.7436729029e+01
1.3367514915e+00 1.2778638190e+00 7.9511264665e+01
1.3077474046e+00 1.2701307112e+00 7.8518458573e+01
1.3075870680e+00 1.2750920052e+00 7.7792286999e+01
1.3214322441e+00 1.2560095688e+00 8.2262350168e+01
1.2460101609e+00 1.3157411499e+00 7.0401770040e+01
1.3016125355e+00 1.2780110385e+00 7.7004000743e+01
1.3015142554e+00 1.2846582929e+00 7.6163920146e+01
1.3417283326e+00 1.2558088749e+00 8.5002097282e+01
1.3410742017e+00 1.2525272057e+00 8.6197674093e+01
1.2897504891e+00 1.2715654304e+00 7.7080699799e+01
1.3778637415e+00 1.2736616376e+00 8.4745454571e+01
1.3061933006e+00 1.2891571057e+00 7.5902646881e+01
1.2968836778e+00 1.2361847906e+00 8.4382373156e+01
1.3179475472e+00 1.2813395432e+00 7.7630675173e+01
1.3072749943e+00 1.2662411995e+00 7.9079181218e+01
1.2860245355e+00 1.2505149047e+00 7.9961712929e+01
1.3158073309e+00 1.2690549799e+00 7.9293068528e+01
1.3091722700e+00 1.2687058459e+00 7.8839697086e+01
1.3843700205e+00 1.2799381175e+00 8.3771288937e+01
1.2687599993e+00 1.3572614208e+00 6.8196055138e+01
1.3228873559e+00 1.2462693788e+00 8.5203558584e+01
1.3178112669e+00 1.2469884731e+00 8.4152793230e+01
1.3526663503e+00 1.2799430421e+00 8.0467675232e+01
1.3292996384e+00 1.2498875341e+00 8.5002097282e+01
1.3130976850e+00 1.2434305594e+00 8.4560892485e+01
1.3179879277e+00 1.2511688070e+00 8.3023421435e+01
1.3163009917e+00 1.2471921306e+00 8.3877872787e+01
1.3032099450e+00 1.2646394324e+00 7.9018826610e+01
1.2975231196e+00 1.2759930742e+00 7.7004000743e+01
1.3142660295e+00 1.2426973347e+00 8.5002097282e+01
1.3248858697e+00 1.3042092528e+00 7.5235540770e+01
1.2991138228e+00 1.2914277825e+00 7.5235540770e+01
1.3122161998e+00 1.2547617294e+00 8.1569331007e+01
1.3259838805e+00 1.2759287707e+00 7.8988771847e+01
1.3313359826e+00 1.2530896315e+00 8.4266437827e+01
1.3457312381e+00 1.2785343189e+00 8.0127513527e+01
1.3226173027e+00 1.2439249394e+00 8.6112185454e+01
1.2744203954e+00 1.2612511533e+00 7.7444716555e+01
1.3288230398e+00 1.2713391394e+00 7.9961712929e+01
1.3263193704e+00 1.2931195820e+00 7.6626989411e+01
1.2646857920e+00 1.2892322520e+00 7.3633214528e+01
1.3337708948e+00 1.2462891052e+00 8.7855467302e+01
1.3261505504e+00 1.2849585188e+00 7.7684313766e+01
1.3116863183e+00 1.2496296012e+00 8.2655493698e+01
1.3009981504e+00 1.2773162931e+00 7.7055083817e+01
1.3117930840e+00 1.2971253810e+00 7.5303177292e+01
1.3187867856e+00 1.2521134371e+00 8.2883230736e+01
1.3411411500e+00 1.2568334914e+00 8.4560892485e+01
1.3617479684e+00 1.2875755587e+00 7.9896146783e+01
1.3288496717e+00 1.2459748401e+00 8.6560781600e+01
1.3176599538e+00 1.2759414536e+00 7.8375337009e+01
1.2878719223e+00 1.2586553824e+00 7.8780614851e+01
1.3425291572e+00 1.2554454842e+00 8.5272615194e+01
1.2570351054e+00 1.3348176962e+00 6.9368241433e+01
1.2893978358e+00 1.2601718499e+00 7.8663362312e+01
1.2729583384e+00 1.2640150847e+00 7.6978533067e+01
1.3109732947e+00 1.3027653084e+00 7.4639912012e+01
1.3134281040e+00 1.2378806286e+00 8.6966995687e+01
1.3309968824e+00 1.2525554120e+00 8.4382373156e+01
1.3287247675e+00 1.2460997443e+00 8.6466509507e+01
1.3598953333e+00 1.2634924390e+00 8.5342693277e+01
1.3019783660e+00 1.2968712169e+00 7.4792145946e+01
1.2871166905e+00 1.3419784320e+00 7.0012386239e+01
1.2872473034e+00 1.2445199590e+00 8.1186923776e+01
1.3363885619e+00 1.2471637325e+00 8.8187569297e+01
1.2934441696e+00 1.2569949902e+00 7.9479819877e+01
1.3297364188e+00 1.2752405032e+00 7.9386038170e+01
1.3033170717e+00 1.2841659356e+00 7.6332733555e+01
1.2942106111e+00 1.3033265964e+00 7.3714790034e+01
1.2523210907e+00 1.3011620064e+00 7.1910479740e+01
1.3209303193e+00 1.2390795745e+00 8.9189483384e+01
1.3231276355e+00 1.2447217419e+00 8.5866297957e+01
1.3164688850e+00 1.3069188872e+00 7.4489136515e+01
1.3219425508e+00 1.2528819610e+00 8.3070778751e+01
1.3565883260e+00 1.2681161600e+00 8.3411757846e+01
1.3228192133e+00 1.2769054092e+00 7.8605182622e+01
1.3639074290e+00 1.2603581280e+00 8.8014565082e+01
1.3048882494e+00 1.2804107826e+00 7.6902422036e+01
1.2874025066e+00 1.2665155375e+00 7.7603941562e+01
1.3265687670e+00 1.2867315192e+00 7.7471115761e+01
1.2793230652e+00 1.2632943867e+00 7.7497569815e+01
1.2746467018e+00 1.2940742225e+00 7.3653571278e+01
1.2938140177e+00 1.2505408993e+00 8.0642347542e+01
1.3306560614e+00 1.2459132193e+00 8.7077348295e+01
1.3032302798e+00 1.2715942321e+00 7.7983538712e+01
1.2866547344e+00 1.2676982813e+00 7.7392081315e+01
1.2811161389e+00 1.2963256739e+00 7.3755727228e+01
1.3157074728e+00 1.2456084467e+00 8.4266437827e+01
1.3511989536e+00 1.2778961689e+00 8.0713127966e+01
1.3203007949e+00 1.2532153989e+00 8.2791277101e+01
1.3034906056e+00 1.2630516365e+00 7.9293068528e+01
1.3393045072e+00 1.2481785001e+00 8.8596120629e+01
1.3026330351e+00 1.2456326248e+00 8.2566341788e+01
1.3402172109e+00 1.2599449682e+00 8.3512456048e+01
1.2154127134e+00 1.3219947173e+00 6.8695395830e+01
1.2743137546e+00 1.2848255788e+00 7.4596686360e+01
1.2990718304e+00 1.2687775470e+00 7.8094184084e+01
1.2688153258e+00 1.3077539549e+00 7.2077389913e+01
1.2926122482e+00 1.2634809011e+00 7.8403821928e+01
1.3442107883e+00 1.2542013116e+00 8.6112185454e+01
1.3017847619e+00 1.2495239707e+00 8.1608522897e+01
1.3402021906e+00 1.2547109291e+00 8.5135479942e+01
1.3625713381e+00 1.2634500820e+00 8.5866297957e+01
1.3054070101e+00 1.2742165639e+00 7.7765205727e+01
1.3203677649e+00 1.2461744771e+00 8.4808428882e+01
1.3653452142e+00 1.2655068476e+00 8.5559543476e+01
1.2960801996e+00 1.2774359942e+00 7.6726497234e+01
1.3538915759e+00 1.2809150298e+00 8.0398687958e+01
1.3418477337e+00 1.2495679779e+00 8.8378926216e+01
1.3581522814e+00 1.2630414573e+00 8.5203558584e+01
1.3107929471e+00 1.2880566358e+00 7.6308492375e+01
1.3395292193e+00 1.2772782883e+00 7.9830999012e+01
1.2957808667e+00 1.2812246678e+00 7.6236020107e+01
1.2996982556e+00 1.2807981952e+00 7.6528203273e+01
1.3395652001e+00 1.2540362073e+00 8.5272615194e+01
1.3457158737e+00 1.2588232218e+00 8.4621711461e+01
1.3334671455e+00 1.2653824374e+00 8.1491484890e+01
1.2723205443e+00 1.2707312368e+00 7.6092186698e+01
1.2831675156e+00 1.2920931515e+00 7.4297357720e+01
1.3124855442e+00 1.2819903136e+00 7.7183666982e+01
1.3231797776e+00 1.2608091644e+00 8.1414339425e+01
1.3318865080e+00 1.2857980499e+00 7.7956033878e+01
1.2849506550e+00 1.3239678099e+00 7.1382496961e+01
1.3051313883e+00 1.2405268872e+00 8.4266437827e+01
1.2916772499e+00 1.2674620835e+00 7.7765205727e+01
1.3418304138e+00 1.2841910064e+00 7.8899089761e+01
1.3458366700e+00 1.2573890929e+00 8.5135479942e+01
1.3086531935e+00 1.2422207404e+00 8.4266437827e+01
1.3378644803e+00 1.2714920564e+00 8.0713127966e+01
1.2973948259e+00 1.3045178253e+00 7.3755727228e+01
1.3231204985e+00 1.2547576173e+00 8.2745735086e+01
1.3524726596e+00 1.2564458054e+00 8.6966995687e+01
1.2732596591e+00 1.3260274313e+00 7.0711767977e+01
1.3010326272e+00 1.2903830844e+00 7.5462192458e+01
1.3550867912e+00 1.2608437640e+00 8.5486104849e+01
1.2922234039e+00 1.2922022101e+00 7.4770307295e+01
1.3592232265e+00 1.2703110942e+00 8.3166473052e+01
1.2789200076e+00 1.2841376248e+00 7.4923826465e+01
1.3157987723e+00 1.2476943500e+00 8.3666491536e+01
1.3003600493e+00 1.3138168953e+00 7.2994308568e+01
1.3041538375e+00 1.3346092913e+00 7.1310801950e+01
1.2929992869e+00 1.2630938623e+00 7.8489693825e+01
1.2879064296e+00 1.2590554269e+00 7.8721838178e+01
1.3103316131e+00 1.2374994209e+00 8.6374684998e+01
1.3337835058e+00 1.2536995015e+00 8.4441244525e+01
1.3103437647e+00 1.2474899132e+00 8.3023421435e+01
1.3081142122e+00 1.3025566871e+00 7.4510588199e+01
1.3545910588e+00 1.2652865534e+00 8.3931863986e+01
1.3268823493e+00 1.2732798298e+00 7.9479819877e+01
1.3532975044e+00 1.2806301426e+00 8.0398687958e+01
1.3100380449e+00 1.2338824687e+00 8.9189483384e+01
1.3375355443e+00 1.2652524902e+00 8.1928856974e+01
1.3391016331e+00 1.2987820974e+00 7.6701551736e+01
1.3005054794e+00 1.2887251507e+00 7.5622927969e+01
1.3069694354e+00 1.2743999905e+00 7.7846627825e+01
1.3289614533e+00 1.2445547405e+00 8.7436729029e+01
1.2659180363e+00 1.2780024773e+00 7.4879808517e+01
1.3141271442e+00 1.2585169607e+00 8.1001766381e+01
1.3396472263e+00 1.2666433227e+00 8.1847601472e+01
1.2790136803e+00 1.3377938273e+00 7.0012386239e+01
1.3110892749e+00 1.2903857215e+00 7.6044565226e+01
1.3385223551e+00 1.2572653623e+00 8.4041308295e+01
1.3352825073e+00 1.2460869186e+00 8.8853746852e+01
1.2988238721e+00 1.2411881239e+00 8.3214823856e+01
1.2627265986e+00 1.3081736241e+00 7.1763355047e+01
1.3350494149e+00 1.2778125789e+00 7.9386038170e+01
1.2264663579e+00 1.3956049208e+00 6.4428266173e+01
1.3470602116e+00 1.2745722848e+00 8.0965186566e+01
1.2823761557e+00 1.2684977781e+00 7.7004000743e+01
1.2786235861e+00 1.2975094655e+00 7.3511587388e+01
1.3567853801e+00 1.2965019197e+00 7.8149888534e+01
1.3120608512e+00 1.2679991489e+00 7.9170336091e+01
1.3051542185e+00 1.2862614931e+00 7.6187912459e+01
1.2640165807e+00 1.2842490791e+00 7.4107835512e+01
1.2492334059e+00 1.2933840459e+00 7.2472822552e+01
1.3294854616e+00 1.2553768491e+00 8.3361979075e+01
1.3427369149e+00 1.2679339844e+00 8.1888128163e+01
1.3513173314e+00 1.2549732176e+00 8.7568287925e+01
1.3223893683e+00 1.2751478392e+00 7.8839697086e+01
1.3622896899e+00 1.2597815887e+00 8.7855467302e+01
1.3149424554e+00 1.2808452620e+00 7.7497569815e+01
1.3385849956e+00 1.2716477583e+00 8.0748719456e+01
1.2951292066e+00 1.3194861039e+00 7.2227026791e+01
1.3446545449e+00 1.2927895230e+00 7.7846627825e+01
1.3340270781e+00 1.2639475633e+00 8.1847601472e+01
1.3199479305e+00 1.2461586491e+00 8.4745454571e+01
1.3454065134e+00 1.2560684830e+00 8.5559543476e+01
1.3513506513e+00 1.2540641218e+00 8.8378926216e+01
1.3405157435e+00 1.2697170105e+00 8.1299894225e+01
1.3282007049e+00 1.2619038840e+00 8.1687457017e+01
1.3236783057e+00 1.2411214343e+00 8.8187569297e+01
1.2852668442e+00 1.3148953350e+00 7.2189503547e+01
1.3174564723e+00 1.2390717721e+00 8.7436729029e+01
1.2770834468e+00 1.2816206434e+00 7.5101168461e+01
1.3573605290e+00 1.2585700262e+00 8.7077348295e+01
1.3316452816e+00 1.2654545166e+00 8.1299894225e+01
1.3460484713e+00 1.2519261701e+00 8.8014565082e+01
1.3323126664e+00 1.2582289389e+00 8.2976381855e+01
1.3303000788e+00 1.2440883024e+00 8.8378926216e+01
1.3151255470e+00 1.2531595916e+00 8.2219886681e+01
1.3076117200e+00 1.2685213315e+00 7.8751188620e+01
1.3237308751e+00 1.2759937474e+00 7.8810117472e+01
1.3098876898e+00 1.2793429403e+00 7.7365844600e+01
1.3300323945e+00 1.2894065579e+00 7.7339661375e+01
1.3178255224e+00 1.3174205991e+00 7.3491400916e+01
1.3035721361e+00 1.2655845986e+00 7.8899089761e+01
1.3181810949e+00 1.2754203126e+00 7.8489693825e+01
1.2879698710e+00 1.3191965518e+00 7.1928951707e+01
1.3419102757e+00 1.2613154873e+00 8.3361979075e+01
1.3220639247e+00 1.3101060984e+00 7.4446319730e+01
1.3262706297e+00 1.2441936840e+00 8.6860516083e+01
1.3477106360e+00 1.2603317589e+00 8.4441244525e+01
1.3049604150e+00 1.2794651990e+00 7.7029517563e+01
1.3614122739e+00 1.2936373365e+00 7.8899089761e+01
1.3021248153e+00 1.2718274599e+00 7.7873888177e+01
1.3471978304e+00 1.2674174801e+00 8.2478240615e+01
1.2962660359e+00 1.2528689498e+00 8.0433119990e+01
1.3005329099e+00 1.3184674072e+00 7.2568252847e+01
1.3569464565e+00 1.2598610511e+00 8.6285126569e+01
1.3464141448e+00 1.2550608516e+00 8.6197674093e+01
1.3163876198e+00 1.2776510005e+00 7.8038735323e+01
1.3367629939e+00 1.2467893005e+00 8.8853746852e+01
1.3186168982e+00 1.2706137319e+00 7.9262255454e+01
1.3578984801e+00 1.2571552208e+00 8.8378926216e+01
1.3401495330e+00 1.2530146861e+00 8.5787518542e+01
1.3477271335e+00 1.2818071871e+00 7.9734044399e+01
1.3110754462e+00 1.2602607100e+00 8.0398687958e+01
1.3255530713e+00 1.2593092394e+00 8.1969790983e+01
1.3233241004e+00 1.2729009527e+00 7.9262255454e+01
1.3469083087e+00 1.2646389549e+00 8.3118460360e+01
1.3321124575e+00 1.2925920286e+00 7.7055083817e+01
1.3014410916e+00 1.2559574171e+00 8.0330188264e+01
1.2860655410e+00 1.2769920914e+00 7.6163920146e+01
1.3157160034e+00 1.2482126335e+00 8.3512456048e+01
1.3747917823e+00 1.2652906273e+00 8.8187569297e+01
1.3581501013e+00 1.2569035996e+00 8.8853746852e+01
1.3056004753e+00 1.2845041137e+00 7.6430123055e+01
1.3505377094e+00 1.2531258065e+00 8.9189483384e+01
1.2864814518e+00 1.2857266456e+00 7.5168205857e+01
1.3489244271e+00 1.2705145253e+00 8.1969790983e+01
1.3458741782e+00 1.2740034340e+00 8.0965186566e+01
1.3320783609e+00 1.2641466922e+00 8.1608522897e+01
1.3263826024e+00 1.2619741672e+00 8.1491484890e+01
1.3384615217e+00 1.2529541899e+00 8.5486104849e+01
1.2882748745e+00 1.2874219725e+00 7.5078888084e+01
1.3329871248e+00 1.2593027914e+00 8.2791277101e+01
1.3513468487e+00 1.2588859053e+00 8.5559543476e+01
1.2884745288e+00 1.2837335685e+00 7.5507938852e+01
1.2581374140e+00 1.2818745820e+00 7.4045148973e+01
1.2577996118e+00 1.2605349139e+00 7.6454577770e+01
1.3340443465e+00 1.2586827089e+00 8.3070778751e+01
1.2917707824e+00 1.2634522507e+00 7.8346920764e+01
1.2886217693e+00 1.2936207302e+00 7.4424954390e+01
1.3474167657e+00 1.2615016992e+00 8.4041308295e+01
1.3438759760e+00 1.2738085819e+00 8.0820312794e+01
1.3013151252e+00 1.2927234951e+00 7.5213062491e+01
1.3211782349e+00 1.2741721714e+00 7.8899089761e+01
1.3650769391e+00 1.2776446914e+00 8.2093856142e+01
1.2663893446e+00 1.2992815971e+00 7.2741315567e+01
1.3275914071e+00 1.2642613945e+00 8.1149584901e+01
1.2744921851e+00 1.2937929535e+00 7.3673952717e+01
1.3122342622e+00 1.2905537723e+00 7.6092186698e+01
1.2985193562e+00 1.2706373785e+00 7.7792286999e+01
1.2365795003e+00 1.3347566560e+00 6.8585217484e+01
1.3233488886e+00 1.2654447990e+00 8.0537160751e+01
1.3185020991e+00 1.2432492116e+00 8.5559543476e+01
1.2985470337e+00 1.2727891225e+00 7.7497569815e+01
1.3472490962e+00 1.2950326031e+00 7.7711219496e+01
1.3289294735e+00 1.2918255318e+00 7.6953114246e+01
1.3424139364e+00 1.2581858239e+00 8.4324110442e+01
1.2880513120e+00 1.2732646075e+00 7.6751488857e+01
1.3474649772e+00 1.3040604020e+00 7.6552833021e+01
1.3387752638e+00 1.2570124536e+00 8.4152793230e+01
1.2849574746e+00 1.2772292521e+00 7.6068356017e+01
1.2680121660e+00 1.2733024466e+00 7.5530865121e+01
1.2730875121e+00 1.3126482658e+00 7.1836773450e+01
1.3146305584e+00 1.2947259784e+00 7.5738824530e+01
1.3223795852e+00 1.3234222471e+00 7.3132060082e+01
1.2735054985e+00 1.2487263998e+00 7.9231529518e+01
1.3216976985e+00 1.2736527078e+00 7.9018826610e+01
1.3577264033e+00 1.2568889072e+00 8.8596120629e+01
1.3332600765e+00 1.2647145649e+00 8.1608522897e+01
1.2886927969e+00 1.2687057118e+00 7.7392081315e+01
1.2908608010e+00 1.3202482682e+00 7.1965950507e+01
1.3208683650e+00 1.2456738770e+00 8.5068338769e+01
1.3267501543e+00 1.2891804010e+00 7.7157849094e+01
1.3495308805e+00 1.2782467943e+00 8.0502355029e+01
1.3181966808e+00 1.2531394754e+00 8.2566341788e+01
1.3135140223e+00 1.2844606191e+00 7.6927743997e+01
1.3054772881e+00 1.2488757276e+00 8.2135643310e+01
1.3354651061e+00 1.2642595164e+00 8.1928856974e+01
1.3299634797e+00 1.2684486201e+00 8.0572093792e+01
1.3028826779e+00 1.3126094380e+00 7.3231126524e+01
1.3213631079e+00 1.2652462355e+00 8.0398687958e+01
1.3838812240e+00 1.2716090250e+00 8.6757527902e+01
1.3158601460e+00 1.2384928697e+00 8.7311596302e+01
1.3106094709e+00 1.2895527083e+00 7.6116057475e+01
1.3469466941e+00 1.2597817796e+00 8.4500744095e+01
1.3271274514e+00 1.2420292833e+00 8.9189483384e+01
1.3391471209e+00 1.2492096486e+00 8.7568287925e+01
1.2870996066e+00 1.2698637576e+00 7.7132082137e+01
1.3045480046e+00 1.3052466285e+00 7.4045148973e+01
1.2706167478e+00 1.3159925956e+00 7.1436443467e+01
1.3421457590e+00 1.2812420132e+00 7.9386038170e+01
1.3078533279e+00 1.2412816578e+00 8.4441244525e+01
1.3275914071e+00 1.2642613945e+00 8.1149584901e+01
1.3219692952e+00 1.2419593417e+00 8.6966995687e+01
1.3366382082e+00 1.2469140862e+00 8.8596120629e+01
1.3106713483e+00 1.2441166638e+00 8.3986338075e+01
1.3540402407e+00 1.2566306586e+00 8.7311596302e+01
1.3034405883e+00 1.3059159485e+00 7.3920490059e+01
1.3292107021e+00 1.2443054917e+00 8.7707378991e+01
1.3633576976e+00 1.2789240017e+00 8.1647897369e+01
1.3304804110e+00 1.2823815828e+00 7.8346920764e+01
1.3162478209e+00 1.2812893865e+00 7.7524079068e+01
1.2906176044e+00 1.2798467093e+00 7.6092186698e+01
1.3479182044e+00 1.2873279171e+00 7.8869354308e+01
1.3647104062e+00 1.2599940799e+00 8.8853746852e+01
1.2998113797e+00 1.2375960510e+00 8.4382373156e+01
1.3290165775e+00 1.3040322087e+00 7.5485048020e+01
1.3538186823e+00 1.2700079701e+00 8.2610784034e+01
1.2886217693e+00 1.2936207302e+00 7.4424954390e+01
1.3049688639e+00 1.2563470556e+00 8.0572093792e+01
1.3014365965e+00 1.2877940336e+00 7.5785442206e+01
1.3489450530e+00 1.2639169408e+00 8.3563393325e+01
1.2992983160e+00 1.2681153250e+00 7.8205852297e+01
1.3425194777e+00 1.2493333239e+00 8.9189483384e+01
1.2986084174e+00 1.2648847049e+00 7.8634235730e+01
1.2957299683e+00 1.2869491049e+00 7.5553826997e+01
1.3461941126e+00 1.2789493270e+00 8.0094133635e+01
1.3324479295e+00 1.2445576050e+00 8.9189483384e+01
1.2665417162e+00 1.3261853392e+00 7.0418868377e+01
1.3305452756e+00 1.2814402069e+00 7.8489693825e+01
1.2981006867e+00 1.2575573922e+00 7.9766261626e+01
1.3060680145e+00 1.2652681417e+00 7.9139867144e+01
1.2821430547e+00 1.2552643760e+00 7.8869354308e+01
1.3218739591e+00 1.2603685405e+00 8.1376023555e+01
1.2836582566e+00 1.2706947591e+00 7.6801611525e+01
1.3560693464e+00 1.2712692280e+00 8.2566341788e+01
1.3266923236e+00 1.2594802248e+00 8.2052287288e+01
1.2691238096e+00 1.2878395546e+00 7.4003490889e+01
1.3556880433e+00 1.2562974392e+00 8.8187569297e+01
1.3061125749e+00 1.2334652650e+00 8.7568287925e+01
1.3252405591e+00 1.2823638375e+00 7.7983538712e+01
1.3337827207e+00 1.2882885579e+00 7.7738183355e+01
1.3480784501e+00 1.2573363230e+00 8.5559543476e+01
1.2552511464e+00 1.2891037706e+00 7.3171618697e+01
1.3019458060e+00 1.2768049897e+00 7.7183666982e+01
1.2761599155e+00 1.2903823266e+00 7.4107835512e+01
1.2957808667e+00 1.2812246678e+00 7.6236020107e+01
1.3162321982e+00 1.2381208175e+00 8.7707378991e+01
1.3286357322e+00 1.2592841439e+00 8.2305046547e+01
1.3148608927e+00 1.2874894379e+00 7.6626989411e+01
1.3195661967e+00 1.2963643585e+00 7.5832210102e+01
1.3057570009e+00 1.2769220724e+00 7.7418371854e+01
1.3299219372e+00 1.2842550073e+00 7.8038735323e+01
1.3043084408e+00 1.2954161818e+00 7.5078888084e+01
1.3138694582e+00 1.2504947179e+00 8.2700475693e+01
1.3381192395e+00 1.2476165384e+00 8.8596120629e+01
1.3292835559e+00 1.2643178515e+00 8.1299894225e+01
1.3404245976e+00 1.2505540485e+00 8.7077348295e+01
1.3120878173e+00 1.3077897949e+00 7.4170763875e+01
1.3346937938e+00 1.2506052383e+00 8.5710183053e+01
1.3079950699e+00 1.2463579458e+00 8.3023421435e+01
1.3108729551e+00 1.2936661404e+00 7.5646033984e+01
1.3517403629e+00 1.2549881107e+00 8.7707378991e+01
1.3245833781e+00 1.2489328157e+00 8.4560892485e+01
1.2651356328e+00 1.3192899813e+00 7.0921123180e+01
1.3467561500e+00 1.2555941806e+00 8.6028533830e+01
1.3216342241e+00 1.2636648079e+00 8.0713127966e+01
1.3428476413e+00 1.2915194728e+00 7.7901209028e+01
1.3657999031e+00 1.2632952193e+00 8.6657708378e+01
1.3399788820e+00 1.2527481734e+00 8.5866297957e+01
1.3028546967e+00 1.2999333378e+00 7.4510588199e+01
1.3066467871e+00 1.2965789758e+00 7.5078888084e+01
1.3352534199e+00 1.2947201234e+00 7.6978533067e+01
1.3146234706e+00 1.2785407485e+00 7.7792286999e+01
1.3570026221e+00 1.2720925003e+00 8.2478240615e+01
1.3254528586e+00 1.2467552388e+00 8.5486104849e+01
1.2628894439e+00 1.3210994981e+00 7.0677087664e+01
1.3054772881e+00 1.2488757276e+00 8.2135643310e+01
1.3443136261e+00 1.2514740913e+00 8.7707378991e+01
1.3238648173e+00 1.2592508542e+00 8.1807273904e+01
1.2696913177e+00 1.2938018046e+00 7.3430984963e+01
1.3444882016e+00 1.2837285979e+00 7.9170336091e+01
1.3050029779e+00 1.2951592012e+00 7.5145827200e+01
1.3006208103e+00 1.3065456126e+00 7.3714790034e+01
1.3868637154e+00 1.2703893318e+00 8.8853746852e+01
1.2932830476e+00 1.2885229028e+00 7.5235540770e+01
1.3198572156e+00 1.2671889475e+00 7.9928877049e+01
1.3115907826e+00 1.2776398475e+00 7.7711219496e+01
1.2957502063e+00 1.3166735196e+00 7.2510934134e+01
1.3473949778e+00 1.2562685381e+00 8.5866297957e+01
1.3006104853e+00 1.2838151288e+00 7.6211945708e+01
1.3205193944e+00 1.2438447817e+00 8.5710183053e+01
1.3181810949e+00 1.2754203126e+00 7.8489693825e+01
1.3362329417e+00 1.2691818314e+00 8.1001766381e+01
1.3224099693e+00 1.2900137566e+00 7.6776526866e+01
1.2749968192e+00 1.3146707781e+00 7.1745045020e+01
1.3546314514e+00 1.3083533822e+00 7.6454577770e+01
1.3162105670e+00 1.2555615475e+00 8.1807273904e+01
1.2988238721e+00 1.2411881239e+00 8.3214823856e+01
1.3292534884e+00 1.2625993133e+00 8.1647897369e+01
1.3326836567e+00 1.2617922010e+00 8.2177652292e+01
1.3214935499e+00 1.2450486922e+00 8.5413839657e+01
1.3404245976e+00 1.2505540485e+00 8.7077348295e+01
1.3179582279e+00 1.2695247794e+00 7.9386038170e+01
1.3004074129e+00 1.2966923852e+00 7.4726721458e+01
1.2689688124e+00 1.2875594320e+00 7.4024306706e+01
1.2898610948e+00 1.3256310210e+00 7.1454459275e+01
1.3288609545e+00 1.2472720971e+00 8.5946605487e+01
1.3131519897e+00 1.2629810618e+00 8.0094133635e+01
1.3380026562e+00 1.2538501454e+00 8.5068338769e+01
1.3135380521e+00 1.2704508899e+00 7.8899089761e+01
1.3217748261e+00 1.2622141159e+00 8.1001766381e+01
1.3081052769e+00 1.2362496401e+00 8.6466509507e+01
1.3632257173e+00 1.2680656405e+00 8.4324110442e+01
1.3332795025e+00 1.2607591178e+00 8.2478240615e+01
1.3252990580e+00 1.2761759384e+00 7.8899089761e+01
1.2791138793e+00 1.2478842019e+00 7.9830999012e+01
1.3037015643e+00 1.2389158876e+00 8.4560892485e+01
1.3458969793e+00 1.2757355171e+00 8.0642347542e+01
1.3113493762e+00 1.2504019346e+00 8.2434572567e+01
1.2968613412e+00 1.3199461664e+00 7.2264626857e+01
1.3150680954e+00 1.2436359948e+00 8.4808428882e+01
1.2953242995e+00 1.2503339760e+00 8.0820312794e+01
1.3064722767e+00 1.2574563602e+00 8.0502355029e+01
1.2585231479e+00 1.2932204082e+00 7.2935602632e+01
1.3330525535e+00 1.2776183458e+00 7.9262255454e+01
1.2699390952e+00 1.2900707987e+00 7.3817321945e+01
1.3226998187e+00 1.2399223485e+00 8.9189483384e+01
1.3375521926e+00 1.2599850149e+00 8.3166473052e+01
1.3842892511e+00 1.2689980486e+00 8.9189483384e+01
1.3171481275e+00 1.3119469949e+00 7.4003490889e+01
1.3683179915e+00 1.2788042933e+00 8.2177652292e+01
1.3137880803e+00 1.3047736258e+00 7.4575117862e+01
1.3582403468e+00 1.2638309319e+00 8.4936720171e+01
1.3051838222e+00 1.3203985955e+00 7.2606566992e+01
1.3474167657e+00 1.2615016992e+00 8.4041308295e+01
1.2500596907e+00 1.2830087776e+00 7.3511587388e+01
1.3314711788e+00 1.2756952440e+00 7.9448467746e+01
1.3171723499e+00 1.2450143767e+00 8.4683224036e+01
1.2980649753e+00 1.2837409751e+00 7.6068356017e+01
1.2796360616e+00 1.3126538547e+00 7.2133361659e+01
1.3177820863e+00 1.2383110630e+00 8.8187569297e+01
1.3190199499e+00 1.2453442262e+00 8.4872174373e+01
1.3107664485e+00 1.2614416489e+00 8.0161005537e+01
1.3445353903e+00 1.2608793829e+00 8.3824351811e+01
1.2801040941e+00 1.2851312344e+00 7.4879808517e+01
1.3049523095e+00 1.2533165622e+00 8.1149584901e+01
1.2816119001e+00 1.3080556971e+00 7.2644963102e+01
1.3380581298e+00 1.2941118933e+00 7.7235456792e+01
1.3289614533e+00 1.2445547405e+00 8.7436729029e+01
1.3365133976e+00 1.2470388969e+00 8.8378926216e+01
1.3336645316e+00 1.2577511800e+00 8.3263520051e+01
1.3491677893e+00 1.2558091327e+00 8.6466509507e+01
1.3160514882e+00 1.2862988424e+00 7.6851921864e+01
1.2963729252e+00 1.2649429944e+00 7.8460999819e+01
1.3253083983e+00 1.2569341012e+00 8.2478240615e+01
1.3089837081e+00 1.2588656694e+00 8.0467675232e+01
1.2824653165e+00 1.2736278328e+00 7.6357016986e+01
1.3278450588e+00 1.2683799943e+00 8.0398687958e+01
1.2789318706e+00 1.2950204046e+00 7.3776233514e+01
1.2863470691e+00 1.2710514396e+00 7.6927743997e+01
1.3288524077e+00 1.2546998867e+00 8.3461913920e+01
1.2535829910e+00 1.3055563424e+00 7.1581045961e+01
1.3186975497e+00 1.2819022107e+00 7.7603941562e+01
1.2579878111e+00 1.2555859882e+00 7.7106365806e+01
1.3006146776e+00 1.2546083555e+00 8.0502355029e+01
1.3201103867e+00 1.2638785553e+00 8.0537160751e+01
1.2747619095e+00 1.2935232291e+00 7.3714790034e+01
1.3271953860e+00 1.2602876213e+00 8.1928856974e+01
1.3000084401e+00 1.2665338019e+00 7.8489693825e+01
1.3063480131e+00 1.2636804163e+00 7.9417207447e+01
1.3326554099e+00 1.2902935067e+00 7.7392081315e+01
1.3448146946e+00 1.2509730229e+00 8.8378926216e+01
1.3083050290e+00 1.2735009214e+00 7.8066427965e+01
1.3058490224e+00 1.2419820116e+00 8.3931863986e+01
1.3242141089e+00 1.2855805242e+00 7.7471115761e+01
1.3514429990e+00 1.2548475499e+00 8.7707378991e+01
1.3258145076e+00 1.3164671916e+00 7.3982701417e+01
1.3302050795e+00 1.2695195430e+00 8.0398687958e+01
1.3565812913e+00 1.2567189949e+00 8.8187569297e+01
1.3216636534e+00 1.3166597640e+00 7.3755727228e+01
1.3229638227e+00 1.2614617913e+00 8.1262076387e+01
1.2770172792e+00 1.3030427209e+00 7.2896573969e+01
1.2952775774e+00 1.3048846017e+00 7.3612882375e+01
1.3642623635e+00 1.2621980836e+00 8.6860516083e+01
1.3181747963e+00 1.2583944844e+00 8.1414339425e+01
1.3226976167e+00 1.2508185771e+00 8.3718672554e+01
1.3548034100e+00 1.2672678686e+00 8.3411757846e+01
1.3386230929e+00 1.2519185123e+00 8.5946605487e+01
1.3197813751e+00 1.2410991778e+00 8.6860516083e+01
1.3124422612e+00 1.2488736583e+00 8.2929653666e+01
1.3004774939e+00 1.2373639691e+00 8.4560892485e+01
1.2655906196e+00 1.2605406598e+00 7.6953114246e+01
1.2902275982e+00 1.2584727122e+00 7.8988771847e+01
1.3396154579e+00 1.2706172960e+00 8.1038494274e+01
1.3214295779e+00 1.2629960361e+00 8.0820312794e+01
1.2924727540e+00 1.2845327804e+00 7.5646033984e+01
1.3373479285e+00 1.2505719476e+00 8.6285126569e+01
1.3226514658e+00 1.2569721082e+00 8.2177652292e+01
1.3157815140e+00 1.2437930873e+00 8.4872174373e+01
1.3201236143e+00 1.2477257631e+00 8.4266437827e+01
1.3397420124e+00 1.2556083939e+00 8.4745454571e+01
1.3197511464e+00 1.2385177253e+00 8.9189483384e+01
1.2548083487e+00 1.3038957415e+00 7.1781682849e+01
1.3307540856e+00 1.2895622110e+00 7.7365844600e+01
1.3393671587e+00 1.2835817578e+00 7.8810117472e+01
1.3197511464e+00 1.2385177253e+00 8.9189483384e+01
1.3334876655e+00 1.2881448309e+00 7.7738183355e+01
1.3135631621e+00 1.2892248724e+00 7.6332733555e+01
1.3430136464e+00 1.2523367599e+00 8.6757527902e+01
1.2937759507e+00 1.2766883631e+00 7.6676652104e+01
1.2972545057e+00 1.3077224164e+00 7.3430984963e+01
1.3427121740e+00 1.2780428314e+00 7.9961712929e+01
1.2822837211e+00 1.3034520568e+00 7.3112314516e+01
1.2575676891e+00 1.2976553440e+00 7.2472822552e+01
1.3125721188e+00 1.2757846507e+00 7.8038735323e+01
1.2782546352e+00 1.2756634089e+00 7.5855650848e+01
1.3172816873e+00 1.2837556788e+00 7.7261429339e+01
1.2986824933e+00 1.2691668841e+00 7.8011105717e+01
1.2765514317e+00 1.3056910678e+00 7.2625754767e+01
1.3078924077e+00 1.2870207120e+00 7.6260135872e+01
1.3261469453e+00 1.2906605623e+00 7.6927743997e+01
1.2893768021e+00 1.2893739936e+00 7.4923826465e+01
1.3496003442e+00 1.2571281294e+00 8.5946605487e+01
1.3406870093e+00 1.2516029069e+00 8.6560781600e+01
1.3074826262e+00 1.2773796845e+00 7.7471115761e+01
1.3222807686e+00 1.2399059581e+00 8.8853746852e+01
1.3021844490e+00 1.2743848317e+00 7.7524079068e+01
1.3176628361e+00 1.2890656375e+00 7.6602225844e+01
1.2978050958e+00 1.2704800428e+00 7.7765205727e+01
1.3387139137e+00 1.2776551054e+00 7.9701926885e+01
1.3604083851e+00 1.2581533211e+00 8.8596120629e+01
1.3361287120e+00 1.3035139129e+00 7.5949796914e+01
1.3593420024e+00 1.2574655051e+00 8.8853746852e+01
1.3820878974e+00 1.2826613908e+00 8.2791277101e+01
1.2902854085e+00 1.2575456255e+00 7.9139867144e+01
1.2962597662e+00 1.2820546773e+00 7.6163920146e+01
1.3062151074e+00 1.2686094045e+00 7.8634235730e+01
1.3198147741e+00 1.2449849659e+00 8.5135479942e+01
1.3500380954e+00 1.2689622216e+00 8.2434572567e+01
1.3350570423e+00 1.3023870256e+00 7.6020814122e+01
1.3741465965e+00 1.2747366334e+00 8.3877872787e+01
1.3461274273e+00 1.2514097802e+00 8.8596120629e+01
1.3469030499e+00 1.2593874991e+00 8.4621711461e+01
1.3163707637e+00 1.2706753994e+00 7.9079181218e+01
1.3521752575e+00 1.2563051601e+00 8.6966995687e+01
1.3214935499e+00 1.2450486922e+00 8.5413839657e+01
1.3444348254e+00 1.2561649350e+00 8.5342693277e+01
1.3245059494e+00 1.2573000010e+00 8.2305046547e+01
1.3315096339e+00 1.2585949551e+00 8.2791277101e+01
1.3265735299e+00 1.2714011114e+00 7.9766261626e+01
1.3332599400e+00 1.2800403462e+00 7.8899089761e+01
1.3036315340e+00 1.2646536045e+00 7.9048962842e+01
1.3582758741e+00 1.2567778268e+00 8.9189483384e+01
1.3310702123e+00 1.2826683908e+00 7.8346920764e+01
1.3070419504e+00 1.2869966699e+00 7.6211945708e+01
1.2846255473e+00 1.2233258116e+00 8.7436729029e+01
1.3160973108e+00 1.2910691121e+00 7.6260135872e+01
1.2937255108e+00 1.2510638343e+00 8.0537160751e+01
1.2851997161e+00 1.2669786882e+00 7.7392081315e+01
1.3594705543e+00 1.2634783623e+00 8.5272615194e+01
1.3389764010e+00 1.2857280851e+00 7.8460999819e+01
1.2920980536e+00 1.2431395865e+00 8.1969790983e+01
1.2864568290e+00 1.2853152855e+00 7.5213062491e+01
1.3320451894e+00 1.2790638798e+00 7.8958797887e+01
1.3347411034e+00 1.2860139019e+00 7.8122004123e+01
1.3380525133e+00 1.2734947503e+00 8.0364377815e+01
1.3179563403e+00 1.3080650799e+00 7.4446319730e+01
1.3053093179e+00 1.3093059926e+00 7.3673952717e+01
1.3120019966e+00 1.2554116444e+00 8.1414339425e+01
1.3271274514e+00 1.2420292833e+00 8.9189483384e+01
1.3318248702e+00 1.2749036035e+00 7.9606163389e+01
1.3194135422e+00 1.2488715964e+00 8.3824351811e+01
1.3236265384e+00 1.2529427423e+00 8.3263520051e+01
1.3143241278e+00 1.2395939162e+00 8.6285126569e+01
1.3089118998e+00 1.2510979940e+00 8.2010933342e+01
1.3023578138e+00 1.3013057021e+00 7.4339777311e+01
1.2779375861e+00 1.2751105887e+00 7.5902646881e+01
1.3685847990e+00 1.2666613226e+00 8.5710183053e+01
1.2970319208e+00 1.2852105787e+00 7.5832210102e+01
1.2593705586e+00 1.2715293570e+00 7.5235540770e+01
1.3388367083e+00 1.2477726352e+00 8.8853746852e+01
1.3548871477e+00 1.2566601158e+00 8.7568287925e+01
1.2872050868e+00 1.2963472076e+00 7.4066017793e+01
1.3018449340e+00 1.2773422385e+00 7.7106365806e+01
1.3485855574e+00 1.2787530170e+00 8.0330188264e+01
1.3401471442e+00 1.2482096253e+00 8.9189483384e+01
1.3375936090e+00 1.2577567973e+00 8.3771288937e+01
1.3112020547e+00 1.2727868872e+00 7.8375337009e+01
1.3408352193e+00 1.2970485111e+00 7.7029517563e+01
1.3429193889e+00 1.2888112893e+00 7.8290292293e+01
1.3355951768e+00 1.2842824354e+00 7.8432376026e+01
1.3184083886e+00 1.2511841811e+00 8.3070778751e+01
1.3312403557e+00 1.2627982646e+00 8.1807273904e+01
1.3625023107e+00 1.2705464755e+00 8.3512456048e+01
1.3117149390e+00 1.3007087868e+00 7.4901801823e+01
1.2881416022e+00 1.3010890279e+00 7.3633214528e+01
1.2764659355e+00 1.3114539406e+00 7.2096028356e+01
1.3054646289e+00 1.3065208536e+00 7.3961938190e+01
1.2891393811e+00 1.2400261381e+00 8.2347979715e+01
1.3290328058e+00 1.2912834907e+00 7.7029517563e+01
1.2750439339e+00 1.3071985657e+00 7.2415805206e+01
1.3076565397e+00 1.2497419690e+00 8.2177652292e+01
1.3118933677e+00 1.2585709461e+00 8.0784447201e+01
1.3006629223e+00 1.2711091923e+00 7.7873888177e+01
1.2737574800e+00 1.2849466102e+00 7.4553578751e+01
1.3458554702e+00 1.2538691523e+00 8.6657708378e+01
1.3034774124e+00 1.2539210963e+00 8.0892464042e+01
1.2976940627e+00 1.2867315514e+00 7.5692355604e+01
1.3019493867e+00 1.2807296865e+00 7.6676652104e+01
1.3022463799e+00 1.2664745444e+00 7.8663362312e+01
1.2885278211e+00 1.2893502948e+00 7.4879808517e+01
1.3163546123e+00 1.2754981893e+00 7.8346920764e+01
1.3181724173e+00 1.2440143094e+00 8.5203558584e+01
1.3475353666e+00 1.2679567492e+00 8.2391153680e+01
1.2873317487e+00 1.2604992853e+00 7.8460999819e+01
1.2552202594e+00 1.3034838308e+00 7.1836773450e+01
1.3620076849e+00 1.2767554440e+00 8.1969790983e+01
1.3389089003e+00 1.2507586969e+00 8.6560781600e+01
1.3075551726e+00 1.2746873270e+00 7.7846627825e+01
1.2762946071e+00 1.2715364269e+00 7.6236020107e+01
1.2934402723e+00 1.3084723789e+00 7.3171618697e+01
1.3043148761e+00 1.3006620459e+00 7.4510588199e+01
1.3161254139e+00 1.3085790722e+00 7.4297357720e+01
1.3542676386e+00 1.2585943552e+00 8.6285126569e+01
1.2795018002e+00 1.2288819051e+00 8.4041308295e+01
1.3596490084e+00 1.2703245349e+00 8.3214823856e+01
1.3536436899e+00 1.2605332547e+00 8.5342693277e+01
1.3139229676e+00 1.2652642050e+00 7.9766261626e+01
1.3248903950e+00 1.2542967776e+00 8.3070778751e+01
1.3196533336e+00 1.2460176081e+00 8.4745454571e+01
1.3219332862e+00 1.2699195154e+00 7.9637987289e+01
1.3541702433e+00 1.2872316668e+00 7.9354959114e+01
1.2926098932e+00 1.2761110311e+00 7.6676652104e+01
1.3200973747e+00 1.2608355513e+00 8.1112401649e+01
1.3696371618e+00 1.2647299523e+00 8.6860516083e+01
1.3035780120e+00 1.2760455620e+00 7.7392081315e+01
1.3158864875e+00 1.2410768767e+00 8.5946605487e+01
1.3038430622e+00 1.3151572548e+00 7.3033555363e+01
1.3068257529e+00 1.2597164892e+00 8.0127513527e+01
1.2601662357e+00 1.3133499581e+00 7.1203753930e+01
1.3237648906e+00 1.2763972886e+00 7.8751188620e+01
1.3408579643e+00 1.2518690911e+00 8.6466509507e+01
1.3181379186e+00 1.2401309531e+00 8.6966995687e+01
1.3305751744e+00 1.2604034717e+00 8.2262350168e+01
1.3298624892e+00 1.2659252282e+00 8.1038494274e+01
1.3403105287e+00 1.2519793875e+00 8.6285126569e+01
1.3290043374e+00 1.2799141275e+00 7.8605182622e+01
1.2393376440e+00 1.2880938753e+00 7.2491868298e+01
1.3349304550e+00 1.2564852566e+00 8.3771288937e+01
1.2874789398e+00 1.2230668701e+00 8.9189483384e+01
1.3234230185e+00 1.2863716146e+00 7.7313531307e+01
1.2833037949e+00 1.3159832955e+00 7.2003022837e+01
1.2718608804e+00 1.2521038283e+00 7.8576202428e+01
1.3499682122e+00 1.3050813983e+00 7.6577507130e+01
1.2846016808e+00 1.2701863312e+00 7.6927743997e+01
1.3304929599e+00 1.2530593346e+00 8.4152793230e+01
1.3584805742e+00 1.2609583782e+00 8.6112185454e+01
1.3268936958e+00 1.2435706180e+00 8.7436729029e+01
1.3238130262e+00 1.3312365843e+00 7.2472822552e+01
1.3096721605e+00 1.2730069127e+00 7.8233932577e+01
1.2597663340e+00 1.3373334642e+00 6.9287046219e+01
1.2977727726e+00 1.2774878945e+00 7.6826743101e+01
1.3210691192e+00 1.2607368313e+00 8.1224420262e+01
1.3282526365e+00 1.2828564327e+00 7.8122004123e+01
1.3438126683e+00 1.2716794475e+00 8.1224420262e+01
1.3623234697e+00 1.2588702689e+00 8.8853746852e+01
1.3110179640e+00 1.3123698083e+00 7.3653571278e+01
1.3346882115e+00 1.2707265617e+00 8.0572093792e+01
1.3369360993e+00 1.2518575883e+00 8.5634214754e+01
1.3309201607e+00 1.2569997155e+00 8.3118460360e+01
1.3151718571e+00 1.2496278829e+00 8.3070778751e+01
1.3354458573e+00 1.2712826163e+00 8.0537160751e+01
1.3116814477e+00 1.2845436054e+00 7.6801611525e+01
1.3195748042e+00 1.2880295924e+00 7.6851921864e+01
1.3330395862e+00 1.2448385296e+00 8.9189483384e+01
1.3207462974e+00 1.2846684757e+00 7.7365844600e+01
1.3508116475e+00 1.2655573717e+00 8.3361979075e+01
1.3006267136e+00 1.2350448352e+00 8.5413839657e+01
1.3414705426e+00 1.2784070696e+00 7.9798579510e+01
1.3354104719e+00 1.2739460648e+00 8.0060864731e+01
1.2817589251e+00 1.2556485056e+00 7.8780614851e+01
1.3035123396e+00 1.2586743870e+00 8.0027705704e+01
1.3219715881e+00 1.2803787424e+00 7.8038735323e+01
1.3392650157e+00 1.2823674807e+00 7.8988771847e+01
1.3033078928e+00 1.2819911392e+00 7.6602225844e+01
1.3308006728e+00 1.2921482438e+00 7.7029517563e+01
1.3071269278e+00 1.2821037023e+00 7.6826743101e+01
1.3224048405e+00 1.2397818861e+00 8.9189483384e+01
1.3101309107e+00 1.2909064554e+00 7.5926202551e+01
1.3529633364e+00 1.2546410602e+00 8.8596120629e+01
1.3067570085e+00 1.2960310260e+00 7.5145827200e+01
1.2137321515e+00 1.3445367202e+00 6.7080974366e+01
1.3434077880e+00 1.2913988177e+00 7.7956033878e+01
1.2982492134e+00 1.2936035882e+00 7.4945882582e+01
1.3133618688e+00 1.2523090729e+00 8.2219886681e+01
1.3481274676e+00 1.2529098985e+00 8.8014565082e+01
1.2992439517e+00 1.3228273269e+00 7.2114685585e+01
1.3220893965e+00 1.2597165540e+00 8.1530319164e+01
1.3210579653e+00 1.2537665465e+00 8.2745735086e+01
1.2893283717e+00 1.2459092685e+00 8.1112401649e+01
1.3470774110e+00 1.2535223494e+00 8.7192030493e+01
1.3263826024e+00 1.2619741672e+00 8.1491484890e+01
1.3162692636e+00 1.2834553589e+00 7.7235456792e+01
1.3314827311e+00 1.2446503204e+00 8.8378926216e+01
1.2844865810e+00 1.2903379309e+00 7.4553578751e+01
1.3136726814e+00 1.2908664141e+00 7.6139968555e+01
1.3723727830e+00 1.2663903458e+00 8.6657708378e+01
1.3023113047e+00 1.2952259028e+00 7.4990089796e+01
1.3375182502e+00 1.2801663077e+00 7.9200889974e+01
1.3339095255e+00 1.2535734818e+00 8.4500744095e+01
1.3392051904e+00 1.2508993986e+00 8.6560781600e+01
1.2992854411e+00 1.2751029401e+00 7.7235456792e+01
1.3247653570e+00 1.2409055847e+00 8.9189483384e+01
1.3288918772e+00 1.2953736798e+00 7.6503617642e+01
1.3340213996e+00 1.2508409111e+00 8.5486104849e+01
1.3325238226e+00 1.2943756759e+00 7.6851921864e+01
1.3299231052e+00 1.2636783023e+00 8.1491484890e+01
1.3175769231e+00 1.2594286114e+00 8.1149584901e+01
1.3126071140e+00 1.2465322194e+00 8.3563393325e+01
1.2976531518e+00 1.2406223683e+00 8.3214823856e+01
1.2916082135e+00 1.2631797986e+00 7.8375337009e+01
1.3512595972e+00 1.2712504882e+00 8.2052287288e+01
1.3370780349e+00 1.2635217255e+00 8.2262350168e+01
1.2821342204e+00 1.2939988311e+00 7.4045148973e+01
1.3633906911e+00 1.2595582255e+00 8.8596120629e+01
1.2911127771e+00 1.2606307790e+00 7.8721838178e+01
1.3173216019e+00 1.2719090282e+00 7.8958797887e+01
1.2725337124e+00 1.2857351593e+00 7.4403617595e+01
1.2568869755e+00 1.2575521870e+00 7.6776526866e+01
1.3362372818e+00 1.2556155198e+00 8.4209337681e+01
1.3197062332e+00 1.2555544339e+00 8.2177652292e+01
1.3212171329e+00 1.2815709016e+00 7.7819427566e+01
1.3344064380e+00 1.2517661104e+00 8.5203558584e+01
1.3118933677e+00 1.2585709461e+00 8.0784447201e+01
1.2753546247e+00 1.3318117981e+00 7.0333519508e+01
1.3380726429e+00 1.2472263891e+00 8.9189483384e+01
1.3042216994e+00 1.2963780610e+00 7.4967970313e+01
1.3061009760e+00 1.2796348018e+00 7.7080699799e+01
1.3026312114e+00 1.2887845002e+00 7.5738824530e+01
1.3121900090e+00 1.2678699911e+00 7.9200889974e+01
1.3254258098e+00 1.2594365010e+00 8.1928856974e+01
1.3254637613e+00 1.2655148848e+00 8.0713127966e+01
1.2726712640e+00 1.2534600154e+00 7.8432376026e+01
1.2972934607e+00 1.3375131449e+00 7.0781309187e+01
1.3179402756e+00 1.2547038293e+00 8.2177652292e+01
1.3657999031e+00 1.2632952193e+00 8.6657708378e+01
1.3557618899e+00 1.2781657572e+00 8.1075372075e+01
1.2833472498e+00 1.3128778033e+00 7.2283455850e+01
1.2660491520e+00 1.2883038637e+00 7.3796765055e+01
1.3083876971e+00 1.2677453544e+00 7.8928904074e+01
1.3127612264e+00 1.2603189106e+00 8.0537160751e+01
1.2999393436e+00 1.3041619498e+00 7.3920490059e+01
1.2882593199e+00 1.2422069595e+00 8.1767142530e+01
1.2918070006e+00 1.2673323328e+00 7.7792286999e+01
1.3379232565e+00 1.2736240070e+00 8.0330188264e+01
1.3109064488e+00 1.2556357933e+00 8.1262076387e+01
1.3236973824e+00 1.2589816908e+00 8.1847601472e+01
1.3196533336e+00 1.2460176081e+00 8.4745454571e+01
1.3801367946e+00 1.2674256899e+00 8.8596120629e+01
1.3229461244e+00 1.2571138757e+00 8.2177652292e+01
1.3005493275e+00 1.2598958835e+00 7.9574435566e+01
1.3319635662e+00 1.2463508773e+00 8.7192030493e+01
1.2998077703e+00 1.2506313894e+00 8.1186923776e+01
1.3213911139e+00 1.2625978281e+00 8.0892464042e+01
1.3283044070e+00 1.2548112645e+00 8.3361979075e+01
1.2825553518e+00 1.2770192495e+00 7.5949796914e+01
1.2889655770e+00 1.2871674746e+00 7.5145827200e+01
1.3282196346e+00 1.2566426761e+00 8.2883230736e+01
1.3070531690e+00 1.2830514199e+00 7.6701551736e+01
1.2370992399e+00 1.3420879327e+00 6.8088268903e+01
1.3432549173e+00 1.2569072619e+00 8.4872174373e+01
1.3277182215e+00 1.2423102079e+00 8.9189483384e+01
1.3093351923e+00 1.2498041411e+00 8.2347979715e+01
1.3499051134e+00 1.2980975952e+00 7.7471115761e+01
1.3148622730e+00 1.2442770604e+00 8.4560892485e+01
1.2753940334e+00 1.3051024174e+00 7.2625754767e+01
1.3060498716e+00 1.2936747509e+00 7.5371119608e+01
1.3366481400e+00 1.2530194573e+00 8.5135479942e+01
1.3210453248e+00 1.2472398138e+00 8.4560892485e+01
1.3187370373e+00 1.2556513439e+00 8.2052287288e+01
1.2910681001e+00 1.2802680561e+00 7.6068356017e+01
1.3025724099e+00 1.2836001385e+00 7.6357016986e+01
1.2680088576e+00 1.3203479120e+00 7.0956231049e+01
1.3234440115e+00 1.2426625681e+00 8.6966995687e+01
1.3310108265e+00 1.2752797224e+00 7.9479819877e+01
1.2948144931e+00 1.2412909890e+00 8.2700475693e+01
1.2897775008e+00 1.2889732949e+00 7.4990089796e+01
1.2977231367e+00 1.2627220743e+00 7.8899089761e+01
1.3385779496e+00 1.2515266394e+00 8.6112185454e+01
1.3474945536e+00 1.2675591473e+00 8.2478240615e+01
1.2941130790e+00 1.3042990209e+00 7.3612882375e+01
1.3152978242e+00 1.2508087553e+00 8.2791277101e+01
1.2841366404e+00 1.2346308274e+00 8.3070778751e+01
1.3200601673e+00 1.3129886189e+00 7.4045148973e+01
1.2838763617e+00 1.2778749490e+00 7.5926202551e+01
1.3454995536e+00 1.2673624402e+00 8.2305046547e+01
1.2978949034e+00 1.2647272638e+00 7.8605182622e+01
1.2982920988e+00 1.2678144808e+00 7.8177837772e+01
1.2531617644e+00 1.3421886418e+00 6.8679622837e+01
1.3000587694e+00 1.2291067498e+00 8.9189483384e+01
1.3214676649e+00 1.2577195077e+00 8.1888128163e+01
1.3044200369e+00 1.2403693082e+00 8.4209337681e+01
1.3287339756e+00 1.3175079831e+00 7.4024306706e+01
1.2799269148e+00 1.3452165248e+00 6.9482430917e+01
1.3366481400e+00 1.2530194573e+00 8.5135479942e+01
1.2820934855e+00 1.3241970635e+00 7.1239371173e+01
1.3279016834e+00 1.2705104165e+00 8.0027705704e+01
1.3208260145e+00 1.3056344326e+00 7.4857846411e+01
1.3081464503e+00 1.2531694692e+00 8.1491484890e+01
1.3168600197e+00 1.2422793137e+00 8.5634214754e+01
1.2862660076e+00 1.3195866412e+00 7.1818391996e+01
1.3246281196e+00 1.2584875520e+00 8.2052287288e+01
1.2826444540e+00 1.2852049235e+00 7.5012241172e+01
1.3634870197e+00 1.2787946796e+00 8.1687457017e+01
1.2642669306e+00 1.3075051839e+00 7.1892025986e+01
1.2740251413e+00 1.2872907783e+00 7.4318553532e+01
1.3497511922e+00 1.2547879033e+00 8.7192030493e+01
1.3370852061e+00 1.2569534142e+00 8.3931863986e+01
1.3018853972e+00 1.2655282438e+00 7.8780614851e+01
1.2770943528e+00 1.2750840515e+00 7.5855650848e+01
1.3495205459e+00 1.2528297847e+00 8.8853746852e+01
1.3227612749e+00 1.2909773282e+00 7.6676652104e+01
1.3252255191e+00 1.2522162937e+00 8.3666491536e+01
1.3092160256e+00 1.2725899248e+00 7.8262079083e+01
1.3331791607e+00 1.2460080118e+00 8.7855467302e+01
1.3183451854e+00 1.2630242406e+00 8.0537160751e+01
1.2696500453e+00 1.2899245560e+00 7.3817321945e+01
1.3259838805e+00 1.2759287707e+00 7.8988771847e+01
1.2873365492e+00 1.2835636735e+00 7.5462192458e+01
1.3200481499e+00 1.2950055510e+00 7.6020814122e+01
1.3448146946e+00 1.2509730229e+00 8.8378926216e+01
1.3332578122e+00 1.3033070039e+00 7.5808807284e+01
1.3282588384e+00 1.2456934368e+00 8.6560781600e+01
1.2739328467e+00 1.2760715636e+00 7.5553826997e+01
1.3317370410e+00 1.2723642524e+00 8.0027705704e+01
1.2921343297e+00 1.3014670777e+00 7.3796765055e+01
1.3132465090e+00 1.2908547844e+00 7.6116057475e+01
1.3295421613e+00 1.2714952048e+00 7.9994655462e+01
1.3257036679e+00 1.2727084320e+00 7.9479819877e+01
1.3263647944e+00 1.2536952057e+00 8.3411757846e+01
1.2802115922e+00 1.2554599566e+00 7.8692562936e+01
1.3118493787e+00 1.2625390025e+00 8.0060864731e+01
1.2984485674e+00 1.2415634285e+00 8.3070778751e+01
1.3292722593e+00 1.2656408605e+00 8.1038494274e+01
1.3319307582e+00 1.2546785852e+00 8.3877872787e+01
1.3317169437e+00 1.2736978295e+00 7.9798579510e+01
1.3009832072e+00 1.2555450372e+00 8.0364377815e+01
1.2774225451e+00 1.2930417686e+00 7.3899804954e+01
1.3013506990e+00 1.2983739235e+00 7.4596686360e+01
1.3380726429e+00 1.2472263891e+00 8.9189483384e+01
1.2928440503e+00 1.2662952831e+00 7.8011105717e+01
1.3461406843e+00 1.2527088986e+00 8.7436729029e+01
1.3847624092e+00 1.2694059972e+00 8.8853746852e+01
1.3329275407e+00 1.2510614012e+00 8.5203558584e+01
1.3193326408e+00 1.2533114641e+00 8.2655493698e+01
1.3204265356e+00 1.2657460128e+00 8.0228330525e+01
1.3223101229e+00 1.2424896171e+00 8.6757527902e+01
1.2835863244e+00 1.2716367087e+00 7.6676652104e+01
1.3350118689e+00 1.2682138941e+00 8.1075372075e+01
1.3123017581e+00 1.2599063393e+00 8.0572093792e+01
1.2943210565e+00 1.2500338605e+00 8.0784447201e+01
1.3166779729e+00 1.2891746759e+00 7.6528203273e+01
1.2832626605e+00 1.2998530110e+00 7.3511587388e+01
1.3371194911e+00 1.2486162868e+00 8.7311596302e+01
1.2803000754e+00 1.3071829319e+00 7.2664192064e+01
1.3208681898e+00 1.2408831209e+00 8.7311596302e+01
1.3331989464e+00 1.2560316837e+00 8.3666491536e+01
1.2987765441e+00 1.2573166052e+00 7.9863521106e+01
1.2890790754e+00 1.2778988538e+00 7.6236020107e+01
1.3227969193e+00 1.2611920227e+00 8.1299894225e+01
1.3426587128e+00 1.2505055063e+00 8.7855467302e+01
1.3283757041e+00 1.2774769447e+00 7.8928904074e+01
1.3527221218e+00 1.2662781953e+00 8.3411757846e+01
1.3109362838e+00 1.2782943463e+00 7.7577264583e+01
1.3084352117e+00 1.2650809821e+00 7.9354959114e+01
1.2377918857e+00 1.2844400126e+00 7.2760648706e+01
1.2554086927e+00 1.2928569672e+00 7.2818774681e+01
1.2757100535e+00 1.2616973772e+00 7.7471115761e+01
1.3195602802e+00 1.3249213191e+00 7.2857631514e+01
1.3269549565e+00 1.2539779695e+00 8.3411757846e+01
1.3033603469e+00 1.2714641649e+00 7.8011105717e+01
1.3060064858e+00 1.2526976044e+00 8.1376023555e+01
1.2994203394e+00 1.2968047137e+00 7.4661569416e+01
1.3003951465e+00 1.2827205251e+00 7.6332733555e+01
1.3477957562e+00 1.2733979824e+00 8.1262076387e+01
1.3289764529e+00 1.2532660466e+00 8.3877872787e+01
1.3325412742e+00 1.2645585239e+00 8.1569331007e+01
1.3085928151e+00 1.2701579807e+00 7.8576202428e+01
1.2998434608e+00 1.2850188500e+00 7.6020814122e+01
1.3475814529e+00 1.2670338576e+00 8.2610784034e+01
1.3297693414e+00 1.2454913258e+00 8.7077348295e+01
1.2841211709e+00 1.3252353658e+00 7.1239371173e+01
1.3032235668e+00 1.2750908767e+00 7.7497569815e+01
1.3409111842e+00 1.2680072807e+00 8.1687457017e+01
1.2948895370e+00 1.3026476705e+00 7.3817321945e+01
1.3441946507e+00 1.2642857669e+00 8.2883230736e+01
1.3278082757e+00 1.2636074359e+00 8.1299894225e+01
1.3151011141e+00 1.2379470606e+00 8.7436729029e+01
1.3071480350e+00 1.2572161411e+00 8.0607155573e+01
1.3100608327e+00 1.2966676409e+00 7.5258052561e+01
1.3704317946e+00 1.2630564097e+00 8.8378926216e+01
1.3122560142e+00 1.2551576268e+00 8.1491484890e+01
1.3292107052e+00 1.2491037383e+00 8.5272615194e+01
1.3032873524e+00 1.2562872489e+00 8.0433119990e+01
1.3208274497e+00 1.2802099164e+00 7.7983538712e+01
1.3383958626e+00 1.2573918549e+00 8.3986338075e+01
1.3229948217e+00 1.2400628108e+00 8.9189483384e+01
1.3352252566e+00 1.2605624608e+00 8.2745735086e+01
1.3209101160e+00 1.2726912914e+00 7.9109482420e+01
1.2838840384e+00 1.3079687633e+00 7.2760648706e+01
1.2963854264e+00 1.2758226710e+00 7.6953114246e+01
1.3412327107e+00 1.2615553238e+00 8.3214823856e+01
1.3000077731e+00 1.2735084207e+00 7.7497569815e+01
1.3039112693e+00 1.2696049245e+00 7.8318572690e+01
1.3264442495e+00 1.2715303919e+00 7.9734044399e+01
1.3055633662e+00 1.2950363942e+00 7.5190617570e+01
1.3446433146e+00 1.2686569716e+00 8.1928856974e+01
1.3581457892e+00 1.2617318230e+00 8.5710183053e+01
1.2816961927e+00 1.2966182508e+00 7.3755727228e+01
1.3223496835e+00 1.2476787459e+00 8.4621711461e+01
1.2600940381e+00 1.3247682726e+00 7.0265495703e+01
1.3273578313e+00 1.2487752202e+00 8.5068338769e+01
1.2972166892e+00 1.2837162368e+00 7.6020814122e+01
1.3160109631e+00 1.2409524011e+00 8.6028533830e+01
1.3361374137e+00 1.2522193559e+00 8.5342693277e+01
1.2930907515e+00 1.2460529570e+00 8.1452825766e+01
1.3437062343e+00 1.2498951732e+00 8.9189483384e+01
1.3014631657e+00 1.2576761677e+00 8.0027705704e+01
1.3083849041e+00 1.2839050121e+00 7.6676652104e+01
1.2483565546e+00 1.2769080221e+00 7.4045148973e+01
1.3638462962e+00 1.2634922782e+00 8.6112185454e+01
1.3400687366e+00 1.2487249509e+00 8.8378926216e+01
1.2902853575e+00 1.2514635101e+00 8.0161005537e+01
1.3384872652e+00 1.2507433649e+00 8.6466509507e+01
1.3304182019e+00 1.2474599139e+00 8.6197674093e+01
1.3332238216e+00 1.2884086748e+00 7.7684313766e+01
1.2813563859e+00 1.2925958893e+00 7.4149760707e+01
1.3208635719e+00 1.2705521397e+00 7.9448467746e+01
1.2613666744e+00 1.3239323576e+00 7.0384686022e+01
1.2785366353e+00 1.2553994275e+00 7.8576202428e+01
1.3436955798e+00 1.2704813648e+00 8.1452825766e+01
1.2907955315e+00 1.3001831147e+00 7.3858512165e+01
1.3136110023e+00 1.2633945322e+00 8.0060864731e+01
1.3593929577e+00 1.2705805856e+00 8.3118460360e+01
1.2877086949e+00 1.2827556188e+00 7.5576824649e+01
1.3610968946e+00 1.2592194019e+00 8.7855467302e+01
1.3461431960e+00 1.2601473530e+00 8.4266437827e+01
1.3453619377e+00 1.2508631154e+00 8.8853746852e+01
1.3311727545e+00 1.2554365889e+00 8.3563393325e+01
1.2634309794e+00 1.3035469498e+00 7.2208255597e+01
1.2923596745e+00 1.2872638995e+00 7.5325790544e+01
1.2970241092e+00 1.2660335233e+00 7.8346920764e+01
1.2938804900e+00 1.2687416772e+00 7.7738183355e+01
1.3391330515e+00 1.2479131115e+00 8.8853746852e+01
1.3468930285e+00 1.2519565543e+00 8.8378926216e+01
1.3145257984e+00 1.2672801521e+00 7.9479819877e+01
1.3340464450e+00 1.2486326283e+00 8.6466509507e+01
1.3394027278e+00 1.3011194910e+00 7.6430123055e+01
1.3335705504e+00 1.2911339357e+00 7.7339661375e+01
1.3240476044e+00 1.2529579300e+00 8.3312569183e+01
1.3091603222e+00 1.2809442668e+00 7.7106365806e+01
1.3215433097e+00 1.2961412482e+00 7.5973430165e+01
1.3218945301e+00 1.2564199133e+00 8.2219886681e+01
1.3267224079e+00 1.2699400054e+00 8.0027705704e+01
1.2910794258e+00 1.2763342152e+00 7.6552833021e+01
1.3206229892e+00 1.2633659527e+00 8.0677671172e+01
1.3458554702e+00 1.2538691523e+00 8.6657708378e+01
1.2671579900e+00 1.2776313551e+00 7.4990089796e+01
1.3025677840e+00 1.2923453357e+00 7.5325790544e+01
1.2267455404e+00 1.2989523753e+00 7.0956231049e+01
1.3099370122e+00 1.2946020832e+00 7.5485048020e+01
1.3082291938e+00 1.2361257233e+00 8.6560781600e+01
1.2982044438e+00 1.2344302645e+00 8.5203558584e+01
1.3039623703e+00 1.2774070556e+00 7.7235456792e+01
1.3338511045e+00 1.2505745096e+00 8.5559543476e+01
1.3163381078e+00 1.2947709614e+00 7.5832210102e+01
1.3602107224e+00 1.2772333455e+00 8.1687457017e+01
1.3322105541e+00 1.2509051174e+00 8.5135479942e+01
1.3101212480e+00 1.3084404581e+00 7.4003490889e+01
1.3324627833e+00 1.2458516602e+00 8.7707378991e+01
1.2895525553e+00 1.3110472050e+00 7.2741315567e+01
1.3536988717e+00 1.2648628345e+00 8.3931863986e+01
1.2815490584e+00 1.3335046425e+00 7.0453108159e+01
1.3319959878e+00 1.2454458250e+00 8.7855467302e+01
1.3539056739e+00 1.2694820983e+00 8.2745735086e+01
1.3255240128e+00 1.2707010403e+00 7.9798579510e+01
1.3493247416e+00 1.2661673743e+00 8.3023421435e+01
1.3409111842e+00 1.2680072807e+00 8.1687457017e+01
1.3535715892e+00 1.2649901170e+00 8.3877872787e+01
1.3004767076e+00 1.2590978937e+00 7.9701926885e+01
1.3448146946e+00 1.2509730229e+00 8.8378926216e+01
1.3540055854e+00 1.2575416782e+00 8.6757527902e+01
1.3487900056e+00 1.2561869165e+00 8.6197674093e+01
1.2890572618e+00 1.2796636625e+00 7.6020814122e+01
1.3078677741e+00 1.2490955901e+00 8.2347979715e+01
1.3218344820e+00 1.2599714684e+00 8.1452825766e+01
1.3608553285e+00 1.2607771680e+00 8.6757527902e+01
1.3642248672e+00 1.2881814234e+00 7.9994655462e+01
1.3862537909e+00 1.2762899899e+00 8.5203558584e+01
1.3608324300e+00 1.2581678870e+00 8.8853746852e+01
1.2855834434e+00 1.2683346007e+00 7.7235456792e+01
1.3043980786e+00 1.2330093521e+00 8.7311596302e+01
1.3357498846e+00 1.2464926149e+00 8.8596120629e+01
1.3380581298e+00 1.2941118933e+00 7.7235456792e+01
1.3304814547e+00 1.2504514714e+00 8.5002097282e+01
1.2796889130e+00 1.2542471498e+00 7.8839697086e+01
1.2836575781e+00 1.2881145364e+00 7.4748499176e+01
1.3400687366e+00 1.2487249509e+00 8.8378926216e+01
1.3032273056e+00 1.3074435937e+00 7.3755727228e+01
1.3232205140e+00 1.2655731735e+00 8.0502355029e+01
1.3049998350e+00 1.2345780049e+00 8.6560781600e+01
1.2623082029e+00 1.2672908782e+00 7.5902646881e+01
1.3597242025e+00 1.2632247140e+00 8.5413839657e+01
1.3264082782e+00 1.2680675795e+00 8.0330188264e+01
1.3332487345e+00 1.2704147814e+00 8.0502355029e+01
1.3188338724e+00 1.2800157105e+00 7.7873888177e+01
1.3444348254e+00 1.2561649350e+00 8.5342693277e+01
1.2722925000e+00 1.2920716761e+00 7.3735246099e+01
1.3596400390e+00 1.2576059815e+00 8.8853746852e+01
1.3142545306e+00 1.2889712323e+00 7.6405711507e+01
1.3233702360e+00 1.2837961869e+00 7.7657465783e+01
1.2750732726e+00 1.3080423989e+00 7.2340059416e+01
1.3322917441e+00 1.2455863717e+00 8.7855467302e+01
1.2800669959e+00 1.2603791809e+00 7.7956033878e+01
1.3494439981e+00 1.2594744668e+00 8.5002097282e+01
1.3165350583e+00 1.2709479490e+00 7.9048962842e+01
1.3524251085e+00 1.2648209120e+00 8.3771288937e+01
1.3204618058e+00 1.2482591185e+00 8.4152793230e+01
1.2881440947e+00 1.2618603156e+00 7.8318572690e+01
1.3106913403e+00 1.2562865889e+00 8.1112401649e+01
1.3031830397e+00 1.2611811364e+00 7.9574435566e+01
1.3878918052e+00 1.2706835965e+00 8.9189483384e+01
1.2943959650e+00 1.2930870423e+00 7.4792145946e+01
1.3000587694e+00 1.2291067498e+00 8.9189483384e+01
1.3236167199e+00 1.2581892305e+00 8.2010933342e+01
1.3117547604e+00 1.2661233554e+00 7.9448467746e+01
1.3326272497e+00 1.2776055042e+00 7.9231529518e+01
1.3388796971e+00 1.2779278105e+00 7.9669908154e+01
1.3083054372e+00 1.3124495681e+00 7.3511587388e+01
1.3063497670e+00 1.2702195137e+00 7.8403821928e+01
1.3395886148e+00 1.2688918028e+00 8.1376023555e+01
1.3064162574e+00 1.2710255555e+00 7.8290292293e+01
1.2981223982e+00 1.3191236223e+00 7.2396839172e+01
1.2989417284e+00 1.2863573036e+00 7.5808807284e+01
1.3322818700e+00 1.2818950746e+00 7.8547294593e+01
1.2814816834e+00 1.2659147494e+00 7.7287454070e+01
1.3146203615e+00 1.2362535723e+00 8.8853746852e+01
1.3032503300e+00 1.2811752841e+00 7.6701551736e+01
1.3039755547e+00 1.2739025611e+00 7.7711219496e+01
1.3665478235e+00 1.2612298513e+00 8.8378926216e+01
1.3638911231e+00 1.2638865516e+00 8.5946605487e+01
1.2866755391e+00 1.2416229306e+00 8.1727204497e+01
1.2802068049e+00 1.3230189580e+00 7.1257204261e+01
1.3229939272e+00 1.2548841886e+00 8.2700475693e+01
1.3068532878e+00 1.2327245522e+00 8.8596120629e+01
1.3283590649e+00 1.2634937367e+00 8.1376023555e+01
1.3359439492e+00 1.2607184641e+00 8.2791277101e+01
1.3200990367e+00 1.3028498799e+00 7.5123481451e+01
1.2747197385e+00 1.3149478587e+00 7.1708478082e+01
1.2728798328e+00 1.2749512012e+00 7.5622927969e+01
1.3240022082e+00 1.2564942425e+00 8.2434572567e+01
1.3454667058e+00 1.2643279273e+00 8.3023421435e+01
1.3697535299e+00 1.2632952563e+00 8.7855467302e+01
1.3141767230e+00 1.2419164263e+00 8.5272615194e+01
1.3525938637e+00 1.2637751555e+00 8.4096788508e+01
1.3168337639e+00 1.2444821556e+00 8.4808428882e+01
1.3249222355e+00 1.2494661457e+00 8.4441244525e+01
1.3447276369e+00 1.2900789688e+00 7.8233932577e+01
1.3224255286e+00 1.3176568810e+00 7.3694358938e+01
1.3193180218e+00 1.2738461973e+00 7.8810117472e+01
1.3072918809e+00 1.3121470715e+00 7.3491400916e+01
1.3078416314e+00 1.2883834217e+00 7.6092186698e+01
1.3406817247e+00 1.2590428979e+00 8.3824351811e+01
1.2967321978e+00 1.2807096151e+00 7.6357016986e+01
1.3416561177e+00 1.2615696453e+00 8.3263520051e+01
1.3094269813e+00 1.3152775048e+00 7.3290840172e+01
1.3215582177e+00 1.2493420049e+00 8.3986338075e+01
1.3314538628e+00 1.2678332276e+00 8.0820312794e+01
1.3588954912e+00 1.2596662149e+00 8.6860516083e+01
1.3487471683e+00 1.2715691282e+00 8.1727204497e+01
1.2803116858e+00 1.2888450489e+00 7.4489136515e+01
1.3284143909e+00 1.2730606055e+00 7.9637987289e+01
1.3147488528e+00 1.2635655907e+00 8.0127513527e+01
1.2619748590e+00 1.2884643008e+00 7.3572291496e+01
1.3201765810e+00 1.3124328114e+00 7.4107835512e+01
1.3320451894e+00 1.2790638798e+00 7.8958797887e+01
1.3300485851e+00 1.2788698798e+00 7.8839697086e+01
1.3482655128e+00 1.2540848178e+00 8.7192030493e+01
1.3088329444e+00 1.2490007335e+00 8.2478240615e+01
1.3205910493e+00 1.2690765479e+00 7.9669908154e+01
1.3085919550e+00 1.2771438229e+00 7.7577264583e+01
1.2939008704e+00 1.2726413716e+00 7.7209536111e+01
1.3499390652e+00 1.2795952554e+00 8.0296118030e+01
1.2371592147e+00 1.3315617095e+00 6.8837857175e+01
1.3172522541e+00 1.2711045155e+00 7.9079181218e+01
1.3194885151e+00 1.2793610677e+00 7.8011105717e+01
1.3206708296e+00 1.2567709832e+00 8.2010933342e+01
1.3420751060e+00 1.2642154429e+00 8.2655493698e+01
1.2895595110e+00 1.2953027998e+00 7.4297357720e+01
1.3056611103e+00 1.2896892960e+00 7.5808807284e+01
1.2725884912e+00 1.2726353068e+00 7.5879129711e+01
1.2705182445e+00 1.2612490180e+00 7.7183666982e+01
1.3600639572e+00 1.2576206007e+00 8.9189483384e+01
1.3567122189e+00 1.2640427865e+00 8.4621711461e+01
1.3385161647e+00 1.2870662530e+00 7.8233932577e+01
1.3023651848e+00 1.3104968090e+00 7.3410893841e+01
1.2938161998e+00 1.3107228956e+00 7.2974718097e+01
1.3101746856e+00 1.2498352082e+00 8.2434572567e+01
1.2863086186e+00 1.2806693106e+00 7.5738824530e+01
1.3570568883e+00 1.3125466584e+00 7.6092186698e+01
1.3037229304e+00 1.3122076249e+00 7.3310790842e+01
1.3030090147e+00 1.2465606709e+00 8.2391153680e+01
1.3182226588e+00 1.2574741882e+00 8.1608522897e+01
1.3558717328e+00 1.2578668703e+00 8.7077348295e+01
1.3264080544e+00 1.2711291531e+00 7.9798579510e+01
1.3222807686e+00 1.2399059581e+00 8.8853746852e+01
1.3384155195e+00 1.2477570288e+00 8.8596120629e+01
1.3314279841e+00 1.2661092234e+00 8.1149584901e+01
1.3368314260e+00 1.2804145945e+00 7.9109482420e+01
1.3116821734e+00 1.2701237771e+00 7.8810117472e+01
1.2911491789e+00 1.2836753330e+00 7.5669176471e+01
1.2795199231e+00 1.3053423876e+00 7.2799378191e+01
1.3401589802e+00 1.2863014669e+00 7.8460999819e+01
1.3522208924e+00 1.2738005277e+00 8.1608522897e+01
1.3467561500e+00 1.2555941806e+00 8.6028533830e+01
1.3486448642e+00 1.2611497689e+00 8.4324110442e+01
1.3078959936e+00 1.2669285182e+00 7.9018826610e+01
1.3271685622e+00 1.2459115748e+00 8.6197674093e+01
1.2867376592e+00 1.3046780524e+00 7.3211267821e+01
1.2938812661e+00 1.2966603391e+00 7.4382309227e+01
1.3200757230e+00 1.2578023928e+00 8.1727204497e+01
1.3596863101e+00 1.2579982478e+00 8.8378926216e+01
1.3301896723e+00 1.2455071747e+00 8.7192030493e+01
1.2731618699e+00 1.2707586438e+00 7.6139968555e+01
1.3291372598e+00 1.2815336395e+00 7.8375337009e+01
1.3020400221e+00 1.2549233421e+00 8.0572093792e+01
1.3054999316e+00 1.2684523436e+00 7.8605182622e+01
1.3752136245e+00 1.2727890841e+00 8.4621711461e+01
1.3100301813e+00 1.2656666658e+00 7.9386038170e+01
1.3324627833e+00 1.2458516602e+00 8.7707378991e+01
1.3044567994e+00 1.2394637142e+00 8.4500744095e+01
1.3396936482e+00 1.2491000393e+00 8.7855467302e+01
1.3095980532e+00 1.2914393129e+00 7.5832210102e+01
1.3204567410e+00 1.2630955534e+00 8.0713127966e+01
1.3577857674e+00 1.2862558032e+00 7.9798579510e+01
1.3489725654e+00 1.2529400858e+00 8.8378926216e+01
1.3536879807e+00 1.2609273297e+00 8.5203558584e+01
1.2826176056e+00 1.2643442508e+00 7.7577264583e+01
1.2567608996e+00 1.2615736261e+00 7.6260135872e+01
1.3155501997e+00 1.2370630775e+00 8.8378926216e+01
1.3143739341e+00 1.3050650183e+00 7.4575117862e+01
1.3748723482e+00 1.2647702767e+00 8.8853746852e+01
1.3703019249e+00 1.2746197277e+00 8.3411757846e+01
1.3402458705e+00 1.2713013931e+00 8.0965186566e+01
1.3638351992e+00 1.2780065933e+00 8.1888128163e+01
1.3207163798e+00 1.2558529009e+00 8.2219886681e+01
1.3491677893e+00 1.2558091327e+00 8.6466509507e+01
1.3234982007e+00 1.2556889719e+00 8.2566341788e+01
1.3142025763e+00 1.2471133432e+00 8.3614735208e+01
1.3249598483e+00 1.2485563455e+00 8.4745454571e+01
1.3178140506e+00 1.2727275547e+00 7.8869354308e+01
1.2763876107e+00 1.3014905051e+00 7.3013920964e+01
1.3340150294e+00 1.2876174670e+00 7.7846627825e+01
1.3325674014e+00 1.2479290494e+00 8.6466509507e+01
1.3178983805e+00 1.2612887921e+00 8.0820312794e+01
1.3576126605e+00 1.2583178948e+00 8.7311596302e+01
1.3301980415e+00 1.2594695557e+00 8.2434572567e+01
1.2855811769e+00 1.2922969389e+00 7.4403617595e+01
1.2735321858e+00 1.2834311784e+00 7.4704974011e+01
1.2971379378e+00 1.2846680126e+00 7.5902646881e+01
1.3415511728e+00 1.2494274734e+00 8.8378926216e+01
1.3171351446e+00 1.2459224878e+00 8.4382373156e+01
1.2897299818e+00 1.2624484225e+00 7.8346920764e+01
1.3055642655e+00 1.2470490117e+00 8.2566341788e+01
1.3280929115e+00 1.2567693992e+00 8.2837107130e+01
1.3512831986e+00 1.2558832243e+00 8.6966995687e+01
1.3309836216e+00 1.2499493044e+00 8.5272615194e+01
1.2576056961e+00 1.3342471055e+00 6.9433418299e+01
1.3231179748e+00 1.2560691978e+00 8.2434572567e+01
1.3171162112e+00 1.2590168404e+00 8.1186923776e+01
1.3524606995e+00 1.2691717969e+00 8.2655493698e+01
1.3205788134e+00 1.2922831804e+00 7.6381342894e+01
1.3203206531e+00 1.2846562689e+00 7.7339661375e+01
1.3533193246e+00 1.2564753085e+00 8.7192030493e+01
1.3057825872e+00 1.2620667902e+00 7.9637987289e+01
1.3518937365e+00 1.2719329159e+00 8.1969790983e+01
1.3322062017e+00 1.2640188514e+00 8.1647897369e+01
1.2795679660e+00 1.3066045824e+00 7.2683441722e+01
1.3038709963e+00 1.2309327600e+00 8.9189483384e+01
1.3487361201e+00 1.2997068369e+00 7.7183666982e+01
1.2793566526e+00 1.2950317286e+00 7.3796765055e+01
1.3210847614e+00 1.2415374058e+00 8.6966995687e+01
1.3194990195e+00 1.2710425858e+00 7.9262255454e+01
1.3094328348e+00 1.2789239347e+00 7.7392081315e+01
1.3448594357e+00 1.2680025581e+00 8.2093856142e+01
1.3550129843e+00 1.2565342793e+00 8.7707378991e+01
1.3229707166e+00 1.3056852322e+00 7.4967970313e+01
1.3642714428e+00 1.2766906094e+00 8.2219886681e+01
1.3636890563e+00 1.2596987159e+00 8.8596120629e+01
1.2885368060e+00 1.2649462911e+00 7.7901209028e+01
1.2770445552e+00 1.3117491323e+00 7.2096028356e+01
1.3400362241e+00 1.2496313732e+00 8.7568287925e+01
1.2995368207e+00 1.2304958472e+00 8.7436729029e+01
1.3004774939e+00 1.2373639691e+00 8.4560892485e+01
1.2985321931e+00 1.2449539419e+00 8.2262350168e+01
1.3247088934e+00 1.2488073004e+00 8.4621711461e+01
1.3273337467e+00 1.2535991793e+00 8.3563393325e+01
1.3332676876e+00 1.2515946231e+00 8.5068338769e+01
1.3181582957e+00 1.2701984738e+00 7.9293068528e+01
1.2911814216e+00 1.2993601837e+00 7.3961938190e+01
1.2967702821e+00 1.3266174901e+00 7.1671981608e+01
1.3457478881e+00 1.2566024425e+00 8.5413839657e+01
1.2914826335e+00 1.2650456109e+00 7.8094184084e+01
1.3755280616e+00 1.2870157192e+00 8.1186923776e+01
1.2996331339e+00 1.2560249450e+00 8.0161005537e+01
1.3628666521e+00 1.2873375427e+00 8.0027705704e+01
1.3134132570e+00 1.2793137983e+00 7.7603941562e+01
1.3054646289e+00 1.3065208536e+00 7.3961938190e+01
1.3331561247e+00 1.2556375629e+00 8.3771288937e+01
1.3311091003e+00 1.2498238257e+00 8.5342693277e+01
1.3513437924e+00 1.3085541831e+00 7.6236020107e+01
1.2799329311e+00 1.2492325881e+00 7.9669908154e+01
1.3227219500e+00 1.2647610573e+00 8.0607155573e+01
1.3163231372e+00 1.2991689786e+00 7.5325790544e+01
1.3508781356e+00 1.2870055948e+00 7.9139867144e+01
1.3513534616e+00 1.2601938020e+00 8.5068338769e+01
1.2843141853e+00 1.3044795022e+00 7.3112314516e+01
1.3189405410e+00 1.3277415685e+00 7.2568252847e+01
1.3305700703e+00 1.2783483946e+00 7.8958797887e+01
1.3606721861e+00 1.2679837627e+00 8.3986338075e+01
1.3451009943e+00 1.2546236283e+00 8.6112185454e+01
1.3065832753e+00 1.2979558202e+00 7.4923826465e+01
1.2965157664e+00 1.2796172852e+00 7.6479075887e+01
1.3002373694e+00 1.2728427676e+00 7.7603941562e+01
1.3483259238e+00 1.2790126506e+00 8.0262165861e+01
1.3536879807e+00 1.2609273297e+00 8.5203558584e+01
1.3045382027e+00 1.2921242106e+00 7.5462192458e+01
1.2901872331e+00 1.2646007790e+00 7.8066427965e+01
1.2943827253e+00 1.3009676810e+00 7.3961938190e+01
1.2575748375e+00 1.3294713256e+00 6.9795485755e+01
1.3231705176e+00 1.3041680567e+00 7.5145827200e+01
1.3600713717e+00 1.2650720679e+00 8.4808428882e+01
1.3283882422e+00 1.2542908310e+00 8.3512456048e+01
1.2979651193e+00 1.2503005405e+00 8.1075372075e+01
1.3381745134e+00 1.2703059043e+00 8.0965186566e+01
1.3542741979e+00 1.2884474326e+00 7.9170336091e+01
1.3173914667e+00 1.2469727094e+00 8.4096788508e+01
1.3357667467e+00 1.2539008505e+00 8.4683224036e+01
1.3120495654e+00 1.2379548450e+00 8.6560781600e+01
1.3837703578e+00 1.2796555529e+00 8.3771288937e+01
1.3318903455e+00 1.2665217543e+00 8.1112401649e+01
1.3110176962e+00 1.3009677863e+00 7.4835915371e+01
1.3562865558e+00 1.2974412850e+00 7.7983538712e+01
1.3074852378e+00 1.3014332271e+00 7.4596686360e+01
1.3740164228e+00 1.2761877720e+00 8.3461913920e+01
1.3195596965e+00 1.2639925979e+00 8.0467675232e+01
1.3239418509e+00 1.2421647286e+00 8.7436729029e+01
1.3029930709e+00 1.2757577248e+00 7.7392081315e+01
1.3387419443e+00 1.2828905521e+00 7.8869354308e+01
1.3238972738e+00 1.2465670400e+00 8.5272615194e+01
1.2946120162e+00 1.2575663881e+00 7.9479819877e+01
1.3128246092e+00 1.2580756135e+00 8.0965186566e+01
1.3200199046e+00 1.2644057094e+00 8.0433119990e+01
1.3433063161e+00 1.2599194468e+00 8.3931863986e+01
1.3012903919e+00 1.2774604038e+00 7.7055083817e+01
1.3386465081e+00 1.2497102614e+00 8.7077348295e+01
1.3374019003e+00 1.2474604104e+00 8.8378926216e+01
1.2810410854e+00 1.2733119303e+00 7.6308492375e+01
1.3359017141e+00 1.2489605966e+00 8.6757527902e+01
1.2930179515e+00 1.2426535972e+00 8.2177652292e+01
1.2931568747e+00 1.2799232623e+00 7.6236020107e+01
1.3122167017e+00 1.2634801453e+00 7.9928877049e+01
1.3181229418e+00 1.2697969343e+00 7.9354959114e+01
1.3535547072e+00 1.2597455790e+00 8.5634214754e+01
1.3254079484e+00 1.2463641661e+00 8.5634214754e+01
1.3199008762e+00 1.2588499195e+00 8.1491484890e+01
1.3296673631e+00 1.2639340443e+00 8.1414339425e+01
1.3758969485e+00 1.2650651037e+00 8.9189483384e+01
1.3461172726e+00 1.2549200935e+00 8.6197674093e+01
1.3530096227e+00 1.2550327721e+00 8.8187569297e+01
1.3143238524e+00 1.2456860415e+00 8.4041308295e+01
1.3336779907e+00 1.2455091819e+00 8.8596120629e+01
1.3488877848e+00 1.2582786380e+00 8.5342693277e+01
1.3274999001e+00 1.2805424947e+00 7.8403821928e+01
1.2966370486e+00 1.2699051934e+00 7.7765205727e+01
1.3516366361e+00 1.2721900163e+00 8.1888128163e+01
1.3428656179e+00 1.3016159814e+00 7.6577507130e+01
1.3132821042e+00 1.2982651594e+00 7.5258052561e+01
1.2870974058e+00 1.2777023342e+00 7.6139968555e+01
1.3138486363e+00 1.2871887298e+00 7.6602225844e+01
1.3527514797e+00 1.2601105140e+00 8.5342693277e+01
1.3188702675e+00 1.2529018470e+00 8.2700475693e+01
1.3079986518e+00 1.2633375045e+00 7.9606163389e+01
1.3230447720e+00 1.2832457770e+00 7.7711219496e+01
1.3026330351e+00 1.2456326248e+00 8.2566341788e+01
1.3397858819e+00 1.2560018355e+00 8.4621711461e+01
1.3428762000e+00 1.2511624203e+00 8.7436729029e+01
1.3157578711e+00 1.2669212022e+00 7.9637987289e+01
1.3319246997e+00 1.2612395194e+00 8.2219886681e+01
1.3187109379e+00 1.2700827496e+00 7.9354959114e+01
1.3373553608e+00 1.2470702533e+00 8.8853746852e+01
1.3390449104e+00 1.2519337357e+00 8.6028533830e+01
1.2471174135e+00 1.2720830214e+00 7.4489136515e+01
1.3389446330e+00 1.2625303634e+00 8.2700475693e+01
1.3355361351e+00 1.2663765162e+00 8.1491484890e+01
1.3073792725e+00 1.2674452394e+00 7.8899089761e+01
1.3578646909e+00 1.2580658644e+00 8.7568287925e+01
1.3542709460e+00 1.2730676284e+00 8.1969790983e+01
1.3568726306e+00 1.2616890756e+00 8.5486104849e+01
1.3289759123e+00 1.2585070950e+00 8.2522162191e+01
1.3120178019e+00 1.2759020742e+00 7.7983538712e+01
1.2804760599e+00 1.2947846072e+00 7.3879145689e+01
1.3161363620e+00 1.2695994159e+00 7.9231529518e+01
1.3280412248e+00 1.2874508911e+00 7.7471115761e+01
1.2736583344e+00 1.2911414055e+00 7.3899804954e+01
1.3328710452e+00 1.2856906610e+00 7.8038735323e+01
1.3544736325e+00 1.2961709327e+00 7.8038735323e+01
1.3150384045e+00 1.2362703281e+00 8.9189483384e+01
1.3080783433e+00 1.2458397007e+00 8.3166473052e+01
1.3087929012e+00 1.2725765247e+00 7.8233932577e+01
1.2878822599e+00 1.3083427932e+00 7.2916077488e+01
1.3150663495e+00 1.2702326825e+00 7.9048962842e+01
1.3271081614e+00 1.2608117148e+00 8.1807273904e+01
1.3109064488e+00 1.2556357933e+00 8.1262076387e+01
1.2940289379e+00 1.2498915757e+00 8.0784447201e+01
1.3060645401e+00 1.2561221865e+00 8.0713127966e+01
1.3126613867e+00 1.2408217103e+00 8.5413839657e+01
1.3341723074e+00 1.2743081102e+00 7.9896146783e+01
1.3397311690e+00 1.2779533889e+00 7.9734044399e+01
1.3137375425e+00 1.2358321432e+00 8.8853746852e+01
1.3019624330e+00 1.2698096815e+00 7.8149888534e+01
1.3387835166e+00 1.2508840806e+00 8.6466509507e+01
1.3468243692e+00 1.2638465301e+00 8.3312569183e+01
1.2270737051e+00 1.2860674497e+00 7.2096028356e+01
1.2723589526e+00 1.3120666614e+00 7.1855172896e+01
1.3293990945e+00 1.2830246314e+00 7.8177837772e+01
1.3391992923e+00 1.2622757041e+00 8.2791277101e+01
1.3224516219e+00 1.2401705453e+00 8.8596120629e+01
1.2872637214e+00 1.2380008553e+00 8.2610784034e+01
1.3495205459e+00 1.2528297847e+00 8.8853746852e+01
1.2760056448e+00 1.2848749082e+00 7.4683256707e+01
1.2549493948e+00 1.3089792421e+00 7.1346616236e+01
1.3068970062e+00 1.2770919358e+00 7.7471115761e+01
1.3087156716e+00 1.2931969796e+00 7.5576824649e+01
1.3442709924e+00 1.2572040040e+00 8.4936720171e+01
1.2714040411e+00 1.2759923918e+00 7.5416586482e+01
1.3008370406e+00 1.2770410753e+00 7.7080699799e+01
1.3429961592e+00 1.2558534236e+00 8.5203558584e+01
1.3356481562e+00 1.2605768969e+00 8.2791277101e+01
1.3186839357e+00 1.2578853450e+00 8.1569331007e+01
1.3036408943e+00 1.2890861611e+00 7.5762114683e+01
1.3190382434e+00 1.2531698540e+00 8.2655493698e+01
1.3205111092e+00 1.2512610053e+00 8.3312569183e+01
1.3027802400e+00 1.2825187920e+00 7.6503617642e+01
1.3120690933e+00 1.2649364412e+00 7.9669908154e+01
1.3429529570e+00 1.2672797969e+00 8.2052287288e+01
1.2791168861e+00 1.3341834001e+00 7.0299479412e+01
1.3247275388e+00 1.2453008906e+00 8.5946605487e+01
1.3323973888e+00 1.2563962987e+00 8.3461913920e+01
1.3266488806e+00 1.2499204001e+00 8.4560892485e+01
1.3064127092e+00 1.2383766359e+00 8.5203558584e+01
1.3026452326e+00 1.2713070426e+00 7.7983538712e+01
1.3236676709e+00 1.2520291761e+00 8.3512456048e+01
1.3352233455e+00 1.2553182597e+00 8.4152793230e+01
1.3534869022e+00 1.2655134148e+00 8.3718672554e+01
1.2940573737e+00 1.2873120522e+00 7.5416586482e+01
1.3191938135e+00 1.2949831310e+00 7.5973430165e+01
1.3444414158e+00 1.2666676534e+00 8.2347979715e+01
1.3490870986e+00 1.2563276746e+00 8.6197674093e+01
1.3324339599e+00 1.2607302592e+00 8.2391153680e+01
1.3070619313e+00 1.3101840892e+00 7.3673952717e+01
1.3643753694e+00 1.2682340231e+00 8.4441244525e+01
1.3102621424e+00 1.2885874405e+00 7.6211945708e+01
1.3130498254e+00 1.2561069093e+00 8.1376023555e+01
1.2821841021e+00 1.2922042791e+00 7.4233936959e+01
1.2891873896e+00 1.3022283220e+00 7.3572291496e+01
1.3191516379e+00 1.2626543125e+00 8.0677671172e+01
1.3300648901e+00 1.2456319569e+00 8.7077348295e+01
1.3114009961e+00 1.2953274775e+00 7.5485048020e+01
1.3379855352e+00 1.2512450949e+00 8.6112185454e+01
1.2988661643e+00 1.3087382323e+00 7.3410893841e+01
1.3281178912e+00 1.2847441026e+00 7.7846627825e+01
1.3288900325e+00 1.2524793934e+00 8.4096788508e+01
1.3088791224e+00 1.2685626905e+00 7.8839697086e+01
1.3168050933e+00 1.3078993928e+00 7.4403617595e+01
1.3478082875e+00 1.2549797470e+00 8.6560781600e+01
1.3443462822e+00 1.2505668376e+00 8.8596120629e+01
1.3397010031e+00 1.2644002904e+00 8.2347979715e+01
1.3287592541e+00 1.2661538657e+00 8.0892464042e+01
1.3273531461e+00 1.2754348884e+00 7.9170336091e+01
1.3232469458e+00 1.2804165701e+00 7.8122004123e+01
1.3148758157e+00 1.2521021135e+00 8.2434572567e+01
1.2978994528e+00 1.2812877198e+00 7.6357016986e+01
1.3029406275e+00 1.2631659520e+00 7.9231529518e+01
1.3345593142e+00 1.2708554589e+00 8.0537160751e+01
1.2816119001e+00 1.3080556971e+00 7.2644963102e+01
1.3357720938e+00 1.2617651137e+00 8.2522162191e+01
1.2886624529e+00 1.2504812557e+00 8.0194610813e+01
1.3487111201e+00 1.2817016702e+00 7.9830999012e+01
1.2799911958e+00 1.2743618199e+00 7.6116057475e+01
1.3266298010e+00 1.2875471435e+00 7.7365844600e+01
1.3564100226e+00 1.2625902944e+00 8.5068338769e+01
1.3371528540e+00 1.2792161652e+00 7.9323969492e+01
1.2923815766e+00 1.2711115458e+00 7.7313531307e+01
1.3089471066e+00 1.2780990564e+00 7.7471115761e+01
1.2928113551e+00 1.2658927351e+00 7.8066427965e+01
1.3607954761e+00 1.2718139164e+00 8.2976381855e+01
1.3240022082e+00 1.2564942425e+00 8.2434572567e+01
1.3248414938e+00 1.2845150430e+00 7.7657465783e+01
1.3366159947e+00 1.2552368069e+00 8.4382373156e+01
1.3290170467e+00 1.2589028294e+00 8.2434572567e+01
1.2844342983e+00 1.3205426237e+00 7.1653759664e+01
1.3162246176e+00 1.2773767899e+00 7.8066427965e+01
1.3582388215e+00 1.2968107890e+00 7.8205852297e+01
1.3376341291e+00 1.2568417287e+00 8.4041308295e+01
1.3652947873e+00 1.2769869120e+00 8.2262350168e+01
1.3531813525e+00 1.2614339580e+00 8.4936720171e+01
1.2874968691e+00 1.2677261640e+00 7.7444716555e+01
1.3333821043e+00 1.2453686914e+00 8.8596120629e+01
1.2831149576e+00 1.2521226825e+00 7.9448467746e+01
1.3247913011e+00 1.2915777181e+00 7.6726497234e+01
1.3333681311e+00 1.2562994661e+00 8.3614735208e+01
1.3012790580e+00 1.2500296746e+00 8.1452825766e+01
1.3411758733e+00 1.2498027728e+00 8.7855467302e+01
1.2967377373e+00 1.2872512047e+00 7.5576824649e+01
1.3079950699e+00 1.2463579458e+00 8.3023421435e+01
1.3335342171e+00 1.2478352089e+00 8.6757527902e+01
1.2792321271e+00 1.3183050804e+00 7.1617368102e+01
1.2788479779e+00 1.2394865477e+00 8.1376023555e+01
1.3423738881e+00 1.2591011083e+00 8.4041308295e+01
1.3042216613e+00 1.3139014585e+00 7.3171618697e+01
1.2873654460e+00 1.2796124832e+00 7.5926202551e+01
1.3134065630e+00 1.2911325325e+00 7.6092186698e+01
1.2800499727e+00 1.3043756413e+00 7.2916077488e+01
1.3525938637e+00 1.2637751555e+00 8.4096788508e+01
1.3117872916e+00 1.2560620858e+00 8.1262076387e+01
1.2598657691e+00 1.3027563981e+00 7.2114685585e+01
1.3067786159e+00 1.3170480365e+00 7.2994308568e+01
1.2991885375e+00 1.2795622582e+00 7.6651798080e+01
1.3500900714e+00 1.2654020444e+00 8.3312569183e+01
1.3393045072e+00 1.2481785001e+00 8.8596120629e+01
1.3176054979e+00 1.2843071534e+00 7.7209536111e+01
1.3270256484e+00 1.2495436323e+00 8.4745454571e+01
1.2961487180e+00 1.2804205627e+00 7.6357016986e+01
1.3368679132e+00 1.2759940806e+00 7.9830999012e+01
1.3581827110e+00 1.2608176060e+00 8.6112185454e+01
1.3211088611e+00 1.2441264674e+00 8.5710183053e+01
1.2943258251e+00 1.2918467233e+00 7.4923826465e+01
1.3503102966e+00 1.2730774757e+00 8.1569331007e+01
1.2833661767e+00 1.2488347963e+00 8.0027705704e+01
1.2429624885e+00 1.2810022201e+00 7.3350761860e+01
1.3295925228e+00 1.2675072754e+00 8.0713127966e+01
1.3033268086e+00 1.2728062429e+00 7.7819427566e+01
1.3154659639e+00 1.2497693646e+00 8.3070778751e+01
1.2783535151e+00 1.3126251310e+00 7.2077389913e+01
1.3423313982e+00 1.2709688880e+00 8.1224420262e+01
1.3357498846e+00 1.2464926149e+00 8.8596120629e+01
1.3344089750e+00 1.2469604510e+00 8.7568287925e+01
1.3226998187e+00 1.2399223485e+00 8.9189483384e+01
1.3293937725e+00 1.2519756535e+00 8.4324110442e+01
1.3029752121e+00 1.2897518433e+00 7.5646033984e+01
1.3093148068e+00 1.2655097050e+00 7.9354959114e+01
1.2563715589e+00 1.2381893909e+00 7.9574435566e+01
1.2961227912e+00 1.2887395195e+00 7.5371119608e+01
1.3137779640e+00 1.2536356770e+00 8.1969790983e+01
1.3039080194e+00 1.2748427763e+00 7.7577264583e+01
1.3186605559e+00 1.2509320138e+00 8.3166473052e+01
1.3146898187e+00 1.2741038688e+00 7.8432376026e+01
1.3014365965e+00 1.2877940336e+00 7.5785442206e+01
1.3253777944e+00 1.2690980633e+00 8.0060864731e+01
1.3245577446e+00 1.2883042492e+00 7.7132082137e+01
1.2953242995e+00 1.2503339760e+00 8.0820312794e+01
1.3220496515e+00 1.2593197744e+00 8.1608522897e+01
1.3473949778e+00 1.2562685381e+00 8.5866297957e+01
1.3171254534e+00 1.2576990584e+00 8.1452825766e+01
1.3320815873e+00 1.2864801189e+00 7.7873888177e+01
1.3350213661e+00 1.2712691828e+00 8.0502355029e+01
1.2699078253e+00 1.2840102187e+00 7.4446319730e+01
1.3131921674e+00 1.2900335956e+00 7.6211945708e+01
1.2750353367e+00 1.2428662716e+00 8.0364377815e+01
1.3211180417e+00 1.2598148844e+00 8.1414339425e+01
1.3461083879e+00 1.2913356800e+00 7.8149888534e+01
1.3130694412e+00 1.2469404526e+00 8.3512456048e+01
1.3075236921e+00 1.2725363080e+00 7.8149888534e+01
1.3107621564e+00 1.2388075293e+00 8.5866297957e+01
1.3124589723e+00 1.2693469781e+00 7.8988771847e+01
1.2974566367e+00 1.3386685901e+00 7.0694420330e+01
1.2730860844e+00 1.3004301094e+00 7.2955149477e+01
1.2975788347e+00 1.2693990945e+00 7.7901209028e+01
1.3127282345e+00 1.3010103686e+00 7.4923826465e+01
1.3024690334e+00 1.2579761776e+00 8.0060864731e+01
1.2571892032e+00 1.2989039461e+00 7.2340059416e+01
1.3355173833e+00 1.2620198242e+00 8.2434572567e+01
1.3364992336e+00 1.2719811840e+00 8.0502355029e+01
1.3106848310e+00 1.2824793881e+00 7.7004000743e+01
1.3445525688e+00 1.2547345216e+00 8.5946605487e+01
1.3200153028e+00 1.2395592984e+00 8.8014565082e+01
1.3563332425e+00 1.2657380362e+00 8.4041308295e+01
1.3480060557e+00 1.2670476452e+00 8.2655493698e+01
1.2663820343e+00 1.3176069076e+00 7.1114994107e+01
1.2821990344e+00 1.2625903108e+00 7.7792286999e+01
1.3283855544e+00 1.2582237890e+00 8.2522162191e+01
1.3078972695e+00 1.2416724162e+00 8.4324110442e+01
1.3494960868e+00 1.2651192236e+00 8.3312569183e+01
1.3104350633e+00 1.2849153430e+00 7.6676652104e+01
1.3111401604e+00 1.2580165743e+00 8.0820312794e+01
1.3354908442e+00 1.2883358081e+00 7.7846627825e+01
1.2719326362e+00 1.2850307280e+00 7.4446319730e+01
1.3587922849e+00 1.2575767343e+00 8.8378926216e+01
1.2888402070e+00 1.3073848461e+00 7.3053211840e+01
1.3255935866e+00 1.2763190646e+00 7.8899089761e+01
1.3488138355e+00 1.2539741990e+00 8.7436729029e+01
1.3381428011e+00 1.2576449163e+00 8.3877872787e+01
1.3209025936e+00 1.2950279617e+00 7.6068356017e+01
1.3554215839e+00 1.2600705319e+00 8.5866297957e+01
1.3127357940e+00 1.2586003623e+00 8.0856317856e+01
1.2829529887e+00 1.2787983220e+00 7.5762114683e+01
1.2997830716e+00 1.2820228788e+00 7.6381342894e+01
1.3127361280e+00 1.2490151827e+00 8.2929653666e+01
1.3065847549e+00 1.2931398676e+00 7.5462192458e+01
1.2953295253e+00 1.2808035262e+00 7.6260135872e+01
1.2876371612e+00 1.2937322647e+00 7.4361029171e+01
1.2948665940e+00 1.2499227511e+00 8.0856317856e+01
1.3138120690e+00 1.2553446657e+00 8.1608522897e+01
1.3365731889e+00 1.2487258431e+00 8.7077348295e+01
1.2997266710e+00 1.2812062550e+00 7.6479075887e+01
1.2901537606e+00 1.2881606828e+00 7.5101168461e+01
1.2815822199e+00 1.2914979172e+00 7.4276189762e+01
1.2552202594e+00 1.3034838308e+00 7.1836773450e+01
1.3294515578e+00 1.2768389912e+00 7.9109482420e+01
1.2480906467e+00 1.2893167840e+00 7.2799378191e+01
1.3403673803e+00 1.2667990425e+00 8.1888128163e+01
1.2982750879e+00 1.3194094700e+00 7.2377892905e+01
1.3165557970e+00 1.2482439430e+00 8.3614735208e+01
1.3341451392e+00 1.2459148609e+00 8.8378926216e+01
1.3308317437e+00 1.2535938704e+00 8.4041308295e+01
1.3231490189e+00 1.2425219228e+00 8.6966995687e+01
1.2587074469e+00 1.3117568668e+00 7.1275053722e+01
1.3447818425e+00 1.2518805708e+00 8.7568287925e+01
1.3220728931e+00 1.2440336864e+00 8.5946605487e+01
1.3385872642e+00 1.2528284474e+00 8.5559543476e+01
1.2155113835e+00 1.2928723218e+00 7.0973808374e+01
1.3517168606e+00 1.2572016043e+00 8.6374684998e+01
1.3077136930e+00 1.2697281199e+00 7.8576202428e+01
1.2728451058e+00 1.3268795167e+00 7.0625179148e+01
1.3018324575e+00 1.3338532044e+00 7.1275053722e+01
1.2879485273e+00 1.2459875354e+00 8.0965186566e+01
1.3092428010e+00 1.2948584925e+00 7.5416586482e+01
1.3222276240e+00 1.2700622922e+00 7.9637987289e+01
1.3305399983e+00 1.2573798778e+00 8.2976381855e+01
1.3024150169e+00 1.2684852057e+00 7.8375337009e+01
1.3241312767e+00 1.2524380040e+00 8.3461913920e+01
1.2968100018e+00 1.2471105119e+00 8.1608522897e+01
1.3536872495e+00 1.2802403975e+00 8.0502355029e+01
1.3107052945e+00 1.2789623027e+00 7.7471115761e+01
1.3161543696e+00 1.2857582816e+00 7.6927743997e+01
1.3127560694e+00 1.2559648549e+00 8.1376023555e+01
1.3434234488e+00 1.2510524090e+00 8.7707378991e+01
1.3288115552e+00 1.2901887619e+00 7.7157849094e+01
1.3182019175e+00 1.2675338604e+00 7.9734044399e+01
1.3501150255e+00 1.2531107375e+00 8.8853746852e+01
1.3337128710e+00 1.2892360455e+00 7.7603941562e+01
1.2524159968e+00 1.2516453627e+00 7.7261429339e+01
1.3343979153e+00 1.2504643954e+00 8.5710183053e+01
1.3260220429e+00 1.2684538148e+00 8.0228330525e+01
1.3585024377e+00 1.2675189824e+00 8.3824351811e+01
1.2991844618e+00 1.2634377054e+00 7.8899089761e+01
1.3371422595e+00 1.2512145100e+00 8.5946605487e+01
1.3399625272e+00 1.2588870556e+00 8.3771288937e+01
1.3299454349e+00 1.2531702367e+00 8.4041308295e+01
1.3138659783e+00 1.2709963324e+00 7.8839697086e+01
1.2872648033e+00 1.3037138429e+00 7.3330764710e+01
1.3315888908e+00 1.2467255527e+00 8.6860516083e+01
1.3573705484e+00 1.2598754721e+00 8.6374684998e+01
1.3483218181e+00 1.2557794753e+00 8.6285126569e+01
1.3016571460e+00 1.2805853535e+00 7.6676652104e+01
1.3076619698e+00 1.2658542240e+00 7.9170336091e+01
1.3016038800e+00 1.2327660172e+00 8.6657708378e+01
1.3358574507e+00 1.2840201615e+00 7.8489693825e+01
1.2685936519e+00 1.2914162419e+00 7.3612882375e+01
1.3043936849e+00 1.2756663152e+00 7.7497569815e+01
1.3267440908e+00 1.2559349825e+00 8.2883230736e+01
1.3535119651e+00 1.2545304297e+00 8.9189483384e+01
1.2701099136e+00 1.3003544001e+00 7.2818774681e+01
1.3568334731e+00 1.2718224756e+00 8.2522162191e+01
1.3409834468e+00 1.2517436086e+00 8.6560781600e+01
1.3567991183e+00 1.2648333781e+00 8.4382373156e+01
1.3288995155e+00 1.2647018919e+00 8.1186923776e+01
1.3009626074e+00 1.3184763450e+00 7.2587399708e+01
1.3193558216e+00 1.2633232516e+00 8.0572093792e+01
1.3187441917e+00 1.2504125430e+00 8.3312569183e+01
1.3369944099e+00 1.2487413680e+00 8.7192030493e+01
1.2661833721e+00 1.2881696436e+00 7.3817321945e+01
1.3109090976e+00 1.2761370654e+00 7.7873888177e+01
1.2610903441e+00 1.2876099663e+00 7.3612882375e+01
1.3141267900e+00 1.3031192305e+00 7.4770307295e+01
1.3616471949e+00 1.2591078105e+00 8.8187569297e+01
1.3172716689e+00 1.2606064470e+00 8.0892464042e+01
1.3178826212e+00 1.2967326893e+00 7.5692355604e+01
1.3035123396e+00 1.2586743870e+00 8.0027705704e+01
1.3274476370e+00 1.2950624484e+00 7.6454577770e+01
1.3146390169e+00 1.2654209832e+00 7.9798579510e+01
1.3356715453e+00 1.2470075279e+00 8.8014565082e+01
1.3438454266e+00 1.2510676931e+00 8.7855467302e+01
1.3278082757e+00 1.2636074359e+00 8.1299894225e+01
1.2861276122e+00 1.2430379070e+00 8.1376023555e+01
1.3260146362e+00 1.2492460309e+00 8.4683224036e+01
1.3508470263e+00 1.2607002372e+00 8.4808428882e+01
1.2745702981e+00 1.3273423531e+00 7.0659769938e+01
1.2894049536e+00 1.2619037790e+00 7.8403821928e+01
1.3108021837e+00 1.2696942670e+00 7.8810117472e+01
1.3427121740e+00 1.2780428314e+00 7.9961712929e+01
1.3398972885e+00 1.2484594810e+00 8.8596120629e+01
1.3102177828e+00 1.2489215506e+00 8.2655493698e+01
1.3233702360e+00 1.2837961869e+00 7.7657465783e+01
1.3380218797e+00 1.2879995405e+00 7.8066427965e+01
1.3128354033e+00 1.2672245968e+00 7.9354959114e+01
1.3348151472e+00 1.2456813036e+00 8.9189483384e+01
1.3388582652e+00 1.2564921411e+00 8.4324110442e+01
1.3600328910e+00 1.2699406522e+00 8.3361979075e+01
1.3344186500e+00 1.2543750375e+00 8.4324110442e+01
1.3322246384e+00 1.2600652778e+00 8.2522162191e+01
1.3651398690e+00 1.2674695235e+00 8.4808428882e+01
1.3096073376e+00 1.2408318221e+00 8.4872174373e+01
1.3049169759e+00 1.2891216444e+00 7.5832210102e+01
1.3357070880e+00 1.2509022554e+00 8.5787518542e+01
1.2670669489e+00 1.2951197777e+00 7.3171618697e+01
1.3161975465e+00 1.2844022138e+00 7.7106365806e+01
1.3464007002e+00 1.2625177647e+00 8.3614735208e+01
1.3285655504e+00 1.2471312966e+00 8.5946605487e+01
1.3586781416e+00 1.2590064163e+00 8.7192030493e+01
1.2812283958e+00 1.2739946373e+00 7.6236020107e+01
1.3157715324e+00 1.2970904614e+00 7.5530865121e+01
1.3236004916e+00 1.2416348369e+00 8.7707378991e+01
1.3122054541e+00 1.2369295316e+00 8.7192030493e+01
1.3048442501e+00 1.2817650933e+00 7.6726497234e+01
1.3288065169e+00 1.2792358779e+00 7.8692562936e+01
1.3094078078e+00 1.3183698670e+00 7.2994308568e+01
1.3457297872e+00 1.2539948353e+00 8.6560781600e+01
1.3058912407e+00 1.2933958497e+00 7.5393835738e+01
1.3504123021e+00 1.2532512138e+00 8.8853746852e+01
1.2800116780e+00 1.2400547652e+00 8.1376023555e+01
1.2849908761e+00 1.3199860459e+00 7.1726752716e+01
1.3461464281e+00 1.2627720369e+00 8.3512456048e+01
1.3483932013e+00 1.2627158678e+00 8.3824351811e+01
1.3111667504e+00 1.2776269371e+00 7.7684313766e+01
1.3249698775e+00 1.2900838234e+00 7.6927743997e+01
1.3002023964e+00 1.2411122162e+00 8.3411757846e+01
1.3257688713e+00 1.2508004094e+00 8.4152793230e+01
1.2946569650e+00 1.3037551349e+00 7.3694358938e+01
1.3379011114e+00 1.3021812982e+00 7.6211945708e+01
1.3271278958e+00 1.2760978671e+00 7.9048962842e+01
1.3385849956e+00 1.2716477583e+00 8.0748719456e+01
1.3281345284e+00 1.2571645037e+00 8.2745735086e+01
1.3268788329e+00 1.2422779018e+00 8.8596120629e+01
1.3139212055e+00 1.2622118461e+00 8.0296118030e+01
1.2777757760e+00 1.2596316547e+00 7.7901209028e+01
1.3720924254e+00 1.2701892739e+00 8.5002097282e+01
1.3496923691e+00 1.2530956654e+00 8.8596120629e+01
1.2970319208e+00 1.2852105787e+00 7.5832210102e+01
1.2636277535e+00 1.3225447948e+00 7.0590647641e+01
1.3347970173e+00 1.2478820559e+00 8.7077348295e+01
1.2893598194e+00 1.2549950976e+00 7.9479819877e+01
1.3060292508e+00 1.3199921694e+00 7.2683441722e+01
1.3660530826e+00 1.2630420399e+00 8.6860516083e+01
1.2645258858e+00 1.3024520434e+00 7.2358966340e+01
1.3305886541e+00 1.2477257894e+00 8.6112185454e+01
1.3249515853e+00 1.2424620557e+00 8.7568287925e+01
1.3418026210e+00 1.2728126895e+00 8.0820312794e+01
1.3345882999e+00 1.2546423302e+00 8.4266437827e+01
1.3586781416e+00 1.2590064163e+00 8.7192030493e+01
1.2646183162e+00 1.2823435403e+00 7.4339777311e+01
1.2905450369e+00 1.2951907410e+00 7.4361029171e+01
1.3382517516e+00 1.3507982515e+00 7.1400462359e+01
1.2824781852e+00 1.2575338108e+00 7.8547294593e+01
1.2830973955e+00 1.2934718853e+00 7.4149760707e+01
1.3139363302e+00 1.2949821347e+00 7.5669176471e+01
1.3258748955e+00 1.2699128219e+00 7.9961712929e+01
1.3096190808e+00 1.2940444351e+00 7.5530865121e+01
1.2968233061e+00 1.3147239575e+00 7.2741315567e+01
1.3301289786e+00 1.2438232966e+00 8.8596120629e+01
1.3234982007e+00 1.2556889719e+00 8.2566341788e+01
1.2862629934e+00 1.3003463501e+00 7.3612882375e+01
1.3167686488e+00 1.2502092804e+00 8.3118460360e+01
1.3005922412e+00 1.2737961400e+00 7.7497569815e+01
1.3335816460e+00 1.2709574494e+00 8.0433119990e+01
1.2879736876e+00 1.2824906262e+00 7.5622927969e+01
1.3083278743e+00 1.2638802231e+00 7.9542802945e+01
1.3452618057e+00 1.2535877772e+00 8.6657708378e+01
1.3396936482e+00 1.2491000393e+00 8.7855467302e+01
1.3360268674e+00 1.2488354433e+00 8.6860516083e+01
1.2800289369e+00 1.2651948611e+00 7.7287454070e+01
1.2789433778e+00 1.3089764983e+00 7.2434791071e+01
1.2834360459e+00 1.2918246212e+00 7.4339777311e+01
1.3081978045e+00 1.2688077300e+00 7.8751188620e+01
1.3275161381e+00 1.2429481756e+00 8.8187569297e+01
1.3300544380e+00 1.2740468554e+00 7.9606163389e+01
1.3252932205e+00 1.2906373348e+00 7.6877148084e+01
1.3256815820e+00 1.3108832341e+00 7.4553578751e+01
1.2896724160e+00 1.2947531981e+00 7.4361029171e+01
1.2997436962e+00 1.3126800297e+00 7.3072890473e+01
1.3101499996e+00 1.2790806305e+00 7.7418371854e+01
1.3189897443e+00 1.3250518263e+00 7.2818774681e+01
1.3548627600e+00 1.2588758432e+00 8.6285126569e+01
1.3274464142e+00 1.2495591203e+00 8.4808428882e+01
1.3333118280e+00 1.2975402339e+00 7.6503617642e+01
1.3404479617e+00 1.2829398105e+00 7.8988771847e+01
1.3052121469e+00 1.2400116510e+00 8.4441244525e+01
1.3004274583e+00 1.2853083196e+00 7.6020814122e+01
1.2927546876e+00 1.3266842648e+00 7.1490541645e+01
1.2809560838e+00 1.3095855215e+00 7.2472822552e+01
1.2959567088e+00 1.2684074673e+00 7.7928590790e+01
1.3033024217e+00 1.2440940111e+00 8.3023421435e+01
1.3359017141e+00 1.2489605966e+00 8.6757527902e+01
1.2610394624e+00 1.3142212047e+00 7.1168201621e+01
1.3025209051e+00 1.2527021280e+00 8.1038494274e+01
1.3154783134e+00 1.2969454125e+00 7.5530865121e+01
1.3098699626e+00 1.3008009367e+00 7.4792145946e+01
1.3258636953e+00 1.2813027275e+00 7.8177837772e+01
1.2609962471e+00 1.2777133549e+00 7.4639912012e+01
1.3041267774e+00 1.2402281396e+00 8.4209337681e+01
1.2806836718e+00 1.3251689770e+00 7.1097290340e+01
1.3465232375e+00 1.2597673115e+00 8.4441244525e+01
1.3460364725e+00 1.2554385239e+00 8.5946605487e+01
1.3137553737e+00 1.2575807826e+00 8.1149584901e+01
1.3315197188e+00 1.2984538245e+00 7.6284293221e+01
1.3191311711e+00 1.2391377005e+00 8.8014565082e+01
1.2901402273e+00 1.2403260521e+00 8.2391153680e+01
1.2809042042e+00 1.2978465915e+00 7.3592574728e+01
1.3108881485e+00 1.2499924044e+00 8.2478240615e+01
1.3031745482e+00 1.2355350539e+00 8.5710183053e+01
1.3093665531e+00 1.2837976660e+00 7.6751488857e+01
1.3221464803e+00 1.2631525517e+00 8.0856317856e+01
1.3211088611e+00 1.2441264674e+00 8.5710183053e+01
1.3097840894e+00 1.2676577235e+00 7.9048962842e+01
1.3417402470e+00 1.2597347494e+00 8.3771288937e+01
1.3147230703e+00 1.2745075598e+00 7.8375337009e+01
1.3286380105e+00 1.2527314154e+00 8.3986338075e+01
1.3445975306e+00 1.2801069555e+00 7.9766261626e+01
1.3110238532e+00 1.2642368139e+00 7.9701926885e+01
1.3119231681e+00 1.2633374991e+00 7.9928877049e+01
1.3315955620e+00 1.2567612076e+00 8.3263520051e+01
1.3378859930e+00 1.2732230762e+00 8.0398687958e+01
1.3277954196e+00 1.2527010312e+00 8.3877872787e+01
1.3303000788e+00 1.2440883024e+00 8.8378926216e+01
1.3245506258e+00 1.2563823002e+00 8.2522162191e+01
1.2859081405e+00 1.2958978099e+00 7.4045148973e+01
1.2934678000e+00 1.2783043145e+00 7.6454577770e+01
1.3223130012e+00 1.3041474459e+00 7.5101168461e+01
1.3322287389e+00 1.2574388583e+00 8.3166473052e+01
1.3062249943e+00 1.3018174006e+00 7.4489136515e+01
1.3386230929e+00 1.2519185123e+00 8.5946605487e+01
1.3288817860e+00 1.3041670002e+00 7.5462192458e+01
1.3396204578e+00 1.2570419555e+00 8.4266437827e+01
1.2902850253e+00 1.2658081240e+00 7.7901209028e+01
1.2967059507e+00 1.2890298272e+00 7.5371119608e+01
1.3534227304e+00 1.2774293315e+00 8.1001766381e+01
1.3188319228e+00 1.2747694846e+00 7.8634235730e+01
1.2976087243e+00 1.3257790479e+00 7.1781682849e+01
1.3075122196e+00 1.2538036999e+00 8.1299894225e+01
1.3406036852e+00 1.2766423353e+00 8.0027705704e+01
1.3147907335e+00 1.2473959932e+00 8.3614735208e+01
1.3078959936e+00 1.2669285182e+00 7.9018826610e+01
1.2914074221e+00 1.2712147451e+00 7.7235456792e+01
1.3311091003e+00 1.2498238257e+00 8.5342693277e+01
1.3024030786e+00 1.2515149654e+00 8.1262076387e+01
1.3260782096e+00 1.2461298878e+00 8.5866297957e+01
1.2714474442e+00 1.2789917156e+00 7.5078888084e+01
1.3054321797e+00 1.2324092833e+00 8.8187569297e+01
1.2571144484e+00 1.2711840213e+00 7.5145827200e+01
1.3297458236e+00 1.2647300341e+00 8.1262076387e+01
1.3219286564e+00 1.2638071215e+00 8.0713127966e+01
1.3695199583e+00 1.2780425262e+00 8.2478240615e+01
1.3123263394e+00 1.2646791950e+00 7.9734044399e+01
1.3729506669e+00 1.2741716179e+00 8.3877872787e+01
1.3222299408e+00 1.2491062155e+00 8.4152793230e+01
1.3276189854e+00 1.3045510378e+00 7.5348437930e+01
1.3087151040e+00 1.2560846360e+00 8.0965186566e+01
1.3645501935e+00 1.2610322241e+00 8.7707378991e+01
1.3217821058e+00 1.3266608511e+00 7.2799378191e+01
1.3474406905e+00 1.2698053300e+00 8.1969790983e+01
1.3076723015e+00 1.2675883656e+00 7.8899089761e+01
1.2963791963e+00 1.2601490481e+00 7.9200889974e+01
1.3086524197e+00 1.2583255095e+00 8.0537160751e+01
1.2608963662e+00 1.3335794916e+00 6.9613682416e+01
1.2862904316e+00 1.2741547795e+00 7.6528203273e+01
1.3384294210e+00 1.2490535863e+00 8.7436729029e+01
1.3338914902e+00 1.2759031429e+00 7.9606163389e+01
1.3540799630e+00 1.2895216031e+00 7.8988771847e+01
1.3287442936e+00 1.2438998113e+00 8.7855467302e+01
1.3313961850e+00 1.2849728342e+00 7.8038735323e+01
1.3102300991e+00 1.2663391816e+00 7.9293068528e+01
1.3179240931e+00 1.2997604648e+00 7.5348437930e+01
1.3416462349e+00 1.2563284065e+00 8.4808428882e+01
1.2615217709e+00 1.2941363079e+00 7.2994308568e+01
1.3209990428e+00 1.2861673800e+00 7.7183666982e+01
1.2746340402e+00 1.3001904717e+00 7.3053211840e+01
1.3556204517e+00 1.2875411343e+00 7.9417207447e+01
1.3210738142e+00 1.2450327654e+00 8.5342693277e+01
1.2926509541e+00 1.2282815968e+00 8.6757527902e+01
1.3573577041e+00 1.2862438620e+00 7.9766261626e+01
1.2832336086e+00 1.2881025477e+00 7.4726721458e+01
1.3436263265e+00 1.2552232563e+00 8.5559543476e+01
1.3338755268e+00 1.2584143894e+00 8.3118460360e+01
1.2988620359e+00 1.2851269061e+00 7.5949796914e+01
1.3317221693e+00 1.2566346002e+00 8.3312569183e+01
1.2592718267e+00 1.3063991150e+00 7.1763355047e+01
1.3000740819e+00 1.2338619809e+00 8.5787518542e+01
1.3592242697e+00 1.2663581479e+00 8.4266437827e+01
1.3540820589e+00 1.2754522617e+00 8.1452825766e+01
1.2770978441e+00 1.2616117579e+00 7.7577264583e+01
1.3052691626e+00 1.2482139344e+00 8.2262350168e+01
1.2884703106e+00 1.3020712947e+00 7.3552032589e+01
1.3202066974e+00 1.2869597255e+00 7.7029517563e+01
1.2922008218e+00 1.2525885233e+00 8.0127513527e+01
1.3160485586e+00 1.2539798708e+00 8.2135643310e+01
1.3329939837e+00 1.2662931067e+00 8.1262076387e+01
1.3507796592e+00 1.2563867637e+00 8.6560781600e+01
1.3057481463e+00 1.2786774677e+00 7.7183666982e+01
1.3026656466e+00 1.2808866478e+00 7.6701551736e+01
1.3345832462e+00 1.2533366300e+00 8.4683224036e+01
1.3371839398e+00 1.2468050021e+00 8.9189483384e+01
1.2864386132e+00 1.2827181215e+00 7.5507938852e+01
1.3197062332e+00 1.2555544339e+00 8.2177652292e+01
1.3429108086e+00 1.2725813072e+00 8.0965186566e+01
1.3187813731e+00 1.2481965561e+00 8.3931863986e+01
1.2942184733e+00 1.2610045598e+00 7.8899089761e+01
1.3250156388e+00 1.2948619734e+00 7.6332733555e+01
1.2551761900e+00 1.3406115275e+00 6.8869639661e+01
1.3332416340e+00 1.2564259633e+00 8.3563393325e+01
1.3246518256e+00 1.2820766480e+00 7.7983538712e+01
1.3544839777e+00 1.2592546254e+00 8.6028533830e+01
1.2994919031e+00 1.3037338598e+00 7.3941201104e+01
1.3428321088e+00 1.2568925137e+00 8.4808428882e+01
1.3247344215e+00 1.2418078206e+00 8.8014565082e+01
1.3536498765e+00 1.2798383279e+00 8.0572093792e+01
1.3467770457e+00 1.2731005665e+00 8.1224420262e+01
1.3372987169e+00 1.2589263362e+00 8.3411757846e+01
1.3734150119e+00 1.2772295532e+00 8.3118460360e+01
1.3416104036e+00 1.2708133223e+00 8.1186923776e+01
1.2683711475e+00 1.2816332628e+00 7.4618284369e+01
1.3535583766e+00 1.2549220411e+00 8.8596120629e+01
1.2785592135e+00 1.2718799462e+00 7.6332733555e+01
1.2928694921e+00 1.2911194498e+00 7.4923826465e+01
1.2833037949e+00 1.3159832955e+00 7.2003022837e+01
1.3370617065e+00 1.2517319810e+00 8.5710183053e+01
1.3331970796e+00 1.2599671395e+00 8.2655493698e+01
1.3081142122e+00 1.3025566871e+00 7.4510588199e+01
1.3246380841e+00 1.3000664020e+00 7.5692355604e+01
1.2870745534e+00 1.2794676887e+00 7.5926202551e+01
1.3058257365e+00 1.2759802139e+00 7.7550643872e+01
1.3492481928e+00 1.2552909027e+00 8.6757527902e+01
1.3444514153e+00 1.2526483829e+00 8.6966995687e+01
1.2642089967e+00 1.2775398709e+00 7.4835915371e+01
1.3392411240e+00 1.2574212893e+00 8.4096788508e+01
1.3489722962e+00 1.2695894100e+00 8.2177652292e+01
1.3092402726e+00 1.2529464540e+00 8.1647897369e+01
1.3372903874e+00 1.2953190050e+00 7.7029517563e+01
1.3549053874e+00 1.2737505614e+00 8.1888128163e+01
1.3179020174e+00 1.2416725838e+00 8.6112185454e+01
1.2924845300e+00 1.3173101031e+00 7.2302304233e+01
1.2768093028e+00 1.3049966476e+00 7.2702712145e+01
1.2954861281e+00 1.3003015893e+00 7.4086913271e+01
1.3474079256e+00 1.2527542536e+00 8.7855467302e+01
1.3336222510e+00 1.2573563952e+00 8.3361979075e+01
1.3227893803e+00 1.2799986541e+00 7.8149888534e+01
1.3233468017e+00 1.2610788123e+00 8.1376023555e+01
1.3547368470e+00 1.2888647191e+00 7.9139867144e+01
1.3102720427e+00 1.2807066034e+00 7.7209536111e+01
1.3144260426e+00 1.2416671067e+00 8.5413839657e+01
1.3471164688e+00 1.2951652305e+00 7.7684313766e+01
1.2142430945e+00 1.2993307048e+00 7.0384686022e+01
1.3257688713e+00 1.2508004094e+00 8.4152793230e+01
1.3023080347e+00 1.2838645136e+00 7.6308492375e+01
1.2864983404e+00 1.2639408193e+00 7.7901209028e+01
1.3318044878e+00 1.2548048556e+00 8.3824351811e+01
1.3381787510e+00 1.2554226564e+00 8.4560892485e+01
1.3166835705e+00 1.2603219640e+00 8.0892464042e+01
1.3465960500e+00 1.2518160498e+00 8.8378926216e+01
1.3241014093e+00 1.2721236438e+00 7.9448467746e+01
1.3105454523e+00 1.3027548339e+00 7.4618284369e+01
1.2960737091e+00 1.2735188606e+00 7.7235456792e+01
1.3668819049e+00 1.2666062995e+00 8.5413839657e+01
1.3166032727e+00 1.2669490218e+00 7.9701926885e+01
1.2847726688e+00 1.2878714361e+00 7.4835915371e+01
1.3370001498e+00 1.2614119501e+00 8.2745735086e+01
1.3127326150e+00 1.2464067184e+00 8.3614735208e+01
1.3118110099e+00 1.2468930803e+00 8.3361979075e+01
1.3510659205e+00 1.2552246285e+00 8.7311596302e+01
1.2724388861e+00 1.2645345370e+00 7.6877148084e+01
1.2023658035e+00 1.3241988644e+00 6.8042228835e+01
1.3074874691e+00 1.2333929133e+00 8.8187569297e+01
1.3372769483e+00 1.2523906489e+00 8.5486104849e+01
1.3449959391e+00 1.2586675768e+00 8.4560892485e+01
1.3408003483e+00 1.2501782978e+00 8.7436729029e+01
1.3505510544e+00 1.2544258676e+00 8.7707378991e+01
1.3256379202e+00 1.2496227469e+00 8.4500744095e+01
1.2777279066e+00 1.2761901374e+00 7.5762114683e+01
1.3523219685e+00 1.2539685804e+00 8.9189483384e+01
1.3156029736e+00 1.2422307043e+00 8.5413839657e+01
1.2963953376e+00 1.2841011132e+00 7.5926202551e+01
1.3030996069e+00 1.2699805301e+00 7.8205852297e+01
1.3203433305e+00 1.2523007744e+00 8.3023421435e+01
1.3157815140e+00 1.2437930873e+00 8.4872174373e+01
1.3354322862e+00 1.2546723027e+00 8.4382373156e+01
1.3481736150e+00 1.2533013814e+00 8.7707378991e+01
1.3064646088e+00 1.2958857218e+00 7.5145827200e+01
1.3331920657e+00 1.2534172778e+00 8.4441244525e+01
1.2785191193e+00 1.2775740300e+00 7.5646033984e+01
1.2914183357e+00 1.2260503800e+00 8.7855467302e+01
1.3226114334e+00 1.2500326715e+00 8.3931863986e+01
1.3019935838e+00 1.2793758422e+00 7.6851921864e+01
1.3746314283e+00 1.2865893403e+00 8.1186923776e+01
1.2976544219e+00 1.2445287255e+00 8.2262350168e+01
1.2725306188e+00 1.2831274601e+00 7.4683256707e+01
1.3062935795e+00 1.3004348942e+00 7.4639912012e+01
1.3297246144e+00 1.2800700186e+00 7.8634235730e+01
1.2998648711e+00 1.3244006859e+00 7.2003022837e+01
1.3132794238e+00 1.2659077487e+00 7.9606163389e+01
1.3269749023e+00 1.2793156466e+00 7.8547294593e+01
1.3600639572e+00 1.2576206007e+00 8.9189483384e+01
1.3356402380e+00 1.2780983651e+00 7.9386038170e+01
1.3575178705e+00 1.2636758681e+00 8.4872174373e+01
1.3522534902e+00 1.2632386256e+00 8.4209337681e+01
1.3403186705e+00 1.2484750170e+00 8.8853746852e+01
1.2818548702e+00 1.3152449279e+00 7.2003022837e+01
1.3259264055e+00 1.2979002469e+00 7.6020814122e+01
1.3182688711e+00 1.2460953050e+00 8.4500744095e+01
1.3010897532e+00 1.2846460247e+00 7.6139968555e+01
1.3383803050e+00 1.2534724966e+00 8.5272615194e+01
1.3300746240e+00 1.2543509900e+00 8.3718672554e+01
1.3391330515e+00 1.2479131115e+00 8.8853746852e+01
1.3960386816e+00 1.2797472699e+00 8.5634214754e+01
1.3101565990e+00 1.2891304914e+00 7.6139968555e+01
1.2946443396e+00 1.2950232576e+00 7.4596686360e+01
1.3261172265e+00 1.2417321510e+00 8.8853746852e+01
1.3004297818e+00 1.3119939440e+00 7.3171618697e+01
1.3059396577e+00 1.2793593743e+00 7.7106365806e+01
1.3726718313e+00 1.2665310334e+00 8.6657708378e+01
1.3435948483e+00 1.2513182714e+00 8.7568287925e+01
1.3300761365e+00 1.2556596414e+00 8.3361979075e+01
1.2942419563e+00 1.2753506134e+00 7.6877148084e+01
1.3111710405e+00 1.2627812347e+00 7.9961712929e+01
1.3387577265e+00 1.2530950751e+00 8.5486104849e+01
1.3539308246e+00 1.3086129562e+00 7.6381342894e+01
1.3758164195e+00 1.2655854907e+00 8.8378926216e+01
1.2824213139e+00 1.3151158935e+00 7.2040169152e+01
1.2910863847e+00 1.3003293269e+00 7.3858512165e+01
1.3647104062e+00 1.2599940799e+00 8.8853746852e+01
1.3028036283e+00 1.2680965943e+00 7.8460999819e+01
1.3146572952e+00 1.3170733831e+00 7.3370782375e+01
1.2863176196e+00 1.3353148768e+00 7.0504576168e+01
1.3350050311e+00 1.2533517384e+00 8.4745454571e+01
1.3272072283e+00 1.2646455733e+00 8.1038494274e+01
1.3437431788e+00 1.2537940287e+00 8.6197674093e+01
1.3476029720e+00 1.2788574751e+00 8.0228330525e+01
1.3417123070e+00 1.2532008128e+00 8.6028533830e+01
1.3171976503e+00 1.2807769911e+00 7.7657465783e+01
1.2878610666e+00 1.2852190704e+00 7.5303177292e+01
1.2794499799e+00 1.3001735941e+00 7.3290840172e+01
1.3432632925e+00 1.2595247420e+00 8.4041308295e+01
1.3088742831e+00 1.2493945886e+00 8.2391153680e+01
1.3221290055e+00 1.2601134941e+00 8.1452825766e+01
1.3671729219e+00 1.2773086774e+00 8.2391153680e+01
1.3046915079e+00 1.2331499551e+00 8.7311596302e+01
1.3226998187e+00 1.2399223485e+00 8.9189483384e+01
1.3856273678e+00 1.2707442316e+00 8.7855467302e+01
1.3465960500e+00 1.2518160498e+00 8.8378926216e+01
1.3344089750e+00 1.2469604510e+00 8.7568287925e+01
1.3305537341e+00 1.2486334384e+00 8.5710183053e+01
1.3403184542e+00 1.2958067726e+00 7.7157849094e+01
1.2978891314e+00 1.2791164031e+00 7.6626989411e+01
1.3334744800e+00 1.2509511340e+00 8.5342693277e+01
1.3443227319e+00 1.2602163636e+00 8.3986338075e+01
1.3146203615e+00 1.2362535723e+00 8.8853746852e+01
1.3341069097e+00 1.2647426732e+00 8.1687457017e+01
1.3674898011e+00 1.2620445196e+00 8.8014565082e+01
1.3648944457e+00 1.2615660014e+00 8.7436729029e+01
1.2742748703e+00 1.2527232108e+00 7.8663362312e+01
1.3525985377e+00 1.2563199272e+00 8.7077348295e+01
1.3231997800e+00 1.2852806376e+00 7.7444716555e+01
1.3047909675e+00 1.2717783132e+00 7.8066427965e+01
1.3620568412e+00 1.2626476449e+00 8.6112185454e+01
1.3409780132e+00 1.2591841659e+00 8.3824351811e+01
1.3080445047e+00 1.2737614458e+00 7.8011105717e+01
1.3025769107e+00 1.2622228292e+00 7.9354959114e+01
1.2853188244e+00 1.2851454893e+00 7.5168205857e+01
1.2687442157e+00 1.2760451294e+00 7.5258052561e+01
1.3230661651e+00 1.2954955410e+00 7.6139968555e+01
1.2810640211e+00 1.3300450481e+00 7.0711767977e+01
1.3387118242e+00 1.2478975193e+00 8.8596120629e+01
1.3120953596e+00 1.2383438002e+00 8.6374684998e+01
1.3387577265e+00 1.2530950751e+00 8.5486104849e+01
1.3164149053e+00 1.2618995381e+00 8.0572093792e+01
1.3061801846e+00 1.2516534933e+00 8.1608522897e+01
1.3054682491e+00 1.2846363399e+00 7.6405711507e+01
1.2720992545e+00 1.2805140226e+00 7.4945882582e+01
1.3236153599e+00 1.2870555394e+00 7.7235456792e+01
1.3400032229e+00 1.2579714185e+00 8.4041308295e+01
1.3193653566e+00 1.2471768854e+00 8.4324110442e+01
1.3037604035e+00 1.2645247350e+00 7.9079181218e+01
1.3236624241e+00 1.2751871588e+00 7.8928904074e+01
1.3358208402e+00 1.2818637177e+00 7.8810117472e+01
1.3332416340e+00 1.2564259633e+00 8.3563393325e+01
1.3255560166e+00 1.2501408304e+00 8.4324110442e+01
1.3085731005e+00 1.2955281930e+00 7.5303177292e+01
1.3332795025e+00 1.2607591178e+00 8.2478240615e+01
1.2688280351e+00 1.3186549722e+00 7.1132713879e+01
1.3104801322e+00 1.2835584881e+00 7.6851921864e+01
1.3231672152e+00 1.2665003820e+00 8.0330188264e+01
1.2892972522e+00 1.2351007210e+00 8.3614735208e+01
1.3087920287e+00 1.2473011206e+00 8.2883230736e+01
1.3295286060e+00 1.2653845137e+00 8.1112401649e+01
1.3360139049e+00 1.2475383895e+00 8.7707378991e+01
1.3014270096e+00 1.2603243011e+00 7.9574435566e+01
1.3201555380e+00 1.2585952577e+00 8.1569331007e+01
1.3168491496e+00 1.2536151641e+00 8.2305046547e+01
1.2816506366e+00 1.2901214779e+00 7.4424954390e+01
1.2948967583e+00 1.2746958114e+00 7.7004000743e+01
1.3319900323e+00 1.2646723811e+00 8.1491484890e+01
1.3359810333e+00 1.2484445807e+00 8.7077348295e+01
1.2895489506e+00 1.2765576289e+00 7.6430123055e+01
1.3264125112e+00 1.2418726273e+00 8.8853746852e+01
1.3620373663e+00 1.2600339123e+00 8.7568287925e+01
1.3027432943e+00 1.2507398027e+00 8.1452825766e+01
1.2801597576e+00 1.3112559540e+00 7.2283455850e+01
1.2658854027e+00 1.3211607603e+00 7.0798732350e+01
1.3329939837e+00 1.2662931067e+00 8.1262076387e+01
1.3545729438e+00 1.2775970793e+00 8.1075372075e+01
1.3051386659e+00 1.2322687648e+00 8.8187569297e+01
1.3213770502e+00 1.2464723273e+00 8.4872174373e+01
1.3433900459e+00 1.2519603604e+00 8.7077348295e+01
1.3337731421e+00 1.2777741215e+00 7.9293068528e+01
1.3293963272e+00 1.2847806173e+00 7.7928590790e+01
1.3453243230e+00 1.2684142801e+00 8.2052287288e+01
1.3329037523e+00 1.2585119592e+00 8.2976381855e+01
1.2760941767e+00 1.2948060460e+00 7.3653571278e+01
1.3047062088e+00 1.3085940774e+00 7.3714790034e+01
1.3033995648e+00 1.2531286796e+00 8.1038494274e+01
1.3202077191e+00 1.2777669223e+00 7.8290292293e+01
1.3397637064e+00 1.2849407797e+00 7.8634235730e+01
1.3027620014e+00 1.2611666355e+00 7.9542802945e+01
1.2671074121e+00 1.3181916199e+00 7.1097290340e+01
1.3167668197e+00 1.2528257501e+00 8.2478240615e+01
1.3484245653e+00 1.2530504311e+00 8.8014565082e+01
1.3418170366e+00 1.3009045939e+00 7.6602225844e+01
1.2844110311e+00 1.2864891916e+00 7.4967970313e+01
1.2890980141e+00 1.2761373144e+00 7.6454577770e+01
1.2989405816e+00 1.2841750900e+00 7.6068356017e+01
1.2261676841e+00 1.3630629460e+00 6.6327192175e+01
1.2513082367e+00 1.3379223934e+00 6.8917399111e+01
1.3635287704e+00 1.2607367866e+00 8.7568287925e+01
1.3605342955e+00 1.2580274106e+00 8.8853746852e+01
1.3456040791e+00 1.2541205434e+00 8.6466509507e+01
1.2751861875e+00 1.2965859270e+00 7.3430984963e+01
1.3128549458e+00 1.2354107140e+00 8.8853746852e+01
1.3470290174e+00 1.2671479271e+00 8.2522162191e+01
1.2907206515e+00 1.2858486292e+00 7.5393835738e+01
1.3101543438e+00 1.2703421070e+00 7.8663362312e+01
1.3638911231e+00 1.2638865516e+00 8.5946605487e+01
1.2717147081e+00 1.2948275339e+00 7.3430984963e+01
1.2725454754e+00 1.2809376217e+00 7.4923826465e+01
1.3060533134e+00 1.2849253327e+00 7.6405711507e+01
1.3107180159e+00 1.2510332948e+00 8.2219886681e+01
1.3186644879e+00 1.2871881608e+00 7.6902422036e+01
1.2794328780e+00 1.2453983846e+00 8.0296118030e+01
1.2872838227e+00 1.2271553397e+00 8.6028533830e+01
1.3222976785e+00 1.2774269440e+00 7.8489693825e+01
1.3546757571e+00 1.2673955216e+00 8.3361979075e+01
1.3418392575e+00 1.2688316418e+00 8.1608522897e+01
1.3052594927e+00 1.2997174294e+00 7.4661569416e+01
1.3040532002e+00 1.2934840072e+00 7.5280598016e+01
1.2857374136e+00 1.2925770298e+00 7.4382309227e+01
1.3446600342e+00 1.2910256278e+00 7.8094184084e+01
1.3868637154e+00 1.2703893318e+00 8.8853746852e+01
1.2500123624e+00 1.3043406533e+00 7.1526692018e+01
1.3128858677e+00 1.2379880661e+00 8.6757527902e+01
1.3613231369e+00 1.2813984936e+00 8.0965186566e+01
1.3315476301e+00 1.2603051715e+00 8.2391153680e+01
1.3001649208e+00 1.2650704077e+00 7.8721838178e+01
1.3353755042e+00 1.2468669953e+00 8.8014565082e+01
1.3491027861e+00 1.2589396088e+00 8.5135479942e+01
1.3260664210e+00 1.2644751843e+00 8.0965186566e+01
1.3564886730e+00 1.2559350529e+00 8.9189483384e+01
1.2887419307e+00 1.3017996746e+00 7.3592574728e+01
1.3233331601e+00 1.2667714289e+00 8.0296118030e+01
1.2588471931e+00 1.2473750286e+00 7.8318572690e+01
1.2976652759e+00 1.3143202066e+00 7.2818774681e+01
1.3547997877e+00 1.2633233321e+00 8.4560892485e+01
1.3317784558e+00 1.2447908249e+00 8.8378926216e+01
1.3157341000e+00 1.2748075053e+00 7.8403821928e+01
1.3288096162e+00 1.2827376474e+00 7.8177837772e+01
1.3436276154e+00 1.2504110049e+00 8.8378926216e+01
1.2805740477e+00 1.3069089596e+00 7.2702712145e+01
1.2660846566e+00 1.2544148281e+00 7.7819427566e+01
1.3136959016e+00 1.2890921329e+00 7.6357016986e+01
1.3583684490e+00 1.2575621063e+00 8.8187569297e+01
1.3208491374e+00 1.2688184598e+00 7.9734044399e+01
1.3001060169e+00 1.2891246132e+00 7.5553826997e+01
1.3484245653e+00 1.2530504311e+00 8.8014565082e+01
1.3530005054e+00 1.2804876990e+00 8.0398687958e+01
1.3444622964e+00 1.2539498034e+00 8.6285126569e+01
1.3330862425e+00 1.2452282010e+00 8.8596120629e+01
1.2688421437e+00 1.2611905242e+00 7.7080699799e+01
1.3133860145e+00 1.2771555908e+00 7.7901209028e+01
1.3527440629e+00 1.2588032007e+00 8.5866297957e+01
1.3337480560e+00 1.2712288660e+00 8.0398687958e+01
1.2848882482e+00 1.2982274234e+00 7.3755727228e+01
1.3178610656e+00 1.2499883118e+00 8.3312569183e+01
1.3278256477e+00 1.2609680398e+00 8.1847601472e+01
1.2908574188e+00 1.3079921641e+00 7.3092591339e+01
1.3283242880e+00 1.2438838093e+00 8.7707378991e+01
1.2822896860e+00 1.2942795947e+00 7.4024306706e+01
1.3257001899e+00 1.2810282838e+00 7.8205852297e+01
1.3540231992e+00 1.2601537453e+00 8.5559543476e+01
1.3332862731e+00 1.2708150203e+00 8.0433119990e+01
1.2895602534e+00 1.3250550570e+00 7.1490541645e+01
1.2809355481e+00 1.2369660602e+00 8.2135643310e+01
1.3201585898e+00 1.3150875318e+00 7.3837904283e+01
1.3570114288e+00 1.2808723017e+00 8.0677671172e+01
1.3409255484e+00 1.2500530977e+00 8.7568287925e+01
1.3364349164e+00 1.2475540256e+00 8.7855467302e+01
1.3197511464e+00 1.2385177253e+00 8.9189483384e+01
1.3269060615e+00 1.2588297164e+00 8.2219886681e+01
1.3507796592e+00 1.2563867637e+00 8.6560781600e+01
1.2270737051e+00 1.2860674497e+00 7.2096028356e+01
1.3328865579e+00 1.2997228346e+00 7.6211945708e+01
1.2451918107e+00 1.2779064432e+00 7.3776233514e+01
1.2953072676e+00 1.2825708482e+00 7.6044565226e+01
1.3100838312e+00 1.2438342129e+00 8.3986338075e+01
1.3229202268e+00 1.2798678076e+00 7.8177837772e+01
1.2974797238e+00 1.2878193082e+00 7.5553826997e+01
1.3344675814e+00 1.2998995327e+00 7.6284293221e+01
1.3076117200e+00 1.2685213315e+00 7.8751188620e+01
1.3430461624e+00 1.2575535980e+00 8.4621711461e+01
1.2770445552e+00 1.3117491323e+00 7.2096028356e+01
1.2980631724e+00 1.2881093760e+00 7.5553826997e+01
1.3740666272e+00 1.2651362375e+00 8.8014565082e+01
1.3315738320e+00 1.2992782298e+00 7.6187912459e+01
1.3390719755e+00 1.2624030209e+00 8.2745735086e+01
1.2706397635e+00 1.2871939143e+00 7.4149760707e+01
1.3217748261e+00 1.2622141159e+00 8.1001766381e+01
1.3483218181e+00 1.2557794753e+00 8.6285126569e+01
1.2881329780e+00 1.2805879463e+00 7.5855650848e+01
1.3255555445e+00 1.2440370252e+00 8.6757527902e+01
1.3433034066e+00 1.2586092446e+00 8.4324110442e+01
1.3311664470e+00 1.2528224949e+00 8.4324110442e+01
1.3539962429e+00 1.2650040741e+00 8.3931863986e+01
1.3624128133e+00 1.2794289793e+00 8.1452825766e+01
1.3141209418e+00 1.2402320739e+00 8.5946605487e+01
1.2990671016e+00 1.2818658244e+00 7.6357016986e+01
1.3183773180e+00 1.2433739927e+00 8.5486104849e+01
1.3351166025e+00 1.3080449836e+00 7.5371119608e+01
1.3199485367e+00 1.2579295792e+00 8.1687457017e+01
1.3169307676e+00 1.3104078068e+00 7.4149760707e+01
1.3464422902e+00 1.2642286091e+00 8.3166473052e+01
1.3335351490e+00 1.2552585385e+00 8.3931863986e+01
1.3278250039e+00 1.3135769063e+00 7.4382309227e+01
1.2953072676e+00 1.2825708482e+00 7.6044565226e+01
1.2785933304e+00 1.3071424475e+00 7.2587399708e+01
1.2747619095e+00 1.2935232291e+00 7.3714790034e+01
1.3198381895e+00 1.2528059154e+00 8.2837107130e+01
1.2943780074e+00 1.2813188397e+00 7.6139968555e+01
1.3332681964e+00 1.2633942170e+00 8.1888128163e+01
1.3352825073e+00 1.2460869186e+00 8.8853746852e+01
1.3438454266e+00 1.2510676931e+00 8.7855467302e+01
1.2921552995e+00 1.2817969757e+00 7.5949796914e+01
1.3165723096e+00 1.2818397903e+00 7.7471115761e+01
1.3355873979e+00 1.2974613883e+00 7.6651798080e+01
1.3093922425e+00 1.2632518624e+00 7.9734044399e+01
1.3427121740e+00 1.2780428314e+00 7.9961712929e+01
1.3597658821e+00 1.2574801384e+00 8.9189483384e+01
1.3132068696e+00 1.2576933531e+00 8.1075372075e+01
1.3398835875e+00 1.2813101511e+00 7.9200889974e+01
1.3144195542e+00 1.2368891784e+00 8.8014565082e+01
1.3230661651e+00 1.2954955410e+00 7.6139968555e+01
1.3075913540e+00 1.2650527509e+00 7.9293068528e+01
1.2872838227e+00 1.2271553397e+00 8.6028533830e+01
1.3198446404e+00 1.2392946930e+00 8.8187569297e+01
1.3035422434e+00 1.2560323579e+00 8.0502355029e+01
1.2682842374e+00 1.2939024893e+00 7.3350761860e+01
1.2847901212e+00 1.3232522737e+00 7.1436443467e+01
1.2937028415e+00 1.2959647558e+00 7.4446319730e+01
1.3096675261e+00 1.2342529875e+00 8.8378926216e+01
1.2826202678e+00 1.2847933732e+00 7.5056640173e+01
1.3424872769e+00 1.2502397785e+00 8.8014565082e+01
1.3377172574e+00 1.2563213629e+00 8.4209337681e+01
1.3095679532e+00 1.2700556209e+00 7.8663362312e+01
1.3442458806e+00 1.2532913269e+00 8.6560781600e+01
1.3634368504e+00 1.2599509219e+00 8.8187569297e+01
1.3779509382e+00 1.2757769027e+00 8.4096788508e+01
1.2824114899e+00 1.2967756827e+00 7.3776233514e+01
1.2844230170e+00 1.2973829334e+00 7.3817321945e+01
1.3158430115e+00 1.2520063659e+00 8.2566341788e+01
1.2948960475e+00 1.2607620314e+00 7.8988771847e+01
1.3513042791e+00 1.2536726430e+00 8.8853746852e+01
1.2633039116e+00 1.2741035191e+00 7.5168205857e+01
1.3320589258e+00 1.2584826794e+00 8.2883230736e+01
1.3491905007e+00 1.2535975338e+00 8.7855467302e+01
1.3391330515e+00 1.2479131115e+00 8.8853746852e+01
1.3596863101e+00 1.2579982478e+00 8.8378926216e+01
1.3207235171e+00 1.2825022458e+00 7.7657465783e+01
1.3808487513e+00 1.2816950295e+00 8.2883230736e+01
1.3373578062e+00 1.2518728239e+00 8.5710183053e+01
1.3022069062e+00 1.2865867813e+00 7.5973430165e+01
1.2704152506e+00 1.3009209057e+00 7.2780002890e+01
1.2718787201e+00 1.3059993957e+00 7.2377892905e+01
1.3707872323e+00 1.2648984297e+00 8.7077348295e+01
1.3641611589e+00 1.2675695194e+00 8.4621711461e+01
1.3605342955e+00 1.2580274106e+00 8.8853746852e+01
1.3268242733e+00 1.2580380374e+00 8.2391153680e+01
1.3690031766e+00 1.2653639375e+00 8.6374684998e+01
1.3270903888e+00 1.2708842525e+00 7.9896146783e+01
1.3201778227e+00 1.3155078393e+00 7.3796765055e+01
1.3096883371e+00 1.2843502832e+00 7.6701551736e+01
1.3552976957e+00 1.2553732036e+00 8.9189483384e+01
1.3067723882e+00 1.2702331463e+00 7.8432376026e+01
1.3427276026e+00 1.2534974505e+00 8.6112185454e+01
1.3020663567e+00 1.2959082847e+00 7.4901801823e+01
1.2974476550e+00 1.2808667885e+00 7.6381342894e+01
1.3847882588e+00 1.2733463337e+00 8.6112185454e+01
1.3175201751e+00 1.2725844138e+00 7.8869354308e+01
1.3050123958e+00 1.2419494607e+00 8.3824351811e+01
1.2654104240e+00 1.2719970067e+00 7.5530865121e+01
1.3437074889e+00 1.2862660544e+00 7.8721838178e+01
1.3113319847e+00 1.3239141369e+00 7.2568252847e+01
1.2952231239e+00 1.2878925476e+00 7.5416586482e+01
1.3015913728e+00 1.2605953539e+00 7.9542802945e+01
1.2924252847e+00 1.3016133356e+00 7.3796765055e+01
1.3127755021e+00 1.2467990992e+00 8.3512456048e+01
1.3383803050e+00 1.2534724966e+00 8.5272615194e+01
1.2844429047e+00 1.2977995949e+00 7.3776233514e+01
1.2815804145e+00 1.3072132730e+00 7.2722003404e+01
1.3315657974e+00 1.2489306534e+00 8.5787518542e+01
1.3347775522e+00 1.2763315169e+00 7.9606163389e+01
1.3339888050e+00 1.2723017440e+00 8.0228330525e+01
1.2774854978e+00 1.2612241042e+00 7.7657465783e+01
1.3651567102e+00 1.2784448559e+00 8.1928856974e+01
1.3053835184e+00 1.2834101691e+00 7.6552833021e+01
1.3114146675e+00 1.2686453326e+00 7.9018826610e+01
1.3442997599e+00 1.2501760978e+00 8.9189483384e+01
1.2605977059e+00 1.2833228077e+00 7.4024306706e+01
1.3114615441e+00 1.2376734416e+00 8.6560781600e+01
1.3404245976e+00 1.2505540485e+00 8.7077348295e+01
1.2713876529e+00 1.2938476756e+00 7.3511587388e+01
1.3284687455e+00 1.2524641805e+00 8.4041308295e+01
1.3209572680e+00 1.2765799395e+00 7.8518458573e+01
1.3125059558e+00 1.2767246743e+00 7.7901209028e+01
1.3395213788e+00 1.3177316685e+00 7.4553578751e+01
1.3104887362e+00 1.3071958217e+00 7.4149760707e+01
1.3022292653e+00 1.3220362917e+00 7.2321172068e+01
1.3602025552e+00 1.2587977618e+00 8.7855467302e+01
1.2888953088e+00 1.2732914178e+00 7.6801611525e+01
1.3496235234e+00 1.2649917871e+00 8.3361979075e+01
1.3114443640e+00 1.2812826914e+00 7.7209536111e+01
1.3369723148e+00 1.3079493378e+00 7.5485048020e+01
1.3617391589e+00 1.2598933375e+00 8.7568287925e+01
1.2541401221e+00 1.3468972440e+00 6.8382020601e+01
1.3004004198e+00 1.2613508909e+00 7.9323969492e+01
1.3475088480e+00 1.2763178044e+00 8.0677671172e+01
1.2855173040e+00 1.3405041162e+00 7.0062761447e+01
1.2913865565e+00 1.2808215409e+00 7.6020814122e+01
1.3478629769e+00 1.2518616456e+00 8.9189483384e+01
1.3014276100e+00 1.2529254057e+00 8.0892464042e+01
1.3167725355e+00 1.2597967452e+00 8.1001766381e+01
1.3493032200e+00 1.2569873290e+00 8.5946605487e+01
1.2823720292e+00 1.2785085237e+00 7.5762114683e+01
1.3266097844e+00 1.3213929241e+00 7.3531797916e+01
1.3532284641e+00 1.2684040323e+00 8.2929653666e+01
1.3051114096e+00 1.2688408656e+00 7.8518458573e+01
1.2983115645e+00 1.2922300407e+00 7.5101168461e+01
1.3026232532e+00 1.2495551511e+00 8.1687457017e+01
1.3344303908e+00 1.2709843824e+00 8.0502355029e+01
1.3067374493e+00 1.2476155665e+00 8.2566341788e+01
1.3690293874e+00 1.2631406358e+00 8.7707378991e+01
1.2802875090e+00 1.2579880112e+00 7.8318572690e+01
1.3340355198e+00 1.2534474875e+00 8.4560892485e+01
1.3182059935e+00 1.2929030757e+00 7.6163920146e+01
1.3379509524e+00 1.3052106336e+00 7.5855650848e+01
1.2473306599e+00 1.2952867919e+00 7.2208255597e+01
1.3078835379e+00 1.3238471403e+00 7.2415805206e+01
1.3092629714e+00 1.2559723571e+00 8.1038494274e+01
1.3897355835e+00 1.2966598606e+00 8.0642347542e+01
1.2995517703e+00 1.2870575731e+00 7.5762114683e+01
1.3345088290e+00 1.2590925784e+00 8.3023421435e+01
1.3443656747e+00 1.2606112473e+00 8.3877872787e+01
1.3181364441e+00 1.2449211884e+00 8.4872174373e+01
1.3204803186e+00 1.2604526075e+00 8.1224420262e+01
1.3610723217e+00 1.2614377637e+00 8.6466509507e+01
1.3282196346e+00 1.2566426761e+00 8.2883230736e+01
1.2886071810e+00 1.2836009164e+00 7.5530865121e+01
1.2998165354e+00 1.3016584610e+00 7.4170763875e+01
1.3108698600e+00 1.2871047814e+00 7.6430123055e+01
1.3215022553e+00 1.2463471222e+00 8.4936720171e+01
1.3534869022e+00 1.2655134148e+00 8.3718672554e+01
1.2978933362e+00 1.2377782126e+00 8.4041308295e+01
1.3306808825e+00 1.2642322372e+00 8.1452825766e+01
1.3059724393e+00 1.2323030808e+00 8.8596120629e+01
1.3165490110e+00 1.2648204150e+00 8.0060864731e+01
1.3413915945e+00 1.2714703993e+00 8.1038494274e+01
1.2895070724e+00 1.2739860499e+00 7.6751488857e+01
1.3187802746e+00 1.2848832413e+00 7.7209536111e+01
1.3166993220e+00 1.2712205541e+00 7.9018826610e+01
1.2793230652e+00 1.2632943867e+00 7.7497569815e+01
1.3243291371e+00 1.2430845039e+00 8.6966995687e+01
1.3586241858e+00 1.2713493574e+00 8.2837107130e+01
1.3330892240e+00 1.2500264475e+00 8.5634214754e+01
1.3071385074e+00 1.2615824169e+00 7.9830999012e+01
1.3421950851e+00 1.2562170148e+00 8.4936720171e+01
1.3336744623e+00 1.2945423373e+00 7.6902422036e+01
1.3597658821e+00 1.2574801384e+00 8.9189483384e+01
1.2872648033e+00 1.3037138429e+00 7.3330764710e+01
1.3250898778e+00 1.2436310465e+00 8.6860516083e+01
1.3475817502e+00 1.2850276422e+00 7.9200889974e+01
1.3098371756e+00 1.2506080354e+00 8.2219886681e+01
1.3018978402e+00 1.2707462647e+00 7.8011105717e+01
1.3460484713e+00 1.2519261701e+00 8.8014565082e+01
1.3400238097e+00 1.2531404095e+00 8.5710183053e+01
1.2940881801e+00 1.2855353940e+00 7.5622927969e+01
1.3474201608e+00 1.2540548356e+00 8.6966995687e+01
1.2858314246e+00 1.2820179528e+00 7.5553826997e+01
1.3310385416e+00 1.2608142600e+00 8.2219886681e+01
1.2937301273e+00 1.2741192502e+00 7.7004000743e+01
1.2962839910e+00 1.2763601139e+00 7.6877148084e+01
1.2992619770e+00 1.2786161388e+00 7.6776526866e+01
1.3482424143e+00 1.2707579027e+00 8.1847601472e+01
1.2936559632e+00 1.2789881417e+00 7.6381342894e+01
1.2748311684e+00 1.3192074519e+00 7.1346616236e+01
1.3104278706e+00 1.2482762196e+00 8.2837107130e+01
1.3133394461e+00 1.2697762255e+00 7.8988771847e+01
1.3249766375e+00 1.2633801320e+00 8.1075372075e+01
1.3007723158e+00 1.3134046288e+00 7.3053211840e+01
1.3572536643e+00 1.2819492003e+00 8.0502355029e+01
1.2955810806e+00 1.2744473488e+00 7.7080699799e+01
1.2772974787e+00 1.2905518988e+00 7.4149760707e+01
1.2959504287e+00 1.2718989487e+00 7.7444716555e+01
1.2822918708e+00 1.2772827305e+00 7.5902646881e+01
1.2148907656e+00 1.3438133246e+00 6.7169461493e+01
1.3256675309e+00 1.2474126061e+00 8.5272615194e+01
1.3025200823e+00 1.3107802039e+00 7.3390826340e+01
1.2995370548e+00 1.2439490802e+00 8.2610784034e+01
1.3348938660e+00 1.2792830786e+00 7.9139867144e+01
1.3428984552e+00 1.2537639581e+00 8.6028533830e+01
1.2959162474e+00 1.3064340832e+00 7.3491400916e+01
1.3421066094e+00 1.2554305981e+00 8.5203558584e+01
1.2659999619e+00 1.3197358160e+00 7.0921123180e+01
1.2858566718e+00 1.2563264756e+00 7.8988771847e+01
1.2702971048e+00 1.2454402888e+00 7.9511264665e+01
1.3105060740e+00 1.2516806526e+00 8.2052287288e+01
1.3343627274e+00 1.2465701986e+00 8.7855467302e+01
1.3217883376e+00 1.2451895916e+00 8.5413839657e+01
1.3200120963e+00 1.2902206577e+00 7.6602225844e+01
1.2685898754e+00 1.2714221206e+00 7.5785442206e+01
1.2400108299e+00 1.3339414453e+00 6.8774428430e+01
1.3376369901e+00 1.2594628080e+00 8.3312569183e+01
1.3320783609e+00 1.2641466922e+00 8.1608522897e+01
1.3377345191e+00 1.2514961109e+00 8.5946605487e+01
1.3278393886e+00 1.2570229221e+00 8.2745735086e+01
1.3382544474e+00 1.2535983542e+00 8.5203558584e+01
1.3121457441e+00 1.2958966507e+00 7.5462192458e+01
1.3069271536e+00 1.2941102125e+00 7.5371119608e+01
1.3156327930e+00 1.3073161235e+00 7.4403617595e+01
1.3038134155e+00 1.2736283974e+00 7.7738183355e+01
1.3075959137e+00 1.2934414524e+00 7.5485048020e+01
1.3473500097e+00 1.2558757532e+00 8.6028533830e+01
1.3185489358e+00 1.2636935637e+00 8.0433119990e+01
1.3556973966e+00 1.2760332817e+00 8.1491484890e+01
1.3147922275e+00 1.2595961537e+00 8.0856317856e+01
1.3095457350e+00 1.3182319397e+00 7.3013920964e+01
1.3250639153e+00 1.2702864910e+00 7.9830999012e+01
1.3251424266e+00 1.2925421313e+00 7.6626989411e+01
1.2805627808e+00 1.3200369796e+00 7.1526692018e+01
1.3535583766e+00 1.2549220411e+00 8.8596120629e+01
1.3269806965e+00 1.2609391796e+00 8.1767142530e+01
1.3345935486e+00 1.2572592531e+00 8.3512456048e+01
1.3151734012e+00 1.2409197481e+00 8.5866297957e+01
1.3251853148e+00 1.2544382592e+00 8.3070778751e+01
1.3386221690e+00 1.2676683799e+00 8.1530319164e+01
1.3254528300e+00 1.3247513648e+00 7.3151828116e+01
1.3531005679e+00 1.2685319285e+00 8.2883230736e+01
1.2783999439e+00 1.2716044664e+00 7.6357016986e+01
1.3586519780e+00 1.2612256342e+00 8.6028533830e+01
1.3252325005e+00 1.2631242691e+00 8.1149584901e+01
1.2899430130e+00 1.2761635666e+00 7.6503617642e+01
1.3531813525e+00 1.2614339580e+00 8.4936720171e+01
1.3475452695e+00 1.2626874845e+00 8.3718672554e+01
1.2921423214e+00 1.2396249411e+00 8.2791277101e+01
1.3389462319e+00 1.2695341857e+00 8.1186923776e+01
1.3349082862e+00 1.2464611397e+00 8.8187569297e+01
1.3605059785e+00 1.2817757208e+00 8.0820312794e+01
1.3580191785e+00 1.2618584337e+00 8.5634214754e+01
1.3367557034e+00 1.2502904596e+00 8.6285126569e+01
1.3442319467e+00 1.2660008072e+00 8.2478240615e+01
1.3122194988e+00 1.2382196610e+00 8.6466509507e+01
1.3446910248e+00 1.2677327010e+00 8.2135643310e+01
1.3190820961e+00 1.2977254115e+00 7.5646033984e+01
1.2778146891e+00 1.3092314739e+00 7.2358966340e+01
1.3335750726e+00 1.2609007851e+00 8.2478240615e+01
1.3124955065e+00 1.2881042538e+00 7.6405711507e+01
1.3043169616e+00 1.2822923818e+00 7.6626989411e+01
1.3106030596e+00 1.2568105814e+00 8.1001766381e+01
1.2957808667e+00 1.2812246678e+00 7.6236020107e+01
1.2660512152e+00 1.2978774217e+00 7.2857631514e+01
1.3211011585e+00 1.2393440526e+00 8.8853746852e+01
1.3423586673e+00 1.2551785402e+00 8.5342693277e+01
1.3472488003e+00 1.2537885658e+00 8.7077348295e+01
1.3273648886e+00 1.2500769242e+00 8.4621711461e+01
1.3193533932e+00 1.3022791032e+00 7.5145827200e+01
1.3056885709e+00 1.2443158394e+00 8.3263520051e+01
1.2966854329e+00 1.2528842528e+00 8.0467675232e+01
1.3229868024e+00 1.2575096484e+00 8.2093856142e+01
1.3537415259e+00 1.2665747707e+00 8.3461913920e+01
1.3035870920e+00 1.2860805052e+00 7.6116057475e+01
1.3555954032e+00 1.2555136659e+00 8.9189483384e+01
1.3266280701e+00 1.2674105502e+00 8.0467675232e+01
1.3000046647e+00 1.3295296560e+00 7.1562910795e+01
1.3380197092e+00 1.2687087645e+00 8.1262076387e+01
1.3171647955e+00 1.2733768098e+00 7.8721838178e+01
1.3362954581e+00 1.2463836152e+00 8.9189483384e+01
1.3272326409e+00 1.2663687665e+00 8.0713127966e+01
1.3087267663e+00 1.2717696845e+00 7.8346920764e+01
1.3189810429e+00 1.2715605624e+00 7.9139867144e+01
1.3279307033e+00 1.3002860962e+00 7.5855650848e+01
1.3461172726e+00 1.2549200935e+00 8.6197674093e+01
1.3089597897e+00 1.2475684547e+00 8.2837107130e+01
1.3180718168e+00 1.2506491075e+00 8.3166473052e+01
1.3256509575e+00 1.2413269717e+00 8.9189483384e+01
1.2920598541e+00 1.3462635634e+00 6.9878643759e+01
1.2893796695e+00 1.3033473859e+00 7.3471238414e+01
1.3794043518e+00 1.2747640545e+00 8.4621711461e+01
1.3068532878e+00 1.2327245522e+00 8.8596120629e+01
1.3083200752e+00 1.2914045474e+00 7.5762114683e+01
1.3037209357e+00 1.2441100983e+00 8.3070778751e+01
1.3008308934e+00 1.2539571187e+00 8.0642347542e+01
1.3055702249e+00 1.3029101927e+00 7.4339777311e+01
1.3222593101e+00 1.2752778974e+00 7.8810117472e+01
1.3316687025e+00 1.2904025761e+00 7.7313531307e+01
1.3340355198e+00 1.2534474875e+00 8.4560892485e+01
1.2993548555e+00 1.2741613382e+00 7.7365844600e+01
1.3086239276e+00 1.2483394366e+00 8.2610784034e+01
1.3530018959e+00 1.2717025902e+00 8.2135643310e+01
1.2978060981e+00 1.2687361440e+00 7.8011105717e+01
1.3159484317e+00 1.3206163844e+00 7.3092591339e+01
1.3456208540e+00 1.2685560905e+00 8.2052287288e+01
1.3133910826e+00 1.2640507302e+00 7.9928877049e+01
1.3362312122e+00 1.2634934103e+00 8.2177652292e+01
1.3634725473e+00 1.2651834014e+00 8.5342693277e+01
1.3152961483e+00 1.2481969740e+00 8.3461913920e+01
1.2965030263e+00 1.2979728314e+00 7.4382309227e+01
1.3188655973e+00 1.2751730230e+00 7.8576202428e+01
1.3358746281e+00 1.2463678714e+00 8.8853746852e+01
1.3227820612e+00 1.2555323823e+00 8.2522162191e+01
1.3313383272e+00 1.2596403189e+00 8.2522162191e+01
1.3437257245e+00 1.2651927404e+00 8.2610784034e+01
1.3298888095e+00 1.2803439444e+00 7.8605182622e+01
1.3394214906e+00 1.2515571556e+00 8.6285126569e+01
1.3569666425e+00 1.2703719319e+00 8.2883230736e+01
1.3235740583e+00 1.2792139762e+00 7.8318572690e+01
1.3301868198e+00 1.2621030964e+00 8.1847601472e+01
1.3307119028e+00 1.2909205936e+00 7.7183666982e+01
1.3074370421e+00 1.2979777310e+00 7.4967970313e+01
1.3149595988e+00 1.3141355237e+00 7.3673952717e+01
1.3340355198e+00 1.2534474875e+00 8.4560892485e+01
1.2471174135e+00 1.2720830214e+00 7.4489136515e+01
1.3201243219e+00 1.2918611606e+00 7.6405711507e+01
1.3502404187e+00 1.2529853442e+00 8.9189483384e+01
1.3316315248e+00 1.2532307859e+00 8.4266437827e+01
1.2921539865e+00 1.3018846338e+00 7.3755727228e+01
1.2314229135e+00 1.3482006606e+00 6.7466793388e+01
1.3302839683e+00 1.2589466618e+00 8.2566341788e+01
1.3308820207e+00 1.3144797095e+00 7.4446319730e+01
1.3111911996e+00 1.2797874465e+00 7.7392081315e+01
1.3297089004e+00 1.2438072934e+00 8.8378926216e+01
1.3076385899e+00 1.2833400562e+00 7.6701551736e+01
1.2470539077e+00 1.3107797701e+00 7.0851093365e+01
1.3538095256e+00 1.2546708920e+00 8.9189483384e+01
1.3195402083e+00 1.2836855546e+00 7.7418371854e+01
1.3349082862e+00 1.2464611397e+00 8.8187569297e+01
1.2521092250e+00 1.3153044160e+00 7.0694420330e+01
1.3061090608e+00 1.2857437408e+00 7.6308492375e+01
1.2998864975e+00 1.2618648132e+00 7.9200889974e+01
1.3069001198e+00 1.2331118761e+00 8.8187569297e+01
1.3323881867e+00 1.2616504336e+00 8.2177652292e+01
1.3088795829e+00 1.2890950585e+00 7.6068356017e+01
1.3124623380e+00 1.2558228006e+00 8.1376023555e+01
1.3275413564e+00 1.2581944215e+00 8.2434572567e+01
1.3187888500e+00 1.2910057831e+00 7.6430123055e+01
1.2669329171e+00 1.3065832766e+00 7.2096028356e+01
1.3367104075e+00 1.2840445979e+00 7.8547294593e+01
1.3138999929e+00 1.2801386274e+00 7.7524079068e+01
1.3259268648e+00 1.2720477766e+00 7.9606163389e+01
1.2906571663e+00 1.2920219069e+00 7.4704974011e+01
1.3223421966e+00 1.2463787277e+00 8.5068338769e+01
1.3145588088e+00 1.2380544684e+00 8.7192030493e+01
1.3109548763e+00 1.2927086396e+00 7.5762114683e+01
1.3217319180e+00 1.2522203572e+00 8.3214823856e+01
1.2687086363e+00 1.2908659649e+00 7.3673952717e+01
1.2911650943e+00 1.3019991249e+00 7.3694358938e+01
1.2736594267e+00 1.2972407959e+00 7.3290840172e+01
1.2710401139e+00 1.3107658366e+00 7.1910479740e+01
1.2599086523e+00 1.2835774826e+00 7.3961938190e+01
1.3509807105e+00 1.2631962340e+00 8.4041308295e+01
1.2836153970e+00 1.2899007968e+00 7.4553578751e+01
1.3612229622e+00 1.2590933343e+00 8.8014565082e+01
1.3393963395e+00 1.2712745598e+00 8.0892464042e+01
1.3280805060e+00 1.2607131815e+00 8.1928856974e+01
1.2797467242e+00 1.2533217442e+00 7.8988771847e+01
1.3251222931e+00 1.2427270844e+00 8.7436729029e+01
1.2967784126e+00 1.2754296847e+00 7.7029517563e+01
1.2831069297e+00 1.2965166443e+00 7.3837904283e+01
1.3317784558e+00 1.2447908249e+00 8.8378926216e+01
1.3144661033e+00 1.2372774528e+00 8.7707378991e+01
1.3039681094e+00 1.2944439905e+00 7.5168205857e+01
1.2889125408e+00 1.2937665324e+00 7.4424954390e+01
1.3257585132e+00 1.2656571984e+00 8.0713127966e+01
1.3521962253e+00 1.2764597235e+00 8.1075372075e+01
1.3186268551e+00 1.2431244556e+00 8.5634214754e+01
1.3456137155e+00 1.2554236506e+00 8.5866297957e+01
1.2981178569e+00 1.2562351588e+00 7.9994655462e+01
1.3428762000e+00 1.2511624203e+00 8.7436729029e+01
1.3188635475e+00 1.2476786945e+00 8.4096788508e+01
1.3323517836e+00 1.2599381327e+00 8.2566341788e+01
1.3302615890e+00 1.2988335334e+00 7.6163920146e+01
1.3027198857e+00 1.3088273778e+00 7.3592574728e+01
1.3702178599e+00 1.2711840503e+00 8.4382373156e+01
1.3517699647e+00 1.2764468348e+00 8.1038494274e+01
1.3181810949e+00 1.2754203126e+00 7.8489693825e+01
1.3032096588e+00 1.2407108548e+00 8.3931863986e+01
1.3621909888e+00 1.2638304314e+00 8.5634214754e+01
1.3684258348e+00 1.2703372940e+00 8.4382373156e+01
1.2683777252e+00 1.2703318768e+00 7.5902646881e+01
1.2803240488e+00 1.2635964648e+00 7.7524079068e+01
1.3469089375e+00 1.2620095275e+00 8.3824351811e+01
1.3134720955e+00 1.3015816054e+00 7.4901801823e+01
1.3371771672e+00 1.2503058401e+00 8.6374684998e+01
1.3084866126e+00 1.2523939403e+00 8.1687457017e+01
1.3253675331e+00 1.2839890036e+00 7.7765205727e+01
1.2731059608e+00 1.2699458202e+00 7.6236020107e+01
1.3018740865e+00 1.2411776946e+00 8.3614735208e+01
1.3331989464e+00 1.2560316837e+00 8.3666491536e+01
1.3154946449e+00 1.2449505661e+00 8.4441244525e+01
1.3332247011e+00 1.3050987163e+00 7.5599858248e+01
1.2844295070e+00 1.2821127350e+00 7.5462192458e+01
1.3107619815e+00 1.2501185714e+00 8.2434572567e+01
1.3298724711e+00 1.2689771117e+00 8.0467675232e+01
1.3270650860e+00 1.2857969078e+00 7.7630675173e+01
1.3523219685e+00 1.2539685804e+00 8.9189483384e+01
1.3284353751e+00 1.2717268041e+00 7.9863521106e+01
1.2773048272e+00 1.2783532516e+00 7.5485048020e+01
1.3062958601e+00 1.2615535173e+00 7.9766261626e+01
1.3088327226e+00 1.2342190584e+00 8.8014565082e+01
1.2795199231e+00 1.3053423876e+00 7.2799378191e+01
1.3009818904e+00 1.2895597148e+00 7.5553826997e+01
1.2963134624e+00 1.2767666746e+00 7.6826743101e+01
1.2505299988e+00 1.2981703116e+00 7.2096028356e+01
1.2656627461e+00 1.3423796488e+00 6.9141656435e+01
1.2954666155e+00 1.2828478280e+00 7.6020814122e+01
1.3277246317e+00 1.2470998801e+00 8.5787518542e+01
1.3288634685e+00 1.2870670867e+00 7.7577264583e+01
1.3478629769e+00 1.2518616456e+00 8.9189483384e+01
1.3194743198e+00 1.2723784818e+00 7.9048962842e+01
1.2946216786e+00 1.2767144776e+00 7.6726497234e+01
1.2793181667e+00 1.3396821503e+00 6.9878643759e+01
1.3440029848e+00 1.2500356355e+00 8.9189483384e+01
1.3335869163e+00 1.2933125822e+00 7.7055083817e+01
1.3111167044e+00 1.3113933810e+00 7.3755727228e+01
1.3249730440e+00 1.2843834928e+00 7.7684313766e+01
1.3383656454e+00 1.2679249035e+00 8.1452825766e+01
1.3017816941e+00 1.2643248855e+00 7.8958797887e+01
1.2963184018e+00 1.2999066513e+00 7.4170763875e+01
1.3578646909e+00 1.2580658644e+00 8.7568287925e+01
1.3296974167e+00 1.2967630304e+00 7.6381342894e+01
1.3150384045e+00 1.2362703281e+00 8.9189483384e+01
1.2913422512e+00 1.2265593571e+00 8.7436729029e+01
1.3228751671e+00 1.2619871436e+00 8.1149584901e+01
1.2652388382e+00 1.2808539395e+00 7.4532068904e+01
1.2803291668e+00 1.2731539302e+00 7.6284293221e+01
1.3193976248e+00 1.2667749236e+00 7.9961712929e+01
1.3183005492e+00 1.3151876552e+00 7.3735246099e+01
1.2910794258e+00 1.2763342152e+00 7.6552833021e+01
1.3443196788e+00 1.2589060842e+00 8.4382373156e+01
1.2864865086e+00 1.3224319564e+00 7.1581045961e+01
1.3087224568e+00 1.2700283389e+00 7.8605182622e+01
1.3054991896e+00 1.2532049006e+00 8.1224420262e+01
1.3124422612e+00 1.2488736583e+00 8.2929653666e+01
1.3155125716e+00 1.2929678461e+00 7.5997102501e+01
1.3339132344e+00 1.2745671832e+00 7.9830999012e+01
1.3371528540e+00 1.2792161652e+00 7.9323969492e+01
1.2739809652e+00 1.2864642459e+00 7.4403617595e+01
1.2923341070e+00 1.2968965231e+00 7.4276189762e+01
1.2632320332e+00 1.3168279669e+00 7.1044274624e+01
1.3038766260e+00 1.2744378174e+00 7.7630675173e+01
1.3143996398e+00 1.3177703833e+00 7.3290840172e+01
1.2724970875e+00 1.3119285265e+00 7.1873590390e+01
1.3071105992e+00 1.2838680469e+00 7.6602225844e+01
1.3339139447e+00 1.2548797429e+00 8.4096788508e+01
1.2691997816e+00 1.2534652821e+00 7.8177837772e+01
1.2905396307e+00 1.2690349705e+00 7.7471115761e+01
1.2989385297e+00 1.2885444776e+00 7.5553826997e+01
1.3137927383e+00 1.2409952738e+00 8.5559543476e+01
1.3092387466e+00 1.2996797183e+00 7.4879808517e+01
1.3465055326e+00 1.2808330418e+00 7.9798579510e+01
1.3306565968e+00 1.2760718769e+00 7.9323969492e+01
1.3540740820e+00 1.2557205511e+00 8.8014565082e+01
1.3144608612e+00 1.2782661942e+00 7.7819427566e+01
1.3201039623e+00 1.2875004343e+00 7.6953114246e+01
1.3233753654e+00 1.2627971830e+00 8.1038494274e+01
1.2998092756e+00 1.3275292988e+00 7.1726752716e+01
1.3052815298e+00 1.2926931115e+00 7.5439372000e+01
1.3165783386e+00 1.2919020790e+00 7.6187912459e+01
1.2693981861e+00 1.2575998951e+00 7.7603941562e+01
1.3146702741e+00 1.2828669334e+00 7.7209536111e+01
1.3071719336e+00 1.2589346460e+00 8.0296118030e+01
1.3135157346e+00 1.2735304285e+00 7.8432376026e+01
1.3316781230e+00 1.2588634822e+00 8.2745735086e+01
1.2945382518e+00 1.2859581989e+00 7.5599858248e+01
1.3057306183e+00 1.2695300489e+00 7.8460999819e+01
1.3267691325e+00 1.2436951812e+00 8.7311596302e+01
1.2989676489e+00 1.2845846456e+00 7.6020814122e+01
1.2651173807e+00 1.2957631723e+00 7.3013920964e+01
1.3451578412e+00 1.2515045722e+00 8.8014565082e+01
1.3261482244e+00 1.2582773897e+00 8.2262350168e+01
1.3181128651e+00 1.2497365124e+00 8.3411757846e+01
1.3306750062e+00 1.2848171097e+00 7.8011105717e+01
1.2990830889e+00 1.2958300308e+00 7.4748499176e+01
1.2961831443e+00 1.2694877974e+00 7.7792286999e+01
1.3085824972e+00 1.3091020607e+00 7.3858512165e+01
1.3204180688e+00 1.2920056570e+00 7.6405711507e+01
1.3248032749e+00 1.2959517304e+00 7.6187912459e+01
1.3289255215e+00 1.2607420757e+00 8.2010933342e+01
1.3031284585e+00 1.2490499458e+00 8.1847601472e+01
1.2443780509e+00 1.3212928908e+00 6.9895314917e+01
1.2646540707e+00 1.2779633811e+00 7.4814015260e+01
1.2858367994e+00 1.2485330977e+00 8.0296118030e+01
1.3164744188e+00 1.2670778757e+00 7.9669908154e+01
1.3376776677e+00 1.2611719151e+00 8.2883230736e+01
1.3304635116e+00 1.2478509318e+00 8.6028533830e+01
1.2786163179e+00 1.2887973231e+00 7.4403617595e+01
1.3134281040e+00 1.2378806286e+00 8.6966995687e+01
1.3383099500e+00 1.2763053605e+00 7.9896146783e+01
1.3532572717e+00 1.2596047220e+00 8.5634214754e+01
1.2679510628e+00 1.2842273415e+00 7.4318553532e+01
1.3271741775e+00 1.2424183923e+00 8.8596120629e+01
1.3124738599e+00 1.2763198276e+00 7.7956033878e+01
1.3055284243e+00 1.2549167868e+00 8.0892464042e+01
1.3416104821e+00 1.2511165733e+00 8.7077348295e+01
1.3021099351e+00 1.2810057364e+00 7.6651798080e+01
1.3185020991e+00 1.2432492116e+00 8.5559543476e+01
1.2900150221e+00 1.2608589118e+00 7.8605182622e+01
1.2837199570e+00 1.2945944865e+00 7.4066017793e+01
1.3100690764e+00 1.2817837252e+00 7.7055083817e+01
1.3147546622e+00 1.2409034167e+00 8.5787518542e+01
1.3167528819e+00 1.2449984289e+00 8.4621711461e+01
1.3196635363e+00 1.2621424141e+00 8.0820312794e+01
1.3100633885e+00 1.2743622255e+00 7.8066427965e+01
1.3323881867e+00 1.2616504336e+00 8.2177652292e+01
1.3160420816e+00 1.2701304668e+00 7.9139867144e+01
1.3044766069e+00 1.3206668327e+00 7.2549126342e+01
1.3151354169e+00 1.2815269965e+00 7.7418371854e+01
1.2831855732e+00 1.2824853685e+00 7.5348437930e+01
1.3387577265e+00 1.2530950751e+00 8.5486104849e+01
1.2843064005e+00 1.3009926315e+00 7.3451099791e+01
1.3325665410e+00 1.2785425282e+00 7.9079181218e+01
1.3318514866e+00 1.2661231548e+00 8.1186923776e+01
1.3092010015e+00 1.2582126395e+00 8.0607155573e+01
1.3211088611e+00 1.2441264674e+00 8.5710183053e+01
1.2898315157e+00 1.3072682825e+00 7.3112314516e+01
1.3207506472e+00 1.2470987303e+00 8.4560892485e+01
1.3273853921e+00 1.2635932540e+00 8.1262076387e+01
1.3195596965e+00 1.2639925979e+00 8.0467675232e+01
1.2647602581e+00 1.2878530190e+00 7.3776233514e+01
1.3300467043e+00 1.2977309704e+00 7.6284293221e+01
1.3053102145e+00 1.2486078295e+00 8.2177652292e+01
1.2836128449e+00 1.2803157920e+00 7.5622927969e+01
1.3107373660e+00 1.2872372754e+00 7.6405711507e+01
1.3075547273e+00 1.2711960684e+00 7.8346920764e+01
1.3048290321e+00 1.2795965819e+00 7.7004000743e+01
1.3155380294e+00 1.2850617309e+00 7.6978533067e+01
1.3346711962e+00 1.2619912172e+00 8.2347979715e+01
1.3629275616e+00 1.2679245003e+00 8.4324110442e+01
1.3376574377e+00 1.3178328114e+00 7.4446319730e+01
1.3088343495e+00 1.3027129141e+00 7.4532068904e+01
1.2711383855e+00 1.2658350376e+00 7.6626989411e+01
1.3596863101e+00 1.2579982478e+00 8.8378926216e+01
1.3127641241e+00 1.2944022987e+00 7.5669176471e+01
1.2531315038e+00 1.2799369645e+00 7.3982701417e+01
1.3107664485e+00 1.2614416489e+00 8.0161005537e+01
1.3331963159e+00 1.2547235602e+00 8.4041308295e+01
1.3202425520e+00 1.2462996900e+00 8.4745454571e+01
1.2955795507e+00 1.2993335690e+00 7.4191794234e+01
1.3166296772e+00 1.2704164859e+00 7.9139867144e+01
1.3233876927e+00 1.2457690420e+00 8.5486104849e+01
1.3353108009e+00 1.2600396054e+00 8.2883230736e+01
1.3838812240e+00 1.2716090250e+00 8.6757527902e+01
1.2887199027e+00 1.2983262604e+00 7.3941201104e+01
1.3500558038e+00 1.2944257955e+00 7.7983538712e+01
1.3044833635e+00 1.2542207267e+00 8.0928753038e+01
1.2857252625e+00 1.2782033744e+00 7.5997102501e+01
1.2900380946e+00 1.2460673875e+00 8.1149584901e+01
1.2484970399e+00 1.3058559758e+00 7.1328700812e+01
1.2950100519e+00 1.2802506152e+00 7.6308492375e+01
1.3372569502e+00 1.2497892129e+00 8.6657708378e+01
1.3005147252e+00 1.2764908092e+00 7.7132082137e+01
1.2527265145e+00 1.2595494260e+00 7.6260135872e+01
1.3457183256e+00 1.2526937742e+00 8.7311596302e+01
1.3447902817e+00 1.2619381920e+00 8.3563393325e+01
1.3308345801e+00 1.2549011978e+00 8.3666491536e+01
1.3202490713e+00 1.2476003061e+00 8.4324110442e+01
1.3146134522e+00 1.2606472149e+00 8.0642347542e+01
1.3316248757e+00 1.2807988502e+00 7.8663362312e+01
1.3372996631e+00 1.2685529857e+00 8.1224420262e+01
1.3446099969e+00 1.2669372667e+00 8.2305046547e+01
1.2744425410e+00 1.3152250562e+00 7.1671981608e+01
1.3215651360e+00 1.3537790571e+00 7.0470249679e+01
1.3212749016e+00 1.2614041716e+00 8.1112401649e+01
1.3488288751e+00 1.2846593293e+00 7.9354959114e+01
1.3419524404e+00 1.2603978902e+00 8.3614735208e+01
1.3256509575e+00 1.2413269717e+00 8.9189483384e+01
1.2937076801e+00 1.2885348195e+00 7.5258052561e+01
1.3346271150e+00 1.2537296545e+00 8.4560892485e+01
1.3282742450e+00 1.2867794559e+00 7.7577264583e+01
1.3327768663e+00 1.2586388453e+00 8.2929653666e+01
1.3258968098e+00 1.2891568911e+00 7.7106365806e+01
1.3665480477e+00 1.2686980739e+00 8.4621711461e+01
1.3252307038e+00 1.2981570684e+00 7.5949796914e+01
1.3350693160e+00 1.2830538038e+00 7.8576202428e+01
1.2890079089e+00 1.3045934985e+00 7.3330764710e+01
1.3152725065e+00 1.2726473696e+00 7.8692562936e+01
1.3197092538e+00 1.3010457515e+00 7.5303177292e+01
1.2996402978e+00 1.2638528245e+00 7.8869354308e+01
1.3095682266e+00 1.2932198079e+00 7.5622927969e+01
1.3249074731e+00 1.2468646414e+00 8.5342693277e+01
1.3264523466e+00 1.2929866058e+00 7.6651798080e+01
1.3190666985e+00 1.2662323335e+00 8.0027705704e+01
1.3261916976e+00 1.2447085251e+00 8.6560781600e+01
1.3172930595e+00 1.2898733633e+00 7.6479075887e+01
1.3574285278e+00 1.2567484168e+00 8.8596120629e+01
1.2604834665e+00 1.3091091032e+00 7.1581045961e+01
1.2592811428e+00 1.2911580169e+00 7.3171618697e+01
1.3433297146e+00 1.2550823852e+00 8.5559543476e+01
1.3499193436e+00 1.2625043823e+00 8.4096788508e+01
1.3174139221e+00 1.2434666309e+00 8.5272615194e+01
1.3160400801e+00 1.3069088364e+00 7.4467713732e+01
1.3137822197e+00 1.2523243598e+00 8.2262350168e+01
1.2667239674e+00 1.3089728796e+00 7.1873590390e+01
1.3307838431e+00 1.2610689586e+00 8.2135643310e+01
1.2870629132e+00 1.2860172238e+00 7.5168205857e+01
1.3648486353e+00 1.2611727849e+00 8.7707378991e+01
1.3719918925e+00 1.2667712363e+00 8.6374684998e+01
1.3238209623e+00 1.3030785362e+00 7.5303177292e+01
1.2647690820e+00 1.3013374975e+00 7.2472822552e+01
1.3156754629e+00 1.2491242771e+00 8.3263520051e+01
1.3230521840e+00 1.2609367580e+00 8.1376023555e+01
1.2412161832e+00 1.3092229766e+00 7.0729130646e+01
1.3530888954e+00 1.2545155012e+00 8.8853746852e+01
1.3475452695e+00 1.2626874845e+00 8.3718672554e+01
1.3461406843e+00 1.2527088986e+00 8.7436729029e+01
1.3502942071e+00 1.2687061100e+00 8.2522162191e+01
1.3200356120e+00 1.2574062008e+00 8.1807273904e+01
1.3537415259e+00 1.2665747707e+00 8.3461913920e+01
1.3045480046e+00 1.3052466285e+00 7.4045148973e+01
1.3152359314e+00 1.2809891217e+00 7.7497569815e+01
1.3585024377e+00 1.2675189824e+00 8.3824351811e+01
1.3206383267e+00 1.3023105898e+00 7.5213062491e+01
1.3403440751e+00 1.2598181040e+00 8.3563393325e+01
1.2720427996e+00 1.2927569404e+00 7.3653571278e+01
1.3162572395e+00 1.2760326767e+00 7.8262079083e+01
1.3519579344e+00 1.2644110848e+00 8.3824351811e+01
1.3163479929e+00 1.2807518052e+00 7.7603941562e+01
1.3538095256e+00 1.2546708920e+00 8.9189483384e+01
1.3154553209e+00 1.2550089928e+00 8.1847601472e+01
1.3287580921e+00 1.2451941831e+00 8.6966995687e+01
1.3168337639e+00 1.2444821556e+00 8.4808428882e+01
1.3192049545e+00 1.2708996345e+00 7.9262255454e+01
1.2586254298e+00 1.3218710210e+00 7.0435981071e+01
1.3339419867e+00 1.2465544641e+00 8.7707378991e+01
1.3368160215e+00 1.2650966297e+00 8.1888128163e+01
1.3140164851e+00 1.2381619192e+00 8.6966995687e+01
1.3326087659e+00 1.2570588314e+00 8.3312569183e+01
1.2906301800e+00 1.3174122149e+00 7.2208255597e+01
1.3365740767e+00 1.2727824601e+00 8.0364377815e+01
1.3180620579e+00 1.2467376821e+00 8.4266437827e+01
1.3283784331e+00 1.2726589331e+00 7.9701926885e+01
1.3696080872e+00 1.2669567289e+00 8.5787518542e+01
1.3700174974e+00 1.2991446314e+00 7.8692562936e+01
1.3340119265e+00 1.2495403679e+00 8.6028533830e+01
1.3359085981e+00 1.2747623012e+00 7.9961712929e+01
1.3224183444e+00 1.2843101293e+00 7.7524079068e+01
1.3101515156e+00 1.2869482825e+00 7.6405711507e+01
1.3201156984e+00 1.2581987451e+00 8.1647897369e+01
1.2996066937e+00 1.3207096028e+00 7.2321172068e+01
1.3044744058e+00 1.2472691503e+00 8.2391153680e+01
1.3318473940e+00 1.2551987691e+00 8.3718672554e+01
1.3018986686e+00 1.2624655075e+00 7.9262255454e+01
1.2941882956e+00 1.3129781272e+00 7.2780002890e+01
1.3353097352e+00 1.2561059764e+00 8.3931863986e+01
1.3430509925e+00 1.2869225507e+00 7.8576202428e+01
1.2500998209e+00 1.3238524542e+00 6.9928697054e+01
1.2963830597e+00 1.3283214263e+00 7.1508608306e+01
1.3394121829e+00 1.2616251832e+00 8.2976381855e+01
1.3045312820e+00 1.3078924439e+00 7.3776233514e+01
1.3347352860e+00 1.2996318281e+00 7.6332733555e+01
1.3532780158e+00 1.2819681058e+00 8.0161005537e+01
1.3387551945e+00 1.2749834086e+00 8.0161005537e+01
1.3238763820e+00 1.2439729954e+00 8.6374684998e+01
1.3232399988e+00 1.2703614086e+00 7.9669908154e+01
1.3345491806e+00 1.2678011500e+00 8.1112401649e+01
1.2970241092e+00 1.2660335233e+00 7.8346920764e+01
1.3712128923e+00 1.2649123345e+00 8.7192030493e+01
1.3662095301e+00 1.2707948997e+00 8.3931863986e+01
1.3066776894e+00 1.2725094832e+00 7.8094184084e+01
1.2962345802e+00 1.2416068828e+00 8.2791277101e+01
1.2432586118e+00 1.3123994671e+00 7.0556175101e+01
1.3148176132e+00 1.2792210071e+00 7.7711219496e+01
1.2691510953e+00 1.2830273090e+00 7.4510588199e+01
1.2790995472e+00 1.3328859353e+00 7.0401770040e+01
1.2928584422e+00 1.2885109837e+00 7.5213062491e+01
1.2738618262e+00 1.2687556257e+00 7.6430123055e+01
1.3301896723e+00 1.2455071747e+00 8.7192030493e+01
1.3612229622e+00 1.2590933343e+00 8.8014565082e+01
1.3277854414e+00 1.2605713281e+00 8.1928856974e+01
1.3440504610e+00 1.2683732648e+00 8.1928856974e+01
1.2592137055e+00 1.2712525739e+00 7.5258052561e+01
1.3146203615e+00 1.2362535723e+00 8.8853746852e+01
1.3326603562e+00 1.3052233743e+00 7.5553826997e+01
1.3218149580e+00 1.2395009615e+00 8.9189483384e+01
1.3222936008e+00 1.2883772985e+00 7.6978533067e+01
1.3327607063e+00 1.2936997407e+00 7.6953114246e+01
1.3416561177e+00 1.2615696453e+00 8.3263520051e+01
1.3552976957e+00 1.2553732036e+00 8.9189483384e+01
1.2721671033e+00 1.3293078931e+00 7.0401770040e+01
1.3057507543e+00 1.2826060153e+00 7.6676652104e+01
1.3312101807e+00 1.2667644607e+00 8.1001766381e+01
1.3237102830e+00 1.2524227686e+00 8.3411757846e+01
1.3191848781e+00 1.2586932378e+00 8.1452825766e+01
1.2502983995e+00 1.2793006816e+00 7.3899804954e+01
1.3521694763e+00 1.2637610789e+00 8.4041308295e+01
1.3123069399e+00 1.2874176826e+00 7.6479075887e+01
1.3336137789e+00 1.2534323841e+00 8.4500744095e+01
1.3090924320e+00 1.2661682351e+00 7.9231529518e+01
1.2870922429e+00 1.3030123461e+00 7.3390826340e+01
1.2884703106e+00 1.3020712947e+00 7.3552032589e+01
1.2734384434e+00 1.3446846764e+00 6.9270843670e+01
1.3154007606e+00 1.2572433443e+00 8.1376023555e+01
1.2694927045e+00 1.3332953300e+00 6.9978870310e+01
1.3195089594e+00 1.2727809569e+00 7.8988771847e+01
1.3457158737e+00 1.2588232218e+00 8.4621711461e+01
1.2752765850e+00 1.2751625747e+00 7.5738824530e+01
1.3040699396e+00 1.2751172330e+00 7.7550643872e+01
1.2639297920e+00 1.2825975128e+00 7.4276189762e+01
1.2958198523e+00 1.3109086213e+00 7.3053211840e+01
1.3027169576e+00 1.2451140764e+00 8.2700475693e+01
1.3016916234e+00 1.2919097841e+00 7.5325790544e+01
1.3224018443e+00 1.2559125992e+00 8.2391153680e+01
1.3536811059e+00 1.2596191803e+00 8.5710183053e+01
1.3198101235e+00 1.2746657342e+00 7.8721838178e+01
1.3159377873e+00 1.2379802567e+00 8.7707378991e+01
1.2957489279e+00 1.2347173515e+00 8.4683224036e+01
1.3089109008e+00 1.3070196544e+00 7.4086913271e+01
1.3398354915e+00 1.2616395049e+00 8.3023421435e+01
1.2843963851e+00 1.2638692747e+00 7.7765205727e+01
1.3480144812e+00 1.2727405242e+00 8.1414339425e+01
1.2974547293e+00 1.2612493609e+00 7.9109482420e+01
1.3190438824e+00 1.2846196335e+00 7.7261429339e+01
1.3188452894e+00 1.2962084115e+00 7.5808807284e+01
1.3270474765e+00 1.2735522839e+00 7.9448467746e+01
1.3030334290e+00 1.2691746684e+00 7.8318572690e+01
1.3211327899e+00 1.2571816535e+00 8.1969790983e+01
1.3276794860e+00 1.2467088952e+00 8.5946605487e+01
1.3382224409e+00 1.2558161794e+00 8.4441244525e+01
1.3581501013e+00 1.2569035996e+00 8.8853746852e+01
1.3357684815e+00 1.2959621968e+00 7.6851921864e+01
1.3410742017e+00 1.2525272057e+00 8.6197674093e+01
1.3390305062e+00 1.2620068599e+00 8.2837107130e+01
1.2973788857e+00 1.2722136840e+00 7.7497569815e+01
1.3293062992e+00 1.2511901516e+00 8.4560892485e+01
1.2845979383e+00 1.2980811349e+00 7.3755727228e+01
1.2693062217e+00 1.2915743312e+00 7.3633214528e+01
1.3441202429e+00 1.2534169646e+00 8.6466509507e+01
1.2927393338e+00 1.2255951918e+00 8.9189483384e+01
1.3564255600e+00 1.2920173970e+00 7.8780614851e+01
1.3191696859e+00 1.2704979113e+00 7.9323969492e+01
1.3239418730e+00 1.2469583497e+00 8.5135479942e+01
1.3155183464e+00 1.2627960970e+00 8.0330188264e+01
1.3088976009e+00 1.2624385553e+00 7.9830999012e+01
1.3446894651e+00 1.2510982523e+00 8.8187569297e+01
1.3139525358e+00 1.2512827928e+00 8.2522162191e+01
1.3596400390e+00 1.2576059815e+00 8.8853746852e+01
1.3422439773e+00 1.2579182018e+00 8.4382373156e+01
1.3083964622e+00 1.2411732235e+00 8.4560892485e+01
1.3298333876e+00 1.2436828062e+00 8.8596120629e+01
1.2810644236e+00 1.2589475724e+00 7.8233932577e+01
1.2824818622e+00 1.2718711535e+00 7.6577507130e+01
1.3340925947e+00 1.2765783046e+00 7.9511264665e+01
1.2448868625e+00 1.3029441716e+00 7.1418444511e+01
1.3287592541e+00 1.2661538657e+00 8.0892464042e+01
1.3359993467e+00 1.2462431528e+00 8.9189483384e+01
1.3055033505e+00 1.2575542819e+00 8.0398687958e+01
1.3264125112e+00 1.2418726273e+00 8.8853746852e+01
1.3280401680e+00 1.2603166015e+00 8.2010933342e+01
1.3333655211e+00 1.2602358863e+00 8.2610784034e+01
1.3092314445e+00 1.2799991856e+00 7.7235456792e+01
1.3255111774e+00 1.3027056221e+00 7.5439372000e+01
1.3075547273e+00 1.2711960684e+00 7.8346920764e+01
1.2527217988e+00 1.3303938728e+00 6.9531555825e+01
1.3483911293e+00 1.2539592013e+00 8.7311596302e+01
1.3008686648e+00 1.3027948512e+00 7.4107835512e+01
1.3022239961e+00 1.2826383146e+00 7.6454577770e+01
1.2994614572e+00 1.3002631653e+00 7.4297357720e+01
1.2652178808e+00 1.2830477791e+00 7.4297357720e+01
1.3813998543e+00 1.2710064364e+00 8.6466509507e+01
1.2829741520e+00 1.2635531528e+00 7.7711219496e+01
1.3101946236e+00 1.2659384280e+00 7.9354959114e+01
1.2696410580e+00 1.2842769860e+00 7.4403617595e+01
1.3162064381e+00 1.2704029053e+00 7.9109482420e+01
1.2644455954e+00 1.3300302624e+00 7.0029164432e+01
1.3327658155e+00 1.2792196669e+00 7.8988771847e+01
1.3570114288e+00 1.2808723017e+00 8.0677671172e+01
1.3485068638e+00 1.2691776941e+00 8.2219886681e+01
1.3344978728e+00 1.2687278901e+00 8.0928753038e+01
1.3549868960e+00 1.2820175338e+00 8.0296118030e+01
1.3299910786e+00 1.2548712321e+00 8.3563393325e+01
1.3408579643e+00 1.2518690911e+00 8.6466509507e+01
1.3353095176e+00 1.2775524762e+00 7.9448467746e+01
1.2981918727e+00 1.2470319253e+00 8.1767142530e+01
1.3035531854e+00 1.2438432475e+00 8.3118460360e+01
1.3183725465e+00 1.2813520760e+00 7.7657465783e+01
1.3361060974e+00 1.2483195167e+00 8.7192030493e+01
1.3366303289e+00 1.2504158342e+00 8.6197674093e+01
1.2873707711e+00 1.2661123259e+00 7.7657465783e+01
1.2515257591e+00 1.3495116070e+00 6.8103636043e+01
1.2932626226e+00 1.2645710553e+00 7.8290292293e+01
1.3428315452e+00 1.2660869197e+00 8.2305046547e+01
1.2798102531e+00 1.2758478258e+00 7.5926202551e+01
1.3192931100e+00 1.2786815314e+00 7.8094184084e+01
1.3187897865e+00 1.2647625079e+00 8.0262165861e+01
1.2664060419e+00 1.3127811306e+00 7.1526692018e+01
1.3094679923e+00 1.2566385873e+00 8.0928753038e+01
1.3667547540e+00 1.2667334504e+00 8.5342693277e+01
1.3283558023e+00 1.2429803540e+00 8.8596120629e+01
1.3353290241e+00 1.2657083421e+00 8.1608522897e+01
1.3847624092e+00 1.2694059972e+00 8.8853746852e+01
1.3176407158e+00 1.2707160537e+00 7.9170336091e+01
1.3364480717e+00 1.2488509603e+00 8.6966995687e+01
1.2785477567e+00 1.3194268847e+00 7.1490541645e+01
1.2918514860e+00 1.2882085141e+00 7.5190617570e+01
1.3123154656e+00 1.2503067016e+00 8.2566341788e+01
1.3355929212e+00 1.2475227504e+00 8.7568287925e+01
1.3038134155e+00 1.2736283974e+00 7.7738183355e+01
1.3248060026e+00 1.2535084409e+00 8.3263520051e+01
1.3256993824e+00 1.2792775397e+00 7.8460999819e+01
1.3145241421e+00 1.2790772653e+00 7.7711219496e+01
1.3310840457e+00 1.2598946005e+00 8.2434572567e+01
1.3759327953e+00 1.2852879732e+00 8.1569331007e+01
1.3422035718e+00 1.2513978356e+00 8.7077348295e+01
1.3396606753e+00 1.2500069219e+00 8.7192030493e+01
1.3118960097e+00 1.2476785916e+00 8.3166473052e+01
1.3500315239e+00 1.2702847726e+00 8.2135643310e+01
1.2909294271e+00 1.2634235886e+00 7.8290292293e+01
1.3357765357e+00 1.2490857750e+00 8.6657708378e+01
1.3089394843e+00 1.2541181481e+00 8.1376023555e+01
1.2883983984e+00 1.2920980524e+00 7.4575117862e+01
1.3314827311e+00 1.2446503204e+00 8.8378926216e+01
1.3300076106e+00 1.2487431851e+00 8.5559543476e+01
1.2935567921e+00 1.2681945186e+00 7.7792286999e+01
1.2587859244e+00 1.3151663508e+00 7.0991401350e+01
1.3288708015e+00 1.2910068108e+00 7.7055083817e+01
1.2947876032e+00 1.2695765729e+00 7.7684313766e+01
1.3415511728e+00 1.2494274734e+00 8.8378926216e+01
1.3450443271e+00 1.2629980678e+00 8.3312569183e+01
1.3374647061e+00 1.2618223843e+00 8.2700475693e+01
1.2993316423e+00 1.2702609274e+00 7.7901209028e+01
1.3190969598e+00 1.2592174837e+00 8.1337875892e+01
1.3304128156e+00 1.2548862164e+00 8.3614735208e+01
1.3061414524e+00 1.2360416950e+00 8.6112185454e+01
1.2819254084e+00 1.2320810601e+00 8.3461913920e+01
1.3395543066e+00 1.2479287007e+00 8.9189483384e+01
1.2988664076e+00 1.2415797692e+00 8.3118460360e+01
1.3101421097e+00 1.2847710100e+00 7.6676652104e+01
1.3181966808e+00 1.2531394754e+00 8.2566341788e+01
1.3341451392e+00 1.2459148609e+00 8.8378926216e+01
1.2753554897e+00 1.3173715657e+00 7.1526692018e+01
1.3444936962e+00 1.2617968528e+00 8.3563393325e+01
1.3356513322e+00 1.2492109785e+00 8.6560781600e+01
1.3203701255e+00 1.2579443179e+00 8.1727204497e+01
1.3261192450e+00 1.2845516543e+00 7.7738183355e+01
1.2731086820e+00 1.2387346886e+00 8.0965186566e+01
1.3216135064e+00 1.2401378043e+00 8.8187569297e+01
1.3307387380e+00 1.2856302811e+00 7.7901209028e+01
1.3237375102e+00 1.2593781613e+00 8.1767142530e+01
1.2531594775e+00 1.3566351556e+00 6.7677157693e+01
1.3091599308e+00 1.2848786895e+00 7.6602225844e+01
1.2668216900e+00 1.2927529113e+00 7.3390826340e+01
1.2875200105e+00 1.2777153180e+00 7.6163920146e+01
1.3375306975e+00 1.2709497201e+00 8.0784447201e+01
1.3336518625e+00 1.3125900962e+00 7.4792145946e+01
1.3034133416e+00 1.3116403593e+00 7.3350761860e+01
1.3187001308e+00 1.2539439741e+00 8.2434572567e+01
1.3233336127e+00 1.2746410287e+00 7.8988771847e+01
1.3319796699e+00 1.2659949715e+00 8.1224420262e+01
1.2849449898e+00 1.2620168667e+00 7.8066427965e+01
1.1978887374e+00 1.3843537621e+00 6.4177070875e+01
1.3611226581e+00 1.2750025687e+00 8.2262350168e+01
1.3155501997e+00 1.2370630775e+00 8.8378926216e+01
1.3168563870e+00 1.2837433733e+00 7.7235456792e+01
1.3525278201e+00 1.2726156195e+00 8.1888128163e+01
1.3283489891e+00 1.2840747368e+00 7.7956033878e+01
1.3285268391e+00 1.2432452754e+00 8.8378926216e+01
1.2922835507e+00 1.2986950954e+00 7.4086913271e+01
1.3062084694e+00 1.2939537098e+00 7.5348437930e+01
1.3606601808e+00 1.2579015254e+00 8.9189483384e+01
1.3294320403e+00 1.2816770289e+00 7.8375337009e+01
1.3385779496e+00 1.2515266394e+00 8.6112185454e+01
1.2155113835e+00 1.2928723218e+00 7.0973808374e+01
1.3494090175e+00 1.2617000517e+00 8.4266437827e+01
1.3383551209e+00 1.2583072925e+00 8.3718672554e+01
1.3031076361e+00 1.2573375750e+00 8.0228330525e+01
1.3168369382e+00 1.2728306590e+00 7.8780614851e+01
1.3079894815e+00 1.2572458470e+00 8.0677671172e+01
1.3586203484e+00 1.2783840814e+00 8.1299894225e+01
1.3391946761e+00 1.3198215592e+00 7.4318553532e+01
1.3526658531e+00 1.2545005698e+00 8.8596120629e+01
1.3068057664e+00 1.2706360465e+00 7.8375337009e+01
1.3187847960e+00 1.2495003426e+00 8.3563393325e+01
1.3362841383e+00 1.2857871404e+00 7.8262079083e+01
1.3201682362e+00 1.2559648154e+00 8.2135643310e+01
1.2704469135e+00 1.2786880722e+00 7.5056640173e+01
1.3299910786e+00 1.2548712321e+00 8.3563393325e+01
1.3400687366e+00 1.2487249509e+00 8.8378926216e+01
1.3247015441e+00 1.2605974880e+00 8.1608522897e+01
1.3536494119e+00 1.2618427039e+00 8.4872174373e+01
1.3183416465e+00 1.2586638880e+00 8.1376023555e+01
1.3143864425e+00 1.2809639638e+00 7.7444716555e+01
1.3052876213e+00 1.2905000961e+00 7.5692355604e+01
1.3076660186e+00 1.3078260972e+00 7.3941201104e+01
1.3451578412e+00 1.2515045722e+00 8.8014565082e+01
1.3118469401e+00 1.3058376178e+00 7.4361029171e+01
1.3197475225e+00 1.2756028838e+00 7.8576202428e+01
1.3563332425e+00 1.2657380362e+00 8.4041308295e+01
1.3226192081e+00 1.2832334407e+00 7.7684313766e+01
1.2315916171e+00 1.3327725590e+00 6.8538163243e+01
1.3160892634e+00 1.2543750503e+00 8.2052287288e+01
1.3359003989e+00 1.2778382042e+00 7.9448467746e+01
1.2848772443e+00 1.3117851690e+00 7.2453796832e+01
1.2394155234e+00 1.3232066438e+00 6.9547955888e+01
1.2968462228e+00 1.2845232032e+00 7.5902646881e+01
1.3613913946e+00 1.3064466265e+00 7.7106365806e+01
1.2970859099e+00 1.2982644964e+00 7.4382309227e+01
1.2706001290e+00 1.3020439758e+00 7.2683441722e+01
1.3091687618e+00 1.2382276711e+00 8.5787518542e+01
1.3398340685e+00 1.2699605646e+00 8.1186923776e+01
1.3214653864e+00 1.2472555379e+00 8.4621711461e+01
1.2960330770e+00 1.2945085282e+00 7.4726721458e+01
1.2987086614e+00 1.2730634532e+00 7.7471115761e+01
1.3519579344e+00 1.2644110848e+00 8.3824351811e+01
1.2880363205e+00 1.2750213120e+00 7.6528203273e+01
1.3023842153e+00 1.2829148167e+00 7.6430123055e+01
1.3114570997e+00 1.2707853999e+00 7.8692562936e+01
1.3183130506e+00 1.2787867475e+00 7.8011105717e+01
1.3256487499e+00 1.2548477009e+00 8.3023421435e+01
1.2902496424e+00 1.2898103576e+00 7.4923826465e+01
1.3452372897e+00 1.2825403850e+00 7.9417207447e+01
1.3069030202e+00 1.2849497814e+00 7.6454577770e+01
1.3343795398e+00 1.2605335799e+00 8.2655493698e+01
1.3499682122e+00 1.3050813983e+00 7.6577507130e+01
1.2790178356e+00 1.2883958054e+00 7.4467713732e+01
1.3486904734e+00 1.2641715203e+00 8.3461913920e+01
1.3132587650e+00 1.3083737314e+00 7.4170763875e+01
1.3275914071e+00 1.2642613945e+00 8.1149584901e+01
1.3539483520e+00 1.2558462810e+00 8.7855467302e+01
1.3556706615e+00 1.2786964526e+00 8.0965186566e+01
1.3345362155e+00 1.2691273004e+00 8.0856317856e+01
1.3113319847e+00 1.3239141369e+00 7.2568252847e+01
1.3069378779e+00 1.2722492947e+00 7.8149888534e+01
1.2551714426e+00 1.3196530692e+00 7.0470249679e+01
1.2993073135e+00 1.3249582435e+00 7.1928951707e+01
1.3048373922e+00 1.2878896632e+00 7.5973430165e+01
1.3212179805e+00 1.2667018957e+00 8.0127513527e+01
1.3308345801e+00 1.2549011978e+00 8.3666491536e+01
1.3516294756e+00 1.2858145923e+00 7.9386038170e+01
1.3290109320e+00 1.2510490681e+00 8.4560892485e+01
1.3087734974e+00 1.2896386024e+00 7.5997102501e+01
1.3415511728e+00 1.2494274734e+00 8.8378926216e+01
1.3212202074e+00 1.2977801096e+00 7.5762114683e+01
1.3553133006e+00 1.2654417048e+00 8.3986338075e+01
1.3126559905e+00 1.2883813756e+00 7.6381342894e+01
1.3205550723e+00 1.2940602382e+00 7.6163920146e+01
1.3111171660e+00 1.3364453185e+00 7.1454459275e+01
1.3148358140e+00 1.2503995145e+00 8.2837107130e+01
1.3208473975e+00 1.2841295246e+00 7.7444716555e+01
1.3420088072e+00 1.2533415991e+00 8.6028533830e+01
1.2913780920e+00 1.2621050050e+00 7.8518458573e+01
1.3064497998e+00 1.2731737742e+00 7.7983538712e+01
1.3227067553e+00 1.2660869322e+00 8.0364377815e+01
1.2628892726e+00 1.2697454357e+00 7.5646033984e+01
1.2970532827e+00 1.2282112941e+00 8.8378926216e+01
1.3078677741e+00 1.2490955901e+00 8.2347979715e+01
1.2350398478e+00 1.3463295782e+00 6.7722480864e+01
1.2612444640e+00 1.3170699795e+00 7.0938669332e+01
1.3074586404e+00 1.2734742856e+00 7.8011105717e+01
1.3075687444e+00 1.2572309956e+00 8.0642347542e+01
1.3374019003e+00 1.2474604104e+00 8.8378926216e+01
1.3452431496e+00 1.2571071809e+00 8.5135479942e+01
1.3359993467e+00 1.2462431528e+00 8.9189483384e+01
1.3125647529e+00 1.2626959143e+00 8.0094133635e+01
1.3668819049e+00 1.2666062995e+00 8.5413839657e+01
1.2962551578e+00 1.2934124394e+00 7.4857846411e+01
1.3143998274e+00 1.2556286020e+00 8.1608522897e+01
1.3210121213e+00 1.2494521924e+00 8.3877872787e+01
1.2999759934e+00 1.2940626269e+00 7.4990089796e+01
1.3175542398e+00 1.2563980354e+00 8.1767142530e+01
1.3480060557e+00 1.2670476452e+00 8.2655493698e+01
1.3313679956e+00 1.2626706247e+00 8.1847601472e+01
1.3386485985e+00 1.2623887676e+00 8.2700475693e+01
1.3453619377e+00 1.2508631154e+00 8.8853746852e+01
1.3514647255e+00 1.2574537394e+00 8.6197674093e+01
1.3335615403e+00 1.2836844802e+00 7.8375337009e+01
1.3333821043e+00 1.2453686914e+00 8.8596120629e+01
1.2644841528e+00 1.3225620103e+00 7.0625179148e+01
1.3299788862e+00 1.2614368254e+00 8.1969790983e+01
1.3467345461e+00 1.2529900765e+00 8.7436729029e+01
1.2788916734e+00 1.3116499319e+00 7.2189503547e+01
1.2880002983e+00 1.2585270064e+00 7.8810117472e+01
1.3271145499e+00 1.2594947935e+00 8.2093856142e+01
1.3130877732e+00 1.2717745375e+00 7.8663362312e+01
1.3098091443e+00 1.2881654971e+00 7.6236020107e+01
1.3392650157e+00 1.2823674807e+00 7.8988771847e+01
1.3653020248e+00 1.2756600275e+00 8.2566341788e+01
1.3584148665e+00 1.2654117859e+00 8.4441244525e+01
1.3345082084e+00 1.2564704378e+00 8.3718672554e+01
1.3185418734e+00 1.2388566353e+00 8.8014565082e+01
1.3511117024e+00 1.2556167713e+00 8.7077348295e+01
1.3071068231e+00 1.3145256733e+00 7.3251008096e+01
1.3061389439e+00 1.2905234694e+00 7.5738824530e+01
1.2975788347e+00 1.2693990945e+00 7.7901209028e+01
1.3344073608e+00 1.2968839970e+00 7.6651798080e+01
1.3380793409e+00 1.2905766079e+00 7.7711219496e+01
1.2956279970e+00 1.2770161078e+00 7.6751488857e+01
1.3111015489e+00 1.2576193754e+00 8.0892464042e+01
1.3277182215e+00 1.2423102079e+00 8.9189483384e+01
1.3250854862e+00 1.2917220214e+00 7.6726497234e+01
1.3222162539e+00 1.2853881427e+00 7.7365844600e+01
1.3643666632e+00 1.2748362015e+00 8.2655493698e+01
1.3428166375e+00 1.2687306261e+00 8.1727204497e+01
1.3176342600e+00 1.2571902519e+00 8.1608522897e+01
1.3414692535e+00 1.2547557996e+00 8.5342693277e+01
1.2697674559e+00 1.3321451953e+00 7.0079580337e+01
1.3097141815e+00 1.2468140629e+00 8.3118460360e+01
1.3332356865e+00 1.2538104766e+00 8.4324110442e+01
1.3119763674e+00 1.2458573104e+00 8.3666491536e+01
1.3586726069e+00 1.2677878402e+00 8.3771288937e+01
1.3134522504e+00 1.2762153468e+00 7.8038735323e+01
1.3060187606e+00 1.2766603126e+00 7.7471115761e+01
1.3151277058e+00 1.2479299266e+00 8.3512456048e+01
1.3079747049e+00 1.2974400682e+00 7.5056640173e+01
1.3120117798e+00 1.2960306151e+00 7.5439372000e+01
1.3129477537e+00 1.3139517448e+00 7.3592574728e+01
1.3229519785e+00 1.2518725334e+00 8.3461913920e+01
1.3311536758e+00 1.2502157502e+00 8.5203558584e+01
1.3447050764e+00 1.2611475723e+00 8.3771288937e+01
1.3230419299e+00 1.2622571021e+00 8.1112401649e+01
1.3345584145e+00 1.2494305274e+00 8.6197674093e+01
1.3189109141e+00 1.2707566832e+00 7.9262255454e+01
1.2178021482e+00 1.3409019420e+00 6.7466793388e+01
1.2966370486e+00 1.2699051934e+00 7.7765205727e+01
1.3035137174e+00 1.2809118966e+00 7.6751488857e+01
1.2476686211e+00 1.2893048020e+00 7.2780002890e+01
1.3433835299e+00 1.2659730068e+00 8.2391153680e+01
1.3397685274e+00 1.2722169551e+00 8.0748719456e+01
1.2676310564e+00 1.2919435449e+00 7.3511587388e+01
1.2975719733e+00 1.2424400227e+00 8.2745735086e+01
1.3050200329e+00 1.2458539009e+00 8.2791277101e+01
1.3395469670e+00 1.2514316792e+00 8.6374684998e+01
1.2862265203e+00 1.2694315585e+00 7.7132082137e+01
1.3294738173e+00 1.2453506946e+00 8.7077348295e+01
1.3284626003e+00 1.2603310872e+00 8.2052287288e+01
1.2461235159e+00 1.3017075181e+00 7.1581045961e+01
1.3077668528e+00 1.2670576590e+00 7.8988771847e+01
1.3356896040e+00 1.2609728093e+00 8.2700475693e+01
1.3438868852e+00 1.2816955324e+00 7.9448467746e+01
1.3364104909e+00 1.2598145622e+00 8.3070778751e+01
1.3267288094e+00 1.2747461870e+00 7.9231529518e+01
1.3151277058e+00 1.2479299266e+00 8.3512456048e+01
1.3247653570e+00 1.2409055847e+00 8.9189483384e+01
1.3296903933e+00 1.2460064538e+00 8.6757527902e+01
1.3779683805e+00 1.2682735782e+00 8.7077348295e+01
1.2722925000e+00 1.2920716761e+00 7.3735246099e+01
1.2853296034e+00 1.2668488009e+00 7.7418371854e+01
1.2961287567e+00 1.2865503165e+00 7.5622927969e+01
1.3254528586e+00 1.2467552388e+00 8.5486104849e+01
1.3209483912e+00 1.3429186210e+00 7.1328700812e+01
1.3105900016e+00 1.3092876106e+00 7.3941201104e+01
1.3049998350e+00 1.2345780049e+00 8.6560781600e+01
1.3554480280e+00 1.2578522582e+00 8.6966995687e+01
1.3181989435e+00 1.3315649053e+00 7.2189503547e+01
1.2626424442e+00 1.3401455903e+00 6.9190011828e+01
1.3139080877e+00 1.2360963226e+00 8.8596120629e+01
1.3488260156e+00 1.2798299332e+00 8.0161005537e+01
1.3153614621e+00 1.2865511891e+00 7.6776526866e+01
1.3089589858e+00 1.2488746920e+00 8.2522162191e+01
1.3296016910e+00 1.2513312351e+00 8.4560892485e+01
1.3377355577e+00 1.2716209791e+00 8.0677671172e+01
1.3039560759e+00 1.2992696870e+00 7.4639912012e+01
1.2855848053e+00 1.2848795085e+00 7.5213062491e+01
1.3341069097e+00 1.2647426732e+00 8.1687457017e+01
1.3325760242e+00 1.2855470956e+00 7.8038735323e+01
1.3568344879e+00 1.2626044645e+00 8.5135479942e+01
1.2879857136e+00 1.3073646927e+00 7.3013920964e+01
1.3271561530e+00 1.2655709024e+00 8.0856317856e+01
1.3415511728e+00 1.2494274734e+00 8.8378926216e+01
1.3171105635e+00 1.2913698541e+00 7.6284293221e+01
1.3094760710e+00 1.2723298794e+00 7.8318572690e+01
1.3393195209e+00 1.2704751121e+00 8.1038494274e+01
1.2713152805e+00 1.2522161884e+00 7.8518458573e+01
1.2897115518e+00 1.2255930732e+00 8.7568287925e+01
1.2956452350e+00 1.2452351473e+00 8.1888128163e+01
1.3069641738e+00 1.2901356243e+00 7.5832210102e+01
1.3416021897e+00 1.2559350178e+00 8.4936720171e+01
1.3064766262e+00 1.2635518032e+00 7.9448467746e+01
1.3466889111e+00 1.2587258621e+00 8.4808428882e+01
1.3315552002e+00 1.2476319724e+00 8.6374684998e+01
1.3030835137e+00 1.2870210753e+00 7.5973430165e+01
1.3529210998e+00 1.2709055525e+00 8.2305046547e+01
1.2856989498e+00 1.2821504277e+00 7.5530865121e+01
1.3158425820e+00 1.2694564500e+00 7.9231529518e+01
1.3227932437e+00 1.2406998786e+00 8.8187569297e+01
1.3113535017e+00 1.2647795498e+00 7.9637987289e+01
1.3289598419e+00 1.2493546015e+00 8.5135479942e+01
1.3415004548e+00 1.2836429848e+00 7.8958797887e+01
1.3119649008e+00 1.2886348595e+00 7.6308492375e+01
1.3195218878e+00 1.2635937837e+00 8.0537160751e+01
1.2843774455e+00 1.2569371671e+00 7.8780614851e+01
1.3239990688e+00 1.2792266941e+00 7.8346920764e+01
1.2712741172e+00 1.2739496808e+00 7.5646033984e+01
1.3488147473e+00 1.2736953381e+00 8.1299894225e+01
1.2836694472e+00 1.3313842537e+00 7.0711767977e+01
1.2780691161e+00 1.2749790587e+00 7.5926202551e+01
1.3505510544e+00 1.2544258676e+00 8.7707378991e+01
1.3154404584e+00 1.2746641305e+00 7.8403821928e+01
1.3612966256e+00 1.2634078604e+00 8.5634214754e+01
1.3385223551e+00 1.2572653623e+00 8.4041308295e+01
1.3555954032e+00 1.2555136659e+00 8.9189483384e+01
1.3238424351e+00 1.2448784892e+00 8.5946605487e+01
1.3542881063e+00 1.2625194012e+00 8.4745454571e+01
1.3418602621e+00 1.2569893207e+00 8.4621711461e+01
1.3215281335e+00 1.2895809356e+00 7.6776526866e+01
1.3733062105e+00 1.2658966542e+00 8.7192030493e+01
1.3112833425e+00 1.3151771046e+00 7.3390826340e+01
1.3304642222e+00 1.2648861841e+00 8.1299894225e+01
1.3121249091e+00 1.2640081425e+00 7.9830999012e+01
1.3302426492e+00 1.2585510383e+00 8.2655493698e+01
1.3246100846e+00 1.2419321574e+00 8.7855467302e+01
1.3126758707e+00 1.2866112197e+00 7.6602225844e+01
1.3353527291e+00 1.2565000725e+00 8.3824351811e+01
1.3233336127e+00 1.2746410287e+00 7.8988771847e+01
1.3536168284e+00 1.2566159256e+00 8.7192030493e+01
1.3259462070e+00 1.2414674340e+00 8.9189483384e+01
1.2557945696e+00 1.2955141630e+00 7.2587399708e+01
1.3678658259e+00 1.2678198361e+00 8.5135479942e+01
1.3653994940e+00 1.2698466276e+00 8.4096788508e+01
1.3018449340e+00 1.2773422385e+00 7.7106365806e+01
1.3192587232e+00 1.2800283672e+00 7.7901209028e+01
1.2577574378e+00 1.3581731175e+00 6.7737608047e+01
1.3232408077e+00 1.2572556431e+00 8.2177652292e+01
1.2362683292e+00 1.3503410143e+00 6.7496731246e+01
1.3087929012e+00 1.2725765247e+00 7.8233932577e+01
1.2719182263e+00 1.2798253298e+00 7.5012241172e+01
1.3112107908e+00 1.3134936953e+00 7.3552032589e+01
1.3396545108e+00 1.2653224112e+00 8.2135643310e+01
1.3527957820e+00 1.2605045042e+00 8.5203558584e+01
1.2913422512e+00 1.2265593571e+00 8.7436729029e+01
1.3208128577e+00 1.2684177724e+00 7.9798579510e+01
1.2834419110e+00 1.3114712087e+00 7.2415805206e+01
1.3428760053e+00 1.2572861739e+00 8.4683224036e+01
1.2799692663e+00 1.2931108707e+00 7.4024306706e+01
1.3570932054e+00 1.2636618000e+00 8.4808428882e+01
1.3261540454e+00 1.2556519050e+00 8.2883230736e+01
1.3514761651e+00 1.2539386080e+00 8.8596120629e+01
1.3292277614e+00 1.2862643544e+00 7.7711219496e+01
1.3167353484e+00 1.2424039850e+00 8.5559543476e+01
1.2928748539e+00 1.2649588239e+00 7.8205852297e+01
1.2735374650e+00 1.3047769785e+00 7.2568252847e+01
1.3052623241e+00 1.2416995323e+00 8.3931863986e+01
1.2893754330e+00 1.2802171367e+00 7.5973430165e+01
1.2918221253e+00 1.2768987990e+00 7.6528203273e+01
1.3337397591e+00 1.2533064040e+00 8.4560892485e+01
1.3448594357e+00 1.2680025581e+00 8.2093856142e+01
1.3138025849e+00 1.2951158801e+00 7.5646033984e+01
1.3414962568e+00 1.2525423635e+00 8.6285126569e+01
1.3201747658e+00 1.2773624417e+00 7.8346920764e+01
1.3052447484e+00 1.2739424241e+00 7.7792286999e+01
1.2929735622e+00 1.2661657712e+00 7.8038735323e+01
1.3398328836e+00 1.2629551509e+00 8.2700475693e+01
1.2797434667e+00 1.3038088277e+00 7.2955149477e+01
1.3088253657e+00 1.2747269287e+00 7.7928590790e+01
1.3214286060e+00 1.2721728014e+00 7.9231529518e+01
1.3618104103e+00 1.2642110098e+00 8.5413839657e+01
1.3173707523e+00 1.3025068599e+00 7.5012241172e+01
1.2532919538e+00 1.2893254980e+00 7.3053211840e+01
1.3437309312e+00 1.2625596177e+00 8.3263520051e+01
1.3351272833e+00 1.2694118122e+00 8.0856317856e+01
1.3129978057e+00 1.3007407975e+00 7.4967970313e+01
1.3590671899e+00 1.2599331271e+00 8.6757527902e+01
1.3189957509e+00 1.2750428693e+00 7.8605182622e+01
1.2861478667e+00 1.2825730576e+00 7.5507938852e+01
1.3180766628e+00 1.2384515816e+00 8.8187569297e+01
1.3014035802e+00 1.2830220338e+00 7.6357016986e+01
1.3200998964e+00 1.2438287405e+00 8.5634214754e+01
1.2870280805e+00 1.2538523018e+00 7.9479819877e+01
1.3474914587e+00 1.2583611901e+00 8.5068338769e+01
1.3228217995e+00 1.2804039634e+00 7.8094184084e+01
1.2872125034e+00 1.3177644186e+00 7.2021586718e+01
1.3244075721e+00 1.2425703571e+00 8.7311596302e+01
1.3084867303e+00 1.2580555118e+00 8.0572093792e+01
1.3430631367e+00 1.2741828838e+00 8.0677671172e+01
1.2902198425e+00 1.2667435217e+00 7.7765205727e+01
1.2911875731e+00 1.2631654426e+00 7.8346920764e+01
1.2729771772e+00 1.3548004975e+00 6.8522500326e+01
1.3306704034e+00 1.2655546497e+00 8.1186923776e+01
1.2832387417e+00 1.3059918884e+00 7.2916077488e+01
1.2993967150e+00 1.2693242093e+00 7.8038735323e+01
1.3217645085e+00 1.3020621439e+00 7.5303177292e+01
1.3660786393e+00 1.2682884748e+00 8.4683224036e+01
1.3430136464e+00 1.2523367599e+00 8.6757527902e+01
1.3128536925e+00 1.2449799853e+00 8.4041308295e+01
1.3622896899e+00 1.2597815887e+00 8.7855467302e+01
1.3237937381e+00 1.2519031090e+00 8.3563393325e+01
1.3245607159e+00 1.2944396012e+00 7.6357016986e+01
1.2962943803e+00 1.2916254958e+00 7.5056640173e+01
1.2906408306e+00 1.2650172483e+00 7.8038735323e+01
1.2971121346e+00 1.2433340422e+00 8.2478240615e+01
1.3590086880e+00 1.2709648553e+00 8.2976381855e+01
1.3150217946e+00 1.2877662399e+00 7.6602225844e+01
1.2906408306e+00 1.2650172483e+00 7.8038735323e+01
1.3021902923e+00 1.2708898447e+00 7.8011105717e+01
1.3481555797e+00 1.2756710727e+00 8.0856317856e+01
1.3032908171e+00 1.2623801246e+00 7.9386038170e+01
1.3358131356e+00 1.2621615058e+00 8.2434572567e+01
1.3104444285e+00 1.2870927789e+00 7.6405711507e+01
1.2683679414e+00 1.3029682148e+00 7.2491868298e+01
1.3117706049e+00 1.2491099481e+00 8.2791277101e+01
1.3213067764e+00 1.2495934462e+00 8.3877872787e+01
1.3320095146e+00 1.2467412812e+00 8.6966995687e+01
1.2877926998e+00 1.2996903075e+00 7.3755727228e+01
1.2850456839e+00 1.3282546023e+00 7.1026634431e+01
1.3501150255e+00 1.2531107375e+00 8.8853746852e+01
1.3317010629e+00 1.3035450586e+00 7.5692355604e+01
1.3187373400e+00 1.2967547758e+00 7.5738824530e+01
1.3392524383e+00 1.2727330442e+00 8.0607155573e+01
1.3380063157e+00 1.2643440149e+00 8.2177652292e+01
1.3023527459e+00 1.2711634479e+00 7.7983538712e+01
1.2954292643e+00 1.2637100691e+00 7.8576202428e+01
1.2716010350e+00 1.2684109610e+00 7.6332733555e+01
1.3202004495e+00 1.2411154700e+00 8.6966995687e+01
1.3176281679e+00 1.2772849519e+00 7.8177837772e+01
1.2861866403e+00 1.2707767239e+00 7.6953114246e+01
1.2763571804e+00 1.2914921970e+00 7.4003490889e+01
1.3305751744e+00 1.2604034717e+00 8.2262350168e+01
1.3342231951e+00 1.2454003789e+00 8.9189483384e+01
1.2949330653e+00 1.2977939900e+00 7.4318553532e+01
1.3278826558e+00 1.2561062862e+00 8.2976381855e+01
1.3159654776e+00 1.2405627668e+00 8.6197674093e+01
1.2771474726e+00 1.3151424436e+00 7.1800028481e+01
1.2912544783e+00 1.2809536191e+00 7.5997102501e+01
1.3410946075e+00 1.2656338661e+00 8.2219886681e+01
1.3337835058e+00 1.2536995015e+00 8.4441244525e+01
1.3633443991e+00 1.2591656863e+00 8.9189483384e+01
1.3105241122e+00 1.2403498216e+00 8.5203558584e+01
1.3382209118e+00 1.2636917394e+00 8.2347979715e+01
1.3348894708e+00 1.2587119366e+00 8.3166473052e+01
1.3742693361e+00 1.2706523164e+00 8.5203558584e+01
1.3200153028e+00 1.2395592984e+00 8.8014565082e+01
1.2959463822e+00 1.3182305623e+00 7.2377892905e+01
1.3107021136e+00 1.2419111636e+00 8.4683224036e+01
1.3195438456e+00 1.2653184651e+00 8.0228330525e+01
1.3148040895e+00 1.2656923612e+00 7.9766261626e+01
1.3062752451e+00 1.2445986887e+00 8.3263520051e+01
1.3327152130e+00 1.2722617090e+00 8.0127513527e+01
1.2875702719e+00 1.3327460246e+00 7.0763901210e+01
1.3131088884e+00 1.2525620533e+00 8.2135643310e+01
1.3697012226e+00 1.2756605076e+00 8.3070778751e+01
1.3369506405e+00 1.2544650711e+00 8.4683224036e+01
1.2977731558e+00 1.2835962701e+00 7.6068356017e+01
1.3070653065e+00 1.2703765064e+00 7.8432376026e+01
1.3024047977e+00 1.2968822927e+00 7.4814015260e+01
1.3261192450e+00 1.2845516543e+00 7.7738183355e+01
1.3374801496e+00 1.2469454644e+00 8.9189483384e+01
1.3091673709e+00 1.2936206636e+00 7.5553826997e+01
1.2879803084e+00 1.2685479360e+00 7.7365844600e+01
1.3179443580e+00 1.2494692830e+00 8.3461913920e+01
1.3189127446e+00 1.2886916520e+00 7.6726497234e+01
1.3275830272e+00 1.2520405468e+00 8.4041308295e+01
1.3361556212e+00 1.2683834742e+00 8.1149584901e+01
1.3267655044e+00 1.2615912651e+00 8.1608522897e+01
1.3036795069e+00 1.3183917717e+00 7.2722003404e+01
1.3353495913e+00 1.2551920139e+00 8.4209337681e+01
1.2774346468e+00 1.2878006817e+00 7.4446319730e+01
1.3446622720e+00 1.2607525012e+00 8.3877872787e+01
1.3267288627e+00 1.2970977897e+00 7.6163920146e+01
1.3224247748e+00 1.2965755422e+00 7.5973430165e+01
1.2903129442e+00 1.2627352305e+00 7.8346920764e+01
1.3004636976e+00 1.2927005215e+00 7.5168205857e+01
1.2829416707e+00 1.2931913809e+00 7.4170763875e+01
1.2574082258e+00 1.3056494067e+00 7.1745045020e+01
1.3263640589e+00 1.2563150144e+00 8.2745735086e+01
1.3753436924e+00 1.2960257692e+00 7.9574435566e+01
1.3299634797e+00 1.2684486201e+00 8.0572093792e+01
1.3252177692e+00 1.2587711728e+00 8.2052287288e+01
1.3278229218e+00 1.2491826126e+00 8.5002097282e+01
1.2919847934e+00 1.2880752067e+00 7.5213062491e+01
1.3538587963e+00 1.2611949046e+00 8.5135479942e+01
1.3340464450e+00 1.2486326283e+00 8.6466509507e+01
1.3163768461e+00 1.2615012698e+00 8.0642347542e+01
1.3228188475e+00 1.2821580746e+00 7.7846627825e+01
1.2964713925e+00 1.2478835245e+00 8.1414339425e+01
1.3395543066e+00 1.2479287007e+00 8.9189483384e+01
1.2841678590e+00 1.2801963171e+00 7.5669176471e+01
1.2816643992e+00 1.2853135300e+00 7.4945882582e+01
1.2901132157e+00 1.2851474514e+00 7.5439372000e+01
1.3072144577e+00 1.2990760913e+00 7.4835915371e+01
1.2815012111e+00 1.2955043233e+00 7.3858512165e+01
1.2742012733e+00 1.2966989494e+00 7.3370782375e+01
1.3376893648e+00 1.2511043227e+00 8.6112185454e+01
1.3280545321e+00 1.2463338491e+00 8.6197674093e+01
1.3692473738e+00 1.2638014124e+00 8.7311596302e+01
1.3437225980e+00 1.2722079573e+00 8.1112401649e+01
1.3195894347e+00 1.2862632141e+00 7.7080699799e+01
1.3197813451e+00 1.2576604677e+00 8.1727204497e+01
1.3325291906e+00 1.2702588439e+00 8.0467675232e+01
1.3539004039e+00 1.2708040822e+00 8.2434572567e+01
1.2630216694e+00 1.3205306251e+00 7.0729130646e+01
1.3066605584e+00 1.2594460211e+00 8.0161005537e+01
1.3009302011e+00 1.2364772296e+00 8.4936720171e+01
1.2870135439e+00 1.2851945535e+00 7.5258052561e+01
1.3222807686e+00 1.2399059581e+00 8.8853746852e+01
1.3191516379e+00 1.2626543125e+00 8.0677671172e+01
1.3425660213e+00 1.2497238949e+00 8.8596120629e+01
1.2958842117e+00 1.2641256822e+00 7.8547294593e+01
1.3590300608e+00 1.2753370534e+00 8.1969790983e+01
1.3541071106e+00 1.2548113544e+00 8.9189483384e+01
1.3003298838e+00 1.2928343353e+00 7.5145827200e+01
1.3283837886e+00 1.2827252806e+00 7.8149888534e+01
1.2598077278e+00 1.2971556364e+00 7.2625754767e+01
1.3481674387e+00 1.2581231102e+00 8.5272615194e+01
1.3139333491e+00 1.2884169815e+00 7.6454577770e+01
1.2980789937e+00 1.3178515615e+00 7.2510934134e+01
1.3017346209e+00 1.2621940160e+00 7.9293068528e+01
1.3326318351e+00 1.2509204594e+00 8.5203558584e+01
1.2747247561e+00 1.3062081700e+00 7.2491868298e+01
1.3480144812e+00 1.2727405242e+00 8.1414339425e+01
1.2590067340e+00 1.2983917747e+00 7.2472822552e+01
1.3571258434e+00 1.2614358628e+00 8.5634214754e+01
1.3303944475e+00 1.2627697716e+00 8.1727204497e+01
1.3301507230e+00 1.2704490373e+00 8.0228330525e+01
1.3547922932e+00 1.2712291269e+00 8.2434572567e+01
1.3596863101e+00 1.2579982478e+00 8.8378926216e+01
1.2890572618e+00 1.2796636625e+00 7.6020814122e+01
1.3368621476e+00 1.2953078756e+00 7.7004000743e+01
1.3144554317e+00 1.2520868103e+00 8.2391153680e+01
1.2958284354e+00 1.2986474223e+00 7.4276189762e+01
1.2880800310e+00 1.2819483984e+00 7.5692355604e+01
1.2826251854e+00 1.3048578219e+00 7.2994308568e+01
1.2889369372e+00 1.2719436158e+00 7.6978533067e+01
1.3271741775e+00 1.2424183923e+00 8.8596120629e+01
1.2706317852e+00 1.3028844086e+00 7.2606566992e+01
1.2693866976e+00 1.2667187845e+00 7.6405711507e+01
1.3226998187e+00 1.2399223485e+00 8.9189483384e+01
1.3220893965e+00 1.2597165540e+00 8.1530319164e+01
1.3311434731e+00 1.2646442443e+00 8.1414339425e+01
1.3223069596e+00 1.2866115053e+00 7.7209536111e+01
1.3116814477e+00 1.2845436054e+00 7.6801611525e+01
1.3553440855e+00 1.2557649837e+00 8.8596120629e+01
1.3101421097e+00 1.2847710100e+00 7.6676652104e+01
1.3435024422e+00 1.2505361781e+00 8.8187569297e+01
1.2983634851e+00 1.2407802235e+00 8.3263520051e+01
1.3332388831e+00 1.2673608772e+00 8.1075372075e+01
1.3414723921e+00 1.2499433195e+00 8.7855467302e+01
1.3603726078e+00 1.2665268907e+00 8.4382373156e+01
1.3397355569e+00 1.2543030634e+00 8.5203558584e+01
1.3451374039e+00 1.3417004060e+00 7.2491868298e+01
1.3364021769e+00 1.2484601338e+00 8.7192030493e+01
1.3310889730e+00 1.2472254705e+00 8.6466509507e+01
1.2696854029e+00 1.2851026091e+00 7.4318553532e+01
1.3444850571e+00 1.2517399960e+00 8.7568287925e+01
1.3182792406e+00 1.2539288568e+00 8.2391153680e+01
1.3142678133e+00 1.2675381372e+00 7.9417207447e+01
1.3315424845e+00 1.2616217346e+00 8.2093856142e+01
1.2957982819e+00 1.3069897526e+00 7.3430984963e+01
1.2976057977e+00 1.2898772096e+00 7.5325790544e+01
1.2335740730e+00 1.3212139390e+00 6.9466080940e+01
1.3064127092e+00 1.2383766359e+00 8.5203558584e+01
1.3307223606e+00 1.2720656738e+00 7.9994655462e+01
1.3166812919e+00 1.2777945659e+00 7.8038735323e+01
1.3526609342e+00 1.2768733864e+00 8.1038494274e+01
1.3469083087e+00 1.2646389549e+00 8.3118460360e+01
1.3082939713e+00 1.2909931191e+00 7.5808807284e+01
1.3258982358e+00 1.2572174358e+00 8.2478240615e+01
1.3247016494e+00 1.2741479335e+00 7.9170336091e+01
1.3436761592e+00 1.2762014531e+00 8.0364377815e+01
1.2706536865e+00 1.2576447832e+00 7.7684313766e+01
1.2527976083e+00 1.3141803208e+00 7.0816170739e+01
1.2911127771e+00 1.2606307790e+00 7.8721838178e+01
1.3129777800e+00 1.3029527752e+00 7.4726721458e+01
1.3506705138e+00 1.2591241193e+00 8.5342693277e+01
1.3214026330e+00 1.2612764402e+00 8.1149584901e+01
1.2963796887e+00 1.2906664744e+00 7.5168205857e+01
1.3300603731e+00 1.2504360777e+00 8.4936720171e+01
1.3347091787e+00 1.2532106974e+00 8.4745454571e+01
1.3188452894e+00 1.2962084115e+00 7.5808807284e+01
1.2462820186e+00 1.3407641444e+00 6.8522500326e+01
1.3334588486e+00 1.3066235610e+00 7.5439372000e+01
1.3556083251e+00 1.2568154008e+00 8.7707378991e+01
1.3274978036e+00 1.3156637825e+00 7.4149760707e+01
1.2791138793e+00 1.2478842019e+00 7.9830999012e+01
1.3300330387e+00 1.2933547336e+00 7.6826743101e+01
1.2903780130e+00 1.2570184199e+00 7.9231529518e+01
1.2974579210e+00 1.3549483697e+00 6.9433418299e+01
1.2889125408e+00 1.2937665324e+00 7.4424954390e+01
1.3232236654e+00 1.2686291362e+00 7.9961712929e+01
1.3320317733e+00 1.2493376526e+00 8.5710183053e+01
1.3132678298e+00 1.3057324873e+00 7.4446319730e+01
1.3229915148e+00 1.2631810335e+00 8.0928753038e+01
1.3360874793e+00 1.2851062593e+00 7.8346920764e+01
1.3402587525e+00 1.2590283379e+00 8.3771288937e+01
1.3625416578e+00 1.2722649479e+00 8.3070778751e+01
1.3095274612e+00 1.2840739462e+00 7.6726497234e+01
1.3114864594e+00 1.2991844400e+00 7.5056640173e+01
1.2842967629e+00 1.3040600066e+00 7.3151828116e+01
1.2630197007e+00 1.2813352163e+00 7.4361029171e+01
1.3395652001e+00 1.2540362073e+00 8.5272615194e+01
1.3654360902e+00 1.2742065347e+00 8.2929653666e+01
1.3649497307e+00 1.2632670688e+00 8.6466509507e+01
1.2803324391e+00 1.2818542876e+00 7.5258052561e+01
1.2214390057e+00 1.3359595029e+00 6.7935157161e+01
1.2893129701e+00 1.2641701269e+00 7.8066427965e+01
1.3632958883e+00 1.2939571589e+00 7.8988771847e+01
1.3346335527e+00 1.2747229840e+00 7.9863521106e+01
1.3608324300e+00 1.2581678870e+00 8.8853746852e+01
1.2812832291e+00 1.2669824307e+00 7.7132082137e+01
1.3218171964e+00 1.2717842111e+00 7.9323969492e+01
1.3261916976e+00 1.2447085251e+00 8.6560781600e+01
1.3350050311e+00 1.2533517384e+00 8.4745454571e+01
1.3604083851e+00 1.2581533211e+00 8.8596120629e+01
1.3333688907e+00 1.2576097554e+00 8.3263520051e+01
1.2425121548e+00 1.3196745718e+00 6.9945408099e+01
1.3057260613e+00 1.2765164383e+00 7.7471115761e+01
1.3511989536e+00 1.2778961689e+00 8.0713127966e+01
1.2734132381e+00 1.3140697692e+00 7.1726752716e+01
1.3082917753e+00 1.2343256765e+00 8.7707378991e+01
1.3076300341e+00 1.2549921331e+00 8.1075372075e+01
1.2807091160e+00 1.3646526142e+00 6.8119013445e+01
1.3518778800e+00 1.2561645148e+00 8.6966995687e+01
1.3168955063e+00 1.3016661999e+00 7.5078888084e+01
1.2801038664e+00 1.3139347539e+00 7.2040169152e+01
1.3180787856e+00 1.2812083048e+00 7.7657465783e+01
1.3100380449e+00 1.2338824687e+00 8.9189483384e+01
1.3284677041e+00 1.2590153032e+00 8.2347979715e+01
1.2507742083e+00 1.2970568258e+00 7.2208255597e+01
1.2954742428e+00 1.2462746248e+00 8.1647897369e+01
1.3299716186e+00 1.2885900875e+00 7.7444716555e+01
1.3380537876e+00 1.2831399511e+00 7.8780614851e+01
1.3245496083e+00 1.2511472387e+00 8.3877872787e+01
1.3536044031e+00 1.2763691402e+00 8.1224420262e+01
1.3349368779e+00 1.2866956185e+00 7.8038735323e+01
1.2612957292e+00 1.3524428739e+00 6.8257875433e+01
1.3313818948e+00 1.2963957799e+00 7.6528203273e+01
1.3550926671e+00 1.2560164021e+00 8.8187569297e+01
1.3109183019e+00 1.2818087535e+00 7.7106365806e+01
1.3169890540e+00 1.3033272426e+00 7.4901801823e+01
1.2611276059e+00 1.2984469953e+00 7.2568252847e+01
1.3181810949e+00 1.2754203126e+00 7.8489693825e+01
1.2942656268e+00 1.2884134464e+00 7.5303177292e+01
1.2979651193e+00 1.2503005405e+00 8.1075372075e+01
1.3329275407e+00 1.2510614012e+00 8.5203558584e+01
1.3109296168e+00 1.2464688919e+00 8.3361979075e+01
1.3384791355e+00 1.2568712708e+00 8.4152793230e+01
1.3165959565e+00 1.2538683572e+00 8.2219886681e+01
1.3384396499e+00 1.2761756606e+00 7.9928877049e+01
1.3433772439e+00 1.2506613764e+00 8.8014565082e+01
1.3359846796e+00 1.2558681220e+00 8.4096788508e+01
1.3233117941e+00 1.2711640636e+00 7.9542802945e+01
1.3659044617e+00 1.2605559854e+00 8.8853746852e+01
1.3158741291e+00 1.2838504934e+00 7.7157849094e+01
1.3286659855e+00 1.2444141516e+00 8.7436729029e+01
1.3348463413e+00 1.2596295164e+00 8.2929653666e+01
1.3187370373e+00 1.2556513439e+00 8.2052287288e+01
1.3712939292e+00 1.2643917328e+00 8.7568287925e+01
1.3498425235e+00 1.2555722496e+00 8.6757527902e+01
1.2879857136e+00 1.3073646927e+00 7.3013920964e+01
1.3210062358e+00 1.2420513966e+00 8.6657708378e+01
1.3387397902e+00 1.2899161586e+00 7.7846627825e+01
1.3514761651e+00 1.2539386080e+00 8.8596120629e+01
1.3005551164e+00 1.2829971780e+00 7.6308492375e+01
1.3081799384e+00 1.2985485352e+00 7.4945882582e+01
1.3531227853e+00 1.2584244782e+00 8.6112185454e+01
1.3452500757e+00 1.2522871318e+00 8.7436729029e+01
1.3267440908e+00 1.2559349825e+00 8.2883230736e+01
1.3037185190e+00 1.2480250371e+00 8.2135643310e+01
1.3604118378e+00 1.2902327274e+00 7.9354959114e+01
1.2471876850e+00 1.3184832567e+00 7.0231568090e+01
1.3043348363e+00 1.2731069765e+00 7.7846627825e+01
1.2732889237e+00 1.2841095850e+00 7.4618284369e+01
1.2399771478e+00 1.3222095788e+00 6.9646621875e+01
1.3007384689e+00 1.3125618173e+00 7.3132060082e+01
1.3099944958e+00 1.2652661713e+00 7.9448467746e+01
1.3184231860e+00 1.2668758460e+00 7.9863521106e+01
1.3230915082e+00 1.2613341058e+00 8.1299894225e+01
1.3127219150e+00 1.2852527264e+00 7.6776526866e+01
1.2849787839e+00 1.2841779508e+00 7.5258052561e+01
1.3436389125e+00 1.2758000399e+00 8.0433119990e+01
1.3034103206e+00 1.3278810372e+00 7.1855172896e+01
1.3708779081e+00 1.2656869080e+00 8.6657708378e+01
1.2984623203e+00 1.2877102281e+00 7.5622927969e+01
1.3219734023e+00 1.2480550271e+00 8.4441244525e+01
1.2655127849e+00 1.3023365925e+00 7.2415805206e+01
1.3183612611e+00 1.2547188759e+00 8.2219886681e+01
1.2988093170e+00 1.2781962175e+00 7.6801611525e+01
1.3297227847e+00 1.3015685731e+00 7.5808807284e+01
1.3796919159e+00 1.2815288526e+00 8.2791277101e+01
1.3098805743e+00 1.2383850855e+00 8.5866297957e+01
1.2836195313e+00 1.2646461286e+00 7.7603941562e+01
1.2776479900e+00 1.3085245583e+00 7.2415805206e+01
1.2871413552e+00 1.2615589552e+00 7.8290292293e+01
1.3275526457e+00 1.2761108702e+00 7.9079181218e+01
1.3381657044e+00 1.2480068439e+00 8.8187569297e+01
1.3073792725e+00 1.2674452394e+00 7.8899089761e+01
1.3257823262e+00 1.2704427269e+00 7.9863521106e+01
1.3413998116e+00 1.2631392839e+00 8.2837107130e+01
1.3117156674e+00 1.2539552743e+00 8.1687457017e+01
1.2901313372e+00 1.2768465920e+00 7.6430123055e+01
1.3697183980e+00 1.2642092490e+00 8.7192030493e+01
1.2964143587e+00 1.2888846734e+00 7.5371119608e+01
1.3330982205e+00 1.2867793917e+00 7.7901209028e+01
1.3005288350e+00 1.2612224757e+00 7.9354959114e+01
1.3231276355e+00 1.2447217419e+00 8.5866297957e+01
1.2849669918e+00 1.2411642876e+00 8.1647897369e+01
1.3972146367e+00 1.2750379284e+00 8.9189483384e+01
1.3517161068e+00 1.2729883793e+00 8.1727204497e+01
1.3340213996e+00 1.2508409111e+00 8.5486104849e+01
1.3544177416e+00 1.2562531577e+00 8.7707378991e+01
1.3296933851e+00 1.2586633844e+00 8.2566341788e+01
1.3501150255e+00 1.2531107375e+00 8.8853746852e+01
1.3039216730e+00 1.2787574002e+00 7.7055083817e+01
1.3960386816e+00 1.2797472699e+00 8.5634214754e+01
1.3145481340e+00 1.2956846199e+00 7.5622927969e+01
1.3197979589e+00 1.2389061313e+00 8.8596120629e+01
1.3121067482e+00 1.3143536989e+00 7.3511587388e+01
1.2929680203e+00 1.2579059135e+00 7.9293068528e+01
1.3406356589e+00 1.2573389825e+00 8.4324110442e+01
1.2713297631e+00 1.2574022190e+00 7.7765205727e+01
1.3278893045e+00 1.2425750092e+00 8.8853746852e+01
1.3411722773e+00 1.2721280089e+00 8.0892464042e+01
1.3645501935e+00 1.2610322241e+00 8.7707378991e+01
1.2804760599e+00 1.2947846072e+00 7.3879145689e+01
1.2785069984e+00 1.2980622823e+00 7.3451099791e+01
1.3465276342e+00 1.2637051197e+00 8.3312569183e+01
1.3214992415e+00 1.2891716578e+00 7.6826743101e+01
1.2338946416e+00 1.3461653585e+00 6.7692255707e+01
1.2687782220e+00 1.3165208100e+00 7.1310801950e+01
1.3001799674e+00 1.3004197930e+00 7.4318553532e+01
1.3078841982e+00 1.2547379690e+00 8.1149584901e+01
1.3596400390e+00 1.2576059815e+00 8.8853746852e+01
1.2973157761e+00 1.2809986674e+00 7.6357016986e+01
1.3012203027e+00 1.2627083342e+00 7.9170336091e+01
1.3247653570e+00 1.2409055847e+00 8.9189483384e+01
1.3245525569e+00 1.2826138659e+00 7.7901209028e+01
1.3413351188e+00 1.2535780010e+00 8.5787518542e+01
1.3197028311e+00 1.2416130884e+00 8.6560781600e+01
1.3031629127e+00 1.2799527589e+00 7.6851921864e+01
1.3340534170e+00 1.2845082892e+00 7.8290292293e+01
1.3132871836e+00 1.2776914625e+00 7.7819427566e+01
1.2994301428e+00 1.2366753393e+00 8.4621711461e+01
1.3274380957e+00 1.2434621270e+00 8.7707378991e+01
1.3146537605e+00 1.2553746689e+00 8.1687457017e+01
1.2841418136e+00 1.3072738980e+00 7.2838192431e+01
1.3065821739e+00 1.2843964722e+00 7.6503617642e+01
1.2991006569e+00 1.2936263985e+00 7.4990089796e+01
1.3609539562e+00 1.2628726961e+00 8.5787518542e+01
1.3124842202e+00 1.2492670906e+00 8.2837107130e+01
1.2951456082e+00 1.2444322317e+00 8.2010933342e+01
1.2703931493e+00 1.2878757223e+00 7.4066017793e+01
1.3140442675e+00 1.2944361502e+00 7.5738824530e+01
1.3336067702e+00 1.3117549600e+00 7.4879808517e+01
1.3070069644e+00 1.2844087472e+00 7.6528203273e+01
1.3709230455e+00 1.2660813843e+00 8.6466509507e+01
1.3184626440e+00 1.2720789613e+00 7.9018826610e+01
1.3770460781e+00 1.2713968789e+00 8.5413839657e+01
1.2977896964e+00 1.3102526984e+00 7.3211267821e+01
1.3000182277e+00 1.3058344211e+00 7.3755727228e+01
1.3329015260e+00 1.2598255294e+00 8.2655493698e+01
1.2521615056e+00 1.3410027135e+00 6.8726975269e+01
1.3103029308e+00 1.2850474755e+00 7.6651798080e+01
1.2821411719e+00 1.2970460007e+00 7.3735246099e+01
1.3022496342e+00 1.2486242996e+00 8.1847601472e+01
1.3542313295e+00 1.2595072736e+00 8.5866297957e+01
1.3328833306e+00 1.2458674651e+00 8.7855467302e+01
1.2888062998e+00 1.2720742532e+00 7.6953114246e+01
1.3401577950e+00 1.2543180627e+00 8.5272615194e+01
1.2643164329e+00 1.2935172449e+00 7.3191431906e+01
1.3054685103e+00 1.2410587945e+00 8.4152793230e+01
1.2760454731e+00 1.3035781010e+00 7.2799378191e+01
1.3012245312e+00 1.2866953450e+00 7.5902646881e+01
1.3088901970e+00 1.2960867251e+00 7.5258052561e+01
1.3541174872e+00 1.2622515320e+00 8.4808428882e+01
1.2383044179e+00 1.3566087019e+00 6.7154691116e+01
1.3074925596e+00 1.2813011279e+00 7.6953114246e+01
1.3346264109e+00 1.2685993521e+00 8.0965186566e+01
1.2892261317e+00 1.3000044984e+00 7.3796765055e+01
1.3537987690e+00 1.2581867135e+00 8.6374684998e+01
1.2930459527e+00 1.2743676883e+00 7.6927743997e+01
1.2437541896e+00 1.2862784783e+00 7.2877092002e+01
1.3001650291e+00 1.2572334795e+00 7.9994655462e+01
1.2837468350e+00 1.2980591155e+00 7.3714790034e+01
1.3448130196e+00 1.2557867408e+00 8.5559543476e+01
1.3373578062e+00 1.2518728239e+00 8.5710183053e+01
1.2738840923e+00 1.3214663140e+00 7.1114994107e+01
1.3285998383e+00 1.2462246736e+00 8.6374684998e+01
1.3030557524e+00 1.2661009823e+00 7.8780614851e+01
1.3468018989e+00 1.2748305975e+00 8.0892464042e+01
1.3436432990e+00 1.2591447355e+00 8.4209337681e+01
1.2486478264e+00 1.3213806030e+00 7.0062761447e+01
1.2968121176e+00 1.3042252485e+00 7.3755727228e+01
1.2968507920e+00 1.3050618593e+00 7.3673952717e+01
1.3268321034e+00 1.2418888209e+00 8.9189483384e+01
1.2792352288e+00 1.3134918266e+00 7.2040169152e+01
1.3106030596e+00 1.2568105814e+00 8.1001766381e+01
1.3044442717e+00 1.2581778955e+00 8.0194610813e+01
1.2517719800e+00 1.2973630057e+00 7.2227026791e+01
1.2868722959e+00 1.2744436236e+00 7.6528203273e+01
1.3515477843e+00 1.2727177726e+00 8.1767142530e+01
1.3160077188e+00 1.2535848510e+00 8.2219886681e+01
1.2691283278e+00 1.2826152283e+00 7.4553578751e+01
1.3151123427e+00 1.2440269907e+00 8.4683224036e+01
1.2800735666e+00 1.2799363273e+00 7.5462192458e+01
1.3131949960e+00 1.2468148978e+00 8.3563393325e+01
1.3214901360e+00 1.2953173716e+00 7.6068356017e+01
1.3696614985e+00 1.2625085246e+00 8.8596120629e+01
1.2811520190e+00 1.3360940015e+00 7.0231568090e+01
1.3525278201e+00 1.2726156195e+00 8.1888128163e+01
1.3229015462e+00 1.2488705683e+00 8.4324110442e+01
1.3221042945e+00 1.2492318618e+00 8.4096788508e+01
1.2876986185e+00 1.3150894160e+00 7.2283455850e+01
1.3072824915e+00 1.2375068537e+00 8.5710183053e+01
1.3536083998e+00 1.2693405167e+00 8.2745735086e+01
1.3214679050e+00 1.2633944057e+00 8.0748719456e+01
1.2570299021e+00 1.2769061607e+00 7.4510588199e+01
1.2985547718e+00 1.2915498171e+00 7.5190617570e+01
1.3031710676e+00 1.3246066071e+00 7.2133361659e+01
1.2721578173e+00 1.2922063588e+00 7.3714790034e+01
1.2835379049e+00 1.2434601762e+00 8.1038494274e+01
1.2943493519e+00 1.2922599915e+00 7.4879808517e+01
1.3228635128e+00 1.2633090356e+00 8.0892464042e+01
1.3048052686e+00 1.2918571447e+00 7.5507938852e+01
1.3116288152e+00 1.2544777643e+00 8.1569331007e+01
1.3074246378e+00 1.2543266729e+00 8.1186923776e+01
1.2470712794e+00 1.3116328108e+00 7.0781309187e+01
1.2583243400e+00 1.3208628325e+00 7.0504576168e+01
1.2474061069e+00 1.3143452039e+00 7.0573404020e+01
1.3383502459e+00 1.2495696302e+00 8.7077348295e+01
1.3008670016e+00 1.2774474419e+00 7.7029517563e+01
1.3535583766e+00 1.2549220411e+00 8.8596120629e+01
1.3044444195e+00 1.2333970436e+00 8.7077348295e+01
1.3064722767e+00 1.2574563602e+00 8.0502355029e+01
1.3164009211e+00 1.2833237014e+00 7.7261429339e+01
1.3311467161e+00 1.2720790469e+00 8.0027705704e+01
1.3604165417e+00 1.2695570015e+00 8.3512456048e+01
1.2899589280e+00 1.2452787121e+00 8.1299894225e+01
1.3491905007e+00 1.2535975338e+00 8.7855467302e+01
1.2837037233e+00 1.2889403815e+00 7.4661569416e+01
1.3574408378e+00 1.2580512780e+00 8.7436729029e+01
1.3551311968e+00 1.2612378223e+00 8.5342693277e+01
1.2702174306e+00 1.3072243823e+00 7.2189503547e+01
1.2636867705e+00 1.3264178185e+00 7.0282480527e+01
1.2994937962e+00 1.2687913424e+00 7.8122004123e+01
1.2949884746e+00 1.2820170599e+00 7.6092186698e+01
1.3359303331e+00 1.2528633544e+00 8.5068338769e+01
1.2879736876e+00 1.2824906262e+00 7.5622927969e+01
1.3647104062e+00 1.2599940799e+00 8.8853746852e+01
1.3681212373e+00 1.2614130834e+00 8.9189483384e+01
1.3430111366e+00 1.2610901568e+00 8.3563393325e+01
1.3184440840e+00 1.2769063223e+00 7.8290292293e+01
1.2813814394e+00 1.2877752953e+00 7.4661569416e+01
1.3209303193e+00 1.2390795745e+00 8.9189483384e+01
1.2895772584e+00 1.2769649837e+00 7.6381342894e+01
1.3446561961e+00 1.2660147032e+00 8.2522162191e+01
1.2691421690e+00 1.3048101062e+00 7.2358966340e+01
1.3272924058e+00 1.2558232658e+00 8.2976381855e+01
1.2937896472e+00 1.2976260644e+00 7.4276189762e+01
1.2853350180e+00 1.2520724127e+00 7.9637987289e+01
1.3514429990e+00 1.2548475499e+00 8.7707378991e+01
1.2385316595e+00 1.2975738226e+00 7.1599198379e+01
1.2885666510e+00 1.3076584021e+00 7.3013920964e+01
1.2396931128e+00 1.2769098922e+00 7.3592574728e+01
1.3079110281e+00 1.2481821212e+00 8.2566341788e+01
1.3321189978e+00 1.2833731180e+00 7.8318572690e+01
1.3211694138e+00 1.2724319936e+00 7.9170336091e+01
1.3631333035e+00 1.2738711263e+00 8.2745735086e+01
1.3476272925e+00 1.2608531251e+00 8.4266437827e+01
1.2754262270e+00 1.2845836668e+00 7.4683256707e+01
1.2761668168e+00 1.2677536969e+00 7.6701551736e+01
1.3533193246e+00 1.2564753085e+00 8.7192030493e+01
1.3510200060e+00 1.2548326427e+00 8.7568287925e+01
1.3256680145e+00 1.2723066268e+00 7.9542802945e+01
1.2857218403e+00 1.2647173194e+00 7.7738183355e+01
1.2832716703e+00 1.3068329187e+00 7.2838192431e+01
1.2710475196e+00 1.3313028110e+00 7.0197696285e+01
1.3276129499e+00 1.2751750845e+00 7.9231529518e+01
1.3274129185e+00 1.2744997328e+00 7.9323969492e+01
1.3243613361e+00 1.2421809059e+00 8.7568287925e+01
1.2893299575e+00 1.3169605915e+00 7.2189503547e+01
1.3066324433e+00 1.2533774505e+00 8.1299894225e+01
1.3262197290e+00 1.2958515497e+00 7.6284293221e+01
1.2945841842e+00 1.2723937450e+00 7.7287454070e+01
1.2978060981e+00 1.2687361440e+00 7.8011105717e+01
1.2940507023e+00 1.2999879180e+00 7.4045148973e+01
1.3351291878e+00 1.2637203950e+00 8.2010933342e+01
1.2531315038e+00 1.2799369645e+00 7.3982701417e+01
1.3237474743e+00 1.2502048008e+00 8.4041308295e+01
1.3210862081e+00 1.2581009645e+00 8.1767142530e+01
1.3189695015e+00 1.2593449420e+00 8.1299894225e+01
1.3453415774e+00 1.2789239796e+00 8.0027705704e+01
1.3553440855e+00 1.2557649837e+00 8.8596120629e+01
1.3565851723e+00 1.2641698331e+00 8.4560892485e+01
1.3004502001e+00 1.3001495603e+00 7.4361029171e+01
1.3072824915e+00 1.2375068537e+00 8.5710183053e+01
1.3162569424e+00 1.2852180539e+00 7.7004000743e+01
1.3315488654e+00 1.2537501667e+00 8.4096788508e+01
1.2768093028e+00 1.3049966476e+00 7.2702712145e+01
1.2879626070e+00 1.2973364250e+00 7.4003490889e+01
1.2813253169e+00 1.2638984810e+00 7.7550643872e+01
1.3474079256e+00 1.2527542536e+00 8.7855467302e+01
1.2789540754e+00 1.3185831321e+00 7.1581045961e+01
1.3239990688e+00 1.2792266941e+00 7.8346920764e+01
1.3357750308e+00 1.2565148854e+00 8.3877872787e+01
1.3472488003e+00 1.2537885658e+00 8.7077348295e+01
1.3228952550e+00 1.2475690587e+00 8.4745454571e+01
1.3408855177e+00 1.2649671311e+00 8.2347979715e+01
1.3594678315e+00 1.2573396761e+00 8.9189483384e+01
1.3611253055e+00 1.2631402514e+00 8.5710183053e+01
1.3294115175e+00 1.2641898899e+00 8.1337875892e+01
1.3303000788e+00 1.2440883024e+00 8.8378926216e+01
1.2922464586e+00 1.2926158522e+00 7.4726721458e+01
1.3472363219e+00 1.2524883006e+00 8.8014565082e+01
1.3204180688e+00 1.2920056570e+00 7.6405711507e+01
1.3024289934e+00 1.3056134014e+00 7.3899804954e+01
1.3031062457e+00 1.2373399311e+00 8.5002097282e+01
1.3356124396e+00 1.2715539833e+00 8.0502355029e+01
1.3325808039e+00 1.2649564036e+00 8.1491484890e+01
1.3138914766e+00 1.2430718876e+00 8.4808428882e+01
1.2961483712e+00 1.2708295580e+00 7.7603941562e+01
1.3013949102e+00 1.2647116694e+00 7.8869354308e+01
1.3327712992e+00 1.2958846495e+00 7.6676652104e+01
1.3126031543e+00 1.2452305235e+00 8.3931863986e+01
1.3645104072e+00 1.2790911589e+00 8.1727204497e+01
1.3124623380e+00 1.2558228006e+00 8.1376023555e+01
1.3203151491e+00 1.2947385518e+00 7.6068356017e+01
1.3054050579e+00 1.2947571212e+00 7.5213062491e+01
1.2973704420e+00 1.2513298684e+00 8.0820312794e+01
1.3066829985e+00 1.2324607101e+00 8.8853746852e+01
1.3099897215e+00 1.2417538346e+00 8.4621711461e+01
1.3444389309e+00 1.2513487866e+00 8.7855467302e+01
1.3448130196e+00 1.2557867408e+00 8.5559543476e+01
1.3672186870e+00 1.2658300991e+00 8.5787518542e+01
1.2828174375e+00 1.3099096179e+00 7.2530020127e+01
1.3303271860e+00 1.2466783485e+00 8.6560781600e+01
1.3225246891e+00 1.2820144063e+00 7.7846627825e+01
1.3861004472e+00 1.2711526000e+00 8.7707378991e+01
1.3455456233e+00 1.2585556701e+00 8.4683224036e+01
1.2626424442e+00 1.3401455903e+00 6.9190011828e+01
1.3092796650e+00 1.2716532611e+00 7.8403821928e+01
1.3310184906e+00 1.2892978059e+00 7.7418371854e+01
1.3308374713e+00 1.2658249420e+00 8.1149584901e+01
1.3040881467e+00 1.2315834020e+00 8.8378926216e+01
1.3395325556e+00 1.2641309604e+00 8.2391153680e+01
1.2824818622e+00 1.2718711535e+00 7.6577507130e+01
1.3197501848e+00 1.2790993981e+00 7.8066427965e+01
1.3322287389e+00 1.2574388583e+00 8.3166473052e+01
1.3890437963e+00 1.2810011926e+00 8.4096788508e+01
1.3038952104e+00 1.3129122972e+00 7.3251008096e+01
1.3105537373e+00 1.2481503529e+00 8.2883230736e+01
1.3578925424e+00 1.2619850698e+00 8.5559543476e+01
1.3352506608e+00 1.2469918388e+00 8.7855467302e+01
1.3195201662e+00 1.2448440099e+00 8.5135479942e+01
1.3243848087e+00 1.2534933072e+00 8.3214823856e+01
1.3176382546e+00 1.3198058133e+00 7.3251008096e+01
1.3218220543e+00 1.2897252093e+00 7.6776526866e+01
1.2921552995e+00 1.2817969757e+00 7.5949796914e+01
1.3330998182e+00 1.2986308601e+00 7.6357016986e+01
1.3239782243e+00 1.2691859948e+00 7.9928877049e+01
1.2904295612e+00 1.2857034903e+00 7.5393835738e+01
1.2899194177e+00 1.2940695243e+00 7.4446319730e+01
1.3298039948e+00 1.2624859214e+00 8.1727204497e+01
1.3484826260e+00 1.2547431369e+00 8.6860516083e+01
1.2641841671e+00 1.2515532264e+00 7.8094184084e+01
1.3154263627e+00 1.2371869145e+00 8.8187569297e+01
1.3682988324e+00 1.2717835772e+00 8.3931863986e+01
1.3408579643e+00 1.2518690911e+00 8.6466509507e+01
1.3000587694e+00 1.2291067498e+00 8.9189483384e+01
1.2917207406e+00 1.2595879920e+00 7.8928904074e+01
1.2956527786e+00 1.2953258675e+00 7.4618284369e+01
1.3043363078e+00 1.3067727614e+00 7.3879145689e+01
1.2949493621e+00 1.2698503778e+00 7.7657465783e+01
1.3164190730e+00 1.2938136810e+00 7.5949796914e+01
1.3039515106e+00 1.2791641610e+00 7.7004000743e+01
1.3126834727e+00 1.2386252599e+00 8.6374684998e+01
1.2899231192e+00 1.2997444780e+00 7.3858512165e+01
1.3431500021e+00 1.2881413557e+00 7.8403821928e+01
1.2635901545e+00 1.2898929426e+00 7.3511587388e+01
1.3405957419e+00 1.2582538410e+00 8.4041308295e+01
1.3696904980e+00 1.2664347288e+00 8.6028533830e+01
1.3182754736e+00 1.2412991277e+00 8.6374684998e+01
1.3004414105e+00 1.3027843525e+00 7.4086913271e+01
1.2675728201e+00 1.2906960515e+00 7.3633214528e+01
1.3026386554e+00 1.2748031574e+00 7.7497569815e+01
1.3157483207e+00 1.2699874572e+00 7.9139867144e+01
1.3009121871e+00 1.2800207389e+00 7.6701551736e+01
1.2925836313e+00 1.2582903025e+00 7.9200889974e+01
1.3084821931e+00 1.2672146539e+00 7.9018826610e+01
1.3156731543e+00 1.2478199681e+00 8.3614735208e+01
1.2982383587e+00 1.2800760848e+00 7.6528203273e+01
1.2860655410e+00 1.2769920914e+00 7.6163920146e+01
1.3223606875e+00 1.2555174284e+00 8.2478240615e+01
1.3171976503e+00 1.2807769911e+00 7.7657465783e+01
1.3284754738e+00 1.2857014708e+00 7.7738183355e+01
1.3126263028e+00 1.2417267129e+00 8.5068338769e+01
1.3227604763e+00 1.3155629411e+00 7.3920490059e+01
1.2950964493e+00 1.2836543464e+00 7.5902646881e+01
1.3181469797e+00 1.2802651202e+00 7.7792286999e+01
1.2803209254e+00 1.2945035864e+00 7.3899804954e+01
1.3237265644e+00 1.2847538532e+00 7.7550643872e+01
1.3231804297e+00 1.2778569364e+00 7.8489693825e+01
1.2949287379e+00 1.3034833620e+00 7.3735246099e+01
1.3018352349e+00 1.2873953952e+00 7.5855650848e+01
1.3126466843e+00 1.2591254302e+00 8.0748719456e+01
1.3142907077e+00 1.2404973043e+00 8.5866297957e+01
1.3209461296e+00 1.2403697899e+00 8.7707378991e+01
1.3062417751e+00 1.2921703247e+00 7.5553826997e+01
1.3336182237e+00 1.2547385458e+00 8.4096788508e+01
1.3054231568e+00 1.2659129994e+00 7.8988771847e+01
1.3267712644e+00 1.2659557910e+00 8.0748719456e+01
1.3138918250e+00 1.2696604694e+00 7.9048962842e+01
1.3236468020e+00 1.2420241397e+00 8.7436729029e+01
1.3444266982e+00 1.2548603922e+00 8.5866297957e+01
1.3213532775e+00 1.2525989977e+00 8.3070778751e+01
1.3224324084e+00 1.2676721806e+00 8.0060864731e+01
1.3303751941e+00 1.2654125234e+00 8.1186923776e+01
1.3389849888e+00 1.2699334761e+00 8.1112401649e+01
1.3299602193e+00 1.2903560772e+00 7.7209536111e+01
1.2740658541e+00 1.2968343686e+00 7.3350761860e+01
1.3587124793e+00 1.2580950283e+00 8.7855467302e+01
1.2931944313e+00 1.2707342056e+00 7.7418371854e+01
1.3239966350e+00 1.2678561667e+00 8.0161005537e+01
1.3340862191e+00 1.2590780000e+00 8.2976381855e+01
1.3337053131e+00 1.2594589061e+00 8.2837107130e+01
1.3131635297e+00 1.3093465557e+00 7.4066017793e+01
1.2798414625e+00 1.3102631264e+00 7.2358966340e+01
1.3608844672e+00 1.2699675947e+00 8.3461913920e+01
1.3367806619e+00 1.2541979842e+00 8.4745454571e+01
1.2911594682e+00 1.2662390404e+00 7.7901209028e+01
1.3416104821e+00 1.2511165733e+00 8.7077348295e+01
1.3059766389e+00 1.2858761628e+00 7.6284293221e+01
1.3294897132e+00 1.2649861445e+00 8.1186923776e+01
1.3082306181e+00 1.3076999371e+00 7.3982701417e+01
1.3361282074e+00 1.2710382154e+00 8.0642347542e+01
1.3284748840e+00 1.2463496278e+00 8.6285126569e+01
1.3113328883e+00 1.2761501190e+00 7.7901209028e+01
1.3067374493e+00 1.2476155665e+00 8.2566341788e+01
1.3199479305e+00 1.2461586491e+00 8.4745454571e+01
1.3032846378e+00 1.3056338272e+00 7.3941201104e+01
1.3348473405e+00 1.2583168786e+00 8.3263520051e+01
1.2978166985e+00 1.2530572353e+00 8.0537160751e+01
1.3274464142e+00 1.2495591203e+00 8.4808428882e+01
1.3169143596e+00 1.2439661934e+00 8.5002097282e+01
1.3516715490e+00 1.2568088687e+00 8.6560781600e+01
1.2905379435e+00 1.2978188261e+00 7.4086913271e+01
1.3297364188e+00 1.2752405032e+00 7.9386038170e+01
1.3229831393e+00 1.2771790399e+00 7.8576202428e+01
1.3360571815e+00 1.2732993552e+00 8.0228330525e+01
1.2886995071e+00 1.2979098363e+00 7.3982701417e+01
1.3068262306e+00 1.2627663391e+00 7.9606163389e+01
1.3322453402e+00 1.2451964727e+00 8.8187569297e+01
1.3038090558e+00 1.2544598158e+00 8.0820312794e+01
1.3031271940e+00 1.2922232123e+00 7.5371119608e+01
1.3331105096e+00 1.2674892508e+00 8.1038494274e+01
1.3086460735e+00 1.2539760937e+00 8.1376023555e+01
1.2896893174e+00 1.2851351944e+00 7.5416586482e+01
1.3441746478e+00 1.2503012099e+00 8.8853746852e+01
1.2661177436e+00 1.3126330521e+00 7.1526692018e+01
1.2988871357e+00 1.2877222077e+00 7.5646033984e+01
1.2970574337e+00 1.2664356887e+00 7.8290292293e+01
1.3205291957e+00 1.2595308044e+00 8.1414339425e+01
1.3245216051e+00 1.2787041579e+00 7.8460999819e+01
1.3283808232e+00 1.2844811706e+00 7.7901209028e+01
1.3444089717e+00 1.2623195019e+00 8.3411757846e+01
1.2606319270e+00 1.3404054391e+00 6.9093407911e+01
1.3862537909e+00 1.2762899899e+00 8.5203558584e+01
1.3463362765e+00 1.2924268523e+00 7.8011105717e+01
1.3334654190e+00 1.2496502525e+00 8.5866297957e+01
1.3229015462e+00 1.2488705683e+00 8.4324110442e+01
1.3201624317e+00 1.2629532398e+00 8.0713127966e+01
1.2653671255e+00 1.3064049890e+00 7.2040169152e+01
1.3513093095e+00 1.3037403010e+00 7.6826743101e+01
1.3181153539e+00 1.2606354418e+00 8.0965186566e+01
1.3471978304e+00 1.2674174801e+00 8.2478240615e+01
1.3443640298e+00 1.2908820918e+00 7.8094184084e+01
1.3494090175e+00 1.2617000517e+00 8.4266437827e+01
1.3409971250e+00 1.2810741537e+00 7.9323969492e+01
1.3341286653e+00 1.2568499809e+00 8.3563393325e+01
1.3047583252e+00 1.2713747263e+00 7.8122004123e+01
1.2925157396e+00 1.2431558091e+00 8.2010933342e+01
1.3234110688e+00 1.2435668604e+00 8.6466509507e+01
1.3250760002e+00 1.2423376408e+00 8.7707378991e+01
1.3503761908e+00 1.2752062269e+00 8.1149584901e+01
1.3161390106e+00 1.2373440865e+00 8.8378926216e+01
1.3548070885e+00 1.2571783940e+00 8.7192030493e+01
1.3089929657e+00 1.2518875873e+00 8.1847601472e+01
1.3195437350e+00 1.2526643624e+00 8.2837107130e+01
1.3381360182e+00 1.2699063767e+00 8.1038494274e+01
1.3611824812e+00 1.2784601437e+00 8.1530319164e+01
1.3569870428e+00 1.2747436355e+00 8.1888128163e+01
1.3550129843e+00 1.2565342793e+00 8.7707378991e+01
1.3300603731e+00 1.2504360777e+00 8.4936720171e+01
1.2649304732e+00 1.2981271592e+00 7.2780002890e+01
1.3384791355e+00 1.2568712708e+00 8.4152793230e+01
1.2876936776e+00 1.2666593381e+00 7.7603941562e+01
1.2686428314e+00 1.3114171687e+00 7.1745045020e+01
1.3695351269e+00 1.2626348962e+00 8.8378926216e+01
1.3144703936e+00 1.2577377038e+00 8.1186923776e+01
1.3607642694e+00 1.2599907360e+00 8.7192030493e+01
1.3546832317e+00 1.2849593932e+00 7.9766261626e+01
1.3136284235e+00 1.2821592939e+00 7.7235456792e+01
1.3442574739e+00 1.2931865940e+00 7.7765205727e+01
1.2991806319e+00 1.2856816788e+00 7.5902646881e+01
1.2761599155e+00 1.2903823266e+00 7.4107835512e+01
1.3317711218e+00 1.2482888783e+00 8.6112185454e+01
1.3513477291e+00 1.2707235495e+00 8.2177652292e+01
1.3685847990e+00 1.2666613226e+00 8.5710183053e+01
1.3221067124e+00 1.2431286162e+00 8.6374684998e+01
1.3318248702e+00 1.2749036035e+00 7.9606163389e+01
1.3502313316e+00 1.2722787538e+00 8.1727204497e+01
1.3498608451e+00 1.2581815497e+00 8.5559543476e+01
1.3227598487e+00 1.2651600274e+00 8.0537160751e+01
1.3192851844e+00 1.2821898120e+00 7.7603941562e+01
1.3040340002e+00 1.2843227693e+00 7.6357016986e+01
1.2531566543e+00 1.2777432614e+00 7.4212851892e+01
1.3211944905e+00 1.2401214290e+00 8.8014565082e+01
1.2800105549e+00 1.2939417203e+00 7.3941201104e+01
1.2976534583e+00 1.2619211430e+00 7.9018826610e+01
1.3018913488e+00 1.2799146016e+00 7.6776526866e+01
1.3077411155e+00 1.2683919360e+00 7.8780614851e+01
1.3082917753e+00 1.2343256765e+00 8.7707378991e+01
1.3294759094e+00 1.2514570167e+00 8.4500744095e+01
1.3300822873e+00 1.2434339065e+00 8.9189483384e+01
1.3535464363e+00 1.2584390462e+00 8.6197674093e+01
1.3260387504e+00 1.2627549371e+00 8.1299894225e+01
1.3222991980e+00 1.2647469651e+00 8.0572093792e+01
1.2919150501e+00 1.3060595913e+00 7.3330764710e+01
1.3042045211e+00 1.2732372917e+00 7.7819427566e+01
1.3028064010e+00 1.3017326945e+00 7.4318553532e+01
1.3494090175e+00 1.2617000517e+00 8.4266437827e+01
1.3436887846e+00 1.2621638642e+00 8.3361979075e+01
1.3128954200e+00 1.2728403579e+00 7.8489693825e+01
1.3005869381e+00 1.2855856102e+00 7.5997102501e+01
1.3362954581e+00 1.2463836152e+00 8.9189483384e+01
1.3367470176e+00 1.2686677556e+00 8.1149584901e+01
1.3481736150e+00 1.2533013814e+00 8.7707378991e+01
1.3246430196e+00 1.2628399877e+00 8.1149584901e+01
1.2970672975e+00 1.3175480130e+00 7.2491868298e+01
1.3310790190e+00 1.2520366526e+00 8.4560892485e+01
1.3285646229e+00 1.2715975562e+00 7.9896146783e+01
1.3440671568e+00 1.2644132608e+00 8.2837107130e+01
1.3749454018e+00 1.2690961688e+00 8.5946605487e+01
1.3589235009e+00 1.2649031514e+00 8.4683224036e+01
1.3192921582e+00 1.2612042925e+00 8.0965186566e+01
1.3050097307e+00 1.2676343741e+00 7.8692562936e+01
1.3254673764e+00 1.2834510886e+00 7.7846627825e+01
1.2719792217e+00 1.3264328781e+00 7.0625179148e+01
1.3578646909e+00 1.2580658644e+00 8.7568287925e+01
1.3368865180e+00 1.2672147754e+00 8.1452825766e+01
1.3361282074e+00 1.2710382154e+00 8.0642347542e+01
1.2885572513e+00 1.2553632624e+00 7.9354959114e+01
1.2791516192e+00 1.2882620218e+00 7.4489136515e+01
1.2950494417e+00 1.3094896538e+00 7.3151828116e+01
1.3018955396e+00 1.3206145458e+00 7.2434791071e+01
1.3423701746e+00 1.2713684285e+00 8.1149584901e+01
1.2520197145e+00 1.3332793175e+00 6.9287046219e+01
1.3332600765e+00 1.2647145649e+00 8.1608522897e+01
1.3801367946e+00 1.2674256899e+00 8.8596120629e+01
1.2801111765e+00 1.2960218750e+00 7.3735246099e+01
1.2915995608e+00 1.2819166330e+00 7.5902646881e+01
1.3212689895e+00 1.2531193917e+00 8.2929653666e+01
1.3613509140e+00 1.2787314956e+00 8.1491484890e+01
1.3571258434e+00 1.2614358628e+00 8.5634214754e+01
1.3214255257e+00 1.2420675967e+00 8.6757527902e+01
1.3001069612e+00 1.2729731758e+00 7.7577264583e+01
1.3442196240e+00 1.2555049986e+00 8.5559543476e+01
1.2800802964e+00 1.2847194436e+00 7.4923826465e+01
1.2552511464e+00 1.2891037706e+00 7.3171618697e+01
1.3278456368e+00 1.2714414536e+00 7.9863521106e+01
1.3087909660e+00 1.2459970461e+00 8.3214823856e+01
1.2829838757e+00 1.2940216588e+00 7.4086913271e+01
1.3418069387e+00 1.2758776192e+00 8.0262165861e+01
1.3054488771e+00 1.2885897432e+00 7.5926202551e+01
1.3174348912e+00 1.2473648488e+00 8.3986338075e+01
1.3023081587e+00 1.2760062848e+00 7.7313531307e+01
1.3754280680e+00 1.2734551619e+00 8.4441244525e+01
1.3419005603e+00 1.2867553884e+00 7.8518458573e+01
1.3402061664e+00 1.2652086067e+00 8.2219886681e+01
1.3259746647e+00 1.2741875145e+00 7.9262255454e+01
1.3341291257e+00 1.2581607905e+00 8.3214823856e+01
1.3555927760e+00 1.2603377793e+00 8.5787518542e+01
1.2876891466e+00 1.2684040026e+00 7.7365844600e+01
1.3284677041e+00 1.2590153032e+00 8.2347979715e+01
1.3565767324e+00 1.2720792164e+00 8.2434572567e+01
1.3054325630e+00 1.2497904701e+00 8.1928856974e+01
1.2821916138e+00 1.3083499915e+00 7.2644963102e+01
1.2735743126e+00 1.3099779818e+00 7.2096028356e+01
1.3478628628e+00 1.2566762327e+00 8.5787518542e+01
1.3277094233e+00 1.2584631251e+00 8.2391153680e+01
1.3099828411e+00 1.2683316024e+00 7.8958797887e+01
1.3053751491e+00 1.2738120234e+00 7.7819427566e+01
1.3538095256e+00 1.2546708920e+00 8.9189483384e+01
1.3229756445e+00 1.2841907784e+00 7.7577264583e+01
1.3545227598e+00 1.2816024670e+00 8.0330188264e+01
1.2911491789e+00 1.2836753330e+00 7.5669176471e+01
1.3136170061e+00 1.2481343046e+00 8.3263520051e+01
1.3183661740e+00 1.2507905607e+00 8.3166473052e+01
1.3086349937e+00 1.2657533875e+00 7.9262255454e+01
1.3369182020e+00 1.2593068511e+00 8.3263520051e+01
1.3299910786e+00 1.2548712321e+00 8.3563393325e+01
1.3402958357e+00 1.2568039624e+00 8.4441244525e+01
1.3366300343e+00 1.2674712591e+00 8.1376023555e+01
1.2677465928e+00 1.2805190670e+00 7.4704974011e+01
1.2856582773e+00 1.2556563353e+00 7.9079181218e+01
1.3564409675e+00 1.2603665401e+00 8.5946605487e+01
1.3305625843e+00 1.2499338665e+00 8.5203558584e+01
1.3050437632e+00 1.2680363738e+00 7.8634235730e+01
1.3056161592e+00 1.2587480169e+00 8.0194610813e+01
1.3417829561e+00 1.2601296952e+00 8.3666491536e+01
1.3475912515e+00 1.2885339753e+00 7.8663362312e+01
1.3285899136e+00 1.2602037739e+00 8.2093856142e+01
1.3383958626e+00 1.2573918549e+00 8.3986338075e+01
1.3194202444e+00 1.2427664823e+00 8.5946605487e+01
1.3136857823e+00 1.2437127264e+00 8.4560892485e+01
1.2980933105e+00 1.2723710032e+00 7.7524079068e+01
1.3129203290e+00 1.2418676831e+00 8.5068338769e+01
1.3366382082e+00 1.2469140862e+00 8.8596120629e+01
1.3535521238e+00 1.2772999381e+00 8.1038494274e+01
1.3120097534e+00 1.2706693198e+00 7.8751188620e+01
1.3682135714e+00 1.2621992189e+00 8.8187569297e+01
1.3577716533e+00 1.2981592587e+00 7.7983538712e+01
1.2938917501e+00 1.2604612656e+00 7.8958797887e+01
1.3080992450e+00 1.2780733034e+00 7.7418371854e+01
1.2598077278e+00 1.2971556364e+00 7.2625754767e+01
1.3409971250e+00 1.2810741537e+00 7.9323969492e+01
1.3954083922e+00 1.2741951545e+00 8.9189483384e+01
1.3692473738e+00 1.2638014124e+00 8.7311596302e+01
1.3184455617e+00 1.2415643321e+00 8.6285126569e+01
1.3203800570e+00 1.2622990162e+00 8.0856317856e+01
1.3307917275e+00 1.2545073045e+00 8.3771288937e+01
1.3267364215e+00 1.2507053913e+00 8.4324110442e+01
1.3135916647e+00 1.2940127319e+00 7.5762114683e+01
1.2785442969e+00 1.2849488254e+00 7.4814015260e+01
1.3334671455e+00 1.2653824374e+00 8.1491484890e+01
1.2789395735e+00 1.2754134422e+00 7.5926202551e+01
1.2888955558e+00 1.2990243203e+00 7.3879145689e+01
1.3391138622e+00 1.2501167678e+00 8.6966995687e+01
1.2626434284e+00 1.3414578651e+00 6.9093407911e+01
1.3450021309e+00 1.2626022657e+00 8.3411757846e+01
1.3259626526e+00 1.2724494472e+00 7.9542802945e+01
1.3364116484e+00 1.2821500577e+00 7.8810117472e+01
1.2821023013e+00 1.2992671246e+00 7.3511587388e+01
1.2524806097e+00 1.3066587237e+00 7.1436443467e+01
1.3221522547e+00 1.2435186870e+00 8.6197674093e+01
1.3129690253e+00 1.2867555972e+00 7.6602225844e+01
1.3354810149e+00 1.2589948429e+00 8.3166473052e+01
1.2843522859e+00 1.2582651660e+00 7.8576202428e+01
1.2956971263e+00 1.2799997208e+00 7.6381342894e+01
1.3424727859e+00 1.2769661664e+00 8.0127513527e+01
1.2884248268e+00 1.2707145066e+00 7.7106365806e+01
1.3036739274e+00 1.2489393497e+00 8.1928856974e+01
1.3220325502e+00 1.2401541764e+00 8.8378926216e+01
1.3335798359e+00 1.2569617694e+00 8.3461913920e+01
1.2870135439e+00 1.2851945535e+00 7.5258052561e+01
1.3078371418e+00 1.2783354065e+00 7.7365844600e+01
1.3378948362e+00 1.2504619333e+00 8.6466509507e+01
1.3438454266e+00 1.2510676931e+00 8.7855467302e+01
1.3277428122e+00 1.2750452223e+00 7.9262255454e+01
1.3068620181e+00 1.2448815380e+00 8.3263520051e+01
1.3103730655e+00 1.2801685397e+00 7.7287454070e+01
1.3071480350e+00 1.2572161411e+00 8.0607155573e+01
1.2942485434e+00 1.2836295724e+00 7.5855650848e+01
1.3233114871e+00 1.2812276084e+00 7.8011105717e+01
1.3060227672e+00 1.2487652449e+00 8.2219886681e+01
1.2950801709e+00 1.2902188611e+00 7.5145827200e+01
1.2629669846e+00 1.2627309311e+00 7.6503617642e+01
1.3343442482e+00 1.2811478677e+00 7.8810117472e+01
1.2887316857e+00 1.2904554869e+00 7.4770307295e+01
1.2952856254e+00 1.2542840603e+00 8.0094133635e+01
1.2617986388e+00 1.2821218748e+00 7.4212851892e+01
1.3199253112e+00 1.2850516108e+00 7.7261429339e+01
1.3351257923e+00 1.2471167072e+00 8.7707378991e+01
1.3146866052e+00 1.2793520151e+00 7.7684313766e+01
1.3461172726e+00 1.2549200935e+00 8.6197674093e+01
1.3101543438e+00 1.2703421070e+00 7.8663362312e+01
1.3451292883e+00 1.2624751083e+00 8.3461913920e+01
1.3752577193e+00 1.2745061295e+00 8.4096788508e+01
1.3208934734e+00 1.2906537902e+00 7.6602225844e+01
1.3493951150e+00 1.2862905470e+00 7.9139867144e+01
1.2864255242e+00 1.2548890884e+00 7.9262255454e+01
1.3146852503e+00 1.2723609127e+00 7.8692562936e+01
1.3061184555e+00 1.2761240441e+00 7.7550643872e+01
1.2989031187e+00 1.2471896591e+00 8.1807273904e+01
1.3145084826e+00 1.2825913156e+00 7.7235456792e+01
1.3115579257e+00 1.3149025214e+00 7.3430984963e+01
1.2578214239e+00 1.2570504575e+00 7.6902422036e+01
1.3033781029e+00 1.2314256534e+00 8.8187569297e+01
1.3491136231e+00 1.2655016874e+00 8.3166473052e+01
1.2827011409e+00 1.3257792768e+00 7.1132713879e+01
1.3017013130e+00 1.2792316130e+00 7.6851921864e+01
1.3555205138e+00 1.2700619039e+00 8.2791277101e+01
1.2897336492e+00 1.2641843949e+00 7.8094184084e+01
1.2789438273e+00 1.2845492951e+00 7.4879808517e+01
1.3047107254e+00 1.2950138971e+00 7.5145827200e+01
1.3549660717e+00 1.2622799488e+00 8.4936720171e+01
1.3216708560e+00 1.2749915573e+00 7.8810117472e+01
1.3168049420e+00 1.2371131021e+00 8.9189483384e+01
1.3356786390e+00 1.2531150485e+00 8.4936720171e+01
1.2577062091e+00 1.3114505255e+00 7.1257204261e+01
1.3338190650e+00 1.2632807332e+00 8.1969790983e+01
1.3301896723e+00 1.2455071747e+00 8.7192030493e+01
1.3033115459e+00 1.2536518183e+00 8.0928753038e+01
1.3605292065e+00 1.2628585658e+00 8.5710183053e+01
1.3378037157e+00 1.2571094040e+00 8.3986338075e+01
1.3645960077e+00 1.2614254124e+00 8.7436729029e+01
1.3156761523e+00 1.2504304272e+00 8.2929653666e+01
1.2889750965e+00 1.2784385445e+00 7.6163920146e+01
1.3239941666e+00 1.2709189532e+00 7.9637987289e+01
1.3335597474e+00 1.2819323684e+00 7.8634235730e+01
1.3003849643e+00 1.2596249295e+00 7.9606163389e+01
1.2940553472e+00 1.3030444510e+00 7.3735246099e+01
1.2973161636e+00 1.2714047607e+00 7.7603941562e+01
1.3513506513e+00 1.2540641218e+00 8.8378926216e+01
1.2800643316e+00 1.2869135976e+00 7.4683256707e+01
1.2975228858e+00 1.2799189271e+00 7.6503617642e+01
1.3358606564e+00 1.2599270611e+00 8.2976381855e+01
1.3080946042e+00 1.2676022428e+00 7.8928904074e+01
1.3436625212e+00 1.2543121202e+00 8.5946605487e+01
1.3395543066e+00 1.2479287007e+00 8.9189483384e+01
1.3021577478e+00 1.2704863570e+00 7.8066427965e+01
1.2887700048e+00 1.2577573000e+00 7.8988771847e+01
1.2699493509e+00 1.3363411981e+00 6.9762314247e+01
1.3077004394e+00 1.2488278050e+00 8.2391153680e+01
1.3210639054e+00 1.2712260108e+00 7.9354959114e+01
1.3159309799e+00 1.2772332392e+00 7.8066427965e+01
1.3313384938e+00 1.2666361476e+00 8.1038494274e+01
1.3306576658e+00 1.2520214074e+00 8.4500744095e+01
1.3042784466e+00 1.2535552312e+00 8.1038494274e+01
1.3114146360e+00 1.2420684610e+00 8.4745454571e+01
1.3234703629e+00 1.2832581107e+00 7.7738183355e+01
1.3196986930e+00 1.2717170186e+00 7.9170336091e+01
1.3161915438e+00 1.3129035787e+00 7.3858512165e+01
1.3426528994e+00 1.2728392164e+00 8.0892464042e+01
1.2883653021e+00 1.2777412774e+00 7.6211945708e+01
1.2870199482e+00 1.3267186549e+00 7.1239371173e+01
1.3005647113e+00 1.2969724962e+00 7.4704974011e+01
1.3284677041e+00 1.2590153032e+00 8.2347979715e+01
1.2540850838e+00 1.2794171694e+00 7.4086913271e+01
1.3350889491e+00 1.2690123443e+00 8.0928753038e+01
1.2647238528e+00 1.3293147675e+00 7.0096412862e+01
1.3215499883e+00 1.2419431341e+00 8.6860516083e+01
1.3269632417e+00 1.2758247928e+00 7.9079181218e+01
1.3592195984e+00 1.2716324634e+00 8.2837107130e+01
1.3276411687e+00 1.2633374774e+00 8.1337875892e+01
1.3747917823e+00 1.2652906273e+00 8.8187569297e+01
1.2930269072e+00 1.3023234991e+00 7.3755727228e+01
1.3134084994e+00 1.2705804425e+00 7.8869354308e+01
1.3608324300e+00 1.2581678870e+00 8.8853746852e+01
1.3270818602e+00 1.2551606393e+00 8.3118460360e+01
1.3591309531e+00 1.2822709571e+00 8.0607155573e+01
1.3221357295e+00 1.2789016366e+00 7.8262079083e+01
1.3381657044e+00 1.2480068439e+00 8.8187569297e+01
1.3010080267e+00 1.2755612540e+00 7.7287454070e+01
1.2833037949e+00 1.3159832955e+00 7.2003022837e+01
1.2622223907e+00 1.3104217141e+00 7.1544792831e+01
1.3566607760e+00 1.2562012178e+00 8.8853746852e+01
1.3121063224e+00 1.2483388887e+00 8.3023421435e+01
1.3600305024e+00 1.2585312038e+00 8.8014565082e+01
1.2795200019e+00 1.2757030313e+00 7.5926202551e+01
1.3075979020e+00 1.3008825156e+00 7.4661569416e+01
1.3589235009e+00 1.2649031514e+00 8.4683224036e+01
1.3531753588e+00 1.2601249274e+00 8.5413839657e+01
1.3340445763e+00 1.2573711353e+00 8.3411757846e+01
1.2981425627e+00 1.2827903633e+00 7.6187912459e+01
1.2966525733e+00 1.2429252666e+00 8.2522162191e+01
1.3711118508e+00 1.2702900594e+00 8.4808428882e+01
1.3205971768e+00 1.2616453228e+00 8.1001766381e+01
1.3050714071e+00 1.2850331819e+00 7.6332733555e+01
1.3618992321e+00 1.2588557733e+00 8.8596120629e+01
1.2711938767e+00 1.3027583985e+00 7.2644963102e+01
1.3650088833e+00 1.2601345563e+00 8.8853746852e+01
1.3472689406e+00 1.2563945753e+00 8.5787518542e+01
1.2713438497e+00 1.3165760264e+00 7.1418444511e+01
1.3259146645e+00 1.2751227016e+00 7.9109482420e+01
1.2537928995e+00 1.2740720825e+00 7.4639912012e+01
1.3161642627e+00 1.2447162902e+00 8.4621711461e+01
1.3406151367e+00 1.2486154934e+00 8.8853746852e+01
1.2669954314e+00 1.3196139121e+00 7.0973808374e+01
1.3359614628e+00 1.2707670108e+00 8.0677671172e+01
1.3026851967e+00 1.2874193922e+00 7.5902646881e+01
1.3100602375e+00 1.3071857830e+00 7.4128784622e+01
1.3235105734e+00 1.2915431275e+00 7.6651798080e+01
1.3406616374e+00 1.2490059599e+00 8.8378926216e+01
1.3344186500e+00 1.2543750375e+00 8.4324110442e+01
1.2662137209e+00 1.3356989303e+00 6.9663110762e+01
1.3100380449e+00 1.2338824687e+00 8.9189483384e+01
1.3110611347e+00 1.2694353161e+00 7.8869354308e+01
1.3338556853e+00 1.2755008514e+00 7.9669908154e+01
1.3304101739e+00 1.2535787681e+00 8.3986338075e+01
1.2951603219e+00 1.3054394384e+00 7.3552032589e+01
1.2864154577e+00 1.2579394594e+00 7.8780614851e+01
1.3510314794e+00 1.2561349435e+00 8.6757527902e+01
1.3236377104e+00 1.2455190242e+00 8.5634214754e+01
1.3949799348e+00 1.2741821940e+00 8.8853746852e+01
1.2710335004e+00 1.2767975337e+00 7.5303177292e+01
1.3203831462e+00 1.2500811676e+00 8.3614735208e+01
1.3051313883e+00 1.2405268872e+00 8.4266437827e+01
1.2502522268e+00 1.2906281555e+00 7.2780002890e+01
1.3340526237e+00 1.2827548839e+00 7.8547294593e+01
1.3346346718e+00 1.2563439743e+00 8.3771288937e+01
1.3517063629e+00 1.2558980337e+00 8.7077348295e+01
1.3478629769e+00 1.2518616456e+00 8.9189483384e+01
1.3334001390e+00 1.2527724094e+00 8.4683224036e+01
1.3223069596e+00 1.2866115053e+00 7.7209536111e+01
1.3297866929e+00 1.2432934441e+00 8.9189483384e+01
1.3093561575e+00 1.2877436406e+00 7.6260135872e+01
1.3027614308e+00 1.2320423255e+00 8.7436729029e+01
1.3415846313e+00 1.2765384885e+00 8.0127513527e+01
1.3318903170e+00 1.2582142719e+00 8.2929653666e+01
1.2749157554e+00 1.2855294557e+00 7.4553578751e+01
1.3224873865e+00 1.2553907293e+00 8.2522162191e+01
1.3584713396e+00 1.2596517802e+00 8.6757527902e+01
1.2895311475e+00 1.2848572337e+00 7.5439372000e+01
1.3464061110e+00 1.2879610031e+00 7.8663362312e+01
1.3178082243e+00 1.2832291418e+00 7.7365844600e+01
1.3469049133e+00 1.3213744527e+00 7.4553578751e+01
1.2868756297e+00 1.2492298524e+00 8.0262165861e+01
1.3132480056e+00 1.3026825496e+00 7.4770307295e+01
1.3051543526e+00 1.2906333648e+00 7.5669176471e+01
1.2415526337e+00 1.3524859866e+00 6.7541708969e+01
1.2605977059e+00 1.2833228077e+00 7.4024306706e+01
1.3235002902e+00 1.2530689905e+00 8.3214823856e+01
1.3554480280e+00 1.2578522582e+00 8.6966995687e+01
1.3169730657e+00 1.2408606121e+00 8.6285126569e+01
1.3363170293e+00 1.2844379760e+00 7.8460999819e+01
1.2934335905e+00 1.2962340067e+00 7.4403617595e+01
1.3373025055e+00 1.2501805018e+00 8.6466509507e+01
1.3406546958e+00 1.2682637691e+00 8.1608522897e+01
1.3076545618e+00 1.2876958445e+00 7.6163920146e+01
1.3018784450e+00 1.2463872149e+00 8.2305046547e+01
1.3386083920e+00 1.2580540213e+00 8.3824351811e+01
1.3382799059e+00 1.2952082985e+00 7.7106365806e+01
1.3314479017e+00 1.2634652181e+00 8.1687457017e+01
1.3194850037e+00 1.2811147567e+00 7.7765205727e+01
1.3073336649e+00 1.2653104400e+00 7.9231529518e+01
1.2698324636e+00 1.2801719467e+00 7.4857846411e+01
1.3430692789e+00 1.2540305193e+00 8.5946605487e+01
1.3354651061e+00 1.2642595164e+00 8.1928856974e+01
1.3338818815e+00 1.2934566929e+00 7.7055083817e+01
1.3528496494e+00 1.2661506677e+00 8.3461913920e+01
1.3260860333e+00 1.2426348910e+00 8.7855467302e+01
1.2997199378e+00 1.2716162185e+00 7.7738183355e+01
1.2992170924e+00 1.2360205478e+00 8.4808428882e+01
1.3352568487e+00 1.2530999209e+00 8.4872174373e+01
1.2853772012e+00 1.3139098892e+00 7.2283455850e+01
1.3191174822e+00 1.2552708990e+00 8.2177652292e+01
1.3563747325e+00 1.2687687071e+00 8.3214823856e+01
1.3347070608e+00 1.2821004468e+00 7.8692562936e+01
1.3519797449e+00 1.2801902782e+00 8.0364377815e+01
1.3633906911e+00 1.2595582255e+00 8.8596120629e+01
1.2757100535e+00 1.2616973772e+00 7.7471115761e+01
1.3495318873e+00 1.2602627458e+00 8.4745454571e+01
1.3004927093e+00 1.2743318025e+00 7.7418371854e+01
1.3202250485e+00 1.2607078775e+00 8.1149584901e+01
1.3147900482e+00 1.2950045849e+00 7.5715571564e+01
1.3431171404e+00 1.2877349214e+00 7.8460999819e+01
1.3238492347e+00 1.2693149844e+00 7.9896146783e+01
1.2973581087e+00 1.3220808437e+00 7.2096028356e+01
1.2892479499e+00 1.2668451994e+00 7.7684313766e+01
1.3443959517e+00 1.2912897103e+00 7.8038735323e+01
1.3283242880e+00 1.2438838093e+00 8.7707378991e+01
1.3530087348e+00 1.2703790374e+00 8.2434572567e+01
1.3081552612e+00 1.2575156805e+00 8.0642347542e+01
1.3630030673e+00 1.2647746074e+00 8.5413839657e+01
1.3446099969e+00 1.2669372667e+00 8.2305046547e+01
1.3253213047e+00 1.2625985714e+00 8.1262076387e+01
1.3357414208e+00 1.2714250021e+00 8.0537160751e+01
1.3181538605e+00 1.2379392888e+00 8.8853746852e+01
1.3167686488e+00 1.2502092804e+00 8.3118460360e+01
1.3581501013e+00 1.2569035996e+00 8.8853746852e+01
1.3351257923e+00 1.2471167072e+00 8.7707378991e+01
1.3156649384e+00 1.2674507332e+00 7.9542802945e+01
1.3151011141e+00 1.2379470606e+00 8.7436729029e+01
1.3278403843e+00 1.2544021152e+00 8.3411757846e+01
1.3250994458e+00 1.2523423670e+00 8.3614735208e+01
1.3128530951e+00 1.3118513909e+00 7.3796765055e+01
1.2994937962e+00 1.2687913424e+00 7.8122004123e+01
1.3366691657e+00 1.2678699298e+00 8.1299894225e+01
1.3474999738e+00 1.2535373923e+00 8.7311596302e+01
1.3423001625e+00 1.2797711161e+00 7.9637987289e+01
1.2989067664e+00 1.2719934562e+00 7.7630675173e+01
1.3216416104e+00 1.2427225657e+00 8.6466509507e+01
1.3111512106e+00 1.2566981668e+00 8.1075372075e+01
1.3190465274e+00 1.2645057670e+00 8.0330188264e+01
1.2902495934e+00 1.2828305436e+00 7.5715571564e+01
1.2493640154e+00 1.3128227112e+00 7.0781309187e+01
1.3172531603e+00 1.2444981505e+00 8.4872174373e+01
1.3509736733e+00 1.2605735903e+00 8.4872174373e+01
1.3355747979e+00 1.2711536757e+00 8.0572093792e+01
1.3073689080e+00 1.2657112290e+00 7.9170336091e+01
1.3200873204e+00 1.2853274528e+00 7.7235456792e+01
1.3337625810e+00 1.3093990051e+00 7.5145827200e+01
1.3077624885e+00 1.2893373097e+00 7.5973430165e+01
1.3340658175e+00 1.3003012966e+00 7.6211945708e+01
1.3314227392e+00 1.2538762928e+00 8.4041308295e+01
1.3355584163e+00 1.2545461726e+00 8.4441244525e+01
1.2640815198e+00 1.2946225704e+00 7.3072890473e+01
1.3451374039e+00 1.3417004060e+00 7.2491868298e+01
1.3320686988e+00 1.2654685086e+00 8.1337875892e+01
1.3208681898e+00 1.2408831209e+00 8.7311596302e+01
1.3361556212e+00 1.2683834742e+00 8.1149584901e+01
1.3563332425e+00 1.2657380362e+00 8.4041308295e+01
1.3228635128e+00 1.2633090356e+00 8.0892464042e+01
1.3286659855e+00 1.2444141516e+00 8.7436729029e+01
1.3313538953e+00 1.2959846791e+00 7.6577507130e+01
1.3228258890e+00 1.2519986229e+00 8.3411757846e+01
1.2548884863e+00 1.2977247908e+00 7.2340059416e+01
1.3109811179e+00 1.2668969980e+00 7.9262255454e+01
1.3351111602e+00 1.2458217659e+00 8.9189483384e+01
1.2612957292e+00 1.3524428739e+00 6.8257875433e+01
1.3098073381e+00 1.2354164599e+00 8.7436729029e+01
1.3184865436e+00 1.2847392193e+00 7.7209536111e+01
1.3547487511e+00 1.2554840028e+00 8.8596120629e+01
1.2969450764e+00 1.2430669196e+00 8.2522162191e+01
1.3250760002e+00 1.2423376408e+00 8.7707378991e+01
1.3250462407e+00 1.2685551668e+00 8.0127513527e+01
1.2587420981e+00 1.3030092127e+00 7.2040169152e+01
1.3511087398e+00 1.2656987678e+00 8.3361979075e+01
1.3598187899e+00 1.2705940005e+00 8.3166473052e+01
1.3106209425e+00 1.2628952513e+00 7.9896146783e+01
1.3196940868e+00 1.2581840291e+00 8.1608522897e+01
1.3242927396e+00 1.2579497599e+00 8.2135643310e+01
1.2755600131e+00 1.2796630200e+00 7.5235540770e+01
1.2783011271e+00 1.2856275098e+00 7.4726721458e+01
1.3151546016e+00 1.2561815547e+00 8.1569331007e+01
1.3139682816e+00 1.2722042667e+00 7.8663362312e+01
1.3150552938e+00 1.2684970006e+00 7.9323969492e+01
1.3184626440e+00 1.2720789613e+00 7.9018826610e+01
1.2867540396e+00 1.3217263780e+00 7.1653759664e+01
1.3371591363e+00 1.2643158601e+00 8.2093856142e+01
1.3168093955e+00 1.2794156576e+00 7.7819427566e+01
1.3085148542e+00 1.3139952312e+00 7.3370782375e+01
1.3070242390e+00 1.2826433583e+00 7.6751488857e+01
1.3443087101e+00 1.2562910503e+00 8.5272615194e+01
1.3501150255e+00 1.2531107375e+00 8.8853746852e+01
1.3492825055e+00 1.2543810104e+00 8.7311596302e+01
1.3444413388e+00 1.2574713124e+00 8.4872174373e+01
1.3610095114e+00 1.2993293707e+00 7.8038735323e+01
1.3465945853e+00 1.2939276334e+00 7.7819427566e+01
1.3032972833e+00 1.3029932656e+00 7.4212851892e+01
1.3051344307e+00 1.2566168801e+00 8.0537160751e+01
1.2852753346e+00 1.3004604433e+00 7.3552032589e+01
1.2814043365e+00 1.2881882332e+00 7.4618284369e+01
1.3397930062e+00 1.2586190936e+00 8.3824351811e+01
1.3209855209e+00 1.2879329441e+00 7.6953114246e+01
1.3111994731e+00 1.2366315609e+00 8.7077348295e+01
1.3575208594e+00 1.2575328415e+00 8.7855467302e+01
1.3212635342e+00 1.2492007795e+00 8.3986338075e+01
1.2689264110e+00 1.2767318645e+00 7.5190617570e+01
1.3382520906e+00 1.2838191881e+00 7.8692562936e+01
1.3467345461e+00 1.2529900765e+00 8.7436729029e+01
1.3007282782e+00 1.2701719445e+00 7.8011105717e+01
1.3080551332e+00 1.2894820743e+00 7.5973430165e+01
1.3362784629e+00 1.2726400020e+00 8.0364377815e+01
1.3491039494e+00 1.2879004804e+00 7.8869354308e+01
1.3257813812e+00 1.3341165943e+00 7.2302304233e+01
1.3165448133e+00 1.2560992915e+00 8.1727204497e+01
1.3772198591e+00 1.2782703900e+00 8.3312569183e+01
1.3075197538e+00 1.2760325406e+00 7.7657465783e+01
1.2967790772e+00 1.2793539744e+00 7.6528203273e+01
1.2888916290e+00 1.2859328829e+00 7.5280598016e+01
1.3109753021e+00 1.2751972463e+00 7.8011105717e+01
1.3560682554e+00 1.2620548644e+00 8.5203558584e+01
1.3494491325e+00 1.2673583751e+00 8.2745735086e+01
1.3195297259e+00 1.2854471962e+00 7.7183666982e+01
1.2993366241e+00 1.2311296552e+00 8.6966995687e+01
1.3277281849e+00 1.2798762117e+00 7.8518458573e+01
1.3194885151e+00 1.2793610677e+00 7.8011105717e+01
1.3516480225e+00 1.2542046263e+00 8.8378926216e+01
1.3156619556e+00 1.2722579206e+00 7.8780614851e+01
1.3032503300e+00 1.2811752841e+00 7.6701551736e+01
1.3334946028e+00 1.2561729944e+00 8.3666491536e+01
1.2981392212e+00 1.2893437861e+00 7.5416586482e+01
1.2640888782e+00 1.3111717889e+00 7.1562910795e+01
1.2828450299e+00 1.2710730142e+00 7.6701551736e+01
1.3103773205e+00 1.2840985372e+00 7.6776526866e+01
1.2840714076e+00 1.3021011408e+00 7.3330764710e+01
1.2829741520e+00 1.2635531528e+00 7.7711219496e+01
1.3241120624e+00 1.2603135516e+00 8.1608522897e+01
1.3252753434e+00 1.2924092145e+00 7.6651798080e+01
1.3086132393e+00 1.2522673136e+00 8.1727204497e+01
1.2514025307e+00 1.3474470521e+00 6.8242404692e+01
1.2677148755e+00 1.2970848645e+00 7.3013920964e+01
1.2724846398e+00 1.2753463942e+00 7.5553826997e+01
1.3115615232e+00 1.2737375088e+00 7.8262079083e+01
1.2960850465e+00 1.2700215330e+00 7.7711219496e+01
1.3678158905e+00 1.2661117566e+00 8.5787518542e+01
1.3134615808e+00 1.2574386419e+00 8.1149584901e+01
1.3263468207e+00 1.2484776911e+00 8.5002097282e+01
1.2820642173e+00 1.2984322334e+00 7.3592574728e+01
1.2842457584e+00 1.2814251833e+00 7.5530865121e+01
1.3229225127e+00 1.2912544319e+00 7.6651798080e+01
1.3425758332e+00 1.2663426317e+00 8.2219886681e+01
1.3367776590e+00 1.2734550949e+00 8.0262165861e+01
1.3043794681e+00 1.2918455850e+00 7.5485048020e+01
1.3371057082e+00 1.2473199059e+00 8.8378926216e+01
1.3375272734e+00 1.2665740200e+00 8.1647897369e+01
1.3610924274e+00 1.2653680197e+00 8.4872174373e+01
1.3312213423e+00 1.2882176101e+00 7.7577264583e+01
1.3351502671e+00 1.2497120436e+00 8.6197674093e+01
1.3117083248e+00 1.2552696044e+00 8.1414339425e+01
1.3464422902e+00 1.2642286091e+00 8.3166473052e+01
1.3393509579e+00 1.2485689182e+00 8.8187569297e+01
1.2829426179e+00 1.3237858558e+00 7.1310801950e+01
1.2536047179e+00 1.3120662238e+00 7.1026634431e+01
1.2548336561e+00 1.3265357699e+00 6.9911999338e+01
1.3514297286e+00 1.2535471935e+00 8.9189483384e+01
1.2884142266e+00 1.2724663264e+00 7.6877148084e+01
1.3142803221e+00 1.2452942792e+00 8.4152793230e+01
1.3022636764e+00 1.2943987370e+00 7.5078888084e+01
1.2977387226e+00 1.2440101450e+00 8.2391153680e+01
1.3233336127e+00 1.2746410287e+00 7.8988771847e+01
1.3364804775e+00 1.2864684390e+00 7.8177837772e+01
1.3608324300e+00 1.2581678870e+00 8.8853746852e+01
1.2671689073e+00 1.2910999644e+00 7.3572291496e+01
1.3353970927e+00 1.2678286703e+00 8.1186923776e+01
1.3181436032e+00 1.2462205729e+00 8.4441244525e+01
1.3198832414e+00 1.3122867817e+00 7.4107835512e+01
1.3333295988e+00 1.2484763517e+00 8.6374684998e+01
1.3417875706e+00 1.2772127464e+00 8.0027705704e+01
1.2891344217e+00 1.2787149558e+00 7.6139968555e+01
1.2936447313e+00 1.2546209286e+00 7.9896146783e+01
1.3249272013e+00 1.2507696458e+00 8.4041308295e+01
1.3330127703e+00 1.2636496430e+00 8.1807273904e+01
1.3256724681e+00 1.2692406516e+00 8.0060864731e+01
1.3168491496e+00 1.2536151641e+00 8.2305046547e+01
1.3387835166e+00 1.2508840806e+00 8.6466509507e+01
1.3524674502e+00 1.2748711242e+00 8.1414339425e+01
1.2992859415e+00 1.2428972059e+00 8.2837107130e+01
1.3179594009e+00 1.2590461336e+00 8.1262076387e+01
1.3342261187e+00 1.2703129767e+00 8.0607155573e+01
1.3296140807e+00 1.3021165975e+00 7.5738824530e+01
1.3299464305e+00 1.2728416040e+00 7.9798579510e+01
1.2870280805e+00 1.2538523018e+00 7.9479819877e+01
1.3581963905e+00 1.2572957253e+00 8.8378926216e+01
1.3358908743e+00 1.2730275907e+00 8.0262165861e+01
1.3304128156e+00 1.2548862164e+00 8.3614735208e+01
1.3270751511e+00 1.2512392924e+00 8.4209337681e+01
1.2852444545e+00 1.2839122802e+00 7.5303177292e+01
1.2991355494e+00 1.2713287644e+00 7.7738183355e+01
1.3370827387e+00 1.2622043517e+00 8.2566341788e+01
1.3186034806e+00 1.3263181720e+00 7.2683441722e+01
1.3525089508e+00 1.2669300015e+00 8.3214823856e+01
1.3496923691e+00 1.2530956654e+00 8.8596120629e+01
1.3680411695e+00 1.2619323738e+00 8.8378926216e+01
1.3275914071e+00 1.2642613945e+00 8.1149584901e+01
1.3114458518e+00 1.2642509952e+00 7.9734044399e+01
1.3373479285e+00 1.2505719476e+00 8.6285126569e+01
1.3224028564e+00 1.2506772806e+00 8.3718672554e+01
1.3000587694e+00 1.2291067498e+00 8.9189483384e+01
1.3295925228e+00 1.2675072754e+00 8.0713127966e+01
1.3026387623e+00 1.3102232315e+00 7.3451099791e+01
1.3016222710e+00 1.3309871215e+00 7.1508608306e+01
1.3647566154e+00 1.2603868243e+00 8.8378926216e+01
1.3238025365e+00 1.2409972034e+00 8.8378926216e+01
1.3228235112e+00 1.2506926825e+00 8.3771288937e+01
1.2951178653e+00 1.2601051679e+00 7.9109482420e+01
1.3025429532e+00 1.2919329045e+00 7.5371119608e+01
1.2710107576e+00 1.2981459771e+00 7.3072890473e+01
1.3148403910e+00 1.2660925351e+00 7.9701926885e+01
1.3393972769e+00 1.2489594926e+00 8.7855467302e+01
1.2642008288e+00 1.2727725943e+00 7.5371119608e+01
1.3312791909e+00 1.2991335994e+00 7.6187912459e+01
1.3361573637e+00 1.2587557560e+00 8.3312569183e+01
1.3239196685e+00 1.2557039055e+00 8.2610784034e+01
1.3262104406e+00 1.2425104837e+00 8.8014565082e+01
1.3449837007e+00 1.2560536655e+00 8.5486104849e+01
1.3078701259e+00 1.2634660303e+00 7.9574435566e+01
1.3057548035e+00 1.2399034720e+00 8.4560892485e+01
1.3456723460e+00 1.2523022954e+00 8.7568287925e+01
1.3357238388e+00 1.2823992810e+00 7.8721838178e+01
1.3397090629e+00 1.2591405200e+00 8.3666491536e+01
1.3223129307e+00 1.2634228472e+00 8.0820312794e+01
1.3393972769e+00 1.2489594926e+00 8.7855467302e+01
1.3647965460e+00 1.2805651843e+00 8.1452825766e+01
1.2813042750e+00 1.3114227804e+00 7.2321172068e+01
1.3292589439e+00 1.2866716114e+00 7.7657465783e+01
1.2823422650e+00 1.2468232542e+00 8.0296118030e+01
1.3107037022e+00 1.2371273318e+00 8.6657708378e+01
1.3580925138e+00 1.2600306060e+00 8.6466509507e+01
1.2827352904e+00 1.2947065224e+00 7.4003490889e+01
1.3178747155e+00 1.2989327920e+00 7.5439372000e+01
1.3000608333e+00 1.2325738750e+00 8.6374684998e+01
1.2474117877e+00 1.3261044061e+00 6.9646621875e+01
1.3013636663e+00 1.2935494534e+00 7.5123481451e+01
1.3014971837e+00 1.2480725019e+00 8.1888128163e+01
1.3191074923e+00 1.2981385282e+00 7.5599858248e+01
1.3556083251e+00 1.2568154008e+00 8.7707378991e+01
1.3077971768e+00 1.2348202751e+00 8.7192030493e+01
1.3217842324e+00 1.2404024942e+00 8.8014565082e+01
1.3213398165e+00 1.2635224943e+00 8.0713127966e+01
1.2273408395e+00 1.3514099562e+00 6.7110434108e+01
1.3074883407e+00 1.2852387147e+00 7.6454577770e+01
1.3153611927e+00 1.2568469047e+00 8.1452825766e+01
1.3394759342e+00 1.2484439419e+00 8.8378926216e+01
1.2956067116e+00 1.2287912617e+00 8.7311596302e+01
1.3433694649e+00 1.2686160175e+00 8.1807273904e+01
1.3214713409e+00 1.2485570885e+00 8.4209337681e+01
1.3518992455e+00 1.2763175540e+00 8.1075372075e+01
1.3444714334e+00 1.2504416863e+00 8.8853746852e+01
1.3530182784e+00 1.2637892292e+00 8.4152793230e+01
1.2916486193e+00 1.3137661538e+00 7.2587399708e+01
1.3581010892e+00 1.2613378632e+00 8.5866297957e+01
1.3141464482e+00 1.3061698484e+00 7.4446319730e+01
1.2984909169e+00 1.2445608641e+00 8.2347979715e+01
1.3610358473e+00 1.2623519249e+00 8.6028533830e+01
1.3173717922e+00 1.2849785383e+00 7.7106365806e+01
1.3442997599e+00 1.2501760978e+00 8.9189483384e+01
1.3657999031e+00 1.2632952193e+00 8.6657708378e+01
1.3237474743e+00 1.2502048008e+00 8.4041308295e+01
1.3171281284e+00 1.2446231824e+00 8.4808428882e+01
1.3215060952e+00 1.2637929369e+00 8.0677671172e+01
1.3038806457e+00 1.2884092705e+00 7.5855650848e+01
1.3023651848e+00 1.3104968090e+00 7.3410893841e+01
1.3349089815e+00 1.2512635669e+00 8.5486104849e+01
1.3280375893e+00 1.2751881736e+00 7.9262255454e+01
1.3250410332e+00 1.2480391038e+00 8.4936720171e+01
1.2915820151e+00 1.3414667711e+00 7.0231568090e+01
1.3346317031e+00 1.2550358941e+00 8.4152793230e+01
1.3060709623e+00 1.2792280697e+00 7.7132082137e+01
1.2669827124e+00 1.3130772877e+00 7.1526692018e+01
1.3130290976e+00 1.2478514554e+00 8.3263520051e+01
1.3635186460e+00 1.2734857837e+00 8.2883230736e+01
1.3121180476e+00 1.2867315352e+00 7.6552833021e+01
1.3355849956e+00 1.2654523705e+00 8.1687457017e+01
1.2778195716e+00 1.2713154141e+00 7.6357016986e+01
1.3464832158e+00 1.2606832071e+00 8.4152793230e+01
1.3652932396e+00 1.2638018829e+00 8.6285126569e+01
1.2578080152e+00 1.3048141520e+00 7.1836773450e+01
1.3320058083e+00 1.2620328120e+00 8.2052287288e+01
1.3071104528e+00 1.2948021984e+00 7.5303177292e+01
1.2678519655e+00 1.3087173152e+00 7.1947441945e+01
1.3520377514e+00 1.2551286715e+00 8.7707378991e+01
1.3234761054e+00 1.2797496575e+00 7.8233932577e+01
1.3233876927e+00 1.2457690420e+00 8.5486104849e+01
1.3382696300e+00 1.2614549926e+00 8.2883230736e+01
1.2986824933e+00 1.2691668841e+00 7.8011105717e+01
1.2941696482e+00 1.2762946655e+00 7.6751488857e+01
1.2616997511e+00 1.3070211732e+00 7.1818391996e+01
1.3147224942e+00 1.2780045612e+00 7.7873888177e+01
1.3016308546e+00 1.2745021969e+00 7.7471115761e+01
1.3040881467e+00 1.2315834020e+00 8.8378926216e+01
1.2392634467e+00 1.3403601273e+00 6.8288848382e+01
1.3234288792e+00 1.2741083283e+00 7.9079181218e+01
1.3586975645e+00 1.2791861659e+00 8.1149584901e+01
1.3384350059e+00 1.2630399905e+00 8.2522162191e+01
1.3325218576e+00 1.2763966073e+00 7.9417207447e+01
1.3409652062e+00 1.2552598469e+00 8.5068338769e+01
1.3442458806e+00 1.2532913269e+00 8.6560781600e+01
1.3103978082e+00 1.2561444339e+00 8.1112401649e+01
1.3224255286e+00 1.3176568810e+00 7.3694358938e+01
1.3444056179e+00 1.2522567955e+00 8.7192030493e+01
1.3436263265e+00 1.2552232563e+00 8.5559543476e+01
1.3623234697e+00 1.2588702689e+00 8.8853746852e+01
1.2951478873e+00 1.2822939255e+00 7.6068356017e+01
1.3224015957e+00 1.2432693460e+00 8.6374684998e+01
1.2820215607e+00 1.3212042023e+00 7.1490541645e+01
1.3520230646e+00 1.2586478347e+00 8.5787518542e+01
1.3291701380e+00 1.2819389312e+00 7.8318572690e+01
1.3100633885e+00 1.2743622255e+00 7.8066427965e+01
1.3057260613e+00 1.2765164383e+00 7.7471115761e+01
1.3215499883e+00 1.2419431341e+00 8.6860516083e+01
1.2915847884e+00 1.2884752117e+00 7.5145827200e+01
1.3478303945e+00 1.2527693659e+00 8.8014565082e+01
1.3144554317e+00 1.2520868103e+00 8.2391153680e+01
1.3136231287e+00 1.2407298870e+00 8.5634214754e+01
1.3187967046e+00 1.2870559442e+00 7.6927743997e+01
1.3256894582e+00 1.2709729552e+00 7.9766261626e+01
1.2856209636e+00 1.2491827927e+00 8.0161005537e+01
1.3317340890e+00 1.2649283243e+00 8.1414339425e+01
1.3102191033e+00 1.2781376662e+00 7.7550643872e+01
1.3242204407e+00 1.2628257224e+00 8.1112401649e+01
1.3360382304e+00 1.2501343179e+00 8.6197674093e+01
1.3395493888e+00 1.2684930060e+00 8.1452825766e+01
1.3146248349e+00 1.2484327975e+00 8.3312569183e+01
1.3082038757e+00 1.2457141683e+00 8.3214823856e+01
1.3230104607e+00 1.2413537154e+00 8.7707378991e+01
1.3451876740e+00 1.2698660269e+00 8.1727204497e+01
1.3298888095e+00 1.2803439444e+00 7.8605182622e+01
1.2704674551e+00 1.2986892796e+00 7.2994308568e+01
1.3387752638e+00 1.2570124536e+00 8.4152793230e+01
1.3380933234e+00 1.2638193278e+00 8.2305046547e+01
1.3102749820e+00 1.2405989518e+00 8.5068338769e+01
1.3285268391e+00 1.2432452754e+00 8.8378926216e+01
1.3129017734e+00 1.2357985370e+00 8.8378926216e+01
1.3156754629e+00 1.2491242771e+00 8.3263520051e+01
1.3441546370e+00 1.2625738366e+00 8.3312569183e+01
1.2942157122e+00 1.2976370894e+00 7.4297357720e+01
1.2954639721e+00 1.2872151012e+00 7.5507938852e+01
1.3026198947e+00 1.2822424160e+00 7.6528203273e+01
1.3241922550e+00 1.2467079676e+00 8.5272615194e+01
1.3445783703e+00 1.2625880526e+00 8.3361979075e+01
1.3118031834e+00 1.2442899659e+00 8.4096788508e+01
1.3332791738e+00 1.2542038335e+00 8.4209337681e+01
1.2999904691e+00 1.2770150653e+00 7.7029517563e+01
1.2819685081e+00 1.2745597363e+00 7.6211945708e+01
1.3900724031e+00 1.2786483321e+00 8.5002097282e+01
1.3418026210e+00 1.2728126895e+00 8.0820312794e+01
1.3371049326e+00 1.2854051528e+00 7.8375337009e+01
1.3165128258e+00 1.2478513503e+00 8.3718672554e+01
1.3137438350e+00 1.2493137974e+00 8.2976381855e+01
1.3713395933e+00 1.2647856335e+00 8.7311596302e+01
1.3106787135e+00 1.2999921858e+00 7.4923826465e+01
1.3321919882e+00 1.2483044626e+00 8.6197674093e+01
1.3459647878e+00 1.2734741646e+00 8.1075372075e+01
1.3252467469e+00 1.2426026305e+00 8.7568287925e+01
1.3412081428e+00 1.2488964462e+00 8.8853746852e+01
1.3098095397e+00 1.2925407909e+00 7.5715571564e+01
1.2836357455e+00 1.2763741483e+00 7.6092186698e+01
1.3313679956e+00 1.2626706247e+00 8.1847601472e+01
1.3359203728e+00 1.2659922784e+00 8.1608522897e+01
1.3153916272e+00 1.2659777987e+00 7.9766261626e+01
1.3293560014e+00 1.2773724722e+00 7.9018826610e+01
1.2837853279e+00 1.3054453021e+00 7.2994308568e+01
1.2980579810e+00 1.2649996514e+00 7.8576202428e+01
1.3117478761e+00 1.2556657649e+00 8.1337875892e+01
1.3094383351e+00 1.2701852389e+00 7.8634235730e+01
1.3371422595e+00 1.2512145100e+00 8.5946605487e+01
1.3229140863e+00 1.2623849457e+00 8.1075372075e+01
1.2759591526e+00 1.2949410701e+00 7.3633214528e+01
1.3240477897e+00 1.2542666538e+00 8.2976381855e+01
1.3125269174e+00 1.2928878557e+00 7.5832210102e+01
1.3723633432e+00 1.2650807247e+00 8.7436729029e+01
1.3597658821e+00 1.2574801384e+00 8.9189483384e+01
1.3242684703e+00 1.2414024714e+00 8.8187569297e+01
1.3446910248e+00 1.2677327010e+00 8.2135643310e+01
1.3486350190e+00 1.2690495389e+00 8.2262350168e+01
1.3531776814e+00 1.2706489710e+00 8.2391153680e+01
1.2911931168e+00 1.2779636179e+00 7.6357016986e+01
1.3082610833e+00 1.2783482602e+00 7.7392081315e+01
1.3411411500e+00 1.2568334914e+00 8.4560892485e+01
1.3706024385e+00 1.2734391320e+00 8.3771288937e+01
1.3225936653e+00 1.2710077421e+00 7.9511264665e+01
1.2829008490e+00 1.2897432559e+00 7.4532068904e+01
1.3406350794e+00 1.2639040160e+00 8.2566341788e+01
1.3268321034e+00 1.2418888209e+00 8.9189483384e+01
1.2962848513e+00 1.2298464281e+00 8.6860516083e+01
1.3146203615e+00 1.2362535723e+00 8.8853746852e+01
1.2917669386e+00 1.2413015298e+00 8.2347979715e+01
1.3397930062e+00 1.2586190936e+00 8.3824351811e+01
1.2948967583e+00 1.2746958114e+00 7.7004000743e+01
1.3320108163e+00 1.2786600830e+00 7.9018826610e+01
1.3219549301e+00 1.2406672371e+00 8.7855467302e+01
1.2666490238e+00 1.2920550664e+00 7.3451099791e+01
1.3331993879e+00 1.2958957345e+00 7.6701551736e+01
1.3576755703e+00 1.2788892458e+00 8.1112401649e+01
1.3193244152e+00 1.2970446040e+00 7.5738824530e+01
1.3121805514e+00 1.2761762182e+00 7.7956033878e+01
1.3281808594e+00 1.2855577437e+00 7.7738183355e+01
1.3190995030e+00 1.2635795702e+00 8.0502355029e+01
1.2940622496e+00 1.2851249229e+00 7.5669176471e+01
1.3340975349e+00 1.2660646443e+00 8.1414339425e+01
1.3084255850e+00 1.3189129894e+00 7.2896573969e+01
1.2923977416e+00 1.2981438636e+00 7.4149760707e+01
1.3362954581e+00 1.2463836152e+00 8.9189483384e+01
1.2839048489e+00 1.3048888386e+00 7.3053211840e+01
1.3337331231e+00 1.2914103165e+00 7.7313531307e+01
1.3764914681e+00 1.2715112404e+00 8.5272615194e+01
1.3137784668e+00 1.2903228266e+00 7.6211945708e+01
1.3046278152e+00 1.2514653341e+00 8.1491484890e+01
1.2950098228e+00 1.2471733246e+00 8.1414339425e+01
1.3328601078e+00 1.2594298084e+00 8.2745735086e+01
1.3465169694e+00 1.2523326135e+00 8.7855467302e+01
1.2717996795e+00 1.2755967534e+00 7.5485048020e+01
1.3010209444e+00 1.2559424198e+00 8.0296118030e+01
1.3133659497e+00 1.2863586728e+00 7.6676652104e+01
1.3124855442e+00 1.2819903136e+00 7.7183666982e+01
1.3395469670e+00 1.2514316792e+00 8.6374684998e+01
1.3572261024e+00 1.2661616698e+00 8.4041308295e+01
1.3036696502e+00 1.2559049511e+00 8.0537160751e+01
1.3404115472e+00 1.2492560501e+00 8.8014565082e+01
1.3260809880e+00 1.2859044945e+00 7.7550643872e+01
1.3383676365e+00 1.2964389692e+00 7.6953114246e+01
1.2598947812e+00 1.3210381448e+00 7.0556175101e+01
1.3639807174e+00 1.2752221473e+00 8.2522162191e+01
1.2534627748e+00 1.3196173622e+00 7.0401770040e+01
1.3361864447e+00 1.2731700921e+00 8.0262165861e+01
1.3162489799e+00 1.2979279646e+00 7.5462192458e+01
1.3221699808e+00 1.2709942383e+00 7.9479819877e+01
1.3333217398e+00 1.2791019861e+00 7.9048962842e+01
1.3240322224e+00 1.2595200721e+00 8.1767142530e+01
1.3064127092e+00 1.2383766359e+00 8.5203558584e+01
1.3300428169e+00 1.2478352989e+00 8.5946605487e+01
1.2976944398e+00 1.2745136576e+00 7.7209536111e+01
1.3157966259e+00 1.2975036603e+00 7.5485048020e+01
1.3145258845e+00 1.2847612059e+00 7.6953114246e+01
1.3441085577e+00 1.2648099072e+00 8.2745735086e+01
1.3633120046e+00 1.2701761998e+00 8.3718672554e+01
1.3013838478e+00 1.2869729218e+00 7.5879129711e+01
1.3168369382e+00 1.2728306590e+00 7.8780614851e+01
1.2439481329e+00 1.2951955757e+00 7.2058770198e+01
1.3459296854e+00 1.2594850877e+00 8.4441244525e+01
1.3166449023e+00 1.2599243784e+00 8.0965186566e+01
1.3197670545e+00 1.2398075468e+00 8.7707378991e+01
1.3183865175e+00 1.2446711149e+00 8.5002097282e+01
1.3314956097e+00 1.2625430106e+00 8.1888128163e+01
1.3383960513e+00 1.2499607183e+00 8.6860516083e+01
1.3364080439e+00 1.2891743737e+00 7.7792286999e+01
1.3072825626e+00 1.2475054494e+00 8.2655493698e+01
1.3446545449e+00 1.2927895230e+00 7.7846627825e+01
1.2623489391e+00 1.3098591582e+00 7.1599198379e+01
1.3320095146e+00 1.2467412812e+00 8.6966995687e+01
1.3046246174e+00 1.2889767901e+00 7.5832210102e+01
1.3158141502e+00 1.2659918002e+00 7.9798579510e+01
1.3423603607e+00 1.2669961761e+00 8.2052287288e+01
1.2800643316e+00 1.2869135976e+00 7.4683256707e+01
1.3340354039e+00 1.2683149267e+00 8.0965186566e+01
1.2914921871e+00 1.2846408645e+00 7.5576824649e+01
1.3115079975e+00 1.2345847803e+00 8.9189483384e+01
1.3109729618e+00 1.3146094559e+00 7.3430984963e+01
1.3236004916e+00 1.2416348369e+00 8.7707378991e+01
1.3229174324e+00 1.2405756899e+00 8.8378926216e+01
1.2762377728e+00 1.3335568603e+00 7.0231568090e+01
1.3130559003e+00 1.2382528323e+00 8.6657708378e+01
1.3190610565e+00 1.2867915923e+00 7.6978533067e+01
1.3617215025e+00 1.2634219371e+00 8.5710183053e+01
1.3091883575e+00 1.2360354404e+00 8.6860516083e+01
1.2804235135e+00 1.3201762468e+00 7.1508608306e+01
1.3469055407e+00 1.2659564531e+00 8.2791277101e+01
1.3380525133e+00 1.2734947503e+00 8.0364377815e+01
1.2954086854e+00 1.2759274708e+00 7.6877148084e+01
1.3261278215e+00 1.2727217614e+00 7.9511264665e+01
1.3273769665e+00 1.2553021067e+00 8.3118460360e+01
1.3412327107e+00 1.2615553238e+00 8.3214823856e+01
1.2594342760e+00 1.3071079660e+00 7.1708478082e+01
1.3111068189e+00 1.2358550375e+00 8.7568287925e+01
1.3389574681e+00 1.2682089548e+00 8.1452825766e+01
1.3560845643e+00 1.2756461139e+00 8.1608522897e+01
1.3218573996e+00 1.2433779289e+00 8.6197674093e+01
1.2934239199e+00 1.2861996542e+00 7.5507938852e+01
1.3056405358e+00 1.3015258871e+00 7.4489136515e+01
1.3267655044e+00 1.2615912651e+00 8.1608522897e+01
1.3485944245e+00 1.2686515960e+00 8.2347979715e+01
1.3329248828e+00 1.2641749154e+00 8.1687457017e+01
1.3441967102e+00 1.2629697127e+00 8.3214823856e+01
1.3003316890e+00 1.2435888246e+00 8.2791277101e+01
1.2801893942e+00 1.2841747819e+00 7.4990089796e+01
1.3353290241e+00 1.2657083421e+00 8.1608522897e+01
1.2513779006e+00 1.3234466113e+00 7.0012386239e+01
1.3381846609e+00 1.2830090778e+00 7.8810117472e+01
1.2991138228e+00 1.2914277825e+00 7.5235540770e+01
1.3384754226e+00 1.2494444535e+00 8.7192030493e+01
1.2968826513e+00 1.2492101265e+00 8.1186923776e+01
1.3258609568e+00 1.2638066404e+00 8.1075372075e+01
1.3361635767e+00 1.2500089716e+00 8.6285126569e+01
1.2650999303e+00 1.2953452807e+00 7.3053211840e+01
1.2962095604e+00 1.2855963900e+00 7.5738824530e+01
1.3188655636e+00 1.2900529013e+00 7.6552833021e+01
1.3223946243e+00 1.2768924661e+00 7.8576202428e+01
1.3040972818e+00 1.2668029409e+00 7.8751188620e+01
1.2990841673e+00 1.2761764998e+00 7.7080699799e+01
1.3210483027e+00 1.2743021036e+00 7.8869354308e+01
1.3085546334e+00 1.2353658802e+00 8.7077348295e+01
1.3155238493e+00 1.3052311561e+00 7.4618284369e+01
1.3195201662e+00 1.2448440099e+00 8.5135479942e+01
1.3646384279e+00 1.2864465320e+00 8.0330188264e+01
1.3287672819e+00 1.2692073595e+00 8.0330188264e+01
1.3161781442e+00 1.3041381523e+00 7.4770307295e+01
1.2780554565e+00 1.3041870430e+00 7.2838192431e+01
1.3150502145e+00 1.2768025871e+00 7.8066427965e+01
1.3215431507e+00 1.3031613354e+00 7.5168205857e+01
1.3272024445e+00 1.2786502043e+00 7.8663362312e+01
1.3479116409e+00 1.2745984445e+00 8.1038494274e+01
1.4050654971e+00 1.2919534248e+00 8.3166473052e+01
1.3242664054e+00 1.2723960079e+00 7.9417207447e+01
1.3747917823e+00 1.2652906273e+00 8.8187569297e+01
1.3206892855e+00 1.2441104545e+00 8.5634214754e+01
1.2726562071e+00 1.2969363626e+00 7.3270912618e+01
1.3295158801e+00 1.2610257251e+00 8.2010933342e+01
1.3631824862e+00 1.2676695756e+00 8.4441244525e+01
1.3265397073e+00 1.2635648816e+00 8.1186923776e+01
1.3135380521e+00 1.2704508899e+00 7.8899089761e+01
1.3212204854e+00 1.2872599322e+00 7.7055083817e+01
1.3447178167e+00 1.3015241421e+00 7.6701551736e+01
1.2623111963e+00 1.2998755304e+00 7.2491868298e+01
1.3057398920e+00 1.2647244217e+00 7.9200889974e+01
1.3148596126e+00 1.2647639614e+00 7.9928877049e+01
1.3437991611e+00 1.2506766966e+00 8.8187569297e+01
1.3276633639e+00 1.2825693900e+00 7.8122004123e+01
1.2649199092e+00 1.3352422699e+00 6.9646621875e+01
1.3367656314e+00 1.2515911382e+00 8.5710183053e+01
1.3060458506e+00 1.3011205723e+00 7.4553578751e+01
1.3057853234e+00 1.2668587815e+00 7.8869354308e+01
1.2953002543e+00 1.2638390791e+00 7.8547294593e+01
1.2978242732e+00 1.3110941917e+00 7.3132060082e+01
1.3256079299e+00 1.3250366353e+00 7.3132060082e+01
1.3529757183e+00 1.2673405782e+00 8.3166473052e+01
1.3045525373e+00 1.3276174858e+00 7.1928951707e+01
1.3144306751e+00 1.2761109302e+00 7.8122004123e+01
1.3359807914e+00 1.2891626482e+00 7.7765205727e+01
1.3037635576e+00 1.2458061281e+00 8.2655493698e+01
1.3463505527e+00 1.3003315569e+00 7.6953114246e+01
1.3122838351e+00 1.2673397389e+00 7.9293068528e+01
1.3328526244e+00 1.2528831535e+00 8.4560892485e+01
1.3395543066e+00 1.2479287007e+00 8.9189483384e+01
1.3283508162e+00 1.2805676488e+00 7.8460999819e+01
1.3222593101e+00 1.2752778974e+00 7.8810117472e+01
1.2628192019e+00 1.2802325792e+00 7.4467713732e+01
1.3479246268e+00 1.3066843694e+00 7.6260135872e+01
1.3461389974e+00 1.2768099192e+00 8.0467675232e+01
1.3136451631e+00 1.2550757612e+00 8.1647897369e+01
1.3199537817e+00 1.3003625149e+00 7.5393835738e+01
1.2995333133e+00 1.2535148615e+00 8.0607155573e+01
1.3310979017e+00 1.2795729976e+00 7.8810117472e+01
1.3384417244e+00 1.2503519631e+00 8.6657708378e+01
1.3060241724e+00 1.2749087536e+00 7.7711219496e+01
1.3133658829e+00 1.2496917496e+00 8.2837107130e+01
1.3143148135e+00 1.2696741284e+00 7.9079181218e+01
1.2979464531e+00 1.2799316627e+00 7.6528203273e+01
1.3367009505e+00 1.2805450700e+00 7.9079181218e+01
1.3402880412e+00 1.2844164448e+00 7.8751188620e+01
1.3471570095e+00 1.2530051697e+00 8.7568287925e+01
1.3055702249e+00 1.3029101927e+00 7.4339777311e+01
1.2723109655e+00 1.2685694169e+00 7.6357016986e+01
1.3328139398e+00 1.2537954036e+00 8.4266437827e+01
1.3037175419e+00 1.2724155097e+00 7.7901209028e+01
1.2867067011e+00 1.2580826440e+00 7.8780614851e+01
1.3502965168e+00 1.2608125524e+00 8.4683224036e+01
1.3073782660e+00 1.2945343853e+00 7.5348437930e+01
1.2993316423e+00 1.2702609274e+00 7.7901209028e+01
1.2784824146e+00 1.2580570257e+00 7.8177837772e+01
1.3404703777e+00 1.2509453339e+00 8.6860516083e+01
1.2815490584e+00 1.3335046425e+00 7.0453108159e+01
1.3555240476e+00 1.2687415094e+00 8.3118460360e+01
1.3267719464e+00 1.2768915695e+00 7.8899089761e+01
1.3338026358e+00 1.2453845368e+00 8.8853746852e+01
1.3218149580e+00 1.2395009615e+00 8.9189483384e+01
1.3227181262e+00 1.2603975453e+00 8.1452825766e+01
1.2968507920e+00 1.3050618593e+00 7.3673952717e+01
1.2926964698e+00 1.3013421505e+00 7.3837904283e+01
1.3052331593e+00 1.2774459139e+00 7.7313531307e+01
1.3079550562e+00 1.2659972190e+00 7.9170336091e+01
1.2508580506e+00 1.2882856580e+00 7.3033555363e+01
1.3113695482e+00 1.2368961117e+00 8.6966995687e+01
1.2788817510e+00 1.2811281428e+00 7.5258052561e+01
1.3165557970e+00 1.2482439430e+00 8.3614735208e+01
1.2971297070e+00 1.2938489392e+00 7.4857846411e+01
1.3149059871e+00 1.2992709575e+00 7.5235540770e+01
1.3266111115e+00 1.3095141153e+00 7.4748499176e+01
1.3047909675e+00 1.2717783132e+00 7.8066427965e+01
1.2926585339e+00 1.3140699397e+00 7.2606566992e+01
1.3171670278e+00 1.2860587351e+00 7.6953114246e+01
1.3513506513e+00 1.2540641218e+00 8.8378926216e+01
1.3207767004e+00 1.2850759483e+00 7.7313531307e+01
1.3000587694e+00 1.2291067498e+00 8.9189483384e+01
1.3215563912e+00 1.3009536942e+00 7.5416586482e+01
1.2922081175e+00 1.3097045337e+00 7.2994308568e+01
1.3606477779e+00 1.2614235008e+00 8.6374684998e+01
1.3246100846e+00 1.2419321574e+00 8.7855467302e+01
1.3109674448e+00 1.2651656067e+00 7.9542802945e+01
1.3464141448e+00 1.2550608516e+00 8.6197674093e+01
1.3043936849e+00 1.2756663152e+00 7.7497569815e+01
1.2782912859e+00 1.2422081987e+00 8.0784447201e+01
1.3382073070e+00 1.2663317885e+00 8.1767142530e+01
1.3590300608e+00 1.2753370534e+00 8.1969790983e+01
1.2959202410e+00 1.2976811665e+00 7.4382309227e+01
1.3225458409e+00 1.2736792122e+00 7.9079181218e+01
1.3267136427e+00 1.2795769062e+00 7.8489693825e+01
1.3380870284e+00 1.2485223150e+00 8.7707378991e+01
1.3180288052e+00 1.2528714175e+00 8.2610784034e+01
1.2977078317e+00 1.2675274968e+00 7.8177837772e+01
1.3125647529e+00 1.2626959143e+00 8.0094133635e+01
1.2622201104e+00 1.3012730120e+00 7.2358966340e+01
1.3571953796e+00 1.2798090501e+00 8.0892464042e+01
1.3241883663e+00 1.2974441301e+00 7.5973430165e+01
1.3300684962e+00 1.3025408962e+00 7.5715571564e+01
1.3035352668e+00 1.2874433794e+00 7.5949796914e+01
1.3236004916e+00 1.2416348369e+00 8.7707378991e+01
1.3010209788e+00 1.2620366536e+00 7.9262255454e+01
1.3229831393e+00 1.2771790399e+00 7.8576202428e+01
1.2736844711e+00 1.3089946021e+00 7.2189503547e+01
1.3507686233e+00 1.2550840255e+00 8.7311596302e+01
1.3323052461e+00 1.2468819264e+00 8.6966995687e+01
1.2918679483e+00 1.2477098916e+00 8.1001766381e+01
1.3235425039e+00 1.2534630305e+00 8.3118460360e+01
1.3519151586e+00 1.2640153966e+00 8.3931863986e+01
1.2791649230e+00 1.2969681286e+00 7.3592574728e+01
1.3579917523e+00 1.2667127337e+00 8.3986338075e+01
1.2925506971e+00 1.2548457358e+00 7.9766261626e+01
1.3390449104e+00 1.2519337357e+00 8.6028533830e+01
1.2564738977e+00 1.3209679152e+00 7.0418868377e+01
1.3120975932e+00 1.2885021671e+00 7.6332733555e+01
1.3760349622e+00 1.2662467371e+00 8.7855467302e+01
1.2949883347e+00 1.2863810913e+00 7.5576824649e+01
1.3392772902e+00 1.2643862258e+00 8.2305046547e+01
1.3121491526e+00 1.3090445860e+00 7.4045148973e+01
1.3061194307e+00 1.2691412365e+00 7.8547294593e+01
1.3469089375e+00 1.2620095275e+00 8.3824351811e+01
1.3425245722e+00 1.2791079242e+00 7.9766261626e+01
1.2854919616e+00 1.2906410899e+00 7.4575117862e+01
1.3549291976e+00 1.2684585746e+00 8.3118460360e+01
1.3098374682e+00 1.2453855649e+00 8.3512456048e+01
1.2911365574e+00 1.2771485811e+00 7.6454577770e+01
1.2811181864e+00 1.2562892443e+00 7.8634235730e+01
1.2809410866e+00 1.3091635024e+00 7.2510934134e+01
1.2984727417e+00 1.3003768411e+00 7.4233936959e+01
1.3169757078e+00 1.2534886059e+00 8.2347979715e+01
1.3390305062e+00 1.2620068599e+00 8.2837107130e+01
1.3216422629e+00 1.2912197309e+00 7.6577507130e+01
1.3286786394e+00 1.2811159937e+00 7.8403821928e+01
1.3128038429e+00 1.2637654378e+00 7.9928877049e+01
1.3188593906e+00 1.3344279091e+00 7.1965950507e+01
1.2943727319e+00 1.2926734312e+00 7.4835915371e+01
1.2757580388e+00 1.2659908288e+00 7.6902422036e+01
1.3659044617e+00 1.2605559854e+00 8.8853746852e+01
1.3349089815e+00 1.2512635669e+00 8.5486104849e+01
1.3383689265e+00 1.2473668514e+00 8.9189483384e+01
1.3005352892e+00 1.3018150414e+00 7.4191794234e+01
1.3129457153e+00 1.2483702042e+00 8.3118460360e+01
1.3501150255e+00 1.2531107375e+00 8.8853746852e+01
1.3508781356e+00 1.2870055948e+00 7.9139867144e+01
1.3002020283e+00 1.2576316495e+00 7.9928877049e+01
1.3380407594e+00 1.2481317890e+00 8.8014565082e+01
1.2943995820e+00 1.2664809709e+00 7.8094184084e+01
1.3141985383e+00 1.2536508392e+00 8.2010933342e+01
1.3191538184e+00 1.2823211780e+00 7.7577264583e+01
1.3622468936e+00 1.2681658968e+00 8.4152793230e+01
1.3358325742e+00 1.2507767692e+00 8.5866297957e+01
1.3455586257e+00 1.2537284647e+00 8.6657708378e+01
1.3049317890e+00 1.2489862550e+00 8.2052287288e+01
1.3154320441e+00 1.2939244927e+00 7.5879129711e+01
1.2916422707e+00 1.3225346738e+00 7.1800028481e+01
1.3166564359e+00 1.2629671381e+00 8.0398687958e+01
1.3091682965e+00 1.2870567566e+00 7.6332733555e+01
1.3277929263e+00 1.2452872107e+00 8.6657708378e+01
1.3207572140e+00 1.2423004184e+00 8.6466509507e+01
1.3139080877e+00 1.2360963226e+00 8.8596120629e+01
1.3044425634e+00 1.2952820591e+00 7.5101168461e+01
1.3414508848e+00 1.2521505226e+00 8.6466509507e+01
1.3167221021e+00 1.2607197107e+00 8.0820312794e+01
1.3255771046e+00 1.2991273815e+00 7.5855650848e+01
1.3199084914e+00 1.2575333214e+00 8.1767142530e+01
1.3511087398e+00 1.2656987678e+00 8.3361979075e+01
1.3238424351e+00 1.2448784892e+00 8.5946605487e+01
1.3153954475e+00 1.2380876496e+00 8.7436729029e+01
1.2851982319e+00 1.2987907100e+00 7.3714790034e+01
1.3636890563e+00 1.2596987159e+00 8.8596120629e+01
1.3166847418e+00 1.2507288992e+00 8.2976381855e+01
1.3250160088e+00 1.2528621070e+00 8.3461913920e+01
1.2841896816e+00 1.2579934658e+00 7.8605182622e+01
1.3100651322e+00 1.2556058095e+00 8.1186923776e+01
1.2887585846e+00 1.2860659272e+00 7.5258052561e+01
1.3277416658e+00 1.2497001471e+00 8.4808428882e+01
1.3174348912e+00 1.2473648488e+00 8.3986338075e+01
1.3213097487e+00 1.2508983487e+00 8.3512456048e+01
1.2972043927e+00 1.3134665066e+00 7.2877092002e+01
1.3229529558e+00 1.2531800957e+00 8.3118460360e+01
1.2722819407e+00 1.3274426818e+00 7.0556175101e+01
1.2955622147e+00 1.3116042082e+00 7.2974718097e+01
1.3140164851e+00 1.2381619192e+00 8.6966995687e+01
1.3144899744e+00 1.2668794516e+00 7.9542802945e+01
1.3433992640e+00 1.2703393392e+00 8.1452825766e+01
1.2934402723e+00 1.3084723789e+00 7.3171618697e+01
1.3458242726e+00 1.2780023797e+00 8.0228330525e+01
1.3614515705e+00 1.2610585149e+00 8.6757527902e+01
1.2860968707e+00 1.2795740710e+00 7.5855650848e+01
1.3441300052e+00 1.2547195776e+00 8.5866297957e+01
1.2681909493e+00 1.2761639678e+00 7.5213062491e+01
1.3441530487e+00 1.2638893462e+00 8.2976381855e+01
1.3007516037e+00 1.2797448470e+00 7.6726497234e+01
1.3187928321e+00 1.3076676150e+00 7.4532068904e+01
1.3471164688e+00 1.2951652305e+00 7.7684313766e+01
1.3010422343e+00 1.2607090764e+00 7.9479819877e+01
1.3153374795e+00 1.2525118980e+00 8.2391153680e+01
1.3430111366e+00 1.2610901568e+00 8.3563393325e+01
1.3433297146e+00 1.2550823852e+00 8.5559543476e+01
1.3061414524e+00 1.2360416950e+00 8.6112185454e+01
1.3229850603e+00 1.2806784556e+00 7.8066427965e+01
1.2849782863e+00 1.2641566994e+00 7.7765205727e+01
1.2626421922e+00 1.2821471529e+00 7.4255049545e+01
1.3229194147e+00 1.2781179514e+00 7.8432376026e+01
1.3073608417e+00 1.2722627323e+00 7.8177837772e+01
1.3421345003e+00 1.2532159060e+00 8.6112185454e+01
1.3385168810e+00 1.2638334496e+00 8.2347979715e+01
1.3243417123e+00 1.2443792119e+00 8.6285126569e+01
1.3063541116e+00 1.2427808740e+00 8.3771288937e+01
1.3515334901e+00 1.2643970651e+00 8.3771288937e+01
1.3604083851e+00 1.2581533211e+00 8.8596120629e+01
1.3014509439e+00 1.2816647277e+00 7.6528203273e+01
1.3373578062e+00 1.2518728239e+00 8.5710183053e+01
1.2819519917e+00 1.3467039571e+00 6.9449743411e+01
1.3038154255e+00 1.2718814216e+00 7.7983538712e+01
1.3282796016e+00 1.2780109473e+00 7.8839697086e+01
1.2887116401e+00 1.2926577858e+00 7.4532068904e+01
1.3178710608e+00 1.2595707521e+00 8.1149584901e+01
1.3230580863e+00 1.2683576253e+00 7.9994655462e+01
1.3246709715e+00 1.2497174097e+00 8.4324110442e+01
1.3114913450e+00 1.2781762523e+00 7.7630675173e+01
1.3326010449e+00 1.2789462187e+00 7.9018826610e+01
1.3481174358e+00 1.2752703364e+00 8.0928753038e+01
1.3176409666e+00 1.2558752272e+00 8.1888128163e+01
1.3491141734e+00 1.2628713091e+00 8.3877872787e+01
1.3458242726e+00 1.2780023797e+00 8.0228330525e+01
1.3547487511e+00 1.2554840028e+00 8.8596120629e+01
1.3281533966e+00 1.2436187179e+00 8.7855467302e+01
1.3270790076e+00 1.2525445664e+00 8.3824351811e+01
1.3414637299e+00 1.2678928068e+00 8.1767142530e+01
1.3392606016e+00 1.2525922000e+00 8.5787518542e+01
1.3485500027e+00 1.2529249937e+00 8.8187569297e+01
1.2925480939e+00 1.2578910658e+00 7.9262255454e+01
1.3277986103e+00 1.2553170612e+00 8.3166473052e+01
1.3170161348e+00 1.2608619811e+00 8.0820312794e+01
1.2660938255e+00 1.3174584689e+00 7.1114994107e+01
1.3483627548e+00 1.2794149200e+00 8.0194610813e+01
1.3423158124e+00 1.2499741038e+00 8.8187569297e+01
1.3321018385e+00 1.2562549310e+00 8.3461913920e+01
1.3275227763e+00 1.2621448209e+00 8.1569331007e+01
1.3537987690e+00 1.2581867135e+00 8.6374684998e+01
1.3470898117e+00 1.3048760110e+00 7.6430123055e+01
1.3286786394e+00 1.2811159937e+00 7.8403821928e+01
1.3257927550e+00 1.2472873820e+00 8.5342693277e+01
1.3793609984e+00 1.2743668425e+00 8.4745454571e+01
1.3071469534e+00 1.2328650426e+00 8.8596120629e+01
1.3054321797e+00 1.2324092833e+00 8.8187569297e+01
1.3179413235e+00 1.2481652560e+00 8.3824351811e+01
1.2946548091e+00 1.2644845243e+00 7.8403821928e+01
1.3293667138e+00 1.2432773911e+00 8.8853746852e+01
1.3330862425e+00 1.2452282010e+00 8.8596120629e+01
1.2883342687e+00 1.2991487386e+00 7.3837904283e+01
1.2885203769e+00 1.2519257999e+00 7.9928877049e+01
1.2940881801e+00 1.2855353940e+00 7.5622927969e+01
1.3262743490e+00 1.2865876448e+00 7.7471115761e+01
1.2925596961e+00 1.3045401020e+00 7.3511587388e+01
1.3291899933e+00 1.2999051291e+00 7.5973430165e+01
1.2801534474e+00 1.2911827088e+00 7.4233936959e+01
1.3625879454e+00 1.2700214470e+00 8.3666491536e+01
1.3215563912e+00 1.3009536942e+00 7.5416586482e+01
1.2549874274e+00 1.3276916458e+00 6.9828709530e+01
1.3576319642e+00 1.2609297419e+00 8.5946605487e+01
1.2677644162e+00 1.3556233560e+00 6.8273356655e+01
1.3232408077e+00 1.2572556431e+00 8.2177652292e+01
1.3336275034e+00 1.2959068173e+00 7.6726497234e+01
1.3050820679e+00 1.2701785992e+00 7.8318572690e+01
1.3587037116e+00 1.2629287848e+00 8.5342693277e+01
1.3589179034e+00 1.2785261645e+00 8.1299894225e+01
1.2795419285e+00 1.2739411686e+00 7.6139968555e+01
1.2899305625e+00 1.2800978669e+00 7.6020814122e+01
1.3480880734e+00 1.2678424819e+00 8.2478240615e+01
1.3380175138e+00 1.2590822844e+00 8.3461913920e+01
1.2761896586e+00 1.2938387708e+00 7.3755727228e+01
1.3094380921e+00 1.2889740078e+00 7.6116057475e+01
1.3359810333e+00 1.2484445807e+00 8.7077348295e+01
1.3311551531e+00 1.2454141276e+00 8.7568287925e+01
1.3109026199e+00 1.2918854146e+00 7.5855650848e+01
1.3842892511e+00 1.2689980486e+00 8.9189483384e+01
1.3120024727e+00 1.2423505430e+00 8.4745454571e+01
1.3279748557e+00 1.2713122348e+00 7.9896146783e+01
1.3295671172e+00 1.2535485543e+00 8.3877872787e+01
1.3187145074e+00 1.2595999361e+00 8.1224420262e+01
1.2698455182e+00 1.2692981904e+00 7.6116057475e+01
1.2879496073e+00 1.2738017034e+00 7.6676652104e+01
1.3597658821e+00 1.2574801384e+00 8.9189483384e+01
1.2967349171e+00 1.2676292590e+00 7.8094184084e+01
1.3170584418e+00 1.2949270407e+00 7.5855650848e+01
1.3290995250e+00 1.2697500578e+00 8.0262165861e+01
1.3411544123e+00 1.2520098068e+00 8.6466509507e+01
1.3490643885e+00 1.2598540764e+00 8.4808428882e+01
1.2882593199e+00 1.2422069595e+00 8.1767142530e+01
1.3558277967e+00 1.2899740355e+00 7.9048962842e+01
1.3660385179e+00 1.2718452126e+00 8.3614735208e+01
1.3672632044e+00 1.2662250000e+00 8.5634214754e+01
1.3260782096e+00 1.2461298878e+00 8.5866297957e+01
1.3078677741e+00 1.2490955901e+00 8.2347979715e+01
1.3274749197e+00 1.2674382000e+00 8.0537160751e+01
1.3449751600e+00 1.2547494625e+00 8.6028533830e+01
1.2965704724e+00 1.2708431686e+00 7.7630675173e+01
1.3485068638e+00 1.2691776941e+00 8.2219886681e+01
1.3247827131e+00 1.2784430498e+00 7.8518458573e+01
1.3124819649e+00 1.3100281205e+00 7.3961938190e+01
1.3349167714e+00 1.2525662359e+00 8.5002097282e+01
1.3424180161e+00 1.2621210793e+00 8.3214823856e+01
1.3162518819e+00 1.2891628913e+00 7.6503617642e+01
1.3307250938e+00 1.3234433125e+00 7.3531797916e+01
1.3625419125e+00 1.2595293662e+00 8.8187569297e+01
1.3344783082e+00 1.2499473059e+00 8.5946605487e+01
1.3263215532e+00 1.2799689958e+00 7.8403821928e+01
1.2724209431e+00 1.2980433706e+00 7.3151828116e+01
1.3277182215e+00 1.2423102079e+00 8.9189483384e+01
1.3167353484e+00 1.2424039850e+00 8.5559543476e+01
1.2776617422e+00 1.3050173310e+00 7.2741315567e+01
1.3427375640e+00 1.2499894914e+00 8.8378926216e+01
1.3611162670e+00 1.2952553324e+00 7.8634235730e+01
1.3082291938e+00 1.2361257233e+00 8.6560781600e+01
1.3169144558e+00 1.3196503602e+00 7.3231126524e+01
1.3023930145e+00 1.2872745828e+00 7.5902646881e+01
1.3438126683e+00 1.2716794475e+00 8.1224420262e+01
1.3148724910e+00 1.2918559827e+00 7.6092186698e+01
1.3254720550e+00 1.2585168870e+00 8.2135643310e+01
1.3579661879e+00 1.2601569319e+00 8.6374684998e+01
1.3463579502e+00 1.2533666723e+00 8.7077348295e+01
1.3320589258e+00 1.2584826794e+00 8.2883230736e+01
1.3330456940e+00 1.3022004276e+00 7.5926202551e+01
1.3328615410e+00 1.2738669326e+00 7.9863521106e+01
1.3345082084e+00 1.2564704378e+00 8.3718672554e+01
1.3566635689e+00 1.2623367481e+00 8.5203558584e+01
1.2303669105e+00 1.3035691523e+00 7.0729130646e+01
1.3317733582e+00 1.2653264399e+00 8.1337875892e+01
1.3027105236e+00 1.3119047869e+00 7.3290840172e+01
1.3441421664e+00 1.2512082398e+00 8.7855467302e+01
1.3742197351e+00 1.2689418509e+00 8.5866297957e+01
1.3001922825e+00 1.2759407690e+00 7.7183666982e+01
1.3338755268e+00 1.2584143894e+00 8.3118460360e+01
1.3277778093e+00 1.2754479537e+00 7.9200889974e+01
1.3328323472e+00 1.2988983310e+00 7.6308492375e+01
1.2872838227e+00 1.2271553397e+00 8.6028533830e+01
1.3493160055e+00 1.2534720290e+00 8.8014565082e+01
1.2723811379e+00 1.3041881428e+00 7.2568252847e+01
1.2935242384e+00 1.2660503629e+00 7.8094184084e+01
1.3274004459e+00 1.2727617333e+00 7.9606163389e+01
1.3453619377e+00 1.2508631154e+00 8.8853746852e+01
1.3102974641e+00 1.3008116051e+00 7.4814015260e+01
1.2889113866e+00 1.2328873710e+00 8.4209337681e+01
1.2614143450e+00 1.3121018488e+00 7.1364548270e+01
1.3463920868e+00 1.2585848353e+00 8.4808428882e+01
1.3186680635e+00 1.2744961557e+00 7.8663362312e+01
1.2878764315e+00 1.2747457357e+00 7.6552833021e+01
1.2910183990e+00 1.2611600053e+00 7.8634235730e+01
1.3065847549e+00 1.2931398676e+00 7.5462192458e+01
1.2923942232e+00 1.2833026238e+00 7.5785442206e+01
1.3026830020e+00 1.2852368742e+00 7.6163920146e+01
1.3156030985e+00 1.2784355218e+00 7.7873888177e+01
1.3106913403e+00 1.2562865889e+00 8.1112401649e+01
1.3340526237e+00 1.2827548839e+00 7.8547294593e+01
1.3351111602e+00 1.2458217659e+00 8.9189483384e+01
1.3036315340e+00 1.2646536045e+00 7.9048962842e+01
1.3054141695e+00 1.2798848625e+00 7.7004000743e+01
1.3373025055e+00 1.2501805018e+00 8.6466509507e+01
1.2900622204e+00 1.2843261608e+00 7.5530865121e+01
1.3254024796e+00 1.2415754496e+00 8.8596120629e+01
1.3100117436e+00 1.2958409052e+00 7.5348437930e+01
1.3183725465e+00 1.2813520760e+00 7.7657465783e+01
1.3049522784e+00 1.2703083888e+00 7.8290292293e+01
1.2661290092e+00 1.3130581634e+00 7.1490541645e+01
1.2996331339e+00 1.2560249450e+00 8.0161005537e+01
1.3354952670e+00 1.2865760117e+00 7.8094184084e+01
1.2564056424e+00 1.2866461387e+00 7.3471238414e+01
1.3257327021e+00 1.2814337207e+00 7.8149888534e+01
1.2714643211e+00 1.2868045506e+00 7.4233936959e+01
1.3034556929e+00 1.2691884119e+00 7.8346920764e+01
1.3114634615e+00 1.2760195458e+00 7.7928590790e+01
1.3470733124e+00 1.2596551612e+00 8.4560892485e+01
1.3512574090e+00 1.2580991277e+00 8.5866297957e+01
1.3392432473e+00 1.2613565131e+00 8.3023421435e+01
1.3209804830e+00 1.2612620165e+00 8.1112401649e+01
1.3402336099e+00 1.3007284423e+00 7.6528203273e+01
1.3199627300e+00 1.2500656994e+00 8.3563393325e+01
1.3220014952e+00 1.2602410044e+00 8.1414339425e+01
1.3282436822e+00 1.2491981306e+00 8.5068338769e+01
1.2971889747e+00 1.2771994065e+00 7.6826743101e+01
1.3397441483e+00 1.2704886056e+00 8.1075372075e+01
1.3225936709e+00 1.2648893364e+00 8.0572093792e+01
1.3271639581e+00 1.2686237594e+00 8.0296118030e+01
1.2734313591e+00 1.3420607567e+00 6.9466080940e+01
1.3271952830e+00 1.2498102515e+00 8.4683224036e+01
1.3087854809e+00 1.2512244130e+00 8.1969790983e+01
1.3141742655e+00 1.2680682340e+00 7.9323969492e+01
1.3273320358e+00 1.2575302749e+00 8.2566341788e+01
1.3536463993e+00 1.2965577954e+00 7.7928590790e+01
1.3314605485e+00 1.2805249339e+00 7.8692562936e+01
1.2693000828e+00 1.2655036734e+00 7.6552833021e+01
1.2828762920e+00 1.2976201587e+00 7.3714790034e+01
1.3333279473e+00 1.2808489973e+00 7.8780614851e+01
1.2989680573e+00 1.3147705458e+00 7.2838192431e+01
1.3253388092e+00 1.3046347340e+00 7.5213062491e+01
1.2956626560e+00 1.3009997574e+00 7.4024306706e+01
1.3580191785e+00 1.2618584337e+00 8.5634214754e+01
1.3288357891e+00 1.2945519832e+00 7.6602225844e+01
1.3352095309e+00 1.2645150916e+00 8.1847601472e+01
1.3180473551e+00 1.3128047068e+00 7.3961938190e+01
1.3186989106e+00 1.2487147304e+00 8.3771288937e+01
1.3648354078e+00 1.2809664245e+00 8.1376023555e+01
1.3433102841e+00 1.2524774333e+00 8.6757527902e+01
1.3379567116e+00 1.2770969893e+00 7.9734044399e+01
1.3215206375e+00 1.2541762095e+00 8.2700475693e+01
1.3557000409e+00 1.2576002453e+00 8.7192030493e+01
1.3357985765e+00 1.2735579603e+00 8.0161005537e+01
1.2844120067e+00 1.2573368609e+00 7.8721838178e+01
1.3230133439e+00 1.2828393048e+00 7.7765205727e+01
1.3046508616e+00 1.3139108446e+00 7.3191431906e+01
1.3014611454e+00 1.2437626526e+00 8.2883230736e+01
1.3025761077e+00 1.2739931730e+00 7.7603941562e+01
1.2614459142e+00 1.3133785976e+00 7.1257204261e+01
1.2751756857e+00 1.2826579921e+00 7.4879808517e+01
1.3355672807e+00 1.3014371490e+00 7.6163920146e+01
1.3051114096e+00 1.2688408656e+00 7.8518458573e+01
1.2971409207e+00 1.2746311938e+00 7.7157849094e+01
1.2939612684e+00 1.2612617647e+00 7.8839697086e+01
1.2620974521e+00 1.2566700157e+00 7.7235456792e+01
1.3124724964e+00 1.2440557480e+00 8.4266437827e+01
1.3396472263e+00 1.2666433227e+00 8.1847601472e+01
1.3156271515e+00 1.2365512528e+00 8.9189483384e+01
1.3312649114e+00 1.2439957557e+00 8.9189483384e+01
1.3257615934e+00 1.2717756141e+00 7.9637987289e+01
1.3381331657e+00 1.2489129974e+00 8.7436729029e+01
1.3000587694e+00 1.2291067498e+00 8.9189483384e+01
1.3389067367e+00 1.2831645420e+00 7.8839697086e+01
1.3012696416e+00 1.2752996392e+00 7.7339661375e+01
1.3383689265e+00 1.2473668514e+00 8.9189483384e+01
1.3054305198e+00 1.2358840929e+00 8.6028533830e+01
1.2944097763e+00 1.3535929322e+00 6.9417105575e+01
1.2852808203e+00 1.3201339529e+00 7.1726752716e+01
1.3026696050e+00 1.2616945711e+00 7.9448467746e+01
1.3163831124e+00 1.2466745201e+00 8.4041308295e+01
1.3377564675e+00 1.2554077516e+00 8.4500744095e+01
1.2707678452e+00 1.2957743968e+00 7.3290840172e+01
1.3207510749e+00 1.2632378671e+00 8.0713127966e+01
1.3363521288e+00 1.2528785013e+00 8.5135479942e+01
1.3422493302e+00 1.2517892901e+00 8.6860516083e+01
1.3274893691e+00 1.2661120383e+00 8.0784447201e+01
1.3432149197e+00 1.2657035453e+00 8.2434572567e+01
1.3382659971e+00 1.2562098606e+00 8.4324110442e+01
1.3153600421e+00 1.2703757358e+00 7.9048962842e+01
1.3461934191e+00 1.2758778595e+00 8.0642347542e+01
1.2882115058e+00 1.2735398049e+00 7.6726497234e+01
1.3340270781e+00 1.2639475633e+00 8.1847601472e+01
1.3573091847e+00 1.2695903138e+00 8.3118460360e+01
1.2753625011e+00 1.3081897933e+00 7.2340059416e+01
1.3575542977e+00 1.2566226469e+00 8.8853746852e+01
1.3194598697e+00 1.2518762866e+00 8.3023421435e+01
1.3004844148e+00 1.3259760323e+00 7.1892025986e+01
1.3331861995e+00 1.2521128325e+00 8.4872174373e+01
1.3387897715e+00 1.2723192977e+00 8.0642347542e+01
1.3160910997e+00 1.2740134892e+00 7.8547294593e+01
1.3076753550e+00 1.2780604229e+00 7.7392081315e+01
1.2912643108e+00 1.3110860198e+00 7.2818774681e+01
1.2644807303e+00 1.3011902114e+00 7.2472822552e+01
1.3155919177e+00 1.2496434108e+00 8.3118460360e+01
1.2269740773e+00 1.3121696312e+00 6.9895314917e+01
1.3197518937e+00 1.2970556139e+00 7.5762114683e+01
1.2839886068e+00 1.3069900393e+00 7.2857631514e+01
1.3290109320e+00 1.2510490681e+00 8.4560892485e+01
1.2811529808e+00 1.2814691864e+00 7.5348437930e+01
1.3055284243e+00 1.2549167868e+00 8.0892464042e+01
1.3485962108e+00 1.2533164404e+00 8.7855467302e+01
1.3487900056e+00 1.2561869165e+00 8.6197674093e+01
1.3089862665e+00 1.2907383560e+00 7.5879129711e+01
1.3305922414e+00 1.2647581649e+00 8.1337875892e+01
1.2256242044e+00 1.3435325303e+00 6.7571741630e+01
1.3233876927e+00 1.2457690420e+00 8.5486104849e+01
1.3449751600e+00 1.2547494625e+00 8.6028533830e+01
1.3141031585e+00 1.2672662675e+00 7.9448467746e+01
1.3285568321e+00 1.2746689308e+00 7.9386038170e+01
1.3406139919e+00 1.2959508241e+00 7.7157849094e+01
1.3507227053e+00 1.2546920679e+00 8.7568287925e+01
1.3363420758e+00 1.2467735958e+00 8.8596120629e+01
1.3065756051e+00 1.2695574465e+00 7.8518458573e+01
1.2740286334e+00 1.2959997960e+00 7.3430984963e+01
1.3134615808e+00 1.2574386419e+00 8.1149584901e+01
1.2991478618e+00 1.2896458257e+00 7.5439372000e+01
1.2902051787e+00 1.2968409844e+00 7.4170763875e+01
1.3240516261e+00 1.2853049107e+00 7.7497569815e+01
1.2629356623e+00 1.2909823817e+00 7.3370782375e+01
1.3419180525e+00 1.2696292110e+00 8.1452825766e+01
1.3547269795e+00 1.2748073411e+00 8.1647897369e+01
1.3514681725e+00 1.2719195997e+00 8.1928856974e+01
1.3546626915e+00 1.2608294243e+00 8.5413839657e+01
1.2939271437e+00 1.2460848523e+00 8.1530319164e+01
1.3062395712e+00 1.2594313705e+00 8.0127513527e+01
1.2963729252e+00 1.2649429944e+00 7.8460999819e+01
1.3380871206e+00 1.2651386423e+00 8.2010933342e+01
1.3409024031e+00 1.3000596491e+00 7.6651798080e+01
1.3138924139e+00 1.2382859904e+00 8.6860516083e+01
1.3154242767e+00 1.3088412803e+00 7.4233936959e+01
1.3074274655e+00 1.2586791141e+00 8.0364377815e+01
1.3396948907e+00 1.2657198825e+00 8.2052287288e+01
1.3380993979e+00 1.2787081097e+00 7.9479819877e+01
1.3514761651e+00 1.2539386080e+00 8.8596120629e+01
1.3224626180e+00 1.2794500332e+00 7.8205852297e+01
1.3267773313e+00 1.2786374419e+00 7.8634235730e+01
1.3272050506e+00 1.2524185234e+00 8.3877872787e+01
1.3149513602e+00 1.2909012886e+00 7.6211945708e+01
1.3520355150e+00 1.2691582236e+00 8.2610784034e+01
1.3402074690e+00 1.2498971199e+00 8.7436729029e+01
1.2762779144e+00 1.2754656417e+00 7.5762114683e+01
1.3306576658e+00 1.2520214074e+00 8.4500744095e+01
1.3390747605e+00 1.2694056571e+00 8.1224420262e+01
1.3586593516e+00 1.2625343871e+00 8.5486104849e+01
1.3139451589e+00 1.2539042186e+00 8.1928856974e+01
1.3115416705e+00 1.2550005715e+00 8.1452825766e+01
1.3115542504e+00 1.3056917701e+00 7.4361029171e+01
1.3232863935e+00 1.2436915357e+00 8.6374684998e+01
1.2956881116e+00 1.2586649041e+00 7.9386038170e+01
1.3224309050e+00 1.2471616647e+00 8.4808428882e+01
1.3286704926e+00 1.2776200563e+00 7.8928904074e+01
1.3429841297e+00 1.2896252627e+00 7.8177837772e+01
1.2979306572e+00 1.2542477471e+00 8.0330188264e+01
1.3315065975e+00 1.2599091141e+00 8.2478240615e+01
1.3104523355e+00 1.2656807160e+00 7.9417207447e+01
1.3277182215e+00 1.2423102079e+00 8.9189483384e+01
1.3286756420e+00 1.2697364578e+00 8.0228330525e+01
1.2683000347e+00 1.2595649474e+00 7.7261429339e+01
1.3747396331e+00 1.2776666575e+00 8.3166473052e+01
1.3009793348e+00 1.2830096072e+00 7.6332733555e+01
1.3600406007e+00 1.2813613095e+00 8.0856317856e+01
1.3105006403e+00 1.3019230855e+00 7.4704974011e+01
1.3092637777e+00 1.2633803272e+00 7.9701926885e+01
1.3298461045e+00 1.2497774695e+00 8.5135479942e+01
1.3096591467e+00 1.2425192576e+00 8.4324110442e+01
1.2739328467e+00 1.2760715636e+00 7.5553826997e+01
1.2904419337e+00 1.2626062411e+00 7.8375337009e+01
1.3309836216e+00 1.2499493044e+00 8.5272615194e+01
1.3270206433e+00 1.2613361262e+00 8.1687457017e+01
1.3516607386e+00 1.2642698167e+00 8.3824351811e+01
1.3478373223e+00 1.2602050726e+00 8.4500744095e+01
1.2887278629e+00 1.3118718975e+00 7.2625754767e+01
1.2935620553e+00 1.2987278609e+00 7.4149760707e+01
1.2882107470e+00 1.2626631868e+00 7.8205852297e+01
1.3312471168e+00 1.2614799386e+00 8.2093856142e+01
1.3435927747e+00 1.2666399792e+00 8.2262350168e+01
1.3023844368e+00 1.2916541835e+00 7.5393835738e+01
1.3197511464e+00 1.2385177253e+00 8.9189483384e+01
1.3079507848e+00 1.3049112090e+00 7.4255049545e+01
1.2303183837e+00 1.3532339107e+00 6.7095699756e+01
1.3076798416e+00 1.2693256929e+00 7.8634235730e+01
1.3418544502e+00 1.2556827573e+00 8.5068338769e+01
1.3630657093e+00 1.2946280984e+00 7.8869354308e+01
1.3351502671e+00 1.2497120436e+00 8.6197674093e+01
1.3544839777e+00 1.2592546254e+00 8.6028533830e+01
1.3020265096e+00 1.2562423621e+00 8.0330188264e+01
1.3276900941e+00 1.2624144949e+00 8.1530319164e+01
1.3127514081e+00 1.3014255364e+00 7.4879808517e+01
1.3342231951e+00 1.2454003789e+00 8.9189483384e+01
1.3318712742e+00 1.2455705387e+00 8.7707378991e+01
1.2925157396e+00 1.2431558091e+00 8.2010933342e+01
1.3510200060e+00 1.2548326427e+00 8.7568287925e+01
1.3268467141e+00 1.2728779085e+00 7.9542802945e+01
1.3325875250e+00 1.2457269184e+00 8.7855467302e+01
1.2993369976e+00 1.2619789219e+00 7.9139867144e+01
1.3137831297e+00 1.2592970074e+00 8.0820312794e+01
1.3162364133e+00 1.2429029201e+00 8.5272615194e+01
1.3172828100e+00 1.2592864707e+00 8.1149584901e+01
1.3361834925e+00 1.2937900508e+00 7.7157849094e+01
1.3219930996e+00 1.2987619057e+00 7.5692355604e+01
1.3278115285e+00 1.2430886942e+00 8.8187569297e+01
1.3264056359e+00 1.2527815367e+00 8.3666491536e+01
1.2869965435e+00 1.2978657673e+00 7.3899804954e+01
1.3273648886e+00 1.2500769242e+00 8.4621711461e+01
1.2946992325e+00 1.3300052536e+00 7.1292919602e+01
1.3076693071e+00 1.2627950067e+00 7.9669908154e+01
1.2778195716e+00 1.2713154141e+00 7.6357016986e+01
1.3033747039e+00 1.2893523515e+00 7.5715571564e+01
1.3036332554e+00 1.2485451489e+00 8.2010933342e+01
1.2602751765e+00 1.3534634266e+00 6.8149799120e+01
1.3286632405e+00 1.2623154056e+00 8.1647897369e+01
1.3309692184e+00 1.2438552934e+00 8.9189483384e+01
1.3180730172e+00 1.2676627607e+00 7.9701926885e+01
1.3243380653e+00 1.2570313606e+00 8.2347979715e+01
1.2715773118e+00 1.3281473108e+00 7.0470249679e+01
1.3561356537e+00 1.2791104679e+00 8.0928753038e+01
1.2972694700e+00 1.2867194719e+00 7.5669176471e+01
1.3285473096e+00 1.2829999540e+00 7.8122004123e+01
1.3270903888e+00 1.2708842525e+00 7.9896146783e+01
1.3441746478e+00 1.2503012099e+00 8.8853746852e+01
1.3138739733e+00 1.2779788284e+00 7.7819427566e+01
1.3082916386e+00 1.2604292857e+00 8.0127513527e+01
1.3001741794e+00 1.2720339180e+00 7.7711219496e+01
1.2994927030e+00 1.3067978459e+00 7.3633214528e+01
1.3044567994e+00 1.2394637142e+00 8.4500744095e+01
1.3103796090e+00 1.2518071177e+00 8.2010933342e+01
1.3018983305e+00 1.2376795094e+00 8.4683224036e+01
1.3268788329e+00 1.2422779018e+00 8.8596120629e+01
1.2797078500e+00 1.2702965603e+00 7.6602225844e+01
1.3198446404e+00 1.2392946930e+00 8.8187569297e+01
1.3599381000e+00 1.2577464579e+00 8.8853746852e+01
1.3502177914e+00 1.2639591531e+00 8.3718672554e+01
1.3383099500e+00 1.2763053605e+00 7.9896146783e+01
1.2783535151e+00 1.3126251310e+00 7.2077389913e+01
1.3574285278e+00 1.2567484168e+00 8.8596120629e+01
1.3359010631e+00 1.2918766116e+00 7.7392081315e+01
1.3273851866e+00 1.2710269133e+00 7.9896146783e+01
1.3382517516e+00 1.3507982515e+00 7.1400462359e+01
1.3061446510e+00 1.3154878454e+00 7.3112314516e+01
1.3286217045e+00 1.3123403478e+00 7.4553578751e+01
1.3000906195e+00 1.2564376249e+00 8.0127513527e+01
1.2979962934e+00 1.2659323435e+00 7.8432376026e+01
1.2636770427e+00 1.2711267135e+00 7.5530865121e+01
1.3523219685e+00 1.2539685804e+00 8.9189483384e+01
1.3391704623e+00 1.2518081838e+00 8.6112185454e+01
1.2913868281e+00 1.3070252718e+00 7.3211267821e+01
1.3624905474e+00 1.2745138824e+00 8.2522162191e+01
1.3408560085e+00 1.2794602880e+00 7.9574435566e+01
1.3157530333e+00 1.2822216081e+00 7.7365844600e+01
1.3504783968e+00 1.2733482556e+00 8.1530319164e+01
1.3270987312e+00 1.2477257807e+00 8.5413839657e+01
1.3127637412e+00 1.2546498998e+00 8.1647897369e+01
1.3443087101e+00 1.2562910503e+00 8.5272615194e+01
1.3574285278e+00 1.2567484168e+00 8.8596120629e+01
1.2902885767e+00 1.3046245430e+00 7.3390826340e+01
1.3492365693e+00 1.2539891936e+00 8.7568287925e+01
1.3665478235e+00 1.2612298513e+00 8.8378926216e+01
1.2785909510e+00 1.2910016188e+00 7.4170763875e+01
1.3284123854e+00 1.2669380209e+00 8.0713127966e+01
1.3410365849e+00 1.2486310123e+00 8.9189483384e+01
1.2742935088e+00 1.3206196110e+00 7.1203753930e+01
1.3209729823e+00 1.2429556546e+00 8.6197674093e+01
1.3248987214e+00 1.2625842860e+00 8.1224420262e+01
1.3258627319e+00 1.3063072912e+00 7.5056640173e+01
1.3127884537e+00 1.2803757654e+00 7.7418371854e+01
1.3449300293e+00 1.2543570611e+00 8.6197674093e+01
1.3350792791e+00 1.2515300643e+00 8.5413839657e+01
1.3411411500e+00 1.2568334914e+00 8.4560892485e+01
1.3016194300e+00 1.2401294376e+00 8.3877872787e+01
1.3338865895e+00 1.2496657049e+00 8.5946605487e+01
1.3620568412e+00 1.2626476449e+00 8.6112185454e+01
1.3205095379e+00 1.3050728797e+00 7.4901801823e+01
1.3706316546e+00 1.2672520759e+00 8.5866297957e+01
1.3278229218e+00 1.2491826126e+00 8.5002097282e+01
1.3051807958e+00 1.2805549821e+00 7.6902422036e+01
1.2866255091e+00 1.2620748013e+00 7.8177837772e+01
1.3011871575e+00 1.2819285140e+00 7.6479075887e+01
1.3119598562e+00 1.2637369908e+00 7.9863521106e+01
1.2945283245e+00 1.2981987309e+00 7.4255049545e+01
1.3438480790e+00 1.2571892871e+00 8.4872174373e+01
1.2702834330e+00 1.3141421811e+00 7.1581045961e+01
1.3539143566e+00 1.2567565427e+00 8.7192030493e+01
1.3856537422e+00 1.2813016621e+00 8.3563393325e+01
1.3047190218e+00 1.2626946192e+00 7.9448467746e+01
1.3233957146e+00 1.2899045716e+00 7.6851921864e+01
1.3120531136e+00 1.3043159056e+00 7.4532068904e+01
1.3085142981e+00 1.2798424715e+00 7.7209536111e+01
1.3161266201e+00 1.2648063059e+00 8.0027705704e+01
1.2919440698e+00 1.2828804420e+00 7.5808807284e+01
1.3064333137e+00 1.2514003641e+00 8.1687457017e+01
1.3284440061e+00 1.2782844675e+00 7.8810117472e+01
1.3631824862e+00 1.2676695756e+00 8.4441244525e+01
1.2962649643e+00 1.3113394323e+00 7.3033555363e+01
1.3040750150e+00 1.2385424369e+00 8.4745454571e+01
1.2982778708e+00 1.2399976494e+00 8.3461913920e+01
1.2787186795e+00 1.3271339693e+00 7.0851093365e+01
1.2857177265e+00 1.3530454023e+00 6.9125561756e+01
1.3239479994e+00 1.2735892081e+00 7.9200889974e+01
1.2913554606e+00 1.3597294993e+00 6.8853742721e+01
1.3395191848e+00 1.2667713641e+00 8.1807273904e+01
1.3444714334e+00 1.2504416863e+00 8.8853746852e+01
1.3115079975e+00 1.2345847803e+00 8.9189483384e+01
1.3148419605e+00 1.2813830926e+00 7.7418371854e+01
1.3587414967e+00 1.2620135087e+00 8.5710183053e+01
1.3341265795e+00 1.2555410178e+00 8.3931863986e+01
1.3119317639e+00 1.2589684587e+00 8.0713127966e+01
1.3382696300e+00 1.2614549926e+00 8.2883230736e+01
1.3069811398e+00 1.3186012779e+00 7.2857631514e+01
1.2910250242e+00 1.2628930198e+00 7.8375337009e+01
1.3288489832e+00 1.2656268745e+00 8.1001766381e+01
1.3043980786e+00 1.2330093521e+00 8.7311596302e+01
1.3137927383e+00 1.2409952738e+00 8.5559543476e+01
1.3444495085e+00 1.2600895869e+00 8.4041308295e+01
1.3508512831e+00 1.2672718367e+00 8.2929653666e+01
1.3262891582e+00 1.2813152384e+00 7.8205852297e+01
1.3276068277e+00 1.2703678137e+00 8.0027705704e+01
1.3092329199e+00 1.2542602025e+00 8.1376023555e+01
1.3555678796e+00 1.2651871257e+00 8.4096788508e+01
1.3226558892e+00 1.2818832062e+00 7.7873888177e+01
1.3564888760e+00 1.2726062465e+00 8.2305046547e+01
1.3685847990e+00 1.2666613226e+00 8.5710183053e+01
1.3181557742e+00 1.3012831781e+00 7.5190617570e+01
1.3247653570e+00 1.2409055847e+00 8.9189483384e+01
1.3383689265e+00 1.2473668514e+00 8.9189483384e+01
1.3602886839e+00 1.2696848593e+00 8.3461913920e+01
1.3356499433e+00 1.2719544533e+00 8.0433119990e+01
1.3350050311e+00 1.2533517384e+00 8.4745454571e+01
1.2958810285e+00 1.3314575459e+00 7.1221554412e+01
1.3284135346e+00 1.2494645812e+00 8.5002097282e+01
1.2715798663e+00 1.2788592934e+00 7.5101168461e+01
1.2960412189e+00 1.3168207748e+00 7.2510934134e+01
1.2639545480e+00 1.2886587292e+00 7.3653571278e+01
1.2582638434e+00 1.2973942355e+00 7.2530020127e+01
1.3353553372e+00 1.2490702768e+00 8.6560781600e+01
1.2943098174e+00 1.3124186563e+00 7.2838192431e+01
1.3216748953e+00 1.2701779063e+00 7.9574435566e+01
1.3416706404e+00 1.2874244820e+00 7.8403821928e+01
1.3708153969e+00 1.2714663024e+00 8.4382373156e+01
1.2793632866e+00 1.2776000776e+00 7.5692355604e+01
1.2818543071e+00 1.3069393804e+00 7.2760648706e+01
1.3229525339e+00 1.2785224625e+00 7.8375337009e+01
1.3457478881e+00 1.2566024425e+00 8.5413839657e+01
1.3305131971e+00 1.2827870891e+00 7.8290292293e+01
1.3341915860e+00 1.2463048648e+00 8.8014565082e+01
1.3360200967e+00 1.2728983682e+00 8.0296118030e+01
1.3131020555e+00 1.2826856619e+00 7.7132082137e+01
1.3282701710e+00 1.2469904961e+00 8.5946605487e+01
1.3391146285e+00 1.2575477848e+00 8.4041308295e+01
1.3177820863e+00 1.2383110630e+00 8.8187569297e+01
1.3366343303e+00 1.2981722754e+00 7.6626989411e+01
1.3535283746e+00 1.2672266308e+00 8.3263520051e+01
1.3391349207e+00 1.2527178809e+00 8.5710183053e+01
1.3333964256e+00 1.2466635745e+00 8.7436729029e+01
1.3415511728e+00 1.2494274734e+00 8.8378926216e+01
1.2786995597e+00 1.2660897855e+00 7.7080699799e+01
1.2850698400e+00 1.2601539580e+00 7.8346920764e+01
1.3318712742e+00 1.2455705387e+00 8.7707378991e+01
1.2995248893e+00 1.3015124769e+00 7.4170763875e+01
1.3085820955e+00 1.2466409377e+00 8.3023421435e+01
1.2930007524e+00 1.2988520492e+00 7.4107835512e+01
1.3193586178e+00 1.2777411803e+00 7.8233932577e+01
1.3400942080e+00 1.2513215036e+00 8.6560781600e+01
1.3380870284e+00 1.2485223150e+00 8.7707378991e+01
1.3561563744e+00 1.2628439426e+00 8.4936720171e+01
1.3870548455e+00 1.2732840366e+00 8.6657708378e+01
1.2680595208e+00 1.2862934949e+00 7.4107835512e+01
1.3372019552e+00 1.2940894027e+00 7.7183666982e+01
1.3277089687e+00 1.2519146053e+00 8.4096788508e+01
1.3511759099e+00 1.2586187232e+00 8.5634214754e+01
1.2991501757e+00 1.2482462572e+00 8.1608522897e+01
1.3106890781e+00 1.2358382267e+00 8.7436729029e+01
1.2765670655e+00 1.2777859502e+00 7.5507938852e+01
1.3137123231e+00 1.2742075530e+00 7.8346920764e+01
1.3255530713e+00 1.2593092394e+00 8.1969790983e+01
1.2963915886e+00 1.2284396740e+00 8.7855467302e+01
1.3542224250e+00 1.2582013009e+00 8.6466509507e+01
1.2757295915e+00 1.3065129081e+00 7.2510934134e+01
1.3229779498e+00 1.2754341500e+00 7.8839697086e+01
1.2956636738e+00 1.2665230529e+00 7.8177837772e+01
1.3236468020e+00 1.2420241397e+00 8.7436729029e+01
1.3395655916e+00 1.2842610608e+00 7.8721838178e+01
1.2974425258e+00 1.2564755182e+00 7.9896146783e+01
1.3653146031e+00 1.2800471272e+00 8.1608522897e+01
1.3323881867e+00 1.2616504336e+00 8.2177652292e+01
1.3314619789e+00 1.2529636351e+00 8.4324110442e+01
1.3472386476e+00 1.2678150533e+00 8.2391153680e+01
1.3109044231e+00 1.2709015273e+00 7.8634235730e+01
1.2644335962e+00 1.2677673768e+00 7.5973430165e+01
1.3562235363e+00 1.2741892540e+00 8.1928856974e+01
1.3131145849e+00 1.2656362108e+00 7.9637987289e+01
1.3107037022e+00 1.2371273318e+00 8.6657708378e+01
1.3049809966e+00 1.2550288972e+00 8.0820312794e+01
1.3202980131e+00 1.2658745352e+00 8.0194610813e+01
1.3391577064e+00 1.2579420918e+00 8.3931863986e+01
1.3079076120e+00 1.2442707923e+00 8.3563393325e+01
1.2979748993e+00 1.2803395442e+00 7.6479075887e+01
1.3480940529e+00 1.2538185983e+00 8.7311596302e+01
1.3310372947e+00 1.2822629915e+00 7.8403821928e+01
1.3439706781e+00 1.2509424416e+00 8.8014565082e+01
1.2537928995e+00 1.2740720825e+00 7.4639912012e+01
1.2525949491e+00 1.3008881480e+00 7.1947441945e+01
1.3167434001e+00 1.2389146787e+00 8.7311596302e+01
1.3445310512e+00 1.2521313621e+00 8.7311596302e+01
1.3380525133e+00 1.2734947503e+00 8.0364377815e+01
1.3388508024e+00 1.2490690738e+00 8.7568287925e+01
1.2951208236e+00 1.3015415898e+00 7.3941201104e+01
1.3446869802e+00 1.2559127802e+00 8.5486104849e+01
1.3555997181e+00 1.2616463024e+00 8.5272615194e+01
1.3646238307e+00 1.2745790340e+00 8.2745735086e+01
1.3476302652e+00 1.2634788040e+00 8.3512456048e+01
1.3393993677e+00 1.2774081399e+00 7.9798579510e+01
1.2523974994e+00 1.3254806165e+00 6.9895314917e+01
1.3106879379e+00 1.2929755781e+00 7.5715571564e+01
1.3143577284e+00 1.2609029387e+00 8.0572093792e+01
1.2953481966e+00 1.2464006710e+00 8.1608522897e+01
1.3301107957e+00 1.2460222559e+00 8.6860516083e+01
1.3502404187e+00 1.2529853442e+00 8.9189483384e+01
1.3256509575e+00 1.2413269717e+00 8.9189483384e+01
1.3381657044e+00 1.2480068439e+00 8.8187569297e+01
1.2864129037e+00 1.2823080206e+00 7.5553826997e+01
1.3103386480e+00 1.3165608505e+00 7.3211267821e+01
1.3384754226e+00 1.2494444535e+00 8.7192030493e+01
1.3288096162e+00 1.2827376474e+00 7.8177837772e+01
1.3553133006e+00 1.2654417048e+00 8.3986338075e+01
1.3310790190e+00 1.2520366526e+00 8.4560892485e+01
1.3433136715e+00 1.2866598718e+00 7.8634235730e+01
1.3110396829e+00 1.2760064802e+00 7.7901209028e+01
1.3503022786e+00 1.2634363245e+00 8.3877872787e+01
1.3122120236e+00 1.2730870084e+00 7.8403821928e+01
1.2251925787e+00 1.3295954334e+00 6.8522500326e+01
1.3077088145e+00 1.2885162386e+00 7.6068356017e+01
1.3397723232e+00 1.2485844464e+00 8.8378926216e+01
1.3124734429e+00 1.2632234042e+00 7.9994655462e+01
1.3166106522e+00 1.2425286812e+00 8.5486104849e+01
1.3524674328e+00 1.2906941533e+00 7.8692562936e+01
1.3637375815e+00 1.2688718109e+00 8.4152793230e+01
1.3383268771e+00 1.2517777119e+00 8.5946605487e+01
1.3172298754e+00 1.2493123667e+00 8.3411757846e+01
1.2973510531e+00 1.2700625879e+00 7.7792286999e+01
1.3342558869e+00 1.2580340293e+00 8.3263520051e+01
1.3170349271e+00 1.2861908358e+00 7.6927743997e+01
1.3250110163e+00 1.2441457184e+00 8.6560781600e+01
1.2352647848e+00 1.3086557289e+00 7.0521761214e+01
1.2873290745e+00 1.2857510625e+00 7.5213062491e+01
1.3048170150e+00 1.2756794358e+00 7.7524079068e+01
1.3426918031e+00 1.2544079951e+00 8.5710183053e+01
1.2888458562e+00 1.3152554373e+00 7.2321172068e+01
1.3344133508e+00 1.2530696565e+00 8.4745454571e+01
1.2683394649e+00 1.2890590438e+00 7.3837904283e+01
1.3384048883e+00 1.2683235853e+00 8.1376023555e+01
1.3125135571e+00 1.2383603767e+00 8.6466509507e+01
1.3076753550e+00 1.2780604229e+00 7.7392081315e+01
1.3220988546e+00 1.2479295748e+00 8.4500744095e+01
1.3175624555e+00 1.2782252620e+00 7.8038735323e+01
1.3392809056e+00 1.2700756312e+00 8.1112401649e+01
1.3409903571e+00 1.2731865875e+00 8.0677671172e+01
1.3523368376e+00 1.2679794589e+00 8.2929653666e+01
1.2864814518e+00 1.2857266456e+00 7.5168205857e+01
1.3215375300e+00 1.2917627562e+00 7.6503617642e+01
1.3252037361e+00 1.2955512693e+00 7.6260135872e+01
1.3202342354e+00 1.2935043678e+00 7.6211945708e+01
1.3213298556e+00 1.2950391636e+00 7.6092186698e+01
1.3013706863e+00 1.2612514809e+00 7.9417207447e+01
1.3205052574e+00 1.2486514773e+00 8.4041308295e+01
1.3629578845e+00 1.2749258460e+00 8.2478240615e+01
1.3255397517e+00 1.2663130499e+00 8.0572093792e+01
1.3164858279e+00 1.2771155795e+00 7.8122004123e+01
1.2888402070e+00 1.3073848461e+00 7.3053211840e+01
1.3290312470e+00 1.2475380337e+00 8.5866297957e+01
1.3261358553e+00 1.2609103078e+00 8.1687457017e+01
1.3208022132e+00 1.2553308384e+00 8.2347979715e+01
1.3371983994e+00 1.2481006326e+00 8.7707378991e+01
1.2930293659e+00 1.2844124469e+00 7.5692355604e+01
1.3119649008e+00 1.2886348595e+00 7.6308492375e+01
1.2903533022e+00 1.2844712096e+00 7.5530865121e+01
1.3084300224e+00 1.3004884426e+00 7.4748499176e+01
1.3259856430e+00 1.2553837829e+00 8.2929653666e+01
1.3145554102e+00 1.2724907528e+00 7.8663362312e+01
1.3092345762e+00 1.2839296429e+00 7.6726497234e+01
1.2555576451e+00 1.2835860635e+00 7.3735246099e+01
1.3149646415e+00 1.2869480098e+00 7.6701551736e+01
1.3488138355e+00 1.2539741990e+00 8.7436729029e+01
1.3045474295e+00 1.2776950700e+00 7.7235456792e+01
1.3071756705e+00 1.2912364293e+00 7.5715571564e+01
1.2886856348e+00 1.2704536986e+00 7.7157849094e+01
1.3111604219e+00 1.2793811834e+00 7.7444716555e+01
1.3704069430e+00 1.2652787189e+00 8.6757527902e+01
1.2954122112e+00 1.2820296016e+00 7.6116057475e+01
1.3216389730e+00 1.2697767386e+00 7.9637987289e+01
1.3324445298e+00 1.2856785900e+00 7.8011105717e+01
1.3647104062e+00 1.2599940799e+00 8.8853746852e+01
1.3034606486e+00 1.3006406448e+00 7.4467713732e+01
1.3033115459e+00 1.2536518183e+00 8.0928753038e+01
1.3416296683e+00 1.2489119369e+00 8.9189483384e+01
1.3001904078e+00 1.2637382290e+00 7.8928904074e+01
1.3305537341e+00 1.2486334384e+00 8.5710183053e+01
1.2949507915e+00 1.2337811906e+00 8.4872174373e+01
1.3298971074e+00 1.2514723186e+00 8.4560892485e+01
1.3436761592e+00 1.2762014531e+00 8.0364377815e+01
1.3464832158e+00 1.2606832071e+00 8.4152793230e+01
1.2923490883e+00 1.2894568622e+00 7.5078888084e+01
1.3214255257e+00 1.2420675967e+00 8.6757527902e+01
1.3164712927e+00 1.3042837126e+00 7.4770307295e+01
1.3484007280e+00 1.2723542774e+00 8.1530319164e+01
1.3372679868e+00 1.2839257519e+00 7.8605182622e+01
1.3323913687e+00 1.2673332538e+00 8.1001766381e+01
1.3472898470e+00 1.2616286180e+00 8.3986338075e+01
1.3221515031e+00 1.3249707817e+00 7.2974718097e+01
1.3250755931e+00 1.2615337503e+00 8.1452825766e+01
1.3098073381e+00 1.2354164599e+00 8.7436729029e+01
1.2830181284e+00 1.2735101160e+00 7.6405711507e+01
1.2884179557e+00 1.2951343387e+00 7.4255049545e+01
1.3502156456e+00 1.2665918620e+00 8.3023421435e+01
1.3691537829e+00 1.3008912061e+00 7.8375337009e+01
1.3361556212e+00 1.2683834742e+00 8.1149584901e+01
1.3083218633e+00 1.2334270043e+00 8.8596120629e+01
1.3432343203e+00 1.2823480974e+00 7.9293068528e+01
1.3309639309e+00 1.2473505126e+00 8.6374684998e+01
1.3124195134e+00 1.2934331353e+00 7.5762114683e+01
1.3356927194e+00 1.2679707965e+00 8.1186923776e+01
1.3490700579e+00 1.2874947582e+00 7.8928904074e+01
1.2553163639e+00 1.3347882251e+00 6.9303260894e+01
1.3275655740e+00 1.2669102837e+00 8.0642347542e+01
1.2870103107e+00 1.2899952238e+00 7.4726721458e+01
1.3325944386e+00 1.2894768401e+00 7.7497569815e+01
1.3319307582e+00 1.2546785852e+00 8.3877872787e+01
1.3347970173e+00 1.2478820559e+00 8.7077348295e+01
1.3476997893e+00 1.2577149839e+00 8.5342693277e+01
1.3430113065e+00 1.2917952991e+00 7.7873888177e+01
1.2947876032e+00 1.2695765729e+00 7.7684313766e+01
1.2831669453e+00 1.3275039540e+00 7.1009010021e+01
1.3090518173e+00 1.2758104934e+00 7.7792286999e+01
1.3010475206e+00 1.2929910997e+00 7.5168205857e+01
1.3533288284e+00 1.2841152395e+00 7.9798579510e+01
1.3423277951e+00 1.2867673273e+00 7.8547294593e+01
1.3047604247e+00 1.2500275873e+00 8.1807273904e+01
1.2925499809e+00 1.2857644626e+00 7.5507938852e+01
1.3250760002e+00 1.2423376408e+00 8.7707378991e+01
1.2989094636e+00 1.2702472711e+00 7.7873888177e+01
1.3304794109e+00 1.2841358996e+00 7.8094184084e+01
1.3237187277e+00 1.2904582168e+00 7.6801611525e+01
1.2970532827e+00 1.2282112941e+00 8.8378926216e+01
1.3012343942e+00 1.3107510882e+00 7.3330764710e+01
1.3052712779e+00 1.2456026560e+00 8.2883230736e+01
1.3045595267e+00 1.2689566670e+00 7.8460999819e+01
1.3588146083e+00 1.2601857087e+00 8.6560781600e+01
1.3126365878e+00 1.2765940423e+00 7.7928590790e+01
1.3366436300e+00 1.2832339822e+00 7.8663362312e+01
1.3276580395e+00 1.2606987301e+00 8.1888128163e+01
1.2799182017e+00 1.2979599142e+00 7.3531797916e+01
1.2592374541e+00 1.3247514879e+00 7.0231568090e+01
1.2854223450e+00 1.3038082851e+00 7.3231126524e+01
1.3387759267e+00 1.2622614394e+00 8.2745735086e+01
1.2990689640e+00 1.2574592804e+00 7.9863521106e+01
1.3069309733e+00 1.2578687666e+00 8.0467675232e+01
1.3043029323e+00 1.2709577348e+00 7.8149888534e+01
1.3172311229e+00 1.2506182545e+00 8.3070778751e+01
1.2830973955e+00 1.2934718853e+00 7.4149760707e+01
1.3279645554e+00 1.2529683706e+00 8.3824351811e+01
1.3320849290e+00 1.2510307425e+00 8.5068338769e+01
1.3025104106e+00 1.2540178338e+00 8.0784447201e+01
1.3248873540e+00 1.2639063335e+00 8.0965186566e+01
1.3126471935e+00 1.2822659263e+00 7.7157849094e+01
1.3352893293e+00 1.2653104310e+00 8.1687457017e+01
1.3853436713e+00 1.2732317304e+00 8.6285126569e+01
1.3438993673e+00 1.2602019261e+00 8.3931863986e+01
1.3172311229e+00 1.2506182545e+00 8.3070778751e+01
1.2808403873e+00 1.2704683453e+00 7.6651798080e+01
1.3130694412e+00 1.2469404526e+00 8.3512456048e+01
1.3172411320e+00 1.2693682114e+00 7.9354959114e+01
1.3402710138e+00 1.2932171906e+00 7.7497569815e+01
1.3348444556e+00 1.2556971496e+00 8.3986338075e+01
1.3115537370e+00 1.2789878683e+00 7.7524079068e+01
1.3754280680e+00 1.2734551619e+00 8.4441244525e+01
1.3259856430e+00 1.2553837829e+00 8.2929653666e+01
1.3260189413e+00 1.2850901279e+00 7.7657465783e+01
1.2324437972e+00 1.3223442149e+00 6.9335726738e+01
1.3461274273e+00 1.2514097802e+00 8.8596120629e+01
1.3318053157e+00 1.2473818568e+00 8.6560781600e+01
1.3113090152e+00 1.2487008786e+00 8.2837107130e+01
1.3057117131e+00 1.2861410885e+00 7.6236020107e+01
1.2845909072e+00 1.2950326668e+00 7.4066017793e+01
1.2847382378e+00 1.3079888176e+00 7.2799378191e+01
1.2870473021e+00 1.2729625917e+00 7.6726497234e+01
1.3066459780e+00 1.2507525307e+00 8.1847601472e+01
1.2868208001e+00 1.2971681419e+00 7.3961938190e+01
1.3231691604e+00 1.2743680471e+00 7.9018826610e+01
1.3287750194e+00 1.2840869743e+00 7.7983538712e+01
1.2873919214e+00 1.2822006483e+00 7.5622927969e+01
1.2852757749e+00 1.2821378661e+00 7.5507938852e+01
1.3648486353e+00 1.2611727849e+00 8.7707378991e+01
1.3389764010e+00 1.2857280851e+00 7.8460999819e+01
1.2538625165e+00 1.2753030028e+00 7.4510588199e+01
1.3119776145e+00 1.2624107667e+00 8.0094133635e+01
1.3178994776e+00 1.2993465429e+00 7.5393835738e+01
1.3277503730e+00 1.2588589704e+00 8.2305046547e+01
1.3127361280e+00 1.2490151827e+00 8.2929653666e+01
1.3621635408e+00 1.2599077379e+00 8.7707378991e+01
1.3246837915e+00 1.2824826313e+00 7.7928590790e+01
1.3556848627e+00 1.2773639235e+00 8.1224420262e+01
1.3130877768e+00 1.2373513829e+00 8.7192030493e+01
1.3224798032e+00 1.2851245934e+00 7.7418371854e+01
1.2915989081e+00 1.2718942142e+00 7.7157849094e+01
1.3310216565e+00 1.2770207384e+00 7.9200889974e+01
1.2986008236e+00 1.2753514516e+00 7.7157849094e+01
1.3085812911e+00 1.2379460137e+00 8.5787518542e+01
1.3336611096e+00 1.2603775107e+00 8.2610784034e+01
1.3038709963e+00 1.2309327600e+00 8.9189483384e+01
1.3708779081e+00 1.2656869080e+00 8.6657708378e+01
1.2784132304e+00 1.2781150140e+00 7.5576824649e+01
1.2937941880e+00 1.2475204246e+00 8.1224420262e+01
1.3181474781e+00 1.2654048164e+00 8.0094133635e+01
1.3391028338e+00 1.2654362617e+00 8.2052287288e+01
1.3034815842e+00 1.2866230047e+00 7.6044565226e+01
1.2780493377e+00 1.2545853706e+00 7.8663362312e+01
1.3162893416e+00 1.2445912113e+00 8.4683224036e+01
1.3135337706e+00 1.2499593517e+00 8.2791277101e+01
1.3391138622e+00 1.2501167678e+00 8.6966995687e+01
1.3385511353e+00 1.2655501581e+00 8.1969790983e+01
1.3507686233e+00 1.2550840255e+00 8.7311596302e+01
1.3590450633e+00 1.2726856149e+00 8.2566341788e+01
1.3383163940e+00 1.2504772935e+00 8.6560781600e+01
1.3560334056e+00 1.2642828910e+00 8.4441244525e+01
1.2622718278e+00 1.2608264261e+00 7.6701551736e+01
1.3595362406e+00 1.2761494214e+00 8.1847601472e+01
1.3175704070e+00 1.2699126003e+00 7.9293068528e+01
1.3007463045e+00 1.2758229762e+00 7.7235456792e+01
1.3093370997e+00 1.2471911447e+00 8.2976381855e+01
1.3032934343e+00 1.2593287329e+00 7.9896146783e+01
1.2852803152e+00 1.2529952050e+00 7.9479819877e+01
1.3274521682e+00 1.2871631423e+00 7.7471115761e+01
1.3166946577e+00 1.2590021894e+00 8.1149584901e+01
1.2674182615e+00 1.2665178013e+00 7.6308492375e+01
1.3070972949e+00 1.2900025033e+00 7.5855650848e+01
1.3176581119e+00 1.2384350374e+00 8.8014565082e+01
1.2540935679e+00 1.3150631668e+00 7.0798732350e+01
1.2815412527e+00 1.2963368631e+00 7.3776233514e+01
1.3186013654e+00 1.2627680606e+00 8.0607155573e+01
1.3347827706e+00 1.2732596242e+00 8.0127513527e+01
1.3247597842e+00 1.2570461662e+00 8.2391153680e+01
1.3015913594e+00 1.2902614423e+00 7.5507938852e+01
1.3535583766e+00 1.2549220411e+00 8.8596120629e+01
1.2398898482e+00 1.3144631675e+00 7.0248524903e+01
1.3341451392e+00 1.2459148609e+00 8.8378926216e+01
1.3172082221e+00 1.2393200223e+00 8.7192030493e+01
1.2706397635e+00 1.2871939143e+00 7.4149760707e+01
1.2984441221e+00 1.2789976908e+00 7.6676652104e+01
1.2823915611e+00 1.2963592346e+00 7.3817321945e+01
1.3136537554e+00 1.2459208459e+00 8.3877872787e+01
1.2960071226e+00 1.3120352723e+00 7.2955149477e+01
1.3214724198e+00 1.2743152976e+00 7.8899089761e+01
1.2768303749e+00 1.3019204208e+00 7.2994308568e+01
1.3443714930e+00 1.2531657145e+00 8.6657708378e+01
1.3424968648e+00 1.2576653144e+00 8.4500744095e+01
1.3605292065e+00 1.2628585658e+00 8.5710183053e+01
1.3113312932e+00 1.3098624455e+00 7.3920490059e+01
1.3570267706e+00 1.2751432525e+00 8.1807273904e+01
1.2616217080e+00 1.2740498408e+00 7.5078888084e+01
1.3481839683e+00 1.2888204614e+00 7.8663362312e+01
1.3216342241e+00 1.2636648079e+00 8.0713127966e+01
1.3167916653e+00 1.2571606099e+00 8.1530319164e+01
1.3276612587e+00 1.2790672149e+00 7.8634235730e+01
1.2647492592e+00 1.3048433105e+00 7.2152056638e+01
1.2991095237e+00 1.3111232302e+00 7.3191431906e+01
1.3302071741e+00 1.3125144564e+00 7.4618284369e+01
1.3461274273e+00 1.2514097802e+00 8.8596120629e+01
1.3016759414e+00 1.2871177462e+00 7.5879129711e+01
1.2528587669e+00 1.3451158745e+00 6.8459957167e+01
1.3131681948e+00 1.2616563170e+00 8.0330188264e+01
1.2609012807e+00 1.2999792722e+00 7.2415805206e+01
1.3108409352e+00 1.2382940505e+00 8.6112185454e+01
1.2903261200e+00 1.2548976780e+00 7.9574435566e+01
1.3304522373e+00 1.2592153599e+00 8.2522162191e+01
1.3181686955e+00 1.2719358934e+00 7.9018826610e+01
1.3223354316e+00 1.2607802399e+00 8.1337875892e+01
1.3048442501e+00 1.2817650933e+00 7.6726497234e+01
1.3104343195e+00 1.2395700909e+00 8.5486104849e+01
1.3146203615e+00 1.2362535723e+00 8.8853746852e+01
1.3605185674e+00 1.2760462487e+00 8.1969790983e+01
1.3352180062e+00 1.2478976654e+00 8.7192030493e+01
1.3208383014e+00 1.2570398145e+00 8.1969790983e+01
1.3381745321e+00 1.2646135024e+00 8.2135643310e+01
1.3074246956e+00 1.2748178039e+00 7.7819427566e+01
1.3125411485e+00 1.2566155862e+00 8.1224420262e+01
1.3181686955e+00 1.2719358934e+00 7.9018826610e+01
1.3145844827e+00 1.2855776965e+00 7.6851921864e+01
1.3409147576e+00 1.2868629171e+00 7.8432376026e+01
1.2900217841e+00 1.3263472351e+00 7.1400462359e+01
1.3194468838e+00 1.2466596957e+00 8.4500744095e+01
1.3109255799e+00 1.2879240029e+00 7.6332733555e+01
1.3306089231e+00 1.3147528072e+00 7.4403617595e+01
1.3250160088e+00 1.2528621070e+00 8.3461913920e+01
1.2646475873e+00 1.2914455620e+00 7.3410893841e+01
1.3148358140e+00 1.2503995145e+00 8.2837107130e+01
1.3497460639e+00 1.2674999566e+00 8.2745735086e+01
1.3236219906e+00 1.2997657816e+00 7.5669176471e+01
1.3348880017e+00 1.2600251180e+00 8.2837107130e+01
1.3284289043e+00 1.2533770461e+00 8.3771288937e+01
1.3333672307e+00 1.2672325297e+00 8.1112401649e+01
1.3388785889e+00 1.2674119601e+00 8.1608522897e+01
1.3423158124e+00 1.2499741038e+00 8.8187569297e+01
1.3445074990e+00 1.2543420838e+00 8.6112185454e+01
1.3118933677e+00 1.2585709461e+00 8.0784447201e+01
1.3042045211e+00 1.2732372917e+00 7.7819427566e+01
1.3448393696e+00 1.2535727303e+00 8.6560781600e+01
1.2937705553e+00 1.2945862142e+00 7.4596686360e+01
1.3475353666e+00 1.2679567492e+00 8.2391153680e+01
1.3171330520e+00 1.2563831418e+00 8.1727204497e+01
1.3262637061e+00 1.2883516044e+00 7.7235456792e+01
1.3406151367e+00 1.2486154934e+00 8.8853746852e+01
1.3042136229e+00 1.2828325402e+00 7.6552833021e+01
1.2554325663e+00 1.3058833532e+00 7.1635555180e+01
1.2734313591e+00 1.3420607567e+00 6.9466080940e+01
1.2655860323e+00 1.3044423971e+00 7.2227026791e+01
1.3198502179e+00 1.2440784190e+00 8.5486104849e+01
1.3519038037e+00 1.2600816787e+00 8.5203558584e+01
1.3342163708e+00 1.3098251998e+00 7.5123481451e+01
1.3214911958e+00 1.2607513037e+00 8.1262076387e+01
1.3200411963e+00 1.2809961699e+00 7.7819427566e+01
1.3412073166e+00 1.2681492202e+00 8.1687457017e+01
1.3512110488e+00 1.2721767234e+00 8.1847601472e+01
1.3255419332e+00 1.2427432054e+00 8.7568287925e+01
1.3067162110e+00 1.2803299520e+00 7.7029517563e+01
1.3051460458e+00 1.2744775283e+00 7.7711219496e+01
1.3123417123e+00 1.2664090834e+00 7.9448467746e+01
1.2736453309e+00 1.2881059799e+00 7.4212851892e+01
1.3401020533e+00 1.2683783644e+00 8.1530319164e+01
1.3323913687e+00 1.2673332538e+00 8.1001766381e+01
1.3253115494e+00 1.2971985360e+00 7.6068356017e+01
1.3360966283e+00 1.2649407378e+00 8.1847601472e+01
1.3026074522e+00 1.2743980822e+00 7.7550643872e+01
1.2959405322e+00 1.2815012806e+00 7.6211945708e+01
1.3234814266e+00 1.2683713750e+00 8.0027705704e+01
1.3252076786e+00 1.2784558373e+00 7.8547294593e+01
1.3514761651e+00 1.2539386080e+00 8.8596120629e+01
1.3054119056e+00 1.2838187245e+00 7.6503617642e+01
1.3282310756e+00 1.2679939775e+00 8.0502355029e+01
1.3363420758e+00 1.2467735958e+00 8.8596120629e+01
1.3088859050e+00 1.2703012676e+00 7.8576202428e+01
1.3035279478e+00 1.2918224585e+00 7.5439372000e+01
1.3202640055e+00 1.2611054205e+00 8.1075372075e+01
1.3286419808e+00 1.2553469612e+00 8.3263520051e+01
1.3119623137e+00 1.2550156155e+00 8.1491484890e+01
1.3300822873e+00 1.2434339065e+00 8.9189483384e+01
1.2671579900e+00 1.2776313551e+00 7.4990089796e+01
1.2850035793e+00 1.2845889904e+00 7.5213062491e+01
1.3336011620e+00 1.2726893869e+00 8.0127513527e+01
1.3134076931e+00 1.3257951716e+00 7.2491868298e+01
1.3803096503e+00 1.2676930582e+00 8.8378926216e+01
1.3305312259e+00 1.2460380548e+00 8.6966995687e+01
1.3325895690e+00 1.2636354841e+00 8.1767142530e+01
1.2975640219e+00 1.3082886269e+00 7.3390826340e+01
1.2657118276e+00 1.3195872044e+00 7.0921123180e+01
1.3611936151e+00 1.2771298023e+00 8.1807273904e+01
1.3422035718e+00 1.2513978356e+00 8.7077348295e+01
1.3139514066e+00 1.2473645129e+00 8.3512456048e+01
1.3363478926e+00 1.2703805811e+00 8.0784447201e+01
1.3055556609e+00 1.2418407720e+00 8.3931863986e+01
1.2958309976e+00 1.2498272779e+00 8.0965186566e+01
1.3523219685e+00 1.2539685804e+00 8.9189483384e+01
1.2900077983e+00 1.2791489364e+00 7.6139968555e+01
1.2805777086e+00 1.2911944059e+00 7.4255049545e+01
1.3162007440e+00 1.2438091498e+00 8.4936720171e+01
1.3445783703e+00 1.2625880526e+00 8.3361979075e+01
1.2972536146e+00 1.2501428183e+00 8.1038494274e+01
1.3564409675e+00 1.2603665401e+00 8.5946605487e+01
1.3257688713e+00 1.2508004094e+00 8.4152793230e+01
1.3338413877e+00 1.2492742838e+00 8.6112185454e+01
1.3292107052e+00 1.2491037383e+00 8.5272615194e+01
1.3452962974e+00 1.2601184758e+00 8.4152793230e+01
1.3287665791e+00 1.2722707870e+00 7.9798579510e+01
1.3146753896e+00 1.2658210612e+00 7.9734044399e+01
1.3442815504e+00 1.2611332228e+00 8.3718672554e+01
1.3227598487e+00 1.2651600274e+00 8.0537160751e+01
1.2831665493e+00 1.3117465704e+00 7.2377892905e+01
1.3505700240e+00 1.2974326845e+00 7.7603941562e+01
1.3561563744e+00 1.2628439426e+00 8.4936720171e+01
1.2844633765e+00 1.3165739896e+00 7.2003022837e+01
1.3733734710e+00 1.2768307237e+00 8.3214823856e+01
1.2975404738e+00 1.2724879556e+00 7.7471115761e+01
1.3196197425e+00 1.2774800556e+00 7.8290292293e+01
1.3337905656e+00 1.2589364898e+00 8.2976381855e+01
1.3379319505e+00 1.2609176323e+00 8.2976381855e+01
1.2849096058e+00 1.2929685101e+00 7.4297357720e+01
1.3521752575e+00 1.2563051601e+00 8.6966995687e+01
1.2902793740e+00 1.2623339032e+00 7.8403821928e+01
1.3068479579e+00 1.2409830762e+00 8.4382373156e+01
1.3478629769e+00 1.2518616456e+00 8.9189483384e+01
1.3376821945e+00 1.2756180917e+00 7.9961712929e+01
1.3207235171e+00 1.2825022458e+00 7.7657465783e+01
1.3293667138e+00 1.2432773911e+00 8.8853746852e+01
1.3493302337e+00 1.2731798517e+00 8.1452825766e+01
1.3177613973e+00 1.2570631146e+00 8.1647897369e+01
1.3177902790e+00 1.2758111284e+00 7.8403821928e+01
1.3675913335e+00 1.2641393447e+00 8.6657708378e+01
1.3453835262e+00 1.2622208704e+00 8.3563393325e+01
1.3816670589e+00 1.2733825515e+00 8.5486104849e+01
1.3268119223e+00 1.2825446145e+00 7.8066427965e+01
1.2965357677e+00 1.2652155430e+00 7.8432376026e+01
1.2926590826e+00 1.2830377644e+00 7.5832210102e+01
1.3122001449e+00 1.2696058055e+00 7.8928904074e+01
1.3425194777e+00 1.2493333239e+00 8.9189483384e+01
1.3145554102e+00 1.2724907528e+00 7.8663362312e+01
1.3491120020e+00 1.2615588973e+00 8.4266437827e+01
1.2568841394e+00 1.3127084303e+00 7.1114994107e+01
1.3490282780e+00 1.2620807912e+00 8.4096788508e+01
1.3628317938e+00 1.2645067806e+00 8.5486104849e+01
1.2878021231e+00 1.2865862581e+00 7.5145827200e+01
1.2934441696e+00 1.2569949902e+00 7.9479819877e+01
1.3255530713e+00 1.2593092394e+00 8.1969790983e+01
1.2979858153e+00 1.2868764954e+00 7.5692355604e+01
1.3072790580e+00 1.2976978641e+00 7.4990089796e+01
1.3519916509e+00 1.2547368227e+00 8.8014565082e+01
1.3119598562e+00 1.2637369908e+00 7.9863521106e+01
1.3250437145e+00 1.2781820484e+00 7.8576202428e+01
1.2535637573e+00 1.2829756829e+00 7.3694358938e+01
1.3652947873e+00 1.2769869120e+00 8.2262350168e+01
1.3280369420e+00 1.2498411739e+00 8.4808428882e+01
1.3352893293e+00 1.2653104310e+00 8.1687457017e+01
1.3268788329e+00 1.2422779018e+00 8.8596120629e+01
1.3363128955e+00 1.2761108304e+00 7.9766261626e+01
1.3311167059e+00 1.2764876907e+00 7.9293068528e+01
1.2910734623e+00 1.3516481681e+00 6.9433418299e+01
1.2878475959e+00 1.2743391308e+00 7.6602225844e+01
1.3177113734e+00 1.3061152790e+00 7.4639912012e+01
1.3296673631e+00 1.2639340443e+00 8.1414339425e+01
1.3779683805e+00 1.2682735782e+00 8.7077348295e+01
1.3270661289e+00 1.2660980902e+00 8.0748719456e+01
1.3623550225e+00 1.2627884171e+00 8.6112185454e+01
1.3555030449e+00 1.2595506560e+00 8.6112185454e+01
1.3411408746e+00 1.2647117742e+00 8.2434572567e+01
1.3380978836e+00 1.2625018768e+00 8.2610784034e+01
1.3444348254e+00 1.2561649350e+00 8.5342693277e+01
1.3319185821e+00 1.2625572757e+00 8.1928856974e+01
1.2431519879e+00 1.3355988078e+00 6.8774428430e+01
1.2754103139e+00 1.2468215844e+00 7.9701926885e+01
1.3378859930e+00 1.2732230762e+00 8.0398687958e+01
1.3289733856e+00 1.2812593684e+00 7.8403821928e+01
1.3173218087e+00 1.2596837257e+00 8.1075372075e+01
1.2937312198e+00 1.3086191108e+00 7.3171618697e+01
1.3212729928e+00 1.2841417804e+00 7.7471115761e+01
1.3151257655e+00 1.2981745207e+00 7.5371119608e+01
1.3200873204e+00 1.2853274528e+00 7.7235456792e+01
1.3150114360e+00 1.2799016837e+00 7.7630675173e+01
1.3504586851e+00 1.2536426083e+00 8.8378926216e+01
1.3107206011e+00 1.2497246099e+00 8.2522162191e+01
1.3002474520e+00 1.2428043290e+00 8.2976381855e+01
1.2753182832e+00 1.3069242163e+00 7.2453796832e+01
1.2913166065e+00 1.2630364092e+00 7.8375337009e+01
1.3272595148e+00 1.3009572847e+00 7.5738824530e+01
1.3307866203e+00 1.2667505872e+00 8.0965186566e+01
1.3256449071e+00 1.2876553791e+00 7.7287454070e+01
1.3045508016e+00 1.2415419762e+00 8.3877872787e+01
1.3131089666e+00 1.2460303668e+00 8.3771288937e+01
1.3474330906e+00 1.2755158259e+00 8.0820312794e+01
1.2834253508e+00 1.2331776541e+00 8.3361979075e+01
1.2813013130e+00 1.2404974446e+00 8.1414339425e+01
1.2303561116e+00 1.2970754076e+00 7.1275053722e+01
1.3406151367e+00 1.2486154934e+00 8.8853746852e+01
1.3330395862e+00 1.2448385296e+00 8.9189483384e+01
1.3220473810e+00 1.2462377576e+00 8.5068338769e+01
1.3044971412e+00 1.2733809746e+00 7.7819427566e+01
1.2848801231e+00 1.2720832411e+00 7.6701551736e+01
1.3247507892e+00 1.2815397597e+00 7.8066427965e+01
1.3129010426e+00 1.2466735586e+00 8.3563393325e+01
1.3233435887e+00 1.3022388289e+00 7.5371119608e+01
1.2571889325e+00 1.2542218930e+00 7.7235456792e+01
1.2968475357e+00 1.3195214835e+00 7.2302304233e+01
1.2836907337e+00 1.3326782855e+00 7.0607906004e+01
1.2747156703e+00 1.2796373454e+00 7.5190617570e+01
1.3327834472e+00 1.2485859788e+00 8.6197674093e+01
1.3101203222e+00 1.2699396779e+00 7.8721838178e+01
1.3267031730e+00 1.2760848615e+00 7.9018826610e+01
1.2992438096e+00 1.2425050580e+00 8.2929653666e+01
1.2683824440e+00 1.3501792622e+00 6.8679622837e+01
1.3068831412e+00 1.2910915002e+00 7.5715571564e+01
1.3347775522e+00 1.2763315169e+00 7.9606163389e+01
1.3585819826e+00 1.2643669339e+00 8.4808428882e+01
1.2977457900e+00 1.2875532421e+00 7.5599858248e+01
1.3376730035e+00 1.2694934193e+00 8.1075372075e+01
1.3114277726e+00 1.2869843272e+00 7.6479075887e+01
1.3502537886e+00 1.2542853068e+00 8.7707378991e+01
1.3532038154e+00 1.2579052537e+00 8.6374684998e+01
1.3000621732e+00 1.2931020460e+00 7.5101168461e+01
1.3271274514e+00 1.2420292833e+00 8.9189483384e+01
1.3006784624e+00 1.3047363108e+00 7.3899804954e+01
1.2973500165e+00 1.2857656550e+00 7.5785442206e+01
1.3223055929e+00 1.2472869768e+00 8.4745454571e+01
1.3054271900e+00 1.2511010544e+00 8.1647897369e+01
1.2952965297e+00 1.2356033860e+00 8.4324110442e+01
1.3263336098e+00 1.2628970202e+00 8.1299894225e+01
1.3273451720e+00 1.2426832574e+00 8.8378926216e+01
1.3306338959e+00 1.2481168998e+00 8.5946605487e+01
1.3069030202e+00 1.2849497814e+00 7.6454577770e+01
1.3449072005e+00 1.2517552128e+00 8.7707378991e+01
1.3419953461e+00 1.2844651010e+00 7.8869354308e+01
1.3080342981e+00 1.2829443481e+00 7.6776526866e+01
1.2884297466e+00 1.2746278858e+00 7.6602225844e+01
1.3463393462e+00 1.2805601523e+00 7.9830999012e+01
1.3112671045e+00 1.2954613692e+00 7.5462192458e+01
1.2987643107e+00 1.3005227797e+00 7.4233936959e+01
1.3055455820e+00 1.2797534500e+00 7.7029517563e+01
1.3143290278e+00 1.2522132142e+00 8.2347979715e+01
1.2907600150e+00 1.2436098821e+00 8.1727204497e+01
1.3183863810e+00 1.2398824907e+00 8.7192030493e+01
1.3079252423e+00 1.2394711906e+00 8.5068338769e+01
1.2851966945e+00 1.2878834425e+00 7.4857846411e+01
1.2795864300e+00 1.3275799929e+00 7.0851093365e+01
1.3159377873e+00 1.2379802567e+00 8.7707378991e+01
1.2846255473e+00 1.2233258116e+00 8.7436729029e+01
1.2740026204e+00 1.3410510805e+00 6.9564368548e+01
1.3713264958e+00 1.2749154630e+00 8.3461913920e+01
1.2537763212e+00 1.2875382914e+00 7.3251008096e+01
1.3266782586e+00 1.2477101226e+00 8.5342693277e+01
1.3377345191e+00 1.2514961109e+00 8.5946605487e+01
1.3104269369e+00 1.2495829569e+00 8.2522162191e+01
1.3209199545e+00 1.2473651841e+00 8.4500744095e+01
1.2929131622e+00 1.2784229941e+00 7.6405711507e+01
1.3377326854e+00 1.2777594304e+00 7.9606163389e+01
1.3454524529e+00 1.2682861503e+00 8.2093856142e+01
1.3337397591e+00 1.2533064040e+00 8.4560892485e+01
1.3082362420e+00 1.2761893721e+00 7.7684313766e+01
1.3252973102e+00 1.2652442951e+00 8.0748719456e+01
1.3306247592e+00 1.2568582481e+00 8.3118460360e+01
1.3134693858e+00 1.2858177047e+00 7.6751488857e+01
1.3643320085e+00 1.2603724776e+00 8.8187569297e+01
1.3263336098e+00 1.2628970202e+00 8.1299894225e+01
1.3225920311e+00 1.2810714848e+00 7.7983538712e+01
1.3348151472e+00 1.2456813036e+00 8.9189483384e+01
1.3256941323e+00 1.2635364977e+00 8.1112401649e+01
1.3396606753e+00 1.2500069219e+00 8.7192030493e+01
1.3576886429e+00 1.2639438536e+00 8.4808428882e+01
1.3135676583e+00 1.2813454615e+00 7.7339661375e+01
1.3582425473e+00 1.2576880080e+00 8.8014565082e+01
1.3240022082e+00 1.2564942425e+00 8.2434572567e+01
1.2713667430e+00 1.3121855515e+00 7.1800028481e+01
1.3332689018e+00 1.2721458713e+00 8.0194610813e+01
1.3021795080e+00 1.3006085265e+00 7.4403617595e+01
1.3466685570e+00 1.2912151735e+00 7.8205852297e+01
1.2637030946e+00 1.2715345455e+00 7.5485048020e+01
1.3485660314e+00 1.2800899174e+00 8.0094133635e+01
1.3424872769e+00 1.2502397785e+00 8.8014565082e+01
1.3010990072e+00 1.2367424558e+00 8.4872174373e+01
1.3406613126e+00 1.2538145452e+00 8.5559543476e+01
1.3143980489e+00 1.2757065400e+00 7.8177837772e+01
1.3290657312e+00 1.2466311158e+00 8.6285126569e+01
1.3513042791e+00 1.2536726430e+00 8.8853746852e+01
1.3510200060e+00 1.2548326427e+00 8.7568287925e+01
1.3573705484e+00 1.2598754721e+00 8.6374684998e+01
1.2866950715e+00 1.2759270957e+00 7.6332733555e+01
1.3131426967e+00 1.3185879815e+00 7.3151828116e+01
1.3005332024e+00 1.2694952270e+00 7.8094184084e+01
1.3036292100e+00 1.2786132895e+00 7.7055083817e+01
1.2736956166e+00 1.2980764979e+00 7.3211267821e+01
1.3358986930e+00 1.2686404025e+00 8.1075372075e+01
1.3425194777e+00 1.2493333239e+00 8.9189483384e+01
1.3336231286e+00 1.2809921819e+00 7.8780614851e+01
1.3279996944e+00 1.2599201817e+00 8.2093856142e+01
1.3472722986e+00 1.2695352090e+00 8.2010933342e+01
1.3192931100e+00 1.2786815314e+00 7.8094184084e+01
1.3080851279e+00 1.2968917942e+00 7.5123481451e+01
1.3248713353e+00 1.2477727696e+00 8.5002097282e+01
1.3430141635e+00 1.2847635112e+00 7.8899089761e+01
1.3141209418e+00 1.2402320739e+00 8.5946605487e+01
1.3208650720e+00 1.2902439971e+00 7.6651798080e+01
1.2879106946e+00 1.2860415805e+00 7.5213062491e+01
1.3491569191e+00 1.2632668068e+00 8.3771288937e+01
1.3091313232e+00 1.2844700842e+00 7.6651798080e+01
1.2952359856e+00 1.3009890675e+00 7.4003490889e+01
1.3221802556e+00 1.2474123141e+00 8.4683224036e+01
1.3040750150e+00 1.2385424369e+00 8.4745454571e+01
1.3385889689e+00 1.2935810542e+00 7.7339661375e+01
1.3266456383e+00 1.2722039446e+00 7.9637987289e+01
1.3227932437e+00 1.2406998786e+00 8.8187569297e+01
1.3428176536e+00 1.2542821446e+00 8.5787518542e+01
1.2943944396e+00 1.2438810805e+00 8.2052287288e+01
1.3954083922e+00 1.2741951545e+00 8.9189483384e+01
1.3137650407e+00 1.3017270752e+00 7.4901801823e+01
1.3446333785e+00 1.2805100611e+00 7.9701926885e+01
1.3219700626e+00 1.2768795203e+00 7.8547294593e+01
1.3611253055e+00 1.2631402514e+00 8.5710183053e+01
1.3126708704e+00 1.2669527036e+00 7.9386038170e+01
1.2886614402e+00 1.2892166756e+00 7.4901801823e+01
1.3013036621e+00 1.2879269679e+00 7.5762114683e+01
1.3239595081e+00 1.2674562035e+00 8.0228330525e+01
1.3159403985e+00 1.2628103972e+00 8.0364377815e+01
1.3501150255e+00 1.2531107375e+00 8.8853746852e+01
1.3972146367e+00 1.2750379284e+00 8.9189483384e+01
1.3268321034e+00 1.2418888209e+00 8.9189483384e+01
1.2966878950e+00 1.2742123277e+00 7.7183666982e+01
1.3125150463e+00 1.2863345365e+00 7.6626989411e+01
1.3421699781e+00 1.2799013006e+00 7.9606163389e+01
1.2813289555e+00 1.3044068224e+00 7.2974718097e+01
1.3396538730e+00 1.2548219848e+00 8.5002097282e+01
1.3522503414e+00 1.2685046639e+00 8.2791277101e+01
1.2869857196e+00 1.3109889218e+00 7.2625754767e+01
1.3376515811e+00 1.2472107297e+00 8.8853746852e+01
1.2920624241e+00 1.2635956547e+00 7.8346920764e+01
1.3266334954e+00 1.2473187798e+00 8.5486104849e+01
1.2990685914e+00 1.2722675648e+00 7.7603941562e+01
1.2831786939e+00 1.2559650147e+00 7.8839697086e+01
1.3271278958e+00 1.2760978671e+00 7.9048962842e+01
1.3374678683e+00 1.2591945451e+00 8.3361979075e+01
1.3383803050e+00 1.2534724966e+00 8.5272615194e+01
1.2873457265e+00 1.3023218707e+00 7.3471238414e+01
1.3674092836e+00 1.2625642597e+00 8.7568287925e+01
1.3646145878e+00 1.2640413610e+00 8.6028533830e+01
1.3118031834e+00 1.2442899659e+00 8.4096788508e+01
1.3184495225e+00 1.2528866338e+00 8.2655493698e+01
1.3073608417e+00 1.2722627323e+00 7.8177837772e+01
1.3179607205e+00 1.2634087055e+00 8.0433119990e+01
1.3213685631e+00 1.2451736789e+00 8.5342693277e+01
1.2873110006e+00 1.2831533131e+00 7.5507938852e+01
1.2948430146e+00 1.2525534183e+00 8.0364377815e+01
1.2385371904e+00 1.3097284694e+00 7.0573404020e+01
1.3369808665e+00 1.2522497636e+00 8.5486104849e+01
1.2949809733e+00 1.2702543553e+00 7.7603941562e+01
1.3139798680e+00 1.2438538099e+00 8.4560892485e+01
1.2954098869e+00 1.2602481920e+00 7.9109482420e+01
1.2857763062e+00 1.3021435699e+00 7.3410893841e+01
1.3179440907e+00 1.2677916872e+00 7.9669908154e+01
1.3374132955e+00 1.2789557237e+00 7.9386038170e+01
1.3304549464e+00 1.2579018231e+00 8.2837107130e+01
1.3186819766e+00 1.3055835804e+00 7.4748499176e+01
1.3224048405e+00 1.2397818861e+00 8.9189483384e+01
1.3193567705e+00 1.2759936358e+00 7.8489693825e+01
1.3406151367e+00 1.2486154934e+00 8.8853746852e+01
1.3259767675e+00 1.2650018787e+00 8.0856317856e+01
1.3220325502e+00 1.2401541764e+00 8.8378926216e+01
1.3315110373e+00 1.2572826503e+00 8.3118460360e+01
1.3072241472e+00 1.2580111813e+00 8.0467675232e+01
1.3509392004e+00 1.2641145005e+00 8.3771288937e+01
1.3264080544e+00 1.2711291531e+00 7.9798579510e+01
1.3428369122e+00 1.2582004539e+00 8.4382373156e+01
1.3357640085e+00 1.2477882859e+00 8.7436729029e+01
1.3135337706e+00 1.2499593517e+00 8.2791277101e+01
1.3004796666e+00 1.2883140209e+00 7.5669176471e+01
1.3723727830e+00 1.2663903458e+00 8.6657708378e+01
1.3197788971e+00 1.2812584690e+00 7.7765205727e+01
1.3450906257e+00 1.2533214741e+00 8.6757527902e+01
1.3382988006e+00 1.2539911156e+00 8.5068338769e+01
1.3584805742e+00 1.2609583782e+00 8.6112185454e+01
1.2727603303e+00 1.3068632437e+00 7.2340059416e+01
1.3118928150e+00 1.2516003073e+00 8.2219886681e+01
1.3364323273e+00 1.2654803239e+00 8.1767142530e+01
1.3553440855e+00 1.2557649837e+00 8.8596120629e+01
1.3407400801e+00 1.2484905500e+00 8.9189483384e+01
1.3300451581e+00 1.3210398018e+00 7.3735246099e+01
1.3659532796e+00 1.2697323824e+00 8.4209337681e+01
1.3104925792e+00 1.2630236146e+00 7.9863521106e+01
1.3516605884e+00 1.2555058345e+00 8.7311596302e+01
1.3216445611e+00 1.2501275534e+00 8.3771288937e+01
1.3216446015e+00 1.3162391289e+00 7.3796765055e+01
1.3508512831e+00 1.2672718367e+00 8.2929653666e+01
1.3535521238e+00 1.2772999381e+00 8.1038494274e+01
1.3097771676e+00 1.3043997770e+00 7.4403617595e+01
1.3208464435e+00 1.2544142237e+00 8.2566341788e+01
1.3289060857e+00 1.2476631950e+00 8.5787518542e+01
1.3197649316e+00 1.2677180757e+00 7.9830999012e+01
1.3073259511e+00 1.2753531222e+00 7.7738183355e+01
1.3184952417e+00 1.2384681225e+00 8.8378926216e+01
1.2900160829e+00 1.3048970368e+00 7.3350761860e+01
1.3184484792e+00 1.2380797652e+00 8.8853746852e+01
1.3296673631e+00 1.2639340443e+00 8.1414339425e+01
1.2946264566e+00 1.3217425626e+00 7.2003022837e+01
1.3234297693e+00 1.2413699706e+00 8.7855467302e+01
1.2966378604e+00 1.2978379973e+00 7.4403617595e+01
1.3087484260e+00 1.2456045897e+00 8.3312569183e+01
1.3160617410e+00 1.2378563031e+00 8.7855467302e+01
1.3348428657e+00 1.2482728058e+00 8.6860516083e+01
1.3312567810e+00 1.2702182154e+00 8.0364377815e+01
1.2878125927e+00 1.2891929417e+00 7.4857846411e+01
1.3057481463e+00 1.2786774677e+00 7.7183666982e+01
1.3389574681e+00 1.2682089548e+00 8.1452825766e+01
1.2928722665e+00 1.2758486578e+00 7.6726497234e+01
1.2710221609e+00 1.3151503874e+00 7.1526692018e+01
1.3485962108e+00 1.2533164404e+00 8.7855467302e+01
1.3185559848e+00 1.2449371375e+00 8.4936720171e+01
1.3272927204e+00 1.2684949970e+00 8.0330188264e+01
1.3447628168e+00 1.2698524937e+00 8.1687457017e+01
1.2942681091e+00 1.3045814738e+00 7.3592574728e+01
1.3271576766e+00 1.2870192679e+00 7.7471115761e+01
1.2790842448e+00 1.2896366794e+00 7.4339777311e+01
1.3310872166e+00 1.2962513578e+00 7.6528203273e+01
1.2628546354e+00 1.3032519442e+00 7.2208255597e+01
1.3723727830e+00 1.2663903458e+00 8.6657708378e+01
1.3446628449e+00 1.2717061743e+00 8.1299894225e+01
1.3496813582e+00 1.2566091908e+00 8.6197674093e+01
1.2952107612e+00 1.2678468713e+00 7.7956033878e+01
1.2898957874e+00 1.2644572283e+00 7.8066427965e+01
1.3497620845e+00 1.2560905643e+00 8.6466509507e+01
1.3135389974e+00 1.3054613196e+00 7.4489136515e+01
1.2755364205e+00 1.3014691139e+00 7.2974718097e+01
1.3506705138e+00 1.2591241193e+00 8.5342693277e+01
1.3020485206e+00 1.2579613732e+00 8.0027705704e+01
1.2471559841e+00 1.3324675899e+00 6.9157762989e+01
1.3140906532e+00 1.2703349608e+00 7.8958797887e+01
1.3348052660e+00 1.2868272304e+00 7.8011105717e+01
1.3368233483e+00 1.2484756838e+00 8.7311596302e+01
1.2807963895e+00 1.2718168877e+00 7.6479075887e+01
1.3154069711e+00 1.2677087005e+00 7.9479819877e+01
1.3482139923e+00 1.2927480599e+00 7.8094184084e+01
1.3114312783e+00 1.2756148848e+00 7.7983538712e+01
1.3318010416e+00 1.2534979904e+00 8.4209337681e+01
1.2957526650e+00 1.2490366801e+00 8.1112401649e+01
1.3289255215e+00 1.2607420757e+00 8.2010933342e+01
1.3480103715e+00 1.2995521130e+00 7.7157849094e+01
1.3318876531e+00 1.2542848952e+00 8.3986338075e+01
1.3193997519e+00 1.2580420609e+00 8.1608522897e+01
1.3424989020e+00 1.2712397012e+00 8.1186923776e+01
1.2827567543e+00 1.3012321876e+00 7.3350761860e+01
1.2967954421e+00 1.2497318627e+00 8.1075372075e+01
1.2681305132e+00 1.2936207976e+00 7.3370782375e+01
1.3100380449e+00 1.2338824687e+00 8.9189483384e+01
1.2821841021e+00 1.2922042791e+00 7.4233936959e+01
1.3142278769e+00 1.2719446715e+00 7.8721838178e+01
1.3062074025e+00 1.2668727345e+00 7.8899089761e+01
1.3303363330e+00 1.2772680636e+00 7.9109482420e+01
1.3060854769e+00 1.2534891244e+00 8.1224420262e+01
1.3699603774e+00 1.2626490151e+00 8.8596120629e+01
1.2696867683e+00 1.2777096646e+00 7.5123481451e+01
1.2985084524e+00 1.3178605667e+00 7.2530020127e+01
1.2899190086e+00 1.3356634091e+00 7.0625179148e+01
1.2552323309e+00 1.2748003370e+00 7.4639912012e+01
1.3474201608e+00 1.2540548356e+00 8.6966995687e+01
1.2810691859e+00 1.2737188262e+00 7.6260135872e+01
1.3192776289e+00 1.2463933128e+00 8.4560892485e+01
1.3202574349e+00 1.2541309463e+00 8.2566341788e+01
1.3690031766e+00 1.2653639375e+00 8.6374684998e+01
1.3200153028e+00 1.2395592984e+00 8.8014565082e+01
1.3343627274e+00 1.2465701986e+00 8.7855467302e+01
1.3406870093e+00 1.2516029069e+00 8.6560781600e+01
1.3295378213e+00 1.2435423157e+00 8.8596120629e+01
1.3253730842e+00 1.2804795646e+00 7.8262079083e+01
1.3148666927e+00 1.2962423765e+00 7.5576824649e+01
1.3059375572e+00 1.2492854759e+00 8.2093856142e+01
1.2866610938e+00 1.3301464138e+00 7.0938669332e+01
1.2872752971e+00 1.3198911258e+00 7.1836773450e+01
1.2994144430e+00 1.2893792445e+00 7.5485048020e+01
1.3078850419e+00 1.2848420134e+00 7.6528203273e+01
1.2495582413e+00 1.3087106304e+00 7.1132713879e+01
1.3113822099e+00 1.2905304413e+00 7.6044565226e+01
1.2633762378e+00 1.3062163319e+00 7.1965950507e+01
1.3319959878e+00 1.2454458250e+00 8.7855467302e+01
1.3037054711e+00 1.3152948459e+00 7.3013920964e+01
1.3099965759e+00 1.2888530070e+00 7.6163920146e+01
1.3146645628e+00 1.2597238184e+00 8.0820312794e+01
1.3290215113e+00 1.2562775208e+00 8.3070778751e+01
1.2957502063e+00 1.3166735196e+00 7.2510934134e+01
1.3072242883e+00 1.2358274928e+00 8.6466509507e+01
1.3227784013e+00 1.2568451727e+00 8.2219886681e+01
1.2717536004e+00 1.2926105757e+00 7.3653571278e+01
1.3118876986e+00 1.2742848497e+00 7.8205852297e+01
1.3130938350e+00 1.2752629345e+00 7.8149888534e+01
1.3288444631e+00 1.2599492244e+00 8.2177652292e+01
1.3450278165e+00 1.2682724697e+00 8.2052287288e+01
1.3358100424e+00 1.2481788996e+00 8.7192030493e+01
1.3177578472e+00 1.2688514962e+00 7.9479819877e+01
1.3590902688e+00 1.2577172388e+00 8.8378926216e+01
1.2962551578e+00 1.2934124394e+00 7.4857846411e+01
1.3624950464e+00 1.2652826283e+00 8.5135479942e+01
1.3216366679e+00 1.2745883852e+00 7.8869354308e+01
1.3367381921e+00 1.2761238017e+00 7.9798579510e+01
1.3229868024e+00 1.2575096484e+00 8.2093856142e+01
1.2856706538e+00 1.2773869786e+00 7.6092186698e+01
1.3255096497e+00 1.2436470850e+00 8.6966995687e+01
1.3491905007e+00 1.2535975338e+00 8.7855467302e+01
1.3722908985e+00 1.2669119662e+00 8.6374684998e+01
1.3247788387e+00 1.2837015789e+00 7.7765205727e+01
1.3191873724e+00 1.2906072607e+00 7.6503617642e+01
1.3234888509e+00 1.2731735625e+00 7.9231529518e+01
1.3628859950e+00 1.2688446832e+00 8.4041308295e+01
1.3026281411e+00 1.2482457927e+00 8.1969790983e+01
1.3257747306e+00 1.2534124419e+00 8.3411757846e+01
1.3685118888e+00 1.2711307361e+00 8.4152793230e+01
1.3371983994e+00 1.2481006326e+00 8.7707378991e+01
1.3213544345e+00 1.3491320210e+00 7.0833624397e+01
1.3192076136e+00 1.2997927034e+00 7.5416586482e+01
1.3057992407e+00 1.2720788751e+00 7.8094184084e+01
1.3305197354e+00 1.2713929158e+00 8.0094133635e+01
1.3037182072e+00 1.2319533415e+00 8.7855467302e+01
1.3177948162e+00 1.2631381098e+00 8.0467675232e+01
1.3187345750e+00 1.2805525155e+00 7.7792286999e+01
1.3058982152e+00 1.2912015829e+00 7.5646033984e+01
1.3290158086e+00 1.2658973111e+00 8.0965186566e+01
1.3442801594e+00 1.2523822540e+00 8.7077348295e+01
1.2649347677e+00 1.2412874541e+00 7.9766261626e+01
1.3155501997e+00 1.2370630775e+00 8.8378926216e+01
1.3271953860e+00 1.2602876213e+00 8.1928856974e+01
1.2735764225e+00 1.2629630177e+00 7.7157849094e+01
1.3371771672e+00 1.2503058401e+00 8.6374684998e+01
1.3498738947e+00 1.2673721258e+00 8.2791277101e+01
1.3097368944e+00 1.2655237727e+00 7.9386038170e+01
1.3318903170e+00 1.2582142719e+00 8.2929653666e+01
1.3375946952e+00 1.2590677181e+00 8.3411757846e+01
1.3508792153e+00 1.2760202832e+00 8.1038494274e+01
1.3401937161e+00 1.2485999714e+00 8.8596120629e+01
1.3194174003e+00 1.2527906971e+00 8.2791277101e+01
1.3342807390e+00 1.2518918093e+00 8.5135479942e+01
1.3163973704e+00 1.3083071157e+00 7.4339777311e+01
1.2804778123e+00 1.2491212689e+00 7.9734044399e+01
1.3197177857e+00 1.2786943141e+00 7.8122004123e+01
1.2906941811e+00 1.2710571297e+00 7.7209536111e+01
1.2691722198e+00 1.2582592995e+00 7.7497569815e+01
1.3325089880e+00 1.2462418077e+00 8.7436729029e+01
1.3052140076e+00 1.2517493566e+00 8.1491484890e+01
1.2901119538e+00 1.2786089705e+00 7.6211945708e+01
1.2911769461e+00 1.2718806863e+00 7.7132082137e+01
1.3202655271e+00 1.2877768678e+00 7.6927743997e+01
1.3389353758e+00 1.2546660316e+00 8.4936720171e+01
1.2350353240e+00 1.2893626492e+00 7.2170770580e+01
1.3386465081e+00 1.2497102614e+00 8.7077348295e+01
1.3356485756e+00 1.2566413406e+00 8.3824351811e+01
1.3081142122e+00 1.3025566871e+00 7.4510588199e+01
1.3418602621e+00 1.2569893207e+00 8.4621711461e+01
1.2910618574e+00 1.2868162584e+00 7.5303177292e+01
1.3444622964e+00 1.2539498034e+00 8.6285126569e+01
1.3731231177e+00 1.2643209502e+00 8.8378926216e+01
1.3232407336e+00 1.2433015084e+00 8.6560781600e+01
1.2852438987e+00 1.3311251205e+00 7.0798732350e+01
1.2932329689e+00 1.2676475841e+00 7.7846627825e+01
1.3487614573e+00 1.2584049656e+00 8.5272615194e+01
1.3395493888e+00 1.2684930060e+00 8.1452825766e+01
1.3077393622e+00 1.2440041939e+00 8.3614735208e+01
1.2617986388e+00 1.2821218748e+00 7.4212851892e+01
1.3109317853e+00 1.2617123196e+00 8.0127513527e+01
1.3471570095e+00 1.2530051697e+00 8.7568287925e+01
1.3690604078e+00 1.2683836601e+00 8.5135479942e+01
1.2878393938e+00 1.2922206063e+00 7.4532068904e+01
1.3013729888e+00 1.2987891903e+00 7.4553578751e+01
1.2598436930e+00 1.3276393143e+00 7.0029164432e+01
1.3456774388e+00 1.2649934605e+00 8.2883230736e+01
1.3688316454e+00 1.2870992666e+00 8.0572093792e+01
1.2789374220e+00 1.2619429603e+00 7.7657465783e+01
1.2970988492e+00 1.3013132507e+00 7.4066017793e+01
1.3378896379e+00 1.2578980796e+00 8.3771288937e+01
1.3087931394e+00 1.2743225321e+00 7.7983538712e+01
1.3220409021e+00 1.2606381712e+00 8.1337875892e+01
1.3251729973e+00 1.2833074203e+00 7.7846627825e+01
1.3529300638e+00 1.2555503538e+00 8.7707378991e+01
1.3434012457e+00 1.2532611676e+00 8.6374684998e+01
1.2879030379e+00 1.3218915952e+00 7.1690221063e+01
1.3001514759e+00 1.2772903370e+00 7.7004000743e+01
1.3280075115e+00 1.2533619144e+00 8.3718672554e+01
1.3723633432e+00 1.2650807247e+00 8.7436729029e+01
1.2901779504e+00 1.2885728453e+00 7.5056640173e+01
1.3410805245e+00 1.2787970877e+00 7.9701926885e+01
1.3288230398e+00 1.2713391394e+00 7.9961712929e+01
1.2828417219e+00 1.2654239380e+00 7.7444716555e+01
1.2882877098e+00 1.2452145434e+00 8.1149584901e+01
1.3746873180e+00 1.2799216782e+00 8.2610784034e+01
1.3238246237e+00 1.2588544495e+00 8.1888128163e+01
1.3185030137e+00 1.2869117594e+00 7.6927743997e+01
1.3402401562e+00 1.2489904739e+00 8.8187569297e+01
1.3189263602e+00 1.2930591223e+00 7.6187912459e+01
1.3359287338e+00 1.2646710265e+00 8.1888128163e+01
1.3191672565e+00 1.2945713466e+00 7.6020814122e+01
1.3050792091e+00 1.2531896626e+00 8.1186923776e+01
1.3248252915e+00 1.2692133288e+00 7.9994655462e+01
1.3275227763e+00 1.2621448209e+00 8.1569331007e+01
1.2737661940e+00 1.2997499998e+00 7.3053211840e+01
1.3038709963e+00 1.2309327600e+00 8.9189483384e+01
1.3402074690e+00 1.2498971199e+00 8.7436729029e+01
1.3358599599e+00 1.2682413336e+00 8.1149584901e+01
1.3060957628e+00 1.2321797574e+00 8.8853746852e+01
1.3115907485e+00 1.2436322847e+00 8.4266437827e+01
1.2988054784e+00 1.2655586977e+00 7.8547294593e+01
1.3394095150e+00 1.2699470217e+00 8.1149584901e+01
1.2626369305e+00 1.3100071743e+00 7.1599198379e+01
1.3293667138e+00 1.2432773911e+00 8.8853746852e+01
1.2855348505e+00 1.3190042449e+00 7.1836773450e+01
1.3415203713e+00 1.2713416225e+00 8.1075372075e+01
1.3051460458e+00 1.2744775283e+00 7.7711219496e+01
1.3087460409e+00 1.2914161383e+00 7.5785442206e+01
1.2773048272e+00 1.2783532516e+00 7.5485048020e+01
1.2598220954e+00 1.3058488463e+00 7.1836773450e+01
1.3323793829e+00 1.2747870399e+00 7.9669908154e+01
1.3428301200e+00 1.2507712874e+00 8.7707378991e+01
1.3283691233e+00 1.2490726896e+00 8.5135479942e+01
1.3218149580e+00 1.2395009615e+00 8.9189483384e+01
1.3418012472e+00 1.2491773989e+00 8.8853746852e+01
1.3107004674e+00 1.2549704743e+00 8.1376023555e+01
1.3248288990e+00 1.2985588732e+00 7.5879129711e+01
1.3291469265e+00 1.2574624169e+00 8.2791277101e+01
1.2988433921e+00 1.2711850373e+00 7.7738183355e+01
1.2965657412e+00 1.2560475360e+00 7.9896146783e+01
1.3079444492e+00 1.2612122855e+00 7.9961712929e+01
1.3077423719e+00 1.2605427666e+00 8.0060864731e+01
1.2800405750e+00 1.2917315395e+00 7.4170763875e+01
1.3373817235e+00 1.2610303764e+00 8.2883230736e+01
1.3450638209e+00 1.2963380893e+00 7.7392081315e+01
1.3157124036e+00 1.2604206479e+00 8.0784447201e+01
1.2915753077e+00 1.2697406118e+00 7.7444716555e+01
1.3392051904e+00 1.2508993986e+00 8.6560781600e+01
1.3136850926e+00 1.2554716420e+00 8.1569331007e+01
1.3352825073e+00 1.2460869186e+00 8.8853746852e+01
1.3188646236e+00 1.2415805874e+00 8.6374684998e+01
1.2963399642e+00 1.3327551583e+00 7.1132713879e+01
1.3144531347e+00 1.2712826432e+00 7.8839697086e+01
1.2766030909e+00 1.3529312297e+00 6.8790268652e+01
1.2947746224e+00 1.2922715406e+00 7.4901801823e+01
1.3220092360e+00 1.2676583612e+00 8.0027705704e+01
1.3177435021e+00 1.2596983107e+00 8.1112401649e+01
1.3253989219e+00 1.2843957112e+00 7.7711219496e+01
1.2993063486e+00 1.2899242815e+00 7.5416586482e+01
1.3225876156e+00 1.2885214536e+00 7.6978533067e+01
1.3396473328e+00 1.2487094368e+00 8.8187569297e+01
1.2753625011e+00 1.3081897933e+00 7.2340059416e+01
1.2875746381e+00 1.2537399746e+00 7.9542802945e+01
1.3325495645e+00 1.2632381529e+00 8.1847601472e+01
1.3282506635e+00 1.2505001322e+00 8.4621711461e+01
1.3343627274e+00 1.2465701986e+00 8.7855467302e+01
1.3541071106e+00 1.2548113544e+00 8.9189483384e+01
1.2795469866e+00 1.2761110922e+00 7.5879129711e+01
1.3350008989e+00 1.2472416007e+00 8.7568287925e+01
1.2644807303e+00 1.3011902114e+00 7.2472822552e+01
1.3200575009e+00 1.2648048098e+00 8.0364377815e+01
1.2947746224e+00 1.2922715406e+00 7.4901801823e+01
1.3012620030e+00 1.2809804966e+00 7.6602225844e+01
1.2606792315e+00 1.2658854363e+00 7.5973430165e+01
1.2742748703e+00 1.2527232108e+00 7.8663362312e+01
1.3575542977e+00 1.2566226469e+00 8.8853746852e+01
1.3047692446e+00 1.2787830498e+00 7.7106365806e+01
1.3148023570e+00 1.3050752552e+00 7.4596686360e+01
1.3333975182e+00 1.2834099894e+00 7.8403821928e+01
1.3349082862e+00 1.2464611397e+00 8.8187569297e+01
1.3251364739e+00 1.2579791977e+00 8.2219886681e+01
1.2934624671e+00 1.2469837097e+00 8.1299894225e+01
1.3229938397e+00 1.3061012827e+00 7.4923826465e+01
1.3015431317e+00 1.2872505558e+00 7.5855650848e+01
1.2926542919e+00 1.2590892642e+00 7.9079181218e+01
1.3526326018e+00 1.2554097930e+00 8.7707378991e+01
1.3135497253e+00 1.3216963963e+00 7.2877092002e+01
1.3381980313e+00 1.2676546175e+00 8.1491484890e+01
1.3260921054e+00 1.2723199944e+00 7.9574435566e+01
1.3402021906e+00 1.2547109291e+00 8.5135479942e+01
1.3088057187e+00 1.2629663958e+00 7.9734044399e+01
1.3091705303e+00 1.2791862392e+00 7.7339661375e+01
1.2904873937e+00 1.2521300582e+00 8.0060864731e+01
1.3303537619e+00 1.2711212345e+00 8.0127513527e+01
1.2969485874e+00 1.2556646898e+00 7.9994655462e+01
1.3152866460e+00 1.2875013885e+00 7.6651798080e+01
1.2591465361e+00 1.3069600435e+00 7.1708478082e+01
1.2920592495e+00 1.2401417235e+00 8.2655493698e+01
1.2926098932e+00 1.2761110311e+00 7.6676652104e+01
1.2956260541e+00 1.2643838397e+00 7.8489693825e+01
1.3004927093e+00 1.2743318025e+00 7.7418371854e+01
1.3404710497e+00 1.2610039467e+00 8.3263520051e+01
1.3013026922e+00 1.2361047385e+00 8.5135479942e+01
1.3493896706e+00 1.2709266260e+00 8.1928856974e+01
1.2704167888e+00 1.3271204187e+00 7.0504576168e+01
1.3107579704e+00 1.2449001085e+00 8.3771288937e+01
1.2891194470e+00 1.2652335687e+00 7.7901209028e+01
1.3187813731e+00 1.2481965561e+00 8.3931863986e+01
1.2932621151e+00 1.2697955173e+00 7.7550643872e+01
1.3023816066e+00 1.2458840533e+00 8.2478240615e+01
1.3390151649e+00 1.2659617571e+00 8.1928856974e+01
1.2985941106e+00 1.2832118398e+00 7.6163920146e+01
1.3466570007e+00 1.2793644194e+00 8.0060864731e+01
1.3467764712e+00 1.2595140778e+00 8.4560892485e+01
1.3103316131e+00 1.2374994209e+00 8.6374684998e+01
1.2800802964e+00 1.2847194436e+00 7.4923826465e+01
1.3035924488e+00 1.2481511073e+00 8.2093856142e+01
1.3555842177e+00 1.2590310928e+00 8.6374684998e+01
1.2963944352e+00 1.3147146340e+00 7.2722003404e+01
1.3036557505e+00 1.2572248024e+00 8.0296118030e+01
1.3556535699e+00 1.2672953466e+00 8.3512456048e+01
1.3234888509e+00 1.2731735625e+00 7.9231529518e+01
1.2788566971e+00 1.2807179042e+00 7.5303177292e+01
1.3222409789e+00 1.2717976414e+00 7.9354959114e+01
1.3232898009e+00 1.2537157335e+00 8.3023421435e+01
1.2893404619e+00 1.2863563851e+00 7.5258052561e+01
1.3184504691e+00 1.2515779603e+00 8.2976381855e+01
1.3277977678e+00 1.2566278462e+00 8.2837107130e+01
1.3185081166e+00 1.2794665248e+00 7.7928590790e+01
1.3188256399e+00 1.2730271617e+00 7.8899089761e+01
1.3317733582e+00 1.2653264399e+00 8.1337875892e+01
1.3152907242e+00 1.2604061229e+00 8.0748719456e+01
1.3077045689e+00 1.2863340514e+00 7.6332733555e+01
1.2765738543e+00 1.2930187154e+00 7.3858512165e+01
1.3391430394e+00 1.2540211798e+00 8.5203558584e+01
1.3422066325e+00 1.2614568834e+00 8.3361979075e+01
1.2677465928e+00 1.2805190670e+00 7.4704974011e+01
1.3478082875e+00 1.2549797470e+00 8.6560781600e+01
1.3705790064e+00 1.2655462204e+00 8.6657708378e+01
1.3516480225e+00 1.2542046263e+00 8.8378926216e+01
1.3295925300e+00 1.2911624754e+00 7.7080699799e+01
1.2945067232e+00 1.2925394399e+00 7.4857846411e+01
1.3139718941e+00 1.2425563503e+00 8.5002097282e+01
1.2758157967e+00 1.2815827119e+00 7.5034424584e+01
1.3369439964e+00 1.2737269029e+00 8.0228330525e+01
1.3281178912e+00 1.2847441026e+00 7.7846627825e+01
1.3530902844e+00 1.2830349424e+00 7.9961712929e+01
1.2936750586e+00 1.3187486673e+00 7.2227026791e+01
1.2804399508e+00 1.2813113600e+00 7.5325790544e+01
1.3199821710e+00 1.2640067709e+00 8.0502355029e+01
1.2739941974e+00 1.3056293766e+00 7.2510934134e+01
1.3154295656e+00 1.3009394536e+00 7.5078888084e+01
1.3363964398e+00 1.2532711574e+00 8.5002097282e+01
1.3440221720e+00 1.2653343648e+00 8.2610784034e+01
1.3320877661e+00 1.2715757498e+00 8.0194610813e+01
1.3245227185e+00 1.2459415952e+00 8.5634214754e+01
1.3057218729e+00 1.2821980032e+00 7.6726497234e+01
1.2937949926e+00 1.2810295192e+00 7.6139968555e+01
1.3046750292e+00 1.2318644110e+00 8.8378926216e+01
1.2914730863e+00 1.2424629765e+00 8.2052287288e+01
1.3479261190e+00 1.2649358748e+00 8.3166473052e+01
1.3078236718e+00 1.2569760682e+00 8.0713127966e+01
1.2845552996e+00 1.2658838601e+00 7.7497569815e+01
1.3357555505e+00 1.2937787701e+00 7.7132082137e+01
1.3359599227e+00 1.2663904079e+00 8.1530319164e+01
1.2647139491e+00 1.3569185473e+00 6.8072912002e+01
1.2895349788e+00 1.2826731186e+00 7.5692355604e+01
1.3019493867e+00 1.2807296865e+00 7.6676652104e+01
1.2633080052e+00 1.2597902487e+00 7.6902422036e+01
1.3039067246e+00 1.2678653899e+00 7.8576202428e+01
1.3160077188e+00 1.2535848510e+00 8.2219886681e+01
1.2379881552e+00 1.3385811255e+00 6.8366465372e+01
1.3497620845e+00 1.2560905643e+00 8.6466509507e+01
1.3161246084e+00 1.2744169968e+00 7.8489693825e+01
1.2701535987e+00 1.2915977121e+00 7.3673952717e+01
1.3089471066e+00 1.2780990564e+00 7.7471115761e+01
1.3115079975e+00 1.2345847803e+00 8.9189483384e+01
1.2923860478e+00 1.3038390053e+00 7.3572291496e+01
1.3209314940e+00 1.2538930178e+00 8.2700475693e+01
1.3412343363e+00 1.2514927190e+00 8.6757527902e+01
1.3000011259e+00 1.3119843566e+00 7.3151828116e+01
1.3544817906e+00 1.2781276018e+00 8.0965186566e+01
1.3583344628e+00 1.2584730448e+00 8.7436729029e+01
1.3343423275e+00 1.2487733440e+00 8.6466509507e+01
1.3474472220e+00 1.2579675512e+00 8.5203558584e+01
1.3034889149e+00 1.2695912221e+00 7.8290292293e+01
1.3485962108e+00 1.2533164404e+00 8.7855467302e+01
1.2905941730e+00 1.2715925536e+00 7.7132082137e+01
1.2848280934e+00 1.3192732000e+00 7.1781682849e+01
1.2998703679e+00 1.2854286641e+00 7.5973430165e+01
1.3690038092e+00 1.2785586753e+00 8.2305046547e+01
1.3144635376e+00 1.2878867930e+00 7.6552833021e+01
1.2838504895e+00 1.3259441436e+00 7.1168201621e+01
1.3526785625e+00 1.2558018551e+00 8.7436729029e+01
1.3258479535e+00 1.2594510785e+00 8.1969790983e+01
1.3461067606e+00 1.2536178619e+00 8.6860516083e+01
1.3563629845e+00 1.2560607414e+00 8.8853746852e+01
1.3408096910e+00 1.2602276751e+00 8.3512456048e+01
1.2781240000e+00 1.2901611386e+00 7.4233936959e+01
1.3523567402e+00 1.2578760138e+00 8.6197674093e+01
1.3098648807e+00 1.2828621747e+00 7.6902422036e+01
1.3220844388e+00 1.2855199578e+00 7.7339661375e+01
1.2868991478e+00 1.2709345300e+00 7.6978533067e+01
1.3168421987e+00 1.2745735129e+00 7.8518458573e+01
1.3442313984e+00 1.2760848981e+00 8.0433119990e+01
1.3580113717e+00 1.2794326962e+00 8.1038494274e+01
1.3304272740e+00 1.2719230566e+00 7.9994655462e+01
1.3318063128e+00 1.2561135634e+00 8.3461913920e+01
1.2943754798e+00 1.2952921175e+00 7.4553578751e+01
1.3097319762e+00 1.2407071836e+00 8.4936720171e+01
1.2812205712e+00 1.2574890308e+00 7.8460999819e+01
1.3664052788e+00 1.2648860791e+00 8.6028533830e+01
1.2973743359e+00 1.2931672694e+00 7.4945882582e+01
1.3122413355e+00 1.2717476065e+00 7.8605182622e+01
1.3200737678e+00 1.2932265184e+00 7.6236020107e+01
1.2729121450e+00 1.3032209066e+00 7.2683441722e+01
1.3368221783e+00 1.2786699375e+00 7.9386038170e+01
1.3421345003e+00 1.2532159060e+00 8.6112185454e+01
1.3149968434e+00 1.2602638237e+00 8.0748719456e+01
1.3369988876e+00 1.2727957455e+00 8.0398687958e+01
1.3230742095e+00 1.3025082081e+00 7.5325790544e+01
1.3129959552e+00 1.2757977323e+00 7.8066427965e+01
1.3121526944e+00 1.2893223020e+00 7.6236020107e+01
1.3267364215e+00 1.2507053913e+00 8.4324110442e+01
1.3104637196e+00 1.2853239979e+00 7.6626989411e+01
1.2832579809e+00 1.2911304003e+00 7.4403617595e+01
1.3336922873e+00 1.2468041634e+00 8.7436729029e+01
1.3386552960e+00 1.2785907245e+00 7.9542802945e+01
1.3376456861e+00 1.2752163077e+00 8.0027705704e+01
1.2712741172e+00 1.2739496808e+00 7.5646033984e+01
1.3144661033e+00 1.2372774528e+00 8.7707378991e+01
1.2752118934e+00 1.2808812559e+00 7.5078888084e+01
1.3356715453e+00 1.2470075279e+00 8.8014565082e+01
1.3066829985e+00 1.2324607101e+00 8.8853746852e+01
1.3594789051e+00 1.2661035126e+00 8.4382373156e+01
1.3230861821e+00 1.3196354484e+00 7.3531797916e+01
1.3404527374e+00 1.2846907022e+00 7.8721838178e+01
1.3513042791e+00 1.2536726430e+00 8.8853746852e+01
1.3515315796e+00 1.2670301266e+00 8.3070778751e+01
1.2923004988e+00 1.2886324272e+00 7.5168205857e+01
1.2860843251e+00 1.2965947481e+00 7.3982701417e+01
1.2942227870e+00 1.3348723354e+00 7.0868577685e+01
1.2947905713e+00 1.2595624444e+00 7.9170336091e+01
1.3298586402e+00 1.2523838593e+00 8.4266437827e+01
1.3313598125e+00 1.2639905938e+00 8.1569331007e+01
1.2966003214e+00 1.2808414914e+00 7.6332733555e+01
1.3357716982e+00 1.2552069479e+00 8.4266437827e+01
1.2709757229e+00 1.2855525215e+00 7.4339777311e+01
1.3277944866e+00 1.2824382673e+00 7.8149888534e+01
1.2808083534e+00 1.2383920814e+00 8.1807273904e+01
1.3192837134e+00 1.2415968395e+00 8.6466509507e+01
1.3343810504e+00 1.2833035075e+00 7.8489693825e+01
1.2985400115e+00 1.2640821557e+00 7.8751188620e+01
1.2963167243e+00 1.2519489355e+00 8.0607155573e+01
1.3601489589e+00 1.2632388133e+00 8.5486104849e+01
1.3180358360e+00 1.2642066635e+00 8.0296118030e+01
1.2911424889e+00 1.3046452285e+00 7.3430984963e+01
1.3223036250e+00 1.2678009639e+00 8.0027705704e+01
1.3183098249e+00 1.2569508422e+00 8.1727204497e+01
1.3274004459e+00 1.2727617333e+00 7.9606163389e+01
1.3430692789e+00 1.2540305193e+00 8.5946605487e+01
1.3189720190e+00 1.3083665554e+00 7.4467713732e+01
1.3519782208e+00 1.2582545331e+00 8.5946605487e+01
1.3304635116e+00 1.2478509318e+00 8.6028533830e+01
1.3174100887e+00 1.2386830606e+00 8.7707378991e+01
1.2955736928e+00 1.2844863073e+00 7.5832210102e+01
1.3281074347e+00 1.2759938587e+00 7.9139867144e+01
1.2831537725e+00 1.3038923905e+00 7.3112314516e+01
1.3319307582e+00 1.2546785852e+00 8.3877872787e+01
1.2603100680e+00 1.2992645332e+00 7.2453796832e+01
1.3331925885e+00 1.2473038623e+00 8.6966995687e+01
1.3164478642e+00 1.2859024664e+00 7.6927743997e+01
1.3480337558e+00 1.2569431663e+00 8.5710183053e+01
1.3137701852e+00 1.2606181960e+00 8.0572093792e+01
1.3198915965e+00 1.2645340176e+00 8.0398687958e+01
1.3252427187e+00 1.2618034443e+00 8.1414339425e+01
1.3347892062e+00 1.2780727876e+00 7.9323969492e+01
1.3225936653e+00 1.2710077421e+00 7.9511264665e+01
1.2916807564e+00 1.2379183248e+00 8.3166473052e+01
1.3457629251e+00 1.2605276239e+00 8.4096788508e+01
1.3269981970e+00 1.2456459079e+00 8.6285126569e+01
1.2816158238e+00 1.2949534569e+00 7.3920490059e+01
1.3410365849e+00 1.2486310123e+00 8.9189483384e+01
1.3299073777e+00 1.2567019657e+00 8.3070778751e+01
1.3224099693e+00 1.2900137566e+00 7.6776526866e+01
1.2568280858e+00 1.2758066225e+00 7.4618284369e+01
1.3449751600e+00 1.2547494625e+00 8.6028533830e+01
1.3361502498e+00 1.2548283964e+00 8.4441244525e+01
1.3156684666e+00 1.2543599628e+00 8.2010933342e+01
1.3137701852e+00 1.2606181960e+00 8.0572093792e+01
1.3290637074e+00 1.2553619067e+00 8.3312569183e+01
1.3079887368e+00 1.2843011795e+00 7.6602225844e+01
1.3570947243e+00 1.2702438501e+00 8.2929653666e+01
1.3473949778e+00 1.2562685381e+00 8.5866297957e+01
1.3113560900e+00 1.3019441962e+00 7.4748499176e+01
1.2846175993e+00 1.2984980722e+00 7.3714790034e+01
1.3407400801e+00 1.2484905500e+00 8.9189483384e+01
1.3040842088e+00 1.3263285815e+00 7.2021586718e+01
1.3404115472e+00 1.2492560501e+00 8.8014565082e+01
1.3185418734e+00 1.2388566353e+00 8.8014565082e+01
1.2420121760e+00 1.3010396050e+00 7.1454459275e+01
1.3442342940e+00 1.2519907591e+00 8.7311596302e+01
1.3164478642e+00 1.2859024664e+00 7.6927743997e+01
1.3263567998e+00 1.2589422322e+00 8.2135643310e+01
1.2893776773e+00 1.2667154720e+00 7.7711219496e+01
1.3088664158e+00 1.2520141371e+00 8.1807273904e+01
1.3046283204e+00 1.2715047311e+00 7.8094184084e+01
1.3132465090e+00 1.2908547844e+00 7.6116057475e+01
1.2479875065e+00 1.3268370054e+00 6.9613682416e+01
1.3406870093e+00 1.2516029069e+00 8.6560781600e+01
1.3197510450e+00 1.2546373362e+00 8.2391153680e+01
1.3078203658e+00 1.3313824989e+00 7.1745045020e+01
1.3138914455e+00 1.2818962719e+00 7.7287454070e+01
1.3612229622e+00 1.2590933343e+00 8.8014565082e+01
1.3351309525e+00 1.2532258170e+00 8.4808428882e+01
1.3474870592e+00 1.2522375633e+00 8.8378926216e+01
1.3094611157e+00 1.2872012977e+00 7.6332733555e+01
1.3132068696e+00 1.2576933531e+00 8.1075372075e+01
1.2906598226e+00 1.3033787977e+00 7.3531797916e+01
1.3424204448e+00 1.2520554129e+00 8.6757527902e+01
1.3708587296e+00 1.2731828409e+00 8.3877872787e+01
1.2763559099e+00 1.2745180239e+00 7.5879129711e+01
1.3076465597e+00 1.2523633341e+00 8.1608522897e+01
1.3685123244e+00 1.2623397375e+00 8.8187569297e+01
1.3289598419e+00 1.2493546015e+00 8.5135479942e+01
1.3075597645e+00 1.2411405459e+00 8.4441244525e+01
1.3322139907e+00 1.2626991290e+00 8.1928856974e+01
1.3555029276e+00 1.2784247194e+00 8.1001766381e+01
1.2576295284e+00 1.3219940456e+00 7.0384686022e+01
1.3576504170e+00 1.3128360385e+00 7.6092186698e+01
1.3214286060e+00 1.2721728014e+00 7.9231529518e+01
1.3621969020e+00 1.2651416723e+00 8.5135479942e+01
1.2351527532e+00 1.3558258930e+00 6.7095699756e+01
1.3218379133e+00 1.2879567198e+00 7.7004000743e+01
1.2745093425e+00 1.3081697307e+00 7.2302304233e+01
1.3190655199e+00 1.2575037608e+00 8.1687457017e+01
1.3547722144e+00 1.2580897793e+00 8.6657708378e+01
1.3212204637e+00 1.2780666267e+00 7.8318572690e+01
1.3183970926e+00 1.2620993582e+00 8.0713127966e+01
1.3088913326e+00 1.2550373043e+00 8.1186923776e+01
1.3254155162e+00 1.2944620961e+00 7.6405711507e+01
1.3243174084e+00 1.2465828143e+00 8.5342693277e+01
1.3186610872e+00 1.2679482562e+00 7.9701926885e+01
1.3633180916e+00 1.2908503148e+00 7.9479819877e+01
1.2915287505e+00 1.2728354256e+00 7.7029517563e+01
1.2518330425e+00 1.3090475104e+00 7.1203753930e+01
1.3234404634e+00 1.3038981110e+00 7.5190617570e+01
1.2826301200e+00 1.2926305471e+00 7.4212851892e+01
1.3011440977e+00 1.2854652457e+00 7.6044565226e+01
1.3409753650e+00 1.2578742178e+00 8.4209337681e+01
1.3623177973e+00 1.2637036228e+00 8.5710183053e+01
1.2760829083e+00 1.3240792709e+00 7.0991401350e+01
1.3180003735e+00 1.2668619373e+00 7.9830999012e+01
1.3203677649e+00 1.2461744771e+00 8.4808428882e+01
1.3305379816e+00 1.2586926485e+00 8.2655493698e+01
1.3385168810e+00 1.2638334496e+00 8.2347979715e+01
1.2830515804e+00 1.3289339021e+00 7.0886077399e+01
1.3143739341e+00 1.3050650183e+00 7.4575117862e+01
1.3167112673e+00 1.2681510434e+00 7.9511264665e+01
1.3148194980e+00 1.2674230015e+00 7.9479819877e+01
1.3180555987e+00 1.2572050684e+00 8.1647897369e+01
1.3360571815e+00 1.2732993552e+00 8.0228330525e+01
1.2715613542e+00 1.2719247807e+00 7.5902646881e+01
1.2963587848e+00 1.2440873920e+00 8.2219886681e+01
1.3155040163e+00 1.2789718414e+00 7.7792286999e+01
1.3372032663e+00 1.2848680124e+00 7.8460999819e+01
1.3511668600e+00 1.2853979561e+00 7.9417207447e+01
1.2999795971e+00 1.3190207199e+00 7.2491868298e+01
1.3324479295e+00 1.2445576050e+00 8.9189483384e+01
1.3491045084e+00 1.2782340660e+00 8.0467675232e+01
1.2430086104e+00 1.3143898983e+00 7.0384686022e+01
1.3298152506e+00 1.2458815965e+00 8.6860516083e+01
1.3416296683e+00 1.2489119369e+00 8.9189483384e+01
1.3171728707e+00 1.3189523561e+00 7.3310790842e+01
1.3136122920e+00 1.2782405097e+00 7.7765205727e+01
1.3600715836e+00 1.2716590946e+00 8.2929653666e+01
1.3140187351e+00 1.2560096943e+00 8.1491484890e+01
1.3658593608e+00 1.2812629241e+00 8.1414339425e+01
1.2952482133e+00 1.2538867724e+00 8.0161005537e+01
1.3362950388e+00 1.2669307241e+00 8.1452825766e+01
1.2882172689e+00 1.3027613772e+00 7.3471238414e+01
1.3290328058e+00 1.2912834907e+00 7.7029517563e+01
1.3584713396e+00 1.2596517802e+00 8.6757527902e+01
1.3292422796e+00 1.2434018253e+00 8.8596120629e+01
1.3291907137e+00 1.2465061333e+00 8.6374684998e+01
1.3508116475e+00 1.2655573717e+00 8.3361979075e+01
1.3031022282e+00 1.2918108916e+00 7.5416586482e+01
1.3587124793e+00 1.2580950283e+00 8.7855467302e+01
1.3034681021e+00 1.2430592027e+00 8.3312569183e+01
1.3176581119e+00 1.2384350374e+00 8.8014565082e+01
1.2966712438e+00 1.2908117635e+00 7.5168205857e+01
1.2652515654e+00 1.2991126107e+00 7.2702712145e+01
1.3266862924e+00 1.2490105546e+00 8.4872174373e+01
1.3214679050e+00 1.2633944057e+00 8.0748719456e+01
1.3411644260e+00 1.2533114318e+00 8.5866297957e+01
1.3459885007e+00 1.2752052379e+00 8.0748719456e+01
1.3345761174e+00 1.2756566365e+00 7.9701926885e+01
1.2934624671e+00 1.2469837097e+00 8.1299894225e+01
1.3489436580e+00 1.2735664274e+00 8.1337875892e+01
1.2301382066e+00 1.2942597666e+00 7.1508608306e+01
1.3289716993e+00 1.2598219882e+00 8.2219886681e+01
1.3407668084e+00 1.2510859932e+00 8.6860516083e+01
1.2850527335e+00 1.2854115803e+00 7.5123481451e+01
1.2950427436e+00 1.3059946225e+00 7.3491400916e+01
1.3410132090e+00 1.2648394398e+00 8.2391153680e+01
1.3135200510e+00 1.2386583533e+00 8.6560781600e+01
1.3383655675e+00 1.2924864944e+00 7.7471115761e+01
1.3020742595e+00 1.2644679825e+00 7.8958797887e+01
1.3008652392e+00 1.2395809376e+00 8.3931863986e+01
1.3052893506e+00 1.2883120569e+00 7.5949796914e+01
1.3474272287e+00 1.2900168392e+00 7.8432376026e+01
1.3381443039e+00 1.2589554942e+00 8.3512456048e+01
1.3481466515e+00 1.2866599541e+00 7.8988771847e+01
1.3206835022e+00 1.2654890462e+00 8.0296118030e+01
1.3038826754e+00 1.2417756001e+00 8.3718672554e+01
1.3370698136e+00 1.2766687895e+00 7.9734044399e+01
1.3230567781e+00 1.2417429618e+00 8.7436729029e+01
1.3423141000e+00 1.2547856982e+00 8.5486104849e+01
1.3758529301e+00 1.3003748041e+00 7.8928904074e+01
1.3288496717e+00 1.2459748401e+00 8.6560781600e+01
1.3702044377e+00 1.2835234032e+00 8.1376023555e+01
1.3572266324e+00 1.2674778537e+00 8.3666491536e+01
1.3353490093e+00 1.2617507888e+00 8.2478240615e+01
1.3038187914e+00 1.2635948496e+00 7.9231529518e+01
1.3569259229e+00 1.2770017241e+00 8.1414339425e+01
1.2263021963e+00 1.3345783566e+00 6.8211494567e+01
1.3087021448e+00 1.2439111324e+00 8.3771288937e+01
1.3290870082e+00 1.2758899139e+00 7.9231529518e+01
1.3342552051e+00 1.2567234410e+00 8.3614735208e+01
1.3319291768e+00 1.2599236249e+00 8.2522162191e+01
1.3439421419e+00 1.2632242809e+00 8.3118460360e+01
1.3813998543e+00 1.2710064364e+00 8.6466509507e+01
1.2902035510e+00 1.2598008593e+00 7.8780614851e+01
1.2682842374e+00 1.2939024893e+00 7.3350761860e+01
1.3586975645e+00 1.2791861659e+00 8.1149584901e+01
1.3453952954e+00 1.2705352598e+00 8.1608522897e+01
1.3294694933e+00 1.2501540808e+00 8.4936720171e+01
1.3320165666e+00 1.2554664407e+00 8.3666491536e+01
1.3079138153e+00 1.3167906708e+00 7.3072890473e+01
1.2956248412e+00 1.2348414381e+00 8.4621711461e+01
1.3569373809e+00 1.2756720115e+00 8.1687457017e+01
1.3100151701e+00 1.2639371051e+00 7.9669908154e+01
1.3089828212e+00 1.2929298300e+00 7.5622927969e+01
1.3336596407e+00 1.2831478669e+00 7.8460999819e+01
1.2665340435e+00 1.3074182317e+00 7.2003022837e+01
1.3652733913e+00 1.2611870558e+00 8.7855467302e+01
1.3093502957e+00 1.2659103714e+00 7.9293068528e+01
1.3079984121e+00 1.2602867264e+00 8.0127513527e+01
1.3399335764e+00 1.2944335377e+00 7.7313531307e+01
1.3370698136e+00 1.2766687895e+00 7.9734044399e+01
1.3183058328e+00 1.2451872896e+00 8.4808428882e+01
1.2920430727e+00 1.2967506148e+00 7.4276189762e+01
1.2975717123e+00 1.2437429003e+00 8.2434572567e+01
1.3545281718e+00 1.2728104026e+00 8.2052287288e+01
1.2968001807e+00 1.2684351478e+00 7.7983538712e+01
1.3093790495e+00 1.2728634500e+00 7.8233932577e+01
1.3219549301e+00 1.2406672371e+00 8.7855467302e+01
1.3205144741e+00 1.3235270964e+00 7.3033555363e+01
1.2965357677e+00 1.2652155430e+00 7.8432376026e+01
1.3200415467e+00 1.2757461707e+00 7.8576202428e+01
1.3526089600e+00 1.2576237940e+00 8.6374684998e+01
1.3359179424e+00 1.2883476146e+00 7.7873888177e+01
1.3527179533e+00 1.2623357476e+00 8.4560892485e+01
1.3080610578e+00 1.2964780376e+00 7.5168205857e+01
1.3181526507e+00 1.2540554467e+00 8.2347979715e+01
1.2586054412e+00 1.2727281354e+00 7.5056640173e+01
1.3034771388e+00 1.2844427374e+00 7.6308492375e+01
1.3365849631e+00 1.2500243804e+00 8.6374684998e+01
1.3534789791e+00 1.2554394859e+00 8.8014565082e+01
1.2977384223e+00 1.2714183124e+00 7.7630675173e+01
1.3306750062e+00 1.2848171097e+00 7.8011105717e+01
1.3092405069e+00 1.2425030492e+00 8.4266437827e+01
1.3124699832e+00 1.2545079460e+00 8.1647897369e+01
1.3465121862e+00 1.2571513297e+00 8.5342693277e+01
1.3212533299e+00 1.2784712926e+00 7.8262079083e+01
1.3263200763e+00 1.2572322181e+00 8.2522162191e+01
1.2943349120e+00 1.2591481851e+00 7.9200889974e+01
1.3444714334e+00 1.2504416863e+00 8.8853746852e+01
1.3323038454e+00 1.2932785723e+00 7.6978533067e+01
1.3026656466e+00 1.2808866478e+00 7.6701551736e+01
1.3084844631e+00 1.2419546966e+00 8.4324110442e+01
1.3073896849e+00 1.2582812568e+00 8.0433119990e+01
1.3355747979e+00 1.2711536757e+00 8.0572093792e+01
1.3449720663e+00 1.2779768503e+00 8.0161005537e+01
1.3073608417e+00 1.2722627323e+00 7.8177837772e+01
1.3412309137e+00 1.2628703797e+00 8.2883230736e+01
1.2621886262e+00 1.3340364269e+00 6.9630145771e+01
1.3513541834e+00 1.2694008220e+00 8.2478240615e+01
1.3227175951e+00 1.2460033292e+00 8.5272615194e+01
1.3141489341e+00 1.2441199375e+00 8.4500744095e+01
1.3114312783e+00 1.2756148848e+00 7.7983538712e+01
1.3422035718e+00 1.2513978356e+00 8.7077348295e+01
1.3493390079e+00 1.2560757653e+00 8.6374684998e+01
1.3473617031e+00 1.2523629194e+00 8.8187569297e+01
1.3190452110e+00 1.2885591856e+00 7.6751488857e+01
1.2916402807e+00 1.3177162560e+00 7.2227026791e+01
1.2934567524e+00 1.2940262549e+00 7.4639912012e+01
1.2882792182e+00 1.3153842977e+00 7.2283455850e+01
1.3072307727e+00 1.2723928013e+00 7.8149888534e+01
1.3206892855e+00 1.2441104545e+00 8.5634214754e+01
1.3308647128e+00 1.2618623425e+00 8.1969790983e+01
1.3103978082e+00 1.2561444339e+00 8.1112401649e+01
1.2801878029e+00 1.3121021134e+00 7.2208255597e+01
1.2837085366e+00 1.2841408408e+00 7.5190617570e+01
1.3423792909e+00 1.2744282167e+00 8.0572093792e+01
1.3194894801e+00 1.2662462978e+00 8.0060864731e+01
1.2704410276e+00 1.2834770165e+00 7.4532068904e+01
1.3306679875e+00 1.2922809291e+00 7.7004000743e+01
1.3563301565e+00 1.2696912636e+00 8.2976381855e+01
1.2887680089e+00 1.2816963048e+00 7.5762114683e+01
1.3292242703e+00 1.2517086558e+00 8.4382373156e+01
1.3033474637e+00 1.2614522763e+00 7.9542802945e+01
1.3526972223e+00 1.2900244082e+00 7.8810117472e+01
1.2780779134e+00 1.2471866634e+00 7.9863521106e+01
1.2883262498e+00 1.2590701831e+00 7.8751188620e+01
1.2795695563e+00 1.2743484878e+00 7.6092186698e+01
1.3393701504e+00 1.2586044910e+00 8.3771288937e+01
1.3075913540e+00 1.2650527509e+00 7.9293068528e+01
1.3143290278e+00 1.2522132142e+00 8.2347979715e+01
1.3199057282e+00 1.2409748247e+00 8.6966995687e+01
1.2850527335e+00 1.2854115803e+00 7.5123481451e+01
1.3159228007e+00 1.2671928708e+00 7.9606163389e+01
1.3150568424e+00 1.3100865972e+00 7.4086913271e+01
1.3416981571e+00 1.2619653588e+00 8.3166473052e+01
1.3070734489e+00 1.2965900670e+00 7.5101168461e+01
1.2385332689e+00 1.3419631818e+00 6.8149799120e+01
1.3095452612e+00 1.2574326680e+00 8.0784447201e+01
1.3456723460e+00 1.2523022954e+00 8.7568287925e+01
1.3173016785e+00 1.2767369418e+00 7.8233932577e+01
1.3451257045e+00 1.2651070495e+00 8.2791277101e+01
1.3259791268e+00 1.2987253593e+00 7.5926202551e+01
1.3402542892e+00 1.2840112678e+00 7.8810117472e+01
1.3153251991e+00 1.2699738329e+00 7.9109482420e+01
1.2808050219e+00 1.2826881004e+00 7.5190617570e+01
1.3552999588e+00 1.2839029058e+00 7.9994655462e+01
1.3259462070e+00 1.2414674340e+00 8.9189483384e+01
1.3495337474e+00 1.2541297685e+00 8.7568287925e+01
1.2948399137e+00 1.2778041912e+00 7.6602225844e+01
1.3404541294e+00 1.2544589904e+00 8.5272615194e+01
1.3191174822e+00 1.2552708990e+00 8.2177652292e+01
1.3143326032e+00 1.2766460429e+00 7.8038735323e+01
1.3579875253e+00 1.2706684235e+00 8.2929653666e+01
1.3400686045e+00 1.2535328030e+00 8.5559543476e+01
1.2864556784e+00 1.2984066323e+00 7.3817321945e+01
1.3280485779e+00 1.2690512203e+00 8.0296118030e+01
1.3023151762e+00 1.2799273233e+00 7.6801611525e+01
1.3201731303e+00 1.2904977691e+00 7.6577507130e+01
1.3684576937e+00 1.2667884279e+00 8.5634214754e+01
1.3531042027e+00 1.2645803552e+00 8.3931863986e+01
1.3317418583e+00 1.2771766066e+00 7.9231529518e+01
1.3468950779e+00 1.2685970380e+00 8.2177652292e+01
1.2690372192e+00 1.2718431632e+00 7.5762114683e+01
1.3316551411e+00 1.2641325763e+00 8.1569331007e+01
1.2684710151e+00 1.2784908413e+00 7.4967970313e+01
1.2753712882e+00 1.3331091295e+00 7.0231568090e+01
1.3386984036e+00 1.2728488600e+00 8.0537160751e+01
1.3405038964e+00 1.2500377089e+00 8.7436729029e+01
1.2825572015e+00 1.2461747806e+00 8.0433119990e+01
1.3284748840e+00 1.2463496278e+00 8.6285126569e+01
1.2936438249e+00 1.2624493244e+00 7.8634235730e+01
1.3336729919e+00 1.2704283016e+00 8.0537160751e+01
1.3282038025e+00 1.2877267528e+00 7.7444716555e+01
1.3083413316e+00 1.2813262656e+00 7.7004000743e+01
1.2725902207e+00 1.2748062122e+00 7.5622927969e+01
1.2686487983e+00 1.2661549579e+00 7.6430123055e+01
1.2765926332e+00 1.3283842888e+00 7.0659769938e+01
1.3148864281e+00 1.2747811691e+00 7.8346920764e+01
1.2964820239e+00 1.2522182865e+00 8.0572093792e+01
1.3104652933e+00 1.2512860175e+00 8.2135643310e+01
1.3166103495e+00 1.2804894486e+00 7.7657465783e+01
1.3561343072e+00 1.2589193937e+00 8.6560781600e+01
1.3401495330e+00 1.2530146861e+00 8.5787518542e+01
1.3155183464e+00 1.2627960970e+00 8.0330188264e+01
1.3244156307e+00 1.2845028342e+00 7.7630675173e+01
1.3086461452e+00 1.2674869063e+00 7.8988771847e+01
1.3461956365e+00 1.2714889214e+00 8.1491484890e+01
1.3177725418e+00 1.2478983999e+00 8.3877872787e+01
1.3153033193e+00 1.2857340468e+00 7.6877148084e+01
1.3292835559e+00 1.2643178515e+00 8.1299894225e+01
1.3312649114e+00 1.2439957557e+00 8.9189483384e+01
1.2739133864e+00 1.2935002546e+00 7.3673952717e+01
1.3397723232e+00 1.2485844464e+00 8.8378926216e+01
1.3314564248e+00 1.2516592468e+00 8.4745454571e+01
1.3381653415e+00 1.2528133046e+00 8.5486104849e+01
1.3458489062e+00 1.2613175166e+00 8.3877872787e+01
1.2894886780e+00 1.2966838704e+00 7.4149760707e+01
1.3327934827e+00 1.2498855906e+00 8.5634214754e+01
1.3610358473e+00 1.2623519249e+00 8.6028533830e+01
1.3291884620e+00 1.2578577011e+00 8.2700475693e+01
1.2831643045e+00 1.3008246375e+00 7.3410893841e+01
1.3539701147e+00 1.2584536112e+00 8.6285126569e+01
1.3135899342e+00 1.2616707329e+00 8.0364377815e+01
1.3315657974e+00 1.2489306534e+00 8.5787518542e+01
1.2936117867e+00 1.2969298186e+00 7.4339777311e+01
1.2974810566e+00 1.2699325844e+00 7.7819427566e+01
1.3079324396e+00 1.2538188712e+00 8.1337875892e+01
1.3369603048e+00 1.2597021086e+00 8.3166473052e+01
1.3143567414e+00 1.2386914334e+00 8.6757527902e+01
1.3257635175e+00 1.2494971497e+00 8.4560892485e+01
1.3664086750e+00 1.2855571477e+00 8.0642347542e+01
1.2970053946e+00 1.2848005559e+00 7.5879129711e+01
1.3453619377e+00 1.2508631154e+00 8.8853746852e+01
1.3418470235e+00 1.2543780296e+00 8.5559543476e+01
1.3141767230e+00 1.2419164263e+00 8.5272615194e+01
1.3317065670e+00 1.3013422192e+00 7.5949796914e+01
1.3381439302e+00 1.2760330143e+00 7.9928877049e+01
1.3154946449e+00 1.2449505661e+00 8.4441244525e+01
1.3209524738e+00 1.2748352436e+00 7.8780614851e+01
1.3199193299e+00 1.2618866205e+00 8.0892464042e+01
1.3188655973e+00 1.2751730230e+00 7.8576202428e+01
1.2899292546e+00 1.2739993823e+00 7.6776526866e+01
1.3068548527e+00 1.2570737842e+00 8.0607155573e+01
1.3193928104e+00 1.2698378197e+00 7.9448467746e+01
1.3168408054e+00 1.2457813618e+00 8.4382373156e+01
1.2817809369e+00 1.2926074443e+00 7.4170763875e+01
1.3213086190e+00 1.2692329863e+00 7.9701926885e+01
1.2925182396e+00 1.2788179167e+00 7.6332733555e+01
1.3342807390e+00 1.2518918093e+00 8.5135479942e+01
1.3249909310e+00 1.2694849267e+00 7.9961712929e+01
1.3568670373e+00 1.2735457530e+00 8.2135643310e+01
1.3375875200e+00 1.2809741861e+00 7.9079181218e+01
1.3525360927e+00 1.2594493897e+00 8.5559543476e+01
1.2980470099e+00 1.2754691839e+00 7.7106365806e+01
1.3030700280e+00 1.3260250945e+00 7.2003022837e+01
1.3220171662e+00 1.2484471475e+00 8.4324110442e+01
1.3052089685e+00 1.2962660279e+00 7.5034424584e+01
1.3205971768e+00 1.2616453228e+00 8.1001766381e+01
1.3119823295e+00 1.2580460999e+00 8.0892464042e+01
1.3602461006e+00 1.2820355987e+00 8.0748719456e+01
1.3148666927e+00 1.2962423765e+00 7.5576824649e+01
1.3142353358e+00 1.2640791077e+00 7.9994655462e+01
1.3076794214e+00 1.3051825724e+00 7.4212851892e+01
1.3214911958e+00 1.2607513037e+00 8.1262076387e+01
1.2988871357e+00 1.2877222077e+00 7.5646033984e+01
1.3328526244e+00 1.2528831535e+00 8.4560892485e+01
1.3359846796e+00 1.2558681220e+00 8.4096788508e+01
1.3538627919e+00 1.2761107513e+00 8.1299894225e+01
1.3083264333e+00 1.2442868439e+00 8.3614735208e+01
1.3468976723e+00 1.2580792498e+00 8.5068338769e+01
1.2865649209e+00 1.2921858748e+00 7.4467713732e+01
1.3259421181e+00 1.2449581046e+00 8.6374684998e+01
1.3180006918e+00 1.2839119594e+00 7.7287454070e+01
1.2795857903e+00 1.3000377837e+00 7.3310790842e+01
1.3495953522e+00 1.2997281749e+00 7.7235456792e+01
1.3052605430e+00 1.2508326063e+00 8.1687457017e+01
1.2736892528e+00 1.3562842904e+00 6.8444348387e+01
1.3596505255e+00 1.2848310739e+00 8.0194610813e+01
1.3094328348e+00 1.2789239347e+00 7.7392081315e+01
1.3479471062e+00 1.2859805408e+00 7.9079181218e+01
1.3342231951e+00 1.2454003789e+00 8.9189483384e+01
1.3153551964e+00 1.2655777296e+00 7.9830999012e+01
1.3153437784e+00 1.2769461378e+00 7.8066427965e+01
1.3402992972e+00 1.2506793490e+00 8.6966995687e+01
1.2914730863e+00 1.2424629765e+00 8.2052287288e+01
1.3041812782e+00 1.2471274544e+00 8.2391153680e+01
1.3292284148e+00 1.2696211681e+00 8.0296118030e+01
1.3649289030e+00 1.2606535147e+00 8.8187569297e+01
1.3462348356e+00 1.2718882842e+00 8.1414339425e+01
1.3039571452e+00 1.2852734849e+00 7.6236020107e+01
1.3239095202e+00 1.2430684090e+00 8.6860516083e+01
1.3241627024e+00 1.2795008136e+00 7.8318572690e+01
1.3440701078e+00 1.2714220080e+00 8.1299894225e+01
1.3019635589e+00 1.2445637459e+00 8.2745735086e+01
1.3413627190e+00 1.2820250533e+00 7.9200889974e+01
1.2690182592e+00 1.3293938406e+00 7.0265495703e+01
1.2987227357e+00 1.2896340338e+00 7.5416586482e+01
1.3573027328e+00 1.2568742118e+00 8.8378926216e+01
1.3168049420e+00 1.2371131021e+00 8.9189483384e+01
1.3386056796e+00 1.2764480213e+00 7.9896146783e+01
1.3135821351e+00 1.2743377410e+00 7.8318572690e+01
1.2714797197e+00 1.3111993535e+00 7.1892025986e+01
1.3216600362e+00 1.2405266904e+00 8.7855467302e+01
1.2823781577e+00 1.2854712197e+00 7.4967970313e+01
1.3037372981e+00 1.2380115695e+00 8.4872174373e+01
1.3274004459e+00 1.2727617333e+00 7.9606163389e+01
1.2963132935e+00 1.2676153434e+00 7.8066427965e+01
1.3546318093e+00 1.2683171072e+00 8.3118460360e+01
1.3337905656e+00 1.2589364898e+00 8.2976381855e+01
1.2822213739e+00 1.2577906221e+00 7.8489693825e+01
1.3370932447e+00 1.2678836774e+00 8.1337875892e+01
1.3099080415e+00 1.3099695707e+00 7.3837904283e+01
1.2905231985e+00 1.2947758335e+00 7.4403617595e+01
1.3584713396e+00 1.2596517802e+00 8.6757527902e+01
1.2975344363e+00 1.2637814832e+00 7.8721838178e+01
1.3282196346e+00 1.2566426761e+00 8.2883230736e+01
1.3398522993e+00 1.2914390586e+00 7.7711219496e+01
1.3296279281e+00 1.2635362910e+00 8.1491484890e+01
1.3344838144e+00 1.2959289759e+00 7.6776526866e+01
1.3221028776e+00 1.2784968828e+00 7.8318572690e+01
1.3053624734e+00 1.3044321597e+00 7.4170763875e+01
1.3010834008e+00 1.2824688937e+00 7.6405711507e+01
1.2778656561e+00 1.2995761568e+00 7.3270912618e+01
1.3252257595e+00 1.2561436664e+00 8.2655493698e+01
1.2990935010e+00 1.2744226928e+00 7.7313531307e+01
1.3581170982e+00 1.2652706740e+00 8.4441244525e+01
1.3577347459e+00 1.2696038285e+00 8.3166473052e+01
1.3047029117e+00 1.2902102081e+00 7.5692355604e+01
1.3342362689e+00 1.2514995090e+00 8.5272615194e+01
1.3030885395e+00 1.3141574810e+00 7.3092591339e+01
1.2737976935e+00 1.2640437695e+00 7.7029517563e+01
1.3080706337e+00 1.2641374637e+00 7.9479819877e+01
1.3206358564e+00 1.2620432168e+00 8.0928753038e+01
1.3024894666e+00 1.2784434594e+00 7.7004000743e+01
1.3398453860e+00 1.2686350316e+00 8.1452825766e+01
1.2980902702e+00 1.2358457926e+00 8.4683224036e+01
1.2762098405e+00 1.2703174643e+00 7.6381342894e+01
1.2930459527e+00 1.2743676883e+00 7.6927743997e+01
1.3227855319e+00 1.2765015585e+00 7.8663362312e+01
1.3557000409e+00 1.2576002453e+00 8.7192030493e+01
1.3035179390e+00 1.2325875431e+00 8.7311596302e+01
1.3427365645e+00 1.2548006430e+00 8.5559543476e+01
1.3041267774e+00 1.2402281396e+00 8.4209337681e+01
1.3179443580e+00 1.2494692830e+00 8.3461913920e+01
1.3283242880e+00 1.2438838093e+00 8.7707378991e+01
1.3012173995e+00 1.3393048192e+00 7.0798732350e+01
1.3394108021e+00 1.2576889960e+00 8.4041308295e+01
1.3302864607e+00 1.2550125713e+00 8.3563393325e+01
1.3083697777e+00 1.2743092956e+00 7.7956033878e+01
1.3248920874e+00 1.3094750267e+00 7.4661569416e+01
1.3301965011e+00 1.2756561477e+00 7.9354959114e+01
1.3403384193e+00 1.3067838655e+00 7.5808807284e+01
1.2882604997e+00 1.2896176161e+00 7.4835915371e+01
1.2555966461e+00 1.3331970414e+00 6.9433418299e+01
1.2776479900e+00 1.3085245583e+00 7.2415805206e+01
1.3166032727e+00 1.2669490218e+00 7.9701926885e+01
1.3107566926e+00 1.2854683605e+00 7.6626989411e+01
1.3064024780e+00 1.2470806191e+00 8.2655493698e+01
1.3313968239e+00 1.2814651699e+00 7.8547294593e+01
1.3131949960e+00 1.2468148978e+00 8.3563393325e+01
1.3081978045e+00 1.2688077300e+00 7.8751188620e+01
1.2969093543e+00 1.2752987431e+00 7.7055083817e+01
1.3780853211e+00 1.2668363315e+00 8.8187569297e+01
1.3031830397e+00 1.2611811364e+00 7.9574435566e+01
1.3624904684e+00 1.2802311621e+00 8.1299894225e+01
1.3179744296e+00 1.2459542073e+00 8.4500744095e+01
1.3226370368e+00 1.2465196979e+00 8.5068338769e+01
1.2857047449e+00 1.2577813901e+00 7.8751188620e+01
1.3665940202e+00 1.2844909397e+00 8.0856317856e+01
1.2816188405e+00 1.3045537078e+00 7.2974718097e+01
1.3556417894e+00 1.2559054741e+00 8.8596120629e+01
1.3099229180e+00 1.2461702313e+00 8.3312569183e+01
1.3723633432e+00 1.2650807247e+00 8.7436729029e+01
1.3369345244e+00 1.2816271817e+00 7.8928904074e+01
1.3044848633e+00 1.2664153594e+00 7.8839697086e+01
1.3134001102e+00 1.2596800268e+00 8.0713127966e+01
1.3400238097e+00 1.2531404095e+00 8.5710183053e+01
1.3017342227e+00 1.2722180525e+00 7.7792286999e+01
1.3671740357e+00 1.2654353567e+00 8.5946605487e+01
1.3536463993e+00 1.2965577954e+00 7.7928590790e+01
1.3122167017e+00 1.2634801453e+00 7.9928877049e+01
1.3175147552e+00 1.2616724173e+00 8.0713127966e+01
1.3082038757e+00 1.2457141683e+00 8.3214823856e+01
1.3193576402e+00 1.2794919427e+00 7.7983538712e+01
1.3004297818e+00 1.3119939440e+00 7.3171618697e+01
1.3462990960e+00 1.2516755453e+00 8.8378926216e+01
1.3486408535e+00 1.2778195936e+00 8.0502355029e+01
1.3553691713e+00 1.2913129382e+00 7.8810117472e+01
1.3392821985e+00 1.2792795076e+00 7.9479819877e+01
1.2833920902e+00 1.2909962910e+00 7.4424954390e+01
1.2815483213e+00 1.3063715548e+00 7.2799378191e+01
1.2739746168e+00 1.3191896024e+00 7.1310801950e+01
1.3073891244e+00 1.2879612819e+00 7.6116057475e+01
1.3057813534e+00 1.2590183866e+00 8.0161005537e+01
1.3481222429e+00 1.2695623150e+00 8.2093856142e+01
1.3478082875e+00 1.2549797470e+00 8.6560781600e+01
1.2843941170e+00 1.2656102933e+00 7.7524079068e+01
1.3273491668e+00 1.2474753451e+00 8.5559543476e+01
1.2621984505e+00 1.2817220632e+00 7.4276189762e+01
1.2747349268e+00 1.2992173483e+00 7.3151828116e+01
1.3549975791e+00 1.2600561218e+00 8.5787518542e+01
1.2747171533e+00 1.2987990405e+00 7.3191431906e+01
1.2981865098e+00 1.2735856047e+00 7.7365844600e+01
1.3196897435e+00 1.2451099964e+00 8.5068338769e+01
1.3268010207e+00 1.2427915490e+00 8.8014565082e+01
1.3253247552e+00 1.2420888858e+00 8.8014565082e+01
1.3377948581e+00 1.2544950582e+00 8.4808428882e+01
1.3012555015e+00 1.2631086746e+00 7.9109482420e+01
1.3649289030e+00 1.2606535147e+00 8.8187569297e+01
1.3434077880e+00 1.2913988177e+00 7.7956033878e+01
1.3405800608e+00 1.2543330589e+00 8.5342693277e+01
1.3535583766e+00 1.2549220411e+00 8.8596120629e+01
1.3012483162e+00 1.2892932891e+00 7.5599858248e+01
1.3370347352e+00 1.2977718704e+00 7.6701551736e+01
1.3214914884e+00 1.2651178551e+00 8.0433119990e+01
1.3014270096e+00 1.2603243011e+00 7.9574435566e+01
1.2812337189e+00 1.3483006017e+00 6.9303260894e+01
1.3359993467e+00 1.2462431528e+00 8.9189483384e+01
1.3436705776e+00 1.2731369300e+00 8.0928753038e+01
1.2980938770e+00 1.3428681753e+00 7.0384686022e+01
1.3108363701e+00 1.2788312272e+00 7.7497569815e+01
1.3114146675e+00 1.2686453326e+00 7.9018826610e+01
1.2852470322e+00 1.3425306426e+00 6.9895314917e+01
1.3031102182e+00 1.2874313870e+00 7.5926202551e+01
1.3384872652e+00 1.2507433649e+00 8.6466509507e+01
1.3000801071e+00 1.2534029899e+00 8.0677671172e+01
1.3137375425e+00 1.2358321432e+00 8.8853746852e+01
1.3088311586e+00 1.2450868854e+00 8.3461913920e+01
1.2921029275e+00 1.2831577396e+00 7.5785442206e+01
1.2723130061e+00 1.2525182565e+00 7.8547294593e+01
1.3237971103e+00 1.2444880283e+00 8.6112185454e+01
1.3350008989e+00 1.2472416007e+00 8.7568287925e+01
1.3255366528e+00 1.2807538961e+00 7.8233932577e+01
1.2845979383e+00 1.2980811349e+00 7.3755727228e+01
1.3500380954e+00 1.2689622216e+00 8.2434572567e+01
1.3225606074e+00 1.2789143890e+00 7.8290292293e+01
1.3090695903e+00 1.3103693621e+00 7.3755727228e+01
1.2764829054e+00 1.2574531574e+00 7.8122004123e+01
1.2863039591e+00 1.2650047735e+00 7.7738183355e+01
1.3203328562e+00 1.2693347410e+00 7.9606163389e+01
1.3319290675e+00 1.2669205153e+00 8.1038494274e+01
1.3106602869e+00 1.2881892960e+00 7.6284293221e+01
1.3322139907e+00 1.2626991290e+00 8.1928856974e+01
1.3414415235e+00 1.2582830991e+00 8.4152793230e+01
1.3605270305e+00 1.2747190911e+00 8.2262350168e+01
1.3392900943e+00 1.2731336316e+00 8.0537160751e+01
1.3642517763e+00 1.2608916633e+00 8.7707378991e+01
1.3266445442e+00 1.2438197695e+00 8.7192030493e+01
1.3187867856e+00 1.2521134371e+00 8.2883230736e+01
1.3313491426e+00 1.2727521508e+00 7.9928877049e+01
1.3347531124e+00 1.2536036571e+00 8.4621711461e+01
1.2791725090e+00 1.3074368344e+00 7.2587399708e+01
1.2906468183e+00 1.2824333187e+00 7.5785442206e+01
1.2834911098e+00 1.3018079223e+00 7.3330764710e+01
1.2780905393e+00 1.3133251723e+00 7.2003022837e+01
1.3231822491e+00 1.2464103206e+00 8.5203558584e+01
1.3399505802e+00 1.2654641930e+00 8.2135643310e+01
1.3040498390e+00 1.3131961815e+00 7.3231126524e+01
1.3066410189e+00 1.2638232948e+00 7.9417207447e+01
1.3490979667e+00 1.2528146845e+00 8.8596120629e+01
1.3251438416e+00 1.2811467074e+00 7.8149888534e+01
1.3223425009e+00 1.2415861360e+00 8.7311596302e+01
1.2297005070e+00 1.2851713743e+00 7.2302304233e+01
1.2872553055e+00 1.2945506450e+00 7.4255049545e+01
1.3160485586e+00 1.2539798708e+00 8.2135643310e+01
1.3766794860e+00 1.2669220801e+00 8.7568287925e+01
1.3397723232e+00 1.2485844464e+00 8.8378926216e+01
1.2794761481e+00 1.2840169742e+00 7.4967970313e+01
1.3284440061e+00 1.2782844675e+00 7.8810117472e+01
1.3125258783e+00 1.2806383408e+00 7.7365844600e+01
1.2719783500e+00 1.2976142197e+00 7.3171618697e+01
1.3165307535e+00 1.2430438478e+00 8.5272615194e+01
1.3222162539e+00 1.2853881427e+00 7.7365844600e+01
1.3428176536e+00 1.2542821446e+00 8.5787518542e+01
1.2868688375e+00 1.2271376309e+00 8.5946605487e+01
1.3512667510e+00 1.2699269877e+00 8.2347979715e+01
1.3587334373e+00 1.2607055151e+00 8.6285126569e+01
1.3185165585e+00 1.2851469574e+00 7.7157849094e+01
1.3371771672e+00 1.2503058401e+00 8.6374684998e+01
1.3285268391e+00 1.2432452754e+00 8.8378926216e+01
1.3200479634e+00 1.2534682304e+00 8.2700475693e+01
1.2898484438e+00 1.2788724805e+00 7.6163920146e+01
1.3200153028e+00 1.2395592984e+00 8.8014565082e+01
1.2882833046e+00 1.2952689898e+00 7.4233936959e+01
1.2983649782e+00 1.2299334915e+00 8.7436729029e+01
1.3492365693e+00 1.2539891936e+00 8.7568287925e+01
1.2667260310e+00 1.2906724777e+00 7.3592574728e+01
1.3068728745e+00 1.2731871255e+00 7.8011105717e+01
1.3170351403e+00 1.2805020672e+00 7.7684313766e+01
1.3218371069e+00 1.2962860129e+00 7.5973430165e+01
1.3126850017e+00 1.2595230956e+00 8.0677671172e+01
1.2962240137e+00 1.2794728334e+00 7.6479075887e+01
1.3005853185e+00 1.2572483594e+00 8.0027705704e+01
1.2799692663e+00 1.2931108707e+00 7.4024306706e+01
1.3384155195e+00 1.2477570288e+00 8.8596120629e+01
1.3369356505e+00 1.2662901124e+00 8.1647897369e+01
1.3322201349e+00 1.2613812725e+00 8.2219886681e+01
1.3581170982e+00 1.2652706740e+00 8.4441244525e+01
1.2679322418e+00 1.2742509056e+00 7.5416586482e+01
1.3212534808e+00 1.2583700933e+00 8.1727204497e+01
1.3066187515e+00 1.2651533630e+00 7.9200889974e+01
1.3185379922e+00 1.2746262269e+00 7.8634235730e+01
1.3505367265e+00 1.2579436911e+00 8.5787518542e+01
1.3199479305e+00 1.2461586491e+00 8.4745454571e+01
1.3390037807e+00 1.2896521681e+00 7.7901209028e+01
1.3225304000e+00 1.2627686321e+00 8.0965186566e+01
1.2701691031e+00 1.2811396295e+00 7.4770307295e+01
1.3608324300e+00 1.2581678870e+00 8.8853746852e+01
1.3162644531e+00 1.2507134761e+00 8.2929653666e+01
1.3153686316e+00 1.2555315911e+00 8.1727204497e+01
1.3407210319e+00 1.2506946797e+00 8.7077348295e+01
1.2782005201e+00 1.2791979886e+00 7.5439372000e+01
1.2887211015e+00 1.2374101779e+00 8.2929653666e+01
1.3421567004e+00 1.2571303900e+00 8.4621711461e+01
1.3062029457e+00 1.2546776072e+00 8.1001766381e+01
1.3145404808e+00 1.2515660987e+00 8.2522162191e+01
1.3115542504e+00 1.3056917701e+00 7.4361029171e+01
1.2873516528e+00 1.2752705144e+00 7.6454577770e+01
1.3036696502e+00 1.2559049511e+00 8.0537160751e+01
1.3600639572e+00 1.2576206007e+00 8.9189483384e+01
1.2540951940e+00 1.3242192495e+00 7.0062761447e+01
1.3023749127e+00 1.2311273405e+00 8.8014565082e+01
1.3345010748e+00 1.2477414248e+00 8.7077348295e+01
1.3801315440e+00 1.2749180664e+00 8.4683224036e+01
1.3460429845e+00 1.2804174625e+00 7.9830999012e+01
1.3060292508e+00 1.3199921694e+00 7.2683441722e+01
1.2838763617e+00 1.2778749490e+00 7.5926202551e+01
1.2599112895e+00 1.2961818598e+00 7.2722003404e+01
1.3253038560e+00 1.2682975514e+00 8.0194610813e+01
1.3294012638e+00 1.2558977683e+00 8.3214823856e+01
1.3085855438e+00 1.2344662373e+00 8.7707378991e+01
1.3333821043e+00 1.2453686914e+00 8.8596120629e+01
1.3496196319e+00 1.3085149607e+00 7.6139968555e+01
1.3206110532e+00 1.2677457163e+00 7.9896146783e+01
1.3537987690e+00 1.2581867135e+00 8.6374684998e+01
1.2778753505e+00 1.2525909288e+00 7.8958797887e+01
1.2918790885e+00 1.2777134812e+00 7.6430123055e+01
1.3166296772e+00 1.2704164859e+00 7.9139867144e+01
1.3251930298e+00 1.2701573765e+00 7.9863521106e+01
1.3268288150e+00 1.2554136845e+00 8.3023421435e+01
1.3760349622e+00 1.2662467371e+00 8.7855467302e+01
1.3186001495e+00 1.2736897667e+00 7.8780614851e+01
1.2668127115e+00 1.2350884070e+00 8.1075372075e+01
1.2761298225e+00 1.2821390491e+00 7.4990089796e+01
1.2693206533e+00 1.3103029207e+00 7.1873590390e+01
1.3105784659e+00 1.2594499635e+00 8.0502355029e+01
1.2912012092e+00 1.2553260956e+00 7.9574435566e+01
1.3080391734e+00 1.2380536044e+00 8.5634214754e+01
1.3358746281e+00 1.2463678714e+00 8.8853746852e+01
1.2910973374e+00 1.3143174358e+00 7.2510934134e+01
1.3335926722e+00 1.2858462802e+00 7.8066427965e+01
1.3043084408e+00 1.2954161818e+00 7.5078888084e+01
1.2563190832e+00 1.3128376515e+00 7.1079602534e+01
1.2979031018e+00 1.2699462756e+00 7.7846627825e+01
1.3590124829e+00 1.2670089372e+00 8.4041308295e+01
1.3383111769e+00 1.2618510023e+00 8.2791277101e+01
1.3056691506e+00 1.2722089652e+00 7.8066427965e+01
1.2375760550e+00 1.3250461122e+00 6.9335726738e+01
1.3200153028e+00 1.2395592984e+00 8.8014565082e+01
1.3056056697e+00 1.2557102498e+00 8.0748719456e+01
1.3212749016e+00 1.2614041716e+00 8.1112401649e+01
1.2791679092e+00 1.2725756469e+00 7.6284293221e+01
1.2908493527e+00 1.2404842239e+00 8.2434572567e+01
1.3113448587e+00 1.2678423138e+00 7.9139867144e+01
1.3034079538e+00 1.2945666876e+00 7.5123481451e+01
1.3146135668e+00 1.2859861935e+00 7.6801611525e+01
1.3241593778e+00 1.2711910285e+00 7.9606163389e+01
1.3296852930e+00 1.2779191036e+00 7.8958797887e+01
1.3210893198e+00 1.2799480463e+00 7.8038735323e+01
1.3018176870e+00 1.3110443068e+00 7.3330764710e+01
1.3016222710e+00 1.3309871215e+00 7.1508608306e+01
1.3474203634e+00 1.2935416888e+00 7.7928590790e+01
1.3051215885e+00 1.2797407222e+00 7.7004000743e+01
1.3374945845e+00 1.2482411934e+00 8.7707378991e+01
1.3335997745e+00 1.2460237995e+00 8.8014565082e+01
1.3148419605e+00 1.2813830926e+00 7.7418371854e+01
1.3396473328e+00 1.2487094368e+00 8.8187569297e+01
1.3026531700e+00 1.2599689972e+00 7.9734044399e+01
1.3228235112e+00 1.2506926825e+00 8.3771288937e+01
1.3600406007e+00 1.2813613095e+00 8.0856317856e+01
1.3556936163e+00 1.2690108698e+00 8.3070778751e+01
1.3305257071e+00 1.2508437188e+00 8.4872174373e+01
1.2399771478e+00 1.3222095788e+00 6.9646621875e+01
1.2757566102e+00 1.2999402368e+00 7.3132060082e+01
1.2988385318e+00 1.2786032810e+00 7.6751488857e+01
1.3096653762e+00 1.2647230050e+00 7.9511264665e+01
1.3120495654e+00 1.2379548450e+00 8.6560781600e+01
1.2935489747e+00 1.2629792697e+00 7.8547294593e+01
1.2837704902e+00 1.3225200588e+00 7.1454459275e+01
1.3145241421e+00 1.2790772653e+00 7.7711219496e+01
1.3021568700e+00 1.2722315112e+00 7.7819427566e+01
1.3148828190e+00 1.2730370572e+00 7.8605182622e+01
1.2892158710e+00 1.2738417614e+00 7.6751488857e+01
1.2754667425e+00 1.3032840532e+00 7.2799378191e+01
1.3383832364e+00 1.2946655498e+00 7.7183666982e+01
1.2951414739e+00 1.3050207052e+00 7.3592574728e+01
1.3254490953e+00 1.2419645457e+00 8.8187569297e+01
1.3408330779e+00 1.2492715110e+00 8.8187569297e+01
1.2316664822e+00 1.3505760174e+00 6.7317665959e+01
1.3632408839e+00 1.2619025557e+00 8.6757527902e+01
1.3200894869e+00 1.2538627883e+00 8.2610784034e+01
1.3182019175e+00 1.2675338604e+00 7.9734044399e+01
1.3600639572e+00 1.2576206007e+00 8.9189483384e+01
1.3317006334e+00 1.3136610968e+00 7.4575117862e+01
1.3375687221e+00 1.2713497428e+00 8.0713127966e+01
1.3268467141e+00 1.2728779085e+00 7.9542802945e+01
1.3315145509e+00 1.2699604455e+00 8.0433119990e+01
1.3111649852e+00 1.2423181119e+00 8.4621711461e+01
1.3324538159e+00 1.2694588353e+00 8.0607155573e+01
1.3470183314e+00 1.2518312515e+00 8.8596120629e+01
1.3022561348e+00 1.2542721096e+00 8.0713127966e+01
1.3499124439e+00 1.3042559624e+00 7.6676652104e+01
1.3223101229e+00 1.2424896171e+00 8.6757527902e+01
1.3581457892e+00 1.2617318230e+00 8.5710183053e+01
1.3024827690e+00 1.2710334248e+00 7.8011105717e+01
1.3222792543e+00 1.2534175927e+00 8.2976381855e+01
1.3218764734e+00 1.2647328700e+00 8.0537160751e+01
1.3146593931e+00 1.2929450035e+00 7.5949796914e+01
1.3256167686e+00 1.2701709489e+00 7.9896146783e+01
1.3017548310e+00 1.2883497579e+00 7.5738824530e+01
1.3056611103e+00 1.2896892960e+00 7.5808807284e+01
1.3516809004e+00 1.2581137327e+00 8.5946605487e+01
1.2607155025e+00 1.3027776198e+00 7.2152056638e+01
1.3412680726e+00 1.2505847290e+00 8.7311596302e+01
1.3127991335e+00 1.2607170602e+00 8.0467675232e+01
1.3012835286e+00 1.3155239790e+00 7.2877092002e+01
1.2610981800e+00 1.3058797492e+00 7.1892025986e+01
1.3357787698e+00 1.2902426503e+00 7.7603941562e+01
1.2988322775e+00 1.2642253549e+00 7.8751188620e+01
1.3167221021e+00 1.2607197107e+00 8.0820312794e+01
1.2902931339e+00 1.3081189659e+00 7.3053211840e+01
1.2987370652e+00 1.2922415810e+00 7.5123481451e+01
1.3302219670e+00 1.2446025448e+00 8.7855467302e+01
1.3165723096e+00 1.2818397903e+00 7.7471115761e+01
1.3018983305e+00 1.2376795094e+00 8.4683224036e+01
1.3338113661e+00 1.2646007337e+00 8.1687457017e+01
1.2538522294e+00 1.2926750753e+00 7.2760648706e+01
1.3210579653e+00 1.2537665465e+00 8.2745735086e+01
1.3045696729e+00 1.2903434468e+00 7.5669176471e+01
1.3340660709e+00 1.2512329611e+00 8.5342693277e+01
1.2854919616e+00 1.2906410899e+00 7.4575117862e+01
1.2888926556e+00 1.2658953564e+00 7.7792286999e+01
1.3084271947e+00 1.2908598958e+00 7.5832210102e+01
1.2927393338e+00 1.2255951918e+00 8.9189483384e+01
1.3030979449e+00 1.2734713358e+00 7.7711219496e+01
1.3391471209e+00 1.2492096486e+00 8.7568287925e+01
1.3289255215e+00 1.2607420757e+00 8.2010933342e+01
1.3222058307e+00 1.3191960794e+00 7.3531797916e+01
1.3440029848e+00 1.2500356355e+00 8.9189483384e+01
1.3531753588e+00 1.2601249274e+00 8.5413839657e+01
1.3067707618e+00 1.2850820399e+00 7.6430123055e+01
1.3547976431e+00 1.2699068429e+00 8.2745735086e+01
1.3204658223e+00 1.2757592308e+00 7.8605182622e+01
1.3416960852e+00 1.2632808369e+00 8.2837107130e+01
1.3543716702e+00 1.2558610838e+00 8.8014565082e+01
1.3443462822e+00 1.2505668376e+00 8.8596120629e+01
1.3159681763e+00 1.3004008428e+00 7.5168205857e+01
1.2537041242e+00 1.3102245127e+00 7.1185969682e+01
1.3104214788e+00 1.2735674631e+00 7.8205852297e+01
1.3647387084e+00 1.2771030841e+00 8.2177652292e+01
1.3254024796e+00 1.2415754496e+00 8.8596120629e+01
1.3301165009e+00 1.3082069165e+00 7.5078888084e+01
1.3408391311e+00 1.2553859220e+00 8.5002097282e+01
1.2794717089e+00 1.2310741009e+00 8.3411757846e+01
1.2935170695e+00 1.2712826704e+00 7.7365844600e+01
1.3319668241e+00 1.2765135936e+00 7.9354959114e+01
1.3357059800e+00 1.2740886531e+00 8.0060864731e+01
1.2758801013e+00 1.2932766334e+00 7.3796765055e+01
1.3501500037e+00 1.2956518286e+00 7.7819427566e+01
1.3097029337e+00 1.2429103435e+00 8.4209337681e+01
1.2968648831e+00 1.2692416965e+00 7.7873888177e+01
1.3513042791e+00 1.2536726430e+00 8.8853746852e+01
1.2814809672e+00 1.2950883135e+00 7.3899804954e+01
1.3205869738e+00 1.2420351934e+00 8.6560781600e+01
1.2847130033e+00 1.2844437314e+00 7.5213062491e+01
1.2930468990e+00 1.3093034316e+00 7.3072890473e+01
1.2878169141e+00 1.2918066599e+00 7.4575117862e+01
1.3416544257e+00 1.2589453347e+00 8.3986338075e+01
1.3176740666e+00 1.2575866006e+00 8.1530319164e+01
1.3331589450e+00 1.2482104809e+00 8.6466509507e+01
1.3608324300e+00 1.2581678870e+00 8.8853746852e+01
1.3398972885e+00 1.2484594810e+00 8.8596120629e+01
1.3175599192e+00 1.2747299970e+00 7.8547294593e+01
1.3026002739e+00 1.2840090696e+00 7.6308492375e+01
1.3359580353e+00 1.2506513082e+00 8.5946605487e+01
1.3245763121e+00 1.2476317853e+00 8.5002097282e+01
1.3405800608e+00 1.2543330589e+00 8.5342693277e+01
1.3131234301e+00 1.2979856391e+00 7.5280598016e+01
1.3168895378e+00 1.2474746383e+00 8.3877872787e+01
1.3510200060e+00 1.2548326427e+00 8.7568287925e+01
1.3278592748e+00 1.2482737768e+00 8.5342693277e+01
1.3121805514e+00 1.2761762182e+00 7.7956033878e+01
1.3578544899e+00 1.2629005154e+00 8.5203558584e+01
1.3168350235e+00 1.2815770763e+00 7.7524079068e+01
1.3531934435e+00 1.2566011896e+00 8.7077348295e+01
1.2545289912e+00 1.2919983136e+00 7.2857631514e+01
1.3344207754e+00 1.2679295551e+00 8.1075372075e+01
1.2882877098e+00 1.2452145434e+00 8.1149584901e+01
1.3104248775e+00 1.2456682718e+00 8.3512456048e+01
1.3403744944e+00 1.2654781544e+00 8.2177652292e+01
1.3418477337e+00 1.2495679779e+00 8.8378926216e+01
1.2894881439e+00 1.3093614389e+00 7.2896573969e+01
1.3545651870e+00 1.2587350992e+00 8.6285126569e+01
1.2639525726e+00 1.3065117411e+00 7.1965950507e+01
1.2834291047e+00 1.2396691491e+00 8.1807273904e+01
1.3346271150e+00 1.2537296545e+00 8.4560892485e+01
1.3288230398e+00 1.2713391394e+00 7.9961712929e+01
1.2635980249e+00 1.2699042283e+00 7.5669176471e+01
1.3617849416e+00 1.2602863370e+00 8.7311596302e+01
1.3345010748e+00 1.2477414248e+00 8.7077348295e+01
1.3105772115e+00 1.2703557145e+00 7.8692562936e+01
1.3067082807e+00 1.3057154452e+00 7.4107835512e+01
1.3254490953e+00 1.2419645457e+00 8.8187569297e+01
1.2629771665e+00 1.3026937752e+00 7.2264626857e+01
1.3360440970e+00 1.2978835500e+00 7.6626989411e+01
1.3522094544e+00 1.2553949422e+00 8.7568287925e+01
1.2941396058e+00 1.2863568449e+00 7.5530865121e+01
1.3311536758e+00 1.2502157502e+00 8.5203558584e+01
1.3292286332e+00 1.2530138663e+00 8.3986338075e+01
1.3308913557e+00 1.2443693114e+00 8.8378926216e+01
1.3223606875e+00 1.2555174284e+00 8.2478240615e+01
1.2926531323e+00 1.2747605087e+00 7.6851921864e+01
1.3468671577e+00 1.2883789639e+00 7.8634235730e+01
1.2611364731e+00 1.3071486654e+00 7.1781682849e+01
1.3082816641e+00 1.2805120234e+00 7.7106365806e+01
1.3405046806e+00 1.2561577328e+00 8.4683224036e+01
1.3266417370e+00 1.2770217789e+00 7.8869354308e+01
1.2799691085e+00 1.2700353019e+00 7.6651798080e+01
1.2921290911e+00 1.2643991533e+00 7.8233932577e+01
1.3017273295e+00 1.2949350838e+00 7.4990089796e+01
1.3553511651e+00 1.2697922745e+00 8.2837107130e+01
1.2992859415e+00 1.2428972059e+00 8.2837107130e+01
1.3451578412e+00 1.2515045722e+00 8.8014565082e+01
1.2942106111e+00 1.3033265964e+00 7.3714790034e+01
1.3000755048e+00 1.2725686000e+00 7.7630675173e+01
1.3321020122e+00 1.2575655850e+00 8.3118460360e+01
1.3182159840e+00 1.2396176938e+00 8.7311596302e+01
1.3448130196e+00 1.2557867408e+00 8.5559543476e+01
1.2994543787e+00 1.2923984229e+00 7.5145827200e+01
1.3315946468e+00 1.2554515163e+00 8.3614735208e+01
1.3027645834e+00 1.2537636610e+00 8.0856317856e+01
1.3145485287e+00 1.2812391887e+00 7.7418371854e+01
1.3157271121e+00 1.3037118403e+00 7.4792145946e+01
1.3514297286e+00 1.2535471935e+00 8.9189483384e+01
1.2804556194e+00 1.3214570318e+00 7.1400462359e+01
1.3305886541e+00 1.2477257894e+00 8.6112185454e+01
1.3461067606e+00 1.2536178619e+00 8.6860516083e+01
1.3556417894e+00 1.2559054741e+00 8.8596120629e+01
1.2790201276e+00 1.2766379513e+00 7.5785442206e+01
1.3236216232e+00 1.2568748275e+00 8.2305046547e+01
1.3056902991e+00 1.2625948395e+00 7.9542802945e+01
1.3380870284e+00 1.2485223150e+00 8.7707378991e+01
1.3041441186e+00 1.2903317391e+00 7.5646033984e+01
1.2827198929e+00 1.3003957786e+00 7.3430984963e+01
1.3357963778e+00 1.2468826954e+00 8.8187569297e+01
1.2867167757e+00 1.2950891747e+00 7.4170763875e+01
1.3590671899e+00 1.2599331271e+00 8.6757527902e+01
1.3269632417e+00 1.2758247928e+00 7.9079181218e+01
1.3491592557e+00 1.2803750650e+00 8.0094133635e+01
1.3369483903e+00 1.2483506417e+00 8.7436729029e+01
1.3425660213e+00 1.2497238949e+00 8.8596120629e+01
1.3276794860e+00 1.2467088952e+00 8.5946605487e+01
1.3448130196e+00 1.2557867408e+00 8.5559543476e+01
1.2549667545e+00 1.2859136278e+00 7.3471238414e+01
1.3043554007e+00 1.2770140252e+00 7.7313531307e+01
1.3399625272e+00 1.2588870556e+00 8.3771288937e+01
1.2959737898e+00 1.2527265206e+00 8.0433119990e+01
1.3198130127e+00 1.2593741599e+00 8.1376023555e+01
1.3259080221e+00 1.2458640924e+00 8.5946605487e+01
1.1968792130e+00 1.3318527691e+00 6.7317665959e+01
1.3138612068e+00 1.2357084789e+00 8.9189483384e+01
1.2555131358e+00 1.3088510403e+00 7.1382496961e+01
1.2432926403e+00 1.3293514646e+00 6.9238474837e+01
1.3163511703e+00 1.2737534187e+00 7.8605182622e+01
1.3019567530e+00 1.2990806131e+00 7.4553578751e+01
1.3073101993e+00 1.2889148538e+00 7.5997102501e+01
1.3447015628e+00 1.2650930703e+00 8.2745735086e+01
1.2999150424e+00 1.2818909080e+00 7.6405711507e+01
1.3202425520e+00 1.2462996900e+00 8.4745454571e+01
1.3502404187e+00 1.2529853442e+00 8.9189483384e+01
1.3220367514e+00 1.2776878712e+00 7.8432376026e+01
1.3005380486e+00 1.2416450988e+00 8.3312569183e+01
1.3686386791e+00 1.2622133827e+00 8.8378926216e+01
1.3484264141e+00 1.2591779825e+00 8.4936720171e+01
1.2862677753e+00 1.3108320228e+00 7.2606566992e+01
1.2802003577e+00 1.2537357051e+00 7.8958797887e+01
1.3163358671e+00 1.2702734763e+00 7.9139867144e+01
1.3309306194e+00 1.3003607385e+00 7.6020814122e+01
1.3073557610e+00 1.2639803953e+00 7.9448467746e+01
1.3665974749e+00 1.2800846347e+00 8.1727204497e+01
1.3600328910e+00 1.2699406522e+00 8.3361979075e+01
1.3263830661e+00 1.2475692091e+00 8.5342693277e+01
1.3727169460e+00 1.2669256789e+00 8.6466509507e+01
1.3340355198e+00 1.2534474875e+00 8.4560892485e+01
1.3159654776e+00 1.2405627668e+00 8.6197674093e+01
1.3359810333e+00 1.2484445807e+00 8.7077348295e+01
1.3226370368e+00 1.2465196979e+00 8.5068338769e+01
1.3164478642e+00 1.2859024664e+00 7.6927743997e+01
1.3099013267e+00 1.2657955203e+00 7.9354959114e+01
1.2865813514e+00 1.2742992016e+00 7.6528203273e+01
1.2899430130e+00 1.2761635666e+00 7.6503617642e+01
1.3048688958e+00 1.2952932834e+00 7.5123481451e+01
1.3359745831e+00 1.2532560470e+00 8.4936720171e+01
1.3445254164e+00 1.2793012360e+00 7.9896146783e+01
1.3081064173e+00 1.2645376876e+00 7.9417207447e+01
1.3578187276e+00 1.2576733882e+00 8.7855467302e+01
1.3369523302e+00 1.2785397856e+00 7.9417207447e+01
1.2857523512e+00 1.2786118249e+00 7.5949796914e+01
1.3414847045e+00 1.2586774746e+00 8.4041308295e+01
1.2773044540e+00 1.2997010804e+00 7.3231126524e+01
1.2943623693e+00 1.3005507504e+00 7.4003490889e+01
1.3216188094e+00 1.2606236902e+00 8.1299894225e+01
1.3539919471e+00 1.2759815961e+00 8.1337875892e+01
1.2777907377e+00 1.2891871915e+00 7.4318553532e+01
1.3259381113e+00 1.2510674232e+00 8.4096788508e+01
1.3078109095e+00 1.3142603692e+00 7.3310790842e+01
1.3020228887e+00 1.2518951554e+00 8.1149584901e+01
1.3398064505e+00 1.2726172753e+00 8.0677671172e+01
1.2853153830e+00 1.3214130906e+00 7.1617368102e+01
1.3359413604e+00 1.2554743512e+00 8.4209337681e+01
1.3105939420e+00 1.2672841739e+00 7.9170336091e+01
1.3246708161e+00 1.2860000832e+00 7.7444716555e+01
1.3042668154e+00 1.2688133216e+00 7.8460999819e+01
1.3071614556e+00 1.2698440789e+00 7.8518458573e+01
1.3020711371e+00 1.2845382063e+00 7.6211945708e+01
1.3323059183e+00 1.2788031508e+00 7.9018826610e+01
1.3288496717e+00 1.2459748401e+00 8.6560781600e+01
1.3435024422e+00 1.2505361781e+00 8.8187569297e+01
1.2982778708e+00 1.2399976494e+00 8.3461913920e+01
1.2953348030e+00 1.2851616477e+00 7.5738824530e+01
1.3126048733e+00 1.2836201798e+00 7.6978533067e+01
1.3247711816e+00 1.2749534409e+00 7.9048962842e+01
1.2941570368e+00 1.2889586348e+00 7.5235540770e+01
1.3192049545e+00 1.2708996345e+00 7.9262255454e+01
1.2997832279e+00 1.2671947013e+00 7.8375337009e+01
1.2988764645e+00 1.2681014647e+00 7.8177837772e+01
1.3424474022e+00 1.2559646976e+00 8.5068338769e+01
1.3347933987e+00 1.2688701172e+00 8.0928753038e+01
1.3196986930e+00 1.2717170186e+00 7.9170336091e+01
1.3049982068e+00 1.3087403963e+00 7.3714790034e+01
1.3260760746e+00 1.2675253328e+00 8.0398687958e+01
1.2862964829e+00 1.2924543128e+00 7.4424954390e+01
1.3596400390e+00 1.2576059815e+00 8.8853746852e+01
1.3456361171e+00 1.2606544319e+00 8.4041308295e+01
1.3705746067e+00 1.2954982782e+00 7.9293068528e+01
1.3318053157e+00 1.2473818568e+00 8.6560781600e+01
1.3425194777e+00 1.2493333239e+00 8.9189483384e+01
1.3654382359e+00 1.2676105503e+00 8.4808428882e+01
1.2635943831e+00 1.2842366509e+00 7.4086913271e+01
1.3409129197e+00 1.2535629380e+00 8.5710183053e+01
1.3695634664e+00 1.2665617604e+00 8.5946605487e+01
1.3170712637e+00 1.2791537894e+00 7.7873888177e+01
1.3223101229e+00 1.2424896171e+00 8.6757527902e+01
1.3247783529e+00 1.2766966435e+00 7.8780614851e+01
1.3344749049e+00 1.2810172109e+00 7.8839697086e+01
1.3118617481e+00 1.2913640148e+00 7.5973430165e+01
1.3187018104e+00 1.2748995971e+00 7.8605182622e+01
1.3351683300e+00 1.2523146773e+00 8.5135479942e+01
1.3132226473e+00 1.2433055971e+00 8.4621711461e+01
1.3301896723e+00 1.2455071747e+00 8.7192030493e+01
1.3460610493e+00 1.2532260411e+00 8.7077348295e+01
1.3379500794e+00 1.2521545095e+00 8.5710183053e+01
1.3402864645e+00 1.2493811327e+00 8.7855467302e+01
1.3302390246e+00 1.2598655644e+00 8.2347979715e+01
1.3167706444e+00 1.2864551186e+00 7.6877148084e+01
1.3303000788e+00 1.2440883024e+00 8.8378926216e+01
1.2892261317e+00 1.3000044984e+00 7.3796765055e+01
1.2682735847e+00 1.3004473396e+00 7.2722003404e+01
1.2748409386e+00 1.3095846754e+00 7.2189503547e+01
1.3411078924e+00 1.2700011767e+00 8.1299894225e+01
1.3441421664e+00 1.2512082398e+00 8.7855467302e+01
1.3180456682e+00 1.2926252311e+00 7.6187912459e+01
1.3045977924e+00 1.2484503824e+00 8.2135643310e+01
1.3395493888e+00 1.2684930060e+00 8.1452825766e+01
1.2872553055e+00 1.2945506450e+00 7.4255049545e+01
1.3228861444e+00 1.2414780317e+00 8.7568287925e+01
1.2962761348e+00 1.2990742715e+00 7.4255049545e+01
1.3640690921e+00 1.2654652285e+00 8.5342693277e+01
1.3617479684e+00 1.2875755587e+00 7.9896146783e+01
1.3123117962e+00 1.2939787528e+00 7.5692355604e+01
1.2860012839e+00 1.3334376685e+00 7.0642467113e+01
1.2968589347e+00 1.2993661184e+00 7.4255049545e+01
1.2893783330e+00 1.2649746827e+00 7.7956033878e+01
1.3357341533e+00 1.2574300659e+00 8.3614735208e+01
1.2939266847e+00 1.2309045779e+00 8.5787518542e+01
1.3386111098e+00 1.2830213866e+00 7.8839697086e+01
1.3817948515e+00 1.2732547589e+00 8.5559543476e+01
1.3569711707e+00 1.2576441398e+00 8.7568287925e+01
1.3009264967e+00 1.2782606759e+00 7.6927743997e+01
1.3256059533e+00 1.2531448424e+00 8.3461913920e+01
1.3303205846e+00 1.2606580616e+00 8.2177652292e+01
1.3390747605e+00 1.2694056571e+00 8.1224420262e+01
1.2399258623e+00 1.2888061198e+00 7.2453796832e+01
1.3122001449e+00 1.2696058055e+00 7.8928904074e+01
1.3346775598e+00 1.2676727708e+00 8.1149584901e+01
1.3077416594e+00 1.2492217048e+00 8.2305046547e+01
1.2792949029e+00 1.2833272643e+00 7.5034424584e+01
1.3400687366e+00 1.2487249509e+00 8.8378926216e+01
1.3210691192e+00 1.2607368313e+00 8.1224420262e+01
1.2943718962e+00 1.2534591379e+00 8.0161005537e+01
1.3018849288e+00 1.2759931870e+00 7.7287454070e+01
1.3156271515e+00 1.2365512528e+00 8.9189483384e+01
1.2978934710e+00 1.2948335844e+00 7.4792145946e+01
1.3611768419e+00 1.2587007703e+00 8.8378926216e+01
1.3397256827e+00 1.2827844027e+00 7.8958797887e+01
1.3155909815e+00 1.2819462260e+00 7.7392081315e+01
1.3117813608e+00 1.2923199326e+00 7.5855650848e+01
1.3093574718e+00 1.2921175246e+00 7.5738824530e+01
1.2933415918e+00 1.2919574402e+00 7.4857846411e+01
1.2896054230e+00 1.2773725062e+00 7.6332733555e+01
1.3316806904e+00 1.2732962317e+00 7.9863521106e+01
1.3039741287e+00 1.2686699761e+00 7.8460999819e+01
1.2957808667e+00 1.2812246678e+00 7.6236020107e+01
1.3342171302e+00 1.2488985413e+00 8.6374684998e+01
1.3282313853e+00 1.2431047709e+00 8.8378926216e+01
1.3400687366e+00 1.2487249509e+00 8.8378926216e+01
1.2624146077e+00 1.2919384080e+00 7.3251008096e+01
1.3278478351e+00 1.2867674754e+00 7.7550643872e+01
1.3146645628e+00 1.2597238184e+00 8.0820312794e+01
1.3071469534e+00 1.2328650426e+00 8.8596120629e+01
1.3154263627e+00 1.2371869145e+00 8.8187569297e+01
1.3312649114e+00 1.2439957557e+00 8.9189483384e+01
1.3209199545e+00 1.2473651841e+00 8.4500744095e+01
1.3260143583e+00 1.2907931493e+00 7.6902422036e+01
1.2727688697e+00 1.2711516439e+00 7.6068356017e+01
1.3423212563e+00 1.2560908435e+00 8.5002097282e+01
1.3360370087e+00 1.2715673879e+00 8.0537160751e+01
1.3038676963e+00 1.2522254530e+00 8.1262076387e+01
1.3376776677e+00 1.2611719151e+00 8.2883230736e+01
1.3293990945e+00 1.2830246314e+00 7.8177837772e+01
1.2802621840e+00 1.3194624386e+00 7.1562910795e+01
1.3500317029e+00 1.2584487147e+00 8.5486104849e+01
1.3414415235e+00 1.2582830991e+00 8.4152793230e+01
1.3353274646e+00 1.2880603076e+00 7.7873888177e+01
1.3581827110e+00 1.2608176060e+00 8.6112185454e+01
1.3183623546e+00 1.2909941821e+00 7.6405711507e+01
1.3518722481e+00 1.2636198677e+00 8.4041308295e+01
1.2864367999e+00 1.3010462074e+00 7.3552032589e+01
1.3358675502e+00 1.2498682277e+00 8.6285126569e+01
1.3095603149e+00 1.2683178009e+00 7.8928904074e+01
1.2825540156e+00 1.2813746213e+00 7.5439372000e+01
1.2718486778e+00 1.2916444445e+00 7.3755727228e+01
1.3396637960e+00 1.2574360021e+00 8.4152793230e+01
1.3144661033e+00 1.2372774528e+00 8.7707378991e+01
1.2742345479e+00 1.2809884852e+00 7.5012241172e+01
1.3267229246e+00 1.2433055048e+00 8.7568287925e+01
1.3086388727e+00 1.3072916826e+00 7.4045148973e+01
1.3153947458e+00 1.2707778026e+00 7.8988771847e+01
1.2667080284e+00 1.2624574909e+00 7.6776526866e+01
1.3677645243e+00 1.2833204357e+00 8.1186923776e+01
1.3318471991e+00 1.2705031314e+00 8.0364377815e+01
1.3121593704e+00 1.2569973643e+00 8.1112401649e+01
1.3096533124e+00 1.2542753245e+00 8.1414339425e+01
1.3515477843e+00 1.2727177726e+00 8.1767142530e+01
1.3183100463e+00 1.2687361168e+00 7.9542802945e+01
1.3214205319e+00 1.2673731557e+00 8.0027705704e+01
1.3223606875e+00 1.2555174284e+00 8.2478240615e+01
1.3242668895e+00 1.2986820271e+00 7.5832210102e+01
1.3400687366e+00 1.2487249509e+00 8.8378926216e+01
1.3333821043e+00 1.2453686914e+00 8.8596120629e+01
1.3599252476e+00 1.2612684910e+00 8.6285126569e+01
1.3444977758e+00 1.2872329025e+00 7.8634235730e+01
1.3400238097e+00 1.2531404095e+00 8.5710183053e+01
1.3117767808e+00 1.2879478417e+00 7.6381342894e+01
1.3138063222e+00 1.2929221514e+00 7.5902646881e+01
1.3125572798e+00 1.2596508176e+00 8.0642347542e+01
1.3252315202e+00 1.2413107218e+00 8.8853746852e+01
1.3347177688e+00 1.2483979027e+00 8.6757527902e+01
1.3240322224e+00 1.2595200721e+00 8.1767142530e+01
1.2820677706e+00 1.2644595342e+00 7.7524079068e+01
1.3153374795e+00 1.2525118980e+00 8.2391153680e+01
1.2723375750e+00 1.2994345395e+00 7.3013920964e+01
1.3156982351e+00 1.2914681878e+00 7.6187912459e+01
1.2770983886e+00 1.3090741597e+00 7.2340059416e+01
1.2994513171e+00 1.2457724808e+00 8.2177652292e+01
1.3548038350e+00 1.2659511704e+00 8.3771288937e+01
1.3132723853e+00 1.2598077517e+00 8.0677671172e+01
1.3011753372e+00 1.2797575888e+00 7.6751488857e+01
1.3008069373e+00 1.2766348756e+00 7.7132082137e+01
1.3246477322e+00 1.2458165815e+00 8.5710183053e+01
1.2936561583e+00 1.2925163900e+00 7.4814015260e+01
1.2917598179e+00 1.2721688190e+00 7.7132082137e+01
1.3392630242e+00 1.2670275248e+00 8.1727204497e+01
1.2694617162e+00 1.2861963627e+00 7.4191794234e+01
1.2428441126e+00 1.2880558031e+00 7.2664192064e+01
1.2975972403e+00 1.2789720404e+00 7.6626989411e+01
1.2599913509e+00 1.2852324471e+00 7.3796765055e+01
1.3149646415e+00 1.2869480098e+00 7.6701551736e+01
1.3339316588e+00 1.2500572831e+00 8.5787518542e+01
1.3261785945e+00 1.2434139752e+00 8.7311596302e+01
1.3658737382e+00 1.2940242373e+00 7.9170336091e+01
1.2680548760e+00 1.2984873661e+00 7.2896573969e+01
1.2564385826e+00 1.3722173662e+00 6.6773781419e+01
1.3370255007e+00 1.2526420965e+00 8.5342693277e+01
1.2913238315e+00 1.2582458542e+00 7.9109482420e+01
1.3699603774e+00 1.2626490151e+00 8.8596120629e+01
1.3010981918e+00 1.2597823611e+00 7.9637987289e+01
1.3778773507e+00 1.2674843796e+00 8.7568287925e+01
1.3357555505e+00 1.2937787701e+00 7.7132082137e+01
1.3156610430e+00 1.2613444915e+00 8.0607155573e+01
1.3608553285e+00 1.2607771680e+00 8.6757527902e+01
1.3220650883e+00 1.2501430091e+00 8.3824351811e+01
1.3151718571e+00 1.2496278829e+00 8.3070778751e+01
1.3120975932e+00 1.2885021671e+00 7.6332733555e+01
1.2653092316e+00 1.3208633167e+00 7.0798732350e+01
1.3181822344e+00 1.2789175637e+00 7.7983538712e+01
1.3367629939e+00 1.2467893005e+00 8.8853746852e+01
1.3263627256e+00 1.2523880701e+00 8.3771288937e+01
1.3266905565e+00 1.2442096661e+00 8.6966995687e+01
1.3183612611e+00 1.2547188759e+00 8.2219886681e+01
1.3867464083e+00 1.2718289934e+00 8.7436729029e+01
1.3033724859e+00 1.2849842837e+00 7.6236020107e+01
1.3114620214e+00 1.2542089203e+00 8.1608522897e+01
1.2999518266e+00 1.2465754782e+00 8.2052287288e+01
1.2721080828e+00 1.2831149503e+00 7.4661569416e+01
1.2837718398e+00 1.2901804354e+00 7.4532068904e+01
1.3157178461e+00 1.2495174824e+00 8.3166473052e+01
1.3165047557e+00 1.2613733602e+00 8.0677671172e+01
1.2870912126e+00 1.2485803361e+00 8.0398687958e+01
1.3360745785e+00 1.2750344906e+00 7.9928877049e+01
