# mp_msun mc_msun inclination_deg
1.4629124005e+00 1.3622298066e+00 7.8181986703e+01
1.9461888510e+00 1.5837315131e+00 7.7599001291e+01
1.5233219568e+00 1.3957906712e+00 7.7510466043e+01
1.6206484642e+00 1.4394197952e+00 7.7682223782e+01
1.2984641638e+00 1.2682593857e+00 8.0469122125e+01
1.4494880546e+00 1.3555176337e+00 7.8228842768e+01
1.4226393629e+00 1.3286689420e+00 8.0389374268e+01
1.5937997725e+00 1.4192832765e+00 7.8716794832e+01
1.5501706485e+00 1.4058589306e+00 7.7822512496e+01
1.3957906712e+00 1.3387372014e+00 7.7050266570e+01
1.5468145620e+00 1.3890784983e+00 8.0000541356e+01
1.4998293515e+00 1.3722980660e+00 7.9223766672e+01
1.3253128555e+00 1.2951080774e+00 7.8286410859e+01
1.1373720137e+00 1.1843572241e+00 8.1019921604e+01
1.4595563140e+00 1.3622298066e+00 7.7967009677e+01
1.4125711035e+00 1.3420932878e+00 7.7659982860e+01
1.2917519909e+00 1.2649032992e+00 8.0479196387e+01
1.5401023891e+00 1.3957906712e+00 7.8542862357e+01
1.4696245734e+00 1.3756541524e+00 7.6868587660e+01
1.2145620023e+00 1.2447667804e+00 7.7575839027e+01
1.3420932878e+00 1.3051763367e+00 7.8027351369e+01
1.6340728100e+00 1.4461319681e+00 7.7609057428e+01
1.4159271900e+00 1.3420932878e+00 7.7874498591e+01
1.2917519909e+00 1.2649032992e+00 8.0479196387e+01
1.6642775882e+00 1.4629124005e+00 7.7238114285e+01
1.6508532423e+00 1.4629124005e+00 7.6532789676e+01
1.3655858931e+00 1.2984641638e+00 8.0914761159e+01
1.6139362912e+00 1.4226393629e+00 7.9557541125e+01
1.2783276451e+00 1.2716154721e+00 7.8322416596e+01
1.2246302617e+00 1.2279863481e+00 8.1161225120e+01
1.4931171786e+00 1.3722980660e+00 7.8764249577e+01
1.4125711035e+00 1.3320250284e+00 7.9076391335e+01
1.4964732651e+00 1.3722980660e+00 7.8991684544e+01
1.6273606371e+00 1.4394197952e+00 7.8071851811e+01
1.4494880546e+00 1.3622298066e+00 7.7343169027e+01
1.2649032992e+00 1.2414106940e+00 8.2592523412e+01
1.3353811149e+00 1.2783276451e+00 8.2026945521e+01
1.7045506257e+00 1.4763367463e+00 7.7811915644e+01
1.3890784983e+00 1.3152445961e+00 7.9950158779e+01
1.7246871445e+00 1.4864050057e+00 7.7681064732e+01
1.2951080774e+00 1.2783276451e+00 7.8560346586e+01
1.2548350398e+00 1.2514789534e+00 7.9633356827e+01
1.4025028441e+00 1.3253128555e+00 7.9366312224e+01
1.3488054608e+00 1.2984641638e+00 7.9515322697e+01
1.3756541524e+00 1.3118885097e+00 7.9447466795e+01
1.4125711035e+00 1.3286689420e+00 7.9595799292e+01
1.2649032992e+00 1.2581911263e+00 7.9355154509e+01
1.5535267349e+00 1.3924345848e+00 7.9958127305e+01
1.4092150171e+00 1.3387372014e+00 7.7892011916e+01
1.4729806598e+00 1.3555176337e+00 7.9875689131e+01
1.4360637088e+00 1.3454493743e+00 7.8748842065e+01
1.2313424346e+00 1.2548350398e+00 7.7365120983e+01
1.4897610922e+00 1.3823663254e+00 7.7215689401e+01
1.4092150171e+00 1.3253128555e+00 7.9878928091e+01
1.3454493743e+00 1.2984641638e+00 7.9256752757e+01
1.5535267349e+00 1.4058589306e+00 7.8025095416e+01
1.3454493743e+00 1.3085324232e+00 7.7792003766e+01
1.3924345848e+00 1.3286689420e+00 7.8163147560e+01
1.5098976109e+00 1.3957906712e+00 7.6740171990e+01
1.3555176337e+00 1.3085324232e+00 7.8480482802e+01
1.3454493743e+00 1.2984641638e+00 7.9256752757e+01
1.2279863481e+00 1.2447667804e+00 7.8559791112e+01
1.2883959044e+00 1.2649032992e+00 8.0184679461e+01
1.3320250284e+00 1.2951080774e+00 7.8767866946e+01
1.4427758817e+00 1.3420932878e+00 7.9744833550e+01
1.3823663254e+00 1.3118885097e+00 7.9972263322e+01
1.5501706485e+00 1.4058589306e+00 7.7822512496e+01
1.4897610922e+00 1.3756541524e+00 7.8081096272e+01
1.5535267349e+00 1.3957906712e+00 7.9438548429e+01
1.4025028441e+00 1.3353811149e+00 7.7908838580e+01
1.5803754266e+00 1.4125711035e+00 7.8794659982e+01
1.2783276451e+00 1.2615472127e+00 7.9904739360e+01
1.4696245734e+00 1.3722980660e+00 7.7281990582e+01
1.3085324232e+00 1.2850398180e+00 7.8548799109e+01
1.4796928328e+00 1.3823663254e+00 7.6638053631e+01
1.3689419795e+00 1.3118885097e+00 7.8946884930e+01
1.4259954494e+00 1.3521615472e+00 7.7194361263e+01
1.4192832765e+00 1.3454493743e+00 7.7642892977e+01
1.3420932878e+00 1.2951080774e+00 7.9530089850e+01
1.3454493743e+00 1.3118885097e+00 7.7345211662e+01
1.3118885097e+00 1.2816837315e+00 7.9314739283e+01
1.5098976109e+00 1.3890784983e+00 7.7563806286e+01
1.5266780432e+00 1.3991467577e+00 7.7287383907e+01
1.4696245734e+00 1.3722980660e+00 7.7281990582e+01
1.3051763367e+00 1.2816837315e+00 7.8802720104e+01
1.6105802048e+00 1.4259954494e+00 7.8849591148e+01
1.4763367463e+00 1.3622298066e+00 7.9082610920e+01
1.5401023891e+00 1.3890784983e+00 7.9516645940e+01
1.3219567691e+00 1.2951080774e+00 7.8052710813e+01
1.5300341297e+00 1.4025028441e+00 7.7068836633e+01
1.4427758817e+00 1.3521615472e+00 7.8251330886e+01
1.4662684869e+00 1.3622298066e+00 7.8400802276e+01
1.3219567691e+00 1.2816837315e+00 8.0130935788e+01
1.4259954494e+00 1.3320250284e+00 8.0090171698e+01
1.5602389078e+00 1.4125711035e+00 7.7562699660e+01
1.4629124005e+00 1.3655858931e+00 7.7733681945e+01
1.5669510808e+00 1.4125711035e+00 7.7959841368e+01
1.4796928328e+00 1.3655858931e+00 7.8822578420e+01
1.4595563140e+00 1.3588737201e+00 7.8425792529e+01
1.2481228669e+00 1.2380546075e+00 8.1497507770e+01
1.3622298066e+00 1.3085324232e+00 7.8962443963e+01
1.6105802048e+00 1.4259954494e+00 7.8849591148e+01
1.2581911263e+00 1.2649032992e+00 7.7843462555e+01
1.3890784983e+00 1.3152445961e+00 7.9950158779e+01
1.5166097838e+00 1.3857224118e+00 7.8423280228e+01
1.4729806598e+00 1.3689419795e+00 7.7920133510e+01
1.4461319681e+00 1.3588737201e+00 7.7568052062e+01
1.5602389078e+00 1.3991467577e+00 7.9398803631e+01
1.3353811149e+00 1.2951080774e+00 7.9016239735e+01
1.4461319681e+00 1.3555176337e+00 7.8011464955e+01
1.3085324232e+00 1.2783276451e+00 7.9589943950e+01
1.2682593857e+00 1.2682593857e+00 7.8082046860e+01
1.2179180887e+00 1.2279863481e+00 8.0512286719e+01
1.4696245734e+00 1.3521615472e+00 8.0167155963e+01
1.3253128555e+00 1.2917519909e+00 7.8777931890e+01
1.5233219568e+00 1.3924345848e+00 7.7942497777e+01
1.6206484642e+00 1.4427758817e+00 7.7270022371e+01
1.4327076223e+00 1.3387372014e+00 7.9520083264e+01
1.4931171786e+00 1.3689419795e+00 7.9256172088e+01
1.4427758817e+00 1.3488054608e+00 7.8725103092e+01
1.4025028441e+00 1.3186006826e+00 8.0473394069e+01
1.2816837315e+00 1.2682593857e+00 7.9080263792e+01
1.5635949943e+00 1.4092150171e+00 7.8197346124e+01
1.3890784983e+00 1.3286689420e+00 7.7940383243e+01
1.5937997725e+00 1.4327076223e+00 7.6999126730e+01
1.4796928328e+00 1.3622298066e+00 7.9319234713e+01
1.3521615472e+00 1.3051763367e+00 7.8732463457e+01
1.6508532423e+00 1.4562002275e+00 7.7312233888e+01
1.5132536974e+00 1.3823663254e+00 7.8672526870e+01
1.3286689420e+00 1.2917519909e+00 7.9027505322e+01
1.4528441411e+00 1.3454493743e+00 7.9971739068e+01
1.5166097838e+00 1.3790102389e+00 7.9391134947e+01
1.5602389078e+00 1.4192832765e+00 7.6749285940e+01
1.2783276451e+00 1.2749715586e+00 7.7844870613e+01
1.3219567691e+00 1.2917519909e+00 7.8533617949e+01
1.4125711035e+00 1.3454493743e+00 7.7226338163e+01
1.5166097838e+00 1.3823663254e+00 7.8895658704e+01
1.6474971559e+00 1.4427758817e+00 7.8845863953e+01
1.4595563140e+00 1.3454493743e+00 8.0503621865e+01
1.7112627986e+00 1.4796928328e+00 7.7768531219e+01
1.5166097838e+00 1.3890784983e+00 7.7971266082e+01
1.3857224118e+00 1.3219567691e+00 7.8656939703e+01
1.4226393629e+00 1.3320250284e+00 7.9827513377e+01
1.0501137656e+00 1.1373720137e+00 8.1304987415e+01
1.3890784983e+00 1.3286689420e+00 7.7940383243e+01
1.3118885097e+00 1.2816837315e+00 7.9314739283e+01
1.3722980660e+00 1.3152445961e+00 7.8689542878e+01
1.3790102389e+00 1.3118885097e+00 7.9706610590e+01
1.4092150171e+00 1.3353811149e+00 7.8353871441e+01
1.1239476678e+00 1.1977815700e+00 7.7600025659e+01
1.3018202503e+00 1.2850398180e+00 7.8070429018e+01
1.4259954494e+00 1.3420932878e+00 7.8541194536e+01
1.5300341297e+00 1.3924345848e+00 7.8361156493e+01
1.2145620023e+00 1.2313424346e+00 7.9619453158e+01
1.4998293515e+00 1.3790102389e+00 7.8266994175e+01
1.2514789534e+00 1.2682593857e+00 7.6937541005e+01
1.5065415245e+00 1.3857224118e+00 7.7792960433e+01
1.4998293515e+00 1.3722980660e+00 7.9223766672e+01
1.3722980660e+00 1.3219567691e+00 7.7748012065e+01
1.6240045506e+00 1.4327076223e+00 7.8765710347e+01
1.5031854380e+00 1.3790102389e+00 7.8483321757e+01
1.4662684869e+00 1.3555176337e+00 7.9379871763e+01
1.4662684869e+00 1.3521615472e+00 7.9908360935e+01
1.3655858931e+00 1.3219567691e+00 7.7317079936e+01
1.4629124005e+00 1.3655858931e+00 7.7733681945e+01
1.5065415245e+00 1.3857224118e+00 7.7792960433e+01
1.4897610922e+00 1.3622298066e+00 8.0061848799e+01
1.2951080774e+00 1.2783276451e+00 7.8560346586e+01
1.6911262799e+00 1.4729806598e+00 7.7484751994e+01
1.3924345848e+00 1.3286689420e+00 7.8163147560e+01
1.4931171786e+00 1.3689419795e+00 7.9256172088e+01
1.4259954494e+00 1.3320250284e+00 8.0090171698e+01
1.3488054608e+00 1.3051763367e+00 7.8492790528e+01
1.6240045506e+00 1.4327076223e+00 7.8765710347e+01
1.5401023891e+00 1.3857224118e+00 8.0042486073e+01
1.4427758817e+00 1.3488054608e+00 7.8725103092e+01
1.4025028441e+00 1.3253128555e+00 7.9366312224e+01
1.4729806598e+00 1.3689419795e+00 7.7920133510e+01
1.3689419795e+00 1.3085324232e+00 7.9465716996e+01
1.4528441411e+00 1.3488054608e+00 7.9437967086e+01
1.5501706485e+00 1.4058589306e+00 7.7822512496e+01
1.1541524460e+00 1.2011376564e+00 7.9516277445e+01
1.3152445961e+00 1.2783276451e+00 8.0143768687e+01
1.5837315131e+00 1.4159271900e+00 7.8543151574e+01
1.4696245734e+00 1.3655858931e+00 7.8157643294e+01
1.4092150171e+00 1.3353811149e+00 7.8353871441e+01
1.6709897611e+00 1.4763367463e+00 7.6065668031e+01
1.3790102389e+00 1.3253128555e+00 7.7735127226e+01
1.4763367463e+00 1.3756541524e+00 7.7260445308e+01
1.5568828214e+00 1.4058589306e+00 7.8231034671e+01
1.3790102389e+00 1.3118885097e+00 7.9706610590e+01
1.5031854380e+00 1.3756541524e+00 7.8960224848e+01
1.4159271900e+00 1.3253128555e+00 8.0418177237e+01
1.2716154721e+00 1.2581911263e+00 7.9909847507e+01
1.3924345848e+00 1.3118885097e+00 8.0813993125e+01
1.3823663254e+00 1.3286689420e+00 7.7506328338e+01
1.8220136519e+00 1.5233219568e+00 7.8431605270e+01
1.5300341297e+00 1.3924345848e+00 7.8361156493e+01
1.5065415245e+00 1.3823663254e+00 7.8238546528e+01
1.5031854380e+00 1.3823663254e+00 7.8027252334e+01
1.3555176337e+00 1.3051763367e+00 7.8977173578e+01
1.3051763367e+00 1.2816837315e+00 7.8802720104e+01
1.7381114903e+00 1.4964732651e+00 7.7194817534e+01
1.4327076223e+00 1.3387372014e+00 7.9520083264e+01
1.5736632537e+00 1.4125711035e+00 7.8370017151e+01
1.1172354949e+00 1.1776450512e+00 8.0298592558e+01
1.4125711035e+00 1.3387372014e+00 7.8111382536e+01
1.6072241183e+00 1.4259954494e+00 7.8637364501e+01
1.6072241183e+00 1.4494880546e+00 7.5808974953e+01
1.2783276451e+00 1.2615472127e+00 7.9904739360e+01
1.4058589306e+00 1.3387372014e+00 7.7676401440e+01
1.6206484642e+00 1.4327076223e+00 7.8556454824e+01
1.2246302617e+00 1.2346985210e+00 7.9913706648e+01
1.5132536974e+00 1.3756541524e+00 7.9666894728e+01
1.4327076223e+00 1.3454493743e+00 7.8519430377e+01
1.7045506257e+00 1.4696245734e+00 7.8678866106e+01
1.5736632537e+00 1.4192832765e+00 7.7500509759e+01
1.3454493743e+00 1.2883959044e+00 8.0980358331e+01
1.7179749716e+00 1.4796928328e+00 7.8144738924e+01
1.3152445961e+00 1.2850398180e+00 7.9047313545e+01
1.5233219568e+00 1.3857224118e+00 7.8862578159e+01
1.7347554039e+00 1.4897610922e+00 7.7819864463e+01
1.6105802048e+00 1.4360637088e+00 7.7526646477e+01
1.3722980660e+00 1.3085324232e+00 7.9726319797e+01
1.2749715586e+00 1.2581911263e+00 8.0198636115e+01
1.3488054608e+00 1.2984641638e+00 7.9515322697e+01
1.4394197952e+00 1.3420932878e+00 7.9493401677e+01
1.4897610922e+00 1.3622298066e+00 8.0061848799e+01
1.4662684869e+00 1.3555176337e+00 7.9379871763e+01
1.5367463026e+00 1.3924345848e+00 7.8794885499e+01
1.4092150171e+00 1.3286689420e+00 7.9344063161e+01
1.3152445961e+00 1.2749715586e+00 8.0744685429e+01
1.3722980660e+00 1.3085324232e+00 7.9726319797e+01
1.4998293515e+00 1.3756541524e+00 7.8734226459e+01
1.3689419795e+00 1.3085324232e+00 7.9465716996e+01
1.4494880546e+00 1.3622298066e+00 7.7343169027e+01
1.2346985210e+00 1.2346985210e+00 8.0833783113e+01
1.7448236633e+00 1.4931171786e+00 7.7958573399e+01
1.3420932878e+00 1.2951080774e+00 7.9530089850e+01
1.5803754266e+00 1.4125711035e+00 7.8794659982e+01
1.3722980660e+00 1.3152445961e+00 7.8689542878e+01
1.8387940842e+00 1.5266780432e+00 7.8947266303e+01
1.5434584755e+00 1.3890784983e+00 7.9755812735e+01
1.2783276451e+00 1.2682593857e+00 7.8822628029e+01
1.5468145620e+00 1.3924345848e+00 7.9477833596e+01
1.3991467577e+00 1.3286689420e+00 7.8621274380e+01
1.4360637088e+00 1.3420932878e+00 7.9247685577e+01
1.2313424346e+00 1.2313424346e+00 8.1161912553e+01
1.3320250284e+00 1.2917519909e+00 7.9282706003e+01
1.3722980660e+00 1.3118885097e+00 7.9194363327e+01
1.5535267349e+00 1.3991467577e+00 7.8945335258e+01
1.3857224118e+00 1.3186006826e+00 7.9158170740e+01
1.4763367463e+00 1.3756541524e+00 7.7260445308e+01
1.2212741752e+00 1.2447667804e+00 7.8058046966e+01
1.6038680319e+00 1.4360637088e+00 7.7151622681e+01
1.4058589306e+00 1.3286689420e+00 7.9097973323e+01
1.4864050057e+00 1.3722980660e+00 7.8322239603e+01
1.4964732651e+00 1.3722980660e+00 7.8991684544e+01
1.4394197952e+00 1.3488054608e+00 7.8496995076e+01
1.3118885097e+00 1.2850398180e+00 7.8795372618e+01
1.5770193402e+00 1.4092150171e+00 7.9052777050e+01
1.4931171786e+00 1.3689419795e+00 7.9256172088e+01
1.5501706485e+00 1.4159271900e+00 7.6593771615e+01
1.2682593857e+00 1.2649032992e+00 7.8572105661e+01
1.2615472127e+00 1.2716154721e+00 7.7161693467e+01
1.6508532423e+00 1.4494880546e+00 7.8149581428e+01
1.3622298066e+00 1.2984641638e+00 8.0618567098e+01
1.1910693970e+00 1.2212741752e+00 7.9311178229e+01
1.5065415245e+00 1.3722980660e+00 7.9703136585e+01
1.5434584755e+00 1.4092150171e+00 7.7015956060e+01
1.3857224118e+00 1.3118885097e+00 8.0244957075e+01
1.5401023891e+00 1.4159271900e+00 7.6059904576e+01
1.3118885097e+00 1.2883959044e+00 7.8301185687e+01
1.2716154721e+00 1.2615472127e+00 7.9352460501e+01
1.4394197952e+00 1.3521615472e+00 7.8032755060e+01
1.6005119454e+00 1.4159271900e+00 7.9649250239e+01
1.3689419795e+00 1.3186006826e+00 7.7982244160e+01
1.6441410694e+00 1.4595563140e+00 7.6565755991e+01
1.4360637088e+00 1.3454493743e+00 7.8748842065e+01
1.3320250284e+00 1.2984641638e+00 7.8277729792e+01
1.3219567691e+00 1.2850398180e+00 7.9568862870e+01
1.3857224118e+00 1.3353811149e+00 7.6859654979e+01
1.6139362912e+00 1.4360637088e+00 7.7718275432e+01
1.5803754266e+00 1.4125711035e+00 7.8794659982e+01
1.4058589306e+00 1.3320250284e+00 7.8602327729e+01
1.4696245734e+00 1.3756541524e+00 7.6868587660e+01
1.5132536974e+00 1.3756541524e+00 7.9666894728e+01
1.4360637088e+00 1.3420932878e+00 7.9247685577e+01
1.4629124005e+00 1.3555176337e+00 7.9140215050e+01
1.3286689420e+00 1.2883959044e+00 7.9556875989e+01
1.3957906712e+00 1.3253128555e+00 7.8876644611e+01
1.6441410694e+00 1.4394197952e+00 7.9104431935e+01
1.4092150171e+00 1.3253128555e+00 7.9878928091e+01
1.3186006826e+00 1.2850398180e+00 7.9305001542e+01
1.2883959044e+00 1.2783276451e+00 7.8077826494e+01
1.4796928328e+00 1.3689419795e+00 7.8349013416e+01
1.6139362912e+00 1.4427758817e+00 7.6904573745e+01
1.3689419795e+00 1.3051763367e+00 8.0013910471e+01
1.5333902162e+00 1.3991467577e+00 7.7681693350e+01
1.4192832765e+00 1.3387372014e+00 7.8562274361e+01
1.4629124005e+00 1.3622298066e+00 7.8181986703e+01
1.3689419795e+00 1.3051763367e+00 8.0013910471e+01
1.5937997725e+00 1.4293515358e+00 7.7404078583e+01
1.5468145620e+00 1.4058589306e+00 7.7623120904e+01
1.2816837315e+00 1.2649032992e+00 7.9620086822e+01
1.4025028441e+00 1.3253128555e+00 7.9366312224e+01
1.5971558589e+00 1.4327076223e+00 7.7183837250e+01
1.4092150171e+00 1.3454493743e+00 7.7022870581e+01
1.4864050057e+00 1.3588737201e+00 8.0359338917e+01
1.4427758817e+00 1.3488054608e+00 7.8725103092e+01
1.1138794084e+00 1.1642207053e+00 8.2838552348e+01
1.4226393629e+00 1.3555176337e+00 7.6584526535e+01
1.3521615472e+00 1.2951080774e+00 8.0350536454e+01
1.2649032992e+00 1.2615472127e+00 7.8826696057e+01
1.3118885097e+00 1.2816837315e+00 7.9314739283e+01
1.8287258248e+00 1.5333902162e+00 7.7555519038e+01
1.4998293515e+00 1.3857224118e+00 7.7389603508e+01
1.3722980660e+00 1.3085324232e+00 7.9726319797e+01
1.2716154721e+00 1.2548350398e+00 8.0502641291e+01
1.3488054608e+00 1.3186006826e+00 7.6703132909e+01
1.4931171786e+00 1.3689419795e+00 7.9256172088e+01
1.4125711035e+00 1.3320250284e+00 7.9076391335e+01
1.2649032992e+00 1.2615472127e+00 7.8826696057e+01
1.5098976109e+00 1.3890784983e+00 7.7563806286e+01
1.3555176337e+00 1.3085324232e+00 7.8480482802e+01
1.3454493743e+00 1.2850398180e+00 8.1639448539e+01
1.3219567691e+00 1.2850398180e+00 7.9568862870e+01
1.4159271900e+00 1.3253128555e+00 8.0418177237e+01
1.4259954494e+00 1.3521615472e+00 7.7194361263e+01
1.5837315131e+00 1.4226393629e+00 7.7662268869e+01
1.2313424346e+00 1.2414106940e+00 7.9352328244e+01
1.3085324232e+00 1.2749715586e+00 8.0155577170e+01
1.5468145620e+00 1.3890784983e+00 8.0000541356e+01
1.3320250284e+00 1.2816837315e+00 8.1019022964e+01
1.2917519909e+00 1.2682593857e+00 7.9891268041e+01
1.2749715586e+00 1.2581911263e+00 8.0198636115e+01
1.4327076223e+00 1.3622298066e+00 7.6364234353e+01
1.5367463026e+00 1.3890784983e+00 7.9282668377e+01
1.3890784983e+00 1.3152445961e+00 7.9950158779e+01
1.4327076223e+00 1.3521615472e+00 7.7606745797e+01
1.4562002275e+00 1.3488054608e+00 7.9686198513e+01
1.5098976109e+00 1.3655858931e+00 8.1100909290e+01
1.5434584755e+00 1.4092150171e+00 7.7015956060e+01
1.3655858931e+00 1.3118885097e+00 7.8704661572e+01
1.5602389078e+00 1.3957906712e+00 7.9915258193e+01
1.5837315131e+00 1.4159271900e+00 7.8543151574e+01
1.3689419795e+00 1.3118885097e+00 7.8946884930e+01
1.2883959044e+00 1.2649032992e+00 8.0184679461e+01
1.4729806598e+00 1.3588737201e+00 7.9349863626e+01
1.4360637088e+00 1.3521615472e+00 7.7817958952e+01
1.5501706485e+00 1.4058589306e+00 7.7822512496e+01
1.5669510808e+00 1.4092150171e+00 7.8405481829e+01
1.4662684869e+00 1.3655858931e+00 7.7943868320e+01
1.4494880546e+00 1.3655858931e+00 7.6925400609e+01
1.5468145620e+00 1.3957906712e+00 7.8981882744e+01
1.2951080774e+00 1.2749715586e+00 7.9069997734e+01
1.3823663254e+00 1.3186006826e+00 7.8913336733e+01
1.7213310580e+00 1.4864050057e+00 7.7499540990e+01
1.4796928328e+00 1.3722980660e+00 7.7895816873e+01
1.6407849829e+00 1.4461319681e+00 7.7993666361e+01
1.7414675768e+00 1.4864050057e+00 7.8630366033e+01
1.3756541524e+00 1.3118885097e+00 7.9447466795e+01
1.6575654152e+00 1.4562002275e+00 7.7683985154e+01
1.5031854380e+00 1.3722980660e+00 7.9460803215e+01
1.2716154721e+00 1.2548350398e+00 8.0502641291e+01
1.2984641638e+00 1.2716154721e+00 7.9882938015e+01
1.4864050057e+00 1.3689419795e+00 7.8793704555e+01
1.5065415245e+00 1.3756541524e+00 7.9190797064e+01
1.2749715586e+00 1.2615472127e+00 7.9625025561e+01
1.5065415245e+00 1.3991467577e+00 7.6169031757e+01
1.3286689420e+00 1.2917519909e+00 7.9027505322e+01
1.8689988623e+00 1.5401023891e+00 7.8898164261e+01
1.4259954494e+00 1.3320250284e+00 8.0090171698e+01
1.2447667804e+00 1.2481228669e+00 7.9356776907e+01
1.4629124005e+00 1.3521615472e+00 7.9655874271e+01
1.6609215017e+00 1.4562002275e+00 7.7873962668e+01
1.4293515358e+00 1.3488054608e+00 7.7837460162e+01
1.4595563140e+00 1.3555176337e+00 7.8905581221e+01
1.5870875995e+00 1.4394197952e+00 7.5888490166e+01
1.6139362912e+00 1.4360637088e+00 7.7718275432e+01
1.4696245734e+00 1.3588737201e+00 7.9111723553e+01
1.4528441411e+00 1.3488054608e+00 7.9437967086e+01
1.3991467577e+00 1.3286689420e+00 7.8621274380e+01
1.2783276451e+00 1.2649032992e+00 7.9348714752e+01
1.4461319681e+00 1.3488054608e+00 7.8957765940e+01
1.3219567691e+00 1.2783276451e+00 8.0729757319e+01
1.4125711035e+00 1.3320250284e+00 7.9076391335e+01
1.4629124005e+00 1.3588737201e+00 7.8649978183e+01
1.3790102389e+00 1.3186006826e+00 7.8673630960e+01
1.4964732651e+00 1.3722980660e+00 7.8991684544e+01
1.2548350398e+00 1.2581911263e+00 7.8572101214e+01
1.4830489192e+00 1.3689419795e+00 7.8569268666e+01
1.5266780432e+00 1.3991467577e+00 7.7287383907e+01
1.3186006826e+00 1.2850398180e+00 7.9305001542e+01
1.3924345848e+00 1.3253128555e+00 7.8639482927e+01
1.5904436860e+00 1.4192832765e+00 7.8505463572e+01
1.7011945392e+00 1.4696245734e+00 7.8478847801e+01
1.1205915813e+00 1.1742889647e+00 8.1308544110e+01
1.3823663254e+00 1.3286689420e+00 7.7506328338e+01
1.5803754266e+00 1.4394197952e+00 7.5555246316e+01
1.5837315131e+00 1.4125711035e+00 7.9012929034e+01
1.4897610922e+00 1.3790102389e+00 7.7639920971e+01
1.3890784983e+00 1.3152445961e+00 7.9950158779e+01
1.5870875995e+00 1.4125711035e+00 7.9235483601e+01
1.2313424346e+00 1.2346985210e+00 8.0517401542e+01
1.5401023891e+00 1.3924345848e+00 7.9017957496e+01
1.6105802048e+00 1.4226393629e+00 7.9330868684e+01
1.4528441411e+00 1.3454493743e+00 7.9971739068e+01
1.5266780432e+00 1.3924345848e+00 7.8150044634e+01
1.4897610922e+00 1.3722980660e+00 7.8541184820e+01
1.5736632537e+00 1.4092150171e+00 7.8832977911e+01
1.4494880546e+00 1.3454493743e+00 7.9715856859e+01
1.5770193402e+00 1.4025028441e+00 8.0071104624e+01
1.4662684869e+00 1.3689419795e+00 7.7505434784e+01
1.4192832765e+00 1.3286689420e+00 8.0117947223e+01
1.4226393629e+00 1.3286689420e+00 8.0389374268e+01
1.4562002275e+00 1.3622298066e+00 7.7755668784e+01
1.3353811149e+00 1.3018202503e+00 7.8036632368e+01
1.2783276451e+00 1.2716154721e+00 7.8322416596e+01
1.4394197952e+00 1.3454493743e+00 7.8982871930e+01
1.4025028441e+00 1.3320250284e+00 7.8372310252e+01
1.3890784983e+00 1.3152445961e+00 7.9950158779e+01
1.5937997725e+00 1.4125711035e+00 7.9694566080e+01
1.5333902162e+00 1.3823663254e+00 8.0083946894e+01
1.5132536974e+00 1.3790102389e+00 7.9157276930e+01
1.8153014790e+00 1.5300341297e+00 7.7261914119e+01
1.3253128555e+00 1.2917519909e+00 7.8777931890e+01
1.4327076223e+00 1.3353811149e+00 8.0061645986e+01
1.3555176337e+00 1.3085324232e+00 7.8480482802e+01
1.5535267349e+00 1.3991467577e+00 7.8945335258e+01
1.2883959044e+00 1.2749715586e+00 7.8564723673e+01
1.6005119454e+00 1.4293515358e+00 7.7789269832e+01
1.3488054608e+00 1.2984641638e+00 7.9515322697e+01
1.3186006826e+00 1.2984641638e+00 7.7371934337e+01
1.4259954494e+00 1.3387372014e+00 7.9031041049e+01
1.4629124005e+00 1.3488054608e+00 8.0200984066e+01
1.5098976109e+00 1.3890784983e+00 7.7563806286e+01
1.3689419795e+00 1.3186006826e+00 7.7982244160e+01
1.4629124005e+00 1.3588737201e+00 7.8649978183e+01
1.4729806598e+00 1.3622298066e+00 7.8850858039e+01
1.6206484642e+00 1.4461319681e+00 7.6872310097e+01
1.2514789534e+00 1.2514789534e+00 7.9357327526e+01
1.4830489192e+00 1.3689419795e+00 7.8569268666e+01
1.6206484642e+00 1.4494880546e+00 7.6487798137e+01
1.1709328783e+00 1.2044937429e+00 8.0452284611e+01
1.3219567691e+00 1.2984641638e+00 7.7592418289e+01
1.5434584755e+00 1.3991467577e+00 7.8297044264e+01
1.5703071672e+00 1.4125711035e+00 7.8163216220e+01
1.4259954494e+00 1.3488054608e+00 7.7625143435e+01
1.3253128555e+00 1.2883959044e+00 7.9294318663e+01
1.6340728100e+00 1.4360637088e+00 7.8934809384e+01
1.5803754266e+00 1.4226393629e+00 7.7468776008e+01
1.3823663254e+00 1.3219567691e+00 7.8423254273e+01
1.5367463026e+00 1.3857224118e+00 7.9795894675e+01
1.6038680319e+00 1.4293515358e+00 7.7986313354e+01
1.5333902162e+00 1.4058589306e+00 7.6854594219e+01
1.3118885097e+00 1.2850398180e+00 7.8795372618e+01
1.2649032992e+00 1.2649032992e+00 7.8324351144e+01
1.4696245734e+00 1.3655858931e+00 7.8157643294e+01
1.3924345848e+00 1.3186006826e+00 7.9664690036e+01
1.4998293515e+00 1.3790102389e+00 7.8266994175e+01
1.7213310580e+00 1.4897610922e+00 7.7103343343e+01
1.3689419795e+00 1.3152445961e+00 7.8453441146e+01
1.3722980660e+00 1.3152445961e+00 7.8689542878e+01
1.3588737201e+00 1.2984641638e+00 8.0331244907e+01
1.5333902162e+00 1.3924345848e+00 7.8576031214e+01
1.3957906712e+00 1.3286689420e+00 7.8390029087e+01
1.6911262799e+00 1.4629124005e+00 7.8775165517e+01
1.6542093288e+00 1.4528441411e+00 7.7914175364e+01
1.3622298066e+00 1.3085324232e+00 7.8962443963e+01
1.8790671217e+00 1.5602389078e+00 7.6991047083e+01
1.5166097838e+00 1.3790102389e+00 7.9391134947e+01
1.5199658703e+00 1.3857224118e+00 7.8640875517e+01
1.5401023891e+00 1.3991467577e+00 7.8088525287e+01
1.6206484642e+00 1.4461319681e+00 7.6872310097e+01
1.4192832765e+00 1.3387372014e+00 7.8562274361e+01
1.4964732651e+00 1.3756541524e+00 7.8512531710e+01
1.4864050057e+00 1.3588737201e+00 8.0359338917e+01
1.3353811149e+00 1.2917519909e+00 7.9543946296e+01
1.2984641638e+00 1.2716154721e+00 7.9882938015e+01
1.4327076223e+00 1.3488054608e+00 7.8053404088e+01
1.5401023891e+00 1.3823663254e+00 8.0600048666e+01
1.2481228669e+00 1.2414106940e+00 8.0831183629e+01
1.4662684869e+00 1.3555176337e+00 7.9379871763e+01
1.4864050057e+00 1.3622298066e+00 7.9808460119e+01
1.4998293515e+00 1.3689419795e+00 7.9738821391e+01
1.4159271900e+00 1.3420932878e+00 7.7874498591e+01
1.1273037543e+00 1.1810011377e+00 8.0654690950e+01
1.5870875995e+00 1.4226393629e+00 7.7858722775e+01
1.7146188851e+00 1.4830489192e+00 7.7542159851e+01
1.5065415245e+00 1.3722980660e+00 7.9703136585e+01
1.5568828214e+00 1.4159271900e+00 7.6961238890e+01
1.5736632537e+00 1.4092150171e+00 7.8832977911e+01
1.4360637088e+00 1.3353811149e+00 8.0329471614e+01
1.4998293515e+00 1.3756541524e+00 7.8734226459e+01
1.3454493743e+00 1.2951080774e+00 7.9796429207e+01
1.5401023891e+00 1.3857224118e+00 8.0042486073e+01
1.5233219568e+00 1.3924345848e+00 7.7942497777e+01
1.4595563140e+00 1.3588737201e+00 7.8425792529e+01
1.2716154721e+00 1.2615472127e+00 7.9352460501e+01
1.3521615472e+00 1.3018202503e+00 7.9242442842e+01
1.4964732651e+00 1.3689419795e+00 7.9494802758e+01
1.4562002275e+00 1.3521615472e+00 7.9168071325e+01
1.2984641638e+00 1.2883959044e+00 7.7383482127e+01
1.5300341297e+00 1.3890784983e+00 7.8828982928e+01
1.6810580205e+00 1.4595563140e+00 7.8618423118e+01
1.3924345848e+00 1.3286689420e+00 7.8163147560e+01
1.4998293515e+00 1.3924345848e+00 7.6575935049e+01
1.3655858931e+00 1.3085324232e+00 7.9211232895e+01
1.5535267349e+00 1.3957906712e+00 7.9438548429e+01
1.4461319681e+00 1.3488054608e+00 7.8957765940e+01
1.6474971559e+00 1.4494880546e+00 7.7954079538e+01
1.5669510808e+00 1.4092150171e+00 7.8405481829e+01
1.4494880546e+00 1.3588737201e+00 7.7777051594e+01
1.5669510808e+00 1.4192832765e+00 7.7119653204e+01
1.4159271900e+00 1.3320250284e+00 7.9321060792e+01
1.5401023891e+00 1.3991467577e+00 7.8088525287e+01
1.5837315131e+00 1.4125711035e+00 7.9012929034e+01
1.3320250284e+00 1.2850398180e+00 8.0402640502e+01
1.2481228669e+00 1.2481228669e+00 7.9633920454e+01
1.2581911263e+00 1.2548350398e+00 7.9356781807e+01
1.3219567691e+00 1.2951080774e+00 7.8052710813e+01
1.4595563140e+00 1.3588737201e+00 7.8425792529e+01
1.2816837315e+00 1.2615472127e+00 8.0192213913e+01
1.4931171786e+00 1.3722980660e+00 7.8764249577e+01
1.5233219568e+00 1.3857224118e+00 7.8862578159e+01
1.2749715586e+00 1.2581911263e+00 8.0198636115e+01
1.5098976109e+00 1.3722980660e+00 7.9951150249e+01
1.4528441411e+00 1.3521615472e+00 7.8931997742e+01
1.3722980660e+00 1.3118885097e+00 7.9194363327e+01
1.5098976109e+00 1.3857224118e+00 7.7999521325e+01
1.4662684869e+00 1.3454493743e+00 8.1066348231e+01
1.5098976109e+00 1.3756541524e+00 7.9426242566e+01
1.6441410694e+00 1.4427758817e+00 7.8637362450e+01
1.3454493743e+00 1.2984641638e+00 7.9256752757e+01
1.7179749716e+00 1.4696245734e+00 7.9515761893e+01
1.5401023891e+00 1.3924345848e+00 7.9017957496e+01
1.5635949943e+00 1.4058589306e+00 7.8653717030e+01
1.5736632537e+00 1.4327076223e+00 7.5939548169e+01
1.4528441411e+00 1.3521615472e+00 7.8931997742e+01
1.6072241183e+00 1.4494880546e+00 7.5808974953e+01
1.2246302617e+00 1.2346985210e+00 7.9913706648e+01
1.6307167235e+00 1.4461319681e+00 7.7420993603e+01
1.3219567691e+00 1.2917519909e+00 7.8533617949e+01
1.5904436860e+00 1.4092150171e+00 7.9978568236e+01
1.2917519909e+00 1.2615472127e+00 8.1108832581e+01
1.7783845279e+00 1.5233219568e+00 7.6203655660e+01
1.4796928328e+00 1.3957906712e+00 7.5146156990e+01
1.3890784983e+00 1.3353811149e+00 7.7062961354e+01
1.6474971559e+00 1.4562002275e+00 7.7130222835e+01
1.3454493743e+00 1.2984641638e+00 7.9256752757e+01
1.5635949943e+00 1.4058589306e+00 7.8653717030e+01
1.8287258248e+00 1.5401023891e+00 7.6790991134e+01
1.4494880546e+00 1.3454493743e+00 7.9715856859e+01
1.3186006826e+00 1.3085324232e+00 7.6115989849e+01
1.5266780432e+00 1.3957906712e+00 7.7710260634e+01
1.3118885097e+00 1.2716154721e+00 8.1068996127e+01
1.5602389078e+00 1.3890784983e+00 8.1044349579e+01
1.6005119454e+00 1.4427758817e+00 7.6201438164e+01
1.4595563140e+00 1.3555176337e+00 7.8905581221e+01
1.4192832765e+00 1.3420932878e+00 7.8092730139e+01
1.3253128555e+00 1.2850398180e+00 7.9839378819e+01
1.2951080774e+00 1.2749715586e+00 7.9069997734e+01
1.5971558589e+00 1.4192832765e+00 7.8932026590e+01
1.5199658703e+00 1.3924345848e+00 7.7738334681e+01
1.5367463026e+00 1.4058589306e+00 7.7042630630e+01
1.1944254835e+00 1.2246302617e+00 7.9043869286e+01
1.2179180887e+00 1.2514789534e+00 7.6904332656e+01
1.3689419795e+00 1.3219567691e+00 7.7530758523e+01
1.5166097838e+00 1.3890784983e+00 7.7971266082e+01
1.3857224118e+00 1.3118885097e+00 8.0244957075e+01
1.4796928328e+00 1.3722980660e+00 7.7895816873e+01
1.6072241183e+00 1.4259954494e+00 7.8637364501e+01
1.4327076223e+00 1.3454493743e+00 7.8519430377e+01
1.4058589306e+00 1.3253128555e+00 7.9619542555e+01
1.4629124005e+00 1.3521615472e+00 7.9655874271e+01
1.4562002275e+00 1.3588737201e+00 7.8205723931e+01
1.4729806598e+00 1.3588737201e+00 7.9349863626e+01
1.6508532423e+00 1.4494880546e+00 7.8149581428e+01
1.5367463026e+00 1.3857224118e+00 7.9795894675e+01
1.5703071672e+00 1.4125711035e+00 7.8163216220e+01
1.4092150171e+00 1.3320250284e+00 7.8836923017e+01
1.3420932878e+00 1.3051763367e+00 7.8027351369e+01
1.4025028441e+00 1.3286689420e+00 7.8857155397e+01
1.3857224118e+00 1.3286689420e+00 7.7721511785e+01
1.4394197952e+00 1.3622298066e+00 7.6747513630e+01
1.2212741752e+00 1.2313424346e+00 8.0207927080e+01
1.3991467577e+00 1.3253128555e+00 7.9118807063e+01
1.3521615472e+00 1.3018202503e+00 7.9242442842e+01
1.3790102389e+00 1.3152445961e+00 7.9176670914e+01
1.5098976109e+00 1.3756541524e+00 7.9426242566e+01
1.5132536974e+00 1.3924345848e+00 7.7339506860e+01
1.5434584755e+00 1.4025028441e+00 7.7853224124e+01
1.3790102389e+00 1.3353811149e+00 7.6461798109e+01
1.7582480091e+00 1.5031854380e+00 7.7458666469e+01
1.4796928328e+00 1.3588737201e+00 7.9842383595e+01
1.4629124005e+00 1.3655858931e+00 7.7733681945e+01
1.3219567691e+00 1.2816837315e+00 8.0130935788e+01
1.4864050057e+00 1.3722980660e+00 7.8322239603e+01
1.3790102389e+00 1.3085324232e+00 8.0267860331e+01
1.2984641638e+00 1.2716154721e+00 7.9882938015e+01
1.2649032992e+00 1.2649032992e+00 7.8324351144e+01
1.4931171786e+00 1.3655858931e+00 7.9773934271e+01
1.4159271900e+00 1.3286689420e+00 7.9853602273e+01
1.3488054608e+00 1.3018202503e+00 7.8991059176e+01
1.3890784983e+00 1.3286689420e+00 7.7940383243e+01
1.6105802048e+00 1.4327076223e+00 7.7949753196e+01
1.5501706485e+00 1.4058589306e+00 7.7822512496e+01
1.4025028441e+00 1.3152445961e+00 8.1082369076e+01
1.5501706485e+00 1.4092150171e+00 7.7397926857e+01
1.3051763367e+00 1.2716154721e+00 8.0457948991e+01
1.3286689420e+00 1.2883959044e+00 7.9556875989e+01
1.3521615472e+00 1.3018202503e+00 7.9242442842e+01
1.4696245734e+00 1.3555176337e+00 7.9624899706e+01
1.5132536974e+00 1.3722980660e+00 8.0205275966e+01
1.4125711035e+00 1.3320250284e+00 7.9076391335e+01
1.3320250284e+00 1.2883959044e+00 7.9826013277e+01
1.4226393629e+00 1.3353811149e+00 7.9297320353e+01
1.3622298066e+00 1.3152445961e+00 7.7994693227e+01
1.3957906712e+00 1.3152445961e+00 8.0499770425e+01
1.5468145620e+00 1.3924345848e+00 7.9477833596e+01
1.6374288965e+00 1.4562002275e+00 7.6598390834e+01
1.4293515358e+00 1.3488054608e+00 7.7837460162e+01
1.3387372014e+00 1.2984641638e+00 7.8756924475e+01
1.4092150171e+00 1.3387372014e+00 7.7892011916e+01
1.2850398180e+00 1.2749715586e+00 7.8320017925e+01
1.3957906712e+00 1.3253128555e+00 7.8876644611e+01
1.2883959044e+00 1.2581911263e+00 8.1448332611e+01
1.4427758817e+00 1.3454493743e+00 7.9221821069e+01
1.2917519909e+00 1.2682593857e+00 7.9891268041e+01
1.3488054608e+00 1.3051763367e+00 7.8492790528e+01
1.5065415245e+00 1.3722980660e+00 7.9703136585e+01
1.3857224118e+00 1.3286689420e+00 7.7721511785e+01
1.4427758817e+00 1.3488054608e+00 7.8725103092e+01
1.4494880546e+00 1.3622298066e+00 7.7343169027e+01
1.2749715586e+00 1.2581911263e+00 8.0198636115e+01
1.3353811149e+00 1.2883959044e+00 8.0102267635e+01
1.4595563140e+00 1.3555176337e+00 7.8905581221e+01
1.4092150171e+00 1.3320250284e+00 7.8836923017e+01
1.3957906712e+00 1.3219567691e+00 7.9387792628e+01
1.4025028441e+00 1.3219567691e+00 7.9903474071e+01
1.3420932878e+00 1.3118885097e+00 7.7132078171e+01
1.2279863481e+00 1.2380546075e+00 7.9628756930e+01
1.5233219568e+00 1.3924345848e+00 7.7942497777e+01
1.3219567691e+00 1.2850398180e+00 7.9568862870e+01
1.3253128555e+00 1.2883959044e+00 7.9294318663e+01
1.3085324232e+00 1.2850398180e+00 7.8548799109e+01
1.6911262799e+00 1.4864050057e+00 7.5966932036e+01
1.4025028441e+00 1.3219567691e+00 7.9903474071e+01
1.2179180887e+00 1.2212741752e+00 8.1860631873e+01
1.3320250284e+00 1.2850398180e+00 8.0402640502e+01
1.5065415245e+00 1.3790102389e+00 7.8703648009e+01
1.4830489192e+00 1.3655858931e+00 7.9052891069e+01
1.4394197952e+00 1.3420932878e+00 7.9493401677e+01
1.4864050057e+00 1.3689419795e+00 7.8793704555e+01
1.2883959044e+00 1.2682593857e+00 7.9614093427e+01
1.3085324232e+00 1.2716154721e+00 8.0758530947e+01
1.5434584755e+00 1.3924345848e+00 7.9245509890e+01
1.3521615472e+00 1.2984641638e+00 7.9780244346e+01
1.4494880546e+00 1.3454493743e+00 7.9715856859e+01
1.6743458476e+00 1.4629124005e+00 7.7792646194e+01
1.5065415245e+00 1.3991467577e+00 7.6169031757e+01
1.5199658703e+00 1.3790102389e+00 7.9630110455e+01
1.4092150171e+00 1.3353811149e+00 7.8353871441e+01
1.5233219568e+00 1.3823663254e+00 7.9355494278e+01
1.3756541524e+00 1.3286689420e+00 7.7086290185e+01
1.3588737201e+00 1.3018202503e+00 7.9763153335e+01
1.4427758817e+00 1.3488054608e+00 7.8725103092e+01
1.2951080774e+00 1.2682593857e+00 8.0176050170e+01
1.1004550626e+00 1.1675767918e+00 8.0550146159e+01
1.4763367463e+00 1.3622298066e+00 7.9082610920e+01
1.4025028441e+00 1.3186006826e+00 8.0473394069e+01
1.6642775882e+00 1.4461319681e+00 7.9445442913e+01
1.3890784983e+00 1.3219567691e+00 7.8895376479e+01
1.5098976109e+00 1.3790102389e+00 7.8928211887e+01
1.4192832765e+00 1.3286689420e+00 8.0117947223e+01
1.8018771331e+00 1.5233219568e+00 7.7356464337e+01
1.3253128555e+00 1.2883959044e+00 7.9294318663e+01
1.6609215017e+00 1.4729806598e+00 7.5933814146e+01
1.7045506257e+00 1.4796928328e+00 7.7403135876e+01
1.3186006826e+00 1.3018202503e+00 7.6937999394e+01
1.6340728100e+00 1.4360637088e+00 7.8934809384e+01
1.5501706485e+00 1.3924345848e+00 7.9715252196e+01
1.5199658703e+00 1.3924345848e+00 7.7738334681e+01
1.3588737201e+00 1.3118885097e+00 7.8234687536e+01
1.3420932878e+00 1.2917519909e+00 8.0086467855e+01
1.4662684869e+00 1.3588737201e+00 7.8878530121e+01
1.1776450512e+00 1.2078498294e+00 8.0464988651e+01
1.6038680319e+00 1.4394197952e+00 7.6756319872e+01
1.4897610922e+00 1.3622298066e+00 8.0061848799e+01
1.6542093288e+00 1.4595563140e+00 7.7094439085e+01
1.5937997725e+00 1.4192832765e+00 7.8716794832e+01
1.2514789534e+00 1.2414106940e+00 8.1155838583e+01
1.4830489192e+00 1.3689419795e+00 7.8569268666e+01
1.5065415245e+00 1.3756541524e+00 7.9190797064e+01
1.3454493743e+00 1.2951080774e+00 7.9796429207e+01
1.4763367463e+00 1.3689419795e+00 7.8132705796e+01
1.5098976109e+00 1.3890784983e+00 7.7563806286e+01
1.4998293515e+00 1.3790102389e+00 7.8266994175e+01
1.6911262799e+00 1.4696245734e+00 7.7897948761e+01
1.4763367463e+00 1.3689419795e+00 7.8132705796e+01
1.5468145620e+00 1.3924345848e+00 7.9477833596e+01
1.3085324232e+00 1.2749715586e+00 8.0155577170e+01
1.3924345848e+00 1.3286689420e+00 7.8163147560e+01
1.4595563140e+00 1.3454493743e+00 8.0503621865e+01
1.4025028441e+00 1.3253128555e+00 7.9366312224e+01
1.6340728100e+00 1.4595563140e+00 7.6056209551e+01
1.3823663254e+00 1.3186006826e+00 7.8913336733e+01
1.4461319681e+00 1.3555176337e+00 7.8011464955e+01
1.7045506257e+00 1.4864050057e+00 7.6627371603e+01
1.4394197952e+00 1.3555176337e+00 7.7587711543e+01
1.3488054608e+00 1.3051763367e+00 7.8492790528e+01
1.5703071672e+00 1.4226393629e+00 7.6904759316e+01
1.6072241183e+00 1.4293515358e+00 7.8186519489e+01
1.6273606371e+00 1.4595563140e+00 7.5726126159e+01
1.6407849829e+00 1.4494880546e+00 7.7571960606e+01
1.3286689420e+00 1.2816837315e+00 8.0713766481e+01
1.5501706485e+00 1.4058589306e+00 7.7822512496e+01
1.4058589306e+00 1.3219567691e+00 8.0171177918e+01
1.6340728100e+00 1.4528441411e+00 7.6806713755e+01
1.3454493743e+00 1.2883959044e+00 8.0980358331e+01
1.5132536974e+00 1.3790102389e+00 7.9157276930e+01
1.3857224118e+00 1.3118885097e+00 8.0244957075e+01
1.3991467577e+00 1.3186006826e+00 8.0196597774e+01
1.5401023891e+00 1.4159271900e+00 7.6059904576e+01
1.5468145620e+00 1.4092150171e+00 7.7205575845e+01
1.4427758817e+00 1.3420932878e+00 7.9744833550e+01
1.1507963595e+00 1.1977815700e+00 7.9797373649e+01
1.3957906712e+00 1.3186006826e+00 7.9927223311e+01
1.3353811149e+00 1.2917519909e+00 7.9543946296e+01
1.6844141069e+00 1.4729806598e+00 7.7124676773e+01
1.3387372014e+00 1.3085324232e+00 7.7353071050e+01
1.3253128555e+00 1.2951080774e+00 7.8286410859e+01
1.2649032992e+00 1.2581911263e+00 7.9355154509e+01
1.4259954494e+00 1.3286689420e+00 8.0668501712e+01
1.5568828214e+00 1.4058589306e+00 7.8231034671e+01
1.5166097838e+00 1.3823663254e+00 7.8895658704e+01
1.5434584755e+00 1.3991467577e+00 7.8297044264e+01
1.3857224118e+00 1.3152445961e+00 7.9686061849e+01
1.4125711035e+00 1.3454493743e+00 7.7226338163e+01
1.2481228669e+00 1.2548350398e+00 7.8570581146e+01
1.4494880546e+00 1.3555176337e+00 7.8228842768e+01
1.2783276451e+00 1.2649032992e+00 7.9348714752e+01
1.4629124005e+00 1.3588737201e+00 7.8649978183e+01
1.2917519909e+00 1.2716154721e+00 7.9338128329e+01
1.4427758817e+00 1.3387372014e+00 8.0298408293e+01
1.3991467577e+00 1.3286689420e+00 7.8621274380e+01
1.7246871445e+00 1.4998293515e+00 7.6150365988e+01
1.3555176337e+00 1.3186006826e+00 7.7115967014e+01
1.4025028441e+00 1.3286689420e+00 7.8857155397e+01
1.5132536974e+00 1.3790102389e+00 7.9157276930e+01
1.5065415245e+00 1.3823663254e+00 7.8238546528e+01
1.5300341297e+00 1.3957906712e+00 7.7913227444e+01
1.5098976109e+00 1.3823663254e+00 7.8453567226e+01
1.1642207053e+00 1.2078498294e+00 7.9259482948e+01
1.6240045506e+00 1.4427758817e+00 7.7456568008e+01
1.6709897611e+00 1.4461319681e+00 7.9897241384e+01
1.1776450512e+00 1.2212741752e+00 7.8237234694e+01
1.7045506257e+00 1.4796928328e+00 7.7403135876e+01
1.5568828214e+00 1.4025028441e+00 7.8689702111e+01
1.3756541524e+00 1.3219567691e+00 7.7969034499e+01
1.3152445961e+00 1.2816837315e+00 7.9579890875e+01
1.3991467577e+00 1.3286689420e+00 7.8621274380e+01
1.6542093288e+00 1.4494880546e+00 7.8348243194e+01
1.3790102389e+00 1.3118885097e+00 7.9706610590e+01
1.5971558589e+00 1.4192832765e+00 7.8932026590e+01
1.4830489192e+00 1.3655858931e+00 7.9052891069e+01
1.6307167235e+00 1.4461319681e+00 7.7420993603e+01
1.6172923777e+00 1.4494880546e+00 7.6315090996e+01
1.2212741752e+00 1.2380546075e+00 7.9075034431e+01
1.3488054608e+00 1.3118885097e+00 7.7561844229e+01
1.2078498294e+00 1.2279863481e+00 7.9612998956e+01
1.5635949943e+00 1.4092150171e+00 7.8197346124e+01
1.6072241183e+00 1.4259954494e+00 7.8637364501e+01
1.5098976109e+00 1.3823663254e+00 7.8453567226e+01
1.4327076223e+00 1.3454493743e+00 7.8519430377e+01
1.4796928328e+00 1.3655858931e+00 7.8822578420e+01
1.5602389078e+00 1.4025028441e+00 7.8908327291e+01
1.5434584755e+00 1.4192832765e+00 7.5863895472e+01
1.5300341297e+00 1.3857224118e+00 7.9319334261e+01
1.4192832765e+00 1.3387372014e+00 7.8562274361e+01
1.6978384528e+00 1.4864050057e+00 7.6293365587e+01
1.6072241183e+00 1.4293515358e+00 7.8186519489e+01
1.5065415245e+00 1.3857224118e+00 7.7792960433e+01
1.6105802048e+00 1.4394197952e+00 7.7119027580e+01
1.2883959044e+00 1.2716154721e+00 7.9075626195e+01
1.2615472127e+00 1.2514789534e+00 8.0208074687e+01
1.3857224118e+00 1.3186006826e+00 7.9158170740e+01
1.5803754266e+00 1.4125711035e+00 7.8794659982e+01
1.4259954494e+00 1.3454493743e+00 7.8073399870e+01
1.5501706485e+00 1.4025028441e+00 7.8264271045e+01
1.2951080774e+00 1.2883959044e+00 7.7163914708e+01
1.5870875995e+00 1.4159271900e+00 7.8755928545e+01
1.3219567691e+00 1.2816837315e+00 8.0130935788e+01
1.2044937429e+00 1.2145620023e+00 8.1854526431e+01
1.4327076223e+00 1.3420932878e+00 7.9007301685e+01
1.2984641638e+00 1.2749715586e+00 7.9331317986e+01
1.7582480091e+00 1.5065415245e+00 7.7067173935e+01
1.4293515358e+00 1.3320250284e+00 8.0359799633e+01
1.4125711035e+00 1.3320250284e+00 7.9076391335e+01
1.4259954494e+00 1.3353811149e+00 7.9546053824e+01
1.5031854380e+00 1.3790102389e+00 7.8483321757e+01
1.7213310580e+00 1.4897610922e+00 7.7103343343e+01
1.3790102389e+00 1.3152445961e+00 7.9176670914e+01
1.5199658703e+00 1.3924345848e+00 7.7738334681e+01
1.2279863481e+00 1.2246302617e+00 8.2235851478e+01
1.3488054608e+00 1.2951080774e+00 8.0069714574e+01
1.5434584755e+00 1.4025028441e+00 7.7853224124e+01
1.2112059158e+00 1.2145620023e+00 8.2631497270e+01
1.5367463026e+00 1.3924345848e+00 7.8794885499e+01
1.3387372014e+00 1.2917519909e+00 7.9811691125e+01
1.5468145620e+00 1.3924345848e+00 7.9477833596e+01
1.7414675768e+00 1.4864050057e+00 7.8630366033e+01
1.3555176337e+00 1.3018202503e+00 7.9499660855e+01
1.2984641638e+00 1.2682593857e+00 8.0469122125e+01
1.3722980660e+00 1.3219567691e+00 7.7748012065e+01
1.4360637088e+00 1.3387372014e+00 7.9773112642e+01
1.4629124005e+00 1.3622298066e+00 7.8181986703e+01
1.6307167235e+00 1.4360637088e+00 7.8723254392e+01
1.3857224118e+00 1.3219567691e+00 7.8656939703e+01
1.5166097838e+00 1.3756541524e+00 7.9913126467e+01
1.4763367463e+00 1.3622298066e+00 7.9082610920e+01
1.5501706485e+00 1.4025028441e+00 7.8264271045e+01
1.3320250284e+00 1.2850398180e+00 8.0402640502e+01
1.4562002275e+00 1.3521615472e+00 7.9168071325e+01
1.4025028441e+00 1.3353811149e+00 7.7908838580e+01
1.7011945392e+00 1.4897610922e+00 7.6094827644e+01
1.4025028441e+00 1.3286689420e+00 7.8857155397e+01
1.4226393629e+00 1.3420932878e+00 7.8314885953e+01
1.3790102389e+00 1.3186006826e+00 7.8673630960e+01
1.5401023891e+00 1.3991467577e+00 7.8088525287e+01
1.2917519909e+00 1.2749715586e+00 7.8814598654e+01
1.5602389078e+00 1.4159271900e+00 7.7148735379e+01
1.4092150171e+00 1.3387372014e+00 7.7892011916e+01
1.5300341297e+00 1.3857224118e+00 7.9319334261e+01
1.7313993174e+00 1.4931171786e+00 7.7236941475e+01
1.5434584755e+00 1.4025028441e+00 7.7853224124e+01
1.3420932878e+00 1.2951080774e+00 7.9530089850e+01
1.3722980660e+00 1.3186006826e+00 7.8208358654e+01
1.4830489192e+00 1.3790102389e+00 7.7238341437e+01
1.4259954494e+00 1.3353811149e+00 7.9546053824e+01
1.5266780432e+00 1.3991467577e+00 7.7287383907e+01
1.5770193402e+00 1.4259954494e+00 7.6875881302e+01
1.3420932878e+00 1.2951080774e+00 7.9530089850e+01
1.4125711035e+00 1.3420932878e+00 7.7659982860e+01
1.4562002275e+00 1.3488054608e+00 7.9686198513e+01
1.2984641638e+00 1.2951080774e+00 7.6525773285e+01
1.3823663254e+00 1.3152445961e+00 7.9428385522e+01
1.7414675768e+00 1.5031854380e+00 7.6603121947e+01
1.2917519909e+00 1.2682593857e+00 7.9891268041e+01
1.3186006826e+00 1.2816837315e+00 7.9851770899e+01
1.3051763367e+00 1.2749715586e+00 7.9873567309e+01
1.4763367463e+00 1.3588737201e+00 7.9593290194e+01
1.4629124005e+00 1.3622298066e+00 7.8181986703e+01
1.5132536974e+00 1.3857224118e+00 7.8209564664e+01
1.4259954494e+00 1.3420932878e+00 7.8541194536e+01
1.6273606371e+00 1.4394197952e+00 7.8071851811e+01
1.3152445961e+00 1.2850398180e+00 7.9047313545e+01
1.5468145620e+00 1.4058589306e+00 7.7623120904e+01
1.3857224118e+00 1.3186006826e+00 7.9158170740e+01
1.3219567691e+00 1.2850398180e+00 7.9568862870e+01
1.2011376564e+00 1.2212741752e+00 8.0191034612e+01
1.3823663254e+00 1.3152445961e+00 7.9428385522e+01
1.5166097838e+00 1.3857224118e+00 7.8423280228e+01
1.5065415245e+00 1.3722980660e+00 7.9703136585e+01
1.2682593857e+00 1.2649032992e+00 7.8572105661e+01
1.5031854380e+00 1.3924345848e+00 7.6762878640e+01
1.4964732651e+00 1.3722980660e+00 7.8991684544e+01
1.4360637088e+00 1.3454493743e+00 7.8748842065e+01
1.3152445961e+00 1.2783276451e+00 8.0143768687e+01
1.5602389078e+00 1.4092150171e+00 7.7992691113e+01
1.5568828214e+00 1.4025028441e+00 7.8689702111e+01
1.6911262799e+00 1.4662684869e+00 7.8327458827e+01
1.3488054608e+00 1.2951080774e+00 8.0069714574e+01
1.4729806598e+00 1.3622298066e+00 7.8850858039e+01
1.4360637088e+00 1.3387372014e+00 7.9773112642e+01
1.6844141069e+00 1.4729806598e+00 7.7124676773e+01
1.9092718999e+00 1.5669510808e+00 7.7712293718e+01
1.5300341297e+00 1.4092150171e+00 7.6282544606e+01
1.4394197952e+00 1.3622298066e+00 7.6747513630e+01
1.4595563140e+00 1.3588737201e+00 7.8425792529e+01
1.6172923777e+00 1.4629124005e+00 7.4906645553e+01
1.3555176337e+00 1.3051763367e+00 7.8977173578e+01
1.3722980660e+00 1.3186006826e+00 7.8208358654e+01
1.5904436860e+00 1.4226393629e+00 7.8058284054e+01
1.1205915813e+00 1.1810011377e+00 8.0002014001e+01
1.5333902162e+00 1.4058589306e+00 7.6854594219e+01
1.4226393629e+00 1.3286689420e+00 8.0389374268e+01
1.5904436860e+00 1.4192832765e+00 7.8505463572e+01
1.3756541524e+00 1.3320250284e+00 7.6669469210e+01
1.5468145620e+00 1.3957906712e+00 7.8981882744e+01
1.5166097838e+00 1.3823663254e+00 7.8895658704e+01
1.3857224118e+00 1.3085324232e+00 8.0840548294e+01
1.5166097838e+00 1.3890784983e+00 7.7971266082e+01
1.6005119454e+00 1.4293515358e+00 7.7789269832e+01
1.5501706485e+00 1.4092150171e+00 7.7397926857e+01
1.2716154721e+00 1.2581911263e+00 7.9909847507e+01
1.4226393629e+00 1.3454493743e+00 7.7856310676e+01
1.5367463026e+00 1.3924345848e+00 7.8794885499e+01
1.8622866894e+00 1.5434584755e+00 7.8100301199e+01
1.6709897611e+00 1.4528441411e+00 7.8917852813e+01
1.5870875995e+00 1.4293515358e+00 7.7029869943e+01
1.4427758817e+00 1.3521615472e+00 7.8251330886e+01
1.4360637088e+00 1.3420932878e+00 7.9247685577e+01
1.4931171786e+00 1.3890784983e+00 7.6597162904e+01
1.3018202503e+00 1.2581911263e+00 8.2910415489e+01
1.3790102389e+00 1.3152445961e+00 7.9176670914e+01
1.5669510808e+00 1.4226393629e+00 7.6721851980e+01
1.5568828214e+00 1.4159271900e+00 7.6961238890e+01
1.4629124005e+00 1.3521615472e+00 7.9655874271e+01
1.4293515358e+00 1.3521615472e+00 7.7398935195e+01
1.6441410694e+00 1.4562002275e+00 7.6950643702e+01
1.4360637088e+00 1.3454493743e+00 7.8748842065e+01
1.4226393629e+00 1.3420932878e+00 7.8314885953e+01
1.5703071672e+00 1.4125711035e+00 7.8163216220e+01
1.4360637088e+00 1.3488054608e+00 7.8273175841e+01
1.4729806598e+00 1.3722980660e+00 7.7483386436e+01
1.4092150171e+00 1.3253128555e+00 7.9878928091e+01
1.4058589306e+00 1.3387372014e+00 7.7676401440e+01
1.4629124005e+00 1.3588737201e+00 7.8649978183e+01
1.4092150171e+00 1.3286689420e+00 7.9344063161e+01
1.6307167235e+00 1.4562002275e+00 7.6254756156e+01
1.3051763367e+00 1.2749715586e+00 7.9873567309e+01
1.4192832765e+00 1.3521615472e+00 7.6794323199e+01
1.3118885097e+00 1.3118885097e+00 7.5346910626e+01
1.6005119454e+00 1.4327076223e+00 7.7371133569e+01
1.2481228669e+00 1.2447667804e+00 8.0212858370e+01
1.3790102389e+00 1.3152445961e+00 7.9176670914e+01
1.4595563140e+00 1.3420932878e+00 8.1105074441e+01
1.2313424346e+00 1.2313424346e+00 8.1161912553e+01
1.4025028441e+00 1.3253128555e+00 7.9366312224e+01
1.6542093288e+00 1.4629124005e+00 7.6705767293e+01
1.3555176337e+00 1.3085324232e+00 7.8480482802e+01
1.5602389078e+00 1.4226393629e+00 7.6363066026e+01
1.4293515358e+00 1.3420932878e+00 7.8771907257e+01
1.5904436860e+00 1.4159271900e+00 7.8972675049e+01
1.3387372014e+00 1.2984641638e+00 7.8756924475e+01
1.4562002275e+00 1.3555176337e+00 7.8675657808e+01
1.6307167235e+00 1.4427758817e+00 7.7837888945e+01
1.5803754266e+00 1.4159271900e+00 7.8334126729e+01
1.5199658703e+00 1.3924345848e+00 7.7738334681e+01
1.5367463026e+00 1.3991467577e+00 7.7883465976e+01
1.3018202503e+00 1.2816837315e+00 7.8555033866e+01
1.4427758817e+00 1.3454493743e+00 7.9221821069e+01
1.3186006826e+00 1.2816837315e+00 7.9851770899e+01
1.4461319681e+00 1.3454493743e+00 7.9466024519e+01
1.4360637088e+00 1.3420932878e+00 7.9247685577e+01
1.6206484642e+00 1.4427758817e+00 7.7270022371e+01
1.5803754266e+00 1.4125711035e+00 7.8794659982e+01
1.4796928328e+00 1.3655858931e+00 7.8822578420e+01
1.2850398180e+00 1.2581911263e+00 8.1119760569e+01
1.2649032992e+00 1.2548350398e+00 7.9913848708e+01
1.3890784983e+00 1.3152445961e+00 7.9950158779e+01
1.5233219568e+00 1.3890784983e+00 7.8392472719e+01
1.5736632537e+00 1.4159271900e+00 7.7926556587e+01
1.5434584755e+00 1.3957906712e+00 7.8760298176e+01
1.4394197952e+00 1.3622298066e+00 7.6747513630e+01
1.5132536974e+00 1.3823663254e+00 7.8672526870e+01
1.3622298066e+00 1.3051763367e+00 7.9483120309e+01
1.5233219568e+00 1.3857224118e+00 7.8862578159e+01
1.5602389078e+00 1.4192832765e+00 7.6749285940e+01
1.3924345848e+00 1.3353811149e+00 7.7269372453e+01
1.2279863481e+00 1.2313424346e+00 8.0833124293e+01
1.6139362912e+00 1.4461319681e+00 7.6518394530e+01
1.3991467577e+00 1.3387372014e+00 7.7255699880e+01
1.5703071672e+00 1.4192832765e+00 7.7308711815e+01
1.5333902162e+00 1.3991467577e+00 7.7681693350e+01
1.6441410694e+00 1.4394197952e+00 7.9104431935e+01
1.5501706485e+00 1.3991467577e+00 7.8725233071e+01
1.3991467577e+00 1.3152445961e+00 8.0786563393e+01
1.3521615472e+00 1.2984641638e+00 7.9780244346e+01
1.3857224118e+00 1.3186006826e+00 7.9158170740e+01
1.4696245734e+00 1.3555176337e+00 7.9624899706e+01
1.3051763367e+00 1.2649032992e+00 8.1759383864e+01
1.5333902162e+00 1.4125711035e+00 7.6082661766e+01
1.3790102389e+00 1.3085324232e+00 8.0267860331e+01
1.6508532423e+00 1.4562002275e+00 7.7312233888e+01
1.5635949943e+00 1.4192832765e+00 7.6933214839e+01
1.0903868032e+00 1.1675767918e+00 7.9579938122e+01
1.3722980660e+00 1.3118885097e+00 7.9194363327e+01
1.3689419795e+00 1.3219567691e+00 7.7530758523e+01
1.4729806598e+00 1.3689419795e+00 7.7920133510e+01
1.3924345848e+00 1.3152445961e+00 8.0221196836e+01
1.5031854380e+00 1.3957906712e+00 7.6370645148e+01
1.4696245734e+00 1.3722980660e+00 7.7281990582e+01
1.4864050057e+00 1.3588737201e+00 8.0359338917e+01
1.4595563140e+00 1.3521615472e+00 7.9409244513e+01
1.4259954494e+00 1.3253128555e+00 8.1287872905e+01
1.4025028441e+00 1.3253128555e+00 7.9366312224e+01
1.3689419795e+00 1.3118885097e+00 7.8946884930e+01
1.6441410694e+00 1.4494880546e+00 7.7761585915e+01
1.4964732651e+00 1.3689419795e+00 7.9494802758e+01
1.2816837315e+00 1.2649032992e+00 7.9620086822e+01
1.4528441411e+00 1.3555176337e+00 7.8450163247e+01
1.3722980660e+00 1.3186006826e+00 7.8208358654e+01
1.2179180887e+00 1.2313424346e+00 7.9909510878e+01
1.5065415245e+00 1.3857224118e+00 7.7792960433e+01
1.4427758817e+00 1.3488054608e+00 7.8725103092e+01
1.5870875995e+00 1.4159271900e+00 7.8755928545e+01
1.6978384528e+00 1.4729806598e+00 7.7855057418e+01
1.3555176337e+00 1.3152445961e+00 7.7552239275e+01
1.4998293515e+00 1.3722980660e+00 7.9223766672e+01
1.6206484642e+00 1.4259954494e+00 7.9511171619e+01
1.5132536974e+00 1.3957906712e+00 7.6928670484e+01
1.3555176337e+00 1.3018202503e+00 7.9499660855e+01
1.7011945392e+00 1.4830489192e+00 7.6835501965e+01
1.4058589306e+00 1.3286689420e+00 7.9097973323e+01
1.1205915813e+00 1.1742889647e+00 8.1308544110e+01
1.3991467577e+00 1.3253128555e+00 7.9118807063e+01
1.4058589306e+00 1.3353811149e+00 7.8129344608e+01
1.2716154721e+00 1.2581911263e+00 7.9909847507e+01
1.6005119454e+00 1.4226393629e+00 7.8677269875e+01
1.2179180887e+00 1.2246302617e+00 8.1159150569e+01
1.5770193402e+00 1.4092150171e+00 7.9052777050e+01
1.2615472127e+00 1.2581911263e+00 7.9088086042e+01
1.4796928328e+00 1.3655858931e+00 7.8822578420e+01
1.5434584755e+00 1.4125711035e+00 7.6619335410e+01
1.3118885097e+00 1.2816837315e+00 7.9314739283e+01
1.1541524460e+00 1.1977815700e+00 8.0105178140e+01
1.2212741752e+00 1.2246302617e+00 8.1503144767e+01
1.2783276451e+00 1.2581911263e+00 8.0495974329e+01
1.5333902162e+00 1.3991467577e+00 7.7681693350e+01
1.3957906712e+00 1.3219567691e+00 7.9387792628e+01
1.4931171786e+00 1.3622298066e+00 8.0321697662e+01
1.5937997725e+00 1.4293515358e+00 7.7404078583e+01
1.4729806598e+00 1.3689419795e+00 7.7920133510e+01
1.4494880546e+00 1.3488054608e+00 7.9195278133e+01
1.4528441411e+00 1.3555176337e+00 7.8450163247e+01
1.2615472127e+00 1.2548350398e+00 7.9631676164e+01
1.3420932878e+00 1.3152445961e+00 7.6709754192e+01
1.6978384528e+00 1.4696245734e+00 7.8282129075e+01
1.6172923777e+00 1.4293515358e+00 7.8807826073e+01
1.5837315131e+00 1.4058589306e+00 8.0025030298e+01
1.4562002275e+00 1.3622298066e+00 7.7755668784e+01
1.3219567691e+00 1.2850398180e+00 7.9568862870e+01
1.6844141069e+00 1.4696245734e+00 7.7525163716e+01
1.5669510808e+00 1.3991467577e+00 7.9871948002e+01
1.2883959044e+00 1.2682593857e+00 7.9614093427e+01
1.3454493743e+00 1.2917519909e+00 8.0368878693e+01
1.5199658703e+00 1.3957906712e+00 7.7313693593e+01
1.5434584755e+00 1.3991467577e+00 7.8297044264e+01
1.5098976109e+00 1.3790102389e+00 7.8928211887e+01
1.5803754266e+00 1.4159271900e+00 7.8334126729e+01
1.4159271900e+00 1.3454493743e+00 7.7432959480e+01
1.4427758817e+00 1.3488054608e+00 7.8725103092e+01
1.3722980660e+00 1.3085324232e+00 7.9726319797e+01
1.4763367463e+00 1.3622298066e+00 7.9082610920e+01
1.1273037543e+00 1.1910693970e+00 7.8881248705e+01
1.3722980660e+00 1.3118885097e+00 7.9194363327e+01
1.5166097838e+00 1.3756541524e+00 7.9913126467e+01
1.4058589306e+00 1.3253128555e+00 7.9619542555e+01
1.2749715586e+00 1.2649032992e+00 7.9083895958e+01
1.4327076223e+00 1.3521615472e+00 7.7606745797e+01
1.3991467577e+00 1.3219567691e+00 7.9642511518e+01
1.4729806598e+00 1.3689419795e+00 7.7920133510e+01
1.6642775882e+00 1.4830489192e+00 7.5056286591e+01
1.3051763367e+00 1.2917519909e+00 7.7380465033e+01
1.4427758817e+00 1.3488054608e+00 7.8725103092e+01
1.4696245734e+00 1.3689419795e+00 7.7711102492e+01
1.4763367463e+00 1.3588737201e+00 7.9593290194e+01
1.2749715586e+00 1.2649032992e+00 7.9083895958e+01
1.2749715586e+00 1.2682593857e+00 7.8570616720e+01
1.4293515358e+00 1.3387372014e+00 7.9272856953e+01
1.4025028441e+00 1.3219567691e+00 7.9903474071e+01
1.5434584755e+00 1.4159271900e+00 7.6235669994e+01
1.3186006826e+00 1.2816837315e+00 7.9851770899e+01
1.4662684869e+00 1.3588737201e+00 7.8878530121e+01
1.4595563140e+00 1.3420932878e+00 8.1105074441e+01
1.4964732651e+00 1.3957906712e+00 7.6010421736e+01
1.4159271900e+00 1.3353811149e+00 7.8815961559e+01
1.3018202503e+00 1.2783276451e+00 7.9063393028e+01
1.5333902162e+00 1.3890784983e+00 7.9053547054e+01
1.5669510808e+00 1.4125711035e+00 7.7959841368e+01
1.3286689420e+00 1.2917519909e+00 7.9027505322e+01
1.4394197952e+00 1.3454493743e+00 7.8982871930e+01
1.6743458476e+00 1.4629124005e+00 7.7792646194e+01
1.5703071672e+00 1.4159271900e+00 7.7727662868e+01
1.3488054608e+00 1.2984641638e+00 7.9515322697e+01
1.1944254835e+00 1.2212741752e+00 7.9596414773e+01
1.3118885097e+00 1.2951080774e+00 7.7376611899e+01
1.4327076223e+00 1.3622298066e+00 7.6364234353e+01
1.2581911263e+00 1.2615472127e+00 7.8323861027e+01
1.5602389078e+00 1.4159271900e+00 7.7148735379e+01
1.5568828214e+00 1.4226393629e+00 7.6187004495e+01
1.4058589306e+00 1.3253128555e+00 7.9619542555e+01
1.6877701934e+00 1.4662684869e+00 7.8132500576e+01
1.6273606371e+00 1.4360637088e+00 7.8515471183e+01
1.3655858931e+00 1.3018202503e+00 8.0311022679e+01
1.4796928328e+00 1.3588737201e+00 7.9842383595e+01
1.3253128555e+00 1.3051763367e+00 7.6933530345e+01
1.3924345848e+00 1.3118885097e+00 8.0813993125e+01
1.4964732651e+00 1.3823663254e+00 7.7615083028e+01
1.7146188851e+00 1.4830489192e+00 7.7542159851e+01
1.4562002275e+00 1.3622298066e+00 7.7755668784e+01
1.3756541524e+00 1.3320250284e+00 7.6669469210e+01
1.3857224118e+00 1.3152445961e+00 7.9686061849e+01
1.3655858931e+00 1.3219567691e+00 7.7317079936e+01
1.5669510808e+00 1.4159271900e+00 7.7531820868e+01
1.5904436860e+00 1.4192832765e+00 7.8505463572e+01
1.2145620023e+00 1.2313424346e+00 7.9619453158e+01
1.3790102389e+00 1.3085324232e+00 8.0267860331e+01
1.5031854380e+00 1.3823663254e+00 7.8027252334e+01
1.5367463026e+00 1.3991467577e+00 7.7883465976e+01
1.5266780432e+00 1.3857224118e+00 7.9088638757e+01
1.4729806598e+00 1.3655858931e+00 7.8375205084e+01
1.6038680319e+00 1.4394197952e+00 7.6756319872e+01
1.5367463026e+00 1.4058589306e+00 7.7042630630e+01
1.4125711035e+00 1.3219567691e+00 8.0729161195e+01
1.3353811149e+00 1.2984641638e+00 7.8514912109e+01
1.3186006826e+00 1.2816837315e+00 7.9851770899e+01
1.2548350398e+00 1.2514789534e+00 7.9633356827e+01
1.4763367463e+00 1.3655858931e+00 7.8596770678e+01
1.1977815700e+00 1.2279863481e+00 7.8783769664e+01
1.5602389078e+00 1.4058589306e+00 7.8440509857e+01
1.6307167235e+00 1.4327076223e+00 7.9195973875e+01
1.4830489192e+00 1.3655858931e+00 7.9052891069e+01
1.5703071672e+00 1.4159271900e+00 7.7727662868e+01
1.1675767918e+00 1.2044937429e+00 8.0136531708e+01
1.6911262799e+00 1.4662684869e+00 7.8327458827e+01
1.4427758817e+00 1.3454493743e+00 7.9221821069e+01
1.4830489192e+00 1.3722980660e+00 7.8107186175e+01
1.5468145620e+00 1.4092150171e+00 7.7205575845e+01
1.3152445961e+00 1.2783276451e+00 8.0143768687e+01
1.5401023891e+00 1.4025028441e+00 7.7652643321e+01
1.5367463026e+00 1.4025028441e+00 7.7455145748e+01
1.5870875995e+00 1.4159271900e+00 7.8755928545e+01
1.4931171786e+00 1.3722980660e+00 7.8764249577e+01
1.6105802048e+00 1.4159271900e+00 8.0371872038e+01
1.7079067122e+00 1.4796928328e+00 7.7584542408e+01
1.5266780432e+00 1.3890784983e+00 7.8608706254e+01
1.3790102389e+00 1.3152445961e+00 7.9176670914e+01
1.3622298066e+00 1.3051763367e+00 7.9483120309e+01
1.5770193402e+00 1.4259954494e+00 7.6875881302e+01
1.2917519909e+00 1.2649032992e+00 8.0479196387e+01
1.4964732651e+00 1.3790102389e+00 7.8054447798e+01
1.4494880546e+00 1.3454493743e+00 7.9715856859e+01
1.5635949943e+00 1.4058589306e+00 7.8653717030e+01
1.3152445961e+00 1.2850398180e+00 7.9047313545e+01
1.2514789534e+00 1.2481228669e+00 7.9918465164e+01
1.2145620023e+00 1.2380546075e+00 7.8547276028e+01
1.6273606371e+00 1.4293515358e+00 7.9464474211e+01
1.6374288965e+00 1.4394197952e+00 7.8680468423e+01
1.5098976109e+00 1.3890784983e+00 7.7563806286e+01
1.5904436860e+00 1.4192832765e+00 7.8505463572e+01
1.4729806598e+00 1.3555176337e+00 7.9875689131e+01
1.5501706485e+00 1.3957906712e+00 7.9207871838e+01
1.2883959044e+00 1.2649032992e+00 8.0184679461e+01
1.2883959044e+00 1.2649032992e+00 8.0184679461e+01
1.3286689420e+00 1.2917519909e+00 7.9027505322e+01
1.7616040956e+00 1.5132536974e+00 7.6483810704e+01
1.2380546075e+00 1.2346985210e+00 8.1161231337e+01
1.3890784983e+00 1.3186006826e+00 7.9408488915e+01
1.7112627986e+00 1.4763367463e+00 7.8190761135e+01
1.4897610922e+00 1.3689419795e+00 7.9022577752e+01
1.4763367463e+00 1.3722980660e+00 7.7687941731e+01
1.4595563140e+00 1.3488054608e+00 7.9940382990e+01
1.4528441411e+00 1.3521615472e+00 7.8931997742e+01
1.6508532423e+00 1.4494880546e+00 7.8149581428e+01
1.3622298066e+00 1.3051763367e+00 7.9483120309e+01
1.6038680319e+00 1.4226393629e+00 7.8890994936e+01
1.5266780432e+00 1.3924345848e+00 7.8150044634e+01
1.5132536974e+00 1.3756541524e+00 7.9666894728e+01
1.6139362912e+00 1.4259954494e+00 7.9065802703e+01
1.5199658703e+00 1.3957906712e+00 7.7313693593e+01
1.7079067122e+00 1.4796928328e+00 7.7584542408e+01
1.2548350398e+00 1.2481228669e+00 8.0211056847e+01
1.5266780432e+00 1.3890784983e+00 7.8608706254e+01
1.4427758817e+00 1.3521615472e+00 7.8251330886e+01
1.4360637088e+00 1.3488054608e+00 7.8273175841e+01
1.5602389078e+00 1.4192832765e+00 7.6749285940e+01
1.3924345848e+00 1.3186006826e+00 7.9664690036e+01
1.2548350398e+00 1.2581911263e+00 7.8572101214e+01
1.2481228669e+00 1.2447667804e+00 8.0212858370e+01
1.7381114903e+00 1.4998293515e+00 7.6810365210e+01
1.3790102389e+00 1.3118885097e+00 7.9706610590e+01
1.7045506257e+00 1.4696245734e+00 7.8678866106e+01
1.4528441411e+00 1.3521615472e+00 7.8931997742e+01
1.4595563140e+00 1.3689419795e+00 7.7103547413e+01
1.6542093288e+00 1.4562002275e+00 7.7496783236e+01
1.3118885097e+00 1.2850398180e+00 7.8795372618e+01
1.4830489192e+00 1.3722980660e+00 7.8107186175e+01
1.4528441411e+00 1.3622298066e+00 7.7547778655e+01
1.4897610922e+00 1.3857224118e+00 7.6806756095e+01
1.6709897611e+00 1.4629124005e+00 7.7605155603e+01
1.5837315131e+00 1.4293515358e+00 7.6846589663e+01
1.5401023891e+00 1.3991467577e+00 7.8088525287e+01
1.6407849829e+00 1.4562002275e+00 7.6773397273e+01
1.4796928328e+00 1.3689419795e+00 7.8349013416e+01
1.4327076223e+00 1.3454493743e+00 7.8519430377e+01
1.5065415245e+00 1.3722980660e+00 7.9703136585e+01
1.5535267349e+00 1.3957906712e+00 7.9438548429e+01
1.4763367463e+00 1.3689419795e+00 7.8132705796e+01
1.2380546075e+00 1.2380546075e+00 8.0518034586e+01
1.6877701934e+00 1.4729806598e+00 7.7303490666e+01
1.3286689420e+00 1.2883959044e+00 7.9556875989e+01
1.5703071672e+00 1.4092150171e+00 7.8617289375e+01
1.5736632537e+00 1.4293515358e+00 7.6310818406e+01
1.3286689420e+00 1.2917519909e+00 7.9027505322e+01
1.5971558589e+00 1.4327076223e+00 7.7183837250e+01
1.5233219568e+00 1.3957906712e+00 7.7510466043e+01
1.5736632537e+00 1.4327076223e+00 7.5939548169e+01
1.3689419795e+00 1.3286689420e+00 7.6678940875e+01
1.4931171786e+00 1.3588737201e+00 8.0904897722e+01
1.3152445961e+00 1.2816837315e+00 7.9579890875e+01
1.5233219568e+00 1.3924345848e+00 7.7942497777e+01
1.4461319681e+00 1.3521615472e+00 7.8473901711e+01
1.6407849829e+00 1.4461319681e+00 7.7993666361e+01
1.3555176337e+00 1.3051763367e+00 7.8977173578e+01
1.6374288965e+00 1.4461319681e+00 7.7799904054e+01
1.3991467577e+00 1.3320250284e+00 7.8146603822e+01
1.4729806598e+00 1.3555176337e+00 7.9875689131e+01
1.1944254835e+00 1.2145620023e+00 8.0809547653e+01
1.6407849829e+00 1.4461319681e+00 7.7993666361e+01
1.5803754266e+00 1.4259954494e+00 7.7060211388e+01
1.4293515358e+00 1.3353811149e+00 7.9800678015e+01
1.2917519909e+00 1.2716154721e+00 7.9338128329e+01
1.2850398180e+00 1.2749715586e+00 7.8320017925e+01
1.4964732651e+00 1.3756541524e+00 7.8512531710e+01
1.2145620023e+00 1.2279863481e+00 8.0203579001e+01
1.3521615472e+00 1.3085324232e+00 7.8246669600e+01
1.2112059158e+00 1.2414106940e+00 7.7806335837e+01
1.4830489192e+00 1.3555176337e+00 8.0667326219e+01
1.3420932878e+00 1.3085324232e+00 7.7570676481e+01
1.5602389078e+00 1.4159271900e+00 7.7148735379e+01
1.5199658703e+00 1.3790102389e+00 7.9630110455e+01
1.4528441411e+00 1.3521615472e+00 7.8931997742e+01
1.4864050057e+00 1.3622298066e+00 7.9808460119e+01
1.5333902162e+00 1.3957906712e+00 7.8119529269e+01
1.2346985210e+00 1.2447667804e+00 7.9083768064e+01
1.5434584755e+00 1.3991467577e+00 7.8297044264e+01
1.4830489192e+00 1.3756541524e+00 7.7664210863e+01
1.6407849829e+00 1.4461319681e+00 7.7993666361e+01
1.6508532423e+00 1.4562002275e+00 7.7312233888e+01
1.3957906712e+00 1.3186006826e+00 7.9927223311e+01
1.4226393629e+00 1.3320250284e+00 7.9827513377e+01
1.4494880546e+00 1.3488054608e+00 7.9195278133e+01
1.5434584755e+00 1.3924345848e+00 7.9245509890e+01
1.5468145620e+00 1.3890784983e+00 8.0000541356e+01
1.4528441411e+00 1.3488054608e+00 7.9437967086e+01
1.3722980660e+00 1.3085324232e+00 7.9726319797e+01
1.4864050057e+00 1.3823663254e+00 7.7020412926e+01
1.4528441411e+00 1.3555176337e+00 7.8450163247e+01
1.3957906712e+00 1.3253128555e+00 7.8876644611e+01
1.5703071672e+00 1.4192832765e+00 7.7308711815e+01
1.1709328783e+00 1.2044937429e+00 8.0452284611e+01
1.6676336746e+00 1.4595563140e+00 7.7833450111e+01
1.2682593857e+00 1.2514789534e+00 8.0817765151e+01
1.3051763367e+00 1.2716154721e+00 8.0457948991e+01
1.5468145620e+00 1.3991467577e+00 7.8509211467e+01
1.4729806598e+00 1.3622298066e+00 7.8850858039e+01
1.5367463026e+00 1.4058589306e+00 7.7042630630e+01
1.3118885097e+00 1.2850398180e+00 7.8795372618e+01
1.6609215017e+00 1.4461319681e+00 7.9226452390e+01
1.6407849829e+00 1.4293515358e+00 8.0407584251e+01
1.5300341297e+00 1.3957906712e+00 7.7913227444e+01
1.3253128555e+00 1.2883959044e+00 7.9294318663e+01
1.3219567691e+00 1.2749715586e+00 8.1372997247e+01
1.3253128555e+00 1.2816837315e+00 8.0418022619e+01
1.1675767918e+00 1.2044937429e+00 8.0136531708e+01
1.4360637088e+00 1.3454493743e+00 7.8748842065e+01
1.5635949943e+00 1.4125711035e+00 7.7759721621e+01
1.1239476678e+00 1.1843572241e+00 7.9714913495e+01
1.4629124005e+00 1.3521615472e+00 7.9655874271e+01
1.6206484642e+00 1.4427758817e+00 7.7270022371e+01
1.5602389078e+00 1.4159271900e+00 7.7148735379e+01
1.6441410694e+00 1.4427758817e+00 7.8637362450e+01
1.5333902162e+00 1.3991467577e+00 7.7681693350e+01
1.3790102389e+00 1.3219567691e+00 7.8194037772e+01
1.3420932878e+00 1.3018202503e+00 7.8504271487e+01
1.6877701934e+00 1.4662684869e+00 7.8132500576e+01
1.4259954494e+00 1.3353811149e+00 7.9546053824e+01
1.2246302617e+00 1.2346985210e+00 7.9913706648e+01
1.2682593857e+00 1.2581911263e+00 7.9628893893e+01
1.4327076223e+00 1.3521615472e+00 7.7606745797e+01
1.3924345848e+00 1.3219567691e+00 7.9138877814e+01
1.2816837315e+00 1.2649032992e+00 7.9620086822e+01
1.5300341297e+00 1.3890784983e+00 7.8828982928e+01
1.3790102389e+00 1.3186006826e+00 7.8673630960e+01
1.2447667804e+00 1.2447667804e+00 7.9919048205e+01
1.3689419795e+00 1.3085324232e+00 7.9465716996e+01
1.1373720137e+00 1.1877133106e+00 8.0367260206e+01
1.2414106940e+00 1.2514789534e+00 7.8568031519e+01
1.6407849829e+00 1.4562002275e+00 7.6773397273e+01
1.4259954494e+00 1.3320250284e+00 8.0090171698e+01
1.6273606371e+00 1.4394197952e+00 7.8071851811e+01
1.6273606371e+00 1.4394197952e+00 7.8071851811e+01
1.4662684869e+00 1.3756541524e+00 7.6676794195e+01
1.4259954494e+00 1.3286689420e+00 8.0668501712e+01
1.4226393629e+00 1.3420932878e+00 7.8314885953e+01
1.6273606371e+00 1.4528441411e+00 7.6456843224e+01
1.2984641638e+00 1.2649032992e+00 8.1096715219e+01
1.3488054608e+00 1.3118885097e+00 7.7561844229e+01
1.5098976109e+00 1.3890784983e+00 7.7563806286e+01
1.4729806598e+00 1.3488054608e+00 8.1026947782e+01
1.7951649602e+00 1.5199658703e+00 7.7403532580e+01
1.3387372014e+00 1.2883959044e+00 8.0386252948e+01
1.5233219568e+00 1.3890784983e+00 7.8392472719e+01
1.3186006826e+00 1.2850398180e+00 7.9305001542e+01
1.6575654152e+00 1.4528441411e+00 7.8108365264e+01
1.3823663254e+00 1.3320250284e+00 7.7074972865e+01
1.2112059158e+00 1.2279863481e+00 7.9904082149e+01
1.2682593857e+00 1.2615472127e+00 7.9086508187e+01
1.3756541524e+00 1.3286689420e+00 7.7086290185e+01
1.4562002275e+00 1.3420932878e+00 8.0817270551e+01
1.6777019340e+00 1.4629124005e+00 7.7982948222e+01
1.5602389078e+00 1.4226393629e+00 7.6363066026e+01
1.5401023891e+00 1.3924345848e+00 7.9017957496e+01
1.7414675768e+00 1.4897610922e+00 7.8193765115e+01
1.6307167235e+00 1.4394197952e+00 7.8271335948e+01
1.6307167235e+00 1.4461319681e+00 7.7420993603e+01
1.4864050057e+00 1.3622298066e+00 7.9808460119e+01
1.3555176337e+00 1.2951080774e+00 8.0639573499e+01
1.3353811149e+00 1.3051763367e+00 7.7578724170e+01
1.4461319681e+00 1.3488054608e+00 7.8957765940e+01
1.3957906712e+00 1.3253128555e+00 7.8876644611e+01
1.5434584755e+00 1.4125711035e+00 7.6619335410e+01
1.4964732651e+00 1.3722980660e+00 7.8991684544e+01
1.2984641638e+00 1.2816837315e+00 7.8312423090e+01
1.3454493743e+00 1.3051763367e+00 7.8257846050e+01
1.6407849829e+00 1.4595563140e+00 7.6393888923e+01
1.4528441411e+00 1.3689419795e+00 7.6713307135e+01
1.5669510808e+00 1.4092150171e+00 7.8405481829e+01
1.5837315131e+00 1.4159271900e+00 7.8543151574e+01
1.6105802048e+00 1.4259954494e+00 7.8849591148e+01
1.4897610922e+00 1.3756541524e+00 7.8081096272e+01
1.3689419795e+00 1.3152445961e+00 7.8453441146e+01
1.4830489192e+00 1.3622298066e+00 7.9561060914e+01
1.3186006826e+00 1.2850398180e+00 7.9305001542e+01
1.6844141069e+00 1.4696245734e+00 7.7525163716e+01
1.4562002275e+00 1.3555176337e+00 7.8675657808e+01
1.3118885097e+00 1.2716154721e+00 8.1068996127e+01
1.4461319681e+00 1.3588737201e+00 7.7568052062e+01
1.4629124005e+00 1.3555176337e+00 7.9140215050e+01
1.3689419795e+00 1.3085324232e+00 7.9465716996e+01
1.4864050057e+00 1.3722980660e+00 7.8322239603e+01
1.5132536974e+00 1.3823663254e+00 7.8672526870e+01
1.4830489192e+00 1.3622298066e+00 7.9561060914e+01
1.2984641638e+00 1.2716154721e+00 7.9882938015e+01
1.5401023891e+00 1.3924345848e+00 7.9017957496e+01
1.5300341297e+00 1.3790102389e+00 8.0381599151e+01
1.5736632537e+00 1.4125711035e+00 7.8370017151e+01
1.2346985210e+00 1.2447667804e+00 7.9083768064e+01
1.7683162685e+00 1.5166097838e+00 7.6443619880e+01
1.7045506257e+00 1.4864050057e+00 7.6627371603e+01
1.3823663254e+00 1.3118885097e+00 7.9972263322e+01
1.4058589306e+00 1.3320250284e+00 7.8602327729e+01
1.4998293515e+00 1.3790102389e+00 7.8266994175e+01
1.3253128555e+00 1.2816837315e+00 8.0418022619e+01
1.4830489192e+00 1.3655858931e+00 7.9052891069e+01
1.4461319681e+00 1.3521615472e+00 7.8473901711e+01
1.5770193402e+00 1.4226393629e+00 7.7278108897e+01
1.5233219568e+00 1.3857224118e+00 7.8862578159e+01
1.4461319681e+00 1.3488054608e+00 7.8957765940e+01
1.3957906712e+00 1.3219567691e+00 7.9387792628e+01
1.6072241183e+00 1.4360637088e+00 7.7337803230e+01
1.6240045506e+00 1.4327076223e+00 7.8765710347e+01
1.4394197952e+00 1.3454493743e+00 7.8982871930e+01
1.3420932878e+00 1.2984641638e+00 7.9004086120e+01
1.3622298066e+00 1.3085324232e+00 7.8962443963e+01
1.2615472127e+00 1.2481228669e+00 8.0823482470e+01
1.6273606371e+00 1.4394197952e+00 7.8071851811e+01
1.5266780432e+00 1.3924345848e+00 7.8150044634e+01
1.5199658703e+00 1.3957906712e+00 7.7313693593e+01
1.5770193402e+00 1.4159271900e+00 7.8128655611e+01
1.5669510808e+00 1.4159271900e+00 7.7531820868e+01
1.4058589306e+00 1.3420932878e+00 7.7241351421e+01
1.3353811149e+00 1.2816837315e+00 8.1334797753e+01
1.4629124005e+00 1.3588737201e+00 7.8649978183e+01
1.5333902162e+00 1.3924345848e+00 7.8576031214e+01
1.2548350398e+00 1.2481228669e+00 8.0211056847e+01
1.6642775882e+00 1.4595563140e+00 7.7644719766e+01
1.4528441411e+00 1.3756541524e+00 7.5934572002e+01
1.5333902162e+00 1.3957906712e+00 7.8119529269e+01
1.5233219568e+00 1.3924345848e+00 7.7942497777e+01
1.4360637088e+00 1.3353811149e+00 8.0329471614e+01
1.3186006826e+00 1.2883959044e+00 7.8787105164e+01
1.3353811149e+00 1.2917519909e+00 7.9543946296e+01
1.4025028441e+00 1.3320250284e+00 7.8372310252e+01
1.5535267349e+00 1.4025028441e+00 7.8475090156e+01
1.6139362912e+00 1.4461319681e+00 7.6518394530e+01
1.3957906712e+00 1.3286689420e+00 7.8390029087e+01
1.4394197952e+00 1.3454493743e+00 7.8982871930e+01
1.3790102389e+00 1.3186006826e+00 7.8673630960e+01
1.4025028441e+00 1.3186006826e+00 8.0473394069e+01
1.6172923777e+00 1.4226393629e+00 7.9789100989e+01
1.4192832765e+00 1.3286689420e+00 8.0117947223e+01
1.6743458476e+00 1.4662684869e+00 7.7381684089e+01
1.3420932878e+00 1.3085324232e+00 7.7570676481e+01
1.4461319681e+00 1.3488054608e+00 7.8957765940e+01
1.5233219568e+00 1.3924345848e+00 7.7942497777e+01
1.5098976109e+00 1.3722980660e+00 7.9951150249e+01
1.3622298066e+00 1.3118885097e+00 7.8467361843e+01
1.4360637088e+00 1.3622298066e+00 7.6554571655e+01
1.4494880546e+00 1.3588737201e+00 7.7777051594e+01
1.3186006826e+00 1.2850398180e+00 7.9305001542e+01
1.5233219568e+00 1.3790102389e+00 7.9874566050e+01
1.5736632537e+00 1.4125711035e+00 7.8370017151e+01
1.3152445961e+00 1.2816837315e+00 7.9579890875e+01
1.4696245734e+00 1.3588737201e+00 7.9111723553e+01
1.3857224118e+00 1.3219567691e+00 7.8656939703e+01
1.7548919226e+00 1.4897610922e+00 7.8978157867e+01
1.6273606371e+00 1.4461319681e+00 7.7235589407e+01
1.3689419795e+00 1.3118885097e+00 7.8946884930e+01
1.5703071672e+00 1.4226393629e+00 7.6904759316e+01
1.2179180887e+00 1.2380546075e+00 7.8808143708e+01
1.4461319681e+00 1.3488054608e+00 7.8957765940e+01
1.5870875995e+00 1.4259954494e+00 7.7436629149e+01
1.4226393629e+00 1.3420932878e+00 7.8314885953e+01
1.3722980660e+00 1.3085324232e+00 7.9726319797e+01
1.6105802048e+00 1.4394197952e+00 7.7119027580e+01
1.3353811149e+00 1.3018202503e+00 7.8036632368e+01
1.3353811149e+00 1.2951080774e+00 7.9016239735e+01
1.3320250284e+00 1.2917519909e+00 7.9282706003e+01
1.4125711035e+00 1.3286689420e+00 7.9595799292e+01
1.3085324232e+00 1.2783276451e+00 7.9589943950e+01
1.3924345848e+00 1.3186006826e+00 7.9664690036e+01
1.3857224118e+00 1.3253128555e+00 7.8178963131e+01
1.4092150171e+00 1.3320250284e+00 7.8836923017e+01
1.4562002275e+00 1.3622298066e+00 7.7755668784e+01
1.3118885097e+00 1.2783276451e+00 7.9863172672e+01
1.5300341297e+00 1.3857224118e+00 7.9319334261e+01
1.6038680319e+00 1.4293515358e+00 7.7986313354e+01
1.4092150171e+00 1.3320250284e+00 7.8836923017e+01
1.3756541524e+00 1.3186006826e+00 7.8438734158e+01
1.4696245734e+00 1.3689419795e+00 7.7711102492e+01
1.4964732651e+00 1.3790102389e+00 7.8054447798e+01
1.3857224118e+00 1.3118885097e+00 8.0244957075e+01
1.5300341297e+00 1.3924345848e+00 7.8361156493e+01
1.3488054608e+00 1.3018202503e+00 7.8991059176e+01
1.3689419795e+00 1.3085324232e+00 7.9465716996e+01
1.5468145620e+00 1.3991467577e+00 7.8509211467e+01
1.6575654152e+00 1.4629124005e+00 7.6880920585e+01
1.2011376564e+00 1.2246302617e+00 7.9605324165e+01
1.3387372014e+00 1.3018202503e+00 7.8268203814e+01
1.4998293515e+00 1.3756541524e+00 7.8734226459e+01
1.4125711035e+00 1.3420932878e+00 7.7659982860e+01
1.6072241183e+00 1.4259954494e+00 7.8637364501e+01
1.5065415245e+00 1.3790102389e+00 7.8703648009e+01
1.2883959044e+00 1.2649032992e+00 8.0184679461e+01
1.4964732651e+00 1.3790102389e+00 7.8054447798e+01
1.4830489192e+00 1.3689419795e+00 7.8569268666e+01
1.2380546075e+00 1.2414106940e+00 7.9918459901e+01
1.4830489192e+00 1.3655858931e+00 7.9052891069e+01
1.4259954494e+00 1.3488054608e+00 7.7625143435e+01
1.4226393629e+00 1.3320250284e+00 7.9827513377e+01
1.2414106940e+00 1.2514789534e+00 7.8568031519e+01
1.4159271900e+00 1.3320250284e+00 7.9321060792e+01
1.4562002275e+00 1.3521615472e+00 7.9168071325e+01
1.3588737201e+00 1.3085324232e+00 7.8718973097e+01
1.5434584755e+00 1.3957906712e+00 7.8760298176e+01
1.4864050057e+00 1.3823663254e+00 7.7020412926e+01
1.3454493743e+00 1.2951080774e+00 7.9796429207e+01
1.4461319681e+00 1.3488054608e+00 7.8957765940e+01
1.4259954494e+00 1.3454493743e+00 7.8073399870e+01
1.5535267349e+00 1.3991467577e+00 7.8945335258e+01
1.3387372014e+00 1.2850398180e+00 8.1000211429e+01
1.2581911263e+00 1.2481228669e+00 8.0512440397e+01
1.5300341297e+00 1.3857224118e+00 7.9319334261e+01
1.2984641638e+00 1.2783276451e+00 7.8809133488e+01
1.4897610922e+00 1.3622298066e+00 8.0061848799e+01
1.3857224118e+00 1.3118885097e+00 8.0244957075e+01
1.3286689420e+00 1.2917519909e+00 7.9027505322e+01
1.5065415245e+00 1.3722980660e+00 7.9703136585e+01
1.6072241183e+00 1.4327076223e+00 7.7753960556e+01
1.4528441411e+00 1.3521615472e+00 7.8931997742e+01
1.4494880546e+00 1.3454493743e+00 7.9715856859e+01
1.4864050057e+00 1.3722980660e+00 7.8322239603e+01
1.1273037543e+00 1.1843572241e+00 8.0025526076e+01
1.4662684869e+00 1.3622298066e+00 7.8400802276e+01
1.4662684869e+00 1.3689419795e+00 7.7505434784e+01
1.5333902162e+00 1.3991467577e+00 7.7681693350e+01
1.4461319681e+00 1.3655858931e+00 7.6730703666e+01
1.2984641638e+00 1.2783276451e+00 7.8809133488e+01
1.3991467577e+00 1.3253128555e+00 7.9118807063e+01
1.2078498294e+00 1.2279863481e+00 7.9612998956e+01
1.3353811149e+00 1.2951080774e+00 7.9016239735e+01
1.4897610922e+00 1.3655858931e+00 7.9528226846e+01
1.4025028441e+00 1.3219567691e+00 7.9903474071e+01
1.4159271900e+00 1.3353811149e+00 7.8815961559e+01
1.3454493743e+00 1.2951080774e+00 7.9796429207e+01
1.6944823663e+00 1.4763367463e+00 7.7263979249e+01
1.4360637088e+00 1.3555176337e+00 7.7380966020e+01
1.4159271900e+00 1.3353811149e+00 7.8815961559e+01
1.4025028441e+00 1.3387372014e+00 7.7464356839e+01
1.6005119454e+00 1.4327076223e+00 7.7371133569e+01
1.6206484642e+00 1.4259954494e+00 7.9511171619e+01
1.3085324232e+00 1.2783276451e+00 7.9589943950e+01
1.4629124005e+00 1.3588737201e+00 7.8649978183e+01
1.4125711035e+00 1.3420932878e+00 7.7659982860e+01
1.3622298066e+00 1.3051763367e+00 7.9483120309e+01
1.2749715586e+00 1.2581911263e+00 8.0198636115e+01
1.3420932878e+00 1.2883959044e+00 8.0678676165e+01
1.4058589306e+00 1.3320250284e+00 7.8602327729e+01
1.5501706485e+00 1.4025028441e+00 7.8264271045e+01
1.8186575654e+00 1.5401023891e+00 7.6312870523e+01
1.5669510808e+00 1.4025028441e+00 7.9358612156e+01
1.3454493743e+00 1.3219567691e+00 7.6101026090e+01
1.4998293515e+00 1.3689419795e+00 7.9738821391e+01
1.5568828214e+00 1.4226393629e+00 7.6187004495e+01
1.4125711035e+00 1.3420932878e+00 7.7659982860e+01
1.4461319681e+00 1.3521615472e+00 7.8473901711e+01
1.5031854380e+00 1.3823663254e+00 7.8027252334e+01
1.4998293515e+00 1.3823663254e+00 7.7819490496e+01
1.2279863481e+00 1.2414106940e+00 7.9079960711e+01
1.6105802048e+00 1.4394197952e+00 7.7119027580e+01
1.3588737201e+00 1.3051763367e+00 7.9227264469e+01
1.4562002275e+00 1.3622298066e+00 7.7755668784e+01
1.6374288965e+00 1.4394197952e+00 7.8680468423e+01
1.3756541524e+00 1.3186006826e+00 7.8438734158e+01
1.3857224118e+00 1.3118885097e+00 8.0244957075e+01
1.4058589306e+00 1.3219567691e+00 8.0171177918e+01
1.4159271900e+00 1.3286689420e+00 7.9853602273e+01
1.4864050057e+00 1.3722980660e+00 7.8322239603e+01
1.2749715586e+00 1.2649032992e+00 7.9083895958e+01
1.5468145620e+00 1.4192832765e+00 7.6036698399e+01
1.3420932878e+00 1.2917519909e+00 8.0086467855e+01
1.3991467577e+00 1.3186006826e+00 8.0196597774e+01
1.5199658703e+00 1.3790102389e+00 7.9630110455e+01
1.4293515358e+00 1.3488054608e+00 7.7837460162e+01
1.3420932878e+00 1.3118885097e+00 7.7132078171e+01
1.6911262799e+00 1.4830489192e+00 7.6328446701e+01
1.4964732651e+00 1.3756541524e+00 7.8512531710e+01
1.4796928328e+00 1.3622298066e+00 7.9319234713e+01
1.4259954494e+00 1.3488054608e+00 7.7625143435e+01
1.2816837315e+00 1.2615472127e+00 8.0192213913e+01
1.4897610922e+00 1.3756541524e+00 7.8081096272e+01
1.3957906712e+00 1.3219567691e+00 7.9387792628e+01
1.4427758817e+00 1.3353811149e+00 8.0888131133e+01
1.5468145620e+00 1.4058589306e+00 7.7623120904e+01
1.2951080774e+00 1.2749715586e+00 7.9069997734e+01
1.4293515358e+00 1.3387372014e+00 7.9272856953e+01
1.3790102389e+00 1.3320250284e+00 7.6870724751e+01
1.3488054608e+00 1.2984641638e+00 7.9515322697e+01
1.5602389078e+00 1.4092150171e+00 7.7992691113e+01
1.3521615472e+00 1.2984641638e+00 7.9780244346e+01
1.3253128555e+00 1.2850398180e+00 7.9839378819e+01
1.5132536974e+00 1.3890784983e+00 7.7765904866e+01
1.2044937429e+00 1.2279863481e+00 7.9329640421e+01
1.3555176337e+00 1.3051763367e+00 7.8977173578e+01
1.3454493743e+00 1.2951080774e+00 7.9796429207e+01
1.7179749716e+00 1.4864050057e+00 7.7320512990e+01
1.2850398180e+00 1.2581911263e+00 8.1119760569e+01
1.6240045506e+00 1.4327076223e+00 7.8765710347e+01
1.5468145620e+00 1.3957906712e+00 7.8981882744e+01
1.4796928328e+00 1.3622298066e+00 7.9319234713e+01
1.3924345848e+00 1.3219567691e+00 7.9138877814e+01
1.4259954494e+00 1.3387372014e+00 7.9031041049e+01
1.5031854380e+00 1.3890784983e+00 7.7168782040e+01
1.4025028441e+00 1.3420932878e+00 7.7036899379e+01
1.4226393629e+00 1.3387372014e+00 7.8794285012e+01
1.6978384528e+00 1.4830489192e+00 7.6664440326e+01
1.5300341297e+00 1.3957906712e+00 7.7913227444e+01
1.5434584755e+00 1.3857224118e+00 8.0295178586e+01
1.3118885097e+00 1.2816837315e+00 7.9314739283e+01
1.6340728100e+00 1.4528441411e+00 7.6806713755e+01
1.2447667804e+00 1.2346985210e+00 8.1854711835e+01
1.3085324232e+00 1.2816837315e+00 7.9055826735e+01
1.3555176337e+00 1.3085324232e+00 7.8480482802e+01
1.4259954494e+00 1.3420932878e+00 7.8541194536e+01
1.3051763367e+00 1.2783276451e+00 7.9323516539e+01
1.6944823663e+00 1.4696245734e+00 7.8088546279e+01
1.3924345848e+00 1.3353811149e+00 7.7269372453e+01
1.3823663254e+00 1.3219567691e+00 7.8423254273e+01
1.3655858931e+00 1.3051763367e+00 7.9745172921e+01
1.3823663254e+00 1.3253128555e+00 7.7955076719e+01
1.3924345848e+00 1.3353811149e+00 7.7269372453e+01
1.1138794084e+00 1.1742889647e+00 8.0605552804e+01
1.3655858931e+00 1.3186006826e+00 7.7760154258e+01
1.4897610922e+00 1.3689419795e+00 7.9022577752e+01
1.5937997725e+00 1.4293515358e+00 7.7404078583e+01
1.3890784983e+00 1.3253128555e+00 7.8407014827e+01
1.5703071672e+00 1.4125711035e+00 7.8163216220e+01
1.2816837315e+00 1.2581911263e+00 8.0802691733e+01
1.5333902162e+00 1.3924345848e+00 7.8576031214e+01
1.5501706485e+00 1.4159271900e+00 7.6593771615e+01
1.3152445961e+00 1.2749715586e+00 8.0744685429e+01
1.4528441411e+00 1.3622298066e+00 7.7547778655e+01
1.5367463026e+00 1.4058589306e+00 7.7042630630e+01
1.4729806598e+00 1.3588737201e+00 7.9349863626e+01
1.4427758817e+00 1.3387372014e+00 8.0298408293e+01
1.4864050057e+00 1.3857224118e+00 7.6617872251e+01
1.4629124005e+00 1.3555176337e+00 7.9140215050e+01
1.5937997725e+00 1.4327076223e+00 7.6999126730e+01
1.5132536974e+00 1.3924345848e+00 7.7339506860e+01
1.1843572241e+00 1.2279863481e+00 7.7762626655e+01
1.6105802048e+00 1.4327076223e+00 7.7949753196e+01
1.5770193402e+00 1.4226393629e+00 7.7278108897e+01
1.2649032992e+00 1.2514789534e+00 8.0508135983e+01
1.6139362912e+00 1.4293515358e+00 7.8597089341e+01
1.5367463026e+00 1.3924345848e+00 7.8794885499e+01
1.3286689420e+00 1.2883959044e+00 7.9556875989e+01
1.4125711035e+00 1.3320250284e+00 7.9076391335e+01
1.4293515358e+00 1.3622298066e+00 7.6176393924e+01
1.5837315131e+00 1.4125711035e+00 7.9012929034e+01
1.4159271900e+00 1.3353811149e+00 7.8815961559e+01
1.4461319681e+00 1.3488054608e+00 7.8957765940e+01
1.4528441411e+00 1.3521615472e+00 7.8931997742e+01
1.3085324232e+00 1.2850398180e+00 7.8548799109e+01
1.2313424346e+00 1.2346985210e+00 8.0517401542e+01
1.4427758817e+00 1.3555176337e+00 7.7797818856e+01
1.4259954494e+00 1.3420932878e+00 7.8541194536e+01
1.4629124005e+00 1.3588737201e+00 7.8649978183e+01
1.6441410694e+00 1.4528441411e+00 7.7348818041e+01
1.3320250284e+00 1.3018202503e+00 7.7809300633e+01
1.4159271900e+00 1.3353811149e+00 7.8815961559e+01
1.4159271900e+00 1.3387372014e+00 7.8334725691e+01
1.4025028441e+00 1.3320250284e+00 7.8372310252e+01
1.5300341297e+00 1.3890784983e+00 7.8828982928e+01
1.4058589306e+00 1.3320250284e+00 7.8602327729e+01
1.4897610922e+00 1.3890784983e+00 7.6411729327e+01
1.5166097838e+00 1.3790102389e+00 7.9391134947e+01
1.3051763367e+00 1.2749715586e+00 7.9873567309e+01
1.3387372014e+00 1.2951080774e+00 7.9270178919e+01
1.4595563140e+00 1.3521615472e+00 7.9409244513e+01
1.5501706485e+00 1.3857224118e+00 8.0820895503e+01
1.3823663254e+00 1.3253128555e+00 7.7955076719e+01
1.5233219568e+00 1.3991467577e+00 7.7094564507e+01
1.3991467577e+00 1.3219567691e+00 7.9642511518e+01
1.4528441411e+00 1.3555176337e+00 7.8450163247e+01
1.6038680319e+00 1.4394197952e+00 7.6756319872e+01
1.3991467577e+00 1.3320250284e+00 7.8146603822e+01
1.1407281001e+00 1.1843572241e+00 8.1376247917e+01
1.3219567691e+00 1.2850398180e+00 7.9568862870e+01
1.4226393629e+00 1.3286689420e+00 8.0389374268e+01
1.3488054608e+00 1.3018202503e+00 7.8991059176e+01
1.5501706485e+00 1.3924345848e+00 7.9715252196e+01
1.3521615472e+00 1.2984641638e+00 7.9780244346e+01
1.2682593857e+00 1.2514789534e+00 8.0817765151e+01
1.4125711035e+00 1.3387372014e+00 7.8111382536e+01
1.4427758817e+00 1.3454493743e+00 7.9221821069e+01
1.5669510808e+00 1.4125711035e+00 7.7959841368e+01
1.2749715586e+00 1.2548350398e+00 8.0810828527e+01
1.4528441411e+00 1.3488054608e+00 7.9437967086e+01
1.1877133106e+00 1.2246302617e+00 7.8509015045e+01
1.4125711035e+00 1.3286689420e+00 7.9595799292e+01
1.5166097838e+00 1.3756541524e+00 7.9913126467e+01
1.4494880546e+00 1.3488054608e+00 7.9195278133e+01
1.2514789534e+00 1.2548350398e+00 7.8826691470e+01
1.6072241183e+00 1.4293515358e+00 7.8186519489e+01
1.3353811149e+00 1.2883959044e+00 8.0102267635e+01
1.6508532423e+00 1.4394197952e+00 7.9545032252e+01
1.6709897611e+00 1.4729806598e+00 7.6431977019e+01
1.5568828214e+00 1.4125711035e+00 7.7368630335e+01
1.5434584755e+00 1.4092150171e+00 7.7015956060e+01
1.3722980660e+00 1.3186006826e+00 7.8208358654e+01
1.3420932878e+00 1.3018202503e+00 7.8504271487e+01
1.4192832765e+00 1.3488054608e+00 7.7210671127e+01
1.5233219568e+00 1.3924345848e+00 7.7942497777e+01
1.6206484642e+00 1.4293515358e+00 7.9022475500e+01
1.3387372014e+00 1.2883959044e+00 8.0386252948e+01
1.7985210466e+00 1.5065415245e+00 7.9305879342e+01
1.3286689420e+00 1.2883959044e+00 7.9556875989e+01
1.2917519909e+00 1.2682593857e+00 7.9891268041e+01
1.5468145620e+00 1.4025028441e+00 7.8057043713e+01
1.6877701934e+00 1.4662684869e+00 7.8132500576e+01
1.4327076223e+00 1.3454493743e+00 7.8519430377e+01
1.3051763367e+00 1.2783276451e+00 7.9323516539e+01
1.5434584755e+00 1.4058589306e+00 7.7426768615e+01
1.3051763367e+00 1.2816837315e+00 7.8802720104e+01
1.2145620023e+00 1.2246302617e+00 8.0827801179e+01
1.5031854380e+00 1.3756541524e+00 7.8960224848e+01
1.4427758817e+00 1.3555176337e+00 7.7797818856e+01
1.4192832765e+00 1.3387372014e+00 7.8562274361e+01
1.2279863481e+00 1.2414106940e+00 7.9079960711e+01
1.7011945392e+00 1.4796928328e+00 7.7224201470e+01
1.4763367463e+00 1.3756541524e+00 7.7260445308e+01
1.3186006826e+00 1.2883959044e+00 7.8787105164e+01
1.1776450512e+00 1.2112059158e+00 7.9857932637e+01
1.4562002275e+00 1.3689419795e+00 7.6907037312e+01
1.4125711035e+00 1.3320250284e+00 7.9076391335e+01
1.2581911263e+00 1.2581911263e+00 7.8827209751e+01
1.5904436860e+00 1.4192832765e+00 7.8505463572e+01
1.4662684869e+00 1.3588737201e+00 7.8878530121e+01
1.4259954494e+00 1.3320250284e+00 8.0090171698e+01
1.3488054608e+00 1.3018202503e+00 7.8991059176e+01
1.4327076223e+00 1.3655858931e+00 7.5977717271e+01
1.4864050057e+00 1.3790102389e+00 7.7437591440e+01
1.4696245734e+00 1.3622298066e+00 7.8623678138e+01
1.2649032992e+00 1.2548350398e+00 7.9913848708e+01
1.4394197952e+00 1.3387372014e+00 8.0032387315e+01
1.5065415245e+00 1.3790102389e+00 7.8703648009e+01
1.4830489192e+00 1.3790102389e+00 7.7238341437e+01
1.3924345848e+00 1.3219567691e+00 7.9138877814e+01
1.4528441411e+00 1.3622298066e+00 7.7547778655e+01
1.3924345848e+00 1.3186006826e+00 7.9664690036e+01
1.2414106940e+00 1.2481228669e+00 7.9086470286e+01
1.3689419795e+00 1.3085324232e+00 7.9465716996e+01
1.3588737201e+00 1.3085324232e+00 7.8718973097e+01
1.5501706485e+00 1.3924345848e+00 7.9715252196e+01
1.2246302617e+00 1.2447667804e+00 7.8306321954e+01
1.5166097838e+00 1.3857224118e+00 7.8423280228e+01
1.2984641638e+00 1.2749715586e+00 7.9331317986e+01
1.1877133106e+00 1.2145620023e+00 8.0173258598e+01
1.3219567691e+00 1.2951080774e+00 7.8052710813e+01
1.5166097838e+00 1.3890784983e+00 7.7971266082e+01
1.6273606371e+00 1.4427758817e+00 7.7645814775e+01
1.4058589306e+00 1.3320250284e+00 7.8602327729e+01
1.6307167235e+00 1.4293515358e+00 7.9692368494e+01
1.4427758817e+00 1.3420932878e+00 7.9744833550e+01
1.5333902162e+00 1.3924345848e+00 7.8576031214e+01
1.6038680319e+00 1.4259954494e+00 7.8428903302e+01
1.5401023891e+00 1.3991467577e+00 7.8088525287e+01
1.4696245734e+00 1.3722980660e+00 7.7281990582e+01
1.1004550626e+00 1.1675767918e+00 8.0550146159e+01
1.4629124005e+00 1.3622298066e+00 7.8181986703e+01
1.4796928328e+00 1.3622298066e+00 7.9319234713e+01
1.4092150171e+00 1.3387372014e+00 7.7892011916e+01
1.4092150171e+00 1.3186006826e+00 8.1052026652e+01
1.3823663254e+00 1.3253128555e+00 7.7955076719e+01
1.5904436860e+00 1.4226393629e+00 7.8058284054e+01
1.3957906712e+00 1.3186006826e+00 7.9927223311e+01
1.4092150171e+00 1.3253128555e+00 7.9878928091e+01
1.4595563140e+00 1.3555176337e+00 7.8905581221e+01
1.2850398180e+00 1.2615472127e+00 8.0488153261e+01
1.6407849829e+00 1.4360637088e+00 7.9370140313e+01
1.3353811149e+00 1.2917519909e+00 7.9543946296e+01
1.4394197952e+00 1.3588737201e+00 7.7159856479e+01
1.3488054608e+00 1.2917519909e+00 8.0659616452e+01
1.2816837315e+00 1.2716154721e+00 7.8568151562e+01
1.3555176337e+00 1.3051763367e+00 7.8977173578e+01
1.5468145620e+00 1.3924345848e+00 7.9477833596e+01
1.2917519909e+00 1.2749715586e+00 7.8814598654e+01
1.4595563140e+00 1.3588737201e+00 7.8425792529e+01
1.6944823663e+00 1.4629124005e+00 7.8981809126e+01
1.2951080774e+00 1.2749715586e+00 7.9069997734e+01
1.4327076223e+00 1.3387372014e+00 7.9520083264e+01
1.4964732651e+00 1.3689419795e+00 7.9494802758e+01
1.7011945392e+00 1.4830489192e+00 7.6835501965e+01
1.2883959044e+00 1.2749715586e+00 7.8564723673e+01
1.3957906712e+00 1.3286689420e+00 7.8390029087e+01
1.4293515358e+00 1.3420932878e+00 7.8771907257e+01
1.4931171786e+00 1.3722980660e+00 7.8764249577e+01
1.4192832765e+00 1.3320250284e+00 7.9571297751e+01
1.3286689420e+00 1.2951080774e+00 7.8524698801e+01
1.6642775882e+00 1.4662684869e+00 7.6845583178e+01
1.6172923777e+00 1.4461319681e+00 7.6694229090e+01
1.2749715586e+00 1.2581911263e+00 8.0198636115e+01
1.4830489192e+00 1.3823663254e+00 7.6827907662e+01
1.6273606371e+00 1.4461319681e+00 7.7235589407e+01
1.3353811149e+00 1.2917519909e+00 7.9543946296e+01
1.2649032992e+00 1.2481228669e+00 8.1145201289e+01
1.5300341297e+00 1.3857224118e+00 7.9319334261e+01
1.3890784983e+00 1.3253128555e+00 7.8407014827e+01
1.5635949943e+00 1.4159271900e+00 7.7338888787e+01
1.3622298066e+00 1.3186006826e+00 7.7541873444e+01
1.4763367463e+00 1.3689419795e+00 7.8132705796e+01
1.4662684869e+00 1.3555176337e+00 7.9379871763e+01
1.3118885097e+00 1.2749715586e+00 8.0445695581e+01
1.4259954494e+00 1.3521615472e+00 7.7194361263e+01
1.4327076223e+00 1.3622298066e+00 7.6364234353e+01
1.3689419795e+00 1.3186006826e+00 7.7982244160e+01
1.4931171786e+00 1.3622298066e+00 8.0321697662e+01
1.5870875995e+00 1.4192832765e+00 7.8297821289e+01
1.2783276451e+00 1.2615472127e+00 7.9904739360e+01
1.4729806598e+00 1.3722980660e+00 7.7483386436e+01
1.5401023891e+00 1.4025028441e+00 7.7652643321e+01
1.4796928328e+00 1.3790102389e+00 7.7042028693e+01
1.4763367463e+00 1.3689419795e+00 7.8132705796e+01
1.6978384528e+00 1.4763367463e+00 7.7444073504e+01
1.9864618885e+00 1.6105802048e+00 7.6537765016e+01
1.6676336746e+00 1.4662684869e+00 7.7021927633e+01
1.4159271900e+00 1.3353811149e+00 7.8815961559e+01
1.6676336746e+00 1.4796928328e+00 7.5551203158e+01
1.3118885097e+00 1.2850398180e+00 7.8795372618e+01
1.6273606371e+00 1.4494880546e+00 7.6839687378e+01
1.3957906712e+00 1.3253128555e+00 7.8876644611e+01
1.6810580205e+00 1.4562002275e+00 7.9080383609e+01
1.5233219568e+00 1.3857224118e+00 7.8862578159e+01
1.4192832765e+00 1.3253128555e+00 8.0699228738e+01
1.4125711035e+00 1.3387372014e+00 7.8111382536e+01
1.5031854380e+00 1.3756541524e+00 7.8960224848e+01
1.3253128555e+00 1.2816837315e+00 8.0418022619e+01
1.3521615472e+00 1.3219567691e+00 7.6494758703e+01
1.3454493743e+00 1.2951080774e+00 7.9796429207e+01
1.4360637088e+00 1.3387372014e+00 7.9773112642e+01
1.6172923777e+00 1.4327076223e+00 7.8350833738e+01
1.3957906712e+00 1.3118885097e+00 8.1111850049e+01
1.3588737201e+00 1.3152445961e+00 7.7771541708e+01
1.6240045506e+00 1.4427758817e+00 7.7456568008e+01
1.4562002275e+00 1.3555176337e+00 7.8675657808e+01
1.3488054608e+00 1.2951080774e+00 8.0069714574e+01
1.5300341297e+00 1.3991467577e+00 7.7483048264e+01
1.3890784983e+00 1.3219567691e+00 7.8895376479e+01
1.3018202503e+00 1.2716154721e+00 8.0166343545e+01
1.4427758817e+00 1.3454493743e+00 7.9221821069e+01
1.3823663254e+00 1.3085324232e+00 8.0549964000e+01
1.4729806598e+00 1.3555176337e+00 7.9875689131e+01
1.3488054608e+00 1.2917519909e+00 8.0659616452e+01
1.4461319681e+00 1.3689419795e+00 7.6333714523e+01
1.4528441411e+00 1.3555176337e+00 7.8450163247e+01
1.4931171786e+00 1.3722980660e+00 7.8764249577e+01
1.6676336746e+00 1.4461319681e+00 7.9668939492e+01
1.1105233220e+00 1.1742889647e+00 8.0272692917e+01
1.5904436860e+00 1.4226393629e+00 7.8058284054e+01
1.4025028441e+00 1.3320250284e+00 7.8372310252e+01
1.3857224118e+00 1.3118885097e+00 8.0244957075e+01
1.3186006826e+00 1.2883959044e+00 7.8787105164e+01
1.3857224118e+00 1.3253128555e+00 7.8178963131e+01
1.4494880546e+00 1.3555176337e+00 7.8228842768e+01
1.3823663254e+00 1.3253128555e+00 7.7955076719e+01
1.4964732651e+00 1.3790102389e+00 7.8054447798e+01
1.6072241183e+00 1.4159271900e+00 8.0125270650e+01
1.5300341297e+00 1.3790102389e+00 8.0381599151e+01
1.4125711035e+00 1.3454493743e+00 7.7226338163e+01
1.3186006826e+00 1.2883959044e+00 7.8787105164e+01
1.6542093288e+00 1.4562002275e+00 7.7496783236e+01
1.3320250284e+00 1.3051763367e+00 7.7360152329e+01
1.5166097838e+00 1.3890784983e+00 7.7971266082e+01
1.1944254835e+00 1.2145620023e+00 8.0809547653e+01
1.4662684869e+00 1.3722980660e+00 7.7083606166e+01
1.4562002275e+00 1.3622298066e+00 7.7755668784e+01
1.4595563140e+00 1.3488054608e+00 7.9940382990e+01
1.6240045506e+00 1.4327076223e+00 7.8765710347e+01
1.4293515358e+00 1.3420932878e+00 7.8771907257e+01
1.4192832765e+00 1.3253128555e+00 8.0699228738e+01
1.4931171786e+00 1.3756541524e+00 7.8294895838e+01
1.5501706485e+00 1.3991467577e+00 7.8725233071e+01
1.2548350398e+00 1.2615472127e+00 7.8080129194e+01
1.3722980660e+00 1.3286689420e+00 7.6881104284e+01
1.5132536974e+00 1.3857224118e+00 7.8209564664e+01
1.4092150171e+00 1.3387372014e+00 7.7892011916e+01
1.3890784983e+00 1.3118885097e+00 8.0525300122e+01
1.5098976109e+00 1.3722980660e+00 7.9951150249e+01
1.6005119454e+00 1.4259954494e+00 7.8224007383e+01
1.3521615472e+00 1.3085324232e+00 7.8246669600e+01
1.3320250284e+00 1.3018202503e+00 7.7809300633e+01
1.7985210466e+00 1.5065415245e+00 7.9305879342e+01
1.3924345848e+00 1.3186006826e+00 7.9664690036e+01
1.6038680319e+00 1.4259954494e+00 7.8428903302e+01
1.4327076223e+00 1.3353811149e+00 8.0061645986e+01
1.5300341297e+00 1.3857224118e+00 7.9319334261e+01
1.6877701934e+00 1.4729806598e+00 7.7303490666e+01
1.5669510808e+00 1.4092150171e+00 7.8405481829e+01
1.6038680319e+00 1.4259954494e+00 7.8428903302e+01
1.3521615472e+00 1.2984641638e+00 7.9780244346e+01
1.3555176337e+00 1.3018202503e+00 7.9499660855e+01
1.3420932878e+00 1.2951080774e+00 7.9530089850e+01
1.6273606371e+00 1.4528441411e+00 7.6456843224e+01
1.5199658703e+00 1.3991467577e+00 7.6904464201e+01
1.3689419795e+00 1.3051763367e+00 8.0013910471e+01
1.2883959044e+00 1.2716154721e+00 7.9075626195e+01
1.4796928328e+00 1.3622298066e+00 7.9319234713e+01
1.4562002275e+00 1.3521615472e+00 7.9168071325e+01
1.5266780432e+00 1.3890784983e+00 7.8608706254e+01
1.4729806598e+00 1.3655858931e+00 7.8375205084e+01
1.2246302617e+00 1.2380546075e+00 7.9348401338e+01
1.5837315131e+00 1.4159271900e+00 7.8543151574e+01
1.2649032992e+00 1.2548350398e+00 7.9913848708e+01
1.3756541524e+00 1.3118885097e+00 7.9447466795e+01
1.3823663254e+00 1.3118885097e+00 7.9972263322e+01
1.2447667804e+00 1.2380546075e+00 8.1159200295e+01
1.4125711035e+00 1.3320250284e+00 7.9076391335e+01
1.6642775882e+00 1.4729806598e+00 7.6097982297e+01
1.7548919226e+00 1.5065415245e+00 7.6897250430e+01
1.4494880546e+00 1.3521615472e+00 7.8700703870e+01
1.6709897611e+00 1.4629124005e+00 7.7605155603e+01
1.7750284414e+00 1.5065415245e+00 7.7951128020e+01
1.5199658703e+00 1.3924345848e+00 7.7738334681e+01
1.4226393629e+00 1.3320250284e+00 7.9827513377e+01
1.1608646189e+00 1.1944254835e+00 8.1429181520e+01
1.5635949943e+00 1.4226393629e+00 7.6541319042e+01
1.4327076223e+00 1.3286689420e+00 8.1252827726e+01
1.5401023891e+00 1.4226393629e+00 7.5336834654e+01
1.3186006826e+00 1.2816837315e+00 7.9851770899e+01
1.5367463026e+00 1.3957906712e+00 7.8329343184e+01
1.4494880546e+00 1.3454493743e+00 7.9715856859e+01
1.3722980660e+00 1.3186006826e+00 7.8208358654e+01
1.4192832765e+00 1.3454493743e+00 7.7642892977e+01
1.2145620023e+00 1.2246302617e+00 8.0827801179e+01
1.3253128555e+00 1.2850398180e+00 7.9839378819e+01
1.3756541524e+00 1.3219567691e+00 7.7969034499e+01
1.5937997725e+00 1.4159271900e+00 7.9193630155e+01
1.5333902162e+00 1.4025028441e+00 7.7260587813e+01
1.6005119454e+00 1.4360637088e+00 7.6967990538e+01
1.3924345848e+00 1.3320250284e+00 7.7707177732e+01
1.5031854380e+00 1.3823663254e+00 7.8027252334e+01
1.5803754266e+00 1.4125711035e+00 7.8794659982e+01
1.3991467577e+00 1.3253128555e+00 7.9118807063e+01
1.5233219568e+00 1.3857224118e+00 7.8862578159e+01
1.2649032992e+00 1.2548350398e+00 7.9913848708e+01
1.2816837315e+00 1.2749715586e+00 7.8080162725e+01
1.5602389078e+00 1.3991467577e+00 7.9398803631e+01
1.3588737201e+00 1.3085324232e+00 7.8718973097e+01
1.2044937429e+00 1.2279863481e+00 7.9329640421e+01
1.6911262799e+00 1.4729806598e+00 7.7484751994e+01
1.4998293515e+00 1.3790102389e+00 7.8266994175e+01
1.3689419795e+00 1.3085324232e+00 7.9465716996e+01
1.5132536974e+00 1.3790102389e+00 7.9157276930e+01
1.4897610922e+00 1.3790102389e+00 7.7639920971e+01
1.4763367463e+00 1.3555176337e+00 8.0132679622e+01
1.7246871445e+00 1.4964732651e+00 7.6514610812e+01
1.4796928328e+00 1.3555176337e+00 8.0396369276e+01
1.4528441411e+00 1.3555176337e+00 7.8450163247e+01
1.2984641638e+00 1.2716154721e+00 7.9882938015e+01
1.1810011377e+00 1.2044937429e+00 8.1467697499e+01
1.4528441411e+00 1.3521615472e+00 7.8931997742e+01
1.3689419795e+00 1.3152445961e+00 7.8453441146e+01
1.3991467577e+00 1.3186006826e+00 8.0196597774e+01
1.4830489192e+00 1.3588737201e+00 8.0097571749e+01
1.5166097838e+00 1.3857224118e+00 7.8423280228e+01
1.5401023891e+00 1.4025028441e+00 7.7652643321e+01
1.4494880546e+00 1.3689419795e+00 7.6522236795e+01
1.3253128555e+00 1.2749715586e+00 8.1704617211e+01
1.4998293515e+00 1.3655858931e+00 8.0283462399e+01
1.5166097838e+00 1.3890784983e+00 7.7971266082e+01
1.5166097838e+00 1.3857224118e+00 7.8423280228e+01
1.6474971559e+00 1.4562002275e+00 7.7130222835e+01
1.4796928328e+00 1.3588737201e+00 7.9842383595e+01
1.4629124005e+00 1.3588737201e+00 7.8649978183e+01
1.3857224118e+00 1.3152445961e+00 7.9686061849e+01
1.3991467577e+00 1.3353811149e+00 7.7692136995e+01
1.5635949943e+00 1.4058589306e+00 7.8653717030e+01
1.5568828214e+00 1.4092150171e+00 7.7791341555e+01
1.6038680319e+00 1.4427758817e+00 7.6373978305e+01
1.4830489192e+00 1.3689419795e+00 7.8569268666e+01
1.5468145620e+00 1.4025028441e+00 7.8057043713e+01
1.5703071672e+00 1.4125711035e+00 7.8163216220e+01
1.2850398180e+00 1.2615472127e+00 8.0488153261e+01
1.4964732651e+00 1.3857224118e+00 7.7192499528e+01
1.3555176337e+00 1.3051763367e+00 7.8977173578e+01
1.5031854380e+00 1.3991467577e+00 7.5990923375e+01
1.5233219568e+00 1.3722980660e+00 8.1009572139e+01
1.2414106940e+00 1.2380546075e+00 8.0833130235e+01
1.4159271900e+00 1.3353811149e+00 7.8815961559e+01
1.3790102389e+00 1.3186006826e+00 7.8673630960e+01
1.4293515358e+00 1.3353811149e+00 7.9800678015e+01
1.5367463026e+00 1.3991467577e+00 7.7883465976e+01
1.4662684869e+00 1.3555176337e+00 7.9379871763e+01
1.6038680319e+00 1.4394197952e+00 7.6756319872e+01
1.6877701934e+00 1.4763367463e+00 7.6910917060e+01
1.5367463026e+00 1.3890784983e+00 7.9282668377e+01
1.4897610922e+00 1.3622298066e+00 8.0061848799e+01
1.4025028441e+00 1.3387372014e+00 7.7464356839e+01
1.4192832765e+00 1.3454493743e+00 7.7642892977e+01
1.3219567691e+00 1.2850398180e+00 7.9568862870e+01
1.6474971559e+00 1.4528441411e+00 7.7534533020e+01
1.3387372014e+00 1.2984641638e+00 7.8756924475e+01
1.2749715586e+00 1.2615472127e+00 7.9625025561e+01
1.4629124005e+00 1.3521615472e+00 7.9655874271e+01
1.4830489192e+00 1.3722980660e+00 7.8107186175e+01
1.5166097838e+00 1.3857224118e+00 7.8423280228e+01
1.4259954494e+00 1.3454493743e+00 7.8073399870e+01
1.3957906712e+00 1.3286689420e+00 7.8390029087e+01
1.5770193402e+00 1.4058589306e+00 7.9548497057e+01
1.5098976109e+00 1.3689419795e+00 8.0507407983e+01
1.3320250284e+00 1.2984641638e+00 7.8277729792e+01
1.3286689420e+00 1.2951080774e+00 7.8524698801e+01
1.4528441411e+00 1.3588737201e+00 7.7989545840e+01
1.4360637088e+00 1.3521615472e+00 7.7817958952e+01
1.3924345848e+00 1.3186006826e+00 7.9664690036e+01
1.1205915813e+00 1.1810011377e+00 8.0002014001e+01
1.3521615472e+00 1.2984641638e+00 7.9780244346e+01
1.3286689420e+00 1.2783276451e+00 8.1354450889e+01
1.3622298066e+00 1.3152445961e+00 7.7994693227e+01
1.3689419795e+00 1.3051763367e+00 8.0013910471e+01
1.3689419795e+00 1.3118885097e+00 7.8946884930e+01
1.4192832765e+00 1.3454493743e+00 7.7642892977e+01
1.6609215017e+00 1.4528441411e+00 7.8305660617e+01
1.4662684869e+00 1.3722980660e+00 7.7083606166e+01
1.3454493743e+00 1.2984641638e+00 7.9256752757e+01
1.8656427759e+00 1.5401023891e+00 7.8708106364e+01
1.1642207053e+00 1.1944254835e+00 8.1798109604e+01
1.4696245734e+00 1.3689419795e+00 7.7711102492e+01
1.2682593857e+00 1.2514789534e+00 8.0817765151e+01
1.3857224118e+00 1.3219567691e+00 7.8656939703e+01
1.3722980660e+00 1.3219567691e+00 7.7748012065e+01
1.6474971559e+00 1.4562002275e+00 7.7130222835e+01
1.4528441411e+00 1.3420932878e+00 8.0538034148e+01
1.3420932878e+00 1.2984641638e+00 7.9004086120e+01
1.4629124005e+00 1.3488054608e+00 8.0200984066e+01
1.5803754266e+00 1.4092150171e+00 7.9276939788e+01
1.8522184300e+00 1.5468145620e+00 7.7188206268e+01
1.3722980660e+00 1.3018202503e+00 8.0890952986e+01
1.3957906712e+00 1.3219567691e+00 7.9387792628e+01
1.6911262799e+00 1.4662684869e+00 7.8327458827e+01
1.6374288965e+00 1.4427758817e+00 7.8231075993e+01
1.2313424346e+00 1.2380546075e+00 7.9916684553e+01
1.3588737201e+00 1.3085324232e+00 7.8718973097e+01
1.5434584755e+00 1.3991467577e+00 7.8297044264e+01
1.5736632537e+00 1.4092150171e+00 7.8832977911e+01
1.5166097838e+00 1.3823663254e+00 7.8895658704e+01
1.4729806598e+00 1.3722980660e+00 7.7483386436e+01
1.6139362912e+00 1.4226393629e+00 7.9557541125e+01
1.6038680319e+00 1.4293515358e+00 7.7986313354e+01
1.2816837315e+00 1.2682593857e+00 7.9080263792e+01
1.2883959044e+00 1.2682593857e+00 7.9614093427e+01
1.2716154721e+00 1.2581911263e+00 7.9909847507e+01
1.3555176337e+00 1.3118885097e+00 7.8006369171e+01
1.5065415245e+00 1.3790102389e+00 7.8703648009e+01
1.3823663254e+00 1.3219567691e+00 7.8423254273e+01
1.3118885097e+00 1.2816837315e+00 7.9314739283e+01
1.2984641638e+00 1.2749715586e+00 7.9331317986e+01
1.5300341297e+00 1.3991467577e+00 7.7483048264e+01
1.3051763367e+00 1.2816837315e+00 7.8802720104e+01
1.6676336746e+00 1.4629124005e+00 7.7420350577e+01
1.4629124005e+00 1.3655858931e+00 7.7733681945e+01
1.3521615472e+00 1.2951080774e+00 8.0350536454e+01
1.6139362912e+00 1.4159271900e+00 8.0624800302e+01
1.4025028441e+00 1.3320250284e+00 7.8372310252e+01
1.1742889647e+00 1.2212741752e+00 7.7983251832e+01
1.5065415245e+00 1.3857224118e+00 7.7792960433e+01
1.4293515358e+00 1.3454493743e+00 7.8294365083e+01
1.3286689420e+00 1.2850398180e+00 8.0117096192e+01
1.3521615472e+00 1.2917519909e+00 8.0959484847e+01
1.5065415245e+00 1.3823663254e+00 7.8238546528e+01
1.3991467577e+00 1.3186006826e+00 8.0196597774e+01
1.5434584755e+00 1.4092150171e+00 7.7015956060e+01
1.5300341297e+00 1.3957906712e+00 7.7913227444e+01
1.4461319681e+00 1.3555176337e+00 7.8011464955e+01
1.4125711035e+00 1.3353811149e+00 7.8582656558e+01
1.3521615472e+00 1.3118885097e+00 7.7782162272e+01
1.4427758817e+00 1.3420932878e+00 7.9744833550e+01
1.7716723549e+00 1.5098976109e+00 7.7368358359e+01
1.4159271900e+00 1.3387372014e+00 7.8334725691e+01
1.4293515358e+00 1.3387372014e+00 7.9272856953e+01
1.5031854380e+00 1.3823663254e+00 7.8027252334e+01
1.4125711035e+00 1.3353811149e+00 7.8582656558e+01
1.3387372014e+00 1.2883959044e+00 8.0386252948e+01
1.2615472127e+00 1.2615472127e+00 7.8572604951e+01
1.4897610922e+00 1.3655858931e+00 7.9528226846e+01
1.5669510808e+00 1.4192832765e+00 7.7119653204e+01
1.5031854380e+00 1.3857224118e+00 7.7589707887e+01
1.4360637088e+00 1.3521615472e+00 7.7817958952e+01
1.2212741752e+00 1.2246302617e+00 8.1503144767e+01
1.2716154721e+00 1.2514789534e+00 8.1137965456e+01
1.2615472127e+00 1.2716154721e+00 7.7161693467e+01
1.5098976109e+00 1.3756541524e+00 7.9426242566e+01
1.4796928328e+00 1.3689419795e+00 7.8349013416e+01
1.4562002275e+00 1.3622298066e+00 7.7755668784e+01
1.3353811149e+00 1.3018202503e+00 7.8036632368e+01
1.6072241183e+00 1.4394197952e+00 7.6936470030e+01
1.5602389078e+00 1.4159271900e+00 7.7148735379e+01
1.4897610922e+00 1.3790102389e+00 7.7639920971e+01
1.4830489192e+00 1.3756541524e+00 7.7664210863e+01
1.5837315131e+00 1.4192832765e+00 7.8093674783e+01
1.5434584755e+00 1.3890784983e+00 7.9755812735e+01
1.3622298066e+00 1.2951080774e+00 8.1245571966e+01
1.5468145620e+00 1.4259954494e+00 7.5316137050e+01
1.5635949943e+00 1.4125711035e+00 7.7759721621e+01
1.3655858931e+00 1.3152445961e+00 7.8221912890e+01
1.4729806598e+00 1.3555176337e+00 7.9875689131e+01
1.3924345848e+00 1.3253128555e+00 7.8639482927e+01
1.4629124005e+00 1.3588737201e+00 7.8649978183e+01
1.2078498294e+00 1.2279863481e+00 7.9612998956e+01
1.5602389078e+00 1.4159271900e+00 7.7148735379e+01
1.8052332196e+00 1.5199658703e+00 7.7933377865e+01
1.2078498294e+00 1.2246302617e+00 8.0197953283e+01
1.6172923777e+00 1.4427758817e+00 7.7086060638e+01
1.7850967008e+00 1.5233219568e+00 7.6523415821e+01
1.4360637088e+00 1.3454493743e+00 7.8748842065e+01
1.3857224118e+00 1.3253128555e+00 7.8178963131e+01
1.4897610922e+00 1.3622298066e+00 8.0061848799e+01
1.3689419795e+00 1.3118885097e+00 7.8946884930e+01
1.6139362912e+00 1.4259954494e+00 7.9065802703e+01
1.5333902162e+00 1.3957906712e+00 7.8119529269e+01
1.6139362912e+00 1.4427758817e+00 7.6904573745e+01
1.4528441411e+00 1.3622298066e+00 7.7547778655e+01
1.3521615472e+00 1.3085324232e+00 7.8246669600e+01
1.4864050057e+00 1.3722980660e+00 7.8322239603e+01
1.6407849829e+00 1.4461319681e+00 7.7993666361e+01
1.4461319681e+00 1.3454493743e+00 7.9466024519e+01
1.3186006826e+00 1.2917519909e+00 7.8294233874e+01
1.3622298066e+00 1.3085324232e+00 7.8962443963e+01
1.6676336746e+00 1.4662684869e+00 7.7021927633e+01
1.3420932878e+00 1.2883959044e+00 8.0678676165e+01
1.4394197952e+00 1.3420932878e+00 7.9493401677e+01
1.3957906712e+00 1.3186006826e+00 7.9927223311e+01
1.3051763367e+00 1.2883959044e+00 7.7834006088e+01
1.4796928328e+00 1.3722980660e+00 7.7895816873e+01
1.2783276451e+00 1.2548350398e+00 8.1129478402e+01
1.6340728100e+00 1.4528441411e+00 7.6806713755e+01
1.5401023891e+00 1.3890784983e+00 7.9516645940e+01
1.4763367463e+00 1.3689419795e+00 7.8132705796e+01
1.2917519909e+00 1.2749715586e+00 7.8814598654e+01
1.3588737201e+00 1.3018202503e+00 7.9763153335e+01
1.3253128555e+00 1.2917519909e+00 7.8777931890e+01
1.5166097838e+00 1.3790102389e+00 7.9391134947e+01
1.2514789534e+00 1.2514789534e+00 7.9357327526e+01
1.2145620023e+00 1.2346985210e+00 7.9068975569e+01
1.3622298066e+00 1.3085324232e+00 7.8962443963e+01
1.4427758817e+00 1.3488054608e+00 7.8725103092e+01
1.3655858931e+00 1.3085324232e+00 7.9211232895e+01
1.3823663254e+00 1.3253128555e+00 7.7955076719e+01
1.4092150171e+00 1.3320250284e+00 7.8836923017e+01
1.5065415245e+00 1.3689419795e+00 8.0244649729e+01
1.5233219568e+00 1.3957906712e+00 7.7510466043e+01
1.5132536974e+00 1.3790102389e+00 7.9157276930e+01
1.6844141069e+00 1.4696245734e+00 7.7525163716e+01
1.5098976109e+00 1.3756541524e+00 7.9426242566e+01
1.5401023891e+00 1.3991467577e+00 7.8088525287e+01
1.3756541524e+00 1.3085324232e+00 7.9993519675e+01
1.4360637088e+00 1.3420932878e+00 7.9247685577e+01
1.3488054608e+00 1.3051763367e+00 7.8492790528e+01
1.5837315131e+00 1.4226393629e+00 7.7662268869e+01
1.4025028441e+00 1.3253128555e+00 7.9366312224e+01
1.5568828214e+00 1.4025028441e+00 7.8689702111e+01
1.7146188851e+00 1.4796928328e+00 7.7955220806e+01
1.5065415245e+00 1.3823663254e+00 7.8238546528e+01
1.6105802048e+00 1.4293515358e+00 7.8390052046e+01
1.4461319681e+00 1.3655858931e+00 7.6730703666e+01
1.6508532423e+00 1.4528441411e+00 7.7722943383e+01
1.2951080774e+00 1.2783276451e+00 7.8560346586e+01
1.3521615472e+00 1.3085324232e+00 7.8246669600e+01
1.3790102389e+00 1.3186006826e+00 7.8673630960e+01
1.5736632537e+00 1.4058589306e+00 7.9317986717e+01
1.6240045506e+00 1.4461319681e+00 7.7052730413e+01
1.4394197952e+00 1.3655858931e+00 7.6349266288e+01
1.5166097838e+00 1.3890784983e+00 7.7971266082e+01
1.6944823663e+00 1.4763367463e+00 7.7263979249e+01
1.4796928328e+00 1.3689419795e+00 7.8349013416e+01
1.5031854380e+00 1.3790102389e+00 7.8483321757e+01
1.6038680319e+00 1.4327076223e+00 7.7561132676e+01
1.4293515358e+00 1.3420932878e+00 7.8771907257e+01
1.2044937429e+00 1.2212741752e+00 8.0501930426e+01
1.4259954494e+00 1.3253128555e+00 8.1287872905e+01
1.3555176337e+00 1.3051763367e+00 7.8977173578e+01
1.3353811149e+00 1.3018202503e+00 7.8036632368e+01
1.3622298066e+00 1.3018202503e+00 8.0033418254e+01
1.4964732651e+00 1.3823663254e+00 7.7615083028e+01
1.6038680319e+00 1.4327076223e+00 7.7561132676e+01
1.5401023891e+00 1.3890784983e+00 7.9516645940e+01
1.4931171786e+00 1.3790102389e+00 7.7845484038e+01
1.6105802048e+00 1.4360637088e+00 7.7526646477e+01
1.5635949943e+00 1.4025028441e+00 7.9131208098e+01
1.4494880546e+00 1.3521615472e+00 7.8700703870e+01
1.4293515358e+00 1.3387372014e+00 7.9272856953e+01
1.5568828214e+00 1.4025028441e+00 7.8689702111e+01
1.5199658703e+00 1.3857224118e+00 7.8640875517e+01
1.4125711035e+00 1.3454493743e+00 7.7226338163e+01
1.3488054608e+00 1.3051763367e+00 7.8492790528e+01
1.4562002275e+00 1.3488054608e+00 7.9686198513e+01
1.6072241183e+00 1.4293515358e+00 7.8186519489e+01
1.3555176337e+00 1.2984641638e+00 8.0052025489e+01
1.6005119454e+00 1.4293515358e+00 7.7789269832e+01
1.4293515358e+00 1.3488054608e+00 7.7837460162e+01
1.5367463026e+00 1.3957906712e+00 7.8329343184e+01
1.3756541524e+00 1.3085324232e+00 7.9993519675e+01
1.5635949943e+00 1.4226393629e+00 7.6541319042e+01
1.4494880546e+00 1.3521615472e+00 7.8700703870e+01
1.4360637088e+00 1.3387372014e+00 7.9773112642e+01
1.6240045506e+00 1.4259954494e+00 7.9740891409e+01
1.2682593857e+00 1.2581911263e+00 7.9628893893e+01
1.4427758817e+00 1.3454493743e+00 7.9221821069e+01
1.4125711035e+00 1.3353811149e+00 7.8582656558e+01
1.3790102389e+00 1.3152445961e+00 7.9176670914e+01
1.2481228669e+00 1.2548350398e+00 7.8570581146e+01
1.4729806598e+00 1.3488054608e+00 8.1026947782e+01
1.1910693970e+00 1.2279863481e+00 7.8262479961e+01
1.7246871445e+00 1.4998293515e+00 7.6150365988e+01
1.1776450512e+00 1.2112059158e+00 7.9857932637e+01
1.3622298066e+00 1.3018202503e+00 8.0033418254e+01
1.2615472127e+00 1.2447667804e+00 8.1486377114e+01
1.2816837315e+00 1.2716154721e+00 7.8568151562e+01
1.4528441411e+00 1.3521615472e+00 7.8931997742e+01
1.3790102389e+00 1.3152445961e+00 7.9176670914e+01
1.2984641638e+00 1.2716154721e+00 7.9882938015e+01
1.3085324232e+00 1.2716154721e+00 8.0758530947e+01
1.5971558589e+00 1.4293515358e+00 7.7595238029e+01
1.5736632537e+00 1.4226393629e+00 7.7090142154e+01
1.4763367463e+00 1.3555176337e+00 8.0132679622e+01
1.2883959044e+00 1.2581911263e+00 8.1448332611e+01
1.8387940842e+00 1.5266780432e+00 7.8947266303e+01
1.2179180887e+00 1.2380546075e+00 7.8808143708e+01
1.2682593857e+00 1.2615472127e+00 7.9086508187e+01
1.5837315131e+00 1.4092150171e+00 7.9505745975e+01
1.7112627986e+00 1.4830489192e+00 7.7361946592e+01
1.2883959044e+00 1.2649032992e+00 8.0184679461e+01
1.5535267349e+00 1.3991467577e+00 7.8945335258e+01
1.4528441411e+00 1.3555176337e+00 7.8450163247e+01
1.5401023891e+00 1.4025028441e+00 7.7652643321e+01
1.4327076223e+00 1.3387372014e+00 7.9520083264e+01
1.4494880546e+00 1.3454493743e+00 7.9715856859e+01
1.7750284414e+00 1.5132536974e+00 7.7150923451e+01
1.4259954494e+00 1.3353811149e+00 7.9546053824e+01
1.3488054608e+00 1.3118885097e+00 7.7561844229e+01
1.2749715586e+00 1.2581911263e+00 8.0198636115e+01
1.4796928328e+00 1.3823663254e+00 7.6638053631e+01
1.6407849829e+00 1.4528441411e+00 7.7165681271e+01
1.4729806598e+00 1.3756541524e+00 7.7063096501e+01
1.4763367463e+00 1.3756541524e+00 7.7260445308e+01
1.4293515358e+00 1.3521615472e+00 7.7398935195e+01
1.4897610922e+00 1.3857224118e+00 7.6806756095e+01
1.3588737201e+00 1.2984641638e+00 8.0331244907e+01
1.4931171786e+00 1.3790102389e+00 7.7845484038e+01
1.4092150171e+00 1.3353811149e+00 7.8353871441e+01
1.5468145620e+00 1.3991467577e+00 7.8509211467e+01
1.8085893060e+00 1.5333902162e+00 7.6557167254e+01
1.4293515358e+00 1.3488054608e+00 7.7837460162e+01
1.3152445961e+00 1.2749715586e+00 8.0744685429e+01
1.3756541524e+00 1.3085324232e+00 7.9993519675e+01
1.4427758817e+00 1.3454493743e+00 7.9221821069e+01
1.5568828214e+00 1.4092150171e+00 7.7791341555e+01
1.6105802048e+00 1.4293515358e+00 7.8390052046e+01
1.4125711035e+00 1.3387372014e+00 7.8111382536e+01
1.4259954494e+00 1.3454493743e+00 7.8073399870e+01
1.7146188851e+00 1.4964732651e+00 7.6025200641e+01
1.5870875995e+00 1.4125711035e+00 7.9235483601e+01
1.2615472127e+00 1.2649032992e+00 7.8081569533e+01
1.4461319681e+00 1.3420932878e+00 8.0002412726e+01
1.3488054608e+00 1.3118885097e+00 7.7561844229e+01
1.2112059158e+00 1.2246302617e+00 8.0507771846e+01
1.4796928328e+00 1.3722980660e+00 7.7895816873e+01
1.3488054608e+00 1.3118885097e+00 7.7561844229e+01
1.3823663254e+00 1.3118885097e+00 7.9972263322e+01
1.2917519909e+00 1.2649032992e+00 8.0479196387e+01
1.5166097838e+00 1.3924345848e+00 7.7537388840e+01
1.5065415245e+00 1.3689419795e+00 8.0244649729e+01
1.4562002275e+00 1.3454493743e+00 8.0234146985e+01
1.3420932878e+00 1.2984641638e+00 7.9004086120e+01
1.4931171786e+00 1.3689419795e+00 7.9256172088e+01
1.3152445961e+00 1.3085324232e+00 7.5919894098e+01
1.4998293515e+00 1.3655858931e+00 8.0283462399e+01
1.4494880546e+00 1.3488054608e+00 7.9195278133e+01
1.5065415245e+00 1.3823663254e+00 7.8238546528e+01
1.4964732651e+00 1.3756541524e+00 7.8512531710e+01
1.5904436860e+00 1.4226393629e+00 7.8058284054e+01
1.2044937429e+00 1.2179180887e+00 8.1150768164e+01
1.4629124005e+00 1.3655858931e+00 7.7733681945e+01
1.6273606371e+00 1.4394197952e+00 7.8071851811e+01
1.5199658703e+00 1.3924345848e+00 7.7738334681e+01
1.4494880546e+00 1.3588737201e+00 7.7777051594e+01
1.4058589306e+00 1.3286689420e+00 7.9097973323e+01
1.3555176337e+00 1.3051763367e+00 7.8977173578e+01
1.4998293515e+00 1.3823663254e+00 7.7819490496e+01
1.4629124005e+00 1.3555176337e+00 7.9140215050e+01
1.6374288965e+00 1.4461319681e+00 7.7799904054e+01
1.3521615472e+00 1.2917519909e+00 8.0959484847e+01
1.4763367463e+00 1.3722980660e+00 7.7687941731e+01
1.2649032992e+00 1.2514789534e+00 8.0508135983e+01
1.5602389078e+00 1.4058589306e+00 7.8440509857e+01
1.4461319681e+00 1.3588737201e+00 7.7568052062e+01
1.4159271900e+00 1.3454493743e+00 7.7432959480e+01
1.5132536974e+00 1.3857224118e+00 7.8209564664e+01
1.4125711035e+00 1.3353811149e+00 7.8582656558e+01
1.5233219568e+00 1.3924345848e+00 7.7942497777e+01
1.3756541524e+00 1.3186006826e+00 7.8438734158e+01
1.6105802048e+00 1.4360637088e+00 7.7526646477e+01
1.2850398180e+00 1.2716154721e+00 7.8819101517e+01
1.5635949943e+00 1.4025028441e+00 7.9131208098e+01
1.3689419795e+00 1.3118885097e+00 7.8946884930e+01
1.3320250284e+00 1.2951080774e+00 7.8767866946e+01
1.5904436860e+00 1.4159271900e+00 7.8972675049e+01
1.4528441411e+00 1.3655858931e+00 7.7122909869e+01
1.3857224118e+00 1.3152445961e+00 7.9686061849e+01
1.4796928328e+00 1.3622298066e+00 7.9319234713e+01
1.4293515358e+00 1.3488054608e+00 7.7837460162e+01
1.3890784983e+00 1.3353811149e+00 7.7062961354e+01
1.4092150171e+00 1.3320250284e+00 7.8836923017e+01
1.4494880546e+00 1.3521615472e+00 7.8700703870e+01
1.3353811149e+00 1.2951080774e+00 7.9016239735e+01
1.3051763367e+00 1.2783276451e+00 7.9323516539e+01
1.4528441411e+00 1.3454493743e+00 7.9971739068e+01
1.2179180887e+00 1.2279863481e+00 8.0512286719e+01
1.4427758817e+00 1.3488054608e+00 7.8725103092e+01
1.4327076223e+00 1.3420932878e+00 7.9007301685e+01
1.5468145620e+00 1.4058589306e+00 7.7623120904e+01
1.3488054608e+00 1.3018202503e+00 7.8991059176e+01
1.3588737201e+00 1.2984641638e+00 8.0331244907e+01
1.5937997725e+00 1.4327076223e+00 7.6999126730e+01
1.4092150171e+00 1.3387372014e+00 7.7892011916e+01
1.5568828214e+00 1.4125711035e+00 7.7368630335e+01
1.5199658703e+00 1.4058589306e+00 7.6126795588e+01
1.2783276451e+00 1.2649032992e+00 7.9348714752e+01
1.3924345848e+00 1.3186006826e+00 7.9664690036e+01
1.5031854380e+00 1.3823663254e+00 7.8027252334e+01
1.4092150171e+00 1.3286689420e+00 7.9344063161e+01
1.5434584755e+00 1.4025028441e+00 7.7853224124e+01
1.4259954494e+00 1.3286689420e+00 8.0668501712e+01
1.5367463026e+00 1.4025028441e+00 7.7455145748e+01
1.4058589306e+00 1.3219567691e+00 8.0171177918e+01
1.3588737201e+00 1.3051763367e+00 7.9227264469e+01
1.4864050057e+00 1.3689419795e+00 7.8793704555e+01
1.4058589306e+00 1.3219567691e+00 8.0171177918e+01
1.6240045506e+00 1.4427758817e+00 7.7456568008e+01
1.3488054608e+00 1.3085324232e+00 7.8017259422e+01
1.6038680319e+00 1.4192832765e+00 7.9375144895e+01
1.7213310580e+00 1.5031854380e+00 7.5640692075e+01
1.2883959044e+00 1.2615472127e+00 8.0793374070e+01
1.4360637088e+00 1.3353811149e+00 8.0329471614e+01
1.4729806598e+00 1.3588737201e+00 7.9349863626e+01
1.3924345848e+00 1.3219567691e+00 7.9138877814e+01
1.3756541524e+00 1.3085324232e+00 7.9993519675e+01
1.4998293515e+00 1.3823663254e+00 7.7819490496e+01
1.4293515358e+00 1.3353811149e+00 7.9800678015e+01
1.6139362912e+00 1.4427758817e+00 7.6904573745e+01
1.4595563140e+00 1.3555176337e+00 7.8905581221e+01
1.3890784983e+00 1.3186006826e+00 7.9408488915e+01
1.3756541524e+00 1.3219567691e+00 7.7969034499e+01
1.4696245734e+00 1.3521615472e+00 8.0167155963e+01
1.4562002275e+00 1.3555176337e+00 7.8675657808e+01
1.6273606371e+00 1.4494880546e+00 7.6839687378e+01
1.4159271900e+00 1.3320250284e+00 7.9321060792e+01
1.2649032992e+00 1.2548350398e+00 7.9913848708e+01
1.3991467577e+00 1.3186006826e+00 8.0196597774e+01
1.5971558589e+00 1.4327076223e+00 7.7183837250e+01
1.2917519909e+00 1.2682593857e+00 7.9891268041e+01
1.3286689420e+00 1.2917519909e+00 7.9027505322e+01
1.5568828214e+00 1.4159271900e+00 7.6961238890e+01
1.5434584755e+00 1.3991467577e+00 7.8297044264e+01
1.2917519909e+00 1.2716154721e+00 7.9338128329e+01
1.2011376564e+00 1.2246302617e+00 7.9605324165e+01
1.4327076223e+00 1.3387372014e+00 7.9520083264e+01
1.2346985210e+00 1.2514789534e+00 7.8069905390e+01
1.2548350398e+00 1.2447667804e+00 8.0827961540e+01
1.4796928328e+00 1.3722980660e+00 7.7895816873e+01
1.3622298066e+00 1.3051763367e+00 7.9483120309e+01
1.4192832765e+00 1.3320250284e+00 7.9571297751e+01
1.5065415245e+00 1.3890784983e+00 7.7364813580e+01
1.7213310580e+00 1.4830489192e+00 7.7910317605e+01
1.2279863481e+00 1.2414106940e+00 7.9079960711e+01
1.1977815700e+00 1.2313424346e+00 7.8273426757e+01
1.1440841866e+00 1.1843572241e+00 8.1747642284e+01
1.4897610922e+00 1.3890784983e+00 7.6411729327e+01
1.3957906712e+00 1.3387372014e+00 7.7050266570e+01
1.4327076223e+00 1.3353811149e+00 8.0061645986e+01
1.5333902162e+00 1.4058589306e+00 7.6854594219e+01
1.4595563140e+00 1.3454493743e+00 8.0503621865e+01
1.5166097838e+00 1.3924345848e+00 7.7537388840e+01
1.3823663254e+00 1.3118885097e+00 7.9972263322e+01
1.5971558589e+00 1.4125711035e+00 7.9931731582e+01
1.5166097838e+00 1.3924345848e+00 7.7537388840e+01
1.4830489192e+00 1.3756541524e+00 7.7664210863e+01
1.6474971559e+00 1.4595563140e+00 7.6739745852e+01
1.6407849829e+00 1.4528441411e+00 7.7165681271e+01
1.4494880546e+00 1.3588737201e+00 7.7777051594e+01
1.2783276451e+00 1.2615472127e+00 7.9904739360e+01
1.4159271900e+00 1.3286689420e+00 7.9853602273e+01
1.5132536974e+00 1.3823663254e+00 7.8672526870e+01
1.4629124005e+00 1.3622298066e+00 7.8181986703e+01
1.5635949943e+00 1.4025028441e+00 7.9131208098e+01
1.4159271900e+00 1.3320250284e+00 7.9321060792e+01
1.3186006826e+00 1.2783276451e+00 8.0432380556e+01
1.3152445961e+00 1.2816837315e+00 7.9579890875e+01
1.4830489192e+00 1.3622298066e+00 7.9561060914e+01
1.5132536974e+00 1.3924345848e+00 7.7339506860e+01
1.4394197952e+00 1.3420932878e+00 7.9493401677e+01
1.4629124005e+00 1.3555176337e+00 7.9140215050e+01
1.5535267349e+00 1.4025028441e+00 7.8475090156e+01
1.4830489192e+00 1.3823663254e+00 7.6827907662e+01
1.4125711035e+00 1.3320250284e+00 7.9076391335e+01
1.6609215017e+00 1.4763367463e+00 7.5581165074e+01
1.2313424346e+00 1.2414106940e+00 7.9352328244e+01
1.2951080774e+00 1.2682593857e+00 8.0176050170e+01
1.5468145620e+00 1.4259954494e+00 7.5316137050e+01
1.4696245734e+00 1.3655858931e+00 7.8157643294e+01
1.4327076223e+00 1.3454493743e+00 7.8519430377e+01
1.6038680319e+00 1.4293515358e+00 7.7986313354e+01
1.5837315131e+00 1.4125711035e+00 7.9012929034e+01
1.1810011377e+00 1.2145620023e+00 7.9574837299e+01
1.1776450512e+00 1.2078498294e+00 8.0464988651e+01
1.5669510808e+00 1.4125711035e+00 7.7959841368e+01
1.3689419795e+00 1.3118885097e+00 7.8946884930e+01
1.2883959044e+00 1.2716154721e+00 7.9075626195e+01
1.3521615472e+00 1.3085324232e+00 7.8246669600e+01
1.4058589306e+00 1.3286689420e+00 7.9097973323e+01
1.2749715586e+00 1.2816837315e+00 7.6733561524e+01
1.3320250284e+00 1.2984641638e+00 7.8277729792e+01
1.5568828214e+00 1.3991467577e+00 7.9169767042e+01
1.4427758817e+00 1.3555176337e+00 7.7797818856e+01
1.4159271900e+00 1.3320250284e+00 7.9321060792e+01
1.5031854380e+00 1.3823663254e+00 7.8027252334e+01
1.3924345848e+00 1.3186006826e+00 7.9664690036e+01
1.4192832765e+00 1.3454493743e+00 7.7642892977e+01
1.2481228669e+00 1.2481228669e+00 7.9633920454e+01
1.7347554039e+00 1.4796928328e+00 7.9140022717e+01
1.3790102389e+00 1.3353811149e+00 7.6461798109e+01
1.3622298066e+00 1.3118885097e+00 7.8467361843e+01
1.5468145620e+00 1.3991467577e+00 7.8509211467e+01
1.5300341297e+00 1.3924345848e+00 7.8361156493e+01
1.3320250284e+00 1.2883959044e+00 7.9826013277e+01
1.4729806598e+00 1.3655858931e+00 7.8375205084e+01
1.5535267349e+00 1.3991467577e+00 7.8945335258e+01
1.4595563140e+00 1.3756541524e+00 7.6300897995e+01
1.3186006826e+00 1.2883959044e+00 7.8787105164e+01
1.4394197952e+00 1.3488054608e+00 7.8496995076e+01
1.7616040956e+00 1.5065415245e+00 7.7239261552e+01
1.4494880546e+00 1.3521615472e+00 7.8700703870e+01
1.5602389078e+00 1.4159271900e+00 7.7148735379e+01
1.2615472127e+00 1.2548350398e+00 7.9631676164e+01
1.3588737201e+00 1.3018202503e+00 7.9763153335e+01
1.4092150171e+00 1.3353811149e+00 7.8353871441e+01
1.5199658703e+00 1.3857224118e+00 7.8640875517e+01
1.4931171786e+00 1.3790102389e+00 7.7845484038e+01
1.8287258248e+00 1.5266780432e+00 7.8376514651e+01
1.5266780432e+00 1.3790102389e+00 8.0124908963e+01
1.6844141069e+00 1.4595563140e+00 7.8822971631e+01
1.5098976109e+00 1.3790102389e+00 7.8928211887e+01
1.5300341297e+00 1.3991467577e+00 7.7483048264e+01
1.2414106940e+00 1.2481228669e+00 7.9086470286e+01
1.4025028441e+00 1.3320250284e+00 7.8372310252e+01
1.2984641638e+00 1.2716154721e+00 7.9882938015e+01
1.3857224118e+00 1.3152445961e+00 7.9686061849e+01
1.3085324232e+00 1.2749715586e+00 8.0155577170e+01
1.6340728100e+00 1.4461319681e+00 7.7609057428e+01
1.7146188851e+00 1.4931171786e+00 7.6386466211e+01
1.6810580205e+00 1.4729806598e+00 7.6948209568e+01
1.3152445961e+00 1.2783276451e+00 8.0143768687e+01
1.4494880546e+00 1.3420932878e+00 8.0266627534e+01
1.4897610922e+00 1.3756541524e+00 7.8081096272e+01
1.7414675768e+00 1.4931171786e+00 7.7774329063e+01
1.0970989761e+00 1.1810011377e+00 7.7987165502e+01
1.2682593857e+00 1.2514789534e+00 8.0817765151e+01
1.4427758817e+00 1.3420932878e+00 7.9744833550e+01
1.1575085324e+00 1.2044937429e+00 7.9243407451e+01
1.3353811149e+00 1.2883959044e+00 8.0102267635e+01
1.2917519909e+00 1.2615472127e+00 8.1108832581e+01
1.3722980660e+00 1.3286689420e+00 7.6881104284e+01
1.5468145620e+00 1.4259954494e+00 7.5316137050e+01
1.3085324232e+00 1.2682593857e+00 8.1406678655e+01
1.4293515358e+00 1.3454493743e+00 7.8294365083e+01
1.3420932878e+00 1.2984641638e+00 7.9004086120e+01
1.3823663254e+00 1.3186006826e+00 7.8913336733e+01
1.3387372014e+00 1.2984641638e+00 7.8756924475e+01
1.2380546075e+00 1.2514789534e+00 7.8316406323e+01
1.6139362912e+00 1.4360637088e+00 7.7718275432e+01
1.4931171786e+00 1.3655858931e+00 7.9773934271e+01
1.4159271900e+00 1.3320250284e+00 7.9321060792e+01
1.4629124005e+00 1.3622298066e+00 7.8181986703e+01
1.5669510808e+00 1.4192832765e+00 7.7119653204e+01
1.4998293515e+00 1.3722980660e+00 7.9223766672e+01
1.4226393629e+00 1.3353811149e+00 7.9297320353e+01
1.4293515358e+00 1.3420932878e+00 7.8771907257e+01
1.2615472127e+00 1.2581911263e+00 7.9088086042e+01
1.4763367463e+00 1.3790102389e+00 7.6848521469e+01
1.5937997725e+00 1.4327076223e+00 7.6999126730e+01
1.5266780432e+00 1.4025028441e+00 7.6879768957e+01
1.3991467577e+00 1.3253128555e+00 7.9118807063e+01
1.5065415245e+00 1.3790102389e+00 7.8703648009e+01
1.5803754266e+00 1.4259954494e+00 7.7060211388e+01
1.3655858931e+00 1.3051763367e+00 7.9745172921e+01
1.3790102389e+00 1.3219567691e+00 7.8194037772e+01
1.3857224118e+00 1.3152445961e+00 7.9686061849e+01
1.5434584755e+00 1.3991467577e+00 7.8297044264e+01
1.4293515358e+00 1.3488054608e+00 7.7837460162e+01
1.4897610922e+00 1.3790102389e+00 7.7639920971e+01
1.2984641638e+00 1.2783276451e+00 7.8809133488e+01
1.4327076223e+00 1.3286689420e+00 8.1252827726e+01
1.4125711035e+00 1.3320250284e+00 7.9076391335e+01
1.2984641638e+00 1.2783276451e+00 7.8809133488e+01
1.4427758817e+00 1.3420932878e+00 7.9744833550e+01
1.6240045506e+00 1.4327076223e+00 7.8765710347e+01
1.3018202503e+00 1.2749715586e+00 7.9599006061e+01
1.4461319681e+00 1.3555176337e+00 7.8011464955e+01
1.3857224118e+00 1.3118885097e+00 8.0244957075e+01
1.3387372014e+00 1.2883959044e+00 8.0386252948e+01
1.4159271900e+00 1.3420932878e+00 7.7874498591e+01
1.5635949943e+00 1.4226393629e+00 7.6541319042e+01
1.3924345848e+00 1.3286689420e+00 7.8163147560e+01
1.5266780432e+00 1.3957906712e+00 7.7710260634e+01
1.4494880546e+00 1.3521615472e+00 7.8700703870e+01
1.3555176337e+00 1.3018202503e+00 7.9499660855e+01
1.5434584755e+00 1.3924345848e+00 7.9245509890e+01
1.4159271900e+00 1.3387372014e+00 7.8334725691e+01
1.3085324232e+00 1.2749715586e+00 8.0155577170e+01
1.6676336746e+00 1.4562002275e+00 7.8262786257e+01
1.3152445961e+00 1.2883959044e+00 7.8541655929e+01
1.4226393629e+00 1.3420932878e+00 7.8314885953e+01
1.5166097838e+00 1.3857224118e+00 7.8423280228e+01
1.4461319681e+00 1.3588737201e+00 7.7568052062e+01
1.3387372014e+00 1.2850398180e+00 8.1000211429e+01
1.3655858931e+00 1.3152445961e+00 7.8221912890e+01
1.5199658703e+00 1.3924345848e+00 7.7738334681e+01
1.3488054608e+00 1.3018202503e+00 7.8991059176e+01
1.4394197952e+00 1.3420932878e+00 7.9493401677e+01
1.5333902162e+00 1.3823663254e+00 8.0083946894e+01
1.5770193402e+00 1.4259954494e+00 7.6875881302e+01
1.3186006826e+00 1.2816837315e+00 7.9851770899e+01
1.5065415245e+00 1.3857224118e+00 7.7792960433e+01
1.4025028441e+00 1.3353811149e+00 7.7908838580e+01
1.4729806598e+00 1.3689419795e+00 7.7920133510e+01
1.4528441411e+00 1.3521615472e+00 7.8931997742e+01
1.5770193402e+00 1.4058589306e+00 7.9548497057e+01
1.1675767918e+00 1.2279863481e+00 7.6591271485e+01
1.7951649602e+00 1.5132536974e+00 7.8219079028e+01
1.3488054608e+00 1.3051763367e+00 7.8492790528e+01
1.4662684869e+00 1.3655858931e+00 7.7943868320e+01
1.3286689420e+00 1.2850398180e+00 8.0117096192e+01
1.6810580205e+00 1.4595563140e+00 7.8618423118e+01
1.3353811149e+00 1.2951080774e+00 7.9016239735e+01
1.3857224118e+00 1.3186006826e+00 7.9158170740e+01
1.6072241183e+00 1.4159271900e+00 8.0125270650e+01
1.3857224118e+00 1.3152445961e+00 7.9686061849e+01
1.7817406143e+00 1.5098976109e+00 7.7902130977e+01
1.4864050057e+00 1.3722980660e+00 7.8322239603e+01
1.3957906712e+00 1.3219567691e+00 7.9387792628e+01
1.3823663254e+00 1.3152445961e+00 7.9428385522e+01
1.5367463026e+00 1.3957906712e+00 7.8329343184e+01
1.5635949943e+00 1.4394197952e+00 7.4752292705e+01
1.3790102389e+00 1.3186006826e+00 7.8673630960e+01
1.4998293515e+00 1.3890784983e+00 7.6975577758e+01
1.4864050057e+00 1.3890784983e+00 7.6228675427e+01
1.2850398180e+00 1.2682593857e+00 7.9343932317e+01
1.2581911263e+00 1.2581911263e+00 7.8827209751e+01
1.5132536974e+00 1.3857224118e+00 7.8209564664e+01
1.3118885097e+00 1.2883959044e+00 7.8301185687e+01
1.4964732651e+00 1.3790102389e+00 7.8054447798e+01
1.3890784983e+00 1.3118885097e+00 8.0525300122e+01
1.6005119454e+00 1.4159271900e+00 7.9649250239e+01
1.4058589306e+00 1.3219567691e+00 8.0171177918e+01
1.6374288965e+00 1.4562002275e+00 7.6598390834e+01
1.6407849829e+00 1.4528441411e+00 7.7165681271e+01
1.5333902162e+00 1.3991467577e+00 7.7681693350e+01
1.5098976109e+00 1.3790102389e+00 7.8928211887e+01
1.5837315131e+00 1.4293515358e+00 7.6846589663e+01
1.4293515358e+00 1.3420932878e+00 7.8771907257e+01
1.5468145620e+00 1.3991467577e+00 7.8509211467e+01
1.4864050057e+00 1.3722980660e+00 7.8322239603e+01
1.2682593857e+00 1.2649032992e+00 7.8572105661e+01
1.5937997725e+00 1.4360637088e+00 7.6607952915e+01
1.4562002275e+00 1.3655858931e+00 7.7323363120e+01
1.4662684869e+00 1.3588737201e+00 7.8878530121e+01
1.4897610922e+00 1.3555176337e+00 8.1233756419e+01
1.4360637088e+00 1.3420932878e+00 7.9247685577e+01
1.2145620023e+00 1.2346985210e+00 7.9068975569e+01
1.5031854380e+00 1.3823663254e+00 7.8027252334e+01
1.5971558589e+00 1.4259954494e+00 7.8022493581e+01
1.3454493743e+00 1.2984641638e+00 7.9256752757e+01
1.2749715586e+00 1.2649032992e+00 7.9083895958e+01
1.4259954494e+00 1.3420932878e+00 7.8541194536e+01
1.5770193402e+00 1.4025028441e+00 8.0071104624e+01
1.5199658703e+00 1.3857224118e+00 7.8640875517e+01
1.3588737201e+00 1.2984641638e+00 8.0331244907e+01
1.3890784983e+00 1.3286689420e+00 7.7940383243e+01
1.3722980660e+00 1.3085324232e+00 7.9726319797e+01
1.3991467577e+00 1.3152445961e+00 8.0786563393e+01
1.4360637088e+00 1.3454493743e+00 7.8748842065e+01
1.5098976109e+00 1.3957906712e+00 7.6740171990e+01
1.6273606371e+00 1.4394197952e+00 7.8071851811e+01
1.7481797497e+00 1.5031854380e+00 7.6938903858e+01
1.3857224118e+00 1.3152445961e+00 7.9686061849e+01
1.2044937429e+00 1.2212741752e+00 8.0501930426e+01
1.3991467577e+00 1.3253128555e+00 7.9118807063e+01
1.5199658703e+00 1.3957906712e+00 7.7313693593e+01
1.7045506257e+00 1.4830489192e+00 7.7008714316e+01
1.3890784983e+00 1.3387372014e+00 7.6648477084e+01
1.6005119454e+00 1.4259954494e+00 7.8224007383e+01
1.5098976109e+00 1.3890784983e+00 7.7563806286e+01
1.7045506257e+00 1.4830489192e+00 7.7008714316e+01
1.4830489192e+00 1.3588737201e+00 8.0097571749e+01
1.4830489192e+00 1.3689419795e+00 7.8569268666e+01
1.5703071672e+00 1.4125711035e+00 7.8163216220e+01
1.7079067122e+00 1.4931171786e+00 7.6060147019e+01
1.5971558589e+00 1.4226393629e+00 7.8467377281e+01
1.4394197952e+00 1.3488054608e+00 7.8496995076e+01
1.6273606371e+00 1.4494880546e+00 7.6839687378e+01
1.6407849829e+00 1.4629124005e+00 7.6026106484e+01
1.7481797497e+00 1.4998293515e+00 7.7326845411e+01
1.6240045506e+00 1.4327076223e+00 7.8765710347e+01
1.5803754266e+00 1.4125711035e+00 7.8794659982e+01
1.4964732651e+00 1.3924345848e+00 7.6391441929e+01
1.6709897611e+00 1.4595563140e+00 7.8025039964e+01
1.6542093288e+00 1.4562002275e+00 7.7496783236e+01
1.3924345848e+00 1.3219567691e+00 7.9138877814e+01
1.4964732651e+00 1.3689419795e+00 7.9494802758e+01
1.4796928328e+00 1.3622298066e+00 7.9319234713e+01
1.4864050057e+00 1.3622298066e+00 7.9808460119e+01
1.3655858931e+00 1.3051763367e+00 7.9745172921e+01
1.4897610922e+00 1.3655858931e+00 7.9528226846e+01
1.5971558589e+00 1.4259954494e+00 7.8022493581e+01
1.2716154721e+00 1.2682593857e+00 7.8323865343e+01
1.4125711035e+00 1.3286689420e+00 7.9595799292e+01
1.3521615472e+00 1.3152445961e+00 7.7336585691e+01
1.2279863481e+00 1.2346985210e+00 8.0211013101e+01
1.7011945392e+00 1.4796928328e+00 7.7224201470e+01
1.4092150171e+00 1.3286689420e+00 7.9344063161e+01
1.6441410694e+00 1.4528441411e+00 7.7348818041e+01
1.3790102389e+00 1.3186006826e+00 7.8673630960e+01
1.7481797497e+00 1.4998293515e+00 7.7326845411e+01
1.7985210466e+00 1.5300341297e+00 7.6439704794e+01
1.5602389078e+00 1.4058589306e+00 7.8440509857e+01
1.2917519909e+00 1.2682593857e+00 7.9891268041e+01
1.3186006826e+00 1.2883959044e+00 7.8787105164e+01
1.4796928328e+00 1.3756541524e+00 7.7460768388e+01
1.4427758817e+00 1.3420932878e+00 7.9744833550e+01
1.6609215017e+00 1.4461319681e+00 7.9226452390e+01
1.5333902162e+00 1.3957906712e+00 7.8119529269e+01
1.1877133106e+00 1.2246302617e+00 7.8509015045e+01
1.5803754266e+00 1.4092150171e+00 7.9276939788e+01
1.4293515358e+00 1.3521615472e+00 7.7398935195e+01
1.3152445961e+00 1.2816837315e+00 7.9579890875e+01
1.5535267349e+00 1.4192832765e+00 7.6388550298e+01
1.3622298066e+00 1.2951080774e+00 8.1245571966e+01
1.5367463026e+00 1.3991467577e+00 7.7883465976e+01
1.5401023891e+00 1.3924345848e+00 7.9017957496e+01
1.4159271900e+00 1.3454493743e+00 7.7432959480e+01
1.6642775882e+00 1.4461319681e+00 7.9445442913e+01
1.4394197952e+00 1.3387372014e+00 8.0032387315e+01
1.4864050057e+00 1.3655858931e+00 7.9287999453e+01
1.3722980660e+00 1.3253128555e+00 7.7306223024e+01
1.4763367463e+00 1.3689419795e+00 7.8132705796e+01
1.6307167235e+00 1.4562002275e+00 7.6254756156e+01
1.5300341297e+00 1.3924345848e+00 7.8361156493e+01
1.5803754266e+00 1.4092150171e+00 7.9276939788e+01
1.2850398180e+00 1.2749715586e+00 7.8320017925e+01
1.4662684869e+00 1.3454493743e+00 8.1066348231e+01
1.5803754266e+00 1.4159271900e+00 7.8334126729e+01
1.5434584755e+00 1.3890784983e+00 7.9755812735e+01
1.5703071672e+00 1.4058589306e+00 7.9092207382e+01
1.6005119454e+00 1.4327076223e+00 7.7371133569e+01
1.5333902162e+00 1.4025028441e+00 7.7260587813e+01
1.5736632537e+00 1.4058589306e+00 7.9317986717e+01
1.5434584755e+00 1.4192832765e+00 7.5863895472e+01
1.4696245734e+00 1.3521615472e+00 8.0167155963e+01
1.4293515358e+00 1.3622298066e+00 7.6176393924e+01
1.4058589306e+00 1.3320250284e+00 7.8602327729e+01
1.2951080774e+00 1.2716154721e+00 7.9607061206e+01
1.5031854380e+00 1.3857224118e+00 7.7589707887e+01
1.5904436860e+00 1.4226393629e+00 7.8058284054e+01
1.4696245734e+00 1.3555176337e+00 7.9624899706e+01
1.6038680319e+00 1.4427758817e+00 7.6373978305e+01
1.5199658703e+00 1.3857224118e+00 7.8640875517e+01
1.3555176337e+00 1.3118885097e+00 7.8006369171e+01
1.4461319681e+00 1.3420932878e+00 8.0002412726e+01
1.4595563140e+00 1.3722980660e+00 7.6695334013e+01
1.3186006826e+00 1.2816837315e+00 7.9851770899e+01
1.3454493743e+00 1.3018202503e+00 7.8745118609e+01
1.4729806598e+00 1.3622298066e+00 7.8850858039e+01
1.3622298066e+00 1.3051763367e+00 7.9483120309e+01
1.3823663254e+00 1.3219567691e+00 7.8423254273e+01
1.4796928328e+00 1.3722980660e+00 7.7895816873e+01
1.4528441411e+00 1.3622298066e+00 7.7547778655e+01
1.3152445961e+00 1.2816837315e+00 7.9579890875e+01
1.4494880546e+00 1.3655858931e+00 7.6925400609e+01
1.5031854380e+00 1.3890784983e+00 7.7168782040e+01
1.3051763367e+00 1.2749715586e+00 7.9873567309e+01
1.5132536974e+00 1.4058589306e+00 7.5776198259e+01
1.4763367463e+00 1.3622298066e+00 7.9082610920e+01
1.5870875995e+00 1.4293515358e+00 7.7029869943e+01
1.4931171786e+00 1.3823663254e+00 7.7413866286e+01
1.3991467577e+00 1.3253128555e+00 7.9118807063e+01
1.7582480091e+00 1.4998293515e+00 7.7864346263e+01
1.5635949943e+00 1.4125711035e+00 7.7759721621e+01
1.6038680319e+00 1.4427758817e+00 7.6373978305e+01
1.3722980660e+00 1.2984641638e+00 8.1537519842e+01
1.4125711035e+00 1.3253128555e+00 8.0144955155e+01
1.5199658703e+00 1.3890784983e+00 7.8180060208e+01
1.4864050057e+00 1.3722980660e+00 7.8322239603e+01
1.6542093288e+00 1.4629124005e+00 7.6705767293e+01
1.3890784983e+00 1.3152445961e+00 7.9950158779e+01
2.0099544937e+00 1.6240045506e+00 7.6185135060e+01
1.5166097838e+00 1.3857224118e+00 7.8423280228e+01
1.4763367463e+00 1.3622298066e+00 7.9082610920e+01
1.3655858931e+00 1.3051763367e+00 7.9745172921e+01
1.6441410694e+00 1.4763367463e+00 7.4806176207e+01
1.2481228669e+00 1.2481228669e+00 7.9633920454e+01
1.4360637088e+00 1.3722980660e+00 7.5413957440e+01
1.6575654152e+00 1.4427758817e+00 7.9495367140e+01
1.1407281001e+00 1.1877133106e+00 8.0697643576e+01
1.5333902162e+00 1.4025028441e+00 7.7260587813e+01
1.4394197952e+00 1.3420932878e+00 7.9493401677e+01
1.3018202503e+00 1.2749715586e+00 7.9599006061e+01
1.7481797497e+00 1.4830489192e+00 7.9506417396e+01
1.4931171786e+00 1.3689419795e+00 7.9256172088e+01
1.4159271900e+00 1.3353811149e+00 7.8815961559e+01
1.4931171786e+00 1.3790102389e+00 7.7845484038e+01
1.3018202503e+00 1.2749715586e+00 7.9599006061e+01
1.2514789534e+00 1.2649032992e+00 7.7380217998e+01
1.6777019340e+00 1.4662684869e+00 7.7565300894e+01
1.6642775882e+00 1.4595563140e+00 7.7644719766e+01
1.2581911263e+00 1.2615472127e+00 7.8323861027e+01
1.5166097838e+00 1.3924345848e+00 7.7537388840e+01
1.5904436860e+00 1.4159271900e+00 7.8972675049e+01
1.5233219568e+00 1.4058589306e+00 7.6305288943e+01
1.4763367463e+00 1.3823663254e+00 7.6450739186e+01
1.7280432309e+00 1.4830489192e+00 7.8289597775e+01
1.4897610922e+00 1.3722980660e+00 7.8541184820e+01
1.6542093288e+00 1.4595563140e+00 7.7094439085e+01
1.3924345848e+00 1.3186006826e+00 7.9664690036e+01
1.5367463026e+00 1.3957906712e+00 7.8329343184e+01
1.4394197952e+00 1.3454493743e+00 7.8982871930e+01
1.4763367463e+00 1.3622298066e+00 7.9082610920e+01
1.5367463026e+00 1.4092150171e+00 7.6644445767e+01
1.5703071672e+00 1.4226393629e+00 7.6904759316e+01
1.4796928328e+00 1.3823663254e+00 7.6638053631e+01
1.3857224118e+00 1.3118885097e+00 8.0244957075e+01
1.2346985210e+00 1.2346985210e+00 8.0833783113e+01
1.3588737201e+00 1.3118885097e+00 7.8234687536e+01
1.5937997725e+00 1.4226393629e+00 7.8261111382e+01
1.3823663254e+00 1.3085324232e+00 8.0549964000e+01
1.5401023891e+00 1.4058589306e+00 7.7233315202e+01
1.4058589306e+00 1.3488054608e+00 7.6418076323e+01
1.6072241183e+00 1.4159271900e+00 8.0125270650e+01
1.3186006826e+00 1.2816837315e+00 7.9851770899e+01
1.2212741752e+00 1.2279863481e+00 8.0831136100e+01
1.3320250284e+00 1.2984641638e+00 7.8277729792e+01
1.6273606371e+00 1.4394197952e+00 7.8071851811e+01
1.7146188851e+00 1.4931171786e+00 7.6386466211e+01
1.7280432309e+00 1.4830489192e+00 7.8289597775e+01
1.3655858931e+00 1.3051763367e+00 7.9745172921e+01
1.3018202503e+00 1.2716154721e+00 8.0166343545e+01
1.2414106940e+00 1.2346985210e+00 8.1501025744e+01
1.4226393629e+00 1.3454493743e+00 7.7856310676e+01
1.3823663254e+00 1.3152445961e+00 7.9428385522e+01
1.3823663254e+00 1.3085324232e+00 8.0549964000e+01
1.4662684869e+00 1.3588737201e+00 7.8878530121e+01
1.3890784983e+00 1.3219567691e+00 7.8895376479e+01
1.3118885097e+00 1.2816837315e+00 7.9314739283e+01
1.5031854380e+00 1.3890784983e+00 7.7168782040e+01
1.4964732651e+00 1.3890784983e+00 7.6785076532e+01
1.2682593857e+00 1.2615472127e+00 7.9086508187e+01
1.5937997725e+00 1.4192832765e+00 7.8716794832e+01
1.5233219568e+00 1.3957906712e+00 7.7510466043e+01
1.4696245734e+00 1.3622298066e+00 7.8623678138e+01
1.5635949943e+00 1.4058589306e+00 7.8653717030e+01
1.2984641638e+00 1.2716154721e+00 7.9882938015e+01
1.5233219568e+00 1.3857224118e+00 7.8862578159e+01
1.3387372014e+00 1.3051763367e+00 7.7801053970e+01
1.5233219568e+00 1.3924345848e+00 7.7942497777e+01
1.6005119454e+00 1.4327076223e+00 7.7371133569e+01
1.6709897611e+00 1.4528441411e+00 7.8917852813e+01
1.6005119454e+00 1.4259954494e+00 7.8224007383e+01
1.4595563140e+00 1.3555176337e+00 7.8905581221e+01
1.4327076223e+00 1.3655858931e+00 7.5977717271e+01
1.5266780432e+00 1.3857224118e+00 7.9088638757e+01
1.4662684869e+00 1.3689419795e+00 7.7505434784e+01
1.5736632537e+00 1.4394197952e+00 7.5229123722e+01
1.5300341297e+00 1.3823663254e+00 7.9835483906e+01
1.3857224118e+00 1.3353811149e+00 7.6859654979e+01
1.4461319681e+00 1.3454493743e+00 7.9466024519e+01
1.4058589306e+00 1.3320250284e+00 7.8602327729e+01
1.4226393629e+00 1.3353811149e+00 7.9297320353e+01
1.4327076223e+00 1.3454493743e+00 7.8519430377e+01
1.6072241183e+00 1.4394197952e+00 7.6936470030e+01
1.5065415245e+00 1.3790102389e+00 7.8703648009e+01
1.2850398180e+00 1.2615472127e+00 8.0488153261e+01
1.2649032992e+00 1.2615472127e+00 7.8826696057e+01
1.4696245734e+00 1.3622298066e+00 7.8623678138e+01
1.1608646189e+00 1.1944254835e+00 8.1429181520e+01
1.4058589306e+00 1.3320250284e+00 7.8602327729e+01
1.4427758817e+00 1.3454493743e+00 7.9221821069e+01
1.4025028441e+00 1.3253128555e+00 7.9366312224e+01
1.5635949943e+00 1.4092150171e+00 7.8197346124e+01
1.5266780432e+00 1.3890784983e+00 7.8608706254e+01
1.7213310580e+00 1.4763367463e+00 7.8782110935e+01
1.4192832765e+00 1.3353811149e+00 7.9054075736e+01
1.6508532423e+00 1.4528441411e+00 7.7722943383e+01
1.4964732651e+00 1.3890784983e+00 7.6785076532e+01
1.5132536974e+00 1.3790102389e+00 7.9157276930e+01
1.8052332196e+00 1.5166097838e+00 7.8352899065e+01
1.3219567691e+00 1.2783276451e+00 8.0729757319e+01
1.5065415245e+00 1.3890784983e+00 7.7364813580e+01
1.2514789534e+00 1.2548350398e+00 7.8826691470e+01
1.2850398180e+00 1.2682593857e+00 7.9343932317e+01
1.4595563140e+00 1.3588737201e+00 7.8425792529e+01
1.7582480091e+00 1.4964732651e+00 7.8285696914e+01
1.3924345848e+00 1.3387372014e+00 7.6847905615e+01
1.5870875995e+00 1.4192832765e+00 7.8297821289e+01
1.4360637088e+00 1.3521615472e+00 7.7817958952e+01
1.4595563140e+00 1.3555176337e+00 7.8905581221e+01
1.4025028441e+00 1.3353811149e+00 7.7908838580e+01
1.6139362912e+00 1.4293515358e+00 7.8597089341e+01
1.1910693970e+00 1.2179180887e+00 7.9880250793e+01
1.3387372014e+00 1.2883959044e+00 8.0386252948e+01
1.5602389078e+00 1.4159271900e+00 7.7148735379e+01
1.4293515358e+00 1.3488054608e+00 7.7837460162e+01
1.1474402730e+00 1.1944254835e+00 8.0087401536e+01
1.6005119454e+00 1.4360637088e+00 7.6967990538e+01
1.3588737201e+00 1.3085324232e+00 7.8718973097e+01
1.6206484642e+00 1.4394197952e+00 7.7682223782e+01
1.5904436860e+00 1.4293515358e+00 7.7215662466e+01
1.2011376564e+00 1.2212741752e+00 8.0191034612e+01
1.4494880546e+00 1.3420932878e+00 8.0266627534e+01
1.3890784983e+00 1.3085324232e+00 8.1140448015e+01
1.5266780432e+00 1.3890784983e+00 7.8608706254e+01
1.2917519909e+00 1.2649032992e+00 8.0479196387e+01
1.3924345848e+00 1.3286689420e+00 7.8163147560e+01
1.3991467577e+00 1.3320250284e+00 7.8146603822e+01
1.4226393629e+00 1.3387372014e+00 7.8794285012e+01
1.3555176337e+00 1.3018202503e+00 7.9499660855e+01
1.7011945392e+00 1.4864050057e+00 7.6459387239e+01
1.4796928328e+00 1.3655858931e+00 7.8822578420e+01
1.3085324232e+00 1.2749715586e+00 8.0155577170e+01
1.7011945392e+00 1.4830489192e+00 7.6835501965e+01
1.4092150171e+00 1.3320250284e+00 7.8836923017e+01
1.5904436860e+00 1.4226393629e+00 7.8058284054e+01
1.5132536974e+00 1.3857224118e+00 7.8209564664e+01
1.2883959044e+00 1.2682593857e+00 7.9614093427e+01
1.6575654152e+00 1.4629124005e+00 7.6880920585e+01
1.5602389078e+00 1.4092150171e+00 7.7992691113e+01
1.1273037543e+00 1.1742889647e+00 8.2072341780e+01
1.5669510808e+00 1.4159271900e+00 7.7531820868e+01
1.5031854380e+00 1.3790102389e+00 7.8483321757e+01
1.6273606371e+00 1.4360637088e+00 7.8515471183e+01
1.6575654152e+00 1.4528441411e+00 7.8108365264e+01
1.5870875995e+00 1.4226393629e+00 7.7858722775e+01
1.3555176337e+00 1.3051763367e+00 7.8977173578e+01
1.3622298066e+00 1.3085324232e+00 7.8962443963e+01
1.4461319681e+00 1.3555176337e+00 7.8011464955e+01
1.3957906712e+00 1.3286689420e+00 7.8390029087e+01
1.4327076223e+00 1.3454493743e+00 7.8519430377e+01
1.4058589306e+00 1.3454493743e+00 7.6822410420e+01
1.3588737201e+00 1.3051763367e+00 7.9227264469e+01
1.3588737201e+00 1.3118885097e+00 7.8234687536e+01
1.5266780432e+00 1.3991467577e+00 7.7287383907e+01
1.6777019340e+00 1.4662684869e+00 7.7565300894e+01
1.7481797497e+00 1.4931171786e+00 7.8145572939e+01
1.3085324232e+00 1.2883959044e+00 7.8065393167e+01
1.4562002275e+00 1.3555176337e+00 7.8675657808e+01
1.6743458476e+00 1.4696245734e+00 7.6985215594e+01
1.3689419795e+00 1.3152445961e+00 7.8453441146e+01
1.5031854380e+00 1.3924345848e+00 7.6762878640e+01
1.4729806598e+00 1.3655858931e+00 7.8375205084e+01
1.3991467577e+00 1.3219567691e+00 7.9642511518e+01
1.4998293515e+00 1.3722980660e+00 7.9223766672e+01
1.0769624573e+00 1.1507963595e+00 8.1466985638e+01
1.4058589306e+00 1.3320250284e+00 7.8602327729e+01
1.4327076223e+00 1.3521615472e+00 7.7606745797e+01
1.3991467577e+00 1.3253128555e+00 7.9118807063e+01
1.5703071672e+00 1.4192832765e+00 7.7308711815e+01
1.4796928328e+00 1.3689419795e+00 7.8349013416e+01
1.6005119454e+00 1.4360637088e+00 7.6967990538e+01
1.3018202503e+00 1.2783276451e+00 7.9063393028e+01
1.6542093288e+00 1.4595563140e+00 7.7094439085e+01
1.3689419795e+00 1.3018202503e+00 8.0596616972e+01
1.4528441411e+00 1.3454493743e+00 7.9971739068e+01
1.2649032992e+00 1.2581911263e+00 7.9355154509e+01
1.0769624573e+00 1.1575085324e+00 8.0120177590e+01
1.5199658703e+00 1.3857224118e+00 7.8640875517e+01
1.5535267349e+00 1.3924345848e+00 7.9958127305e+01
1.4159271900e+00 1.3219567691e+00 8.1020844110e+01
1.3320250284e+00 1.2951080774e+00 7.8767866946e+01
1.2548350398e+00 1.2548350398e+00 7.9088615169e+01
1.5770193402e+00 1.4159271900e+00 7.8128655611e+01
1.3957906712e+00 1.3186006826e+00 7.9927223311e+01
1.6508532423e+00 1.4360637088e+00 8.0057742404e+01
1.4830489192e+00 1.3655858931e+00 7.9052891069e+01
1.5132536974e+00 1.3924345848e+00 7.7339506860e+01
1.4226393629e+00 1.3286689420e+00 8.0389374268e+01
1.4964732651e+00 1.3756541524e+00 7.8512531710e+01
1.3689419795e+00 1.3018202503e+00 8.0596616972e+01
1.4830489192e+00 1.3722980660e+00 7.8107186175e+01
1.3957906712e+00 1.3253128555e+00 7.8876644611e+01
1.5401023891e+00 1.4092150171e+00 7.6828949351e+01
1.4192832765e+00 1.3420932878e+00 7.8092730139e+01
1.5736632537e+00 1.4159271900e+00 7.7926556587e+01
1.4360637088e+00 1.3488054608e+00 7.8273175841e+01
1.3857224118e+00 1.3118885097e+00 8.0244957075e+01
1.3857224118e+00 1.3387372014e+00 7.6451851250e+01
1.6642775882e+00 1.4494880546e+00 7.8964909704e+01
1.4864050057e+00 1.3722980660e+00 7.8322239603e+01
1.5132536974e+00 1.3890784983e+00 7.7765904866e+01
1.6877701934e+00 1.4662684869e+00 7.8132500576e+01
1.3655858931e+00 1.3118885097e+00 7.8704661572e+01
1.2917519909e+00 1.2816837315e+00 7.7841217718e+01
1.4662684869e+00 1.3588737201e+00 7.8878530121e+01
1.6005119454e+00 1.4394197952e+00 7.6578479999e+01
1.2749715586e+00 1.2615472127e+00 7.9625025561e+01
1.3051763367e+00 1.2749715586e+00 7.9873567309e+01
1.2581911263e+00 1.2481228669e+00 8.0512440397e+01
1.3320250284e+00 1.2917519909e+00 7.9282706003e+01
1.4327076223e+00 1.3521615472e+00 7.7606745797e+01
1.3991467577e+00 1.3320250284e+00 7.8146603822e+01
1.3722980660e+00 1.3018202503e+00 8.0890952986e+01
1.4562002275e+00 1.3588737201e+00 7.8205723931e+01
1.5870875995e+00 1.4159271900e+00 7.8755928545e+01
1.6038680319e+00 1.4192832765e+00 7.9375144895e+01
1.6575654152e+00 1.4528441411e+00 7.8108365264e+01
1.2816837315e+00 1.2716154721e+00 7.8568151562e+01
1.3857224118e+00 1.3085324232e+00 8.0840548294e+01
1.3085324232e+00 1.2984641638e+00 7.6731562747e+01
1.5535267349e+00 1.4025028441e+00 7.8475090156e+01
1.5266780432e+00 1.3790102389e+00 8.0124908963e+01
1.3018202503e+00 1.2850398180e+00 7.8070429018e+01
1.4830489192e+00 1.3622298066e+00 7.9561060914e+01
1.7817406143e+00 1.5166097838e+00 7.7106487161e+01
1.5501706485e+00 1.3991467577e+00 7.8725233071e+01
1.6810580205e+00 1.4696245734e+00 7.7342728175e+01
1.1742889647e+00 1.2112059158e+00 7.9562142385e+01
1.3320250284e+00 1.2917519909e+00 7.9282706003e+01
1.3286689420e+00 1.2850398180e+00 8.0117096192e+01
1.3890784983e+00 1.3320250284e+00 7.7493036415e+01
1.1742889647e+00 1.2044937429e+00 8.0778583288e+01
1.3420932878e+00 1.2951080774e+00 7.9530089850e+01
1.4998293515e+00 1.3790102389e+00 7.8266994175e+01
1.5333902162e+00 1.4058589306e+00 7.6854594219e+01
1.3152445961e+00 1.2883959044e+00 7.8541655929e+01
1.6172923777e+00 1.4360637088e+00 7.7912822771e+01
1.3555176337e+00 1.3085324232e+00 7.8480482802e+01
1.3555176337e+00 1.3118885097e+00 7.8006369171e+01
1.2447667804e+00 1.2514789534e+00 7.8825127493e+01
1.3387372014e+00 1.3018202503e+00 7.8268203814e+01
1.5736632537e+00 1.4159271900e+00 7.7926556587e+01
1.4696245734e+00 1.3756541524e+00 7.6868587660e+01
1.5132536974e+00 1.3924345848e+00 7.7339506860e+01
1.6474971559e+00 1.4562002275e+00 7.7130222835e+01
1.6005119454e+00 1.4293515358e+00 7.7789269832e+01
1.4562002275e+00 1.3488054608e+00 7.9686198513e+01
1.4427758817e+00 1.3555176337e+00 7.7797818856e+01
1.4964732651e+00 1.3857224118e+00 7.7192499528e+01
1.6877701934e+00 1.4864050057e+00 7.5806390843e+01
1.2380546075e+00 1.2548350398e+00 7.7833496992e+01
1.2951080774e+00 1.2649032992e+00 8.0782894985e+01
1.2716154721e+00 1.2548350398e+00 8.0502641291e+01
1.4662684869e+00 1.3622298066e+00 7.8400802276e+01
1.2313424346e+00 1.2581911263e+00 7.6920396328e+01
1.5703071672e+00 1.4394197952e+00 7.5068586297e+01
1.3085324232e+00 1.2783276451e+00 7.9589943950e+01
1.5098976109e+00 1.3722980660e+00 7.9951150249e+01
1.5937997725e+00 1.4293515358e+00 7.7404078583e+01
1.4327076223e+00 1.3387372014e+00 7.9520083264e+01
1.3890784983e+00 1.3286689420e+00 7.7940383243e+01
1.4696245734e+00 1.3521615472e+00 8.0167155963e+01
1.3991467577e+00 1.3286689420e+00 7.8621274380e+01
1.4629124005e+00 1.3555176337e+00 7.9140215050e+01
1.3555176337e+00 1.3051763367e+00 7.8977173578e+01
1.2078498294e+00 1.2346985210e+00 7.8539383469e+01
1.3420932878e+00 1.2951080774e+00 7.9530089850e+01
1.2548350398e+00 1.2581911263e+00 7.8572101214e+01
1.2514789534e+00 1.2514789534e+00 7.9357327526e+01
1.5031854380e+00 1.3790102389e+00 7.8483321757e+01
1.4964732651e+00 1.3756541524e+00 7.8512531710e+01
1.4864050057e+00 1.3655858931e+00 7.9287999453e+01
1.4897610922e+00 1.3823663254e+00 7.7215689401e+01
1.4025028441e+00 1.3387372014e+00 7.7464356839e+01
1.3454493743e+00 1.2951080774e+00 7.9796429207e+01
1.4964732651e+00 1.3689419795e+00 7.9494802758e+01
1.3790102389e+00 1.3118885097e+00 7.9706610590e+01
1.4864050057e+00 1.3756541524e+00 7.7870929920e+01
1.4998293515e+00 1.3823663254e+00 7.7819490496e+01
1.5669510808e+00 1.4226393629e+00 7.6721851980e+01
1.5367463026e+00 1.3924345848e+00 7.8794885499e+01
1.2951080774e+00 1.2682593857e+00 8.0176050170e+01
1.7616040956e+00 1.5031854380e+00 7.7636571500e+01
1.4427758817e+00 1.3353811149e+00 8.0888131133e+01
1.6911262799e+00 1.4763367463e+00 7.7086293176e+01
1.2212741752e+00 1.2313424346e+00 8.0207927080e+01
1.3655858931e+00 1.3085324232e+00 7.9211232895e+01
1.2615472127e+00 1.2682593857e+00 7.7612057650e+01
1.6642775882e+00 1.4629124005e+00 7.7238114285e+01
1.4562002275e+00 1.3588737201e+00 7.8205723931e+01
1.3186006826e+00 1.2816837315e+00 7.9851770899e+01
1.2078498294e+00 1.2279863481e+00 7.9612998956e+01
1.3588737201e+00 1.3085324232e+00 7.8718973097e+01
1.5300341297e+00 1.3790102389e+00 8.0381599151e+01
1.2447667804e+00 1.2514789534e+00 7.8825127493e+01
1.4327076223e+00 1.3588737201e+00 7.6763726973e+01
1.3722980660e+00 1.3253128555e+00 7.7306223024e+01
1.1910693970e+00 1.2179180887e+00 7.9880250793e+01
1.6172923777e+00 1.4427758817e+00 7.7086060638e+01
1.3353811149e+00 1.2883959044e+00 8.0102267635e+01
1.5401023891e+00 1.3924345848e+00 7.9017957496e+01
1.5870875995e+00 1.4192832765e+00 7.8297821289e+01
1.4125711035e+00 1.3320250284e+00 7.9076391335e+01
1.4159271900e+00 1.3454493743e+00 7.7432959480e+01
1.3655858931e+00 1.3051763367e+00 7.9745172921e+01
1.4830489192e+00 1.3588737201e+00 8.0097571749e+01
1.3857224118e+00 1.3219567691e+00 7.8656939703e+01
1.2481228669e+00 1.2481228669e+00 7.9633920454e+01
1.4461319681e+00 1.3488054608e+00 7.8957765940e+01
1.4662684869e+00 1.3488054608e+00 8.0468528339e+01
1.3152445961e+00 1.2783276451e+00 8.0143768687e+01
1.4528441411e+00 1.3655858931e+00 7.7122909869e+01
1.3622298066e+00 1.3085324232e+00 7.8962443963e+01
1.3186006826e+00 1.2917519909e+00 7.8294233874e+01
1.4629124005e+00 1.3622298066e+00 7.8181986703e+01
1.1977815700e+00 1.2346985210e+00 7.7786596196e+01
1.6676336746e+00 1.4629124005e+00 7.7420350577e+01
1.4025028441e+00 1.3219567691e+00 7.9903474071e+01
1.7179749716e+00 1.4830489192e+00 7.7724911761e+01
1.5098976109e+00 1.3957906712e+00 7.6740171990e+01
1.5199658703e+00 1.3756541524e+00 8.0165357134e+01
1.3622298066e+00 1.3152445961e+00 7.7994693227e+01
1.4562002275e+00 1.3521615472e+00 7.9168071325e+01
1.5065415245e+00 1.3857224118e+00 7.7792960433e+01
1.6944823663e+00 1.4796928328e+00 7.6873345444e+01
1.3320250284e+00 1.2850398180e+00 8.0402640502e+01
1.3890784983e+00 1.3186006826e+00 7.9408488915e+01
1.3991467577e+00 1.3320250284e+00 7.8146603822e+01
1.3152445961e+00 1.2850398180e+00 7.9047313545e+01
1.4427758817e+00 1.3454493743e+00 7.9221821069e+01
1.3353811149e+00 1.2917519909e+00 7.9543946296e+01
1.6474971559e+00 1.4528441411e+00 7.7534533020e+01
1.5266780432e+00 1.3857224118e+00 7.9088638757e+01
1.4763367463e+00 1.3555176337e+00 8.0132679622e+01
1.2783276451e+00 1.2514789534e+00 8.1815083477e+01
1.4562002275e+00 1.3488054608e+00 7.9686198513e+01
1.3857224118e+00 1.3152445961e+00 7.9686061849e+01
1.3051763367e+00 1.2749715586e+00 7.9873567309e+01
1.4864050057e+00 1.3722980660e+00 7.8322239603e+01
1.5166097838e+00 1.3857224118e+00 7.8423280228e+01
1.5635949943e+00 1.4058589306e+00 7.8653717030e+01
1.3118885097e+00 1.2749715586e+00 8.0445695581e+01
1.3286689420e+00 1.2783276451e+00 8.1354450889e+01
1.4427758817e+00 1.3555176337e+00 7.7797818856e+01
1.4226393629e+00 1.3420932878e+00 7.8314885953e+01
1.4830489192e+00 1.3655858931e+00 7.9052891069e+01
1.5401023891e+00 1.4025028441e+00 7.7652643321e+01
1.5333902162e+00 1.3823663254e+00 8.0083946894e+01
1.4964732651e+00 1.3756541524e+00 7.8512531710e+01
1.5065415245e+00 1.3890784983e+00 7.7364813580e+01
1.4293515358e+00 1.3454493743e+00 7.8294365083e+01
1.4830489192e+00 1.3588737201e+00 8.0097571749e+01
1.3085324232e+00 1.2749715586e+00 8.0155577170e+01
1.2313424346e+00 1.2380546075e+00 7.9916684553e+01
1.3823663254e+00 1.3186006826e+00 7.8913336733e+01
1.2951080774e+00 1.2783276451e+00 7.8560346586e+01
1.4293515358e+00 1.3488054608e+00 7.7837460162e+01
1.3320250284e+00 1.3051763367e+00 7.7360152329e+01
1.5300341297e+00 1.3857224118e+00 7.9319334261e+01
1.4360637088e+00 1.3454493743e+00 7.8748842065e+01
1.5132536974e+00 1.3857224118e+00 7.8209564664e+01
1.5803754266e+00 1.4125711035e+00 7.8794659982e+01
1.4293515358e+00 1.3521615472e+00 7.7398935195e+01
1.4259954494e+00 1.3387372014e+00 7.9031041049e+01
1.4394197952e+00 1.3353811149e+00 8.0604741666e+01
1.2951080774e+00 1.2716154721e+00 7.9607061206e+01
1.5904436860e+00 1.4259954494e+00 7.7628953242e+01
1.5736632537e+00 1.4259954494e+00 7.6693993054e+01
1.5736632537e+00 1.4226393629e+00 7.7090142154e+01
1.4427758817e+00 1.3420932878e+00 7.9744833550e+01
1.8085893060e+00 1.5166097838e+00 7.8541594236e+01
1.4461319681e+00 1.3521615472e+00 7.8473901711e+01
1.3756541524e+00 1.3118885097e+00 7.9447466795e+01
1.5770193402e+00 1.4125711035e+00 7.8580430501e+01
1.3890784983e+00 1.3219567691e+00 7.8895376479e+01
1.3790102389e+00 1.3152445961e+00 7.9176670914e+01
1.3286689420e+00 1.2951080774e+00 7.8524698801e+01
1.4763367463e+00 1.3555176337e+00 8.0132679622e+01
1.3085324232e+00 1.2816837315e+00 7.9055826735e+01
1.5770193402e+00 1.4259954494e+00 7.6875881302e+01
1.4058589306e+00 1.3286689420e+00 7.9097973323e+01
1.8018771331e+00 1.5065415245e+00 7.9513220934e+01
1.5065415245e+00 1.3756541524e+00 7.9190797064e+01
1.4461319681e+00 1.3420932878e+00 8.0002412726e+01
1.5468145620e+00 1.3957906712e+00 7.8981882744e+01
1.4125711035e+00 1.3286689420e+00 7.9595799292e+01
1.3488054608e+00 1.3118885097e+00 7.7561844229e+01
1.2682593857e+00 1.2514789534e+00 8.0817765151e+01
1.5132536974e+00 1.3890784983e+00 7.7765904866e+01
1.3521615472e+00 1.2984641638e+00 7.9780244346e+01
1.5736632537e+00 1.4092150171e+00 7.8832977911e+01
1.6273606371e+00 1.4427758817e+00 7.7645814775e+01
1.5568828214e+00 1.4025028441e+00 7.8689702111e+01
1.6139362912e+00 1.4427758817e+00 7.6904573745e+01
1.4394197952e+00 1.3622298066e+00 7.6747513630e+01
1.5367463026e+00 1.3823663254e+00 8.0338633112e+01
1.4360637088e+00 1.3488054608e+00 7.8273175841e+01
1.4696245734e+00 1.3756541524e+00 7.6868587660e+01
1.6206484642e+00 1.4360637088e+00 7.8110431941e+01
1.3991467577e+00 1.3320250284e+00 7.8146603822e+01
1.5333902162e+00 1.4092150171e+00 7.6462342781e+01
1.5266780432e+00 1.3924345848e+00 7.8150044634e+01
1.3521615472e+00 1.2984641638e+00 7.9780244346e+01
1.4394197952e+00 1.3454493743e+00 7.8982871930e+01
1.2447667804e+00 1.2380546075e+00 8.1159200295e+01
1.4394197952e+00 1.3488054608e+00 7.8496995076e+01
1.4394197952e+00 1.3420932878e+00 7.9493401677e+01
1.4360637088e+00 1.3420932878e+00 7.9247685577e+01
1.4125711035e+00 1.3286689420e+00 7.9595799292e+01
1.5434584755e+00 1.4125711035e+00 7.6619335410e+01
1.2145620023e+00 1.2212741752e+00 8.1500973561e+01
1.3555176337e+00 1.3051763367e+00 7.8977173578e+01
1.6374288965e+00 1.4427758817e+00 7.8231075993e+01
1.4192832765e+00 1.3253128555e+00 8.0699228738e+01
1.3420932878e+00 1.2951080774e+00 7.9530089850e+01
1.2179180887e+00 1.2380546075e+00 7.8808143708e+01
1.4259954494e+00 1.3488054608e+00 7.7625143435e+01
1.6038680319e+00 1.4327076223e+00 7.7561132676e+01
1.4226393629e+00 1.3454493743e+00 7.7856310676e+01
1.6374288965e+00 1.4394197952e+00 7.8680468423e+01
1.4327076223e+00 1.3420932878e+00 7.9007301685e+01
1.5166097838e+00 1.3790102389e+00 7.9391134947e+01
1.6709897611e+00 1.4562002275e+00 7.8461931556e+01
1.7716723549e+00 1.5233219568e+00 7.5890793552e+01
1.5031854380e+00 1.3823663254e+00 7.8027252334e+01
1.4494880546e+00 1.3454493743e+00 7.9715856859e+01
1.2481228669e+00 1.2481228669e+00 7.9633920454e+01
1.4662684869e+00 1.3555176337e+00 7.9379871763e+01
1.4528441411e+00 1.3555176337e+00 7.8450163247e+01
1.4360637088e+00 1.3387372014e+00 7.9773112642e+01
1.5568828214e+00 1.4058589306e+00 7.8231034671e+01
1.6609215017e+00 1.4562002275e+00 7.7873962668e+01
1.5233219568e+00 1.3823663254e+00 7.9355494278e+01
1.3152445961e+00 1.2816837315e+00 7.9579890875e+01
1.4998293515e+00 1.3823663254e+00 7.7819490496e+01
1.4864050057e+00 1.3790102389e+00 7.7437591440e+01
1.5300341297e+00 1.3857224118e+00 7.9319334261e+01
1.6307167235e+00 1.4360637088e+00 7.8723254392e+01
1.3689419795e+00 1.3118885097e+00 7.8946884930e+01
1.1205915813e+00 1.1776450512e+00 8.0630900452e+01
1.2481228669e+00 1.2447667804e+00 8.0212858370e+01
1.5098976109e+00 1.3857224118e+00 7.7999521325e+01
1.5904436860e+00 1.4293515358e+00 7.7215662466e+01
1.3353811149e+00 1.2816837315e+00 8.1334797753e+01
1.6005119454e+00 1.4360637088e+00 7.6967990538e+01
1.3018202503e+00 1.2883959044e+00 7.7606777400e+01
1.5703071672e+00 1.4259954494e+00 7.6514447665e+01
1.3924345848e+00 1.3186006826e+00 7.9664690036e+01
1.3957906712e+00 1.3286689420e+00 7.8390029087e+01
1.3890784983e+00 1.3219567691e+00 7.8895376479e+01
1.5367463026e+00 1.3924345848e+00 7.8794885499e+01
1.4830489192e+00 1.3622298066e+00 7.9561060914e+01
1.4729806598e+00 1.3622298066e+00 7.8850858039e+01
1.5568828214e+00 1.4025028441e+00 7.8689702111e+01
1.4830489192e+00 1.3790102389e+00 7.7238341437e+01
1.5031854380e+00 1.3790102389e+00 7.8483321757e+01
1.5837315131e+00 1.4192832765e+00 7.8093674783e+01
1.4494880546e+00 1.3622298066e+00 7.7343169027e+01
1.8488623436e+00 1.5468145620e+00 7.7023378021e+01
1.7146188851e+00 1.4830489192e+00 7.7542159851e+01
1.5602389078e+00 1.4025028441e+00 7.8908327291e+01
1.4092150171e+00 1.3219567691e+00 8.0446190059e+01
1.4629124005e+00 1.3588737201e+00 7.8649978183e+01
1.4796928328e+00 1.3655858931e+00 7.8822578420e+01
1.4360637088e+00 1.3588737201e+00 7.6960353091e+01
1.5770193402e+00 1.4125711035e+00 7.8580430501e+01
1.4360637088e+00 1.3488054608e+00 7.8273175841e+01
1.6005119454e+00 1.4226393629e+00 7.8677269875e+01
1.4696245734e+00 1.3655858931e+00 7.8157643294e+01
1.6005119454e+00 1.4327076223e+00 7.7371133569e+01
1.3991467577e+00 1.3286689420e+00 7.8621274380e+01
1.6240045506e+00 1.4461319681e+00 7.7052730413e+01
1.4763367463e+00 1.3722980660e+00 7.7687941731e+01
1.6307167235e+00 1.4461319681e+00 7.7420993603e+01
1.3756541524e+00 1.3118885097e+00 7.9447466795e+01
1.4125711035e+00 1.3353811149e+00 7.8582656558e+01
1.6072241183e+00 1.4293515358e+00 7.8186519489e+01
1.6374288965e+00 1.4629124005e+00 7.5861050932e+01
1.7079067122e+00 1.4864050057e+00 7.6797393743e+01
1.5736632537e+00 1.4025028441e+00 7.9828210428e+01
1.2447667804e+00 1.2447667804e+00 7.9919048205e+01
1.3689419795e+00 1.3219567691e+00 7.7530758523e+01
1.7213310580e+00 1.4763367463e+00 7.8782110935e+01
1.3253128555e+00 1.2816837315e+00 8.0418022619e+01
1.4327076223e+00 1.3320250284e+00 8.0636999602e+01
1.2615472127e+00 1.2514789534e+00 8.0208074687e+01
1.4696245734e+00 1.3521615472e+00 8.0167155963e+01
1.3152445961e+00 1.2783276451e+00 8.0143768687e+01
1.2447667804e+00 1.2481228669e+00 7.9356776907e+01
1.2917519909e+00 1.2850398180e+00 7.7385651566e+01
1.4394197952e+00 1.3320250284e+00 8.1217003910e+01
1.5166097838e+00 1.3890784983e+00 7.7971266082e+01
1.4796928328e+00 1.3655858931e+00 7.8822578420e+01
1.6844141069e+00 1.4696245734e+00 7.7525163716e+01
1.6609215017e+00 1.4629124005e+00 7.7058338051e+01
1.2749715586e+00 1.2649032992e+00 7.9083895958e+01
1.6072241183e+00 1.4327076223e+00 7.7753960556e+01
1.4461319681e+00 1.3588737201e+00 7.7568052062e+01
1.2414106940e+00 1.2481228669e+00 7.9086470286e+01
1.3286689420e+00 1.2917519909e+00 7.9027505322e+01
1.2883959044e+00 1.2783276451e+00 7.8077826494e+01
1.5098976109e+00 1.3790102389e+00 7.8928211887e+01
1.2850398180e+00 1.2615472127e+00 8.0488153261e+01
1.4327076223e+00 1.3454493743e+00 7.8519430377e+01
1.4562002275e+00 1.3588737201e+00 7.8205723931e+01
1.3857224118e+00 1.3320250284e+00 7.7282357986e+01
1.2951080774e+00 1.2649032992e+00 8.0782894985e+01
1.3722980660e+00 1.3152445961e+00 7.8689542878e+01
1.3085324232e+00 1.2984641638e+00 7.6731562747e+01
1.5098976109e+00 1.3857224118e+00 7.7999521325e+01
1.5266780432e+00 1.3924345848e+00 7.8150044634e+01
1.5401023891e+00 1.3957906712e+00 7.8542862357e+01
1.3722980660e+00 1.3085324232e+00 7.9726319797e+01
1.2145620023e+00 1.2346985210e+00 7.9068975569e+01
1.3320250284e+00 1.2951080774e+00 7.8767866946e+01
1.5803754266e+00 1.4259954494e+00 7.7060211388e+01
1.4931171786e+00 1.3756541524e+00 7.8294895838e+01
1.5635949943e+00 1.4159271900e+00 7.7338888787e+01
1.4327076223e+00 1.3521615472e+00 7.7606745797e+01
1.4394197952e+00 1.3488054608e+00 7.8496995076e+01
1.4192832765e+00 1.3488054608e+00 7.7210671127e+01
1.5333902162e+00 1.3823663254e+00 8.0083946894e+01
1.4125711035e+00 1.3454493743e+00 7.7226338163e+01
1.4662684869e+00 1.3588737201e+00 7.8878530121e+01
1.2883959044e+00 1.2649032992e+00 8.0184679461e+01
1.5770193402e+00 1.4092150171e+00 7.9052777050e+01
1.6307167235e+00 1.4528441411e+00 7.6630686519e+01
1.3588737201e+00 1.3387372014e+00 7.4966843516e+01
1.4226393629e+00 1.3454493743e+00 7.7856310676e+01
1.1742889647e+00 1.2078498294e+00 8.0150134396e+01
1.7884527873e+00 1.5233219568e+00 7.6686037896e+01
1.3991467577e+00 1.3353811149e+00 7.7692136995e+01
1.5065415245e+00 1.3790102389e+00 7.8703648009e+01
1.5669510808e+00 1.4159271900e+00 7.7531820868e+01
1.4864050057e+00 1.3722980660e+00 7.8322239603e+01
1.3555176337e+00 1.3051763367e+00 7.8977173578e+01
1.4964732651e+00 1.3689419795e+00 7.9494802758e+01
1.2414106940e+00 1.2414106940e+00 8.0213462557e+01
1.4159271900e+00 1.3454493743e+00 7.7432959480e+01
1.5266780432e+00 1.3857224118e+00 7.9088638757e+01
1.6072241183e+00 1.4360637088e+00 7.7337803230e+01
1.6072241183e+00 1.4293515358e+00 7.8186519489e+01
1.3018202503e+00 1.2716154721e+00 8.0166343545e+01
1.5870875995e+00 1.4226393629e+00 7.7858722775e+01
1.7213310580e+00 1.4864050057e+00 7.7499540990e+01
1.4830489192e+00 1.3756541524e+00 7.7664210863e+01
1.5434584755e+00 1.4092150171e+00 7.7015956060e+01
1.4427758817e+00 1.3555176337e+00 7.7797818856e+01
1.2951080774e+00 1.2783276451e+00 7.8560346586e+01
1.4629124005e+00 1.3555176337e+00 7.9140215050e+01
1.5266780432e+00 1.3957906712e+00 7.7710260634e+01
1.4226393629e+00 1.3387372014e+00 7.8794285012e+01
1.3051763367e+00 1.2783276451e+00 7.9323516539e+01
1.4998293515e+00 1.3790102389e+00 7.8266994175e+01
1.5266780432e+00 1.3857224118e+00 7.9088638757e+01
1.3219567691e+00 1.2883959044e+00 7.9037868167e+01
1.3555176337e+00 1.2984641638e+00 8.0052025489e+01
1.3420932878e+00 1.2984641638e+00 7.9004086120e+01
1.4830489192e+00 1.3722980660e+00 7.8107186175e+01
1.4092150171e+00 1.3555176337e+00 7.5830834642e+01
1.5602389078e+00 1.4159271900e+00 7.7148735379e+01
1.3588737201e+00 1.3051763367e+00 7.9227264469e+01
1.2951080774e+00 1.2749715586e+00 7.9069997734e+01
1.2044937429e+00 1.2246302617e+00 7.9897405597e+01
1.4192832765e+00 1.3420932878e+00 7.8092730139e+01
1.5065415245e+00 1.3823663254e+00 7.8238546528e+01
1.6038680319e+00 1.4293515358e+00 7.7986313354e+01
1.2649032992e+00 1.2514789534e+00 8.0508135983e+01
1.5971558589e+00 1.4259954494e+00 7.8022493581e+01
1.4696245734e+00 1.3622298066e+00 7.8623678138e+01
1.4998293515e+00 1.3890784983e+00 7.6975577758e+01
1.3387372014e+00 1.3018202503e+00 7.8268203814e+01
1.3353811149e+00 1.3018202503e+00 7.8036632368e+01
1.3018202503e+00 1.2783276451e+00 7.9063393028e+01
1.4662684869e+00 1.3588737201e+00 7.8878530121e+01
1.3186006826e+00 1.2783276451e+00 8.0432380556e+01
1.5803754266e+00 1.4125711035e+00 7.8794659982e+01
1.5434584755e+00 1.3991467577e+00 7.8297044264e+01
1.7313993174e+00 1.4998293515e+00 7.6476527954e+01
1.6172923777e+00 1.4461319681e+00 7.6694229090e+01
1.4327076223e+00 1.3387372014e+00 7.9520083264e+01
1.3253128555e+00 1.2883959044e+00 7.9294318663e+01
1.5132536974e+00 1.3957906712e+00 7.6928670484e+01
1.3957906712e+00 1.3186006826e+00 7.9927223311e+01
1.6642775882e+00 1.4763367463e+00 7.5740931432e+01
1.2716154721e+00 1.2615472127e+00 7.9352460501e+01
1.4025028441e+00 1.3320250284e+00 7.8372310252e+01
1.2816837315e+00 1.2716154721e+00 7.8568151562e+01
1.5333902162e+00 1.3957906712e+00 7.8119529269e+01
1.5266780432e+00 1.3957906712e+00 7.7710260634e+01
1.4259954494e+00 1.3320250284e+00 8.0090171698e+01
1.3219567691e+00 1.2850398180e+00 7.9568862870e+01
1.2984641638e+00 1.2749715586e+00 7.9331317986e+01
1.4998293515e+00 1.3823663254e+00 7.7819490496e+01
1.4562002275e+00 1.3655858931e+00 7.7323363120e+01
1.4025028441e+00 1.3320250284e+00 7.8372310252e+01
1.3857224118e+00 1.3152445961e+00 7.9686061849e+01
1.2917519909e+00 1.2749715586e+00 7.8814598654e+01
1.2716154721e+00 1.2615472127e+00 7.9352460501e+01
1.2313424346e+00 1.2447667804e+00 7.8818808053e+01
1.5333902162e+00 1.3957906712e+00 7.8119529269e+01
1.4461319681e+00 1.3353811149e+00 8.1180422999e+01
1.3286689420e+00 1.2984641638e+00 7.8045089747e+01
1.3085324232e+00 1.2883959044e+00 7.8065393167e+01
1.3756541524e+00 1.3152445961e+00 7.8930511023e+01
1.3655858931e+00 1.3118885097e+00 7.8704661572e+01
1.4629124005e+00 1.3722980660e+00 7.6888096287e+01
1.5434584755e+00 1.4025028441e+00 7.7853224124e+01
1.6072241183e+00 1.4293515358e+00 7.8186519489e+01
1.5904436860e+00 1.4092150171e+00 7.9978568236e+01
1.3823663254e+00 1.3118885097e+00 7.9972263322e+01
1.4360637088e+00 1.3387372014e+00 7.9773112642e+01
1.5233219568e+00 1.3924345848e+00 7.7942497777e+01
1.6609215017e+00 1.4528441411e+00 7.8305660617e+01
1.6542093288e+00 1.4595563140e+00 7.7094439085e+01
1.6743458476e+00 1.4662684869e+00 7.7381684089e+01
1.3118885097e+00 1.2917519909e+00 7.7829096521e+01
1.4897610922e+00 1.3857224118e+00 7.6806756095e+01
1.2984641638e+00 1.2749715586e+00 7.9331317986e+01
1.4897610922e+00 1.3689419795e+00 7.9022577752e+01
1.3689419795e+00 1.3118885097e+00 7.8946884930e+01
1.3320250284e+00 1.3051763367e+00 7.7360152329e+01
1.4226393629e+00 1.3253128555e+00 8.0988842556e+01
1.3722980660e+00 1.3085324232e+00 7.9726319797e+01
1.4763367463e+00 1.3689419795e+00 7.8132705796e+01
1.4528441411e+00 1.3588737201e+00 7.7989545840e+01
1.5669510808e+00 1.4125711035e+00 7.7959841368e+01
1.4058589306e+00 1.3286689420e+00 7.9097973323e+01
1.4092150171e+00 1.3253128555e+00 7.9878928091e+01
1.6407849829e+00 1.4461319681e+00 7.7993666361e+01
1.4528441411e+00 1.3622298066e+00 7.7547778655e+01
1.6105802048e+00 1.4293515358e+00 7.8390052046e+01
1.4830489192e+00 1.3588737201e+00 8.0097571749e+01
1.4562002275e+00 1.3622298066e+00 7.7755668784e+01
1.5166097838e+00 1.3823663254e+00 7.8895658704e+01
1.4092150171e+00 1.3420932878e+00 7.7448992177e+01
1.4796928328e+00 1.3756541524e+00 7.7460768388e+01
1.3655858931e+00 1.3186006826e+00 7.7760154258e+01
1.5098976109e+00 1.3689419795e+00 8.0507407983e+01
1.4696245734e+00 1.3655858931e+00 7.8157643294e+01
1.5132536974e+00 1.3790102389e+00 7.9157276930e+01
1.4327076223e+00 1.3353811149e+00 8.0061645986e+01
1.5736632537e+00 1.4125711035e+00 7.8370017151e+01
1.3722980660e+00 1.3085324232e+00 7.9726319797e+01
1.3756541524e+00 1.3253128555e+00 7.7518906256e+01
1.3790102389e+00 1.3219567691e+00 7.8194037772e+01
1.2649032992e+00 1.2548350398e+00 7.9913848708e+01
1.7146188851e+00 1.4830489192e+00 7.7542159851e+01
1.5166097838e+00 1.3857224118e+00 7.8423280228e+01
1.4629124005e+00 1.3555176337e+00 7.9140215050e+01
1.5098976109e+00 1.3756541524e+00 7.9426242566e+01
1.4293515358e+00 1.3521615472e+00 7.7398935195e+01
1.3655858931e+00 1.3085324232e+00 7.9211232895e+01
1.3924345848e+00 1.3353811149e+00 7.7269372453e+01
1.4159271900e+00 1.3320250284e+00 7.9321060792e+01
1.6038680319e+00 1.4394197952e+00 7.6756319872e+01
1.3756541524e+00 1.3186006826e+00 7.8438734158e+01
1.3823663254e+00 1.3219567691e+00 7.8423254273e+01
1.7683162685e+00 1.5065415245e+00 7.7590290953e+01
1.2246302617e+00 1.2346985210e+00 7.9913706648e+01
1.4696245734e+00 1.3689419795e+00 7.7711102492e+01
1.2984641638e+00 1.2783276451e+00 7.8809133488e+01
1.6206484642e+00 1.4394197952e+00 7.7682223782e+01
1.5031854380e+00 1.3857224118e+00 7.7589707887e+01
1.4394197952e+00 1.3588737201e+00 7.7159856479e+01
1.3420932878e+00 1.2951080774e+00 7.9530089850e+01
1.3857224118e+00 1.3353811149e+00 7.6859654979e+01
1.4562002275e+00 1.3622298066e+00 7.7755668784e+01
1.4259954494e+00 1.3420932878e+00 7.8541194536e+01
1.4763367463e+00 1.3689419795e+00 7.8132705796e+01
1.4931171786e+00 1.3689419795e+00 7.9256172088e+01
1.5065415245e+00 1.3722980660e+00 7.9703136585e+01
1.4360637088e+00 1.3420932878e+00 7.9247685577e+01
1.6072241183e+00 1.4528441411e+00 7.5455320735e+01
1.2816837315e+00 1.2581911263e+00 8.0802691733e+01
1.5166097838e+00 1.3823663254e+00 7.8895658704e+01
1.5937997725e+00 1.4360637088e+00 7.6607952915e+01
1.3253128555e+00 1.2883959044e+00 7.9294318663e+01
1.3857224118e+00 1.3152445961e+00 7.9686061849e+01
1.4058589306e+00 1.3253128555e+00 7.9619542555e+01
1.4293515358e+00 1.3387372014e+00 7.9272856953e+01
1.5300341297e+00 1.3890784983e+00 7.8828982928e+01
1.3924345848e+00 1.3152445961e+00 8.0221196836e+01
1.4293515358e+00 1.3320250284e+00 8.0359799633e+01
1.4595563140e+00 1.3588737201e+00 7.8425792529e+01
1.6407849829e+00 1.4461319681e+00 7.7993666361e+01
1.7783845279e+00 1.5031854380e+00 7.8565900403e+01
1.4293515358e+00 1.3488054608e+00 7.7837460162e+01
1.2883959044e+00 1.2749715586e+00 7.8564723673e+01
1.4629124005e+00 1.3655858931e+00 7.7733681945e+01
1.5837315131e+00 1.4159271900e+00 7.8543151574e+01
1.3521615472e+00 1.2984641638e+00 7.9780244346e+01
1.3387372014e+00 1.2951080774e+00 7.9270178919e+01
1.3957906712e+00 1.3253128555e+00 7.8876644611e+01
1.6105802048e+00 1.4494880546e+00 7.5975752198e+01
1.3085324232e+00 1.2917519909e+00 7.7602831231e+01
1.4763367463e+00 1.3655858931e+00 7.8596770678e+01
1.6743458476e+00 1.4729806598e+00 7.6601944950e+01
1.5199658703e+00 1.3857224118e+00 7.8640875517e+01
1.6307167235e+00 1.4427758817e+00 7.7837888945e+01
1.5602389078e+00 1.4058589306e+00 7.8440509857e+01
1.5635949943e+00 1.3991467577e+00 7.9632750451e+01
1.3118885097e+00 1.2951080774e+00 7.7376611899e+01
1.4864050057e+00 1.3823663254e+00 7.7020412926e+01
1.1172354949e+00 1.1810011377e+00 7.9690788982e+01
1.2380546075e+00 1.2481228669e+00 7.8822504195e+01
1.4427758817e+00 1.3588737201e+00 7.7362373631e+01
1.4629124005e+00 1.3555176337e+00 7.9140215050e+01
1.4696245734e+00 1.3722980660e+00 7.7281990582e+01
1.4360637088e+00 1.3387372014e+00 7.9773112642e+01
1.4864050057e+00 1.3790102389e+00 7.7437591440e+01
1.5434584755e+00 1.3991467577e+00 7.8297044264e+01
1.3051763367e+00 1.2951080774e+00 7.6944562821e+01
1.5635949943e+00 1.4058589306e+00 7.8653717030e+01
1.5837315131e+00 1.4259954494e+00 7.7247089376e+01
1.4830489192e+00 1.3722980660e+00 7.8107186175e+01
1.5300341297e+00 1.3924345848e+00 7.8361156493e+01
1.4360637088e+00 1.3387372014e+00 7.9773112642e+01
1.3219567691e+00 1.2984641638e+00 7.7592418289e+01
1.4763367463e+00 1.3588737201e+00 7.9593290194e+01
1.3521615472e+00 1.3051763367e+00 7.8732463457e+01
1.5367463026e+00 1.4058589306e+00 7.7042630630e+01
1.2581911263e+00 1.2548350398e+00 7.9356781807e+01
1.5803754266e+00 1.4226393629e+00 7.7468776008e+01
1.5568828214e+00 1.4058589306e+00 7.8231034671e+01
1.4259954494e+00 1.3454493743e+00 7.8073399870e+01
1.1138794084e+00 1.1675767918e+00 8.2020689137e+01
1.3051763367e+00 1.2783276451e+00 7.9323516539e+01
1.4964732651e+00 1.3823663254e+00 7.7615083028e+01
1.5065415245e+00 1.3790102389e+00 7.8703648009e+01
1.4092150171e+00 1.3387372014e+00 7.7892011916e+01
1.2883959044e+00 1.2649032992e+00 8.0184679461e+01
1.5837315131e+00 1.4159271900e+00 7.8543151574e+01
1.4729806598e+00 1.3722980660e+00 7.7483386436e+01
1.5031854380e+00 1.3790102389e+00 7.8483321757e+01
1.4696245734e+00 1.3655858931e+00 7.8157643294e+01
1.2917519909e+00 1.2749715586e+00 7.8814598654e+01
1.5166097838e+00 1.3890784983e+00 7.7971266082e+01
1.3991467577e+00 1.3353811149e+00 7.7692136995e+01
1.2917519909e+00 1.2917519909e+00 7.6526175083e+01
1.3790102389e+00 1.3219567691e+00 7.8194037772e+01
1.2783276451e+00 1.2649032992e+00 7.9348714752e+01
1.6206484642e+00 1.4427758817e+00 7.7270022371e+01
1.3790102389e+00 1.3186006826e+00 7.8673630960e+01
1.5031854380e+00 1.3857224118e+00 7.7589707887e+01
1.4125711035e+00 1.3387372014e+00 7.8111382536e+01
1.4864050057e+00 1.3790102389e+00 7.7437591440e+01
1.3118885097e+00 1.2783276451e+00 7.9863172672e+01
1.3018202503e+00 1.2749715586e+00 7.9599006061e+01
1.3353811149e+00 1.3118885097e+00 7.6715636479e+01
1.3253128555e+00 1.3018202503e+00 7.7366443950e+01
1.5266780432e+00 1.3857224118e+00 7.9088638757e+01
1.3756541524e+00 1.3320250284e+00 7.6669469210e+01
1.2716154721e+00 1.2548350398e+00 8.0502641291e+01
1.6206484642e+00 1.4360637088e+00 7.8110431941e+01
1.6944823663e+00 1.4696245734e+00 7.8088546279e+01
1.3823663254e+00 1.3152445961e+00 7.9428385522e+01
1.4528441411e+00 1.3488054608e+00 7.9437967086e+01
1.3957906712e+00 1.3186006826e+00 7.9927223311e+01
1.3924345848e+00 1.3219567691e+00 7.9138877814e+01
1.2548350398e+00 1.2514789534e+00 7.9633356827e+01
1.4494880546e+00 1.3622298066e+00 7.7343169027e+01
1.2816837315e+00 1.2615472127e+00 8.0192213913e+01
1.2313424346e+00 1.2313424346e+00 8.1161912553e+01
1.4864050057e+00 1.3722980660e+00 7.8322239603e+01
1.4494880546e+00 1.3488054608e+00 7.9195278133e+01
1.5300341297e+00 1.3991467577e+00 7.7483048264e+01
1.3924345848e+00 1.3286689420e+00 7.8163147560e+01
1.4025028441e+00 1.3320250284e+00 7.8372310252e+01
1.5568828214e+00 1.4159271900e+00 7.6961238890e+01
1.5602389078e+00 1.4025028441e+00 7.8908327291e+01
1.3790102389e+00 1.3186006826e+00 7.8673630960e+01
1.4427758817e+00 1.3521615472e+00 7.8251330886e+01
1.7750284414e+00 1.5199658703e+00 7.6403228821e+01
1.4796928328e+00 1.3622298066e+00 7.9319234713e+01
1.3790102389e+00 1.3253128555e+00 7.7735127226e+01
1.5535267349e+00 1.4092150171e+00 7.7593136322e+01
1.6172923777e+00 1.4394197952e+00 7.7491788586e+01
1.5333902162e+00 1.3823663254e+00 8.0083946894e+01
1.3790102389e+00 1.3253128555e+00 7.7735127226e+01
1.4125711035e+00 1.3219567691e+00 8.0729161195e+01
1.2850398180e+00 1.2783276451e+00 7.7843495155e+01
1.6642775882e+00 1.4562002275e+00 7.8066848515e+01
1.5602389078e+00 1.4025028441e+00 7.8908327291e+01
1.3722980660e+00 1.3253128555e+00 7.7306223024e+01
1.4494880546e+00 1.3622298066e+00 7.7343169027e+01
1.6005119454e+00 1.4259954494e+00 7.8224007383e+01
1.4058589306e+00 1.3286689420e+00 7.9097973323e+01
1.4226393629e+00 1.3387372014e+00 7.8794285012e+01
1.2749715586e+00 1.2649032992e+00 7.9083895958e+01
1.3689419795e+00 1.3118885097e+00 7.8946884930e+01
1.5065415245e+00 1.3790102389e+00 7.8703648009e+01
1.5468145620e+00 1.3991467577e+00 7.8509211467e+01
1.3320250284e+00 1.2816837315e+00 8.1019022964e+01
1.4830489192e+00 1.3722980660e+00 7.8107186175e+01
1.5401023891e+00 1.3857224118e+00 8.0042486073e+01
1.6810580205e+00 1.4562002275e+00 7.9080383609e+01
1.4729806598e+00 1.3790102389e+00 7.6657697492e+01
1.4864050057e+00 1.3722980660e+00 7.8322239603e+01
1.3286689420e+00 1.2951080774e+00 7.8524698801e+01
1.5367463026e+00 1.3991467577e+00 7.7883465976e+01
1.3588737201e+00 1.3253128555e+00 7.6487562967e+01
1.3588737201e+00 1.3085324232e+00 7.8718973097e+01
1.2346985210e+00 1.2346985210e+00 8.0833783113e+01
1.3118885097e+00 1.2749715586e+00 8.0445695581e+01
1.3286689420e+00 1.2816837315e+00 8.0713766481e+01
1.3488054608e+00 1.3018202503e+00 7.8991059176e+01
1.5602389078e+00 1.4025028441e+00 7.8908327291e+01
1.6172923777e+00 1.4461319681e+00 7.6694229090e+01
1.5568828214e+00 1.4092150171e+00 7.7791341555e+01
1.3722980660e+00 1.3085324232e+00 7.9726319797e+01
1.3555176337e+00 1.3051763367e+00 7.8977173578e+01
1.5434584755e+00 1.3991467577e+00 7.8297044264e+01
1.5703071672e+00 1.4192832765e+00 7.7308711815e+01
1.5837315131e+00 1.4092150171e+00 7.9505745975e+01
1.3320250284e+00 1.2917519909e+00 7.9282706003e+01
1.4897610922e+00 1.3689419795e+00 7.9022577752e+01
1.5870875995e+00 1.4259954494e+00 7.7436629149e+01
1.4327076223e+00 1.3420932878e+00 7.9007301685e+01
1.6374288965e+00 1.4595563140e+00 7.6224065046e+01
1.6407849829e+00 1.4528441411e+00 7.7165681271e+01
1.5736632537e+00 1.4226393629e+00 7.7090142154e+01
1.3823663254e+00 1.3353811149e+00 7.6659311150e+01
1.4662684869e+00 1.3588737201e+00 7.8878530121e+01
1.2682593857e+00 1.2615472127e+00 7.9086508187e+01
1.6172923777e+00 1.4293515358e+00 7.8807826073e+01
1.6072241183e+00 1.4192832765e+00 7.9603571248e+01
1.5736632537e+00 1.4293515358e+00 7.6310818406e+01
1.4696245734e+00 1.3655858931e+00 7.8157643294e+01
1.2380546075e+00 1.2481228669e+00 7.8822504195e+01
1.1877133106e+00 1.2112059158e+00 8.0800659287e+01
1.0568259386e+00 1.1541524460e+00 7.8841934945e+01
1.3756541524e+00 1.3253128555e+00 7.7518906256e+01
1.4427758817e+00 1.3555176337e+00 7.7797818856e+01
1.2011376564e+00 1.2246302617e+00 7.9605324165e+01
1.4729806598e+00 1.3622298066e+00 7.8850858039e+01
1.4192832765e+00 1.3521615472e+00 7.6794323199e+01
1.5300341297e+00 1.3823663254e+00 7.9835483906e+01
1.1977815700e+00 1.2279863481e+00 7.8783769664e+01
1.4192832765e+00 1.3387372014e+00 7.8562274361e+01
1.3420932878e+00 1.2951080774e+00 7.9530089850e+01
1.3588737201e+00 1.3186006826e+00 7.7327204630e+01
1.3890784983e+00 1.3219567691e+00 7.8895376479e+01
1.2514789534e+00 1.2447667804e+00 8.0515536696e+01
1.4897610922e+00 1.3790102389e+00 7.7639920971e+01
1.3454493743e+00 1.3051763367e+00 7.8257846050e+01
1.3722980660e+00 1.3051763367e+00 8.0289888328e+01
1.6542093288e+00 1.4595563140e+00 7.7094439085e+01
1.5367463026e+00 1.3890784983e+00 7.9282668377e+01
1.2816837315e+00 1.2615472127e+00 8.0192213913e+01
1.3051763367e+00 1.2816837315e+00 7.8802720104e+01
1.4763367463e+00 1.3622298066e+00 7.9082610920e+01
1.4796928328e+00 1.3588737201e+00 7.9842383595e+01
1.5535267349e+00 1.4125711035e+00 7.7177379395e+01
1.4864050057e+00 1.3722980660e+00 7.8322239603e+01
1.5468145620e+00 1.3957906712e+00 7.8981882744e+01
1.3118885097e+00 1.2716154721e+00 8.1068996127e+01
1.5535267349e+00 1.4058589306e+00 7.8025095416e+01
1.4125711035e+00 1.3320250284e+00 7.9076391335e+01
1.4729806598e+00 1.3689419795e+00 7.7920133510e+01
1.6139362912e+00 1.4327076223e+00 7.8148657726e+01
1.5736632537e+00 1.4226393629e+00 7.7090142154e+01
1.4998293515e+00 1.3756541524e+00 7.8734226459e+01
1.3722980660e+00 1.3118885097e+00 7.9194363327e+01
1.3152445961e+00 1.2850398180e+00 7.9047313545e+01
1.4394197952e+00 1.3454493743e+00 7.8982871930e+01
1.2112059158e+00 1.2246302617e+00 8.0507771846e+01
1.5401023891e+00 1.3957906712e+00 7.8542862357e+01
1.5132536974e+00 1.3890784983e+00 7.7765904866e+01
1.5132536974e+00 1.4092150171e+00 7.5415174490e+01
1.2984641638e+00 1.2749715586e+00 7.9331317986e+01
1.6072241183e+00 1.4192832765e+00 7.9603571248e+01
1.4025028441e+00 1.3253128555e+00 7.9366312224e+01
1.6777019340e+00 1.4595563140e+00 7.8417368604e+01
1.7179749716e+00 1.4796928328e+00 7.8144738924e+01
1.4159271900e+00 1.3420932878e+00 7.7874498591e+01
1.3018202503e+00 1.2783276451e+00 7.9063393028e+01
1.5166097838e+00 1.3790102389e+00 7.9391134947e+01
1.6642775882e+00 1.4595563140e+00 7.7644719766e+01
1.5132536974e+00 1.3790102389e+00 7.9157276930e+01
1.1675767918e+00 1.2011376564e+00 8.0765365993e+01
1.5031854380e+00 1.3991467577e+00 7.5990923375e+01
1.2682593857e+00 1.2581911263e+00 7.9628893893e+01
1.4629124005e+00 1.3655858931e+00 7.7733681945e+01
1.5031854380e+00 1.3722980660e+00 7.9460803215e+01
1.4259954494e+00 1.3320250284e+00 8.0090171698e+01
1.4562002275e+00 1.3521615472e+00 7.9168071325e+01
1.3924345848e+00 1.3118885097e+00 8.0813993125e+01
1.4461319681e+00 1.3488054608e+00 7.8957765940e+01
1.4293515358e+00 1.3488054608e+00 7.7837460162e+01
1.6105802048e+00 1.4360637088e+00 7.7526646477e+01
1.5065415245e+00 1.3957906712e+00 7.6554198056e+01
1.5669510808e+00 1.3991467577e+00 7.9871948002e+01
1.4125711035e+00 1.3253128555e+00 8.0144955155e+01
1.4360637088e+00 1.3488054608e+00 7.8273175841e+01
1.5501706485e+00 1.3957906712e+00 7.9207871838e+01
1.4864050057e+00 1.3756541524e+00 7.7870929920e+01
1.5837315131e+00 1.4360637088e+00 7.6084567673e+01
1.4830489192e+00 1.3655858931e+00 7.9052891069e+01
1.4595563140e+00 1.3622298066e+00 7.7967009677e+01
1.4528441411e+00 1.3488054608e+00 7.9437967086e+01
1.5233219568e+00 1.3890784983e+00 7.8392472719e+01
1.4159271900e+00 1.3353811149e+00 7.8815961559e+01
1.5300341297e+00 1.3924345848e+00 7.8361156493e+01
1.5837315131e+00 1.4226393629e+00 7.7662268869e+01
1.5635949943e+00 1.4394197952e+00 7.4752292705e+01
1.3957906712e+00 1.3286689420e+00 7.8390029087e+01
1.3857224118e+00 1.3353811149e+00 7.6859654979e+01
1.2145620023e+00 1.2313424346e+00 7.9619453158e+01
1.6844141069e+00 1.4629124005e+00 7.8372541484e+01
1.2682593857e+00 1.2581911263e+00 7.9628893893e+01
1.5635949943e+00 1.4025028441e+00 7.9131208098e+01
1.5468145620e+00 1.3924345848e+00 7.9477833596e+01
1.4528441411e+00 1.3521615472e+00 7.8931997742e+01
1.5233219568e+00 1.3823663254e+00 7.9355494278e+01
1.4662684869e+00 1.3588737201e+00 7.8878530121e+01
1.3689419795e+00 1.3085324232e+00 7.9465716996e+01
1.5837315131e+00 1.4058589306e+00 8.0025030298e+01
1.3890784983e+00 1.3118885097e+00 8.0525300122e+01
1.4897610922e+00 1.3655858931e+00 7.9528226846e+01
1.3152445961e+00 1.2816837315e+00 7.9579890875e+01
1.5837315131e+00 1.4259954494e+00 7.7247089376e+01
1.3991467577e+00 1.3186006826e+00 8.0196597774e+01
1.4192832765e+00 1.3320250284e+00 7.9571297751e+01
1.4293515358e+00 1.3521615472e+00 7.7398935195e+01
1.5971558589e+00 1.4360637088e+00 7.6786800379e+01
1.6407849829e+00 1.4427758817e+00 7.8432496477e+01
1.4293515358e+00 1.3387372014e+00 7.9272856953e+01
1.5166097838e+00 1.3924345848e+00 7.7537388840e+01
1.4427758817e+00 1.3521615472e+00 7.8251330886e+01
1.3051763367e+00 1.2682593857e+00 8.1083429395e+01
1.3957906712e+00 1.3118885097e+00 8.1111850049e+01
1.6105802048e+00 1.4360637088e+00 7.7526646477e+01
1.6340728100e+00 1.4461319681e+00 7.7609057428e+01
1.3991467577e+00 1.3286689420e+00 7.8621274380e+01
1.6307167235e+00 1.4528441411e+00 7.6630686519e+01
1.7213310580e+00 1.4696245734e+00 7.9735318212e+01
1.6273606371e+00 1.4461319681e+00 7.7235589407e+01
1.4427758817e+00 1.3387372014e+00 8.0298408293e+01
1.4360637088e+00 1.3387372014e+00 7.9773112642e+01
1.3420932878e+00 1.3018202503e+00 7.8504271487e+01
1.5468145620e+00 1.4058589306e+00 7.7623120904e+01
1.4528441411e+00 1.3454493743e+00 7.9971739068e+01
1.6273606371e+00 1.4394197952e+00 7.8071851811e+01
1.4461319681e+00 1.3588737201e+00 7.7568052062e+01
1.4796928328e+00 1.3722980660e+00 7.7895816873e+01
1.4394197952e+00 1.3521615472e+00 7.8032755060e+01
1.4964732651e+00 1.3756541524e+00 7.8512531710e+01
1.4796928328e+00 1.3722980660e+00 7.7895816873e+01
1.3353811149e+00 1.2951080774e+00 7.9016239735e+01
1.1776450512e+00 1.2112059158e+00 7.9857932637e+01
1.5367463026e+00 1.4058589306e+00 7.7042630630e+01
1.2615472127e+00 1.2649032992e+00 7.8081569533e+01
1.4528441411e+00 1.3555176337e+00 7.8450163247e+01
1.5401023891e+00 1.4025028441e+00 7.7652643321e+01
1.3420932878e+00 1.3018202503e+00 7.8504271487e+01
1.5333902162e+00 1.3890784983e+00 7.9053547054e+01
1.4796928328e+00 1.3756541524e+00 7.7460768388e+01
1.5501706485e+00 1.4125711035e+00 7.6988822369e+01
1.5401023891e+00 1.3857224118e+00 8.0042486073e+01
1.4394197952e+00 1.3420932878e+00 7.9493401677e+01
1.4562002275e+00 1.3622298066e+00 7.7755668784e+01
1.5333902162e+00 1.3823663254e+00 8.0083946894e+01
1.4327076223e+00 1.3420932878e+00 7.9007301685e+01
1.5669510808e+00 1.4058589306e+00 7.8870870894e+01
1.4595563140e+00 1.3454493743e+00 8.0503621865e+01
1.4394197952e+00 1.3622298066e+00 7.6747513630e+01
1.2682593857e+00 1.2514789534e+00 8.0817765151e+01
1.5199658703e+00 1.3957906712e+00 7.7313693593e+01
1.2783276451e+00 1.2581911263e+00 8.0495974329e+01
1.3320250284e+00 1.3018202503e+00 7.7809300633e+01
1.4931171786e+00 1.3790102389e+00 7.7845484038e+01
1.4662684869e+00 1.3622298066e+00 7.8400802276e+01
1.3588737201e+00 1.3152445961e+00 7.7771541708e+01
1.2615472127e+00 1.2447667804e+00 8.1486377114e+01
1.4259954494e+00 1.3387372014e+00 7.9031041049e+01
1.2581911263e+00 1.2581911263e+00 7.8827209751e+01
1.7112627986e+00 1.4864050057e+00 7.6969533575e+01
1.5166097838e+00 1.3857224118e+00 7.8423280228e+01
1.3219567691e+00 1.2816837315e+00 8.0130935788e+01
1.3655858931e+00 1.3051763367e+00 7.9745172921e+01
1.5770193402e+00 1.4159271900e+00 7.8128655611e+01
1.3253128555e+00 1.2850398180e+00 7.9839378819e+01
1.3857224118e+00 1.3152445961e+00 7.9686061849e+01
1.3018202503e+00 1.2682593857e+00 8.0771274052e+01
1.6508532423e+00 1.4427758817e+00 7.9058209012e+01
1.5401023891e+00 1.3991467577e+00 7.8088525287e+01
1.2615472127e+00 1.2682593857e+00 7.7612057650e+01
1.7146188851e+00 1.4729806598e+00 7.8832333037e+01
1.2883959044e+00 1.2749715586e+00 7.8564723673e+01
1.2682593857e+00 1.2514789534e+00 8.0817765151e+01
1.4931171786e+00 1.3622298066e+00 8.0321697662e+01
1.1642207053e+00 1.1977815700e+00 8.1090537365e+01
1.2917519909e+00 1.2716154721e+00 7.9338128329e+01
1.4159271900e+00 1.3353811149e+00 7.8815961559e+01
1.5199658703e+00 1.3890784983e+00 7.8180060208e+01
1.4964732651e+00 1.3857224118e+00 7.7192499528e+01
1.3890784983e+00 1.3118885097e+00 8.0525300122e+01
1.4159271900e+00 1.3488054608e+00 7.7008190916e+01
1.5568828214e+00 1.4159271900e+00 7.6961238890e+01
1.4226393629e+00 1.3353811149e+00 7.9297320353e+01
1.3018202503e+00 1.2883959044e+00 7.7606777400e+01
1.4763367463e+00 1.3689419795e+00 7.8132705796e+01
1.3018202503e+00 1.2816837315e+00 7.8555033866e+01
1.4897610922e+00 1.3689419795e+00 7.9022577752e+01
1.3152445961e+00 1.2783276451e+00 8.0143768687e+01
1.7146188851e+00 1.4931171786e+00 7.6386466211e+01
1.4796928328e+00 1.3622298066e+00 7.9319234713e+01
1.4159271900e+00 1.3219567691e+00 8.1020844110e+01
1.3555176337e+00 1.3018202503e+00 7.9499660855e+01
1.5837315131e+00 1.4293515358e+00 7.6846589663e+01
1.4964732651e+00 1.3722980660e+00 7.8991684544e+01
1.3622298066e+00 1.3186006826e+00 7.7541873444e+01
1.5568828214e+00 1.3924345848e+00 8.0206865145e+01
1.3186006826e+00 1.2917519909e+00 7.8294233874e+01
1.2816837315e+00 1.2682593857e+00 7.9080263792e+01
1.3320250284e+00 1.2951080774e+00 7.8767866946e+01
1.4226393629e+00 1.3488054608e+00 7.7416270071e+01
1.3219567691e+00 1.2917519909e+00 7.8533617949e+01
1.2716154721e+00 1.2615472127e+00 7.9352460501e+01
1.6508532423e+00 1.4629124005e+00 7.6532789676e+01
1.5837315131e+00 1.4125711035e+00 7.9012929034e+01
1.3353811149e+00 1.2850398180e+00 8.0696732800e+01
1.2883959044e+00 1.2615472127e+00 8.0793374070e+01
1.5703071672e+00 1.4125711035e+00 7.8163216220e+01
1.5602389078e+00 1.4293515358e+00 7.5626048378e+01
1.5937997725e+00 1.4259954494e+00 7.7824193782e+01
1.4763367463e+00 1.3622298066e+00 7.9082610920e+01
1.5132536974e+00 1.3924345848e+00 7.7339506860e+01
1.2346985210e+00 1.2380546075e+00 8.0212852901e+01
1.5166097838e+00 1.3924345848e+00 7.7537388840e+01
1.3790102389e+00 1.3051763367e+00 8.0866208450e+01
1.5535267349e+00 1.3957906712e+00 7.9438548429e+01
1.4327076223e+00 1.3521615472e+00 7.7606745797e+01
1.5703071672e+00 1.4259954494e+00 7.6514447665e+01
1.4461319681e+00 1.3454493743e+00 7.9466024519e+01
1.4259954494e+00 1.3353811149e+00 7.9546053824e+01
1.4259954494e+00 1.3488054608e+00 7.7625143435e+01
1.5803754266e+00 1.4159271900e+00 7.8334126729e+01
1.3890784983e+00 1.3253128555e+00 7.8407014827e+01
1.3420932878e+00 1.2951080774e+00 7.9530089850e+01
1.4729806598e+00 1.3689419795e+00 7.7920133510e+01
1.4562002275e+00 1.3521615472e+00 7.9168071325e+01
1.2313424346e+00 1.2380546075e+00 7.9916684553e+01
1.2716154721e+00 1.2615472127e+00 7.9352460501e+01
1.4562002275e+00 1.3588737201e+00 7.8205723931e+01
1.4897610922e+00 1.3588737201e+00 8.0628236663e+01
1.6038680319e+00 1.4360637088e+00 7.7151622681e+01
1.3118885097e+00 1.2883959044e+00 7.8301185687e+01
1.2917519909e+00 1.2615472127e+00 8.1108832581e+01
1.3957906712e+00 1.3286689420e+00 7.8390029087e+01
1.5635949943e+00 1.4025028441e+00 7.9131208098e+01
1.4259954494e+00 1.3454493743e+00 7.8073399870e+01
1.4025028441e+00 1.3253128555e+00 7.9366312224e+01
1.6038680319e+00 1.4360637088e+00 7.7151622681e+01
1.5233219568e+00 1.3957906712e+00 7.7510466043e+01
1.3555176337e+00 1.3018202503e+00 7.9499660855e+01
1.5703071672e+00 1.4226393629e+00 7.6904759316e+01
1.4696245734e+00 1.3521615472e+00 8.0167155963e+01
1.4058589306e+00 1.3286689420e+00 7.9097973323e+01
1.6340728100e+00 1.4528441411e+00 7.6806713755e+01
1.3890784983e+00 1.3320250284e+00 7.7493036415e+01
1.1843572241e+00 1.2145620023e+00 7.9869744079e+01
1.3152445961e+00 1.2816837315e+00 7.9579890875e+01
1.3152445961e+00 1.2850398180e+00 7.9047313545e+01
1.5837315131e+00 1.4192832765e+00 7.8093674783e+01
1.4595563140e+00 1.3655858931e+00 7.7526902526e+01
1.4562002275e+00 1.3622298066e+00 7.7755668784e+01
1.6542093288e+00 1.4394197952e+00 7.9772240453e+01
1.3051763367e+00 1.2850398180e+00 7.8307253142e+01
1.2917519909e+00 1.2783276451e+00 7.8316682391e+01
1.2917519909e+00 1.2682593857e+00 7.9891268041e+01
1.3890784983e+00 1.3186006826e+00 7.9408488915e+01
1.5199658703e+00 1.3790102389e+00 7.9630110455e+01
1.2581911263e+00 1.2481228669e+00 8.0512440397e+01
1.2548350398e+00 1.2514789534e+00 7.9633356827e+01
1.3521615472e+00 1.3085324232e+00 7.8246669600e+01
1.5535267349e+00 1.4025028441e+00 7.8475090156e+01
1.4360637088e+00 1.3454493743e+00 7.8748842065e+01
1.4696245734e+00 1.3655858931e+00 7.8157643294e+01
1.5937997725e+00 1.4192832765e+00 7.8716794832e+01
1.4360637088e+00 1.3320250284e+00 8.0922465596e+01
1.3387372014e+00 1.2984641638e+00 7.8756924475e+01
1.3756541524e+00 1.3186006826e+00 7.8438734158e+01
1.4125711035e+00 1.3420932878e+00 7.7659982860e+01
1.5703071672e+00 1.4058589306e+00 7.9092207382e+01
1.5065415245e+00 1.3823663254e+00 7.8238546528e+01
1.3286689420e+00 1.2850398180e+00 8.0117096192e+01
1.3924345848e+00 1.3286689420e+00 7.8163147560e+01
1.4696245734e+00 1.3655858931e+00 7.8157643294e+01
1.4293515358e+00 1.3454493743e+00 7.8294365083e+01
1.6609215017e+00 1.4763367463e+00 7.5581165074e+01
1.5501706485e+00 1.3991467577e+00 7.8725233071e+01
1.4092150171e+00 1.3353811149e+00 7.8353871441e+01
1.4327076223e+00 1.3387372014e+00 7.9520083264e+01
1.4931171786e+00 1.3689419795e+00 7.9256172088e+01
1.5266780432e+00 1.3823663254e+00 7.9592798167e+01
1.6944823663e+00 1.4696245734e+00 7.8088546279e+01
1.2951080774e+00 1.2850398180e+00 7.7609867429e+01
1.4595563140e+00 1.3555176337e+00 7.8905581221e+01
1.2984641638e+00 1.2783276451e+00 7.8809133488e+01
1.4394197952e+00 1.3353811149e+00 8.0604741666e+01
1.3689419795e+00 1.3152445961e+00 7.8453441146e+01
1.4864050057e+00 1.3722980660e+00 7.8322239603e+01
1.3253128555e+00 1.2850398180e+00 7.9839378819e+01
1.7045506257e+00 1.4931171786e+00 7.5899680722e+01
1.3488054608e+00 1.2917519909e+00 8.0659616452e+01
1.2917519909e+00 1.2649032992e+00 8.0479196387e+01
1.4562002275e+00 1.3588737201e+00 7.8205723931e+01
1.4125711035e+00 1.3320250284e+00 7.9076391335e+01
1.2917519909e+00 1.2850398180e+00 7.7385651566e+01
1.5031854380e+00 1.3857224118e+00 7.7589707887e+01
1.4763367463e+00 1.3655858931e+00 7.8596770678e+01
1.3790102389e+00 1.3186006826e+00 7.8673630960e+01
1.3924345848e+00 1.3253128555e+00 7.8639482927e+01
1.3454493743e+00 1.2984641638e+00 7.9256752757e+01
1.3756541524e+00 1.3152445961e+00 7.8930511023e+01
1.3555176337e+00 1.3051763367e+00 7.8977173578e+01
1.3186006826e+00 1.2783276451e+00 8.0432380556e+01
1.5770193402e+00 1.4092150171e+00 7.9052777050e+01
1.3018202503e+00 1.2716154721e+00 8.0166343545e+01
1.2816837315e+00 1.2682593857e+00 7.9080263792e+01
1.2951080774e+00 1.2716154721e+00 7.9607061206e+01
1.5468145620e+00 1.3957906712e+00 7.8981882744e+01
1.4058589306e+00 1.3219567691e+00 8.0171177918e+01
1.3454493743e+00 1.2984641638e+00 7.9256752757e+01
1.4427758817e+00 1.3555176337e+00 7.7797818856e+01
1.4025028441e+00 1.3253128555e+00 7.9366312224e+01
1.6340728100e+00 1.4494880546e+00 7.7200806229e+01
1.4494880546e+00 1.3555176337e+00 7.8228842768e+01
1.5434584755e+00 1.4092150171e+00 7.7015956060e+01
1.3353811149e+00 1.3018202503e+00 7.8036632368e+01
1.3387372014e+00 1.2917519909e+00 7.9811691125e+01
1.2514789534e+00 1.2548350398e+00 7.8826691470e+01
1.3521615472e+00 1.3051763367e+00 7.8732463457e+01
1.4796928328e+00 1.3689419795e+00 7.8349013416e+01
1.4696245734e+00 1.3622298066e+00 7.8623678138e+01
1.5199658703e+00 1.3991467577e+00 7.6904464201e+01
1.6642775882e+00 1.4562002275e+00 7.8066848515e+01
1.3085324232e+00 1.2716154721e+00 8.0758530947e+01
1.6038680319e+00 1.4360637088e+00 7.7151622681e+01
1.3823663254e+00 1.3186006826e+00 7.8913336733e+01
1.5031854380e+00 1.3890784983e+00 7.7168782040e+01
1.4058589306e+00 1.3353811149e+00 7.8129344608e+01
1.6206484642e+00 1.4327076223e+00 7.8556454824e+01
1.6005119454e+00 1.4293515358e+00 7.7789269832e+01
1.4796928328e+00 1.3588737201e+00 7.9842383595e+01
1.5401023891e+00 1.3991467577e+00 7.8088525287e+01
1.3521615472e+00 1.2951080774e+00 8.0350536454e+01
1.2581911263e+00 1.2548350398e+00 7.9356781807e+01
1.2179180887e+00 1.2313424346e+00 7.9909510878e+01
1.6105802048e+00 1.4327076223e+00 7.7949753196e+01
1.2313424346e+00 1.2380546075e+00 7.9916684553e+01
1.4528441411e+00 1.3488054608e+00 7.9437967086e+01
1.1608646189e+00 1.1910693970e+00 8.2169918290e+01
1.4394197952e+00 1.3420932878e+00 7.9493401677e+01
1.3521615472e+00 1.3051763367e+00 7.8732463457e+01
1.5233219568e+00 1.4025028441e+00 7.6693270208e+01
1.4696245734e+00 1.3689419795e+00 7.7711102492e+01
1.6575654152e+00 1.4528441411e+00 7.8108365264e+01
1.3722980660e+00 1.3219567691e+00 7.7748012065e+01
1.2078498294e+00 1.2313424346e+00 7.9061770624e+01
1.4830489192e+00 1.3689419795e+00 7.8569268666e+01
1.0501137656e+00 1.1474402730e+00 7.9369601975e+01
1.7146188851e+00 1.4864050057e+00 7.7143876317e+01
1.6642775882e+00 1.4528441411e+00 7.8506221525e+01
1.7011945392e+00 1.4696245734e+00 7.8478847801e+01
1.4058589306e+00 1.3253128555e+00 7.9619542555e+01
1.2917519909e+00 1.2749715586e+00 7.8814598654e+01
1.5166097838e+00 1.4025028441e+00 7.6327559704e+01
1.4494880546e+00 1.3588737201e+00 7.7777051594e+01
1.4931171786e+00 1.3722980660e+00 7.8764249577e+01
1.4293515358e+00 1.3320250284e+00 8.0359799633e+01
1.2917519909e+00 1.2783276451e+00 7.8316682391e+01
1.4058589306e+00 1.3353811149e+00 7.8129344608e+01
1.5669510808e+00 1.4058589306e+00 7.8870870894e+01
1.2984641638e+00 1.2816837315e+00 7.8312423090e+01
1.5401023891e+00 1.3924345848e+00 7.9017957496e+01
1.2716154721e+00 1.2649032992e+00 7.8825164190e+01
1.4192832765e+00 1.3454493743e+00 7.7642892977e+01
1.2581911263e+00 1.2581911263e+00 7.8827209751e+01
1.4662684869e+00 1.3588737201e+00 7.8878530121e+01
1.1709328783e+00 1.2044937429e+00 8.0452284611e+01
1.5132536974e+00 1.3957906712e+00 7.6928670484e+01
1.3521615472e+00 1.3152445961e+00 7.7336585691e+01
1.4494880546e+00 1.3588737201e+00 7.7777051594e+01
1.5971558589e+00 1.4293515358e+00 7.7595238029e+01
1.3655858931e+00 1.3152445961e+00 7.8221912890e+01
1.8018771331e+00 1.5266780432e+00 7.6972181090e+01
1.5501706485e+00 1.3991467577e+00 7.8725233071e+01
1.6542093288e+00 1.4662684869e+00 7.6329592674e+01
1.3957906712e+00 1.3186006826e+00 7.9927223311e+01
1.2783276451e+00 1.2581911263e+00 8.0495974329e+01
1.5635949943e+00 1.4293515358e+00 7.5794302922e+01
1.3756541524e+00 1.3219567691e+00 7.7969034499e+01
1.5971558589e+00 1.4259954494e+00 7.8022493581e+01
1.3454493743e+00 1.3051763367e+00 7.8257846050e+01
1.4964732651e+00 1.3823663254e+00 7.7615083028e+01
1.2783276451e+00 1.2649032992e+00 7.9348714752e+01
1.5635949943e+00 1.3957906712e+00 8.0162035964e+01
1.6642775882e+00 1.4729806598e+00 7.6097982297e+01
1.3689419795e+00 1.3085324232e+00 7.9465716996e+01
1.4293515358e+00 1.3387372014e+00 7.9272856953e+01
1.4394197952e+00 1.3555176337e+00 7.7587711543e+01
1.7481797497e+00 1.4931171786e+00 7.8145572939e+01
1.5333902162e+00 1.4025028441e+00 7.7260587813e+01
1.5770193402e+00 1.4159271900e+00 7.8128655611e+01
1.6038680319e+00 1.4562002275e+00 7.4954783721e+01
1.3857224118e+00 1.3152445961e+00 7.9686061849e+01
1.2615472127e+00 1.2514789534e+00 8.0208074687e+01
1.4998293515e+00 1.3790102389e+00 7.8266994175e+01
1.2581911263e+00 1.2481228669e+00 8.0512440397e+01
1.3991467577e+00 1.3219567691e+00 7.9642511518e+01
1.6609215017e+00 1.4629124005e+00 7.7058338051e+01
1.5937997725e+00 1.4293515358e+00 7.7404078583e+01
1.5803754266e+00 1.4192832765e+00 7.7892847024e+01
1.2313424346e+00 1.2414106940e+00 7.9352328244e+01
1.4058589306e+00 1.3186006826e+00 8.0758279383e+01
1.3790102389e+00 1.3051763367e+00 8.0866208450e+01
1.3689419795e+00 1.3219567691e+00 7.7530758523e+01
1.5166097838e+00 1.3924345848e+00 7.7537388840e+01
1.2279863481e+00 1.2414106940e+00 7.9079960711e+01
1.3085324232e+00 1.2883959044e+00 7.8065393167e+01
1.4327076223e+00 1.3454493743e+00 7.8519430377e+01
1.3555176337e+00 1.2951080774e+00 8.0639573499e+01
1.6139362912e+00 1.4327076223e+00 7.8148657726e+01
1.2649032992e+00 1.2548350398e+00 7.9913848708e+01
1.5434584755e+00 1.3890784983e+00 7.9755812735e+01
1.4595563140e+00 1.3555176337e+00 7.8905581221e+01
1.3924345848e+00 1.3186006826e+00 7.9664690036e+01
1.5971558589e+00 1.4394197952e+00 7.6402859596e+01
1.4058589306e+00 1.3320250284e+00 7.8602327729e+01
1.4595563140e+00 1.3655858931e+00 7.7526902526e+01
1.4427758817e+00 1.3454493743e+00 7.9221821069e+01
1.4830489192e+00 1.3689419795e+00 7.8569268666e+01
1.2883959044e+00 1.2649032992e+00 8.0184679461e+01
1.5300341297e+00 1.3957906712e+00 7.7913227444e+01
1.3689419795e+00 1.3085324232e+00 7.9465716996e+01
1.5065415245e+00 1.3857224118e+00 7.7792960433e+01
1.4360637088e+00 1.3521615472e+00 7.7817958952e+01
1.2581911263e+00 1.2682593857e+00 7.7383377892e+01
1.7884527873e+00 1.5333902162e+00 7.5625002877e+01
1.6172923777e+00 1.4327076223e+00 7.8350833738e+01
1.3689419795e+00 1.3186006826e+00 7.7982244160e+01
1.4159271900e+00 1.3387372014e+00 7.8334725691e+01
1.5300341297e+00 1.4092150171e+00 7.6282544606e+01
1.5367463026e+00 1.3991467577e+00 7.7883465976e+01
1.3286689420e+00 1.2783276451e+00 8.1354450889e+01
1.4830489192e+00 1.3722980660e+00 7.8107186175e+01
1.2850398180e+00 1.2716154721e+00 7.8819101517e+01
1.4226393629e+00 1.3454493743e+00 7.7856310676e+01
1.4696245734e+00 1.3622298066e+00 7.8623678138e+01
1.4394197952e+00 1.3454493743e+00 7.8982871930e+01
1.4964732651e+00 1.3823663254e+00 7.7615083028e+01
1.3488054608e+00 1.3018202503e+00 7.8991059176e+01
1.4729806598e+00 1.3555176337e+00 7.9875689131e+01
1.6172923777e+00 1.4360637088e+00 7.7912822771e+01
1.4058589306e+00 1.3320250284e+00 7.8602327729e+01
1.6441410694e+00 1.4461319681e+00 7.8190488049e+01
1.4629124005e+00 1.3957906712e+00 7.4326922191e+01
1.5837315131e+00 1.4159271900e+00 7.8543151574e+01
1.3420932878e+00 1.2984641638e+00 7.9004086120e+01
1.4025028441e+00 1.3286689420e+00 7.8857155397e+01
1.5703071672e+00 1.4226393629e+00 7.6904759316e+01
1.3756541524e+00 1.3186006826e+00 7.8438734158e+01
1.4662684869e+00 1.3622298066e+00 7.8400802276e+01
1.7548919226e+00 1.4931171786e+00 7.8528379208e+01
1.3387372014e+00 1.3018202503e+00 7.8268203814e+01
1.4360637088e+00 1.3521615472e+00 7.7817958952e+01
1.7313993174e+00 1.4864050057e+00 7.8052056647e+01
1.4998293515e+00 1.3756541524e+00 7.8734226459e+01
1.5031854380e+00 1.3790102389e+00 7.8483321757e+01
1.3622298066e+00 1.3085324232e+00 7.8962443963e+01
1.4092150171e+00 1.3320250284e+00 7.8836923017e+01
1.4830489192e+00 1.3588737201e+00 8.0097571749e+01
1.4092150171e+00 1.3286689420e+00 7.9344063161e+01
1.7381114903e+00 1.5065415245e+00 7.6077351709e+01
1.3622298066e+00 1.3152445961e+00 7.7994693227e+01
1.6005119454e+00 1.4293515358e+00 7.7789269832e+01
1.3555176337e+00 1.3085324232e+00 7.8480482802e+01
1.4259954494e+00 1.3420932878e+00 7.8541194536e+01
1.3823663254e+00 1.3085324232e+00 8.0549964000e+01
1.7246871445e+00 1.4897610922e+00 7.7278842266e+01
1.5266780432e+00 1.3790102389e+00 8.0124908963e+01
1.3689419795e+00 1.3051763367e+00 8.0013910471e+01
1.4629124005e+00 1.3622298066e+00 7.8181986703e+01
1.4830489192e+00 1.3655858931e+00 7.9052891069e+01
1.5098976109e+00 1.3957906712e+00 7.6740171990e+01
1.3655858931e+00 1.2984641638e+00 8.0914761159e+01
1.4058589306e+00 1.3353811149e+00 7.8129344608e+01
1.5401023891e+00 1.3991467577e+00 7.8088525287e+01
1.3890784983e+00 1.3219567691e+00 7.8895376479e+01
1.4159271900e+00 1.3320250284e+00 7.9321060792e+01
1.8555745165e+00 1.5568828214e+00 7.6251174285e+01
1.4494880546e+00 1.3454493743e+00 7.9715856859e+01
1.5367463026e+00 1.3991467577e+00 7.7883465976e+01
1.3991467577e+00 1.3186006826e+00 8.0196597774e+01
1.4998293515e+00 1.3790102389e+00 7.8266994175e+01
1.6944823663e+00 1.4796928328e+00 7.6873345444e+01
1.7649601820e+00 1.5065415245e+00 7.7413602190e+01
1.4629124005e+00 1.3555176337e+00 7.9140215050e+01
1.5065415245e+00 1.3857224118e+00 7.7792960433e+01
1.3387372014e+00 1.2883959044e+00 8.0386252948e+01
1.5669510808e+00 1.4025028441e+00 7.9358612156e+01
1.4394197952e+00 1.3387372014e+00 8.0032387315e+01
1.2716154721e+00 1.2615472127e+00 7.9352460501e+01
1.4494880546e+00 1.3454493743e+00 7.9715856859e+01
1.4259954494e+00 1.3420932878e+00 7.8541194536e+01
1.2615472127e+00 1.2481228669e+00 8.0823482470e+01
1.2481228669e+00 1.2548350398e+00 7.8570581146e+01
1.3085324232e+00 1.2816837315e+00 7.9055826735e+01
1.4528441411e+00 1.3588737201e+00 7.7989545840e+01
1.5199658703e+00 1.3790102389e+00 7.9630110455e+01
1.2783276451e+00 1.2682593857e+00 7.8822628029e+01
1.4058589306e+00 1.3353811149e+00 7.8129344608e+01
1.4427758817e+00 1.3521615472e+00 7.8251330886e+01
1.6374288965e+00 1.4494880546e+00 7.7385074090e+01
1.6038680319e+00 1.4293515358e+00 7.7986313354e+01
1.3655858931e+00 1.3051763367e+00 7.9745172921e+01
1.6105802048e+00 1.4293515358e+00 7.8390052046e+01
1.3991467577e+00 1.3186006826e+00 8.0196597774e+01
1.5635949943e+00 1.4125711035e+00 7.7759721621e+01
1.6777019340e+00 1.4796928328e+00 7.6033050362e+01
1.4293515358e+00 1.3454493743e+00 7.8294365083e+01
1.4830489192e+00 1.3689419795e+00 7.8569268666e+01
1.3957906712e+00 1.3186006826e+00 7.9927223311e+01
1.4629124005e+00 1.3588737201e+00 7.8649978183e+01
1.4998293515e+00 1.3823663254e+00 7.7819490496e+01
1.4931171786e+00 1.3823663254e+00 7.7413866286e+01
1.2716154721e+00 1.2548350398e+00 8.0502641291e+01
1.2112059158e+00 1.2279863481e+00 7.9904082149e+01
1.4494880546e+00 1.3521615472e+00 7.8700703870e+01
1.3991467577e+00 1.3219567691e+00 7.9642511518e+01
1.4394197952e+00 1.3420932878e+00 7.9493401677e+01
1.6810580205e+00 1.4729806598e+00 7.6948209568e+01
1.3924345848e+00 1.3253128555e+00 7.8639482927e+01
1.2883959044e+00 1.2649032992e+00 8.0184679461e+01
1.4562002275e+00 1.3488054608e+00 7.9686198513e+01
1.5501706485e+00 1.3924345848e+00 7.9715252196e+01
1.3823663254e+00 1.3253128555e+00 7.7955076719e+01
1.3454493743e+00 1.3051763367e+00 7.8257846050e+01
1.2279863481e+00 1.2514789534e+00 7.7591059763e+01
1.6105802048e+00 1.4293515358e+00 7.8390052046e+01
1.4427758817e+00 1.3454493743e+00 7.9221821069e+01
1.3991467577e+00 1.3320250284e+00 7.8146603822e+01
1.4763367463e+00 1.3890784983e+00 7.5692882423e+01
1.3655858931e+00 1.3253128555e+00 7.6890782882e+01
1.4696245734e+00 1.3622298066e+00 7.8623678138e+01
1.6474971559e+00 1.4528441411e+00 7.7534533020e+01
1.4360637088e+00 1.3689419795e+00 7.5782427333e+01
1.4327076223e+00 1.3387372014e+00 7.9520083264e+01
1.6407849829e+00 1.4562002275e+00 7.6773397273e+01
1.6307167235e+00 1.4427758817e+00 7.7837888945e+01
1.4192832765e+00 1.3387372014e+00 7.8562274361e+01
1.4427758817e+00 1.3488054608e+00 7.8725103092e+01
1.2615472127e+00 1.2514789534e+00 8.0208074687e+01
1.5434584755e+00 1.4025028441e+00 7.7853224124e+01
1.4259954494e+00 1.3387372014e+00 7.9031041049e+01
1.3420932878e+00 1.2951080774e+00 7.9530089850e+01
1.4461319681e+00 1.3488054608e+00 7.8957765940e+01
1.6609215017e+00 1.4494880546e+00 7.8755719691e+01
1.5669510808e+00 1.4125711035e+00 7.7959841368e+01
1.3488054608e+00 1.2951080774e+00 8.0069714574e+01
1.4998293515e+00 1.3823663254e+00 7.7819490496e+01
1.4595563140e+00 1.3689419795e+00 7.7103547413e+01
1.3118885097e+00 1.2783276451e+00 7.9863172672e+01
1.4897610922e+00 1.3756541524e+00 7.8081096272e+01
1.4192832765e+00 1.3454493743e+00 7.7642892977e+01
1.3051763367e+00 1.2749715586e+00 7.9873567309e+01
1.5568828214e+00 1.4125711035e+00 7.7368630335e+01
1.5233219568e+00 1.3790102389e+00 7.9874566050e+01
1.1038111490e+00 1.1709328783e+00 8.0245271023e+01
1.2951080774e+00 1.2816837315e+00 7.8074577695e+01
1.5635949943e+00 1.4092150171e+00 7.8197346124e+01
1.3253128555e+00 1.2816837315e+00 8.0418022619e+01
1.3756541524e+00 1.3118885097e+00 7.9447466795e+01
1.7750284414e+00 1.5233219568e+00 7.6046391652e+01
1.5501706485e+00 1.4058589306e+00 7.7822512496e+01
1.7280432309e+00 1.4897610922e+00 7.7456693080e+01
1.4125711035e+00 1.3219567691e+00 8.0729161195e+01
1.2883959044e+00 1.2649032992e+00 8.0184679461e+01
1.3957906712e+00 1.3286689420e+00 7.8390029087e+01
1.3488054608e+00 1.2951080774e+00 8.0069714574e+01
1.4226393629e+00 1.3420932878e+00 7.8314885953e+01
1.5434584755e+00 1.4025028441e+00 7.7853224124e+01
1.4427758817e+00 1.3488054608e+00 7.8725103092e+01
1.5132536974e+00 1.3857224118e+00 7.8209564664e+01
1.3722980660e+00 1.3118885097e+00 7.9194363327e+01
1.5266780432e+00 1.3991467577e+00 7.7287383907e+01
1.6508532423e+00 1.4427758817e+00 7.9058209012e+01
1.5333902162e+00 1.3924345848e+00 7.8576031214e+01
1.5635949943e+00 1.3991467577e+00 7.9632750451e+01
1.5098976109e+00 1.3722980660e+00 7.9951150249e+01
1.5837315131e+00 1.4192832765e+00 7.8093674783e+01
1.2883959044e+00 1.2649032992e+00 8.0184679461e+01
1.2716154721e+00 1.2615472127e+00 7.9352460501e+01
1.4897610922e+00 1.3790102389e+00 7.7639920971e+01
1.5401023891e+00 1.4092150171e+00 7.6828949351e+01
1.3454493743e+00 1.2951080774e+00 7.9796429207e+01
1.2917519909e+00 1.2581911263e+00 8.1789789290e+01
1.3991467577e+00 1.3286689420e+00 7.8621274380e+01
1.4394197952e+00 1.3420932878e+00 7.9493401677e+01
1.1306598407e+00 1.1810011377e+00 8.0998335415e+01
1.4964732651e+00 1.3790102389e+00 7.8054447798e+01
1.3555176337e+00 1.3051763367e+00 7.8977173578e+01
1.3823663254e+00 1.3253128555e+00 7.7955076719e+01
1.5132536974e+00 1.3823663254e+00 7.8672526870e+01
1.3991467577e+00 1.3253128555e+00 7.9118807063e+01
1.2514789534e+00 1.2447667804e+00 8.0515536696e+01
1.4897610922e+00 1.3689419795e+00 7.9022577752e+01
1.3991467577e+00 1.3387372014e+00 7.7255699880e+01
1.4931171786e+00 1.3689419795e+00 7.9256172088e+01
1.3420932878e+00 1.3018202503e+00 7.8504271487e+01
1.1742889647e+00 1.2011376564e+00 8.1456436838e+01
1.3186006826e+00 1.2816837315e+00 7.9851770899e+01
1.4729806598e+00 1.3756541524e+00 7.7063096501e+01
1.6172923777e+00 1.4360637088e+00 7.7912822771e+01
1.3353811149e+00 1.2850398180e+00 8.0696732800e+01
1.4562002275e+00 1.3521615472e+00 7.9168071325e+01
1.4058589306e+00 1.3219567691e+00 8.0171177918e+01
1.3756541524e+00 1.3118885097e+00 7.9447466795e+01
1.4394197952e+00 1.3521615472e+00 7.8032755060e+01
1.4964732651e+00 1.3823663254e+00 7.7615083028e+01
1.3790102389e+00 1.3320250284e+00 7.6870724751e+01
1.4327076223e+00 1.3387372014e+00 7.9520083264e+01
1.2682593857e+00 1.2682593857e+00 7.8082046860e+01
1.3689419795e+00 1.3051763367e+00 8.0013910471e+01
1.4864050057e+00 1.3756541524e+00 7.7870929920e+01
1.5132536974e+00 1.3890784983e+00 7.7765904866e+01
1.2749715586e+00 1.2615472127e+00 7.9625025561e+01
1.5333902162e+00 1.3890784983e+00 7.9053547054e+01
1.3790102389e+00 1.3085324232e+00 8.0267860331e+01
1.8287258248e+00 1.5401023891e+00 7.6790991134e+01
1.3756541524e+00 1.3186006826e+00 7.8438734158e+01
1.4964732651e+00 1.3722980660e+00 7.8991684544e+01
1.5535267349e+00 1.4192832765e+00 7.6388550298e+01
1.3186006826e+00 1.2984641638e+00 7.7371934337e+01
1.3756541524e+00 1.3152445961e+00 7.8930511023e+01
1.2783276451e+00 1.2581911263e+00 8.0495974329e+01
1.2212741752e+00 1.2447667804e+00 7.8058046966e+01
1.3085324232e+00 1.2850398180e+00 7.8548799109e+01
1.6407849829e+00 1.4562002275e+00 7.6773397273e+01
1.4293515358e+00 1.3420932878e+00 7.8771907257e+01
1.4058589306e+00 1.3253128555e+00 7.9619542555e+01
1.3051763367e+00 1.2816837315e+00 7.8802720104e+01
1.4763367463e+00 1.3488054608e+00 8.1319324336e+01
1.5166097838e+00 1.3890784983e+00 7.7971266082e+01
1.2346985210e+00 1.2447667804e+00 7.9083768064e+01
1.2682593857e+00 1.2615472127e+00 7.9086508187e+01
1.4763367463e+00 1.3655858931e+00 7.8596770678e+01
1.4629124005e+00 1.3588737201e+00 7.8649978183e+01
1.3722980660e+00 1.3051763367e+00 8.0289888328e+01
1.5568828214e+00 1.4058589306e+00 7.8231034671e+01
1.5535267349e+00 1.4058589306e+00 7.8025095416e+01
1.5770193402e+00 1.4293515358e+00 7.6487157651e+01
1.6273606371e+00 1.4360637088e+00 7.8515471183e+01
1.4696245734e+00 1.3555176337e+00 7.9624899706e+01
1.3957906712e+00 1.3320250284e+00 7.7924966431e+01
1.1977815700e+00 1.2212741752e+00 7.9889466600e+01
1.2883959044e+00 1.2749715586e+00 7.8564723673e+01
1.4192832765e+00 1.3320250284e+00 7.9571297751e+01
1.6005119454e+00 1.4226393629e+00 7.8677269875e+01
1.7011945392e+00 1.4696245734e+00 7.8478847801e+01
1.5434584755e+00 1.4092150171e+00 7.7015956060e+01
1.4864050057e+00 1.3655858931e+00 7.9287999453e+01
1.2212741752e+00 1.2279863481e+00 8.0831136100e+01
1.4897610922e+00 1.3689419795e+00 7.9022577752e+01
1.5266780432e+00 1.3924345848e+00 7.8150044634e+01
1.4259954494e+00 1.3454493743e+00 7.8073399870e+01
1.5333902162e+00 1.3890784983e+00 7.9053547054e+01
1.5098976109e+00 1.3756541524e+00 7.9426242566e+01
1.5870875995e+00 1.4327076223e+00 7.6637034990e+01
1.4562002275e+00 1.3588737201e+00 7.8205723931e+01
1.4461319681e+00 1.3488054608e+00 7.8957765940e+01
1.4025028441e+00 1.3219567691e+00 7.9903474071e+01
1.4830489192e+00 1.3722980660e+00 7.8107186175e+01
1.2951080774e+00 1.2749715586e+00 7.9069997734e+01
1.4864050057e+00 1.3823663254e+00 7.7020412926e+01
1.5233219568e+00 1.3890784983e+00 7.8392472719e+01
1.2514789534e+00 1.2481228669e+00 7.9918465164e+01
1.4360637088e+00 1.3521615472e+00 7.7817958952e+01
1.6072241183e+00 1.4327076223e+00 7.7753960556e+01
1.5669510808e+00 1.4058589306e+00 7.8870870894e+01
1.4528441411e+00 1.3521615472e+00 7.8931997742e+01
1.5031854380e+00 1.3790102389e+00 7.8483321757e+01
1.4293515358e+00 1.3454493743e+00 7.8294365083e+01
1.5535267349e+00 1.3924345848e+00 7.9958127305e+01
1.9193401593e+00 1.5703071672e+00 7.7825960818e+01
1.4897610922e+00 1.3756541524e+00 7.8081096272e+01
1.3823663254e+00 1.3152445961e+00 7.9428385522e+01
1.4796928328e+00 1.3588737201e+00 7.9842383595e+01
1.3555176337e+00 1.3018202503e+00 7.9499660855e+01
1.2481228669e+00 1.2447667804e+00 8.0212858370e+01
1.5132536974e+00 1.3857224118e+00 7.8209564664e+01
1.5535267349e+00 1.4025028441e+00 7.8475090156e+01
1.4025028441e+00 1.3286689420e+00 7.8857155397e+01
1.4864050057e+00 1.3756541524e+00 7.7870929920e+01
1.4293515358e+00 1.3454493743e+00 7.8294365083e+01
1.5065415245e+00 1.3790102389e+00 7.8703648009e+01
1.2481228669e+00 1.2481228669e+00 7.9633920454e+01
1.2112059158e+00 1.2380546075e+00 7.8292028414e+01
1.3085324232e+00 1.2783276451e+00 7.9589943950e+01
1.3051763367e+00 1.2783276451e+00 7.9323516539e+01
1.3588737201e+00 1.3387372014e+00 7.4966843516e+01
1.5904436860e+00 1.4058589306e+00 8.0524862970e+01
1.2078498294e+00 1.2246302617e+00 8.0197953283e+01
1.1440841866e+00 1.2044937429e+00 7.8154029033e+01
1.2481228669e+00 1.2481228669e+00 7.9633920454e+01
1.5199658703e+00 1.3823663254e+00 7.9123219738e+01
1.4729806598e+00 1.3756541524e+00 7.7063096501e+01
1.4058589306e+00 1.3320250284e+00 7.8602327729e+01
1.2145620023e+00 1.2246302617e+00 8.0827801179e+01
1.4830489192e+00 1.3655858931e+00 7.9052891069e+01
1.2481228669e+00 1.2514789534e+00 7.9088081304e+01
1.3420932878e+00 1.2984641638e+00 7.9004086120e+01
1.2682593857e+00 1.2548350398e+00 8.0203928765e+01
1.3689419795e+00 1.3152445961e+00 7.8453441146e+01
1.5098976109e+00 1.3924345848e+00 7.7144547053e+01
1.5703071672e+00 1.4226393629e+00 7.6904759316e+01
1.5333902162e+00 1.3991467577e+00 7.7681693350e+01
1.3655858931e+00 1.3051763367e+00 7.9745172921e+01
1.4092150171e+00 1.3286689420e+00 7.9344063161e+01
1.3219567691e+00 1.2917519909e+00 7.8533617949e+01
1.5468145620e+00 1.3924345848e+00 7.9477833596e+01
1.5367463026e+00 1.4025028441e+00 7.7455145748e+01
1.4461319681e+00 1.3488054608e+00 7.8957765940e+01
1.6575654152e+00 1.4629124005e+00 7.6880920585e+01
1.2514789534e+00 1.2346985210e+00 8.2611815565e+01
1.4159271900e+00 1.3320250284e+00 7.9321060792e+01
1.5065415245e+00 1.3857224118e+00 7.7792960433e+01
1.5837315131e+00 1.4259954494e+00 7.7247089376e+01
1.2816837315e+00 1.2649032992e+00 7.9620086822e+01
1.3555176337e+00 1.3085324232e+00 7.8480482802e+01
1.7918088737e+00 1.5199658703e+00 7.7231611729e+01
1.6005119454e+00 1.4259954494e+00 7.8224007383e+01
1.5367463026e+00 1.3924345848e+00 7.8794885499e+01
1.7850967008e+00 1.5199658703e+00 7.6894254481e+01
1.2112059158e+00 1.2380546075e+00 7.8292028414e+01
1.3957906712e+00 1.3253128555e+00 7.8876644611e+01
1.3655858931e+00 1.3118885097e+00 7.8704661572e+01
1.3655858931e+00 1.3219567691e+00 7.7317079936e+01
1.4796928328e+00 1.3823663254e+00 7.6638053631e+01
1.5166097838e+00 1.3857224118e+00 7.8423280228e+01
1.3219567691e+00 1.2816837315e+00 8.0130935788e+01
1.4729806598e+00 1.3588737201e+00 7.9349863626e+01
1.4125711035e+00 1.3320250284e+00 7.9076391335e+01
1.5635949943e+00 1.4125711035e+00 7.7759721621e+01
1.5266780432e+00 1.3924345848e+00 7.8150044634e+01
1.3555176337e+00 1.3085324232e+00 7.8480482802e+01
1.5401023891e+00 1.3924345848e+00 7.9017957496e+01
1.2414106940e+00 1.2346985210e+00 8.1501025744e+01
1.2917519909e+00 1.2816837315e+00 7.7841217718e+01
1.3790102389e+00 1.3152445961e+00 7.9176670914e+01
1.2313424346e+00 1.2481228669e+00 7.8311884035e+01
1.3286689420e+00 1.2917519909e+00 7.9027505322e+01
1.6072241183e+00 1.4293515358e+00 7.8186519489e+01
1.5098976109e+00 1.3823663254e+00 7.8453567226e+01
1.4763367463e+00 1.3555176337e+00 8.0132679622e+01
1.5904436860e+00 1.4125711035e+00 7.9462595442e+01
1.3924345848e+00 1.3186006826e+00 7.9664690036e+01
1.3588737201e+00 1.3118885097e+00 7.8234687536e+01
1.5233219568e+00 1.3857224118e+00 7.8862578159e+01
1.3420932878e+00 1.2883959044e+00 8.0678676165e+01
1.6072241183e+00 1.4327076223e+00 7.7753960556e+01
1.3689419795e+00 1.3186006826e+00 7.7982244160e+01
1.3957906712e+00 1.3118885097e+00 8.1111850049e+01
1.5434584755e+00 1.4058589306e+00 7.7426768615e+01
1.5736632537e+00 1.4025028441e+00 7.9828210428e+01
1.4226393629e+00 1.3286689420e+00 8.0389374268e+01
1.4528441411e+00 1.3488054608e+00 7.9437967086e+01
1.3320250284e+00 1.2850398180e+00 8.0402640502e+01
1.4293515358e+00 1.3420932878e+00 7.8771907257e+01
1.4293515358e+00 1.3454493743e+00 7.8294365083e+01
1.6038680319e+00 1.4259954494e+00 7.8428903302e+01
1.5837315131e+00 1.4159271900e+00 7.8543151574e+01
1.6978384528e+00 1.4864050057e+00 7.6293365587e+01
1.4192832765e+00 1.3454493743e+00 7.7642892977e+01
1.3857224118e+00 1.3219567691e+00 7.8656939703e+01
1.6407849829e+00 1.4528441411e+00 7.7165681271e+01
1.5803754266e+00 1.4226393629e+00 7.7468776008e+01
1.4729806598e+00 1.3689419795e+00 7.7920133510e+01
1.8018771331e+00 1.5367463026e+00 7.5889763443e+01
1.4327076223e+00 1.3387372014e+00 7.9520083264e+01
1.5333902162e+00 1.3991467577e+00 7.7681693350e+01
1.2816837315e+00 1.2682593857e+00 7.9080263792e+01
1.4461319681e+00 1.3689419795e+00 7.6333714523e+01
1.5367463026e+00 1.3957906712e+00 7.8329343184e+01
1.4562002275e+00 1.3622298066e+00 7.7755668784e+01
1.2615472127e+00 1.2548350398e+00 7.9631676164e+01
1.4394197952e+00 1.3420932878e+00 7.9493401677e+01
1.4327076223e+00 1.3387372014e+00 7.9520083264e+01
1.5669510808e+00 1.4125711035e+00 7.7959841368e+01
1.3924345848e+00 1.3152445961e+00 8.0221196836e+01
1.3320250284e+00 1.2917519909e+00 7.9282706003e+01
1.4461319681e+00 1.3420932878e+00 8.0002412726e+01
1.3454493743e+00 1.3051763367e+00 7.8257846050e+01
1.3689419795e+00 1.3018202503e+00 8.0596616972e+01
1.4931171786e+00 1.3857224118e+00 7.6998259286e+01
1.4427758817e+00 1.3454493743e+00 7.9221821069e+01
1.4696245734e+00 1.3655858931e+00 7.8157643294e+01
1.3756541524e+00 1.3152445961e+00 7.8930511023e+01
1.4964732651e+00 1.3722980660e+00 7.8991684544e+01
1.3823663254e+00 1.3051763367e+00 8.1168141218e+01
1.5065415245e+00 1.3689419795e+00 8.0244649729e+01
1.5401023891e+00 1.3924345848e+00 7.9017957496e+01
1.4327076223e+00 1.3420932878e+00 7.9007301685e+01
1.4595563140e+00 1.3655858931e+00 7.7526902526e+01
1.3957906712e+00 1.3253128555e+00 7.8876644611e+01
1.6877701934e+00 1.4796928328e+00 7.6531231901e+01
1.4964732651e+00 1.3790102389e+00 7.8054447798e+01
1.3555176337e+00 1.3085324232e+00 7.8480482802e+01
1.4964732651e+00 1.3655858931e+00 8.0025526977e+01
1.4025028441e+00 1.3286689420e+00 7.8857155397e+01
1.3588737201e+00 1.3018202503e+00 7.9763153335e+01
1.5132536974e+00 1.3890784983e+00 7.7765904866e+01
1.4897610922e+00 1.3722980660e+00 7.8541184820e+01
1.3890784983e+00 1.3186006826e+00 7.9408488915e+01
1.3555176337e+00 1.3051763367e+00 7.8977173578e+01
1.3219567691e+00 1.2783276451e+00 8.0729757319e+01
1.6542093288e+00 1.4461319681e+00 7.8800936781e+01
1.4931171786e+00 1.3622298066e+00 8.0321697662e+01
1.3991467577e+00 1.3253128555e+00 7.9118807063e+01
1.3823663254e+00 1.3186006826e+00 7.8913336733e+01
1.1575085324e+00 1.2044937429e+00 7.9243407451e+01
1.4461319681e+00 1.3454493743e+00 7.9466024519e+01
1.5937997725e+00 1.4259954494e+00 7.7824193782e+01
1.6072241183e+00 1.4293515358e+00 7.8186519489e+01
1.3320250284e+00 1.2917519909e+00 7.9282706003e+01
1.5870875995e+00 1.4092150171e+00 7.9739506482e+01
1.6609215017e+00 1.4595563140e+00 7.7458719666e+01
1.5199658703e+00 1.3957906712e+00 7.7313693593e+01
1.4998293515e+00 1.3689419795e+00 7.9738821391e+01
1.1944254835e+00 1.2179180887e+00 8.0182807960e+01
1.3722980660e+00 1.3186006826e+00 7.8208358654e+01
1.4595563140e+00 1.3588737201e+00 7.8425792529e+01
1.3588737201e+00 1.3051763367e+00 7.9227264469e+01
1.3521615472e+00 1.3051763367e+00 7.8732463457e+01
1.3857224118e+00 1.3320250284e+00 7.7282357986e+01
1.5535267349e+00 1.4159271900e+00 7.6776286122e+01
1.4729806598e+00 1.3823663254e+00 7.6265860222e+01
1.5770193402e+00 1.4226393629e+00 7.7278108897e+01
1.5132536974e+00 1.3890784983e+00 7.7765904866e+01
1.5333902162e+00 1.3857224118e+00 7.9554972023e+01
1.5098976109e+00 1.3756541524e+00 7.9426242566e+01
1.5501706485e+00 1.3924345848e+00 7.9715252196e+01
1.2682593857e+00 1.2649032992e+00 7.8572105661e+01
1.4058589306e+00 1.3186006826e+00 8.0758279383e+01
1.6072241183e+00 1.4327076223e+00 7.7753960556e+01
1.5132536974e+00 1.3924345848e+00 7.7339506860e+01
1.4629124005e+00 1.3555176337e+00 7.9140215050e+01
1.5266780432e+00 1.3957906712e+00 7.7710260634e+01
1.7481797497e+00 1.4998293515e+00 7.7326845411e+01
1.5199658703e+00 1.3957906712e+00 7.7313693593e+01
1.6508532423e+00 1.4494880546e+00 7.8149581428e+01
1.5132536974e+00 1.3890784983e+00 7.7765904866e+01
1.3118885097e+00 1.2783276451e+00 7.9863172672e+01
1.2179180887e+00 1.2346985210e+00 7.9343320393e+01
1.6810580205e+00 1.4562002275e+00 7.9080383609e+01
1.3555176337e+00 1.3051763367e+00 7.8977173578e+01
1.4259954494e+00 1.3286689420e+00 8.0668501712e+01
1.6038680319e+00 1.4293515358e+00 7.7986313354e+01
1.5031854380e+00 1.3957906712e+00 7.6370645148e+01
1.1742889647e+00 1.2044937429e+00 8.0778583288e+01
1.3521615472e+00 1.3018202503e+00 7.9242442842e+01
1.6072241183e+00 1.4360637088e+00 7.7337803230e+01
1.4092150171e+00 1.3286689420e+00 7.9344063161e+01
1.4394197952e+00 1.3320250284e+00 8.1217003910e+01
1.5870875995e+00 1.4259954494e+00 7.7436629149e+01
1.5535267349e+00 1.4058589306e+00 7.8025095416e+01
1.2682593857e+00 1.2514789534e+00 8.0817765151e+01
1.4125711035e+00 1.3387372014e+00 7.8111382536e+01
1.3991467577e+00 1.3320250284e+00 7.8146603822e+01
1.2783276451e+00 1.2581911263e+00 8.0495974329e+01
1.6038680319e+00 1.4427758817e+00 7.6373978305e+01
1.3790102389e+00 1.3219567691e+00 7.8194037772e+01
1.4394197952e+00 1.3420932878e+00 7.9493401677e+01
1.4931171786e+00 1.3689419795e+00 7.9256172088e+01
1.5904436860e+00 1.4528441411e+00 7.4668073310e+01
1.3722980660e+00 1.3118885097e+00 7.9194363327e+01
1.6072241183e+00 1.4360637088e+00 7.7337803230e+01
1.5132536974e+00 1.3857224118e+00 7.8209564664e+01
1.2917519909e+00 1.2615472127e+00 8.1108832581e+01
1.3488054608e+00 1.2984641638e+00 7.9515322697e+01
1.6139362912e+00 1.4327076223e+00 7.8148657726e+01
1.4931171786e+00 1.3756541524e+00 7.8294895838e+01
1.2984641638e+00 1.2783276451e+00 7.8809133488e+01
1.3588737201e+00 1.2984641638e+00 8.0331244907e+01
1.4025028441e+00 1.3253128555e+00 7.9366312224e+01
1.5098976109e+00 1.3823663254e+00 7.8453567226e+01
1.5501706485e+00 1.4025028441e+00 7.8264271045e+01
1.5971558589e+00 1.4192832765e+00 7.8932026590e+01
1.3387372014e+00 1.2984641638e+00 7.8756924475e+01
1.4226393629e+00 1.3286689420e+00 8.0389374268e+01
1.4025028441e+00 1.3420932878e+00 7.7036899379e+01
1.4662684869e+00 1.3655858931e+00 7.7943868320e+01
1.4998293515e+00 1.3924345848e+00 7.6575935049e+01
1.7112627986e+00 1.4729806598e+00 7.8630389735e+01
1.2716154721e+00 1.2615472127e+00 7.9352460501e+01
1.2481228669e+00 1.2447667804e+00 8.0212858370e+01
1.4528441411e+00 1.3488054608e+00 7.9437967086e+01
1.3790102389e+00 1.3219567691e+00 7.8194037772e+01
1.4192832765e+00 1.3420932878e+00 7.8092730139e+01
1.3790102389e+00 1.3152445961e+00 7.9176670914e+01
1.4729806598e+00 1.3924345848e+00 7.5161061790e+01
1.2883959044e+00 1.2615472127e+00 8.0793374070e+01
1.5132536974e+00 1.3756541524e+00 7.9666894728e+01
1.5266780432e+00 1.3924345848e+00 7.8150044634e+01
1.5233219568e+00 1.3857224118e+00 7.8862578159e+01
1.5266780432e+00 1.3991467577e+00 7.7287383907e+01
1.1239476678e+00 1.1776450512e+00 8.0975152590e+01
1.3991467577e+00 1.3320250284e+00 7.8146603822e+01
1.4830489192e+00 1.3689419795e+00 7.8569268666e+01
1.5703071672e+00 1.4159271900e+00 7.7727662868e+01
1.5166097838e+00 1.3790102389e+00 7.9391134947e+01
1.2917519909e+00 1.2615472127e+00 8.1108832581e+01
1.5501706485e+00 1.3957906712e+00 7.9207871838e+01
1.4092150171e+00 1.3420932878e+00 7.7448992177e+01
1.3924345848e+00 1.3420932878e+00 7.6441241977e+01
1.2548350398e+00 1.2514789534e+00 7.9633356827e+01
1.4897610922e+00 1.3722980660e+00 7.8541184820e+01
1.5937997725e+00 1.4226393629e+00 7.8261111382e+01
1.5703071672e+00 1.4192832765e+00 7.7308711815e+01
1.4394197952e+00 1.3488054608e+00 7.8496995076e+01
1.4662684869e+00 1.3555176337e+00 7.9379871763e+01
1.6407849829e+00 1.4427758817e+00 7.8432496477e+01
1.5434584755e+00 1.3924345848e+00 7.9245509890e+01
1.7548919226e+00 1.5166097838e+00 7.5810291705e+01
1.4931171786e+00 1.3722980660e+00 7.8764249577e+01
1.2984641638e+00 1.2581911263e+00 8.2518478475e+01
1.3857224118e+00 1.3286689420e+00 7.7721511785e+01
1.6575654152e+00 1.4427758817e+00 7.9495367140e+01
1.1440841866e+00 1.1944254835e+00 7.9778841852e+01
1.3420932878e+00 1.2883959044e+00 8.0678676165e+01
1.5333902162e+00 1.3991467577e+00 7.7681693350e+01
1.4192832765e+00 1.3420932878e+00 7.8092730139e+01
1.3689419795e+00 1.3085324232e+00 7.9465716996e+01
1.5367463026e+00 1.4058589306e+00 7.7042630630e+01
1.4696245734e+00 1.3588737201e+00 7.9111723553e+01
1.4327076223e+00 1.3454493743e+00 7.8519430377e+01
1.2548350398e+00 1.2481228669e+00 8.0211056847e+01
1.2112059158e+00 1.2279863481e+00 7.9904082149e+01
1.3420932878e+00 1.2984641638e+00 7.9004086120e+01
1.6441410694e+00 1.4427758817e+00 7.8637362450e+01
1.3018202503e+00 1.2749715586e+00 7.9599006061e+01
1.6542093288e+00 1.4696245734e+00 7.5964901678e+01
1.5501706485e+00 1.4025028441e+00 7.8264271045e+01
1.4058589306e+00 1.3286689420e+00 7.9097973323e+01
1.4192832765e+00 1.3387372014e+00 7.8562274361e+01
1.4394197952e+00 1.3488054608e+00 7.8496995076e+01
1.6105802048e+00 1.4327076223e+00 7.7949753196e+01
1.4629124005e+00 1.3555176337e+00 7.9140215050e+01
1.5468145620e+00 1.4058589306e+00 7.7623120904e+01
1.5870875995e+00 1.4159271900e+00 7.8755928545e+01
1.6374288965e+00 1.4427758817e+00 7.8231075993e+01
1.5166097838e+00 1.3857224118e+00 7.8423280228e+01
1.3286689420e+00 1.2850398180e+00 8.0117096192e+01
1.6441410694e+00 1.4494880546e+00 7.7761585915e+01
1.3924345848e+00 1.3118885097e+00 8.0813993125e+01
1.5233219568e+00 1.3823663254e+00 7.9355494278e+01
1.4092150171e+00 1.3387372014e+00 7.7892011916e+01
1.2783276451e+00 1.2615472127e+00 7.9904739360e+01
1.3588737201e+00 1.3186006826e+00 7.7327204630e+01
1.5166097838e+00 1.3857224118e+00 7.8423280228e+01
1.3890784983e+00 1.3320250284e+00 7.7493036415e+01
1.6609215017e+00 1.4461319681e+00 7.9226452390e+01
1.5971558589e+00 1.4226393629e+00 7.8467377281e+01
1.5837315131e+00 1.4159271900e+00 7.8543151574e+01
1.2984641638e+00 1.2682593857e+00 8.0469122125e+01
1.3722980660e+00 1.3186006826e+00 7.8208358654e+01
1.3722980660e+00 1.3152445961e+00 7.8689542878e+01
1.5971558589e+00 1.4293515358e+00 7.7595238029e+01
1.5635949943e+00 1.4259954494e+00 7.6162021192e+01
1.4360637088e+00 1.3555176337e+00 7.7380966020e+01
1.0937428896e+00 1.1575085324e+00 8.1929448231e+01
1.2179180887e+00 1.2481228669e+00 7.7350261298e+01
1.3118885097e+00 1.2716154721e+00 8.1068996127e+01
1.4897610922e+00 1.3655858931e+00 7.9528226846e+01
1.3488054608e+00 1.3118885097e+00 7.7561844229e+01
1.4864050057e+00 1.3689419795e+00 7.8793704555e+01
1.5300341297e+00 1.3857224118e+00 7.9319334261e+01
1.6206484642e+00 1.4293515358e+00 7.9022475500e+01
1.5132536974e+00 1.3924345848e+00 7.7339506860e+01
1.6642775882e+00 1.4729806598e+00 7.6097982297e+01
1.2749715586e+00 1.2615472127e+00 7.9625025561e+01
1.3320250284e+00 1.2883959044e+00 7.9826013277e+01
1.4830489192e+00 1.3823663254e+00 7.6827907662e+01
1.4897610922e+00 1.3689419795e+00 7.9022577752e+01
1.5703071672e+00 1.4092150171e+00 7.8617289375e+01
1.6609215017e+00 1.4562002275e+00 7.7873962668e+01
1.3387372014e+00 1.3018202503e+00 7.8268203814e+01
1.5300341297e+00 1.3991467577e+00 7.7483048264e+01
1.4595563140e+00 1.3622298066e+00 7.7967009677e+01
1.2313424346e+00 1.2414106940e+00 7.9352328244e+01
1.4293515358e+00 1.3454493743e+00 7.8294365083e+01
1.2917519909e+00 1.2649032992e+00 8.0479196387e+01
1.5669510808e+00 1.4125711035e+00 7.7959841368e+01
1.3488054608e+00 1.2984641638e+00 7.9515322697e+01
1.5266780432e+00 1.3857224118e+00 7.9088638757e+01
1.6777019340e+00 1.4662684869e+00 7.7565300894e+01
1.5602389078e+00 1.4125711035e+00 7.7562699660e+01
1.4763367463e+00 1.3722980660e+00 7.7687941731e+01
1.4293515358e+00 1.3454493743e+00 7.8294365083e+01
1.4595563140e+00 1.3555176337e+00 7.8905581221e+01
1.6340728100e+00 1.4293515358e+00 7.9925273496e+01
1.3991467577e+00 1.3353811149e+00 7.7692136995e+01
1.3353811149e+00 1.2883959044e+00 8.0102267635e+01
1.5266780432e+00 1.3890784983e+00 7.8608706254e+01
1.3118885097e+00 1.2850398180e+00 7.8795372618e+01
1.7213310580e+00 1.4830489192e+00 7.7910317605e+01
1.5300341297e+00 1.3991467577e+00 7.7483048264e+01
1.3051763367e+00 1.2951080774e+00 7.6944562821e+01
1.5166097838e+00 1.3991467577e+00 7.6716966055e+01
1.3051763367e+00 1.2816837315e+00 7.8802720104e+01
1.7481797497e+00 1.4931171786e+00 7.8145572939e+01
1.5803754266e+00 1.4226393629e+00 7.7468776008e+01
1.3521615472e+00 1.2984641638e+00 7.9780244346e+01
1.2346985210e+00 1.2346985210e+00 8.0833783113e+01
1.5937997725e+00 1.4226393629e+00 7.8261111382e+01
1.5937997725e+00 1.4226393629e+00 7.8261111382e+01
1.4864050057e+00 1.3689419795e+00 7.8793704555e+01
1.6206484642e+00 1.4360637088e+00 7.8110431941e+01
1.4931171786e+00 1.3790102389e+00 7.7845484038e+01
1.4327076223e+00 1.3555176337e+00 7.7177419448e+01
1.2581911263e+00 1.2514789534e+00 7.9916726654e+01
1.5535267349e+00 1.4092150171e+00 7.7593136322e+01
1.3085324232e+00 1.2816837315e+00 7.9055826735e+01
1.2682593857e+00 1.2716154721e+00 7.7613427314e+01
1.1877133106e+00 1.2179180887e+00 7.9586256998e+01
1.4662684869e+00 1.3756541524e+00 7.6676794195e+01
1.3051763367e+00 1.2984641638e+00 7.6524574879e+01
1.3655858931e+00 1.3018202503e+00 8.0311022679e+01
1.6474971559e+00 1.4461319681e+00 7.8390524904e+01
1.4092150171e+00 1.3353811149e+00 7.8353871441e+01
1.2749715586e+00 1.2581911263e+00 8.0198636115e+01
1.8522184300e+00 1.5401023891e+00 7.7976917028e+01
1.5333902162e+00 1.3924345848e+00 7.8576031214e+01
1.6777019340e+00 1.4729806598e+00 7.6773994968e+01
1.2581911263e+00 1.2481228669e+00 8.0512440397e+01
1.4058589306e+00 1.3353811149e+00 7.8129344608e+01
1.1944254835e+00 1.2313424346e+00 7.8021790344e+01
1.6307167235e+00 1.4293515358e+00 7.9692368494e+01
1.3655858931e+00 1.2917519909e+00 8.2271986342e+01
1.4192832765e+00 1.3353811149e+00 7.9054075736e+01
1.5401023891e+00 1.3957906712e+00 7.8542862357e+01
1.3219567691e+00 1.3018202503e+00 7.7150511531e+01
1.3420932878e+00 1.2917519909e+00 8.0086467855e+01
1.4125711035e+00 1.3353811149e+00 7.8582656558e+01
1.4125711035e+00 1.3320250284e+00 7.9076391335e+01
1.5434584755e+00 1.4058589306e+00 7.7426768615e+01
1.6777019340e+00 1.4662684869e+00 7.7565300894e+01
1.4729806598e+00 1.3655858931e+00 7.8375205084e+01
1.7381114903e+00 1.4897610922e+00 7.8005411515e+01
1.4796928328e+00 1.3722980660e+00 7.7895816873e+01
1.3219567691e+00 1.2716154721e+00 8.2071481961e+01
1.2749715586e+00 1.2682593857e+00 7.8570616720e+01
1.3790102389e+00 1.3152445961e+00 7.9176670914e+01
1.3387372014e+00 1.2984641638e+00 7.8756924475e+01
1.5501706485e+00 1.3991467577e+00 7.8725233071e+01
1.4528441411e+00 1.3488054608e+00 7.9437967086e+01
1.4192832765e+00 1.3454493743e+00 7.7642892977e+01
1.4092150171e+00 1.3320250284e+00 7.8836923017e+01
1.5199658703e+00 1.3823663254e+00 7.9123219738e+01
1.4998293515e+00 1.3823663254e+00 7.7819490496e+01
1.4830489192e+00 1.3689419795e+00 7.8569268666e+01
1.3991467577e+00 1.3186006826e+00 8.0196597774e+01
1.3018202503e+00 1.2716154721e+00 8.0166343545e+01
1.5434584755e+00 1.3924345848e+00 7.9245509890e+01
1.5098976109e+00 1.3790102389e+00 7.8928211887e+01
1.5098976109e+00 1.3722980660e+00 7.9951150249e+01
1.4226393629e+00 1.3353811149e+00 7.9297320353e+01
1.4427758817e+00 1.3488054608e+00 7.8725103092e+01
1.7112627986e+00 1.4763367463e+00 7.8190761135e+01
1.5266780432e+00 1.3924345848e+00 7.8150044634e+01
1.4159271900e+00 1.3286689420e+00 7.9853602273e+01
1.3085324232e+00 1.2682593857e+00 8.1406678655e+01
1.4226393629e+00 1.3320250284e+00 7.9827513377e+01
1.5132536974e+00 1.3756541524e+00 7.9666894728e+01
1.6374288965e+00 1.4562002275e+00 7.6598390834e+01
1.3756541524e+00 1.3152445961e+00 7.8930511023e+01
1.7582480091e+00 1.4931171786e+00 7.8724485270e+01
1.1440841866e+00 1.1843572241e+00 8.1747642284e+01
1.4562002275e+00 1.3555176337e+00 7.8675657808e+01
1.6911262799e+00 1.4696245734e+00 7.7897948761e+01
1.4394197952e+00 1.3454493743e+00 7.8982871930e+01
1.6374288965e+00 1.4394197952e+00 7.8680468423e+01
1.4931171786e+00 1.3890784983e+00 7.6597162904e+01
1.4360637088e+00 1.3588737201e+00 7.6960353091e+01
1.5266780432e+00 1.3924345848e+00 7.8150044634e+01
1.4595563140e+00 1.3588737201e+00 7.8425792529e+01
1.3756541524e+00 1.3152445961e+00 7.8930511023e+01
1.4192832765e+00 1.3320250284e+00 7.9571297751e+01
1.2212741752e+00 1.2313424346e+00 8.0207927080e+01
1.4360637088e+00 1.3387372014e+00 7.9773112642e+01
1.5736632537e+00 1.4092150171e+00 7.8832977911e+01
1.3219567691e+00 1.2816837315e+00 8.0130935788e+01
1.4897610922e+00 1.3655858931e+00 7.9528226846e+01
1.1709328783e+00 1.2078498294e+00 7.9844802942e+01
1.5333902162e+00 1.3924345848e+00 7.8576031214e+01
1.4964732651e+00 1.3756541524e+00 7.8512531710e+01
1.6038680319e+00 1.4159271900e+00 7.9884533177e+01
1.3957906712e+00 1.3219567691e+00 7.9387792628e+01
1.4293515358e+00 1.3420932878e+00 7.8771907257e+01
1.3622298066e+00 1.3152445961e+00 7.7994693227e+01
1.5166097838e+00 1.3957906712e+00 7.7119804576e+01
1.3118885097e+00 1.3051763367e+00 7.6117894347e+01
1.3488054608e+00 1.3118885097e+00 7.7561844229e+01
1.3588737201e+00 1.2984641638e+00 8.0331244907e+01
1.3957906712e+00 1.3152445961e+00 8.0499770425e+01
1.4864050057e+00 1.3655858931e+00 7.9287999453e+01
1.3957906712e+00 1.3152445961e+00 8.0499770425e+01
1.1440841866e+00 1.1944254835e+00 7.9778841852e+01
1.2783276451e+00 1.2749715586e+00 7.7844870613e+01
1.2883959044e+00 1.2615472127e+00 8.0793374070e+01
1.5401023891e+00 1.3857224118e+00 8.0042486073e+01
1.4125711035e+00 1.3454493743e+00 7.7226338163e+01
1.4629124005e+00 1.3555176337e+00 7.9140215050e+01
1.5367463026e+00 1.3991467577e+00 7.7883465976e+01
1.6072241183e+00 1.4494880546e+00 7.5808974953e+01
1.6810580205e+00 1.4562002275e+00 7.9080383609e+01
1.4964732651e+00 1.3722980660e+00 7.8991684544e+01
1.3991467577e+00 1.3253128555e+00 7.9118807063e+01
1.1910693970e+00 1.2112059158e+00 8.1136625601e+01
1.6743458476e+00 1.4662684869e+00 7.7381684089e+01
1.2514789534e+00 1.2447667804e+00 8.0515536696e+01
1.4494880546e+00 1.3488054608e+00 7.9195278133e+01
1.4629124005e+00 1.3622298066e+00 7.8181986703e+01
1.6072241183e+00 1.4293515358e+00 7.8186519489e+01
1.4562002275e+00 1.3555176337e+00 7.8675657808e+01
1.3722980660e+00 1.3253128555e+00 7.7306223024e+01
1.3186006826e+00 1.2783276451e+00 8.0432380556e+01
1.5703071672e+00 1.4226393629e+00 7.6904759316e+01
1.4796928328e+00 1.3689419795e+00 7.8349013416e+01
1.4528441411e+00 1.3555176337e+00 7.8450163247e+01
1.5837315131e+00 1.4259954494e+00 7.7247089376e+01
1.2783276451e+00 1.2716154721e+00 7.8322416596e+01
1.3588737201e+00 1.3152445961e+00 7.7771541708e+01
1.3756541524e+00 1.3152445961e+00 7.8930511023e+01
1.5468145620e+00 1.3890784983e+00 8.0000541356e+01
1.3823663254e+00 1.3152445961e+00 7.9428385522e+01
1.4192832765e+00 1.3253128555e+00 8.0699228738e+01
1.5367463026e+00 1.3957906712e+00 7.8329343184e+01
1.5803754266e+00 1.4327076223e+00 7.6284071733e+01
1.3857224118e+00 1.3152445961e+00 7.9686061849e+01
1.6743458476e+00 1.4662684869e+00 7.7381684089e+01
1.4092150171e+00 1.3320250284e+00 7.8836923017e+01
1.4125711035e+00 1.3353811149e+00 7.8582656558e+01
1.3655858931e+00 1.2984641638e+00 8.0914761159e+01
1.5333902162e+00 1.4025028441e+00 7.7260587813e+01
1.2917519909e+00 1.2850398180e+00 7.7385651566e+01
1.4830489192e+00 1.3722980660e+00 7.8107186175e+01
1.5031854380e+00 1.3790102389e+00 7.8483321757e+01
1.5703071672e+00 1.4125711035e+00 7.8163216220e+01
1.1910693970e+00 1.2246302617e+00 7.8773359334e+01
1.2816837315e+00 1.2682593857e+00 7.9080263792e+01
1.6072241183e+00 1.4293515358e+00 7.8186519489e+01
1.4864050057e+00 1.3689419795e+00 7.8793704555e+01
1.3991467577e+00 1.3253128555e+00 7.9118807063e+01
1.2548350398e+00 1.2615472127e+00 7.8080129194e+01
1.4763367463e+00 1.3790102389e+00 7.6848521469e+01
1.4562002275e+00 1.3521615472e+00 7.9168071325e+01
1.5199658703e+00 1.3857224118e+00 7.8640875517e+01
1.7011945392e+00 1.4796928328e+00 7.7224201470e+01
1.4259954494e+00 1.3521615472e+00 7.7194361263e+01
1.3857224118e+00 1.3253128555e+00 7.8178963131e+01
1.6374288965e+00 1.4461319681e+00 7.7799904054e+01
1.4293515358e+00 1.3521615472e+00 7.7398935195e+01
1.4461319681e+00 1.3420932878e+00 8.0002412726e+01
1.4528441411e+00 1.3588737201e+00 7.7989545840e+01
1.5031854380e+00 1.3957906712e+00 7.6370645148e+01
1.6609215017e+00 1.4629124005e+00 7.7058338051e+01
1.7179749716e+00 1.4830489192e+00 7.7724911761e+01
1.4662684869e+00 1.3655858931e+00 7.7943868320e+01
1.4259954494e+00 1.3488054608e+00 7.7625143435e+01
1.4427758817e+00 1.3454493743e+00 7.9221821069e+01
1.2044937429e+00 1.2212741752e+00 8.0501930426e+01
1.5065415245e+00 1.3890784983e+00 7.7364813580e+01
1.5132536974e+00 1.3890784983e+00 7.7765904866e+01
1.4226393629e+00 1.3521615472e+00 7.6992871057e+01
1.6474971559e+00 1.4360637088e+00 7.9823517911e+01
1.2346985210e+00 1.2380546075e+00 8.0212852901e+01
1.6642775882e+00 1.4494880546e+00 7.8964909704e+01
1.3689419795e+00 1.3186006826e+00 7.7982244160e+01
1.6072241183e+00 1.4394197952e+00 7.6936470030e+01
1.3320250284e+00 1.2984641638e+00 7.8277729792e+01
1.6340728100e+00 1.4360637088e+00 7.8934809384e+01
1.5468145620e+00 1.4025028441e+00 7.8057043713e+01
1.3823663254e+00 1.3219567691e+00 7.8423254273e+01
1.3219567691e+00 1.2917519909e+00 7.8533617949e+01
1.2481228669e+00 1.2481228669e+00 7.9633920454e+01
1.1742889647e+00 1.2011376564e+00 8.1456436838e+01
1.4327076223e+00 1.3420932878e+00 7.9007301685e+01
1.3722980660e+00 1.3219567691e+00 7.7748012065e+01
1.2548350398e+00 1.2481228669e+00 8.0211056847e+01
1.5065415245e+00 1.3823663254e+00 7.8238546528e+01
1.5098976109e+00 1.3823663254e+00 7.8453567226e+01
1.1977815700e+00 1.2145620023e+00 8.1144425365e+01
1.3253128555e+00 1.2984641638e+00 7.7816731479e+01
1.2112059158e+00 1.2212741752e+00 8.1155670812e+01
1.4327076223e+00 1.3420932878e+00 7.9007301685e+01
1.4025028441e+00 1.3320250284e+00 7.8372310252e+01
1.2447667804e+00 1.2548350398e+00 7.8319901435e+01
1.4192832765e+00 1.3320250284e+00 7.9571297751e+01
1.2883959044e+00 1.2716154721e+00 7.9075626195e+01
1.4327076223e+00 1.3488054608e+00 7.8053404088e+01
1.6844141069e+00 1.4629124005e+00 7.8372541484e+01
1.3152445961e+00 1.2816837315e+00 7.9579890875e+01
1.2716154721e+00 1.2615472127e+00 7.9352460501e+01
1.6038680319e+00 1.4327076223e+00 7.7561132676e+01
1.4427758817e+00 1.3521615472e+00 7.8251330886e+01
1.5031854380e+00 1.3756541524e+00 7.8960224848e+01
1.3085324232e+00 1.2682593857e+00 8.1406678655e+01
1.4461319681e+00 1.3521615472e+00 7.8473901711e+01
1.6743458476e+00 1.4830489192e+00 7.5520933602e+01
1.4125711035e+00 1.3286689420e+00 7.9595799292e+01
1.5904436860e+00 1.4226393629e+00 7.8058284054e+01
1.4394197952e+00 1.3454493743e+00 7.8982871930e+01
1.5367463026e+00 1.3991467577e+00 7.7883465976e+01
1.5602389078e+00 1.4159271900e+00 7.7148735379e+01
1.5770193402e+00 1.4293515358e+00 7.6487157651e+01
1.5635949943e+00 1.4058589306e+00 7.8653717030e+01
1.3924345848e+00 1.3320250284e+00 7.7707177732e+01
1.3051763367e+00 1.2816837315e+00 7.8802720104e+01
1.5233219568e+00 1.3857224118e+00 7.8862578159e+01
1.3756541524e+00 1.3118885097e+00 7.9447466795e+01
1.5837315131e+00 1.4327076223e+00 7.6459457435e+01
1.3957906712e+00 1.3186006826e+00 7.9927223311e+01
1.4327076223e+00 1.3387372014e+00 7.9520083264e+01
1.1944254835e+00 1.2246302617e+00 7.9043869286e+01
1.3320250284e+00 1.2883959044e+00 7.9826013277e+01
1.3118885097e+00 1.3118885097e+00 7.5346910626e+01
1.3353811149e+00 1.2917519909e+00 7.9543946296e+01
1.4696245734e+00 1.3588737201e+00 7.9111723553e+01
1.2380546075e+00 1.2414106940e+00 7.9918459901e+01
1.7448236633e+00 1.4931171786e+00 7.7958573399e+01
1.3152445961e+00 1.2816837315e+00 7.9579890875e+01
1.6340728100e+00 1.4259954494e+00 8.0462281597e+01
1.2816837315e+00 1.2749715586e+00 7.8080162725e+01
1.4494880546e+00 1.3555176337e+00 7.8228842768e+01
1.4562002275e+00 1.3521615472e+00 7.9168071325e+01
1.4025028441e+00 1.3219567691e+00 7.9903474071e+01
1.3018202503e+00 1.2716154721e+00 8.0166343545e+01
1.4998293515e+00 1.3790102389e+00 7.8266994175e+01
1.2414106940e+00 1.2380546075e+00 8.0833130235e+01
1.3286689420e+00 1.3051763367e+00 7.7145146487e+01
1.4662684869e+00 1.3555176337e+00 7.9379871763e+01
1.7246871445e+00 1.4796928328e+00 7.8532824479e+01
1.2380546075e+00 1.2346985210e+00 8.1161231337e+01
1.5031854380e+00 1.3823663254e+00 7.8027252334e+01
1.3488054608e+00 1.2951080774e+00 8.0069714574e+01
1.2917519909e+00 1.2649032992e+00 8.0479196387e+01
1.3588737201e+00 1.3118885097e+00 7.8234687536e+01
1.2749715586e+00 1.2548350398e+00 8.0810828527e+01
1.1507963595e+00 1.1977815700e+00 7.9797373649e+01
1.5669510808e+00 1.4125711035e+00 7.7959841368e+01
1.3588737201e+00 1.3051763367e+00 7.9227264469e+01
1.6542093288e+00 1.4595563140e+00 7.7094439085e+01
1.7884527873e+00 1.5132536974e+00 7.7852992352e+01
1.4595563140e+00 1.3521615472e+00 7.9409244513e+01
1.3957906712e+00 1.3219567691e+00 7.9387792628e+01
1.6307167235e+00 1.4327076223e+00 7.9195973875e+01
1.4427758817e+00 1.3420932878e+00 7.9744833550e+01
1.3756541524e+00 1.3085324232e+00 7.9993519675e+01
1.5098976109e+00 1.3857224118e+00 7.7999521325e+01
1.3722980660e+00 1.3387372014e+00 7.5691084252e+01
1.3790102389e+00 1.3118885097e+00 7.9706610590e+01
1.5770193402e+00 1.4226393629e+00 7.7278108897e+01
1.2615472127e+00 1.2716154721e+00 7.7161693467e+01
1.2112059158e+00 1.2313424346e+00 7.9337071374e+01
1.4025028441e+00 1.3219567691e+00 7.9903474071e+01
1.5401023891e+00 1.3890784983e+00 7.9516645940e+01
1.4259954494e+00 1.3488054608e+00 7.7625143435e+01
1.3689419795e+00 1.3118885097e+00 7.8946884930e+01
1.4025028441e+00 1.3420932878e+00 7.7036899379e+01
1.5300341297e+00 1.3957906712e+00 7.7913227444e+01
1.3924345848e+00 1.3219567691e+00 7.9138877814e+01
1.3420932878e+00 1.3085324232e+00 7.7570676481e+01
1.1910693970e+00 1.2179180887e+00 7.9880250793e+01
1.5770193402e+00 1.4092150171e+00 7.9052777050e+01
1.5333902162e+00 1.3924345848e+00 7.8576031214e+01
1.4864050057e+00 1.3756541524e+00 7.7870929920e+01
1.5703071672e+00 1.4058589306e+00 7.9092207382e+01
1.2615472127e+00 1.2615472127e+00 7.8572604951e+01
1.3991467577e+00 1.3219567691e+00 7.9642511518e+01
1.6777019340e+00 1.4696245734e+00 7.7162779910e+01
1.3857224118e+00 1.3219567691e+00 7.8656939703e+01
1.2984641638e+00 1.2716154721e+00 7.9882938015e+01
1.5401023891e+00 1.3924345848e+00 7.9017957496e+01
1.2548350398e+00 1.2615472127e+00 7.8080129194e+01
1.2984641638e+00 1.2816837315e+00 7.8312423090e+01
1.7448236633e+00 1.4964732651e+00 7.7548230531e+01
1.5401023891e+00 1.4025028441e+00 7.7652643321e+01
1.6206484642e+00 1.4259954494e+00 7.9511171619e+01
1.5333902162e+00 1.3991467577e+00 7.7681693350e+01
1.5535267349e+00 1.4025028441e+00 7.8475090156e+01
1.1608646189e+00 1.1944254835e+00 8.1429181520e+01
1.5703071672e+00 1.4058589306e+00 7.9092207382e+01
1.2346985210e+00 1.2447667804e+00 7.9083768064e+01
1.3722980660e+00 1.3186006826e+00 7.8208358654e+01
1.3890784983e+00 1.3152445961e+00 7.9950158779e+01
1.7381114903e+00 1.5031854380e+00 7.6438207980e+01
1.3991467577e+00 1.3253128555e+00 7.9118807063e+01
1.6005119454e+00 1.4192832765e+00 7.9151391211e+01
1.4360637088e+00 1.3387372014e+00 7.9773112642e+01
1.4226393629e+00 1.3286689420e+00 8.0389374268e+01
1.4125711035e+00 1.3454493743e+00 7.7226338163e+01
1.6307167235e+00 1.4427758817e+00 7.7837888945e+01
1.4595563140e+00 1.3622298066e+00 7.7967009677e+01
1.4327076223e+00 1.3420932878e+00 7.9007301685e+01
1.4461319681e+00 1.3488054608e+00 7.8957765940e+01
1.5703071672e+00 1.4226393629e+00 7.6904759316e+01
1.3085324232e+00 1.2783276451e+00 7.9589943950e+01
1.3957906712e+00 1.3286689420e+00 7.8390029087e+01
1.3085324232e+00 1.2816837315e+00 7.9055826735e+01
1.2783276451e+00 1.2749715586e+00 7.7844870613e+01
1.3756541524e+00 1.3085324232e+00 7.9993519675e+01
1.5669510808e+00 1.4192832765e+00 7.7119653204e+01
1.5166097838e+00 1.3756541524e+00 7.9913126467e+01
1.3991467577e+00 1.3253128555e+00 7.9118807063e+01
1.4696245734e+00 1.3790102389e+00 7.6469443033e+01
1.7683162685e+00 1.5098976109e+00 7.7195183629e+01
1.4461319681e+00 1.3588737201e+00 7.7568052062e+01
1.4864050057e+00 1.3689419795e+00 7.8793704555e+01
1.3890784983e+00 1.3286689420e+00 7.7940383243e+01
1.1810011377e+00 1.2112059158e+00 8.0162372107e+01
1.3957906712e+00 1.3320250284e+00 7.7924966431e+01
1.5031854380e+00 1.3823663254e+00 7.8027252334e+01
1.6240045506e+00 1.4360637088e+00 7.8311258420e+01
1.2615472127e+00 1.2548350398e+00 7.9631676164e+01
1.7716723549e+00 1.5065415245e+00 7.7769429753e+01
1.5031854380e+00 1.3756541524e+00 7.8960224848e+01
1.7045506257e+00 1.4830489192e+00 7.7008714316e+01
1.4931171786e+00 1.3924345848e+00 7.6209300740e+01
1.6676336746e+00 1.4662684869e+00 7.7021927633e+01
1.5535267349e+00 1.4226393629e+00 7.6013051523e+01
1.4864050057e+00 1.3655858931e+00 7.9287999453e+01
1.3320250284e+00 1.2883959044e+00 7.9826013277e+01
1.2112059158e+00 1.2246302617e+00 8.0507771846e+01
1.4964732651e+00 1.3790102389e+00 7.8054447798e+01
1.4696245734e+00 1.3588737201e+00 7.9111723553e+01
1.5401023891e+00 1.3957906712e+00 7.8542862357e+01
1.4192832765e+00 1.3454493743e+00 7.7642892977e+01
1.4964732651e+00 1.3722980660e+00 7.8991684544e+01
1.4025028441e+00 1.3186006826e+00 8.0473394069e+01
1.2749715586e+00 1.2649032992e+00 7.9083895958e+01
1.3320250284e+00 1.3018202503e+00 7.7809300633e+01
1.5635949943e+00 1.4125711035e+00 7.7759721621e+01
1.5434584755e+00 1.3957906712e+00 7.8760298176e+01
1.5904436860e+00 1.4259954494e+00 7.7628953242e+01
1.4562002275e+00 1.3555176337e+00 7.8675657808e+01
1.5803754266e+00 1.4259954494e+00 7.7060211388e+01
1.3186006826e+00 1.2951080774e+00 7.7823334212e+01
1.6206484642e+00 1.4360637088e+00 7.8110431941e+01
1.4864050057e+00 1.3722980660e+00 7.8322239603e+01
1.6206484642e+00 1.4327076223e+00 7.8556454824e+01
1.3622298066e+00 1.3018202503e+00 8.0033418254e+01
1.4125711035e+00 1.3387372014e+00 7.8111382536e+01
1.3219567691e+00 1.2850398180e+00 7.9568862870e+01
1.5065415245e+00 1.3857224118e+00 7.7792960433e+01
1.4763367463e+00 1.3756541524e+00 7.7260445308e+01
1.4360637088e+00 1.3689419795e+00 7.5782427333e+01
1.6307167235e+00 1.4360637088e+00 7.8723254392e+01
1.4528441411e+00 1.3420932878e+00 8.0538034148e+01
1.5333902162e+00 1.4092150171e+00 7.6462342781e+01
1.5401023891e+00 1.3957906712e+00 7.8542862357e+01
1.4461319681e+00 1.3454493743e+00 7.9466024519e+01
1.5031854380e+00 1.3756541524e+00 7.8960224848e+01
1.6542093288e+00 1.4562002275e+00 7.7496783236e+01
1.6105802048e+00 1.4192832765e+00 7.9836985564e+01
1.3186006826e+00 1.2850398180e+00 7.9305001542e+01
1.3454493743e+00 1.2951080774e+00 7.9796429207e+01
1.3051763367e+00 1.2682593857e+00 8.1083429395e+01
1.3655858931e+00 1.3018202503e+00 8.0311022679e+01
1.5669510808e+00 1.4125711035e+00 7.7959841368e+01
1.4763367463e+00 1.3655858931e+00 7.8596770678e+01
1.7548919226e+00 1.5065415245e+00 7.6897250430e+01
1.2816837315e+00 1.2649032992e+00 7.9620086822e+01
1.5535267349e+00 1.4125711035e+00 7.7177379395e+01
1.3118885097e+00 1.2917519909e+00 7.7829096521e+01
1.3890784983e+00 1.3219567691e+00 7.8895376479e+01
1.3286689420e+00 1.2917519909e+00 7.9027505322e+01
1.4394197952e+00 1.3420932878e+00 7.9493401677e+01
1.6676336746e+00 1.4595563140e+00 7.7833450111e+01
1.5266780432e+00 1.3957906712e+00 7.7710260634e+01
1.5266780432e+00 1.3924345848e+00 7.8150044634e+01
1.4998293515e+00 1.3857224118e+00 7.7389603508e+01
1.3186006826e+00 1.2917519909e+00 7.8294233874e+01
1.6676336746e+00 1.4629124005e+00 7.7420350577e+01
1.5266780432e+00 1.3790102389e+00 8.0124908963e+01
1.4830489192e+00 1.3655858931e+00 7.9052891069e+01
1.3085324232e+00 1.2783276451e+00 7.9589943950e+01
1.3857224118e+00 1.3118885097e+00 8.0244957075e+01
1.4629124005e+00 1.3454493743e+00 8.0780783698e+01
1.5166097838e+00 1.3991467577e+00 7.6716966055e+01
1.3253128555e+00 1.2783276451e+00 8.1036771731e+01
1.5031854380e+00 1.3790102389e+00 7.8483321757e+01
1.3286689420e+00 1.2951080774e+00 7.8524698801e+01
1.3521615472e+00 1.2951080774e+00 8.0350536454e+01
1.3924345848e+00 1.3118885097e+00 8.0813993125e+01
1.5065415245e+00 1.3756541524e+00 7.9190797064e+01
1.4159271900e+00 1.3387372014e+00 7.8334725691e+01
1.5333902162e+00 1.3957906712e+00 7.8119529269e+01
1.5233219568e+00 1.3857224118e+00 7.8862578159e+01
1.5736632537e+00 1.4025028441e+00 7.9828210428e+01
1.3857224118e+00 1.3219567691e+00 7.8656939703e+01
1.5468145620e+00 1.3991467577e+00 7.8509211467e+01
1.3555176337e+00 1.3051763367e+00 7.8977173578e+01
1.4092150171e+00 1.3353811149e+00 7.8353871441e+01
1.3588737201e+00 1.3051763367e+00 7.9227264469e+01
1.3890784983e+00 1.3186006826e+00 7.9408488915e+01
1.3991467577e+00 1.3253128555e+00 7.9118807063e+01
1.4025028441e+00 1.3320250284e+00 7.8372310252e+01
1.4125711035e+00 1.3286689420e+00 7.9595799292e+01
1.3488054608e+00 1.3085324232e+00 7.8017259422e+01
1.5468145620e+00 1.4092150171e+00 7.7205575845e+01
1.4528441411e+00 1.3655858931e+00 7.7122909869e+01
1.4427758817e+00 1.3555176337e+00 7.7797818856e+01
1.2783276451e+00 1.2548350398e+00 8.1129478402e+01
1.4092150171e+00 1.3420932878e+00 7.7448992177e+01
1.4830489192e+00 1.3722980660e+00 7.8107186175e+01
1.4394197952e+00 1.3588737201e+00 7.7159856479e+01
1.3219567691e+00 1.2816837315e+00 8.0130935788e+01
1.3722980660e+00 1.3118885097e+00 7.9194363327e+01
1.3689419795e+00 1.3051763367e+00 8.0013910471e+01
1.3924345848e+00 1.3320250284e+00 7.7707177732e+01
1.4830489192e+00 1.3722980660e+00 7.8107186175e+01
1.2481228669e+00 1.2447667804e+00 8.0212858370e+01
1.3353811149e+00 1.2951080774e+00 7.9016239735e+01
1.6407849829e+00 1.4528441411e+00 7.7165681271e+01
1.6307167235e+00 1.4427758817e+00 7.7837888945e+01
1.5468145620e+00 1.3924345848e+00 7.9477833596e+01
1.3353811149e+00 1.2917519909e+00 7.9543946296e+01
1.3857224118e+00 1.3118885097e+00 8.0244957075e+01
1.5098976109e+00 1.3857224118e+00 7.7999521325e+01
1.6676336746e+00 1.4494880546e+00 7.9178014284e+01
1.5333902162e+00 1.3823663254e+00 8.0083946894e+01
1.3890784983e+00 1.3085324232e+00 8.1140448015e+01
1.6340728100e+00 1.4427758817e+00 7.8032926840e+01
1.4528441411e+00 1.3488054608e+00 7.9437967086e+01
1.4427758817e+00 1.3454493743e+00 7.9221821069e+01
1.4830489192e+00 1.3655858931e+00 7.9052891069e+01
1.1340159272e+00 1.1843572241e+00 8.0676934937e+01
1.5401023891e+00 1.4125711035e+00 7.6438197317e+01
1.5501706485e+00 1.3991467577e+00 7.8725233071e+01
1.3790102389e+00 1.3118885097e+00 7.9706610590e+01
1.0937428896e+00 1.1776450512e+00 7.8226188180e+01
1.2649032992e+00 1.2514789534e+00 8.0508135983e+01
1.2917519909e+00 1.2850398180e+00 7.7385651566e+01
1.3823663254e+00 1.3118885097e+00 7.9972263322e+01
1.3521615472e+00 1.3018202503e+00 7.9242442842e+01
1.2682593857e+00 1.2649032992e+00 7.8572105661e+01
1.4394197952e+00 1.3622298066e+00 7.6747513630e+01
1.2346985210e+00 1.2380546075e+00 8.0212852901e+01
1.5468145620e+00 1.3991467577e+00 7.8509211467e+01
1.3991467577e+00 1.3219567691e+00 7.9642511518e+01
1.5635949943e+00 1.4058589306e+00 7.8653717030e+01
1.5434584755e+00 1.4125711035e+00 7.6619335410e+01
1.5233219568e+00 1.4058589306e+00 7.6305288943e+01
1.4058589306e+00 1.3320250284e+00 7.8602327729e+01
1.5098976109e+00 1.3790102389e+00 7.8928211887e+01
1.2179180887e+00 1.2346985210e+00 7.9343320393e+01
1.2313424346e+00 1.2346985210e+00 8.0517401542e+01
1.4830489192e+00 1.3857224118e+00 7.6431498168e+01
1.4662684869e+00 1.3588737201e+00 7.8878530121e+01
1.4729806598e+00 1.3555176337e+00 7.9875689131e+01
1.3756541524e+00 1.3085324232e+00 7.9993519675e+01
1.3655858931e+00 1.2951080774e+00 8.1564540033e+01
1.3286689420e+00 1.2850398180e+00 8.0117096192e+01
1.6038680319e+00 1.4293515358e+00 7.7986313354e+01
1.5669510808e+00 1.4058589306e+00 7.8870870894e+01
1.5703071672e+00 1.4159271900e+00 7.7727662868e+01
1.5367463026e+00 1.4058589306e+00 7.7042630630e+01
1.1776450512e+00 1.2112059158e+00 7.9857932637e+01
1.3655858931e+00 1.3051763367e+00 7.9745172921e+01
1.2212741752e+00 1.2447667804e+00 7.8058046966e+01
1.3790102389e+00 1.3186006826e+00 7.8673630960e+01
1.2682593857e+00 1.2514789534e+00 8.0817765151e+01
1.4092150171e+00 1.3353811149e+00 7.8353871441e+01
1.4192832765e+00 1.3454493743e+00 7.7642892977e+01
1.3488054608e+00 1.3085324232e+00 7.8017259422e+01
1.3387372014e+00 1.3085324232e+00 7.7353071050e+01
1.4595563140e+00 1.3555176337e+00 7.8905581221e+01
1.5132536974e+00 1.3823663254e+00 7.8672526870e+01
1.8018771331e+00 1.5233219568e+00 7.7356464337e+01
1.5669510808e+00 1.4125711035e+00 7.7959841368e+01
1.0501137656e+00 1.1474402730e+00 7.9369601975e+01
1.7347554039e+00 1.4964732651e+00 7.7021571587e+01
1.3689419795e+00 1.3286689420e+00 7.6678940875e+01
1.6911262799e+00 1.4729806598e+00 7.7484751994e+01
1.4796928328e+00 1.3756541524e+00 7.7460768388e+01
1.4595563140e+00 1.3555176337e+00 7.8905581221e+01
1.3186006826e+00 1.2883959044e+00 7.8787105164e+01
1.4025028441e+00 1.3286689420e+00 7.8857155397e+01
1.7146188851e+00 1.4897610922e+00 7.6759027772e+01
1.5468145620e+00 1.4226393629e+00 7.5671164336e+01
1.4964732651e+00 1.3689419795e+00 7.9494802758e+01
1.5837315131e+00 1.4192832765e+00 7.8093674783e+01
1.3555176337e+00 1.2984641638e+00 8.0052025489e+01
1.3790102389e+00 1.3152445961e+00 7.9176670914e+01
1.8790671217e+00 1.5635949943e+00 7.6624769713e+01
1.6072241183e+00 1.4427758817e+00 7.6548624492e+01
1.2615472127e+00 1.2481228669e+00 8.0823482470e+01
1.1239476678e+00 1.1810011377e+00 8.0322979935e+01
1.5031854380e+00 1.3924345848e+00 7.6762878640e+01
1.4595563140e+00 1.3454493743e+00 8.0503621865e+01
1.4964732651e+00 1.3790102389e+00 7.8054447798e+01
1.5367463026e+00 1.3924345848e+00 7.8794885499e+01
1.4562002275e+00 1.3655858931e+00 7.7323363120e+01
1.5199658703e+00 1.3991467577e+00 7.6904464201e+01
1.4897610922e+00 1.3756541524e+00 7.8081096272e+01
1.5602389078e+00 1.4159271900e+00 7.7148735379e+01
1.3286689420e+00 1.2883959044e+00 7.9556875989e+01
1.4159271900e+00 1.3387372014e+00 7.8334725691e+01
1.4931171786e+00 1.3722980660e+00 7.8764249577e+01
1.3018202503e+00 1.2682593857e+00 8.0771274052e+01
1.2749715586e+00 1.2615472127e+00 7.9625025561e+01
1.3353811149e+00 1.2883959044e+00 8.0102267635e+01
1.5770193402e+00 1.4025028441e+00 8.0071104624e+01
1.5468145620e+00 1.4125711035e+00 7.6802843604e+01
1.3722980660e+00 1.3051763367e+00 8.0289888328e+01
1.4964732651e+00 1.3823663254e+00 7.7615083028e+01
1.3420932878e+00 1.2951080774e+00 7.9530089850e+01
1.4394197952e+00 1.3521615472e+00 7.8032755060e+01
1.4427758817e+00 1.3722980660e+00 7.5768877284e+01
1.4259954494e+00 1.3420932878e+00 7.8541194536e+01
1.3991467577e+00 1.3353811149e+00 7.7692136995e+01
1.1172354949e+00 1.1776450512e+00 8.0298592558e+01
1.3957906712e+00 1.3219567691e+00 7.9387792628e+01
1.5602389078e+00 1.4125711035e+00 7.7562699660e+01
1.3823663254e+00 1.3186006826e+00 7.8913336733e+01
1.5199658703e+00 1.3890784983e+00 7.8180060208e+01
1.4327076223e+00 1.3420932878e+00 7.9007301685e+01
1.4360637088e+00 1.3387372014e+00 7.9773112642e+01
1.4864050057e+00 1.3823663254e+00 7.7020412926e+01
1.6508532423e+00 1.4528441411e+00 7.7722943383e+01
1.3857224118e+00 1.3186006826e+00 7.9158170740e+01
1.4562002275e+00 1.3488054608e+00 7.9686198513e+01
1.3186006826e+00 1.2883959044e+00 7.8787105164e+01
1.6307167235e+00 1.4461319681e+00 7.7420993603e+01
1.3555176337e+00 1.2984641638e+00 8.0052025489e+01
1.3085324232e+00 1.2716154721e+00 8.0758530947e+01
1.4998293515e+00 1.3756541524e+00 7.8734226459e+01
1.3186006826e+00 1.2783276451e+00 8.0432380556e+01
1.5300341297e+00 1.4092150171e+00 7.6282544606e+01
1.4595563140e+00 1.3555176337e+00 7.8905581221e+01
1.6340728100e+00 1.4461319681e+00 7.7609057428e+01
1.7045506257e+00 1.4729806598e+00 7.8236560485e+01
1.4696245734e+00 1.3655858931e+00 7.8157643294e+01
1.6441410694e+00 1.4461319681e+00 7.8190488049e+01
1.3085324232e+00 1.2850398180e+00 7.8548799109e+01
1.4528441411e+00 1.3454493743e+00 7.9971739068e+01
1.2481228669e+00 1.2447667804e+00 8.0212858370e+01
1.4092150171e+00 1.3286689420e+00 7.9344063161e+01
1.5803754266e+00 1.4125711035e+00 7.8794659982e+01
1.3722980660e+00 1.3219567691e+00 7.7748012065e+01
1.5266780432e+00 1.4025028441e+00 7.6879768957e+01
1.6441410694e+00 1.4595563140e+00 7.6565755991e+01
1.3555176337e+00 1.3051763367e+00 7.8977173578e+01
1.2816837315e+00 1.2682593857e+00 7.9080263792e+01
1.6978384528e+00 1.4763367463e+00 7.7444073504e+01
1.4192832765e+00 1.3320250284e+00 7.9571297751e+01
1.4830489192e+00 1.3622298066e+00 7.9561060914e+01
1.5132536974e+00 1.3924345848e+00 7.7339506860e+01
1.3756541524e+00 1.3118885097e+00 7.9447466795e+01
1.7381114903e+00 1.4998293515e+00 7.6810365210e+01
1.5333902162e+00 1.3857224118e+00 7.9554972023e+01
1.3991467577e+00 1.3219567691e+00 7.9642511518e+01
1.2380546075e+00 1.2514789534e+00 7.8316406323e+01
1.6273606371e+00 1.4427758817e+00 7.7645814775e+01
1.4595563140e+00 1.3588737201e+00 7.8425792529e+01
1.3353811149e+00 1.2883959044e+00 8.0102267635e+01
1.5367463026e+00 1.3957906712e+00 7.8329343184e+01
1.2481228669e+00 1.2548350398e+00 7.8570581146e+01
1.2883959044e+00 1.2649032992e+00 8.0184679461e+01
1.2951080774e+00 1.2615472127e+00 8.1435660457e+01
1.5870875995e+00 1.4192832765e+00 7.8297821289e+01
1.3353811149e+00 1.3018202503e+00 7.8036632368e+01
1.4226393629e+00 1.3420932878e+00 7.8314885953e+01
1.5635949943e+00 1.4092150171e+00 7.8197346124e+01
1.3655858931e+00 1.3253128555e+00 7.6890782882e+01
1.3387372014e+00 1.2883959044e+00 8.0386252948e+01
1.2145620023e+00 1.2313424346e+00 7.9619453158e+01
1.5568828214e+00 1.4025028441e+00 7.8689702111e+01
1.5333902162e+00 1.3790102389e+00 8.0645159373e+01
1.7280432309e+00 1.4830489192e+00 7.8289597775e+01
1.7448236633e+00 1.5065415245e+00 7.6399657226e+01
1.4796928328e+00 1.3790102389e+00 7.7042028693e+01
1.2850398180e+00 1.2615472127e+00 8.0488153261e+01
1.4528441411e+00 1.3454493743e+00 7.9971739068e+01
1.5065415245e+00 1.3689419795e+00 8.0244649729e+01
1.1541524460e+00 1.2011376564e+00 7.9516277445e+01
1.5031854380e+00 1.3924345848e+00 7.6762878640e+01
1.3488054608e+00 1.3018202503e+00 7.8991059176e+01
1.5568828214e+00 1.4025028441e+00 7.8689702111e+01
1.5635949943e+00 1.4092150171e+00 7.8197346124e+01
1.4159271900e+00 1.3286689420e+00 7.9853602273e+01
1.3152445961e+00 1.2850398180e+00 7.9047313545e+01
1.5132536974e+00 1.3790102389e+00 7.9157276930e+01
1.3823663254e+00 1.3253128555e+00 7.7955076719e+01
1.5233219568e+00 1.4025028441e+00 7.6693270208e+01
1.3219567691e+00 1.2749715586e+00 8.1372997247e+01
1.3152445961e+00 1.2883959044e+00 7.8541655929e+01
1.2313424346e+00 1.2346985210e+00 8.0517401542e+01
1.8220136519e+00 1.5199658703e+00 7.8870196351e+01
1.4562002275e+00 1.3622298066e+00 7.7755668784e+01
1.6206484642e+00 1.4360637088e+00 7.8110431941e+01
1.3857224118e+00 1.3152445961e+00 7.9686061849e+01
1.2783276451e+00 1.2581911263e+00 8.0495974329e+01
1.3924345848e+00 1.3152445961e+00 8.0221196836e+01
1.2279863481e+00 1.2447667804e+00 7.8559791112e+01
1.4562002275e+00 1.3555176337e+00 7.8675657808e+01
1.1742889647e+00 1.2044937429e+00 8.0778583288e+01
1.5367463026e+00 1.3957906712e+00 7.8329343184e+01
1.4461319681e+00 1.3655858931e+00 7.6730703666e+01
1.2246302617e+00 1.2346985210e+00 7.9913706648e+01
1.4729806598e+00 1.3655858931e+00 7.8375205084e+01
1.5635949943e+00 1.4159271900e+00 7.7338888787e+01
1.5434584755e+00 1.3991467577e+00 7.8297044264e+01
1.3018202503e+00 1.2682593857e+00 8.0771274052e+01
1.3655858931e+00 1.2984641638e+00 8.0914761159e+01
1.6273606371e+00 1.4461319681e+00 7.7235589407e+01
1.5367463026e+00 1.3924345848e+00 7.8794885499e+01
1.3555176337e+00 1.3018202503e+00 7.9499660855e+01
1.6307167235e+00 1.4427758817e+00 7.7837888945e+01
1.4394197952e+00 1.3521615472e+00 7.8032755060e+01
1.3420932878e+00 1.2917519909e+00 8.0086467855e+01
1.5635949943e+00 1.4159271900e+00 7.7338888787e+01
1.4897610922e+00 1.3689419795e+00 7.9022577752e+01
1.5770193402e+00 1.4092150171e+00 7.9052777050e+01
1.4427758817e+00 1.3622298066e+00 7.6943175967e+01
1.0131968146e+00 1.1205915813e+00 8.0688217782e+01
1.6172923777e+00 1.4360637088e+00 7.7912822771e+01
1.6542093288e+00 1.4662684869e+00 7.6329592674e+01
1.6676336746e+00 1.4595563140e+00 7.7833450111e+01
1.6005119454e+00 1.4293515358e+00 7.7789269832e+01
1.5065415245e+00 1.3823663254e+00 7.8238546528e+01
1.4293515358e+00 1.3420932878e+00 7.8771907257e+01
1.4562002275e+00 1.3655858931e+00 7.7323363120e+01
1.2850398180e+00 1.2749715586e+00 7.8320017925e+01
1.4595563140e+00 1.3488054608e+00 7.9940382990e+01
1.5937997725e+00 1.4159271900e+00 7.9193630155e+01
1.5031854380e+00 1.3756541524e+00 7.8960224848e+01
1.4662684869e+00 1.3689419795e+00 7.7505434784e+01
1.3018202503e+00 1.2716154721e+00 8.0166343545e+01
1.6005119454e+00 1.4327076223e+00 7.7371133569e+01
1.1843572241e+00 1.2145620023e+00 7.9869744079e+01
1.4562002275e+00 1.3689419795e+00 7.6907037312e+01
1.4662684869e+00 1.3622298066e+00 7.8400802276e+01
1.5736632537e+00 1.4226393629e+00 7.7090142154e+01
1.3722980660e+00 1.3186006826e+00 7.8208358654e+01
1.5870875995e+00 1.4159271900e+00 7.8755928545e+01
1.6676336746e+00 1.4562002275e+00 7.8262786257e+01
1.5266780432e+00 1.3991467577e+00 7.7287383907e+01
1.5937997725e+00 1.4159271900e+00 7.9193630155e+01
1.4964732651e+00 1.3790102389e+00 7.8054447798e+01
1.5602389078e+00 1.4125711035e+00 7.7562699660e+01
1.5199658703e+00 1.3890784983e+00 7.8180060208e+01
1.4327076223e+00 1.3488054608e+00 7.8053404088e+01
1.5098976109e+00 1.3991467577e+00 7.6349348074e+01
1.4998293515e+00 1.3991467577e+00 7.5814939578e+01
1.4427758817e+00 1.3454493743e+00 7.9221821069e+01
1.2279863481e+00 1.2380546075e+00 7.9628756930e+01
1.6105802048e+00 1.4327076223e+00 7.7949753196e+01
1.5535267349e+00 1.4092150171e+00 7.7593136322e+01
1.3689419795e+00 1.2951080774e+00 8.1895816420e+01
1.3890784983e+00 1.3286689420e+00 7.7940383243e+01
1.7481797497e+00 1.5098976109e+00 7.6199800594e+01
1.2984641638e+00 1.2783276451e+00 7.8809133488e+01
1.6642775882e+00 1.4528441411e+00 7.8506221525e+01
1.4595563140e+00 1.3454493743e+00 8.0503621865e+01
1.5333902162e+00 1.3890784983e+00 7.9053547054e+01
1.2749715586e+00 1.2649032992e+00 7.9083895958e+01
1.4830489192e+00 1.3555176337e+00 8.0667326219e+01
1.3219567691e+00 1.2883959044e+00 7.9037868167e+01
1.5098976109e+00 1.3689419795e+00 8.0507407983e+01
1.5065415245e+00 1.3857224118e+00 7.7792960433e+01
1.4327076223e+00 1.3387372014e+00 7.9520083264e+01
1.4394197952e+00 1.3454493743e+00 7.8982871930e+01
1.6709897611e+00 1.4629124005e+00 7.7605155603e+01
1.5166097838e+00 1.3823663254e+00 7.8895658704e+01
1.3588737201e+00 1.3085324232e+00 7.8718973097e+01
1.5937997725e+00 1.4092150171e+00 8.0223320352e+01
1.3555176337e+00 1.2984641638e+00 8.0052025489e+01
1.4025028441e+00 1.3253128555e+00 7.9366312224e+01
1.4192832765e+00 1.3454493743e+00 7.7642892977e+01
1.4461319681e+00 1.3622298066e+00 7.7141683074e+01
1.5199658703e+00 1.3890784983e+00 7.8180060208e+01
1.5266780432e+00 1.3924345848e+00 7.8150044634e+01
1.4058589306e+00 1.3420932878e+00 7.7241351421e+01
1.4159271900e+00 1.3320250284e+00 7.9321060792e+01
1.7280432309e+00 1.4729806598e+00 7.9678263595e+01
1.5300341297e+00 1.3957906712e+00 7.7913227444e+01
1.3991467577e+00 1.3253128555e+00 7.9118807063e+01
1.5468145620e+00 1.4025028441e+00 7.8057043713e+01
1.3186006826e+00 1.2917519909e+00 7.8294233874e+01
1.4394197952e+00 1.3387372014e+00 8.0032387315e+01
1.4360637088e+00 1.3387372014e+00 7.9773112642e+01
1.3488054608e+00 1.2917519909e+00 8.0659616452e+01
1.4494880546e+00 1.3521615472e+00 7.8700703870e+01
1.5468145620e+00 1.4025028441e+00 7.8057043713e+01
1.4696245734e+00 1.3655858931e+00 7.8157643294e+01
1.6407849829e+00 1.4427758817e+00 7.8432496477e+01
1.5937997725e+00 1.4293515358e+00 7.7404078583e+01
1.6105802048e+00 1.4327076223e+00 7.7949753196e+01
1.5098976109e+00 1.3790102389e+00 7.8928211887e+01
1.4964732651e+00 1.3722980660e+00 7.8991684544e+01
1.3118885097e+00 1.2917519909e+00 7.7829096521e+01
1.5468145620e+00 1.4159271900e+00 7.6413596926e+01
1.5904436860e+00 1.4192832765e+00 7.8505463572e+01
1.4662684869e+00 1.3622298066e+00 7.8400802276e+01
1.6172923777e+00 1.4226393629e+00 7.9789100989e+01
1.4025028441e+00 1.3286689420e+00 7.8857155397e+01
1.3253128555e+00 1.2816837315e+00 8.0418022619e+01
1.6844141069e+00 1.4729806598e+00 7.7124676773e+01
1.3152445961e+00 1.2883959044e+00 7.8541655929e+01
1.2984641638e+00 1.2783276451e+00 7.8809133488e+01
1.5300341297e+00 1.3924345848e+00 7.8361156493e+01
1.5233219568e+00 1.3991467577e+00 7.7094564507e+01
1.4696245734e+00 1.3689419795e+00 7.7711102492e+01
1.8085893060e+00 1.5333902162e+00 7.6557167254e+01
1.5635949943e+00 1.4092150171e+00 7.8197346124e+01
1.5266780432e+00 1.3790102389e+00 8.0124908963e+01
1.3957906712e+00 1.3253128555e+00 7.8876644611e+01
1.5098976109e+00 1.3790102389e+00 7.8928211887e+01
1.8656427759e+00 1.5468145620e+00 7.7868941768e+01
1.6609215017e+00 1.4595563140e+00 7.7458719666e+01
1.4125711035e+00 1.3387372014e+00 7.8111382536e+01
1.6777019340e+00 1.4763367463e+00 7.6397759357e+01
1.4092150171e+00 1.3286689420e+00 7.9344063161e+01
1.1373720137e+00 1.1877133106e+00 8.0367260206e+01
1.4796928328e+00 1.3722980660e+00 7.7895816873e+01
1.5401023891e+00 1.3957906712e+00 7.8542862357e+01
1.4226393629e+00 1.3420932878e+00 7.8314885953e+01
1.7280432309e+00 1.4830489192e+00 7.8289597775e+01
1.3320250284e+00 1.2850398180e+00 8.0402640502e+01
1.2883959044e+00 1.2716154721e+00 7.9075626195e+01
1.4864050057e+00 1.3689419795e+00 7.8793704555e+01
1.5568828214e+00 1.4125711035e+00 7.7368630335e+01
1.4327076223e+00 1.3353811149e+00 8.0061645986e+01
1.4293515358e+00 1.3353811149e+00 7.9800678015e+01
1.2749715586e+00 1.2615472127e+00 7.9625025561e+01
1.4864050057e+00 1.3756541524e+00 7.7870929920e+01
1.3555176337e+00 1.3118885097e+00 7.8006369171e+01
1.3521615472e+00 1.2951080774e+00 8.0350536454e+01
1.5266780432e+00 1.3991467577e+00 7.7287383907e+01
1.4662684869e+00 1.3588737201e+00 7.8878530121e+01
1.2414106940e+00 1.2514789534e+00 7.8568031519e+01
1.5266780432e+00 1.3924345848e+00 7.8150044634e+01
1.3991467577e+00 1.3320250284e+00 7.8146603822e+01
1.4931171786e+00 1.3790102389e+00 7.7845484038e+01
1.4998293515e+00 1.3790102389e+00 7.8266994175e+01
1.5803754266e+00 1.4192832765e+00 7.7892847024e+01
1.4629124005e+00 1.3722980660e+00 7.6888096287e+01
1.4629124005e+00 1.3655858931e+00 7.7733681945e+01
1.4696245734e+00 1.3689419795e+00 7.7711102492e+01
1.7246871445e+00 1.4897610922e+00 7.7278842266e+01
1.4595563140e+00 1.3622298066e+00 7.7967009677e+01
1.3689419795e+00 1.3051763367e+00 8.0013910471e+01
1.7783845279e+00 1.4931171786e+00 7.9978748722e+01
1.3756541524e+00 1.3253128555e+00 7.7518906256e+01
1.4461319681e+00 1.3521615472e+00 7.8473901711e+01
1.5468145620e+00 1.4025028441e+00 7.8057043713e+01
1.5367463026e+00 1.4025028441e+00 7.7455145748e+01
2.0200227531e+00 1.6240045506e+00 7.6622094268e+01
1.5401023891e+00 1.4058589306e+00 7.7233315202e+01
1.3118885097e+00 1.2917519909e+00 7.7829096521e+01
1.2279863481e+00 1.2346985210e+00 8.0211013101e+01
1.2883959044e+00 1.2682593857e+00 7.9614093427e+01
1.6944823663e+00 1.4662684869e+00 7.8525611586e+01
1.3924345848e+00 1.3219567691e+00 7.9138877814e+01
1.3085324232e+00 1.2816837315e+00 7.9055826735e+01
1.1742889647e+00 1.2044937429e+00 8.0778583288e+01
1.5199658703e+00 1.3857224118e+00 7.8640875517e+01
1.4796928328e+00 1.3622298066e+00 7.9319234713e+01
1.2481228669e+00 1.2447667804e+00 8.0212858370e+01
1.3756541524e+00 1.3051763367e+00 8.0573742759e+01
1.3756541524e+00 1.3152445961e+00 7.8930511023e+01
1.3588737201e+00 1.3186006826e+00 7.7327204630e+01
1.5770193402e+00 1.4025028441e+00 8.0071104624e+01
1.3118885097e+00 1.2816837315e+00 7.9314739283e+01
1.6844141069e+00 1.4729806598e+00 7.7124676773e+01
1.3555176337e+00 1.2951080774e+00 8.0639573499e+01
1.1205915813e+00 1.1776450512e+00 8.0630900452e+01
1.5098976109e+00 1.3823663254e+00 7.8453567226e+01
1.4025028441e+00 1.3253128555e+00 7.9366312224e+01
1.6139362912e+00 1.4226393629e+00 7.9557541125e+01
1.3118885097e+00 1.2850398180e+00 7.8795372618e+01
1.5703071672e+00 1.4125711035e+00 7.8163216220e+01
1.5568828214e+00 1.4092150171e+00 7.7791341555e+01
1.5870875995e+00 1.4293515358e+00 7.7029869943e+01
1.5937997725e+00 1.4259954494e+00 7.7824193782e+01
1.6676336746e+00 1.4494880546e+00 7.9178014284e+01
1.5333902162e+00 1.3924345848e+00 7.8576031214e+01
1.3957906712e+00 1.3085324232e+00 8.1772300509e+01
1.5468145620e+00 1.3957906712e+00 7.8981882744e+01
1.2883959044e+00 1.2581911263e+00 8.1448332611e+01
1.5166097838e+00 1.3823663254e+00 7.8895658704e+01
1.5937997725e+00 1.4293515358e+00 7.7404078583e+01
1.6542093288e+00 1.4662684869e+00 7.6329592674e+01
1.6273606371e+00 1.4562002275e+00 7.6085970086e+01
1.5837315131e+00 1.4259954494e+00 7.7247089376e+01
1.3051763367e+00 1.2749715586e+00 7.9873567309e+01
1.7884527873e+00 1.5031854380e+00 7.9160294742e+01
1.5635949943e+00 1.4058589306e+00 7.8653717030e+01
1.4662684869e+00 1.3689419795e+00 7.7505434784e+01
1.3790102389e+00 1.3152445961e+00 7.9176670914e+01
1.4729806598e+00 1.3622298066e+00 7.8850858039e+01
1.5568828214e+00 1.4058589306e+00 7.8231034671e+01
1.3655858931e+00 1.2984641638e+00 8.0914761159e+01
1.4494880546e+00 1.3622298066e+00 7.7343169027e+01
1.5401023891e+00 1.4058589306e+00 7.7233315202e+01
1.5333902162e+00 1.3991467577e+00 7.7681693350e+01
1.3790102389e+00 1.3085324232e+00 8.0267860331e+01
1.7079067122e+00 1.4763367463e+00 7.7999898464e+01
1.4763367463e+00 1.3588737201e+00 7.9593290194e+01
1.6642775882e+00 1.4562002275e+00 7.8066848515e+01
1.3924345848e+00 1.3152445961e+00 8.0221196836e+01
1.4125711035e+00 1.3488054608e+00 7.6808685599e+01
1.5568828214e+00 1.4058589306e+00 7.8231034671e+01
1.4796928328e+00 1.3622298066e+00 7.9319234713e+01
1.4226393629e+00 1.3488054608e+00 7.7416270071e+01
1.4931171786e+00 1.3756541524e+00 7.8294895838e+01
1.4394197952e+00 1.3420932878e+00 7.9493401677e+01
1.6273606371e+00 1.4293515358e+00 7.9464474211e+01
1.5065415245e+00 1.3722980660e+00 7.9703136585e+01
1.6307167235e+00 1.4360637088e+00 7.8723254392e+01
1.2447667804e+00 1.2380546075e+00 8.1159200295e+01
1.4796928328e+00 1.3722980660e+00 7.7895816873e+01
1.3924345848e+00 1.3253128555e+00 7.8639482927e+01
1.2514789534e+00 1.2481228669e+00 7.9918465164e+01
1.4998293515e+00 1.3756541524e+00 7.8734226459e+01
1.5266780432e+00 1.3957906712e+00 7.7710260634e+01
1.5468145620e+00 1.4025028441e+00 7.8057043713e+01
1.5837315131e+00 1.4092150171e+00 7.9505745975e+01
1.4293515358e+00 1.3454493743e+00 7.8294365083e+01
1.4696245734e+00 1.3655858931e+00 7.8157643294e+01
1.4461319681e+00 1.3488054608e+00 7.8957765940e+01
1.7817406143e+00 1.5098976109e+00 7.7902130977e+01
1.4293515358e+00 1.3555176337e+00 7.6976921606e+01
1.3722980660e+00 1.3085324232e+00 7.9726319797e+01
1.5468145620e+00 1.3957906712e+00 7.8981882744e+01
1.4427758817e+00 1.3521615472e+00 7.8251330886e+01
1.1843572241e+00 1.2112059158e+00 8.0476290705e+01
1.4427758817e+00 1.3622298066e+00 7.6943175967e+01
1.3756541524e+00 1.3152445961e+00 7.8930511023e+01
1.4931171786e+00 1.3622298066e+00 8.0321697662e+01
1.4998293515e+00 1.3790102389e+00 7.8266994175e+01
1.3722980660e+00 1.3018202503e+00 8.0890952986e+01
1.4192832765e+00 1.3454493743e+00 7.7642892977e+01
1.4461319681e+00 1.3555176337e+00 7.8011464955e+01
1.3655858931e+00 1.3152445961e+00 7.8221912890e+01
1.6340728100e+00 1.4360637088e+00 7.8934809384e+01
1.3152445961e+00 1.2816837315e+00 7.9579890875e+01
1.5031854380e+00 1.3857224118e+00 7.7589707887e+01
1.4494880546e+00 1.3521615472e+00 7.8700703870e+01
1.2917519909e+00 1.2816837315e+00 7.7841217718e+01
1.2011376564e+00 1.2279863481e+00 7.9053406253e+01
1.2447667804e+00 1.2380546075e+00 8.1159200295e+01
1.4159271900e+00 1.3253128555e+00 8.0418177237e+01
1.5669510808e+00 1.4159271900e+00 7.7531820868e+01
1.5736632537e+00 1.4125711035e+00 7.8370017151e+01
1.3488054608e+00 1.3085324232e+00 7.8017259422e+01
1.2984641638e+00 1.2716154721e+00 7.9882938015e+01
1.4796928328e+00 1.3722980660e+00 7.7895816873e+01
1.4394197952e+00 1.3555176337e+00 7.7587711543e+01
1.3555176337e+00 1.3018202503e+00 7.9499660855e+01
1.4259954494e+00 1.3454493743e+00 7.8073399870e+01
1.7011945392e+00 1.4864050057e+00 7.6459387239e+01
1.5602389078e+00 1.3991467577e+00 7.9398803631e+01
1.1138794084e+00 1.1810011377e+00 7.9388447277e+01
1.5233219568e+00 1.3957906712e+00 7.7510466043e+01
1.4796928328e+00 1.3689419795e+00 7.8349013416e+01
1.8387940842e+00 1.5401023891e+00 7.7286246453e+01
1.6877701934e+00 1.4595563140e+00 7.9031209797e+01
1.5501706485e+00 1.4092150171e+00 7.7397926857e+01
1.5535267349e+00 1.4025028441e+00 7.8475090156e+01
1.2481228669e+00 1.2548350398e+00 7.8570581146e+01
1.5233219568e+00 1.3991467577e+00 7.7094564507e+01
1.6273606371e+00 1.4427758817e+00 7.7645814775e+01
1.6139362912e+00 1.4394197952e+00 7.7304096548e+01
1.7985210466e+00 1.5266780432e+00 7.6806735326e+01
1.6911262799e+00 1.4696245734e+00 7.7897948761e+01
1.4159271900e+00 1.3353811149e+00 7.8815961559e+01
1.3018202503e+00 1.2816837315e+00 7.8555033866e+01
1.5333902162e+00 1.3924345848e+00 7.8576031214e+01
1.4226393629e+00 1.3387372014e+00 7.8794285012e+01
1.8455062571e+00 1.5468145620e+00 7.6860528966e+01
1.4159271900e+00 1.3253128555e+00 8.0418177237e+01
1.3890784983e+00 1.3219567691e+00 7.8895376479e+01
1.6944823663e+00 1.4796928328e+00 7.6873345444e+01
1.3655858931e+00 1.3018202503e+00 8.0311022679e+01
1.3253128555e+00 1.2850398180e+00 7.9839378819e+01
1.4897610922e+00 1.3689419795e+00 7.9022577752e+01
1.3957906712e+00 1.3219567691e+00 7.9387792628e+01
1.3085324232e+00 1.2883959044e+00 7.8065393167e+01
1.4964732651e+00 1.3924345848e+00 7.6391441929e+01
1.4897610922e+00 1.3823663254e+00 7.7215689401e+01
1.6777019340e+00 1.4796928328e+00 7.6033050362e+01
1.5434584755e+00 1.4058589306e+00 7.7426768615e+01
1.2984641638e+00 1.2749715586e+00 7.9331317986e+01
1.1306598407e+00 1.1843572241e+00 8.0345865510e+01
1.6911262799e+00 1.4729806598e+00 7.7484751994e+01
1.4192832765e+00 1.3353811149e+00 7.9054075736e+01
1.4259954494e+00 1.3420932878e+00 7.8541194536e+01
1.1742889647e+00 1.2011376564e+00 8.1456436838e+01
1.4494880546e+00 1.3488054608e+00 7.9195278133e+01
1.4763367463e+00 1.3521615472e+00 8.0705792803e+01
1.2514789534e+00 1.2380546075e+00 8.1849576882e+01
1.5098976109e+00 1.3890784983e+00 7.7563806286e+01
1.4058589306e+00 1.3286689420e+00 7.9097973323e+01
1.4562002275e+00 1.3555176337e+00 7.8675657808e+01
1.6038680319e+00 1.4192832765e+00 7.9375144895e+01
1.2749715586e+00 1.2581911263e+00 8.0198636115e+01
1.6172923777e+00 1.4327076223e+00 7.8350833738e+01
1.4595563140e+00 1.3521615472e+00 7.9409244513e+01
1.4864050057e+00 1.3622298066e+00 7.9808460119e+01
1.3756541524e+00 1.3353811149e+00 7.6266993488e+01
1.2615472127e+00 1.2581911263e+00 7.9088086042e+01
1.4058589306e+00 1.3353811149e+00 7.8129344608e+01
1.5065415245e+00 1.4025028441e+00 7.5795810905e+01
1.5602389078e+00 1.4159271900e+00 7.7148735379e+01
1.3353811149e+00 1.2984641638e+00 7.8514912109e+01
1.6407849829e+00 1.4461319681e+00 7.7993666361e+01
1.5132536974e+00 1.3790102389e+00 7.9157276930e+01
1.4025028441e+00 1.3320250284e+00 7.8372310252e+01
1.3924345848e+00 1.3320250284e+00 7.7707177732e+01
1.3387372014e+00 1.2917519909e+00 7.9811691125e+01
1.6273606371e+00 1.4494880546e+00 7.6839687378e+01
1.3722980660e+00 1.3152445961e+00 7.8689542878e+01
1.7548919226e+00 1.4964732651e+00 7.8097206332e+01
1.6072241183e+00 1.4327076223e+00 7.7753960556e+01
1.3286689420e+00 1.2917519909e+00 7.9027505322e+01
1.3219567691e+00 1.2749715586e+00 8.1372997247e+01
1.4964732651e+00 1.3756541524e+00 7.8512531710e+01
1.4092150171e+00 1.3320250284e+00 7.8836923017e+01
1.3924345848e+00 1.3219567691e+00 7.9138877814e+01
1.5367463026e+00 1.3890784983e+00 7.9282668377e+01
1.6005119454e+00 1.4226393629e+00 7.8677269875e+01
1.5132536974e+00 1.3790102389e+00 7.9157276930e+01
1.6978384528e+00 1.4696245734e+00 7.8282129075e+01
1.4461319681e+00 1.3488054608e+00 7.8957765940e+01
1.4159271900e+00 1.3387372014e+00 7.8334725691e+01
1.4763367463e+00 1.3555176337e+00 8.0132679622e+01
1.6206484642e+00 1.4327076223e+00 7.8556454824e+01
1.5635949943e+00 1.3991467577e+00 7.9632750451e+01
1.3790102389e+00 1.3118885097e+00 7.9706610590e+01
1.4528441411e+00 1.3655858931e+00 7.7122909869e+01
1.5937997725e+00 1.4125711035e+00 7.9694566080e+01
1.6542093288e+00 1.4427758817e+00 7.9274626114e+01
1.3957906712e+00 1.3253128555e+00 7.8876644611e+01
1.3555176337e+00 1.2951080774e+00 8.0639573499e+01
1.4427758817e+00 1.3488054608e+00 7.8725103092e+01
1.5703071672e+00 1.4025028441e+00 7.9590836148e+01
1.3588737201e+00 1.3018202503e+00 7.9763153335e+01
1.2850398180e+00 1.2682593857e+00 7.9343932317e+01
1.2749715586e+00 1.2514789534e+00 8.1469927737e+01
1.3655858931e+00 1.3286689420e+00 7.6479664139e+01
1.3387372014e+00 1.3018202503e+00 7.8268203814e+01
1.2313424346e+00 1.2380546075e+00 7.9916684553e+01
1.5501706485e+00 1.3924345848e+00 7.9715252196e+01
1.1977815700e+00 1.2145620023e+00 8.1144425365e+01
1.5199658703e+00 1.3890784983e+00 7.8180060208e+01
1.2917519909e+00 1.2682593857e+00 7.9891268041e+01
1.3756541524e+00 1.3186006826e+00 7.8438734158e+01
1.3253128555e+00 1.2850398180e+00 7.9839378819e+01
1.4327076223e+00 1.3387372014e+00 7.9520083264e+01
1.4025028441e+00 1.3320250284e+00 7.8372310252e+01
1.3924345848e+00 1.3152445961e+00 8.0221196836e+01
1.5837315131e+00 1.4092150171e+00 7.9505745975e+01
1.5602389078e+00 1.4125711035e+00 7.7562699660e+01
1.5870875995e+00 1.4226393629e+00 7.7858722775e+01
1.2951080774e+00 1.2783276451e+00 7.8560346586e+01
1.2917519909e+00 1.2682593857e+00 7.9891268041e+01
1.3286689420e+00 1.2951080774e+00 7.8524698801e+01
1.4461319681e+00 1.3454493743e+00 7.9466024519e+01
1.2883959044e+00 1.2682593857e+00 7.9614093427e+01
1.3957906712e+00 1.3253128555e+00 7.8876644611e+01
1.3689419795e+00 1.3219567691e+00 7.7530758523e+01
1.3488054608e+00 1.2984641638e+00 7.9515322697e+01
1.2380546075e+00 1.2481228669e+00 7.8822504195e+01
1.4092150171e+00 1.3454493743e+00 7.7022870581e+01
1.3320250284e+00 1.2917519909e+00 7.9282706003e+01
1.5401023891e+00 1.3991467577e+00 7.8088525287e+01
1.3219567691e+00 1.2917519909e+00 7.8533617949e+01
1.4998293515e+00 1.3790102389e+00 7.8266994175e+01
1.4696245734e+00 1.3655858931e+00 7.8157643294e+01
1.3991467577e+00 1.3118885097e+00 8.1419825582e+01
1.5568828214e+00 1.4092150171e+00 7.7791341555e+01
1.5098976109e+00 1.4058589306e+00 7.5603938328e+01
1.3890784983e+00 1.3253128555e+00 7.8407014827e+01
1.4058589306e+00 1.3353811149e+00 7.8129344608e+01
1.4830489192e+00 1.3655858931e+00 7.9052891069e+01
1.3488054608e+00 1.2951080774e+00 8.0069714574e+01
1.6273606371e+00 1.4427758817e+00 7.7645814775e+01
1.4662684869e+00 1.3555176337e+00 7.9379871763e+01
1.4696245734e+00 1.3790102389e+00 7.6469443033e+01
1.5736632537e+00 1.4259954494e+00 7.6693993054e+01
1.5333902162e+00 1.4025028441e+00 7.7260587813e+01
1.5098976109e+00 1.3924345848e+00 7.7144547053e+01
1.4998293515e+00 1.3823663254e+00 7.7819490496e+01
1.4964732651e+00 1.3655858931e+00 8.0025526977e+01
1.3555176337e+00 1.2883959044e+00 8.1951527349e+01
1.4259954494e+00 1.3353811149e+00 7.9546053824e+01
1.5937997725e+00 1.4159271900e+00 7.9193630155e+01
1.5468145620e+00 1.3957906712e+00 7.8981882744e+01
1.4226393629e+00 1.3420932878e+00 7.8314885953e+01
1.4629124005e+00 1.3622298066e+00 7.8181986703e+01
1.2749715586e+00 1.2615472127e+00 7.9625025561e+01
1.4562002275e+00 1.3488054608e+00 7.9686198513e+01
1.6743458476e+00 1.4662684869e+00 7.7381684089e+01
1.7246871445e+00 1.4964732651e+00 7.6514610812e+01
1.3756541524e+00 1.3186006826e+00 7.8438734158e+01
1.1843572241e+00 1.2112059158e+00 8.0476290705e+01
1.5132536974e+00 1.3857224118e+00 7.8209564664e+01
1.3622298066e+00 1.2984641638e+00 8.0618567098e+01
1.4327076223e+00 1.3320250284e+00 8.0636999602e+01
1.4092150171e+00 1.3387372014e+00 7.7892011916e+01
1.6575654152e+00 1.4494880546e+00 7.8550229499e+01
1.4058589306e+00 1.3320250284e+00 7.8602327729e+01
1.5065415245e+00 1.3722980660e+00 7.9703136585e+01
1.5333902162e+00 1.3890784983e+00 7.9053547054e+01
1.5132536974e+00 1.3890784983e+00 7.7765904866e+01
1.3823663254e+00 1.3219567691e+00 7.8423254273e+01
1.4159271900e+00 1.3286689420e+00 7.9853602273e+01
1.1944254835e+00 1.2313424346e+00 7.8021790344e+01
1.5065415245e+00 1.3924345848e+00 7.6952378230e+01
1.4159271900e+00 1.3353811149e+00 7.8815961559e+01
1.3622298066e+00 1.3118885097e+00 7.8467361843e+01
1.3957906712e+00 1.3320250284e+00 7.7924966431e+01
1.5937997725e+00 1.4259954494e+00 7.7824193782e+01
1.3253128555e+00 1.2816837315e+00 8.0418022619e+01
1.3118885097e+00 1.2883959044e+00 7.8301185687e+01
1.4528441411e+00 1.3588737201e+00 7.7989545840e+01
1.6273606371e+00 1.4427758817e+00 7.7645814775e+01
1.3488054608e+00 1.2984641638e+00 7.9515322697e+01
1.2447667804e+00 1.2581911263e+00 7.7837789876e+01
1.5635949943e+00 1.3991467577e+00 7.9632750451e+01
1.6407849829e+00 1.4461319681e+00 7.7993666361e+01
1.4293515358e+00 1.3353811149e+00 7.9800678015e+01
1.4327076223e+00 1.3488054608e+00 7.8053404088e+01
1.3018202503e+00 1.2716154721e+00 8.0166343545e+01
1.4125711035e+00 1.3286689420e+00 7.9595799292e+01
1.3991467577e+00 1.3286689420e+00 7.8621274380e+01
1.2917519909e+00 1.2682593857e+00 7.9891268041e+01
1.5770193402e+00 1.4092150171e+00 7.9052777050e+01
1.4159271900e+00 1.3320250284e+00 7.9321060792e+01
1.6005119454e+00 1.4562002275e+00 7.4799684199e+01
1.2951080774e+00 1.2716154721e+00 7.9607061206e+01
1.5602389078e+00 1.4125711035e+00 7.7562699660e+01
1.4964732651e+00 1.3689419795e+00 7.9494802758e+01
1.3756541524e+00 1.3219567691e+00 7.7969034499e+01
1.1709328783e+00 1.2044937429e+00 8.0452284611e+01
1.6005119454e+00 1.4226393629e+00 7.8677269875e+01
1.4629124005e+00 1.3488054608e+00 8.0200984066e+01
1.5300341297e+00 1.3857224118e+00 7.9319334261e+01
1.3420932878e+00 1.2984641638e+00 7.9004086120e+01
1.3353811149e+00 1.3051763367e+00 7.7578724170e+01
1.4595563140e+00 1.3454493743e+00 8.0503621865e+01
1.2951080774e+00 1.2749715586e+00 7.9069997734e+01
1.4964732651e+00 1.3689419795e+00 7.9494802758e+01
1.6810580205e+00 1.4796928328e+00 7.6197209607e+01
1.2649032992e+00 1.2548350398e+00 7.9913848708e+01
1.5669510808e+00 1.4226393629e+00 7.6721851980e+01
1.5736632537e+00 1.4125711035e+00 7.8370017151e+01
1.6542093288e+00 1.4494880546e+00 7.8348243194e+01
1.2716154721e+00 1.2514789534e+00 8.1137965456e+01
1.4562002275e+00 1.3622298066e+00 7.7755668784e+01
1.3186006826e+00 1.2816837315e+00 7.9851770899e+01
1.5132536974e+00 1.3924345848e+00 7.7339506860e+01
1.7616040956e+00 1.5132536974e+00 7.6483810704e+01
1.3588737201e+00 1.3152445961e+00 7.7771541708e+01
1.3823663254e+00 1.3353811149e+00 7.6659311150e+01
1.1910693970e+00 1.2145620023e+00 8.0486205133e+01
1.5468145620e+00 1.3991467577e+00 7.8509211467e+01
1.2951080774e+00 1.2716154721e+00 7.9607061206e+01
1.7515358362e+00 1.4897610922e+00 7.8777090381e+01
1.6240045506e+00 1.4360637088e+00 7.8311258420e+01
1.5602389078e+00 1.3957906712e+00 7.9915258193e+01
1.5401023891e+00 1.3890784983e+00 7.9516645940e+01
1.2917519909e+00 1.2682593857e+00 7.9891268041e+01
1.4629124005e+00 1.3588737201e+00 7.8649978183e+01
1.6240045506e+00 1.4360637088e+00 7.8311258420e+01
1.4998293515e+00 1.3722980660e+00 7.9223766672e+01
1.5098976109e+00 1.3890784983e+00 7.7563806286e+01
1.6743458476e+00 1.4528441411e+00 7.9129321526e+01
1.3924345848e+00 1.3152445961e+00 8.0221196836e+01
1.5501706485e+00 1.3991467577e+00 7.8725233071e+01
1.5535267349e+00 1.4159271900e+00 7.6776286122e+01
1.5904436860e+00 1.4159271900e+00 7.8972675049e+01
1.5233219568e+00 1.3756541524e+00 8.0424061029e+01
1.4629124005e+00 1.3521615472e+00 7.9655874271e+01
1.4562002275e+00 1.3488054608e+00 7.9686198513e+01
1.3118885097e+00 1.2749715586e+00 8.0445695581e+01
1.3152445961e+00 1.2850398180e+00 7.9047313545e+01
1.3454493743e+00 1.3085324232e+00 7.7792003766e+01
1.4327076223e+00 1.3488054608e+00 7.8053404088e+01
1.3320250284e+00 1.2984641638e+00 7.8277729792e+01
1.3924345848e+00 1.3186006826e+00 7.9664690036e+01
1.4595563140e+00 1.3555176337e+00 7.8905581221e+01
1.4696245734e+00 1.3521615472e+00 8.0167155963e+01
1.3521615472e+00 1.3051763367e+00 7.8732463457e+01
1.4830489192e+00 1.3756541524e+00 7.7664210863e+01
1.4562002275e+00 1.3521615472e+00 7.9168071325e+01
1.6642775882e+00 1.4696245734e+00 7.6465892794e+01
1.3521615472e+00 1.3018202503e+00 7.9242442842e+01
1.6072241183e+00 1.4226393629e+00 7.9108778295e+01
1.4562002275e+00 1.3588737201e+00 7.8205723931e+01
1.4360637088e+00 1.3488054608e+00 7.8273175841e+01
1.4259954494e+00 1.3387372014e+00 7.9031041049e+01
1.2414106940e+00 1.2380546075e+00 8.0833130235e+01
1.6273606371e+00 1.4327076223e+00 7.8978807523e+01
1.4629124005e+00 1.3521615472e+00 7.9655874271e+01
1.7548919226e+00 1.5065415245e+00 7.6897250430e+01
1.4058589306e+00 1.3353811149e+00 7.8129344608e+01
1.5501706485e+00 1.4058589306e+00 7.7822512496e+01
1.4897610922e+00 1.3622298066e+00 8.0061848799e+01
1.4125711035e+00 1.3219567691e+00 8.0729161195e+01
1.5770193402e+00 1.4125711035e+00 7.8580430501e+01
1.3085324232e+00 1.2816837315e+00 7.9055826735e+01
1.4494880546e+00 1.3521615472e+00 7.8700703870e+01
1.2716154721e+00 1.2581911263e+00 7.9909847507e+01
1.6340728100e+00 1.4494880546e+00 7.7200806229e+01
1.4629124005e+00 1.3722980660e+00 7.6888096287e+01
1.3655858931e+00 1.3118885097e+00 7.8704661572e+01
1.5434584755e+00 1.3857224118e+00 8.0295178586e+01
1.3186006826e+00 1.2883959044e+00 7.8787105164e+01
1.4494880546e+00 1.3521615472e+00 7.8700703870e+01
1.5803754266e+00 1.4125711035e+00 7.8794659982e+01
1.3722980660e+00 1.3152445961e+00 7.8689542878e+01
1.3957906712e+00 1.3353811149e+00 7.7479042073e+01
1.4192832765e+00 1.3253128555e+00 8.0699228738e+01
1.4528441411e+00 1.3622298066e+00 7.7547778655e+01
1.3655858931e+00 1.3186006826e+00 7.7760154258e+01
1.2883959044e+00 1.2581911263e+00 8.1448332611e+01
1.4662684869e+00 1.3521615472e+00 7.9908360935e+01
1.5803754266e+00 1.4092150171e+00 7.9276939788e+01
1.4461319681e+00 1.3488054608e+00 7.8957765940e+01
1.6374288965e+00 1.4461319681e+00 7.7799904054e+01
1.0937428896e+00 1.1675767918e+00 7.9893248473e+01
1.4796928328e+00 1.3622298066e+00 7.9319234713e+01
1.3689419795e+00 1.3085324232e+00 7.9465716996e+01
1.3085324232e+00 1.2816837315e+00 7.9055826735e+01
1.4259954494e+00 1.3420932878e+00 7.8541194536e+01
1.5434584755e+00 1.4058589306e+00 7.7426768615e+01
1.1944254835e+00 1.2145620023e+00 8.0809547653e+01
1.3286689420e+00 1.2850398180e+00 8.0117096192e+01
1.6642775882e+00 1.4662684869e+00 7.6845583178e+01
1.5736632537e+00 1.4226393629e+00 7.7090142154e+01
1.4092150171e+00 1.3353811149e+00 7.8353871441e+01
1.3924345848e+00 1.3320250284e+00 7.7707177732e+01
1.5065415245e+00 1.3823663254e+00 7.8238546528e+01
1.5770193402e+00 1.4192832765e+00 7.7695175323e+01
1.3756541524e+00 1.3051763367e+00 8.0573742759e+01
1.5132536974e+00 1.3890784983e+00 7.7765904866e+01
1.4327076223e+00 1.3387372014e+00 7.9520083264e+01
1.4629124005e+00 1.3588737201e+00 7.8649978183e+01
1.2078498294e+00 1.2246302617e+00 8.0197953283e+01
1.3253128555e+00 1.2951080774e+00 7.8286410859e+01
1.5837315131e+00 1.4293515358e+00 7.6846589663e+01
1.5703071672e+00 1.4058589306e+00 7.9092207382e+01
1.4931171786e+00 1.3689419795e+00 7.9256172088e+01
1.5837315131e+00 1.4293515358e+00 7.6846589663e+01
1.6474971559e+00 1.4394197952e+00 7.9322525492e+01
1.3722980660e+00 1.3186006826e+00 7.8208358654e+01
1.2682593857e+00 1.2581911263e+00 7.9628893893e+01
1.4830489192e+00 1.3655858931e+00 7.9052891069e+01
1.4662684869e+00 1.3622298066e+00 7.8400802276e+01
1.3521615472e+00 1.3085324232e+00 7.8246669600e+01
1.3957906712e+00 1.3186006826e+00 7.9927223311e+01
1.2984641638e+00 1.2682593857e+00 8.0469122125e+01
1.5468145620e+00 1.4092150171e+00 7.7205575845e+01
1.6944823663e+00 1.4696245734e+00 7.8088546279e+01
1.2481228669e+00 1.2514789534e+00 7.9088081304e+01
1.3152445961e+00 1.2850398180e+00 7.9047313545e+01
1.4159271900e+00 1.3353811149e+00 7.8815961559e+01
1.7716723549e+00 1.4897610922e+00 8.0042297628e+01
1.6407849829e+00 1.4427758817e+00 7.8432496477e+01
1.5065415245e+00 1.3823663254e+00 7.8238546528e+01
1.4360637088e+00 1.3488054608e+00 7.8273175841e+01
1.6340728100e+00 1.4427758817e+00 7.8032926840e+01
1.4662684869e+00 1.3588737201e+00 7.8878530121e+01
1.3588737201e+00 1.2951080774e+00 8.0937612103e+01
1.3957906712e+00 1.3152445961e+00 8.0499770425e+01
1.5635949943e+00 1.4025028441e+00 7.9131208098e+01
1.5535267349e+00 1.4159271900e+00 7.6776286122e+01
1.7582480091e+00 1.5031854380e+00 7.7458666469e+01
1.4998293515e+00 1.3689419795e+00 7.9738821391e+01
1.2414106940e+00 1.2514789534e+00 7.8568031519e+01
1.3085324232e+00 1.2682593857e+00 8.1406678655e+01
1.3689419795e+00 1.3253128555e+00 7.7096902340e+01
1.5703071672e+00 1.4192832765e+00 7.7308711815e+01
1.5098976109e+00 1.3823663254e+00 7.8453567226e+01
1.5434584755e+00 1.3991467577e+00 7.8297044264e+01
1.3320250284e+00 1.3051763367e+00 7.7360152329e+01
1.3957906712e+00 1.3286689420e+00 7.8390029087e+01
1.4830489192e+00 1.3756541524e+00 7.7664210863e+01
1.7045506257e+00 1.4595563140e+00 8.0136072806e+01
1.3957906712e+00 1.3253128555e+00 7.8876644611e+01
1.5602389078e+00 1.4159271900e+00 7.7148735379e+01
1.4897610922e+00 1.3756541524e+00 7.8081096272e+01
1.6508532423e+00 1.4461319681e+00 7.8593946275e+01
1.5031854380e+00 1.3823663254e+00 7.8027252334e+01
1.5669510808e+00 1.4025028441e+00 7.9358612156e+01
1.6105802048e+00 1.4360637088e+00 7.7526646477e+01
1.8287258248e+00 1.5300341297e+00 7.7958250649e+01
1.3085324232e+00 1.2883959044e+00 7.8065393167e+01
1.5535267349e+00 1.4092150171e+00 7.7593136322e+01
1.4159271900e+00 1.3353811149e+00 7.8815961559e+01
1.9327645051e+00 1.5770193402e+00 7.7712444202e+01
1.5904436860e+00 1.4327076223e+00 7.6816893146e+01
1.5401023891e+00 1.4159271900e+00 7.6059904576e+01
1.3521615472e+00 1.3018202503e+00 7.9242442842e+01
1.5635949943e+00 1.4192832765e+00 7.6933214839e+01
1.3555176337e+00 1.3051763367e+00 7.8977173578e+01
1.3689419795e+00 1.3018202503e+00 8.0596616972e+01
1.3857224118e+00 1.3219567691e+00 7.8656939703e+01
1.2581911263e+00 1.2481228669e+00 8.0512440397e+01
1.6944823663e+00 1.4629124005e+00 7.8981809126e+01
1.5199658703e+00 1.3823663254e+00 7.9123219738e+01
1.5602389078e+00 1.4125711035e+00 7.7562699660e+01
1.2816837315e+00 1.2649032992e+00 7.9620086822e+01
1.2984641638e+00 1.2783276451e+00 7.8809133488e+01
1.4763367463e+00 1.3588737201e+00 7.9593290194e+01
1.4125711035e+00 1.3219567691e+00 8.0729161195e+01
1.4360637088e+00 1.3521615472e+00 7.7817958952e+01
1.3790102389e+00 1.3152445961e+00 7.9176670914e+01
1.4259954494e+00 1.3353811149e+00 7.9546053824e+01
1.4763367463e+00 1.3689419795e+00 7.8132705796e+01
1.3555176337e+00 1.3051763367e+00 7.8977173578e+01
1.4293515358e+00 1.3488054608e+00 7.7837460162e+01
1.5937997725e+00 1.4293515358e+00 7.7404078583e+01
1.2716154721e+00 1.2649032992e+00 7.8825164190e+01
1.3286689420e+00 1.2917519909e+00 7.9027505322e+01
1.5635949943e+00 1.4058589306e+00 7.8653717030e+01
1.2581911263e+00 1.2548350398e+00 7.9356781807e+01
1.4931171786e+00 1.3655858931e+00 7.9773934271e+01
1.5635949943e+00 1.4058589306e+00 7.8653717030e+01
1.3454493743e+00 1.3018202503e+00 7.8745118609e+01
1.3756541524e+00 1.3085324232e+00 7.9993519675e+01
1.7951649602e+00 1.5199658703e+00 7.7403532580e+01
1.4394197952e+00 1.3488054608e+00 7.8496995076e+01
1.3555176337e+00 1.3253128555e+00 7.6290196774e+01
1.4528441411e+00 1.3555176337e+00 7.8450163247e+01
1.4293515358e+00 1.3420932878e+00 7.8771907257e+01
1.2414106940e+00 1.2481228669e+00 7.9086470286e+01
1.4696245734e+00 1.3555176337e+00 7.9624899706e+01
1.4796928328e+00 1.3790102389e+00 7.7042028693e+01
1.3186006826e+00 1.2816837315e+00 7.9851770899e+01
1.3521615472e+00 1.2984641638e+00 7.9780244346e+01
1.4964732651e+00 1.3756541524e+00 7.8512531710e+01
1.3253128555e+00 1.2850398180e+00 7.9839378819e+01
1.4528441411e+00 1.3521615472e+00 7.8931997742e+01
1.6474971559e+00 1.4427758817e+00 7.8845863953e+01
1.4763367463e+00 1.3722980660e+00 7.7687941731e+01
1.3118885097e+00 1.2816837315e+00 7.9314739283e+01
1.3286689420e+00 1.2883959044e+00 7.9556875989e+01
1.6005119454e+00 1.4293515358e+00 7.7789269832e+01
1.4259954494e+00 1.3588737201e+00 7.6378609106e+01
1.3488054608e+00 1.2984641638e+00 7.9515322697e+01
1.4259954494e+00 1.3622298066e+00 7.5990949722e+01
1.4796928328e+00 1.3790102389e+00 7.7042028693e+01
1.3722980660e+00 1.3186006826e+00 7.8208358654e+01
1.2447667804e+00 1.2481228669e+00 7.9356776907e+01
1.4897610922e+00 1.3689419795e+00 7.9022577752e+01
1.4763367463e+00 1.3655858931e+00 7.8596770678e+01
1.6911262799e+00 1.4763367463e+00 7.7086293176e+01
1.4763367463e+00 1.3689419795e+00 7.8132705796e+01
1.6810580205e+00 1.4696245734e+00 7.7342728175e+01
1.3286689420e+00 1.2850398180e+00 8.0117096192e+01
1.8119453925e+00 1.5333902162e+00 7.6718571283e+01
1.4327076223e+00 1.3387372014e+00 7.9520083264e+01
1.3790102389e+00 1.3186006826e+00 7.8673630960e+01
1.5568828214e+00 1.3924345848e+00 8.0206865145e+01
1.5803754266e+00 1.4159271900e+00 7.8334126729e+01
1.6307167235e+00 1.4394197952e+00 7.8271335948e+01
1.5971558589e+00 1.4226393629e+00 7.8467377281e+01
1.2447667804e+00 1.2581911263e+00 7.7837789876e+01
1.5300341297e+00 1.3924345848e+00 7.8361156493e+01
1.6709897611e+00 1.4629124005e+00 7.7605155603e+01
1.5333902162e+00 1.3957906712e+00 7.8119529269e+01
1.3689419795e+00 1.3018202503e+00 8.0596616972e+01
1.5098976109e+00 1.3722980660e+00 7.9951150249e+01
1.3857224118e+00 1.3253128555e+00 7.8178963131e+01
1.6273606371e+00 1.4461319681e+00 7.7235589407e+01
1.4259954494e+00 1.3320250284e+00 8.0090171698e+01
1.1877133106e+00 1.2212741752e+00 7.9033146733e+01
1.4494880546e+00 1.3387372014e+00 8.0853059526e+01
1.6374288965e+00 1.4494880546e+00 7.7385074090e+01
1.6005119454e+00 1.4192832765e+00 7.9151391211e+01
1.4092150171e+00 1.3253128555e+00 7.9878928091e+01
1.4293515358e+00 1.3353811149e+00 7.9800678015e+01
1.4864050057e+00 1.3689419795e+00 7.8793704555e+01
1.5803754266e+00 1.4159271900e+00 7.8334126729e+01
1.4494880546e+00 1.3420932878e+00 8.0266627534e+01
1.5098976109e+00 1.3756541524e+00 7.9426242566e+01
1.3219567691e+00 1.2850398180e+00 7.9568862870e+01
1.3085324232e+00 1.2850398180e+00 7.8548799109e+01
1.3957906712e+00 1.3253128555e+00 7.8876644611e+01
1.4461319681e+00 1.3387372014e+00 8.0571746922e+01
1.5401023891e+00 1.3957906712e+00 7.8542862357e+01
1.4595563140e+00 1.3555176337e+00 7.8905581221e+01
1.4058589306e+00 1.3219567691e+00 8.0171177918e+01
1.4595563140e+00 1.3622298066e+00 7.7967009677e+01
1.4763367463e+00 1.3655858931e+00 7.8596770678e+01
1.4763367463e+00 1.3655858931e+00 7.8596770678e+01
1.3890784983e+00 1.3186006826e+00 7.9408488915e+01
1.3420932878e+00 1.3051763367e+00 7.8027351369e+01
1.3286689420e+00 1.2883959044e+00 7.9556875989e+01
1.5803754266e+00 1.4293515358e+00 7.6665717861e+01
1.3420932878e+00 1.2917519909e+00 8.0086467855e+01
1.5233219568e+00 1.3823663254e+00 7.9355494278e+01
1.6944823663e+00 1.4662684869e+00 7.8525611586e+01
1.3857224118e+00 1.3118885097e+00 8.0244957075e+01
1.4025028441e+00 1.3253128555e+00 7.9366312224e+01
1.3722980660e+00 1.3051763367e+00 8.0289888328e+01
1.2716154721e+00 1.2548350398e+00 8.0502641291e+01
1.4092150171e+00 1.3186006826e+00 8.1052026652e+01
1.5736632537e+00 1.4125711035e+00 7.8370017151e+01
1.3118885097e+00 1.2951080774e+00 7.7376611899e+01
1.5669510808e+00 1.4360637088e+00 7.5251495631e+01
1.4931171786e+00 1.3689419795e+00 7.9256172088e+01
1.4528441411e+00 1.3555176337e+00 7.8450163247e+01
1.4092150171e+00 1.3387372014e+00 7.7892011916e+01
1.2649032992e+00 1.2548350398e+00 7.9913848708e+01
1.5937997725e+00 1.4259954494e+00 7.7824193782e+01
1.5367463026e+00 1.3924345848e+00 7.8794885499e+01
1.3790102389e+00 1.3219567691e+00 7.8194037772e+01
1.1004550626e+00 1.1642207053e+00 8.1225772610e+01
1.4796928328e+00 1.3722980660e+00 7.7895816873e+01
1.4897610922e+00 1.3722980660e+00 7.8541184820e+01
1.4562002275e+00 1.3655858931e+00 7.7323363120e+01
1.3722980660e+00 1.3085324232e+00 7.9726319797e+01
1.4259954494e+00 1.3353811149e+00 7.9546053824e+01
1.3387372014e+00 1.2883959044e+00 8.0386252948e+01
1.4293515358e+00 1.3353811149e+00 7.9800678015e+01
1.4092150171e+00 1.3286689420e+00 7.9344063161e+01
1.4092150171e+00 1.3353811149e+00 7.8353871441e+01
1.3454493743e+00 1.3085324232e+00 7.7792003766e+01
1.6709897611e+00 1.4629124005e+00 7.7605155603e+01
1.8186575654e+00 1.5333902162e+00 7.7047135184e+01
1.4259954494e+00 1.3353811149e+00 7.9546053824e+01
1.8522184300e+00 1.5468145620e+00 7.7188206268e+01
1.4427758817e+00 1.3420932878e+00 7.9744833550e+01
1.4998293515e+00 1.3890784983e+00 7.6975577758e+01
1.2044937429e+00 1.2313424346e+00 7.8793028664e+01
1.3454493743e+00 1.2984641638e+00 7.9256752757e+01
1.4293515358e+00 1.3320250284e+00 8.0359799633e+01
1.5401023891e+00 1.4025028441e+00 7.7652643321e+01
1.5468145620e+00 1.4025028441e+00 7.8057043713e+01
1.3152445961e+00 1.2716154721e+00 8.1390414076e+01
1.7481797497e+00 1.4931171786e+00 7.8145572939e+01
1.3622298066e+00 1.3018202503e+00 8.0033418254e+01
1.4226393629e+00 1.3353811149e+00 7.9297320353e+01
1.4629124005e+00 1.3555176337e+00 7.9140215050e+01
1.3521615472e+00 1.2951080774e+00 8.0350536454e+01
1.4427758817e+00 1.3488054608e+00 7.8725103092e+01
1.5031854380e+00 1.3957906712e+00 7.6370645148e+01
1.5937997725e+00 1.4327076223e+00 7.6999126730e+01
1.3018202503e+00 1.2816837315e+00 7.8555033866e+01
1.2145620023e+00 1.2246302617e+00 8.0827801179e+01
1.3387372014e+00 1.2951080774e+00 7.9270178919e+01
1.7515358362e+00 1.5098976109e+00 7.6360881915e+01
1.3722980660e+00 1.3152445961e+00 7.8689542878e+01
1.4025028441e+00 1.3186006826e+00 8.0473394069e+01
1.2615472127e+00 1.2514789534e+00 8.0208074687e+01
1.4461319681e+00 1.3420932878e+00 8.0002412726e+01
1.5602389078e+00 1.4092150171e+00 7.7992691113e+01
1.6005119454e+00 1.4327076223e+00 7.7371133569e+01
1.4494880546e+00 1.3588737201e+00 7.7777051594e+01
1.4864050057e+00 1.3722980660e+00 7.8322239603e+01
1.5535267349e+00 1.3991467577e+00 7.8945335258e+01
1.5937997725e+00 1.4226393629e+00 7.8261111382e+01
1.3454493743e+00 1.2917519909e+00 8.0368878693e+01
1.2514789534e+00 1.2447667804e+00 8.0515536696e+01
1.5501706485e+00 1.4025028441e+00 7.8264271045e+01
1.4058589306e+00 1.3320250284e+00 7.8602327729e+01
1.4327076223e+00 1.3488054608e+00 7.8053404088e+01
1.3387372014e+00 1.2917519909e+00 7.9811691125e+01
1.3555176337e+00 1.3018202503e+00 7.9499660855e+01
1.2783276451e+00 1.2615472127e+00 7.9904739360e+01
1.6038680319e+00 1.4293515358e+00 7.7986313354e+01
1.4461319681e+00 1.3622298066e+00 7.7141683074e+01
1.1843572241e+00 1.2112059158e+00 8.0476290705e+01
1.2883959044e+00 1.2783276451e+00 7.8077826494e+01
1.6105802048e+00 1.4192832765e+00 7.9836985564e+01
1.3320250284e+00 1.2951080774e+00 7.8767866946e+01
1.5535267349e+00 1.4092150171e+00 7.7593136322e+01
1.3924345848e+00 1.3320250284e+00 7.7707177732e+01
1.4494880546e+00 1.3454493743e+00 7.9715856859e+01
1.5635949943e+00 1.4092150171e+00 7.8197346124e+01
1.2179180887e+00 1.2313424346e+00 7.9909510878e+01
1.4494880546e+00 1.3521615472e+00 7.8700703870e+01
1.5166097838e+00 1.3857224118e+00 7.8423280228e+01
1.4729806598e+00 1.3588737201e+00 7.9349863626e+01
1.5736632537e+00 1.4125711035e+00 7.8370017151e+01
1.6844141069e+00 1.4696245734e+00 7.7525163716e+01
1.5132536974e+00 1.3823663254e+00 7.8672526870e+01
1.4763367463e+00 1.3689419795e+00 7.8132705796e+01
1.5300341297e+00 1.3857224118e+00 7.9319334261e+01
1.5837315131e+00 1.4226393629e+00 7.7662268869e+01
1.4931171786e+00 1.3689419795e+00 7.9256172088e+01
1.5635949943e+00 1.4058589306e+00 7.8653717030e+01
1.3857224118e+00 1.3253128555e+00 7.8178963131e+01
1.4058589306e+00 1.3454493743e+00 7.6822410420e+01
1.3051763367e+00 1.2649032992e+00 8.1759383864e+01
1.7548919226e+00 1.4897610922e+00 7.8978157867e+01
1.2682593857e+00 1.2615472127e+00 7.9086508187e+01
1.4696245734e+00 1.3521615472e+00 8.0167155963e+01
1.3790102389e+00 1.3085324232e+00 8.0267860331e+01
1.4192832765e+00 1.3387372014e+00 7.8562274361e+01
1.6877701934e+00 1.4595563140e+00 7.9031209797e+01
1.4629124005e+00 1.3622298066e+00 7.8181986703e+01
1.4226393629e+00 1.3454493743e+00 7.7856310676e+01
1.4629124005e+00 1.3689419795e+00 7.7302966730e+01
1.3890784983e+00 1.3118885097e+00 8.0525300122e+01
1.4461319681e+00 1.3420932878e+00 8.0002412726e+01
1.4125711035e+00 1.3454493743e+00 7.7226338163e+01
1.3085324232e+00 1.2850398180e+00 7.8548799109e+01
1.3924345848e+00 1.3253128555e+00 7.8639482927e+01
1.4494880546e+00 1.3488054608e+00 7.9195278133e+01
1.5501706485e+00 1.4025028441e+00 7.8264271045e+01
1.5535267349e+00 1.4025028441e+00 7.8475090156e+01
1.5031854380e+00 1.3890784983e+00 7.7168782040e+01
1.5300341297e+00 1.3957906712e+00 7.7913227444e+01
1.5199658703e+00 1.3957906712e+00 7.7313693593e+01
1.3991467577e+00 1.3186006826e+00 8.0196597774e+01
1.3387372014e+00 1.2917519909e+00 7.9811691125e+01
1.3454493743e+00 1.2984641638e+00 7.9256752757e+01
1.4864050057e+00 1.3622298066e+00 7.9808460119e+01
1.2548350398e+00 1.2481228669e+00 8.0211056847e+01
1.4025028441e+00 1.3286689420e+00 7.8857155397e+01
1.5367463026e+00 1.4058589306e+00 7.7042630630e+01
1.3689419795e+00 1.3118885097e+00 7.8946884930e+01
1.4629124005e+00 1.3689419795e+00 7.7302966730e+01
1.3991467577e+00 1.3353811149e+00 7.7692136995e+01
1.7582480091e+00 1.5233219568e+00 7.5284009430e+01
1.6206484642e+00 1.4293515358e+00 7.9022475500e+01
1.2917519909e+00 1.2883959044e+00 7.6947886725e+01
1.2649032992e+00 1.2548350398e+00 7.9913848708e+01
1.6307167235e+00 1.4394197952e+00 7.8271335948e+01
1.6474971559e+00 1.4427758817e+00 7.8845863953e+01
1.3823663254e+00 1.3219567691e+00 7.8423254273e+01
1.5568828214e+00 1.4025028441e+00 7.8689702111e+01
1.4327076223e+00 1.3353811149e+00 8.0061645986e+01
1.7884527873e+00 1.5333902162e+00 7.5625002877e+01
1.2649032992e+00 1.2581911263e+00 7.9355154509e+01
1.3823663254e+00 1.3186006826e+00 7.8913336733e+01
1.2749715586e+00 1.2749715586e+00 7.7613881230e+01
1.3991467577e+00 1.3286689420e+00 7.8621274380e+01
1.4159271900e+00 1.3320250284e+00 7.9321060792e+01
1.6105802048e+00 1.4427758817e+00 7.6725460018e+01
1.4494880546e+00 1.3488054608e+00 7.9195278133e+01
1.4562002275e+00 1.3655858931e+00 7.7323363120e+01
1.6508532423e+00 1.4562002275e+00 7.7312233888e+01
1.4729806598e+00 1.3622298066e+00 7.8850858039e+01
1.5434584755e+00 1.3924345848e+00 7.9245509890e+01
1.6005119454e+00 1.4327076223e+00 7.7371133569e+01
1.5300341297e+00 1.3924345848e+00 7.8361156493e+01
1.3689419795e+00 1.3186006826e+00 7.7982244160e+01
1.2816837315e+00 1.2682593857e+00 7.9080263792e+01
1.4629124005e+00 1.3521615472e+00 7.9655874271e+01
1.3924345848e+00 1.3253128555e+00 7.8639482927e+01
1.7481797497e+00 1.4964732651e+00 7.7728597209e+01
1.5568828214e+00 1.4159271900e+00 7.6961238890e+01
1.4058589306e+00 1.3420932878e+00 7.7241351421e+01
1.5635949943e+00 1.4159271900e+00 7.7338888787e+01
1.4696245734e+00 1.3622298066e+00 7.8623678138e+01
1.3790102389e+00 1.3253128555e+00 7.7735127226e+01
1.3420932878e+00 1.2917519909e+00 8.0086467855e+01
1.3957906712e+00 1.3253128555e+00 7.8876644611e+01
1.4595563140e+00 1.3655858931e+00 7.7526902526e+01
1.5501706485e+00 1.3991467577e+00 7.8725233071e+01
1.7179749716e+00 1.4964732651e+00 7.6186504053e+01
1.3018202503e+00 1.2850398180e+00 7.8070429018e+01
1.4159271900e+00 1.3420932878e+00 7.7874498591e+01
1.7011945392e+00 1.4897610922e+00 7.6094827644e+01
1.2783276451e+00 1.2682593857e+00 7.8822628029e+01
1.4662684869e+00 1.3689419795e+00 7.7505434784e+01
1.3991467577e+00 1.3420932878e+00 7.6835487250e+01
1.3991467577e+00 1.3488054608e+00 7.6037886741e+01
1.3420932878e+00 1.2951080774e+00 7.9530089850e+01
1.5132536974e+00 1.3756541524e+00 7.9666894728e+01
1.3823663254e+00 1.3152445961e+00 7.9428385522e+01
1.5837315131e+00 1.4226393629e+00 7.7662268869e+01
1.6844141069e+00 1.4629124005e+00 7.8372541484e+01
1.8287258248e+00 1.5535267349e+00 7.5396244626e+01
1.4931171786e+00 1.3689419795e+00 7.9256172088e+01
1.5669510808e+00 1.4092150171e+00 7.8405481829e+01
1.2850398180e+00 1.2649032992e+00 7.9898540694e+01
1.6139362912e+00 1.4427758817e+00 7.6904573745e+01
1.5367463026e+00 1.4025028441e+00 7.7455145748e+01
1.3085324232e+00 1.2749715586e+00 8.0155577170e+01
1.5468145620e+00 1.3857224118e+00 8.0554462131e+01
1.4729806598e+00 1.3857224118e+00 7.5886444977e+01
1.4192832765e+00 1.3320250284e+00 7.9571297751e+01
1.7146188851e+00 1.4864050057e+00 7.7143876317e+01
1.3152445961e+00 1.2917519909e+00 7.8059482859e+01
1.1440841866e+00 1.1944254835e+00 7.9778841852e+01
1.7850967008e+00 1.5233219568e+00 7.6523415821e+01
1.4327076223e+00 1.3420932878e+00 7.9007301685e+01
1.4998293515e+00 1.3823663254e+00 7.7819490496e+01
1.4629124005e+00 1.3588737201e+00 7.8649978183e+01
1.5904436860e+00 1.4159271900e+00 7.8972675049e+01
1.3823663254e+00 1.3253128555e+00 7.7955076719e+01
1.4159271900e+00 1.3353811149e+00 7.8815961559e+01
1.3823663254e+00 1.3219567691e+00 7.8423254273e+01
1.5434584755e+00 1.4092150171e+00 7.7015956060e+01
1.5837315131e+00 1.4092150171e+00 7.9505745975e+01
1.1977815700e+00 1.2212741752e+00 7.9889466600e+01
1.5199658703e+00 1.3924345848e+00 7.7738334681e+01
1.6642775882e+00 1.4595563140e+00 7.7644719766e+01
1.2346985210e+00 1.2414106940e+00 7.9631635574e+01
1.2615472127e+00 1.2581911263e+00 7.9088086042e+01
1.4360637088e+00 1.3454493743e+00 7.8748842065e+01
1.6172923777e+00 1.4394197952e+00 7.7491788586e+01
1.2179180887e+00 1.2246302617e+00 8.1159150569e+01
1.4427758817e+00 1.3521615472e+00 7.8251330886e+01
1.5401023891e+00 1.3991467577e+00 7.8088525287e+01
1.3555176337e+00 1.3118885097e+00 7.8006369171e+01
1.3588737201e+00 1.3085324232e+00 7.8718973097e+01
1.5468145620e+00 1.4125711035e+00 7.6802843604e+01
1.6172923777e+00 1.4394197952e+00 7.7491788586e+01
1.4931171786e+00 1.3823663254e+00 7.7413866286e+01
1.2716154721e+00 1.2548350398e+00 8.0502641291e+01
1.3823663254e+00 1.3152445961e+00 7.9428385522e+01
1.6340728100e+00 1.4360637088e+00 7.8934809384e+01
1.4125711035e+00 1.3320250284e+00 7.9076391335e+01
1.5635949943e+00 1.4058589306e+00 7.8653717030e+01
1.5736632537e+00 1.4159271900e+00 7.7926556587e+01
1.4058589306e+00 1.3320250284e+00 7.8602327729e+01
1.2984641638e+00 1.2749715586e+00 7.9331317986e+01
1.2984641638e+00 1.2749715586e+00 7.9331317986e+01
1.5401023891e+00 1.3857224118e+00 8.0042486073e+01
1.6441410694e+00 1.4461319681e+00 7.8190488049e+01
1.5703071672e+00 1.4125711035e+00 7.8163216220e+01
1.5501706485e+00 1.4159271900e+00 7.6593771615e+01
1.5333902162e+00 1.3924345848e+00 7.8576031214e+01
1.1810011377e+00 1.2078498294e+00 8.0790342850e+01
1.6642775882e+00 1.4696245734e+00 7.6465892794e+01
1.3890784983e+00 1.3152445961e+00 7.9950158779e+01
1.4763367463e+00 1.3588737201e+00 7.9593290194e+01
1.5401023891e+00 1.3957906712e+00 7.8542862357e+01
1.5098976109e+00 1.3823663254e+00 7.8453567226e+01
1.3924345848e+00 1.3353811149e+00 7.7269372453e+01
1.4159271900e+00 1.3253128555e+00 8.0418177237e+01
1.6944823663e+00 1.4629124005e+00 7.8981809126e+01
1.4796928328e+00 1.3655858931e+00 7.8822578420e+01
1.4662684869e+00 1.3790102389e+00 7.6283652096e+01
1.3051763367e+00 1.2749715586e+00 7.9873567309e+01
1.2514789534e+00 1.2615472127e+00 7.7841107708e+01
1.2917519909e+00 1.2783276451e+00 7.8316682391e+01
1.5300341297e+00 1.4025028441e+00 7.7068836633e+01
1.3890784983e+00 1.3253128555e+00 7.8407014827e+01
1.4259954494e+00 1.3353811149e+00 7.9546053824e+01
1.2313424346e+00 1.2313424346e+00 8.1161912553e+01
1.2212741752e+00 1.2380546075e+00 7.9075034431e+01
1.5568828214e+00 1.4192832765e+00 7.6567763241e+01
1.5468145620e+00 1.3957906712e+00 7.8981882744e+01
1.5166097838e+00 1.3890784983e+00 7.7971266082e+01
1.1776450512e+00 1.2044937429e+00 8.1116590278e+01
1.3924345848e+00 1.3219567691e+00 7.9138877814e+01
1.5065415245e+00 1.3790102389e+00 7.8703648009e+01
1.4729806598e+00 1.3655858931e+00 7.8375205084e+01
1.2380546075e+00 1.2447667804e+00 7.9355115314e+01
1.3186006826e+00 1.2951080774e+00 7.7823334212e+01
1.4562002275e+00 1.3521615472e+00 7.9168071325e+01
1.6911262799e+00 1.4830489192e+00 7.6328446701e+01
1.5401023891e+00 1.3890784983e+00 7.9516645940e+01
1.3991467577e+00 1.3219567691e+00 7.9642511518e+01
1.2447667804e+00 1.2447667804e+00 7.9919048205e+01
1.3488054608e+00 1.3118885097e+00 7.7561844229e+01
1.3219567691e+00 1.2883959044e+00 7.9037868167e+01
1.4394197952e+00 1.3420932878e+00 7.9493401677e+01
1.4092150171e+00 1.3353811149e+00 7.8353871441e+01
1.4897610922e+00 1.3588737201e+00 8.0628236663e+01
1.3588737201e+00 1.3018202503e+00 7.9763153335e+01
1.4494880546e+00 1.3521615472e+00 7.8700703870e+01
1.3521615472e+00 1.2984641638e+00 7.9780244346e+01
1.4159271900e+00 1.3286689420e+00 7.9853602273e+01
1.1675767918e+00 1.2044937429e+00 8.0136531708e+01
1.4293515358e+00 1.3488054608e+00 7.7837460162e+01
1.5065415245e+00 1.3890784983e+00 7.7364813580e+01
1.4259954494e+00 1.3387372014e+00 7.9031041049e+01
1.4562002275e+00 1.3555176337e+00 7.8675657808e+01
1.4092150171e+00 1.3286689420e+00 7.9344063161e+01
1.5770193402e+00 1.4259954494e+00 7.6875881302e+01
1.2514789534e+00 1.2581911263e+00 7.8322382075e+01
1.3286689420e+00 1.3018202503e+00 7.7585975410e+01
1.3622298066e+00 1.3018202503e+00 8.0033418254e+01
1.3857224118e+00 1.3320250284e+00 7.7282357986e+01
1.3790102389e+00 1.3152445961e+00 7.9176670914e+01
1.5635949943e+00 1.4125711035e+00 7.7759721621e+01
1.3286689420e+00 1.2816837315e+00 8.0713766481e+01
1.3790102389e+00 1.3152445961e+00 7.9176670914e+01
1.3756541524e+00 1.3018202503e+00 8.1194907713e+01
1.4125711035e+00 1.3219567691e+00 8.0729161195e+01
1.4226393629e+00 1.3353811149e+00 7.9297320353e+01
1.3320250284e+00 1.2917519909e+00 7.9282706003e+01
1.3924345848e+00 1.3186006826e+00 7.9664690036e+01
1.3152445961e+00 1.2783276451e+00 8.0143768687e+01
1.3353811149e+00 1.2951080774e+00 7.9016239735e+01
1.6072241183e+00 1.4360637088e+00 7.7337803230e+01
1.5468145620e+00 1.4025028441e+00 7.8057043713e+01
1.6777019340e+00 1.4796928328e+00 7.6033050362e+01
1.6877701934e+00 1.4629124005e+00 7.8572139529e+01
1.4662684869e+00 1.3622298066e+00 7.8400802276e+01
1.6743458476e+00 1.4662684869e+00 7.7381684089e+01
1.6005119454e+00 1.4327076223e+00 7.7371133569e+01
1.5770193402e+00 1.4226393629e+00 7.7278108897e+01
1.5870875995e+00 1.4226393629e+00 7.7858722775e+01
1.3118885097e+00 1.2749715586e+00 8.0445695581e+01
1.5199658703e+00 1.3857224118e+00 7.8640875517e+01
1.4192832765e+00 1.3353811149e+00 7.9054075736e+01
1.6542093288e+00 1.4461319681e+00 7.8800936781e+01
1.5904436860e+00 1.4192832765e+00 7.8505463572e+01
1.4226393629e+00 1.3353811149e+00 7.9297320353e+01
1.4562002275e+00 1.3655858931e+00 7.7323363120e+01
1.5904436860e+00 1.4461319681e+00 7.5343777338e+01
1.5031854380e+00 1.3756541524e+00 7.8960224848e+01
1.3722980660e+00 1.3253128555e+00 7.7306223024e+01
1.3186006826e+00 1.2883959044e+00 7.8787105164e+01
1.8018771331e+00 1.5233219568e+00 7.7356464337e+01
1.2514789534e+00 1.2548350398e+00 7.8826691470e+01
1.3991467577e+00 1.3253128555e+00 7.9118807063e+01
1.4360637088e+00 1.3555176337e+00 7.7380966020e+01
1.6005119454e+00 1.4226393629e+00 7.8677269875e+01
1.4125711035e+00 1.3219567691e+00 8.0729161195e+01
1.5132536974e+00 1.3957906712e+00 7.6928670484e+01
1.4528441411e+00 1.3588737201e+00 7.7989545840e+01
1.3890784983e+00 1.3320250284e+00 7.7493036415e+01
1.5132536974e+00 1.3790102389e+00 7.9157276930e+01
1.4327076223e+00 1.3420932878e+00 7.9007301685e+01
1.5300341297e+00 1.3924345848e+00 7.8361156493e+01
1.5300341297e+00 1.4025028441e+00 7.7068836633e+01
1.4629124005e+00 1.3689419795e+00 7.7302966730e+01
1.6642775882e+00 1.4629124005e+00 7.7238114285e+01
1.2548350398e+00 1.2581911263e+00 7.8572101214e+01
1.5602389078e+00 1.4025028441e+00 7.8908327291e+01
1.5468145620e+00 1.4092150171e+00 7.7205575845e+01
1.4427758817e+00 1.3622298066e+00 7.6943175967e+01
1.3655858931e+00 1.3118885097e+00 7.8704661572e+01
1.2883959044e+00 1.2682593857e+00 7.9614093427e+01
1.5501706485e+00 1.3991467577e+00 7.8725233071e+01
1.2749715586e+00 1.2649032992e+00 7.9083895958e+01
1.5669510808e+00 1.4092150171e+00 7.8405481829e+01
1.5602389078e+00 1.4327076223e+00 7.5273460069e+01
1.4360637088e+00 1.3454493743e+00 7.8748842065e+01
1.5870875995e+00 1.4259954494e+00 7.7436629149e+01
1.4528441411e+00 1.3488054608e+00 7.9437967086e+01
1.2984641638e+00 1.2850398180e+00 7.7838050593e+01
1.2951080774e+00 1.2716154721e+00 7.9607061206e+01
1.3689419795e+00 1.3018202503e+00 8.0596616972e+01
1.4293515358e+00 1.3353811149e+00 7.9800678015e+01
1.5870875995e+00 1.4293515358e+00 7.7029869943e+01
1.6609215017e+00 1.4662684869e+00 7.6671469271e+01
1.1608646189e+00 1.1910693970e+00 8.2169918290e+01
1.3051763367e+00 1.2816837315e+00 7.8802720104e+01
1.3722980660e+00 1.3186006826e+00 7.8208358654e+01
1.3253128555e+00 1.2917519909e+00 7.8777931890e+01
1.1205915813e+00 1.1810011377e+00 8.0002014001e+01
1.4293515358e+00 1.3353811149e+00 7.9800678015e+01
1.5635949943e+00 1.4092150171e+00 7.8197346124e+01
1.5401023891e+00 1.3924345848e+00 7.9017957496e+01
1.4629124005e+00 1.3722980660e+00 7.6888096287e+01
1.4998293515e+00 1.3857224118e+00 7.7389603508e+01
1.4293515358e+00 1.3454493743e+00 7.8294365083e+01
1.4998293515e+00 1.3655858931e+00 8.0283462399e+01
1.5166097838e+00 1.3857224118e+00 7.8423280228e+01
1.5132536974e+00 1.3857224118e+00 7.8209564664e+01
1.4998293515e+00 1.3823663254e+00 7.7819490496e+01
1.6340728100e+00 1.4394197952e+00 7.8474148453e+01
1.4058589306e+00 1.3387372014e+00 7.7676401440e+01
1.7817406143e+00 1.5266780432e+00 7.6007522479e+01
1.5904436860e+00 1.4159271900e+00 7.8972675049e+01
1.3689419795e+00 1.3118885097e+00 7.8946884930e+01
1.6105802048e+00 1.4360637088e+00 7.7526646477e+01
1.5333902162e+00 1.4025028441e+00 7.7260587813e+01
1.5535267349e+00 1.4092150171e+00 7.7593136322e+01
1.5166097838e+00 1.3823663254e+00 7.8895658704e+01
1.2816837315e+00 1.2615472127e+00 8.0192213913e+01
1.6407849829e+00 1.4595563140e+00 7.6393888923e+01
1.3118885097e+00 1.2984641638e+00 7.6941680548e+01
1.5703071672e+00 1.4092150171e+00 7.8617289375e+01
1.2917519909e+00 1.2816837315e+00 7.7841217718e+01
1.6273606371e+00 1.4394197952e+00 7.8071851811e+01
1.4327076223e+00 1.3420932878e+00 7.9007301685e+01
1.3924345848e+00 1.3320250284e+00 7.7707177732e+01
1.2179180887e+00 1.2279863481e+00 8.0512286719e+01
1.6777019340e+00 1.4595563140e+00 7.8417368604e+01
1.5367463026e+00 1.3991467577e+00 7.7883465976e+01
1.4125711035e+00 1.3253128555e+00 8.0144955155e+01
1.5401023891e+00 1.3991467577e+00 7.8088525287e+01
1.6407849829e+00 1.4662684869e+00 7.5669138626e+01
1.2649032992e+00 1.2615472127e+00 7.8826696057e+01
1.5300341297e+00 1.3857224118e+00 7.9319334261e+01
1.6508532423e+00 1.4528441411e+00 7.7722943383e+01
1.4259954494e+00 1.3454493743e+00 7.8073399870e+01
1.5501706485e+00 1.3890784983e+00 8.0251250921e+01
1.5434584755e+00 1.4025028441e+00 7.7853224124e+01
1.4964732651e+00 1.3756541524e+00 7.8512531710e+01
1.4662684869e+00 1.3488054608e+00 8.0468528339e+01
1.2447667804e+00 1.2581911263e+00 7.7837789876e+01
1.5031854380e+00 1.3924345848e+00 7.6762878640e+01
1.5333902162e+00 1.3890784983e+00 7.9053547054e+01
1.5300341297e+00 1.3957906712e+00 7.7913227444e+01
1.2078498294e+00 1.2246302617e+00 8.0197953283e+01
1.3991467577e+00 1.3186006826e+00 8.0196597774e+01
1.2548350398e+00 1.2548350398e+00 7.9088615169e+01
1.3555176337e+00 1.3018202503e+00 7.9499660855e+01
1.3890784983e+00 1.3320250284e+00 7.7493036415e+01
1.4494880546e+00 1.3420932878e+00 8.0266627534e+01
1.3622298066e+00 1.2951080774e+00 8.1245571966e+01
1.3957906712e+00 1.3253128555e+00 7.8876644611e+01
1.5837315131e+00 1.4159271900e+00 7.8543151574e+01
1.4662684869e+00 1.3588737201e+00 7.8878530121e+01
1.4562002275e+00 1.3588737201e+00 7.8205723931e+01
1.5031854380e+00 1.3857224118e+00 7.7589707887e+01
1.5703071672e+00 1.4125711035e+00 7.8163216220e+01
1.2078498294e+00 1.2346985210e+00 7.8539383469e+01
1.5031854380e+00 1.3756541524e+00 7.8960224848e+01
1.4327076223e+00 1.3655858931e+00 7.5977717271e+01
1.4494880546e+00 1.3420932878e+00 8.0266627534e+01
1.4595563140e+00 1.3555176337e+00 7.8905581221e+01
1.2078498294e+00 1.2179180887e+00 8.1497331715e+01
1.5199658703e+00 1.3890784983e+00 7.8180060208e+01
1.6240045506e+00 1.4461319681e+00 7.7052730413e+01
1.4830489192e+00 1.3655858931e+00 7.9052891069e+01
1.3722980660e+00 1.3186006826e+00 7.8208358654e+01
1.6139362912e+00 1.4259954494e+00 7.9065802703e+01
1.5501706485e+00 1.3991467577e+00 7.8725233071e+01
1.4092150171e+00 1.3253128555e+00 7.9878928091e+01
1.5501706485e+00 1.3924345848e+00 7.9715252196e+01
1.1977815700e+00 1.2212741752e+00 7.9889466600e+01
1.3622298066e+00 1.3118885097e+00 7.8467361843e+01
1.2783276451e+00 1.2716154721e+00 7.8322416596e+01
1.6072241183e+00 1.4327076223e+00 7.7753960556e+01
1.4964732651e+00 1.3689419795e+00 7.9494802758e+01
1.3454493743e+00 1.2917519909e+00 8.0368878693e+01
1.5031854380e+00 1.3790102389e+00 7.8483321757e+01
1.7347554039e+00 1.4964732651e+00 7.7021571587e+01
1.3991467577e+00 1.3219567691e+00 7.9642511518e+01
1.4360637088e+00 1.3521615472e+00 7.7817958952e+01
1.3286689420e+00 1.2850398180e+00 8.0117096192e+01
1.4696245734e+00 1.3957906712e+00 7.4649684184e+01
1.3085324232e+00 1.2883959044e+00 7.8065393167e+01
1.5132536974e+00 1.3823663254e+00 7.8672526870e+01
1.5434584755e+00 1.4058589306e+00 7.7426768615e+01
1.5468145620e+00 1.3991467577e+00 7.8509211467e+01
1.2548350398e+00 1.2514789534e+00 7.9633356827e+01
1.5434584755e+00 1.4125711035e+00 7.6619335410e+01
1.3823663254e+00 1.3387372014e+00 7.6257907582e+01
1.4662684869e+00 1.3722980660e+00 7.7083606166e+01
1.7448236633e+00 1.5031854380e+00 7.6769995490e+01
1.4528441411e+00 1.3521615472e+00 7.8931997742e+01
1.4696245734e+00 1.3588737201e+00 7.9111723553e+01
1.3387372014e+00 1.2816837315e+00 8.1662286275e+01
1.6340728100e+00 1.4461319681e+00 7.7609057428e+01
1.5468145620e+00 1.4092150171e+00 7.7205575845e+01
1.4025028441e+00 1.3219567691e+00 7.9903474071e+01
1.5736632537e+00 1.4125711035e+00 7.8370017151e+01
1.4796928328e+00 1.3689419795e+00 7.8349013416e+01
1.2816837315e+00 1.2649032992e+00 7.9620086822e+01
1.2917519909e+00 1.2783276451e+00 7.8316682391e+01
1.5065415245e+00 1.3655858931e+00 8.0820514172e+01
1.2984641638e+00 1.2816837315e+00 7.8312423090e+01
1.0333333333e+00 1.1407281001e+00 7.8980544070e+01
1.2581911263e+00 1.2649032992e+00 7.7843462555e+01
1.7548919226e+00 1.5166097838e+00 7.5810291705e+01
1.6542093288e+00 1.4461319681e+00 7.8800936781e+01
1.6139362912e+00 1.4226393629e+00 7.9557541125e+01
1.5401023891e+00 1.4058589306e+00 7.7233315202e+01
1.5401023891e+00 1.3957906712e+00 7.8542862357e+01
1.3588737201e+00 1.3051763367e+00 7.9227264469e+01
1.4931171786e+00 1.3689419795e+00 7.9256172088e+01
1.6508532423e+00 1.4461319681e+00 7.8593946275e+01
1.4327076223e+00 1.3488054608e+00 7.8053404088e+01
1.3018202503e+00 1.2816837315e+00 7.8555033866e+01
1.6307167235e+00 1.4293515358e+00 7.9692368494e+01
1.3756541524e+00 1.3253128555e+00 7.7518906256e+01
1.1843572241e+00 1.2078498294e+00 8.1127352526e+01
1.3085324232e+00 1.2883959044e+00 7.8065393167e+01
1.1474402730e+00 1.1877133106e+00 8.1395517288e+01
1.3387372014e+00 1.2984641638e+00 7.8756924475e+01
1.3890784983e+00 1.3186006826e+00 7.9408488915e+01
1.3152445961e+00 1.2682593857e+00 8.2091947307e+01
1.2011376564e+00 1.2279863481e+00 7.9053406253e+01
1.6206484642e+00 1.4360637088e+00 7.8110431941e+01
1.4796928328e+00 1.3622298066e+00 7.9319234713e+01
1.2246302617e+00 1.2447667804e+00 7.8306321954e+01
1.4226393629e+00 1.3253128555e+00 8.0988842556e+01
1.4226393629e+00 1.3387372014e+00 7.8794285012e+01
1.4796928328e+00 1.3689419795e+00 7.8349013416e+01
1.5031854380e+00 1.3689419795e+00 7.9988622230e+01
1.6105802048e+00 1.4192832765e+00 7.9836985564e+01
1.3286689420e+00 1.2951080774e+00 7.8524698801e+01
1.3018202503e+00 1.2816837315e+00 7.8555033866e+01
1.2145620023e+00 1.2313424346e+00 7.9619453158e+01
1.3186006826e+00 1.2816837315e+00 7.9851770899e+01
1.1273037543e+00 1.1944254835e+00 7.8354886142e+01
1.2984641638e+00 1.2816837315e+00 7.8312423090e+01
1.3622298066e+00 1.3085324232e+00 7.8962443963e+01
1.3756541524e+00 1.3152445961e+00 7.8930511023e+01
1.4494880546e+00 1.3588737201e+00 7.7777051594e+01
1.4025028441e+00 1.3286689420e+00 7.8857155397e+01
1.1944254835e+00 1.2112059158e+00 8.1485562967e+01
1.4494880546e+00 1.3555176337e+00 7.8228842768e+01
1.3118885097e+00 1.2816837315e+00 7.9314739283e+01
1.4696245734e+00 1.3521615472e+00 8.0167155963e+01
1.4058589306e+00 1.3320250284e+00 7.8602327729e+01
1.4662684869e+00 1.3588737201e+00 7.8878530121e+01
1.3857224118e+00 1.3085324232e+00 8.0840548294e+01
1.5602389078e+00 1.4327076223e+00 7.5273460069e+01
1.5434584755e+00 1.4025028441e+00 7.7853224124e+01
1.5300341297e+00 1.3991467577e+00 7.7483048264e+01
1.1474402730e+00 1.2044937429e+00 7.8417079031e+01
1.3924345848e+00 1.3186006826e+00 7.9664690036e+01
1.4092150171e+00 1.3353811149e+00 7.8353871441e+01
1.4461319681e+00 1.3488054608e+00 7.8957765940e+01
1.4864050057e+00 1.3722980660e+00 7.8322239603e+01
1.4763367463e+00 1.3555176337e+00 8.0132679622e+01
1.3387372014e+00 1.3118885097e+00 7.6922272419e+01
1.4562002275e+00 1.3622298066e+00 7.7755668784e+01
1.5098976109e+00 1.3790102389e+00 7.8928211887e+01
1.5602389078e+00 1.3991467577e+00 7.9398803631e+01
1.7280432309e+00 1.4964732651e+00 7.6681549937e+01
1.3253128555e+00 1.2850398180e+00 7.9839378819e+01
1.4629124005e+00 1.3588737201e+00 7.8649978183e+01
1.4226393629e+00 1.3454493743e+00 7.7856310676e+01
1.4461319681e+00 1.3521615472e+00 7.8473901711e+01
1.2883959044e+00 1.2783276451e+00 7.8077826494e+01
1.5065415245e+00 1.3689419795e+00 8.0244649729e+01
1.4696245734e+00 1.3756541524e+00 7.6868587660e+01
1.4226393629e+00 1.3286689420e+00 8.0389374268e+01
1.4729806598e+00 1.3655858931e+00 7.8375205084e+01
1.6105802048e+00 1.4360637088e+00 7.7526646477e+01
1.4729806598e+00 1.3588737201e+00 7.9349863626e+01
1.5333902162e+00 1.3924345848e+00 7.8576031214e+01
1.2548350398e+00 1.2447667804e+00 8.0827961540e+01
1.5132536974e+00 1.3857224118e+00 7.8209564664e+01
1.4025028441e+00 1.3320250284e+00 7.8372310252e+01
1.3957906712e+00 1.3253128555e+00 7.8876644611e+01
1.2011376564e+00 1.2246302617e+00 7.9605324165e+01
1.6474971559e+00 1.4595563140e+00 7.6739745852e+01
1.3353811149e+00 1.2917519909e+00 7.9543946296e+01
1.3320250284e+00 1.2917519909e+00 7.9282706003e+01
1.7381114903e+00 1.5132536974e+00 7.5386188521e+01
1.5132536974e+00 1.3823663254e+00 7.8672526870e+01
1.4796928328e+00 1.3722980660e+00 7.7895816873e+01
1.4562002275e+00 1.3488054608e+00 7.9686198513e+01
1.3286689420e+00 1.2883959044e+00 7.9556875989e+01
1.4226393629e+00 1.3353811149e+00 7.9297320353e+01
1.5333902162e+00 1.3957906712e+00 7.8119529269e+01
1.5166097838e+00 1.3790102389e+00 7.9391134947e+01
1.3118885097e+00 1.2850398180e+00 7.8795372618e+01
1.3790102389e+00 1.3219567691e+00 7.8194037772e+01
1.3857224118e+00 1.3253128555e+00 7.8178963131e+01
1.4629124005e+00 1.3555176337e+00 7.9140215050e+01
1.4796928328e+00 1.3588737201e+00 7.9842383595e+01
1.4159271900e+00 1.3286689420e+00 7.9853602273e+01
1.3823663254e+00 1.3152445961e+00 7.9428385522e+01
1.4696245734e+00 1.3588737201e+00 7.9111723553e+01
1.4259954494e+00 1.3320250284e+00 8.0090171698e+01
1.4696245734e+00 1.3521615472e+00 8.0167155963e+01
1.4226393629e+00 1.3353811149e+00 7.9297320353e+01
1.1776450512e+00 1.2044937429e+00 8.1116590278e+01
1.4528441411e+00 1.3655858931e+00 7.7122909869e+01
1.1742889647e+00 1.2078498294e+00 8.0150134396e+01
1.4796928328e+00 1.3722980660e+00 7.7895816873e+01
1.5199658703e+00 1.3924345848e+00 7.7738334681e+01
1.6172923777e+00 1.4528441411e+00 7.5947609978e+01
1.3991467577e+00 1.3152445961e+00 8.0786563393e+01
1.4629124005e+00 1.3521615472e+00 7.9655874271e+01
1.4931171786e+00 1.3756541524e+00 7.8294895838e+01
1.5904436860e+00 1.4192832765e+00 7.8505463572e+01
1.6240045506e+00 1.4327076223e+00 7.8765710347e+01
1.4595563140e+00 1.3555176337e+00 7.8905581221e+01
1.3051763367e+00 1.2783276451e+00 7.9323516539e+01
1.3857224118e+00 1.3219567691e+00 7.8656939703e+01
1.4461319681e+00 1.3488054608e+00 7.8957765940e+01
1.3857224118e+00 1.3286689420e+00 7.7721511785e+01
1.1642207053e+00 1.2011376564e+00 8.0438164620e+01
1.4830489192e+00 1.3722980660e+00 7.8107186175e+01
1.5803754266e+00 1.4226393629e+00 7.7468776008e+01
1.7716723549e+00 1.5199658703e+00 7.6243269193e+01
1.5736632537e+00 1.4192832765e+00 7.7500509759e+01
1.4394197952e+00 1.3454493743e+00 7.8982871930e+01
1.3689419795e+00 1.3152445961e+00 7.8453441146e+01
1.3857224118e+00 1.3353811149e+00 7.6859654979e+01
1.3286689420e+00 1.2917519909e+00 7.9027505322e+01
1.3018202503e+00 1.2816837315e+00 7.8555033866e+01
1.5065415245e+00 1.3756541524e+00 7.9190797064e+01
1.6575654152e+00 1.4528441411e+00 7.8108365264e+01
1.7112627986e+00 1.4763367463e+00 7.8190761135e+01
1.2514789534e+00 1.2615472127e+00 7.7841107708e+01
1.3521615472e+00 1.2951080774e+00 8.0350536454e+01
1.3085324232e+00 1.2716154721e+00 8.0758530947e+01
1.4192832765e+00 1.3521615472e+00 7.6794323199e+01
1.3655858931e+00 1.3152445961e+00 7.8221912890e+01
1.4595563140e+00 1.3454493743e+00 8.0503621865e+01
1.2984641638e+00 1.2649032992e+00 8.1096715219e+01
1.5703071672e+00 1.4159271900e+00 7.7727662868e+01
1.4763367463e+00 1.3689419795e+00 7.8132705796e+01
1.2313424346e+00 1.2380546075e+00 7.9916684553e+01
1.3018202503e+00 1.2783276451e+00 7.9063393028e+01
1.2716154721e+00 1.2581911263e+00 7.9909847507e+01
1.5166097838e+00 1.3857224118e+00 7.8423280228e+01
1.6139362912e+00 1.4360637088e+00 7.7718275432e+01
1.5300341297e+00 1.3991467577e+00 7.7483048264e+01
1.5401023891e+00 1.3991467577e+00 7.8088525287e+01
1.2279863481e+00 1.2346985210e+00 8.0211013101e+01
1.6877701934e+00 1.4864050057e+00 7.5806390843e+01
1.4595563140e+00 1.3790102389e+00 7.5919071233e+01
1.2951080774e+00 1.2816837315e+00 7.8074577695e+01
1.1608646189e+00 1.2112059158e+00 7.8452456605e+01
1.4058589306e+00 1.3286689420e+00 7.9097973323e+01
1.4729806598e+00 1.3655858931e+00 7.8375205084e+01
1.6709897611e+00 1.4662684869e+00 7.7200594991e+01
1.7280432309e+00 1.4897610922e+00 7.7456693080e+01
1.4830489192e+00 1.3622298066e+00 7.9561060914e+01
1.5703071672e+00 1.4259954494e+00 7.6514447665e+01
1.4595563140e+00 1.3622298066e+00 7.7967009677e+01
1.5568828214e+00 1.4025028441e+00 7.8689702111e+01
1.4864050057e+00 1.3722980660e+00 7.8322239603e+01
1.3823663254e+00 1.3286689420e+00 7.7506328338e+01
1.7112627986e+00 1.4931171786e+00 7.6222387656e+01
1.5031854380e+00 1.3790102389e+00 7.8483321757e+01
1.4796928328e+00 1.3689419795e+00 7.8349013416e+01
1.3555176337e+00 1.3018202503e+00 7.9499660855e+01
1.5098976109e+00 1.3790102389e+00 7.8928211887e+01
1.3689419795e+00 1.3051763367e+00 8.0013910471e+01
1.5401023891e+00 1.4125711035e+00 7.6438197317e+01
1.3219567691e+00 1.2917519909e+00 7.8533617949e+01
1.4796928328e+00 1.3756541524e+00 7.7460768388e+01
1.2044937429e+00 1.2279863481e+00 7.9329640421e+01
1.3353811149e+00 1.2984641638e+00 7.8514912109e+01
1.3857224118e+00 1.3219567691e+00 7.8656939703e+01
1.2581911263e+00 1.2481228669e+00 8.0512440397e+01
1.3488054608e+00 1.3018202503e+00 7.8991059176e+01
1.7146188851e+00 1.4931171786e+00 7.6386466211e+01
1.3655858931e+00 1.3219567691e+00 7.7317079936e+01
1.8891353811e+00 1.5971558589e+00 7.3834802681e+01
1.4360637088e+00 1.3521615472e+00 7.7817958952e+01
1.3555176337e+00 1.3018202503e+00 7.9499660855e+01
1.2011376564e+00 1.2246302617e+00 7.9605324165e+01
1.2112059158e+00 1.2212741752e+00 8.1155670812e+01
1.4092150171e+00 1.3320250284e+00 7.8836923017e+01
1.5098976109e+00 1.3756541524e+00 7.9426242566e+01
1.3555176337e+00 1.3085324232e+00 7.8480482802e+01
1.4293515358e+00 1.3420932878e+00 7.8771907257e+01
1.3051763367e+00 1.2783276451e+00 7.9323516539e+01
1.4159271900e+00 1.3387372014e+00 7.8334725691e+01
1.3387372014e+00 1.3085324232e+00 7.7353071050e+01
1.3790102389e+00 1.3253128555e+00 7.7735127226e+01
1.4192832765e+00 1.3420932878e+00 7.8092730139e+01
1.4360637088e+00 1.3353811149e+00 8.0329471614e+01
1.3118885097e+00 1.2816837315e+00 7.9314739283e+01
1.5333902162e+00 1.3991467577e+00 7.7681693350e+01
1.4327076223e+00 1.3353811149e+00 8.0061645986e+01
1.3588737201e+00 1.3152445961e+00 7.7771541708e+01
1.5501706485e+00 1.4025028441e+00 7.8264271045e+01
1.2615472127e+00 1.2649032992e+00 7.8081569533e+01
1.6508532423e+00 1.4629124005e+00 7.6532789676e+01
1.5333902162e+00 1.3957906712e+00 7.8119529269e+01
1.5266780432e+00 1.3890784983e+00 7.8608706254e+01
1.2581911263e+00 1.2548350398e+00 7.9356781807e+01
1.3051763367e+00 1.2984641638e+00 7.6524574879e+01
1.5635949943e+00 1.4159271900e+00 7.7338888787e+01
1.2313424346e+00 1.2346985210e+00 8.0517401542e+01
1.4931171786e+00 1.3756541524e+00 7.8294895838e+01
1.4864050057e+00 1.3655858931e+00 7.9287999453e+01
1.4226393629e+00 1.3353811149e+00 7.9297320353e+01
1.4629124005e+00 1.3588737201e+00 7.8649978183e+01
1.6642775882e+00 1.4696245734e+00 7.6465892794e+01
1.4494880546e+00 1.3488054608e+00 7.9195278133e+01
1.6072241183e+00 1.4494880546e+00 7.5808974953e+01
1.5736632537e+00 1.4192832765e+00 7.7500509759e+01
1.3186006826e+00 1.2783276451e+00 8.0432380556e+01
1.4159271900e+00 1.3353811149e+00 7.8815961559e+01
1.4427758817e+00 1.3420932878e+00 7.9744833550e+01
1.4025028441e+00 1.3320250284e+00 7.8372310252e+01
1.5501706485e+00 1.4025028441e+00 7.8264271045e+01
1.5434584755e+00 1.4025028441e+00 7.7853224124e+01
1.5937997725e+00 1.4259954494e+00 7.7824193782e+01
1.4964732651e+00 1.3790102389e+00 7.8054447798e+01
1.4729806598e+00 1.3655858931e+00 7.8375205084e+01
1.3823663254e+00 1.3253128555e+00 7.7955076719e+01
1.3420932878e+00 1.2984641638e+00 7.9004086120e+01
1.1910693970e+00 1.2179180887e+00 7.9880250793e+01
1.5803754266e+00 1.4192832765e+00 7.7892847024e+01
1.3320250284e+00 1.2883959044e+00 7.9826013277e+01
1.5098976109e+00 1.3655858931e+00 8.1100909290e+01
1.4763367463e+00 1.3521615472e+00 8.0705792803e+01
1.3085324232e+00 1.2749715586e+00 8.0155577170e+01
1.5468145620e+00 1.3924345848e+00 7.9477833596e+01
1.4729806598e+00 1.3655858931e+00 7.8375205084e+01
1.5501706485e+00 1.3957906712e+00 7.9207871838e+01
1.4427758817e+00 1.3488054608e+00 7.8725103092e+01
1.5166097838e+00 1.3924345848e+00 7.7537388840e+01
1.3890784983e+00 1.3118885097e+00 8.0525300122e+01
1.3722980660e+00 1.3018202503e+00 8.0890952986e+01
1.5166097838e+00 1.3957906712e+00 7.7119804576e+01
1.5736632537e+00 1.4259954494e+00 7.6693993054e+01
1.4494880546e+00 1.3521615472e+00 7.8700703870e+01
1.4830489192e+00 1.3857224118e+00 7.6431498168e+01
1.3655858931e+00 1.3085324232e+00 7.9211232895e+01
1.3722980660e+00 1.3152445961e+00 7.8689542878e+01
1.1474402730e+00 1.1944254835e+00 8.0087401536e+01
1.4595563140e+00 1.3521615472e+00 7.9409244513e+01
1.2246302617e+00 1.2380546075e+00 7.9348401338e+01
1.8421501706e+00 1.5501706485e+00 7.6339289172e+01
1.5568828214e+00 1.4058589306e+00 7.8231034671e+01
1.4662684869e+00 1.3655858931e+00 7.7943868320e+01
1.4125711035e+00 1.3488054608e+00 7.6808685599e+01
1.3722980660e+00 1.3085324232e+00 7.9726319797e+01
1.3622298066e+00 1.3051763367e+00 7.9483120309e+01
1.4159271900e+00 1.3253128555e+00 8.0418177237e+01
1.2145620023e+00 1.2346985210e+00 7.9068975569e+01
1.3790102389e+00 1.3219567691e+00 7.8194037772e+01
1.4595563140e+00 1.3588737201e+00 7.8425792529e+01
1.4092150171e+00 1.3454493743e+00 7.7022870581e+01
1.4427758817e+00 1.3588737201e+00 7.7362373631e+01
1.2883959044e+00 1.2615472127e+00 8.0793374070e+01
1.4159271900e+00 1.3420932878e+00 7.7874498591e+01
1.4159271900e+00 1.3454493743e+00 7.7432959480e+01
1.3085324232e+00 1.2816837315e+00 7.9055826735e+01
1.5468145620e+00 1.4125711035e+00 7.6802843604e+01
1.4293515358e+00 1.3488054608e+00 7.7837460162e+01
1.4696245734e+00 1.3555176337e+00 7.9624899706e+01
1.5568828214e+00 1.4092150171e+00 7.7791341555e+01
1.2514789534e+00 1.2447667804e+00 8.0515536696e+01
1.3454493743e+00 1.3085324232e+00 7.7792003766e+01
1.4461319681e+00 1.3454493743e+00 7.9466024519e+01
1.5501706485e+00 1.4092150171e+00 7.7397926857e+01
1.5434584755e+00 1.4025028441e+00 7.7853224124e+01
1.6038680319e+00 1.4461319681e+00 7.6003526680e+01
1.3521615472e+00 1.3018202503e+00 7.9242442842e+01
1.6441410694e+00 1.4494880546e+00 7.7761585915e+01
1.3085324232e+00 1.2850398180e+00 7.8548799109e+01
1.3790102389e+00 1.3320250284e+00 7.6870724751e+01
1.8522184300e+00 1.5602389078e+00 7.5756205946e+01
1.4897610922e+00 1.3823663254e+00 7.7215689401e+01
1.4595563140e+00 1.3555176337e+00 7.8905581221e+01
1.4897610922e+00 1.3689419795e+00 7.9022577752e+01
1.4964732651e+00 1.3924345848e+00 7.6391441929e+01
1.3555176337e+00 1.3085324232e+00 7.8480482802e+01
1.4998293515e+00 1.3790102389e+00 7.8266994175e+01
1.2145620023e+00 1.2212741752e+00 8.1500973561e+01
1.2011376564e+00 1.2212741752e+00 8.0191034612e+01
1.3655858931e+00 1.2951080774e+00 8.1564540033e+01
1.4327076223e+00 1.3387372014e+00 7.9520083264e+01
1.2380546075e+00 1.2548350398e+00 7.7833496992e+01
1.5535267349e+00 1.4058589306e+00 7.8025095416e+01
1.4192832765e+00 1.3420932878e+00 7.8092730139e+01
1.2414106940e+00 1.2481228669e+00 7.9086470286e+01
1.6575654152e+00 1.4394197952e+00 8.0004470910e+01
1.3689419795e+00 1.3018202503e+00 8.0596616972e+01
1.3991467577e+00 1.3320250284e+00 7.8146603822e+01
1.4595563140e+00 1.3555176337e+00 7.8905581221e+01
1.7045506257e+00 1.4864050057e+00 7.6627371603e+01
1.4595563140e+00 1.3555176337e+00 7.8905581221e+01
1.4192832765e+00 1.3320250284e+00 7.9571297751e+01
1.5937997725e+00 1.4192832765e+00 7.8716794832e+01
1.4528441411e+00 1.3420932878e+00 8.0538034148e+01
1.4998293515e+00 1.3857224118e+00 7.7389603508e+01
1.3152445961e+00 1.2850398180e+00 7.9047313545e+01
1.1977815700e+00 1.2145620023e+00 8.1144425365e+01
1.3857224118e+00 1.3219567691e+00 7.8656939703e+01
1.2883959044e+00 1.2581911263e+00 8.1448332611e+01
1.4796928328e+00 1.3689419795e+00 7.8349013416e+01
1.2984641638e+00 1.2783276451e+00 7.8809133488e+01
1.5065415245e+00 1.3924345848e+00 7.6952378230e+01
1.6005119454e+00 1.4226393629e+00 7.8677269875e+01
1.2548350398e+00 1.2682593857e+00 7.7158606362e+01
1.3622298066e+00 1.3018202503e+00 8.0033418254e+01
1.5132536974e+00 1.3790102389e+00 7.9157276930e+01
1.2581911263e+00 1.2481228669e+00 8.0512440397e+01
1.4864050057e+00 1.3722980660e+00 7.8322239603e+01
1.4595563140e+00 1.3588737201e+00 7.8425792529e+01
1.5501706485e+00 1.3991467577e+00 7.8725233071e+01
1.5501706485e+00 1.3991467577e+00 7.8725233071e+01
1.5300341297e+00 1.3924345848e+00 7.8361156493e+01
1.6642775882e+00 1.4494880546e+00 7.8964909704e+01
1.5333902162e+00 1.3857224118e+00 7.9554972023e+01
1.5031854380e+00 1.3756541524e+00 7.8960224848e+01
1.3823663254e+00 1.3253128555e+00 7.7955076719e+01
1.5031854380e+00 1.3790102389e+00 7.8483321757e+01
1.6542093288e+00 1.4528441411e+00 7.7914175364e+01
1.2682593857e+00 1.2514789534e+00 8.0817765151e+01
1.6005119454e+00 1.4394197952e+00 7.6578479999e+01
1.3186006826e+00 1.2917519909e+00 7.8294233874e+01
1.2783276451e+00 1.2581911263e+00 8.0495974329e+01
1.6340728100e+00 1.4293515358e+00 7.9925273496e+01
1.4293515358e+00 1.3387372014e+00 7.9272856953e+01
1.3555176337e+00 1.3118885097e+00 7.8006369171e+01
1.7179749716e+00 1.4864050057e+00 7.7320512990e+01
1.4092150171e+00 1.3387372014e+00 7.7892011916e+01
1.3018202503e+00 1.2749715586e+00 7.9599006061e+01
1.4562002275e+00 1.3488054608e+00 7.9686198513e+01
1.5535267349e+00 1.4226393629e+00 7.6013051523e+01
1.2984641638e+00 1.2716154721e+00 7.9882938015e+01
1.4629124005e+00 1.3622298066e+00 7.8181986703e+01
1.3521615472e+00 1.3018202503e+00 7.9242442842e+01
1.6005119454e+00 1.4394197952e+00 7.6578479999e+01
1.4964732651e+00 1.3689419795e+00 7.9494802758e+01
1.3756541524e+00 1.3118885097e+00 7.9447466795e+01
1.5132536974e+00 1.3756541524e+00 7.9666894728e+01
1.4360637088e+00 1.3420932878e+00 7.9247685577e+01
1.6172923777e+00 1.4595563140e+00 7.5244129070e+01
1.4998293515e+00 1.3722980660e+00 7.9223766672e+01
1.5468145620e+00 1.4025028441e+00 7.8057043713e+01
1.2649032992e+00 1.2615472127e+00 7.8826696057e+01
1.7246871445e+00 1.4964732651e+00 7.6514610812e+01
1.2346985210e+00 1.2447667804e+00 7.9083768064e+01
1.5367463026e+00 1.3890784983e+00 7.9282668377e+01
1.5703071672e+00 1.4125711035e+00 7.8163216220e+01
1.3320250284e+00 1.3018202503e+00 7.7809300633e+01
1.8085893060e+00 1.5333902162e+00 7.6557167254e+01
1.6005119454e+00 1.4327076223e+00 7.7371133569e+01
1.2246302617e+00 1.2414106940e+00 7.8814025654e+01
1.5736632537e+00 1.4159271900e+00 7.7926556587e+01
1.4830489192e+00 1.3790102389e+00 7.7238341437e+01
1.6609215017e+00 1.4494880546e+00 7.8755719691e+01
1.2246302617e+00 1.2414106940e+00 7.8814025654e+01
1.6441410694e+00 1.4461319681e+00 7.8190488049e+01
1.4562002275e+00 1.3521615472e+00 7.9168071325e+01
1.2716154721e+00 1.2514789534e+00 8.1137965456e+01
1.5065415245e+00 1.3823663254e+00 7.8238546528e+01
1.3857224118e+00 1.3186006826e+00 7.9158170740e+01
1.5602389078e+00 1.4125711035e+00 7.7562699660e+01
1.5266780432e+00 1.3924345848e+00 7.8150044634e+01
1.6844141069e+00 1.4595563140e+00 7.8822971631e+01
1.4394197952e+00 1.3488054608e+00 7.8496995076e+01
1.6407849829e+00 1.4461319681e+00 7.7993666361e+01
1.6072241183e+00 1.4327076223e+00 7.7753960556e+01
1.4763367463e+00 1.3454493743e+00 8.1982567159e+01
1.6743458476e+00 1.4528441411e+00 7.9129321526e+01
1.4696245734e+00 1.3790102389e+00 7.6469443033e+01
1.5669510808e+00 1.4058589306e+00 7.8870870894e+01
1.6374288965e+00 1.4461319681e+00 7.7799904054e+01
1.2615472127e+00 1.2615472127e+00 7.8572604951e+01
1.2380546075e+00 1.2346985210e+00 8.1161231337e+01
1.5803754266e+00 1.4159271900e+00 7.8334126729e+01
1.4025028441e+00 1.3286689420e+00 7.8857155397e+01
1.5233219568e+00 1.3857224118e+00 7.8862578159e+01
1.5837315131e+00 1.4192832765e+00 7.8093674783e+01
1.5736632537e+00 1.4058589306e+00 7.9317986717e+01
1.2078498294e+00 1.2212741752e+00 8.0823102510e+01
1.4629124005e+00 1.3555176337e+00 7.9140215050e+01
1.4964732651e+00 1.3790102389e+00 7.8054447798e+01
1.5199658703e+00 1.3924345848e+00 7.7738334681e+01
1.3689419795e+00 1.3085324232e+00 7.9465716996e+01
1.3186006826e+00 1.2883959044e+00 7.8787105164e+01
1.5166097838e+00 1.3857224118e+00 7.8423280228e+01
1.4729806598e+00 1.3622298066e+00 7.8850858039e+01
1.5870875995e+00 1.4125711035e+00 7.9235483601e+01
1.1977815700e+00 1.2212741752e+00 7.9889466600e+01
1.1306598407e+00 1.1944254835e+00 7.8625844237e+01
1.4293515358e+00 1.3387372014e+00 7.9272856953e+01
1.5736632537e+00 1.4159271900e+00 7.7926556587e+01
1.4763367463e+00 1.3655858931e+00 7.8596770678e+01
1.4360637088e+00 1.3454493743e+00 7.8748842065e+01
1.5199658703e+00 1.3756541524e+00 8.0165357134e+01
1.4998293515e+00 1.3689419795e+00 7.9738821391e+01
1.5367463026e+00 1.4025028441e+00 7.7455145748e+01
1.2380546075e+00 1.2447667804e+00 7.9355115314e+01
1.3957906712e+00 1.3152445961e+00 8.0499770425e+01
1.6542093288e+00 1.4528441411e+00 7.7914175364e+01
1.4461319681e+00 1.3521615472e+00 7.8473901711e+01
1.2716154721e+00 1.2615472127e+00 7.9352460501e+01
1.1507963595e+00 1.2011376564e+00 7.9226046735e+01
1.4025028441e+00 1.3320250284e+00 7.8372310252e+01
1.4729806598e+00 1.3756541524e+00 7.7063096501e+01
1.3286689420e+00 1.3085324232e+00 7.6720769144e+01
1.3588737201e+00 1.3051763367e+00 7.9227264469e+01
1.4394197952e+00 1.3420932878e+00 7.9493401677e+01
1.4092150171e+00 1.3186006826e+00 8.1052026652e+01
1.4394197952e+00 1.3353811149e+00 8.0604741666e+01
1.2649032992e+00 1.2649032992e+00 7.8324351144e+01
1.5468145620e+00 1.3924345848e+00 7.9477833596e+01
1.4327076223e+00 1.3420932878e+00 7.9007301685e+01
1.4528441411e+00 1.3488054608e+00 7.9437967086e+01
1.5031854380e+00 1.3890784983e+00 7.7168782040e+01
1.5367463026e+00 1.3957906712e+00 7.8329343184e+01
1.4092150171e+00 1.3186006826e+00 8.1052026652e+01
1.5031854380e+00 1.3924345848e+00 7.6762878640e+01
1.3118885097e+00 1.2749715586e+00 8.0445695581e+01
1.6273606371e+00 1.4494880546e+00 7.6839687378e+01
1.4629124005e+00 1.3555176337e+00 7.9140215050e+01
1.5501706485e+00 1.4025028441e+00 7.8264271045e+01
1.4360637088e+00 1.3353811149e+00 8.0329471614e+01
1.4629124005e+00 1.3689419795e+00 7.7302966730e+01
1.2313424346e+00 1.2380546075e+00 7.9916684553e+01
1.3991467577e+00 1.3219567691e+00 7.9642511518e+01
1.5635949943e+00 1.4058589306e+00 7.8653717030e+01
1.3555176337e+00 1.3051763367e+00 7.8977173578e+01
1.7414675768e+00 1.4998293515e+00 7.6980346402e+01
1.5233219568e+00 1.3957906712e+00 7.7510466043e+01
1.4763367463e+00 1.3555176337e+00 8.0132679622e+01
1.4159271900e+00 1.3454493743e+00 7.7432959480e+01
1.3823663254e+00 1.3085324232e+00 8.0549964000e+01
1.5367463026e+00 1.3890784983e+00 7.9282668377e+01
1.5065415245e+00 1.3857224118e+00 7.7792960433e+01
1.4494880546e+00 1.3555176337e+00 7.8228842768e+01
1.7246871445e+00 1.4897610922e+00 7.7278842266e+01
1.2145620023e+00 1.2246302617e+00 8.0827801179e+01
1.6105802048e+00 1.4259954494e+00 7.8849591148e+01
1.3454493743e+00 1.3219567691e+00 7.6101026090e+01
1.5266780432e+00 1.3957906712e+00 7.7710260634e+01
1.5233219568e+00 1.3790102389e+00 7.9874566050e+01
1.4125711035e+00 1.3320250284e+00 7.9076391335e+01
1.3420932878e+00 1.2917519909e+00 8.0086467855e+01
1.3622298066e+00 1.3152445961e+00 7.7994693227e+01
1.3857224118e+00 1.3152445961e+00 7.9686061849e+01
1.6105802048e+00 1.4293515358e+00 7.8390052046e+01
1.3957906712e+00 1.3186006826e+00 7.9927223311e+01
1.5501706485e+00 1.4092150171e+00 7.7397926857e+01
1.1877133106e+00 1.2078498294e+00 8.1477400798e+01
1.3957906712e+00 1.3286689420e+00 7.8390029087e+01
1.7817406143e+00 1.5199658703e+00 7.6728652985e+01
1.6105802048e+00 1.4360637088e+00 7.7526646477e+01
1.5199658703e+00 1.3857224118e+00 7.8640875517e+01
1.3756541524e+00 1.3118885097e+00 7.9447466795e+01
1.2749715586e+00 1.2716154721e+00 7.8081573725e+01
1.5937997725e+00 1.4192832765e+00 7.8716794832e+01
1.4360637088e+00 1.3488054608e+00 7.8273175841e+01
1.2749715586e+00 1.2615472127e+00 7.9625025561e+01
1.4964732651e+00 1.3722980660e+00 7.8991684544e+01
1.4125711035e+00 1.3320250284e+00 7.9076391335e+01
1.4629124005e+00 1.3555176337e+00 7.9140215050e+01
1.5669510808e+00 1.4125711035e+00 7.7959841368e+01
1.3823663254e+00 1.3118885097e+00 7.9972263322e+01
1.4494880546e+00 1.3420932878e+00 8.0266627534e+01
1.3991467577e+00 1.3286689420e+00 7.8621274380e+01
1.7414675768e+00 1.5098976109e+00 7.5882883676e+01
1.5367463026e+00 1.4092150171e+00 7.6644445767e+01
1.4595563140e+00 1.3555176337e+00 7.8905581221e+01
1.4259954494e+00 1.3488054608e+00 7.7625143435e+01
1.4729806598e+00 1.3722980660e+00 7.7483386436e+01
1.3857224118e+00 1.3286689420e+00 7.7721511785e+01
1.5501706485e+00 1.4025028441e+00 7.8264271045e+01
1.5736632537e+00 1.4125711035e+00 7.8370017151e+01
1.3756541524e+00 1.3387372014e+00 7.5877625362e+01
1.4629124005e+00 1.3588737201e+00 7.8649978183e+01
1.4394197952e+00 1.3521615472e+00 7.8032755060e+01
1.3655858931e+00 1.2984641638e+00 8.0914761159e+01
1.2246302617e+00 1.2346985210e+00 7.9913706648e+01
1.5065415245e+00 1.3957906712e+00 7.6554198056e+01
1.4159271900e+00 1.3353811149e+00 7.8815961559e+01
1.5434584755e+00 1.3957906712e+00 7.8760298176e+01
1.4394197952e+00 1.3454493743e+00 7.8982871930e+01
1.4159271900e+00 1.3353811149e+00 7.8815961559e+01
1.4427758817e+00 1.3588737201e+00 7.7362373631e+01
1.3051763367e+00 1.2816837315e+00 7.8802720104e+01
1.6240045506e+00 1.4327076223e+00 7.8765710347e+01
1.5434584755e+00 1.4159271900e+00 7.6235669994e+01
1.5904436860e+00 1.4293515358e+00 7.7215662466e+01
1.6508532423e+00 1.4528441411e+00 7.7722943383e+01
1.4562002275e+00 1.3521615472e+00 7.9168071325e+01
1.4058589306e+00 1.3387372014e+00 7.7676401440e+01
1.5233219568e+00 1.3890784983e+00 7.8392472719e+01
1.3756541524e+00 1.3085324232e+00 7.9993519675e+01
1.4125711035e+00 1.3387372014e+00 7.8111382536e+01
1.4897610922e+00 1.3890784983e+00 7.6411729327e+01
1.4830489192e+00 1.3588737201e+00 8.0097571749e+01
1.3454493743e+00 1.3018202503e+00 7.8745118609e+01
1.7582480091e+00 1.5098976109e+00 7.6688608354e+01
1.5703071672e+00 1.4159271900e+00 7.7727662868e+01
1.3957906712e+00 1.3186006826e+00 7.9927223311e+01
1.4092150171e+00 1.3253128555e+00 7.9878928091e+01
1.5166097838e+00 1.3991467577e+00 7.6716966055e+01
1.3588737201e+00 1.3018202503e+00 7.9763153335e+01
1.3219567691e+00 1.2816837315e+00 8.0130935788e+01
1.5199658703e+00 1.3890784983e+00 7.8180060208e+01
1.4192832765e+00 1.3286689420e+00 8.0117947223e+01
1.2078498294e+00 1.2414106940e+00 7.7566720612e+01
1.4729806598e+00 1.3622298066e+00 7.8850858039e+01
1.3186006826e+00 1.2883959044e+00 7.8787105164e+01
1.5199658703e+00 1.3890784983e+00 7.8180060208e+01
1.7011945392e+00 1.4629124005e+00 7.9406800482e+01
1.4394197952e+00 1.3521615472e+00 7.8032755060e+01
1.3186006826e+00 1.2816837315e+00 7.9851770899e+01
1.3320250284e+00 1.2951080774e+00 7.8767866946e+01
1.6542093288e+00 1.4494880546e+00 7.8348243194e+01
1.5401023891e+00 1.4058589306e+00 7.7233315202e+01
1.5770193402e+00 1.4058589306e+00 7.9548497057e+01
1.5367463026e+00 1.3991467577e+00 7.7883465976e+01
1.4729806598e+00 1.3521615472e+00 8.0432771567e+01
1.3991467577e+00 1.3353811149e+00 7.7692136995e+01
1.3219567691e+00 1.2917519909e+00 7.8533617949e+01
1.5233219568e+00 1.3857224118e+00 7.8862578159e+01
1.6340728100e+00 1.4763367463e+00 7.4358559984e+01
1.3857224118e+00 1.3219567691e+00 7.8656939703e+01
1.3420932878e+00 1.2984641638e+00 7.9004086120e+01
1.3857224118e+00 1.3051763367e+00 8.1480547943e+01
1.5098976109e+00 1.3857224118e+00 7.7999521325e+01
1.3622298066e+00 1.3152445961e+00 7.7994693227e+01
1.6542093288e+00 1.4494880546e+00 7.8348243194e+01
1.3756541524e+00 1.3253128555e+00 7.7518906256e+01
1.4025028441e+00 1.3320250284e+00 7.8372310252e+01
1.2447667804e+00 1.2481228669e+00 7.9356776907e+01
1.2783276451e+00 1.2615472127e+00 7.9904739360e+01
1.5669510808e+00 1.4125711035e+00 7.7959841368e+01
1.3588737201e+00 1.3018202503e+00 7.9763153335e+01
1.4595563140e+00 1.3454493743e+00 8.0503621865e+01
1.5132536974e+00 1.3890784983e+00 7.7765904866e+01
1.5535267349e+00 1.4092150171e+00 7.7593136322e+01
1.3186006826e+00 1.2917519909e+00 7.8294233874e+01
1.3152445961e+00 1.2850398180e+00 7.9047313545e+01
1.3488054608e+00 1.3018202503e+00 7.8991059176e+01
1.4796928328e+00 1.3622298066e+00 7.9319234713e+01
1.3353811149e+00 1.2816837315e+00 8.1334797753e+01
1.4427758817e+00 1.3488054608e+00 7.8725103092e+01
1.3655858931e+00 1.2951080774e+00 8.1564540033e+01
1.2816837315e+00 1.2649032992e+00 7.9620086822e+01
1.4864050057e+00 1.3722980660e+00 7.8322239603e+01
1.3118885097e+00 1.2816837315e+00 7.9314739283e+01
1.5333902162e+00 1.3924345848e+00 7.8576031214e+01
1.5132536974e+00 1.3756541524e+00 7.9666894728e+01
1.6240045506e+00 1.4629124005e+00 7.5218309402e+01
1.6777019340e+00 1.4796928328e+00 7.6033050362e+01
1.2481228669e+00 1.2346985210e+00 8.2224185527e+01
1.5602389078e+00 1.4092150171e+00 7.7992691113e+01
1.0568259386e+00 1.1373720137e+00 8.2107787296e+01
1.3253128555e+00 1.2783276451e+00 8.1036771731e+01
1.2179180887e+00 1.2279863481e+00 8.0512286719e+01
1.4931171786e+00 1.3756541524e+00 7.8294895838e+01
1.5535267349e+00 1.3991467577e+00 7.8945335258e+01
1.3857224118e+00 1.3152445961e+00 7.9686061849e+01
1.4662684869e+00 1.3555176337e+00 7.9379871763e+01
1.3353811149e+00 1.3051763367e+00 7.7578724170e+01
1.3186006826e+00 1.2783276451e+00 8.0432380556e+01
1.6441410694e+00 1.4595563140e+00 7.6565755991e+01
1.5971558589e+00 1.4427758817e+00 7.6030925871e+01
1.5568828214e+00 1.4159271900e+00 7.6961238890e+01
1.2850398180e+00 1.2682593857e+00 7.9343932317e+01
1.4729806598e+00 1.3655858931e+00 7.8375205084e+01
1.4729806598e+00 1.3588737201e+00 7.9349863626e+01
1.4226393629e+00 1.3387372014e+00 7.8794285012e+01
1.6072241183e+00 1.4293515358e+00 7.8186519489e+01
1.3588737201e+00 1.3051763367e+00 7.9227264469e+01
1.3555176337e+00 1.3118885097e+00 7.8006369171e+01
1.7313993174e+00 1.4864050057e+00 7.8052056647e+01
1.4494880546e+00 1.3555176337e+00 7.8228842768e+01
1.2548350398e+00 1.2548350398e+00 7.9088615169e+01
1.2380546075e+00 1.2414106940e+00 7.9918459901e+01
1.3890784983e+00 1.3152445961e+00 7.9950158779e+01
1.5333902162e+00 1.3890784983e+00 7.9053547054e+01
1.4092150171e+00 1.3387372014e+00 7.7892011916e+01
1.5233219568e+00 1.3857224118e+00 7.8862578159e+01
1.3622298066e+00 1.3085324232e+00 7.8962443963e+01
1.2649032992e+00 1.2615472127e+00 7.8826696057e+01
1.5065415245e+00 1.3790102389e+00 7.8703648009e+01
1.3286689420e+00 1.2917519909e+00 7.9027505322e+01
1.1575085324e+00 1.2011376564e+00 7.9814536201e+01
1.4293515358e+00 1.3655858931e+00 7.5795407100e+01
1.1675767918e+00 1.2044937429e+00 8.0136531708e+01
1.2917519909e+00 1.2749715586e+00 7.8814598654e+01
1.3488054608e+00 1.3051763367e+00 7.8492790528e+01
1.6307167235e+00 1.4360637088e+00 7.8723254392e+01
1.7112627986e+00 1.5031854380e+00 7.5181736148e+01
1.4864050057e+00 1.3622298066e+00 7.9808460119e+01
1.4864050057e+00 1.3756541524e+00 7.7870929920e+01
1.5098976109e+00 1.3722980660e+00 7.9951150249e+01
1.2514789534e+00 1.2414106940e+00 8.1155838583e+01
1.2649032992e+00 1.2581911263e+00 7.9355154509e+01
1.5300341297e+00 1.3890784983e+00 7.8828982928e+01
1.8354379977e+00 1.5266780432e+00 7.8753902797e+01
1.3890784983e+00 1.3186006826e+00 7.9408488915e+01
1.7112627986e+00 1.4864050057e+00 7.6969533575e+01
1.2850398180e+00 1.2649032992e+00 7.9898540694e+01
1.3991467577e+00 1.3286689420e+00 7.8621274380e+01
1.4226393629e+00 1.3387372014e+00 7.8794285012e+01
1.4864050057e+00 1.3823663254e+00 7.7020412926e+01
1.4729806598e+00 1.3655858931e+00 7.8375205084e+01
1.4796928328e+00 1.3622298066e+00 7.9319234713e+01
1.3890784983e+00 1.3253128555e+00 7.8407014827e+01
1.3790102389e+00 1.3253128555e+00 7.7735127226e+01
1.2850398180e+00 1.2649032992e+00 7.9898540694e+01
1.5233219568e+00 1.3823663254e+00 7.9355494278e+01
1.4461319681e+00 1.3521615472e+00 7.8473901711e+01
1.3320250284e+00 1.3051763367e+00 7.7360152329e+01
1.4729806598e+00 1.3655858931e+00 7.8375205084e+01
1.5535267349e+00 1.4025028441e+00 7.8475090156e+01
1.4025028441e+00 1.3320250284e+00 7.8372310252e+01
1.4058589306e+00 1.3219567691e+00 8.0171177918e+01
1.4629124005e+00 1.3655858931e+00 7.7733681945e+01
1.3991467577e+00 1.3253128555e+00 7.9118807063e+01
1.3085324232e+00 1.2816837315e+00 7.9055826735e+01
1.3219567691e+00 1.2917519909e+00 7.8533617949e+01
1.4696245734e+00 1.3555176337e+00 7.9624899706e+01
1.4696245734e+00 1.3588737201e+00 7.9111723553e+01
1.4226393629e+00 1.3521615472e+00 7.6992871057e+01
1.6273606371e+00 1.4494880546e+00 7.6839687378e+01
1.3588737201e+00 1.3085324232e+00 7.8718973097e+01
1.4629124005e+00 1.3555176337e+00 7.9140215050e+01
1.3957906712e+00 1.3219567691e+00 7.9387792628e+01
1.3521615472e+00 1.3018202503e+00 7.9242442842e+01
1.2044937429e+00 1.2346985210e+00 7.8283272215e+01
1.6743458476e+00 1.4830489192e+00 7.5520933602e+01
1.4394197952e+00 1.3488054608e+00 7.8496995076e+01
1.4595563140e+00 1.3655858931e+00 7.7526902526e+01
1.3186006826e+00 1.2816837315e+00 7.9851770899e+01
1.4394197952e+00 1.3420932878e+00 7.9493401677e+01
1.4897610922e+00 1.3588737201e+00 8.0628236663e+01
1.4327076223e+00 1.3387372014e+00 7.9520083264e+01
1.5602389078e+00 1.4192832765e+00 7.6749285940e+01
1.3957906712e+00 1.3286689420e+00 7.8390029087e+01
1.2951080774e+00 1.2749715586e+00 7.9069997734e+01
1.4830489192e+00 1.3588737201e+00 8.0097571749e+01
1.5065415245e+00 1.3857224118e+00 7.7792960433e+01
1.4931171786e+00 1.3722980660e+00 7.8764249577e+01
1.3454493743e+00 1.2917519909e+00 8.0368878693e+01
1.6911262799e+00 1.4763367463e+00 7.7086293176e+01
1.4830489192e+00 1.3689419795e+00 7.8569268666e+01
1.1877133106e+00 1.2112059158e+00 8.0800659287e+01
1.1776450512e+00 1.2044937429e+00 8.1116590278e+01
1.2414106940e+00 1.2380546075e+00 8.0833130235e+01
1.6273606371e+00 1.4427758817e+00 7.7645814775e+01
1.5669510808e+00 1.4293515358e+00 7.5964468353e+01
1.4293515358e+00 1.3420932878e+00 7.8771907257e+01
1.4595563140e+00 1.3722980660e+00 7.6695334013e+01
1.4427758817e+00 1.3689419795e+00 7.6147636082e+01
1.3622298066e+00 1.3051763367e+00 7.9483120309e+01
1.6240045506e+00 1.4494880546e+00 7.6662635245e+01
1.2514789534e+00 1.2481228669e+00 7.9918465164e+01
1.2682593857e+00 1.2581911263e+00 7.9628893893e+01
1.6374288965e+00 1.4427758817e+00 7.8231075993e+01
1.4729806598e+00 1.3689419795e+00 7.7920133510e+01
1.4595563140e+00 1.3488054608e+00 7.9940382990e+01
1.1843572241e+00 1.2112059158e+00 8.0476290705e+01
1.3488054608e+00 1.3118885097e+00 7.7561844229e+01
1.6877701934e+00 1.4528441411e+00 8.0018525700e+01
1.4897610922e+00 1.3756541524e+00 7.8081096272e+01
1.3823663254e+00 1.3152445961e+00 7.9428385522e+01
1.3857224118e+00 1.3118885097e+00 8.0244957075e+01
1.4662684869e+00 1.3622298066e+00 7.8400802276e+01
1.5937997725e+00 1.4226393629e+00 7.8261111382e+01
1.4864050057e+00 1.3655858931e+00 7.9287999453e+01
1.3488054608e+00 1.2984641638e+00 7.9515322697e+01
1.3387372014e+00 1.2951080774e+00 7.9270178919e+01
1.5266780432e+00 1.3857224118e+00 7.9088638757e+01
1.6474971559e+00 1.4427758817e+00 7.8845863953e+01
1.2783276451e+00 1.2615472127e+00 7.9904739360e+01
1.6777019340e+00 1.4595563140e+00 7.8417368604e+01
1.7146188851e+00 1.4729806598e+00 7.8832333037e+01
1.3555176337e+00 1.3018202503e+00 7.9499660855e+01
1.3387372014e+00 1.2984641638e+00 7.8756924475e+01
1.2481228669e+00 1.2481228669e+00 7.9633920454e+01
1.5770193402e+00 1.4125711035e+00 7.8580430501e+01
1.7750284414e+00 1.5132536974e+00 7.7150923451e+01
1.4763367463e+00 1.3722980660e+00 7.7687941731e+01
1.4595563140e+00 1.3588737201e+00 7.8425792529e+01
1.2749715586e+00 1.2716154721e+00 7.8081573725e+01
1.3118885097e+00 1.2883959044e+00 7.8301185687e+01
1.3219567691e+00 1.3051763367e+00 7.6725141533e+01
1.3488054608e+00 1.2951080774e+00 8.0069714574e+01
1.3555176337e+00 1.3051763367e+00 7.8977173578e+01
1.3957906712e+00 1.3219567691e+00 7.9387792628e+01
1.3286689420e+00 1.3018202503e+00 7.7585975410e+01
1.4259954494e+00 1.3353811149e+00 7.9546053824e+01
1.4931171786e+00 1.3655858931e+00 7.9773934271e+01
1.4729806598e+00 1.3555176337e+00 7.9875689131e+01
1.3085324232e+00 1.2716154721e+00 8.0758530947e+01
1.4830489192e+00 1.3655858931e+00 7.9052891069e+01
1.2581911263e+00 1.2649032992e+00 7.7843462555e+01
1.5468145620e+00 1.3957906712e+00 7.8981882744e+01
1.4427758817e+00 1.3588737201e+00 7.7362373631e+01
1.4964732651e+00 1.3756541524e+00 7.8512531710e+01
1.7280432309e+00 1.4931171786e+00 7.7062572812e+01
1.4662684869e+00 1.3588737201e+00 7.8878530121e+01
1.8320819113e+00 1.5434584755e+00 7.6585211118e+01
1.5065415245e+00 1.3722980660e+00 7.9703136585e+01
1.5065415245e+00 1.3790102389e+00 7.8703648009e+01
1.6105802048e+00 1.4327076223e+00 7.7949753196e+01
1.5031854380e+00 1.3823663254e+00 7.8027252334e+01
1.5468145620e+00 1.3991467577e+00 7.8509211467e+01
1.5166097838e+00 1.3823663254e+00 7.8895658704e+01
1.3689419795e+00 1.3085324232e+00 7.9465716996e+01
1.5031854380e+00 1.3823663254e+00 7.8027252334e+01
1.4058589306e+00 1.3286689420e+00 7.9097973323e+01
1.2279863481e+00 1.2380546075e+00 7.9628756930e+01
1.3790102389e+00 1.3219567691e+00 7.8194037772e+01
1.2883959044e+00 1.2850398180e+00 7.7165194794e+01
1.4763367463e+00 1.3655858931e+00 7.8596770678e+01
1.3555176337e+00 1.3051763367e+00 7.8977173578e+01
1.4494880546e+00 1.3387372014e+00 8.0853059526e+01
1.3957906712e+00 1.3186006826e+00 7.9927223311e+01
1.3454493743e+00 1.3051763367e+00 7.8257846050e+01
1.4897610922e+00 1.3823663254e+00 7.7215689401e+01
1.2011376564e+00 1.2313424346e+00 7.8530384068e+01
1.4293515358e+00 1.3353811149e+00 7.9800678015e+01
1.4595563140e+00 1.3555176337e+00 7.8905581221e+01
1.4562002275e+00 1.3622298066e+00 7.7755668784e+01
1.4259954494e+00 1.3320250284e+00 8.0090171698e+01
1.3655858931e+00 1.3253128555e+00 7.6890782882e+01
1.3756541524e+00 1.3085324232e+00 7.9993519675e+01
1.5233219568e+00 1.3924345848e+00 7.7942497777e+01
1.5333902162e+00 1.3991467577e+00 7.7681693350e+01
1.5870875995e+00 1.4192832765e+00 7.8297821289e+01
1.2984641638e+00 1.2850398180e+00 7.7838050593e+01
1.6139362912e+00 1.4293515358e+00 7.8597089341e+01
1.4796928328e+00 1.3689419795e+00 7.8349013416e+01
1.4595563140e+00 1.3488054608e+00 7.9940382990e+01
1.4662684869e+00 1.3622298066e+00 7.8400802276e+01
1.3924345848e+00 1.3219567691e+00 7.9138877814e+01
1.5199658703e+00 1.3857224118e+00 7.8640875517e+01
1.4058589306e+00 1.3353811149e+00 7.8129344608e+01
1.4696245734e+00 1.3555176337e+00 7.9624899706e+01
1.4192832765e+00 1.3320250284e+00 7.9571297751e+01
1.4360637088e+00 1.3420932878e+00 7.9247685577e+01
1.6978384528e+00 1.4629124005e+00 7.9192278049e+01
1.3957906712e+00 1.3253128555e+00 7.8876644611e+01
1.4696245734e+00 1.3655858931e+00 7.8157643294e+01
1.5501706485e+00 1.3924345848e+00 7.9715252196e+01
1.4360637088e+00 1.3387372014e+00 7.9773112642e+01
1.4528441411e+00 1.3420932878e+00 8.0538034148e+01
1.2850398180e+00 1.2716154721e+00 7.8819101517e+01
1.3823663254e+00 1.3152445961e+00 7.9428385522e+01
1.3118885097e+00 1.2783276451e+00 7.9863172672e+01
1.7381114903e+00 1.4964732651e+00 7.7194817534e+01
1.3488054608e+00 1.3152445961e+00 7.7124397352e+01
1.4931171786e+00 1.3689419795e+00 7.9256172088e+01
1.3588737201e+00 1.3051763367e+00 7.9227264469e+01
1.3018202503e+00 1.2749715586e+00 7.9599006061e+01
1.6105802048e+00 1.4427758817e+00 7.6725460018e+01
1.4092150171e+00 1.3353811149e+00 7.8353871441e+01
1.6575654152e+00 1.4528441411e+00 7.8108365264e+01
1.6474971559e+00 1.4629124005e+00 7.6361904797e+01
1.3152445961e+00 1.2984641638e+00 7.7155082158e+01
1.5434584755e+00 1.3890784983e+00 7.9755812735e+01
1.5904436860e+00 1.4528441411e+00 7.4668073310e+01
1.4662684869e+00 1.3555176337e+00 7.9379871763e+01
1.4494880546e+00 1.3454493743e+00 7.9715856859e+01
1.6407849829e+00 1.4528441411e+00 7.7165681271e+01
1.5199658703e+00 1.3890784983e+00 7.8180060208e+01
1.4830489192e+00 1.3588737201e+00 8.0097571749e+01
1.4662684869e+00 1.3655858931e+00 7.7943868320e+01
1.5098976109e+00 1.3689419795e+00 8.0507407983e+01
1.3051763367e+00 1.2883959044e+00 7.7834006088e+01
1.3152445961e+00 1.2883959044e+00 7.8541655929e+01
1.4796928328e+00 1.3588737201e+00 7.9842383595e+01
1.4998293515e+00 1.3689419795e+00 7.9738821391e+01
1.3186006826e+00 1.2783276451e+00 8.0432380556e+01
1.4259954494e+00 1.3420932878e+00 7.8541194536e+01
1.5166097838e+00 1.4025028441e+00 7.6327559704e+01
1.4562002275e+00 1.3588737201e+00 7.8205723931e+01
1.6340728100e+00 1.4360637088e+00 7.8934809384e+01
1.6139362912e+00 1.4293515358e+00 7.8597089341e+01
1.4729806598e+00 1.3588737201e+00 7.9349863626e+01
1.4394197952e+00 1.3454493743e+00 7.8982871930e+01
1.3991467577e+00 1.3219567691e+00 7.9642511518e+01
1.4696245734e+00 1.3689419795e+00 7.7711102492e+01
1.4192832765e+00 1.3387372014e+00 7.8562274361e+01
1.6407849829e+00 1.4461319681e+00 7.7993666361e+01
1.3186006826e+00 1.2816837315e+00 7.9851770899e+01
1.6877701934e+00 1.4729806598e+00 7.7303490666e+01
1.5300341297e+00 1.3991467577e+00 7.7483048264e+01
1.4763367463e+00 1.3622298066e+00 7.9082610920e+01
1.5401023891e+00 1.3857224118e+00 8.0042486073e+01
1.2212741752e+00 1.2313424346e+00 8.0207927080e+01
1.4125711035e+00 1.3320250284e+00 7.9076391335e+01
1.3488054608e+00 1.2984641638e+00 7.9515322697e+01
1.4226393629e+00 1.3454493743e+00 7.7856310676e+01
1.3420932878e+00 1.2850398180e+00 8.1314060592e+01
1.5166097838e+00 1.4058589306e+00 7.5950458821e+01
1.4931171786e+00 1.3756541524e+00 7.8294895838e+01
1.5501706485e+00 1.4058589306e+00 7.7822512496e+01
1.4864050057e+00 1.3622298066e+00 7.9808460119e+01
1.6743458476e+00 1.4763367463e+00 7.6230761296e+01
1.6273606371e+00 1.4461319681e+00 7.7235589407e+01
1.2816837315e+00 1.2716154721e+00 7.8568151562e+01
1.2783276451e+00 1.2716154721e+00 7.8322416596e+01
1.3085324232e+00 1.2850398180e+00 7.8548799109e+01
1.2749715586e+00 1.2682593857e+00 7.8570616720e+01
1.4763367463e+00 1.3689419795e+00 7.8132705796e+01
1.3454493743e+00 1.2984641638e+00 7.9256752757e+01
1.5098976109e+00 1.3924345848e+00 7.7144547053e+01
1.1810011377e+00 1.2145620023e+00 7.9574837299e+01
1.4327076223e+00 1.3353811149e+00 8.0061645986e+01
1.5199658703e+00 1.3823663254e+00 7.9123219738e+01
1.2581911263e+00 1.2581911263e+00 7.8827209751e+01
1.4327076223e+00 1.3387372014e+00 7.9520083264e+01
1.4025028441e+00 1.3387372014e+00 7.7464356839e+01
1.5098976109e+00 1.3924345848e+00 7.7144547053e+01
1.5501706485e+00 1.4025028441e+00 7.8264271045e+01
1.3756541524e+00 1.3286689420e+00 7.7086290185e+01
1.5333902162e+00 1.3991467577e+00 7.7681693350e+01
1.0736063709e+00 1.1541524460e+00 8.0420238097e+01
1.4998293515e+00 1.3689419795e+00 7.9738821391e+01
1.3286689420e+00 1.2984641638e+00 7.8045089747e+01
1.3420932878e+00 1.2951080774e+00 7.9530089850e+01
1.9394766780e+00 1.5870875995e+00 7.6902388819e+01
1.3924345848e+00 1.3320250284e+00 7.7707177732e+01
1.3253128555e+00 1.3018202503e+00 7.7366443950e+01
1.5132536974e+00 1.3857224118e+00 7.8209564664e+01
1.5870875995e+00 1.4293515358e+00 7.7029869943e+01
1.1810011377e+00 1.2212741752e+00 7.8496620939e+01
1.3118885097e+00 1.2716154721e+00 8.1068996127e+01
1.4360637088e+00 1.3387372014e+00 7.9773112642e+01
1.4562002275e+00 1.3655858931e+00 7.7323363120e+01
1.6542093288e+00 1.4595563140e+00 7.7094439085e+01
1.3991467577e+00 1.3286689420e+00 7.8621274380e+01
1.5736632537e+00 1.4092150171e+00 7.8832977911e+01
1.3722980660e+00 1.3018202503e+00 8.0890952986e+01
1.3689419795e+00 1.3186006826e+00 7.7982244160e+01
1.5333902162e+00 1.3857224118e+00 7.9554972023e+01
1.3890784983e+00 1.3387372014e+00 7.6648477084e+01
1.4629124005e+00 1.3555176337e+00 7.9140215050e+01
1.6374288965e+00 1.4427758817e+00 7.8231075993e+01
1.4662684869e+00 1.3622298066e+00 7.8400802276e+01
1.2984641638e+00 1.2682593857e+00 8.0469122125e+01
1.3085324232e+00 1.2783276451e+00 7.9589943950e+01
1.6307167235e+00 1.4293515358e+00 7.9692368494e+01
1.5098976109e+00 1.4125711035e+00 7.4900869765e+01
1.6172923777e+00 1.4327076223e+00 7.8350833738e+01
1.4092150171e+00 1.3286689420e+00 7.9344063161e+01
1.6374288965e+00 1.4360637088e+00 7.9150356996e+01
1.3722980660e+00 1.3186006826e+00 7.8208358654e+01
1.3689419795e+00 1.3152445961e+00 7.8453441146e+01
1.2481228669e+00 1.2581911263e+00 7.8077713341e+01
1.4796928328e+00 1.3622298066e+00 7.9319234713e+01
1.3722980660e+00 1.3051763367e+00 8.0289888328e+01
1.4562002275e+00 1.3521615472e+00 7.9168071325e+01
1.4897610922e+00 1.3924345848e+00 7.6029419306e+01
1.5635949943e+00 1.4058589306e+00 7.8653717030e+01
1.6072241183e+00 1.4360637088e+00 7.7337803230e+01
1.4796928328e+00 1.3756541524e+00 7.7460768388e+01
1.3353811149e+00 1.2951080774e+00 7.9016239735e+01
1.4998293515e+00 1.3655858931e+00 8.0283462399e+01
1.4864050057e+00 1.3756541524e+00 7.7870929920e+01
1.4259954494e+00 1.3454493743e+00 7.8073399870e+01
1.3018202503e+00 1.2783276451e+00 7.9063393028e+01
1.4763367463e+00 1.3689419795e+00 7.8132705796e+01
1.2481228669e+00 1.2481228669e+00 7.9633920454e+01
1.3286689420e+00 1.2883959044e+00 7.9556875989e+01
1.7179749716e+00 1.4696245734e+00 7.9515761893e+01
1.5602389078e+00 1.4327076223e+00 7.5273460069e+01
1.2883959044e+00 1.2682593857e+00 7.9614093427e+01
1.1273037543e+00 1.1877133106e+00 7.9436512893e+01
1.3857224118e+00 1.3186006826e+00 7.9158170740e+01
1.5535267349e+00 1.4125711035e+00 7.7177379395e+01
1.5837315131e+00 1.4226393629e+00 7.7662268869e+01
1.4058589306e+00 1.3353811149e+00 7.8129344608e+01
1.2749715586e+00 1.2649032992e+00 7.9083895958e+01
1.1642207053e+00 1.2078498294e+00 7.9259482948e+01
1.3118885097e+00 1.2816837315e+00 7.9314739283e+01
1.5568828214e+00 1.4025028441e+00 7.8689702111e+01
1.6038680319e+00 1.4293515358e+00 7.7986313354e+01
1.2615472127e+00 1.2615472127e+00 7.8572604951e+01
1.4796928328e+00 1.3622298066e+00 7.9319234713e+01
1.2548350398e+00 1.2481228669e+00 8.0211056847e+01
1.3655858931e+00 1.2984641638e+00 8.0914761159e+01
1.3957906712e+00 1.3152445961e+00 8.0499770425e+01
1.2984641638e+00 1.2749715586e+00 7.9331317986e+01
1.4025028441e+00 1.3253128555e+00 7.9366312224e+01
1.6307167235e+00 1.4360637088e+00 7.8723254392e+01
1.4729806598e+00 1.3722980660e+00 7.7483386436e+01
1.3186006826e+00 1.2850398180e+00 7.9305001542e+01
1.1742889647e+00 1.2044937429e+00 8.0778583288e+01
1.6474971559e+00 1.4629124005e+00 7.6361904797e+01
1.2145620023e+00 1.2447667804e+00 7.7575839027e+01
1.5065415245e+00 1.3790102389e+00 7.8703648009e+01
1.3186006826e+00 1.2783276451e+00 8.0432380556e+01
1.5098976109e+00 1.4025028441e+00 7.5970932879e+01
1.5031854380e+00 1.3622298066e+00 8.1145764967e+01
1.4796928328e+00 1.3655858931e+00 7.8822578420e+01
1.5367463026e+00 1.4025028441e+00 7.7455145748e+01
1.7079067122e+00 1.4629124005e+00 7.9849039439e+01
1.3219567691e+00 1.2816837315e+00 8.0130935788e+01
1.6038680319e+00 1.4293515358e+00 7.7986313354e+01
1.2649032992e+00 1.2548350398e+00 7.9913848708e+01
1.4830489192e+00 1.3857224118e+00 7.6431498168e+01
1.4629124005e+00 1.3555176337e+00 7.9140215050e+01
1.3420932878e+00 1.2984641638e+00 7.9004086120e+01
1.4931171786e+00 1.3756541524e+00 7.8294895838e+01
1.4729806598e+00 1.3689419795e+00 7.7920133510e+01
1.3018202503e+00 1.2749715586e+00 7.9599006061e+01
1.3790102389e+00 1.3253128555e+00 7.7735127226e+01
1.6978384528e+00 1.4796928328e+00 7.7047636582e+01
1.3353811149e+00 1.2850398180e+00 8.0696732800e+01
1.2917519909e+00 1.2716154721e+00 7.9338128329e+01
1.5904436860e+00 1.4360637088e+00 7.6431355344e+01
1.5300341297e+00 1.3857224118e+00 7.9319334261e+01
1.6172923777e+00 1.4293515358e+00 7.8807826073e+01
1.4662684869e+00 1.3722980660e+00 7.7083606166e+01
1.2581911263e+00 1.2548350398e+00 7.9356781807e+01
1.5703071672e+00 1.4092150171e+00 7.8617289375e+01
1.4796928328e+00 1.3655858931e+00 7.8822578420e+01
1.2682593857e+00 1.2682593857e+00 7.8082046860e+01
1.3085324232e+00 1.2783276451e+00 7.9589943950e+01
1.5199658703e+00 1.3823663254e+00 7.9123219738e+01
1.3353811149e+00 1.3018202503e+00 7.8036632368e+01
1.4864050057e+00 1.3622298066e+00 7.9808460119e+01
1.3555176337e+00 1.3152445961e+00 7.7552239275e+01
1.5434584755e+00 1.4025028441e+00 7.7853224124e+01
1.3991467577e+00 1.3253128555e+00 7.9118807063e+01
1.2481228669e+00 1.2380546075e+00 8.1497507770e+01
1.6340728100e+00 1.4528441411e+00 7.6806713755e+01
1.2615472127e+00 1.2548350398e+00 7.9631676164e+01
1.4192832765e+00 1.3320250284e+00 7.9571297751e+01
1.4192832765e+00 1.3420932878e+00 7.8092730139e+01
1.3924345848e+00 1.3219567691e+00 7.9138877814e+01
1.3420932878e+00 1.2917519909e+00 8.0086467855e+01
1.6777019340e+00 1.4696245734e+00 7.7162779910e+01
1.5703071672e+00 1.4058589306e+00 7.9092207382e+01
1.3186006826e+00 1.2749715586e+00 8.1053436519e+01
1.2850398180e+00 1.2682593857e+00 7.9343932317e+01
1.4662684869e+00 1.3622298066e+00 7.8400802276e+01
1.3622298066e+00 1.3051763367e+00 7.9483120309e+01
1.2481228669e+00 1.2481228669e+00 7.9633920454e+01
1.5602389078e+00 1.4192832765e+00 7.6749285940e+01
1.4528441411e+00 1.3655858931e+00 7.7122909869e+01
1.4092150171e+00 1.3186006826e+00 8.1052026652e+01
1.4461319681e+00 1.3555176337e+00 7.8011464955e+01
1.3655858931e+00 1.3051763367e+00 7.9745172921e+01
1.0601820250e+00 1.1407281001e+00 8.1740280154e+01
1.3555176337e+00 1.2951080774e+00 8.0639573499e+01
1.3085324232e+00 1.2883959044e+00 7.8065393167e+01
1.1877133106e+00 1.2112059158e+00 8.0800659287e+01
1.4528441411e+00 1.3521615472e+00 7.8931997742e+01
1.1675767918e+00 1.2044937429e+00 8.0136531708e+01
1.5233219568e+00 1.3823663254e+00 7.9355494278e+01
1.3051763367e+00 1.2749715586e+00 7.9873567309e+01
1.4092150171e+00 1.3387372014e+00 7.7892011916e+01
1.4461319681e+00 1.3454493743e+00 7.9466024519e+01
1.6307167235e+00 1.4461319681e+00 7.7420993603e+01
1.6072241183e+00 1.4494880546e+00 7.5808974953e+01
1.3655858931e+00 1.3018202503e+00 8.0311022679e+01
1.4998293515e+00 1.3823663254e+00 7.7819490496e+01
1.4931171786e+00 1.3857224118e+00 7.6998259286e+01
1.3555176337e+00 1.3118885097e+00 7.8006369171e+01
1.4293515358e+00 1.3454493743e+00 7.8294365083e+01
1.4125711035e+00 1.3353811149e+00 7.8582656558e+01
1.5367463026e+00 1.3957906712e+00 7.8329343184e+01
1.5333902162e+00 1.4092150171e+00 7.6462342781e+01
1.7112627986e+00 1.4796928328e+00 7.7768531219e+01
1.3555176337e+00 1.3051763367e+00 7.8977173578e+01
1.5568828214e+00 1.4058589306e+00 7.8231034671e+01
1.4629124005e+00 1.3655858931e+00 7.7733681945e+01
1.3790102389e+00 1.3118885097e+00 7.9706610590e+01
1.5233219568e+00 1.3890784983e+00 7.8392472719e+01
1.5300341297e+00 1.3957906712e+00 7.7913227444e+01
1.5401023891e+00 1.3890784983e+00 7.9516645940e+01
1.2816837315e+00 1.2682593857e+00 7.9080263792e+01
1.4125711035e+00 1.3387372014e+00 7.8111382536e+01
1.3689419795e+00 1.2984641638e+00 8.1220725385e+01
1.4528441411e+00 1.3521615472e+00 7.8931997742e+01
1.3253128555e+00 1.2850398180e+00 7.9839378819e+01
1.4931171786e+00 1.3924345848e+00 7.6209300740e+01
1.5803754266e+00 1.4159271900e+00 7.8334126729e+01
1.3756541524e+00 1.3118885097e+00 7.9447466795e+01
1.5870875995e+00 1.4226393629e+00 7.7858722775e+01
1.2078498294e+00 1.2279863481e+00 7.9612998956e+01
1.3655858931e+00 1.3152445961e+00 7.8221912890e+01
1.3924345848e+00 1.3320250284e+00 7.7707177732e+01
1.5434584755e+00 1.3957906712e+00 7.8760298176e+01
1.4327076223e+00 1.3420932878e+00 7.9007301685e+01
1.3722980660e+00 1.3018202503e+00 8.0890952986e+01
1.5703071672e+00 1.4226393629e+00 7.6904759316e+01
1.5803754266e+00 1.4125711035e+00 7.8794659982e+01
1.5401023891e+00 1.4125711035e+00 7.6438197317e+01
1.3790102389e+00 1.3186006826e+00 7.8673630960e+01
1.4796928328e+00 1.3689419795e+00 7.8349013416e+01
1.5266780432e+00 1.3957906712e+00 7.7710260634e+01
1.4595563140e+00 1.3588737201e+00 7.8425792529e+01
1.2380546075e+00 1.2414106940e+00 7.9918459901e+01
1.4998293515e+00 1.3722980660e+00 7.9223766672e+01
1.4864050057e+00 1.3655858931e+00 7.9287999453e+01
1.5233219568e+00 1.3991467577e+00 7.7094564507e+01
1.5602389078e+00 1.4058589306e+00 7.8440509857e+01
1.4998293515e+00 1.3790102389e+00 7.8266994175e+01
1.6206484642e+00 1.4327076223e+00 7.8556454824e+01
1.6407849829e+00 1.4394197952e+00 7.8890491471e+01
1.4092150171e+00 1.3253128555e+00 7.9878928091e+01
1.6307167235e+00 1.4394197952e+00 7.8271335948e+01
1.2749715586e+00 1.2581911263e+00 8.0198636115e+01
1.5870875995e+00 1.4226393629e+00 7.7858722775e+01
1.3756541524e+00 1.3320250284e+00 7.6669469210e+01
1.4025028441e+00 1.3353811149e+00 7.7908838580e+01
1.4830489192e+00 1.3622298066e+00 7.9561060914e+01
1.2246302617e+00 1.2380546075e+00 7.9348401338e+01
1.6340728100e+00 1.4394197952e+00 7.8474148453e+01
1.5770193402e+00 1.4293515358e+00 7.6487157651e+01
1.4192832765e+00 1.3488054608e+00 7.7210671127e+01
1.7045506257e+00 1.4864050057e+00 7.6627371603e+01
1.6374288965e+00 1.4528441411e+00 7.6985013710e+01
1.5300341297e+00 1.3857224118e+00 7.9319334261e+01
1.5669510808e+00 1.4226393629e+00 7.6721851980e+01
1.3689419795e+00 1.3152445961e+00 7.8453441146e+01
1.4662684869e+00 1.3588737201e+00 7.8878530121e+01
1.4629124005e+00 1.3622298066e+00 7.8181986703e+01
1.4427758817e+00 1.3622298066e+00 7.6943175967e+01
1.7481797497e+00 1.4964732651e+00 7.7728597209e+01
1.4226393629e+00 1.3387372014e+00 7.8794285012e+01
1.3018202503e+00 1.2716154721e+00 8.0166343545e+01
1.4092150171e+00 1.3588737201e+00 7.5458298806e+01
1.5669510808e+00 1.3957906712e+00 8.0415004319e+01
1.4092150171e+00 1.3320250284e+00 7.8836923017e+01
1.4125711035e+00 1.3420932878e+00 7.7659982860e+01
1.3790102389e+00 1.3186006826e+00 7.8673630960e+01
1.3823663254e+00 1.3118885097e+00 7.9972263322e+01
1.4226393629e+00 1.3286689420e+00 8.0389374268e+01
1.5635949943e+00 1.4092150171e+00 7.8197346124e+01
1.4494880546e+00 1.3521615472e+00 7.8700703870e+01
1.3890784983e+00 1.3253128555e+00 7.8407014827e+01
1.2883959044e+00 1.2615472127e+00 8.0793374070e+01
1.6374288965e+00 1.4427758817e+00 7.8231075993e+01
1.3085324232e+00 1.2883959044e+00 7.8065393167e+01
1.2716154721e+00 1.2581911263e+00 7.9909847507e+01
1.5535267349e+00 1.3991467577e+00 7.8945335258e+01
1.4931171786e+00 1.3655858931e+00 7.9773934271e+01
1.7548919226e+00 1.4931171786e+00 7.8528379208e+01
1.4159271900e+00 1.3387372014e+00 7.8334725691e+01
1.1440841866e+00 1.1843572241e+00 8.1747642284e+01
1.5937997725e+00 1.4327076223e+00 7.6999126730e+01
1.5703071672e+00 1.4125711035e+00 7.8163216220e+01
1.4327076223e+00 1.3555176337e+00 7.7177419448e+01
1.4125711035e+00 1.3420932878e+00 7.7659982860e+01
1.4964732651e+00 1.3756541524e+00 7.8512531710e+01
1.7481797497e+00 1.4964732651e+00 7.7728597209e+01
1.5669510808e+00 1.4125711035e+00 7.7959841368e+01
1.3790102389e+00 1.3219567691e+00 7.8194037772e+01
1.5468145620e+00 1.3991467577e+00 7.8509211467e+01
1.4763367463e+00 1.3588737201e+00 7.9593290194e+01
1.3790102389e+00 1.3051763367e+00 8.0866208450e+01
1.5300341297e+00 1.3890784983e+00 7.8828982928e+01
1.6038680319e+00 1.4226393629e+00 7.8890994936e+01
1.5300341297e+00 1.3991467577e+00 7.7483048264e+01
1.2112059158e+00 1.2179180887e+00 8.1858351438e+01
1.4025028441e+00 1.3387372014e+00 7.7464356839e+01
1.5602389078e+00 1.4058589306e+00 7.8440509857e+01
1.2380546075e+00 1.2447667804e+00 7.9355115314e+01
1.5266780432e+00 1.3790102389e+00 8.0124908963e+01
1.4259954494e+00 1.3387372014e+00 7.9031041049e+01
1.4763367463e+00 1.3622298066e+00 7.9082610920e+01
1.3890784983e+00 1.3253128555e+00 7.8407014827e+01
1.3655858931e+00 1.3152445961e+00 7.8221912890e+01
1.5333902162e+00 1.3924345848e+00 7.8576031214e+01
1.1340159272e+00 1.1810011377e+00 8.1355336958e+01
1.5031854380e+00 1.3857224118e+00 7.7589707887e+01
1.3924345848e+00 1.3186006826e+00 7.9664690036e+01
1.6508532423e+00 1.4494880546e+00 7.8149581428e+01
1.6642775882e+00 1.4494880546e+00 7.8964909704e+01
1.3152445961e+00 1.2716154721e+00 8.1390414076e+01
1.6944823663e+00 1.4830489192e+00 7.6495447525e+01
1.3051763367e+00 1.2749715586e+00 7.9873567309e+01
1.7213310580e+00 1.4931171786e+00 7.6720410921e+01
1.2145620023e+00 1.2246302617e+00 8.0827801179e+01
1.6374288965e+00 1.4394197952e+00 7.8680468423e+01
1.5233219568e+00 1.3957906712e+00 7.7510466043e+01
1.2145620023e+00 1.2380546075e+00 7.8547276028e+01
1.3655858931e+00 1.3118885097e+00 7.8704661572e+01
1.3018202503e+00 1.2783276451e+00 7.9063393028e+01
1.4595563140e+00 1.3488054608e+00 7.9940382990e+01
1.3857224118e+00 1.3253128555e+00 7.8178963131e+01
1.4058589306e+00 1.3219567691e+00 8.0171177918e+01
1.6139362912e+00 1.4394197952e+00 7.7304096548e+01
1.6105802048e+00 1.4226393629e+00 7.9330868684e+01
1.4562002275e+00 1.3622298066e+00 7.7755668784e+01
1.2078498294e+00 1.2313424346e+00 7.9061770624e+01
1.4528441411e+00 1.3488054608e+00 7.9437967086e+01
1.4226393629e+00 1.3454493743e+00 7.7856310676e+01
1.4562002275e+00 1.3555176337e+00 7.8675657808e+01
1.5803754266e+00 1.4192832765e+00 7.7892847024e+01
1.4327076223e+00 1.3454493743e+00 7.8519430377e+01
1.5635949943e+00 1.4058589306e+00 7.8653717030e+01
1.2246302617e+00 1.2380546075e+00 7.9348401338e+01
1.4662684869e+00 1.3588737201e+00 7.8878530121e+01
1.3219567691e+00 1.2850398180e+00 7.9568862870e+01
1.5770193402e+00 1.4192832765e+00 7.7695175323e+01
1.4293515358e+00 1.3454493743e+00 7.8294365083e+01
1.4159271900e+00 1.3353811149e+00 7.8815961559e+01
1.3890784983e+00 1.3219567691e+00 7.8895376479e+01
1.5770193402e+00 1.4058589306e+00 7.9548497057e+01
1.5669510808e+00 1.4125711035e+00 7.7959841368e+01
1.3655858931e+00 1.3085324232e+00 7.9211232895e+01
1.2649032992e+00 1.2548350398e+00 7.9913848708e+01
1.6172923777e+00 1.4259954494e+00 7.9286240633e+01
1.2380546075e+00 1.2380546075e+00 8.0518034586e+01
1.3790102389e+00 1.3219567691e+00 7.8194037772e+01
1.4226393629e+00 1.3320250284e+00 7.9827513377e+01
1.3857224118e+00 1.3152445961e+00 7.9686061849e+01
1.6139362912e+00 1.4327076223e+00 7.8148657726e+01
1.5870875995e+00 1.4159271900e+00 7.8755928545e+01
1.3555176337e+00 1.3118885097e+00 7.8006369171e+01
1.4259954494e+00 1.3353811149e+00 7.9546053824e+01
1.7079067122e+00 1.4796928328e+00 7.7584542408e+01
1.4293515358e+00 1.3454493743e+00 7.8294365083e+01
1.4998293515e+00 1.3790102389e+00 7.8266994175e+01
1.6844141069e+00 1.4763367463e+00 7.6737759111e+01
1.4696245734e+00 1.3689419795e+00 7.7711102492e+01
1.4528441411e+00 1.3588737201e+00 7.7989545840e+01
1.3353811149e+00 1.2850398180e+00 8.0696732800e+01
1.5635949943e+00 1.4058589306e+00 7.8653717030e+01
1.3823663254e+00 1.3152445961e+00 7.9428385522e+01
1.4092150171e+00 1.3286689420e+00 7.9344063161e+01
1.5300341297e+00 1.4058589306e+00 7.6669093722e+01
1.5333902162e+00 1.3957906712e+00 7.8119529269e+01
1.4293515358e+00 1.3454493743e+00 7.8294365083e+01
1.5434584755e+00 1.3890784983e+00 7.9755812735e+01
1.5166097838e+00 1.3790102389e+00 7.9391134947e+01
1.2850398180e+00 1.2716154721e+00 7.8819101517e+01
1.5333902162e+00 1.3957906712e+00 7.8119529269e+01
1.5703071672e+00 1.4192832765e+00 7.7308711815e+01
1.3219567691e+00 1.2850398180e+00 7.9568862870e+01
1.5233219568e+00 1.3823663254e+00 7.9355494278e+01
1.4461319681e+00 1.3488054608e+00 7.8957765940e+01
1.7884527873e+00 1.5132536974e+00 7.7852992352e+01
1.4998293515e+00 1.3823663254e+00 7.7819490496e+01
1.4662684869e+00 1.3588737201e+00 7.8878530121e+01
1.4931171786e+00 1.3722980660e+00 7.8764249577e+01
1.5870875995e+00 1.4259954494e+00 7.7436629149e+01
1.5937997725e+00 1.4427758817e+00 7.5862367893e+01
1.2984641638e+00 1.2749715586e+00 7.9331317986e+01
1.4427758817e+00 1.3387372014e+00 8.0298408293e+01
1.5199658703e+00 1.3890784983e+00 7.8180060208e+01
1.5568828214e+00 1.4092150171e+00 7.7791341555e+01
1.5468145620e+00 1.4058589306e+00 7.7623120904e+01
1.3118885097e+00 1.2716154721e+00 8.1068996127e+01
1.4192832765e+00 1.3387372014e+00 7.8562274361e+01
1.6709897611e+00 1.4562002275e+00 7.8461931556e+01
1.5736632537e+00 1.4226393629e+00 7.7090142154e+01
1.5971558589e+00 1.4327076223e+00 7.7183837250e+01
1.4562002275e+00 1.3555176337e+00 7.8675657808e+01
1.2649032992e+00 1.2481228669e+00 8.1145201289e+01
1.7079067122e+00 1.4729806598e+00 7.8431856493e+01
1.3152445961e+00 1.3051763367e+00 7.6317457313e+01
1.4494880546e+00 1.3555176337e+00 7.8228842768e+01
1.3924345848e+00 1.3186006826e+00 7.9664690036e+01
1.5367463026e+00 1.3957906712e+00 7.8329343184e+01
1.5535267349e+00 1.3957906712e+00 7.9438548429e+01
1.3219567691e+00 1.2783276451e+00 8.0729757319e+01
1.2313424346e+00 1.2313424346e+00 8.1161912553e+01
1.3957906712e+00 1.3253128555e+00 7.8876644611e+01
1.3991467577e+00 1.3186006826e+00 8.0196597774e+01
1.5568828214e+00 1.4125711035e+00 7.7368630335e+01
1.5568828214e+00 1.3991467577e+00 7.9169767042e+01
1.5803754266e+00 1.4226393629e+00 7.7468776008e+01
1.3689419795e+00 1.3085324232e+00 7.9465716996e+01
1.5031854380e+00 1.3890784983e+00 7.7168782040e+01
1.4360637088e+00 1.3488054608e+00 7.8273175841e+01
1.3588737201e+00 1.3018202503e+00 7.9763153335e+01
1.6944823663e+00 1.4897610922e+00 7.5773800220e+01
1.5904436860e+00 1.4159271900e+00 7.8972675049e+01
1.5703071672e+00 1.4159271900e+00 7.7727662868e+01
1.7481797497e+00 1.4864050057e+00 7.9032245009e+01
1.3890784983e+00 1.3118885097e+00 8.0525300122e+01
1.3655858931e+00 1.3051763367e+00 7.9745172921e+01
1.3924345848e+00 1.3186006826e+00 7.9664690036e+01
1.6038680319e+00 1.4259954494e+00 7.8428903302e+01
1.5937997725e+00 1.4159271900e+00 7.9193630155e+01
1.4998293515e+00 1.3857224118e+00 7.7389603508e+01
1.4394197952e+00 1.3420932878e+00 7.9493401677e+01
1.4696245734e+00 1.3588737201e+00 7.9111723553e+01
1.3924345848e+00 1.3320250284e+00 7.7707177732e+01
1.5971558589e+00 1.4327076223e+00 7.7183837250e+01
1.3756541524e+00 1.3219567691e+00 7.7969034499e+01
1.2951080774e+00 1.2749715586e+00 7.9069997734e+01
1.3991467577e+00 1.3253128555e+00 7.9118807063e+01
1.5803754266e+00 1.4192832765e+00 7.7892847024e+01
1.5602389078e+00 1.4159271900e+00 7.7148735379e+01
1.3555176337e+00 1.2984641638e+00 8.0052025489e+01
1.4159271900e+00 1.3387372014e+00 7.8334725691e+01
1.6978384528e+00 1.4796928328e+00 7.7047636582e+01
1.4696245734e+00 1.3588737201e+00 7.9111723553e+01
1.6676336746e+00 1.4595563140e+00 7.7833450111e+01
1.3420932878e+00 1.2917519909e+00 8.0086467855e+01
1.3655858931e+00 1.3051763367e+00 7.9745172921e+01
1.5904436860e+00 1.4092150171e+00 7.9978568236e+01
1.2414106940e+00 1.2514789534e+00 7.8568031519e+01
1.4494880546e+00 1.3555176337e+00 7.8228842768e+01
1.4931171786e+00 1.3722980660e+00 7.8764249577e+01
1.2380546075e+00 1.2481228669e+00 7.8822504195e+01
1.3186006826e+00 1.2783276451e+00 8.0432380556e+01
1.3387372014e+00 1.3085324232e+00 7.7353071050e+01
1.6105802048e+00 1.4293515358e+00 7.8390052046e+01
1.3857224118e+00 1.3152445961e+00 7.9686061849e+01
1.3622298066e+00 1.3051763367e+00 7.9483120309e+01
1.3622298066e+00 1.3118885097e+00 7.8467361843e+01
1.4394197952e+00 1.3454493743e+00 7.8982871930e+01
1.5031854380e+00 1.3890784983e+00 7.7168782040e+01
1.2548350398e+00 1.2514789534e+00 7.9633356827e+01
1.3957906712e+00 1.3253128555e+00 7.8876644611e+01
1.6105802048e+00 1.4494880546e+00 7.5975752198e+01
1.5166097838e+00 1.4092150171e+00 7.5584688213e+01
1.4461319681e+00 1.3555176337e+00 7.8011464955e+01
1.5199658703e+00 1.3991467577e+00 7.6904464201e+01
1.4159271900e+00 1.3286689420e+00 7.9853602273e+01
1.5501706485e+00 1.3924345848e+00 7.9715252196e+01
1.5837315131e+00 1.4226393629e+00 7.7662268869e+01
1.4226393629e+00 1.3353811149e+00 7.9297320353e+01
1.3018202503e+00 1.2783276451e+00 7.9063393028e+01
1.5568828214e+00 1.4125711035e+00 7.7368630335e+01
1.6642775882e+00 1.4662684869e+00 7.6845583178e+01
1.6844141069e+00 1.4629124005e+00 7.8372541484e+01
1.4327076223e+00 1.3454493743e+00 7.8519430377e+01
1.3823663254e+00 1.3219567691e+00 7.8423254273e+01
1.2951080774e+00 1.2649032992e+00 8.0782894985e+01
1.2682593857e+00 1.2615472127e+00 7.9086508187e+01
1.6340728100e+00 1.4629124005e+00 7.5697803155e+01
1.4528441411e+00 1.3521615472e+00 7.8931997742e+01
1.4595563140e+00 1.3588737201e+00 7.8425792529e+01
1.4729806598e+00 1.3689419795e+00 7.7920133510e+01
1.4360637088e+00 1.3521615472e+00 7.7817958952e+01
1.3118885097e+00 1.2850398180e+00 7.8795372618e+01
1.4293515358e+00 1.3387372014e+00 7.9272856953e+01
1.1273037543e+00 1.1843572241e+00 8.0025526076e+01
1.5870875995e+00 1.4192832765e+00 7.8297821289e+01
1.6005119454e+00 1.4226393629e+00 7.8677269875e+01
1.5031854380e+00 1.3756541524e+00 7.8960224848e+01
1.3521615472e+00 1.2984641638e+00 7.9780244346e+01
1.3790102389e+00 1.3253128555e+00 7.7735127226e+01
1.4528441411e+00 1.3588737201e+00 7.7989545840e+01
1.4427758817e+00 1.3420932878e+00 7.9744833550e+01
1.7716723549e+00 1.5266780432e+00 7.5548185050e+01
1.5333902162e+00 1.3957906712e+00 7.8119529269e+01
1.5736632537e+00 1.4259954494e+00 7.6693993054e+01
1.3219567691e+00 1.2783276451e+00 8.0729757319e+01
1.5803754266e+00 1.4226393629e+00 7.7468776008e+01
1.3991467577e+00 1.3253128555e+00 7.9118807063e+01
1.4058589306e+00 1.3320250284e+00 7.8602327729e+01
1.1843572241e+00 1.2044937429e+00 8.1833595054e+01
1.5401023891e+00 1.4058589306e+00 7.7233315202e+01
1.4394197952e+00 1.3655858931e+00 7.6349266288e+01
1.4394197952e+00 1.3521615472e+00 7.8032755060e+01
1.4931171786e+00 1.3689419795e+00 7.9256172088e+01
1.3890784983e+00 1.3152445961e+00 7.9950158779e+01
1.5468145620e+00 1.4125711035e+00 7.6802843604e+01
1.3722980660e+00 1.3018202503e+00 8.0890952986e+01
1.5770193402e+00 1.4226393629e+00 7.7278108897e+01
1.4629124005e+00 1.3622298066e+00 7.8181986703e+01
1.5333902162e+00 1.4058589306e+00 7.6854594219e+01
1.4192832765e+00 1.3387372014e+00 7.8562274361e+01
1.3890784983e+00 1.3253128555e+00 7.8407014827e+01
1.5132536974e+00 1.3924345848e+00 7.7339506860e+01
1.6877701934e+00 1.4662684869e+00 7.8132500576e+01
1.5266780432e+00 1.3991467577e+00 7.7287383907e+01
1.6407849829e+00 1.4461319681e+00 7.7993666361e+01
1.5233219568e+00 1.3991467577e+00 7.7094564507e+01
1.3286689420e+00 1.2984641638e+00 7.8045089747e+01
1.3857224118e+00 1.3118885097e+00 8.0244957075e+01
1.5602389078e+00 1.4226393629e+00 7.6363066026e+01
1.1977815700e+00 1.2313424346e+00 7.8273426757e+01
1.5031854380e+00 1.3722980660e+00 7.9460803215e+01
1.2816837315e+00 1.2615472127e+00 8.0192213913e+01
1.5266780432e+00 1.3857224118e+00 7.9088638757e+01
1.4427758817e+00 1.3454493743e+00 7.9221821069e+01
1.3722980660e+00 1.3118885097e+00 7.9194363327e+01
1.3353811149e+00 1.2951080774e+00 7.9016239735e+01
1.2984641638e+00 1.2716154721e+00 7.9882938015e+01
1.3521615472e+00 1.3051763367e+00 7.8732463457e+01
1.3655858931e+00 1.3118885097e+00 7.8704661572e+01
1.2984641638e+00 1.2783276451e+00 7.8809133488e+01
1.5098976109e+00 1.3924345848e+00 7.7144547053e+01
1.4394197952e+00 1.3488054608e+00 7.8496995076e+01
1.6542093288e+00 1.4562002275e+00 7.7496783236e+01
1.2044937429e+00 1.2212741752e+00 8.0501930426e+01
1.4763367463e+00 1.3655858931e+00 7.8596770678e+01
1.5166097838e+00 1.3857224118e+00 7.8423280228e+01
1.2682593857e+00 1.2548350398e+00 8.0203928765e+01
1.4662684869e+00 1.3756541524e+00 7.6676794195e+01
1.2514789534e+00 1.2615472127e+00 7.7841107708e+01
1.2783276451e+00 1.2615472127e+00 7.9904739360e+01
1.4696245734e+00 1.3756541524e+00 7.6868587660e+01
1.2716154721e+00 1.2548350398e+00 8.0502641291e+01
1.3957906712e+00 1.3219567691e+00 7.9387792628e+01
1.5333902162e+00 1.3924345848e+00 7.8576031214e+01
1.4125711035e+00 1.3320250284e+00 7.9076391335e+01
1.4562002275e+00 1.3588737201e+00 7.8205723931e+01
1.2783276451e+00 1.2649032992e+00 7.9348714752e+01
1.8421501706e+00 1.5468145620e+00 7.6699586281e+01
1.5401023891e+00 1.4159271900e+00 7.6059904576e+01
1.7683162685e+00 1.5132536974e+00 7.6813336191e+01
1.2951080774e+00 1.2883959044e+00 7.7163914708e+01
1.6105802048e+00 1.4327076223e+00 7.7949753196e+01
1.5535267349e+00 1.4025028441e+00 7.8475090156e+01
1.7850967008e+00 1.5065415245e+00 7.8512804200e+01
1.3387372014e+00 1.3018202503e+00 7.8268203814e+01
1.3521615472e+00 1.3085324232e+00 7.8246669600e+01
1.5568828214e+00 1.4092150171e+00 7.7791341555e+01
1.5367463026e+00 1.3924345848e+00 7.8794885499e+01
1.5098976109e+00 1.3790102389e+00 7.8928211887e+01
1.2212741752e+00 1.2346985210e+00 7.9624701003e+01
1.4427758817e+00 1.3790102389e+00 7.5044517901e+01
1.3823663254e+00 1.3085324232e+00 8.0549964000e+01
1.6441410694e+00 1.4461319681e+00 7.8190488049e+01
1.4595563140e+00 1.3622298066e+00 7.7967009677e+01
1.3353811149e+00 1.2917519909e+00 7.9543946296e+01
1.4192832765e+00 1.3286689420e+00 8.0117947223e+01
1.5233219568e+00 1.3823663254e+00 7.9355494278e+01
1.3521615472e+00 1.3051763367e+00 7.8732463457e+01
1.7817406143e+00 1.5199658703e+00 7.6728652985e+01
1.2951080774e+00 1.2783276451e+00 7.8560346586e+01
1.6307167235e+00 1.4427758817e+00 7.7837888945e+01
1.4394197952e+00 1.3387372014e+00 8.0032387315e+01
1.4595563140e+00 1.3756541524e+00 7.6300897995e+01
1.8085893060e+00 1.5333902162e+00 7.6557167254e+01
1.4998293515e+00 1.3823663254e+00 7.7819490496e+01
1.5669510808e+00 1.4058589306e+00 7.8870870894e+01
1.4394197952e+00 1.3521615472e+00 7.8032755060e+01
1.5971558589e+00 1.4192832765e+00 7.8932026590e+01
1.5602389078e+00 1.4092150171e+00 7.7992691113e+01
1.5233219568e+00 1.3890784983e+00 7.8392472719e+01
1.3890784983e+00 1.3051763367e+00 8.1804626738e+01
1.3521615472e+00 1.2984641638e+00 7.9780244346e+01
1.2883959044e+00 1.2716154721e+00 7.9075626195e+01
1.2783276451e+00 1.2749715586e+00 7.7844870613e+01
1.3387372014e+00 1.3085324232e+00 7.7353071050e+01
1.3320250284e+00 1.2883959044e+00 7.9826013277e+01
1.5971558589e+00 1.4327076223e+00 7.7183837250e+01
1.4528441411e+00 1.3454493743e+00 7.9971739068e+01
1.5501706485e+00 1.3991467577e+00 7.8725233071e+01
1.5333902162e+00 1.3890784983e+00 7.9053547054e+01
1.3118885097e+00 1.2917519909e+00 7.7829096521e+01
1.4528441411e+00 1.3622298066e+00 7.7547778655e+01
1.4998293515e+00 1.3756541524e+00 7.8734226459e+01
1.2850398180e+00 1.2716154721e+00 7.8819101517e+01
1.2682593857e+00 1.2581911263e+00 7.9628893893e+01
1.6005119454e+00 1.4192832765e+00 7.9151391211e+01
1.5266780432e+00 1.4058589306e+00 7.6486024526e+01
1.3622298066e+00 1.3118885097e+00 7.8467361843e+01
1.4729806598e+00 1.3722980660e+00 7.7483386436e+01
1.5770193402e+00 1.4125711035e+00 7.8580430501e+01
1.3622298066e+00 1.3051763367e+00 7.9483120309e+01
1.2145620023e+00 1.2346985210e+00 7.9068975569e+01
1.5233219568e+00 1.3924345848e+00 7.7942497777e+01
1.6575654152e+00 1.4494880546e+00 7.8550229499e+01
1.4796928328e+00 1.3655858931e+00 7.8822578420e+01
1.5266780432e+00 1.4092150171e+00 7.6104961593e+01
1.5904436860e+00 1.4159271900e+00 7.8972675049e+01
1.2145620023e+00 1.2246302617e+00 8.0827801179e+01
1.7313993174e+00 1.4931171786e+00 7.7236941475e+01
1.4125711035e+00 1.3454493743e+00 7.7226338163e+01
1.3387372014e+00 1.2917519909e+00 7.9811691125e+01
1.4025028441e+00 1.3286689420e+00 7.8857155397e+01
1.3991467577e+00 1.3253128555e+00 7.9118807063e+01
1.5971558589e+00 1.4293515358e+00 7.7595238029e+01
1.5703071672e+00 1.4058589306e+00 7.9092207382e+01
1.2716154721e+00 1.2548350398e+00 8.0502641291e+01
1.3320250284e+00 1.2917519909e+00 7.9282706003e+01
1.4494880546e+00 1.3588737201e+00 7.7777051594e+01
1.8085893060e+00 1.5266780432e+00 7.7309256314e+01
1.4830489192e+00 1.3588737201e+00 8.0097571749e+01
1.4562002275e+00 1.3689419795e+00 7.6907037312e+01
1.7414675768e+00 1.5031854380e+00 7.6603121947e+01
1.3622298066e+00 1.2984641638e+00 8.0618567098e+01
1.1977815700e+00 1.2179180887e+00 8.0494746673e+01
1.4729806598e+00 1.3689419795e+00 7.7920133510e+01
1.3655858931e+00 1.3118885097e+00 7.8704661572e+01
1.5166097838e+00 1.4092150171e+00 7.5584688213e+01
1.1642207053e+00 1.2078498294e+00 7.9259482948e+01
1.5635949943e+00 1.4058589306e+00 7.8653717030e+01
1.2984641638e+00 1.2984641638e+00 7.6119429934e+01
1.5602389078e+00 1.4025028441e+00 7.8908327291e+01
1.4394197952e+00 1.3555176337e+00 7.7587711543e+01
1.5199658703e+00 1.3857224118e+00 7.8640875517e+01
1.6172923777e+00 1.4394197952e+00 7.7491788586e+01
1.6005119454e+00 1.4327076223e+00 7.7371133569e+01
1.4796928328e+00 1.3655858931e+00 7.8822578420e+01
1.2649032992e+00 1.2581911263e+00 7.9355154509e+01
1.3957906712e+00 1.3219567691e+00 7.9387792628e+01
1.5635949943e+00 1.4058589306e+00 7.8653717030e+01
1.4226393629e+00 1.3320250284e+00 7.9827513377e+01
1.2649032992e+00 1.2581911263e+00 7.9355154509e+01
1.5132536974e+00 1.3756541524e+00 7.9666894728e+01
1.3152445961e+00 1.2716154721e+00 8.1390414076e+01
1.2816837315e+00 1.2649032992e+00 7.9620086822e+01
1.3152445961e+00 1.2682593857e+00 8.2091947307e+01
1.4796928328e+00 1.3622298066e+00 7.9319234713e+01
1.4494880546e+00 1.3387372014e+00 8.0853059526e+01
1.1407281001e+00 1.1910693970e+00 8.0068208532e+01
1.6340728100e+00 1.4461319681e+00 7.7609057428e+01
1.6172923777e+00 1.4327076223e+00 7.8350833738e+01
1.3588737201e+00 1.3186006826e+00 7.7327204630e+01
1.6508532423e+00 1.4562002275e+00 7.7312233888e+01
1.5635949943e+00 1.4159271900e+00 7.7338888787e+01
1.5837315131e+00 1.4159271900e+00 7.8543151574e+01
1.5300341297e+00 1.3924345848e+00 7.8361156493e+01
1.4394197952e+00 1.3454493743e+00 7.8982871930e+01
1.6005119454e+00 1.4293515358e+00 7.7789269832e+01
1.6139362912e+00 1.4427758817e+00 7.6904573745e+01
1.4931171786e+00 1.3890784983e+00 7.6597162904e+01
1.6374288965e+00 1.4461319681e+00 7.7799904054e+01
1.5434584755e+00 1.3957906712e+00 7.8760298176e+01
1.4427758817e+00 1.3488054608e+00 7.8725103092e+01
1.6038680319e+00 1.4259954494e+00 7.8428903302e+01
1.4058589306e+00 1.3286689420e+00 7.9097973323e+01
1.3521615472e+00 1.3018202503e+00 7.9242442842e+01
1.3622298066e+00 1.3219567691e+00 7.7106798306e+01
1.6105802048e+00 1.4226393629e+00 7.9330868684e+01
1.3286689420e+00 1.2850398180e+00 8.0117096192e+01
1.5434584755e+00 1.3991467577e+00 7.8297044264e+01
1.3521615472e+00 1.2951080774e+00 8.0350536454e+01
1.3353811149e+00 1.2984641638e+00 7.8514912109e+01
1.4327076223e+00 1.3622298066e+00 7.6364234353e+01
1.6139362912e+00 1.4293515358e+00 7.8597089341e+01
1.5434584755e+00 1.4092150171e+00 7.7015956060e+01
1.4897610922e+00 1.3722980660e+00 7.8541184820e+01
1.2682593857e+00 1.2581911263e+00 7.9628893893e+01
1.4092150171e+00 1.3488054608e+00 7.6612021955e+01
1.7817406143e+00 1.5098976109e+00 7.7902130977e+01
1.3085324232e+00 1.2850398180e+00 7.8548799109e+01
1.6508532423e+00 1.4595563140e+00 7.6915943355e+01
1.4226393629e+00 1.3454493743e+00 7.7856310676e+01
1.3118885097e+00 1.2816837315e+00 7.9314739283e+01
1.4360637088e+00 1.3320250284e+00 8.0922465596e+01
1.4729806598e+00 1.3622298066e+00 7.8850858039e+01
1.6005119454e+00 1.4360637088e+00 7.6967990538e+01
1.6911262799e+00 1.4729806598e+00 7.7484751994e+01
1.4562002275e+00 1.3655858931e+00 7.7323363120e+01
1.3957906712e+00 1.3186006826e+00 7.9927223311e+01
1.6307167235e+00 1.4327076223e+00 7.9195973875e+01
1.4998293515e+00 1.3756541524e+00 7.8734226459e+01
1.4394197952e+00 1.3353811149e+00 8.0604741666e+01
1.6240045506e+00 1.4494880546e+00 7.6662635245e+01
1.3689419795e+00 1.3085324232e+00 7.9465716996e+01
1.3991467577e+00 1.3353811149e+00 7.7692136995e+01
1.1541524460e+00 1.2011376564e+00 7.9516277445e+01
1.5870875995e+00 1.4226393629e+00 7.7858722775e+01
1.4796928328e+00 1.3722980660e+00 7.7895816873e+01
1.4092150171e+00 1.3454493743e+00 7.7022870581e+01
1.4931171786e+00 1.3790102389e+00 7.7845484038e+01
1.2951080774e+00 1.2749715586e+00 7.9069997734e+01
1.4763367463e+00 1.3790102389e+00 7.6848521469e+01
1.4729806598e+00 1.3622298066e+00 7.8850858039e+01
1.3488054608e+00 1.2984641638e+00 7.9515322697e+01
1.3991467577e+00 1.3320250284e+00 7.8146603822e+01
1.3823663254e+00 1.3118885097e+00 7.9972263322e+01
1.2951080774e+00 1.2682593857e+00 8.0176050170e+01
1.3118885097e+00 1.2883959044e+00 7.8301185687e+01
1.4998293515e+00 1.3857224118e+00 7.7389603508e+01
1.4528441411e+00 1.3521615472e+00 7.8931997742e+01
1.6307167235e+00 1.4461319681e+00 7.7420993603e+01
1.4998293515e+00 1.3790102389e+00 7.8266994175e+01
1.4058589306e+00 1.3286689420e+00 7.9097973323e+01
1.4796928328e+00 1.3790102389e+00 7.7042028693e+01
1.3118885097e+00 1.2783276451e+00 7.9863172672e+01
1.3957906712e+00 1.3219567691e+00 7.9387792628e+01
1.5266780432e+00 1.4025028441e+00 7.6879768957e+01
1.3588737201e+00 1.3152445961e+00 7.7771541708e+01
1.3622298066e+00 1.3152445961e+00 7.7994693227e+01
1.4796928328e+00 1.3655858931e+00 7.8822578420e+01
1.6240045506e+00 1.4629124005e+00 7.5218309402e+01
1.4159271900e+00 1.3320250284e+00 7.9321060792e+01
1.3521615472e+00 1.3085324232e+00 7.8246669600e+01
1.5401023891e+00 1.3957906712e+00 7.8542862357e+01
1.7582480091e+00 1.4964732651e+00 7.8285696914e+01
1.3521615472e+00 1.3118885097e+00 7.7782162272e+01
1.2850398180e+00 1.2649032992e+00 7.9898540694e+01
1.4562002275e+00 1.3588737201e+00 7.8205723931e+01
1.4192832765e+00 1.3353811149e+00 7.9054075736e+01
1.6072241183e+00 1.4427758817e+00 7.6548624492e+01
1.5770193402e+00 1.4192832765e+00 7.7695175323e+01
1.6340728100e+00 1.4360637088e+00 7.8934809384e+01
1.5535267349e+00 1.3924345848e+00 7.9958127305e+01
1.4461319681e+00 1.3521615472e+00 7.8473901711e+01
1.4394197952e+00 1.3454493743e+00 7.8982871930e+01
1.5434584755e+00 1.4125711035e+00 7.6619335410e+01
1.5837315131e+00 1.4226393629e+00 7.7662268869e+01
1.4125711035e+00 1.3387372014e+00 7.8111382536e+01
1.4427758817e+00 1.3454493743e+00 7.9221821069e+01
1.4360637088e+00 1.3488054608e+00 7.8273175841e+01
1.5333902162e+00 1.3957906712e+00 7.8119529269e+01
1.1239476678e+00 1.1910693970e+00 7.8603260539e+01
1.3756541524e+00 1.3085324232e+00 7.9993519675e+01
1.5736632537e+00 1.4159271900e+00 7.7926556587e+01
1.3420932878e+00 1.2984641638e+00 7.9004086120e+01
1.4562002275e+00 1.3454493743e+00 8.0234146985e+01
1.3051763367e+00 1.2716154721e+00 8.0457948991e+01
1.5870875995e+00 1.4125711035e+00 7.9235483601e+01
1.4394197952e+00 1.3555176337e+00 7.7587711543e+01
1.4796928328e+00 1.3655858931e+00 7.8822578420e+01
1.6777019340e+00 1.4763367463e+00 7.6397759357e+01
1.5770193402e+00 1.4125711035e+00 7.8580430501e+01
1.6206484642e+00 1.4360637088e+00 7.8110431941e+01
1.6542093288e+00 1.4763367463e+00 7.5266553401e+01
1.5736632537e+00 1.4192832765e+00 7.7500509759e+01
1.3823663254e+00 1.3152445961e+00 7.9428385522e+01
1.5166097838e+00 1.3857224118e+00 7.8423280228e+01
1.2279863481e+00 1.2548350398e+00 7.7137074429e+01
1.4494880546e+00 1.3488054608e+00 7.9195278133e+01
1.4293515358e+00 1.3454493743e+00 7.8294365083e+01
1.4931171786e+00 1.3756541524e+00 7.8294895838e+01
1.4931171786e+00 1.3689419795e+00 7.9256172088e+01
1.5635949943e+00 1.3991467577e+00 7.9632750451e+01
1.7515358362e+00 1.4964732651e+00 7.7911549351e+01
1.4897610922e+00 1.3722980660e+00 7.8541184820e+01
1.5434584755e+00 1.3857224118e+00 8.0295178586e+01
1.2011376564e+00 1.2313424346e+00 7.8530384068e+01
1.5401023891e+00 1.3991467577e+00 7.8088525287e+01
1.4159271900e+00 1.3320250284e+00 7.9321060792e+01
1.2145620023e+00 1.2346985210e+00 7.9068975569e+01
1.5468145620e+00 1.4025028441e+00 7.8057043713e+01
1.4259954494e+00 1.3454493743e+00 7.8073399870e+01
1.4629124005e+00 1.3722980660e+00 7.6888096287e+01
1.0568259386e+00 1.1541524460e+00 7.8841934945e+01
1.3454493743e+00 1.2984641638e+00 7.9256752757e+01
1.5501706485e+00 1.3991467577e+00 7.8725233071e+01
1.2816837315e+00 1.2615472127e+00 8.0192213913e+01
1.4964732651e+00 1.3655858931e+00 8.0025526977e+01
1.3320250284e+00 1.2816837315e+00 8.1019022964e+01
1.4125711035e+00 1.3320250284e+00 7.9076391335e+01
1.2414106940e+00 1.2414106940e+00 8.0213462557e+01
1.4796928328e+00 1.3588737201e+00 7.9842383595e+01
1.5568828214e+00 1.4125711035e+00 7.7368630335e+01
1.5602389078e+00 1.4192832765e+00 7.6749285940e+01
1.7011945392e+00 1.4796928328e+00 7.7224201470e+01
1.4763367463e+00 1.3655858931e+00 7.8596770678e+01
1.3488054608e+00 1.3118885097e+00 7.7561844229e+01
1.2951080774e+00 1.2716154721e+00 7.9607061206e+01
1.4528441411e+00 1.3588737201e+00 7.7989545840e+01
1.5333902162e+00 1.3924345848e+00 7.8576031214e+01
1.5904436860e+00 1.4125711035e+00 7.9462595442e+01
1.4528441411e+00 1.3588737201e+00 7.7989545840e+01
1.5434584755e+00 1.3991467577e+00 7.8297044264e+01
1.6844141069e+00 1.4595563140e+00 7.8822971631e+01
1.5837315131e+00 1.4226393629e+00 7.7662268869e+01
1.4864050057e+00 1.3722980660e+00 7.8322239603e+01
1.3722980660e+00 1.3186006826e+00 7.8208358654e+01
1.3857224118e+00 1.3253128555e+00 7.8178963131e+01
1.4125711035e+00 1.3253128555e+00 8.0144955155e+01
1.6340728100e+00 1.4461319681e+00 7.7609057428e+01
1.3186006826e+00 1.2984641638e+00 7.7371934337e+01
1.5266780432e+00 1.4025028441e+00 7.6879768957e+01
1.3219567691e+00 1.2850398180e+00 7.9568862870e+01
1.6038680319e+00 1.4327076223e+00 7.7561132676e+01
1.6810580205e+00 1.4629124005e+00 7.8176197608e+01
1.4595563140e+00 1.3555176337e+00 7.8905581221e+01
1.5870875995e+00 1.4327076223e+00 7.6637034990e+01
1.1474402730e+00 1.1977815700e+00 7.9498354151e+01
1.3689419795e+00 1.3018202503e+00 8.0596616972e+01
1.4864050057e+00 1.3622298066e+00 7.9808460119e+01
1.6038680319e+00 1.4192832765e+00 7.9375144895e+01
1.4092150171e+00 1.3353811149e+00 7.8353871441e+01
1.4025028441e+00 1.3253128555e+00 7.9366312224e+01
1.5803754266e+00 1.4058589306e+00 7.9784058880e+01
1.3722980660e+00 1.3085324232e+00 7.9726319797e+01
1.4327076223e+00 1.3387372014e+00 7.9520083264e+01
1.4259954494e+00 1.3320250284e+00 8.0090171698e+01
1.3588737201e+00 1.3118885097e+00 7.8234687536e+01
1.4897610922e+00 1.3790102389e+00 7.7639920971e+01
1.5031854380e+00 1.3756541524e+00 7.8960224848e+01
1.5333902162e+00 1.3957906712e+00 7.8119529269e+01
1.5602389078e+00 1.4058589306e+00 7.8440509857e+01
1.4394197952e+00 1.3488054608e+00 7.8496995076e+01
1.6038680319e+00 1.4226393629e+00 7.8890994936e+01
1.4025028441e+00 1.3286689420e+00 7.8857155397e+01
1.5501706485e+00 1.4125711035e+00 7.6988822369e+01
1.4394197952e+00 1.3387372014e+00 8.0032387315e+01
1.5166097838e+00 1.3823663254e+00 7.8895658704e+01
1.6038680319e+00 1.4427758817e+00 7.6373978305e+01
1.3118885097e+00 1.2783276451e+00 7.9863172672e+01
1.2883959044e+00 1.2716154721e+00 7.9075626195e+01
1.5233219568e+00 1.3722980660e+00 8.1009572139e+01
1.3622298066e+00 1.3051763367e+00 7.9483120309e+01
1.6005119454e+00 1.4226393629e+00 7.8677269875e+01
1.4125711035e+00 1.3320250284e+00 7.9076391335e+01
1.4360637088e+00 1.3387372014e+00 7.9773112642e+01
1.4394197952e+00 1.3454493743e+00 7.8982871930e+01
1.5770193402e+00 1.4092150171e+00 7.9052777050e+01
1.3689419795e+00 1.3118885097e+00 7.8946884930e+01
1.2716154721e+00 1.2615472127e+00 7.9352460501e+01
1.3521615472e+00 1.2951080774e+00 8.0350536454e+01
1.4830489192e+00 1.3655858931e+00 7.9052891069e+01
1.5199658703e+00 1.3790102389e+00 7.9630110455e+01
1.3756541524e+00 1.3253128555e+00 7.7518906256e+01
1.4830489192e+00 1.3722980660e+00 7.8107186175e+01
1.6407849829e+00 1.4494880546e+00 7.7571960606e+01
1.2783276451e+00 1.2649032992e+00 7.9348714752e+01
1.3286689420e+00 1.2917519909e+00 7.9027505322e+01
1.2011376564e+00 1.2179180887e+00 8.0817023430e+01
1.6542093288e+00 1.4629124005e+00 7.6705767293e+01
1.4058589306e+00 1.3219567691e+00 8.0171177918e+01
1.3286689420e+00 1.2850398180e+00 8.0117096192e+01
1.5300341297e+00 1.3823663254e+00 7.9835483906e+01
1.3622298066e+00 1.2984641638e+00 8.0618567098e+01
1.7045506257e+00 1.4729806598e+00 7.8236560485e+01
1.6005119454e+00 1.4528441411e+00 7.5135705513e+01
1.8085893060e+00 1.5333902162e+00 7.6557167254e+01
1.7414675768e+00 1.4964732651e+00 7.7370338398e+01
1.4259954494e+00 1.3454493743e+00 7.8073399870e+01
1.7414675768e+00 1.4864050057e+00 7.8630366033e+01
1.4327076223e+00 1.3420932878e+00 7.9007301685e+01
1.5098976109e+00 1.4025028441e+00 7.5970932879e+01
1.5199658703e+00 1.3890784983e+00 7.8180060208e+01
1.5770193402e+00 1.4293515358e+00 7.6487157651e+01
1.5065415245e+00 1.3823663254e+00 7.8238546528e+01
1.4796928328e+00 1.3588737201e+00 7.9842383595e+01
1.6743458476e+00 1.4662684869e+00 7.7381684089e+01
1.3353811149e+00 1.3018202503e+00 7.8036632368e+01
1.5333902162e+00 1.4092150171e+00 7.6462342781e+01
1.4192832765e+00 1.3420932878e+00 7.8092730139e+01
1.3622298066e+00 1.2984641638e+00 8.0618567098e+01
1.2951080774e+00 1.2716154721e+00 7.9607061206e+01
1.2984641638e+00 1.2649032992e+00 8.1096715219e+01
1.6307167235e+00 1.4360637088e+00 7.8723254392e+01
1.4796928328e+00 1.3555176337e+00 8.0396369276e+01
1.9461888510e+00 1.5837315131e+00 7.7599001291e+01
1.4864050057e+00 1.3689419795e+00 7.8793704555e+01
1.5937997725e+00 1.4226393629e+00 7.8261111382e+01
1.3857224118e+00 1.3186006826e+00 7.9158170740e+01
1.4864050057e+00 1.3622298066e+00 7.9808460119e+01
1.3957906712e+00 1.3253128555e+00 7.8876644611e+01
1.4293515358e+00 1.3253128555e+00 8.1597325425e+01
1.3924345848e+00 1.3219567691e+00 7.9138877814e+01
1.2246302617e+00 1.2313424346e+00 8.0515491149e+01
1.4461319681e+00 1.3588737201e+00 7.7568052062e+01
1.5501706485e+00 1.4058589306e+00 7.7822512496e+01
1.5803754266e+00 1.4125711035e+00 7.8794659982e+01
1.6407849829e+00 1.4461319681e+00 7.7993666361e+01
1.3890784983e+00 1.3219567691e+00 7.8895376479e+01
1.5166097838e+00 1.3924345848e+00 7.7537388840e+01
1.2984641638e+00 1.2716154721e+00 7.9882938015e+01
1.2615472127e+00 1.2615472127e+00 7.8572604951e+01
1.5837315131e+00 1.4192832765e+00 7.8093674783e+01
1.3521615472e+00 1.3085324232e+00 7.8246669600e+01
1.6172923777e+00 1.4394197952e+00 7.7491788586e+01
1.4125711035e+00 1.3353811149e+00 7.8582656558e+01
1.6172923777e+00 1.4461319681e+00 7.6694229090e+01
1.3857224118e+00 1.3186006826e+00 7.9158170740e+01
1.5132536974e+00 1.4025028441e+00 7.6148155192e+01
1.2581911263e+00 1.2615472127e+00 7.8323861027e+01
1.6609215017e+00 1.4629124005e+00 7.7058338051e+01
1.4293515358e+00 1.3387372014e+00 7.9272856953e+01
1.3689419795e+00 1.3118885097e+00 7.8946884930e+01
1.6944823663e+00 1.4696245734e+00 7.8088546279e+01
1.3186006826e+00 1.2816837315e+00 7.9851770899e+01
1.6777019340e+00 1.4729806598e+00 7.6773994968e+01
1.4226393629e+00 1.3454493743e+00 7.7856310676e+01
1.5166097838e+00 1.3924345848e+00 7.7537388840e+01
1.7582480091e+00 1.4897610922e+00 7.9182843861e+01
1.4528441411e+00 1.3521615472e+00 7.8931997742e+01
1.4494880546e+00 1.3454493743e+00 7.9715856859e+01
1.3085324232e+00 1.2917519909e+00 7.7602831231e+01
1.6844141069e+00 1.4796928328e+00 7.6363246919e+01
1.6105802048e+00 1.4394197952e+00 7.7119027580e+01
1.3353811149e+00 1.2917519909e+00 7.9543946296e+01
1.3991467577e+00 1.3186006826e+00 8.0196597774e+01
1.4058589306e+00 1.3286689420e+00 7.9097973323e+01
1.6844141069e+00 1.4796928328e+00 7.6363246919e+01
1.4528441411e+00 1.3555176337e+00 7.8450163247e+01
1.4025028441e+00 1.3320250284e+00 7.8372310252e+01
1.6206484642e+00 1.4528441411e+00 7.6115380729e+01
1.5098976109e+00 1.3823663254e+00 7.8453567226e+01
1.5166097838e+00 1.3991467577e+00 7.6716966055e+01
1.3991467577e+00 1.3353811149e+00 7.7692136995e+01
1.2917519909e+00 1.2615472127e+00 8.1108832581e+01
1.6072241183e+00 1.4427758817e+00 7.6548624492e+01
1.4360637088e+00 1.3488054608e+00 7.8273175841e+01
1.2850398180e+00 1.2682593857e+00 7.9343932317e+01
1.6777019340e+00 1.4729806598e+00 7.6773994968e+01
1.3622298066e+00 1.3085324232e+00 7.8962443963e+01
1.4998293515e+00 1.3756541524e+00 7.8734226459e+01
1.4226393629e+00 1.3286689420e+00 8.0389374268e+01
1.6072241183e+00 1.4293515358e+00 7.8186519489e+01
1.5434584755e+00 1.4025028441e+00 7.7853224124e+01
1.3857224118e+00 1.3152445961e+00 7.9686061849e+01
1.3722980660e+00 1.3085324232e+00 7.9726319797e+01
1.4427758817e+00 1.3353811149e+00 8.0888131133e+01
1.7817406143e+00 1.5266780432e+00 7.6007522479e+01
1.1642207053e+00 1.2078498294e+00 7.9259482948e+01
1.5669510808e+00 1.4125711035e+00 7.7959841368e+01
1.4528441411e+00 1.3588737201e+00 7.7989545840e+01
1.5333902162e+00 1.3924345848e+00 7.8576031214e+01
1.3555176337e+00 1.2984641638e+00 8.0052025489e+01
1.4293515358e+00 1.3454493743e+00 7.8294365083e+01
1.5266780432e+00 1.3991467577e+00 7.7287383907e+01
1.3823663254e+00 1.3085324232e+00 8.0549964000e+01
1.6273606371e+00 1.4427758817e+00 7.7645814775e+01
1.4696245734e+00 1.3555176337e+00 7.9624899706e+01
1.4696245734e+00 1.3521615472e+00 8.0167155963e+01
1.5736632537e+00 1.4226393629e+00 7.7090142154e+01
1.3353811149e+00 1.2883959044e+00 8.0102267635e+01
1.2346985210e+00 1.2380546075e+00 8.0212852901e+01
1.4159271900e+00 1.3420932878e+00 7.7874498591e+01
1.2414106940e+00 1.2380546075e+00 8.0833130235e+01
1.3588737201e+00 1.3118885097e+00 7.8234687536e+01
1.4360637088e+00 1.3454493743e+00 7.8748842065e+01
1.6944823663e+00 1.4763367463e+00 7.7263979249e+01
1.5703071672e+00 1.4125711035e+00 7.8163216220e+01
1.5669510808e+00 1.4092150171e+00 7.8405481829e+01
1.4394197952e+00 1.3454493743e+00 7.8982871930e+01
1.7280432309e+00 1.5098976109e+00 7.5268462337e+01
1.4259954494e+00 1.3555176337e+00 7.6779333565e+01
1.2749715586e+00 1.2716154721e+00 7.8081573725e+01
1.6038680319e+00 1.4259954494e+00 7.8428903302e+01
1.6978384528e+00 1.4729806598e+00 7.7855057418e+01
1.2615472127e+00 1.2514789534e+00 8.0208074687e+01
1.3689419795e+00 1.3085324232e+00 7.9465716996e+01
1.5635949943e+00 1.4025028441e+00 7.9131208098e+01
1.6240045506e+00 1.4360637088e+00 7.8311258420e+01
1.3521615472e+00 1.3085324232e+00 7.8246669600e+01
1.3790102389e+00 1.3085324232e+00 8.0267860331e+01
1.2078498294e+00 1.2380546075e+00 7.8042040612e+01
1.3085324232e+00 1.2816837315e+00 7.9055826735e+01
1.4461319681e+00 1.3488054608e+00 7.8957765940e+01
1.3588737201e+00 1.2984641638e+00 8.0331244907e+01
1.3051763367e+00 1.2783276451e+00 7.9323516539e+01
1.5166097838e+00 1.3890784983e+00 7.7971266082e+01
1.5837315131e+00 1.4159271900e+00 7.8543151574e+01
1.6374288965e+00 1.4427758817e+00 7.8231075993e+01
1.5098976109e+00 1.3924345848e+00 7.7144547053e+01
1.5401023891e+00 1.3957906712e+00 7.8542862357e+01
1.4629124005e+00 1.3588737201e+00 7.8649978183e+01
1.2346985210e+00 1.2313424346e+00 8.1503151291e+01
1.4293515358e+00 1.3521615472e+00 7.7398935195e+01
1.4092150171e+00 1.3286689420e+00 7.9344063161e+01
1.2783276451e+00 1.2649032992e+00 7.9348714752e+01
1.3857224118e+00 1.3186006826e+00 7.9158170740e+01
1.5703071672e+00 1.4192832765e+00 7.7308711815e+01
1.3387372014e+00 1.2883959044e+00 8.0386252948e+01
1.4360637088e+00 1.3454493743e+00 7.8748842065e+01
1.4394197952e+00 1.3588737201e+00 7.7159856479e+01
1.6206484642e+00 1.4528441411e+00 7.6115380729e+01
1.3689419795e+00 1.3085324232e+00 7.9465716996e+01
1.4394197952e+00 1.3488054608e+00 7.8496995076e+01
1.5367463026e+00 1.3857224118e+00 7.9795894675e+01
1.6542093288e+00 1.4461319681e+00 7.8800936781e+01
1.4528441411e+00 1.3555176337e+00 7.8450163247e+01
1.3420932878e+00 1.2951080774e+00 7.9530089850e+01
1.2246302617e+00 1.2346985210e+00 7.9913706648e+01
1.4159271900e+00 1.3286689420e+00 7.9853602273e+01
1.3152445961e+00 1.2783276451e+00 8.0143768687e+01
1.4327076223e+00 1.3521615472e+00 7.7606745797e+01
1.4562002275e+00 1.3488054608e+00 7.9686198513e+01
1.6072241183e+00 1.4226393629e+00 7.9108778295e+01
1.3018202503e+00 1.2749715586e+00 7.9599006061e+01
1.3890784983e+00 1.3253128555e+00 7.8407014827e+01
1.2850398180e+00 1.2649032992e+00 7.9898540694e+01
1.4830489192e+00 1.3756541524e+00 7.7664210863e+01
1.2581911263e+00 1.2481228669e+00 8.0512440397e+01
1.4494880546e+00 1.3588737201e+00 7.7777051594e+01
1.6340728100e+00 1.4494880546e+00 7.7200806229e+01
1.6844141069e+00 1.4763367463e+00 7.6737759111e+01
1.3286689420e+00 1.2951080774e+00 7.8524698801e+01
1.4629124005e+00 1.3622298066e+00 7.8181986703e+01
1.5568828214e+00 1.4058589306e+00 7.8231034671e+01
1.5803754266e+00 1.4360637088e+00 7.5914219500e+01
1.6240045506e+00 1.4293515358e+00 7.9241272018e+01
1.3387372014e+00 1.2984641638e+00 7.8756924475e+01
1.4427758817e+00 1.3689419795e+00 7.6147636082e+01
1.4662684869e+00 1.3689419795e+00 7.7505434784e+01
1.3286689420e+00 1.3018202503e+00 7.7585975410e+01
1.4696245734e+00 1.3488054608e+00 8.0743618154e+01
1.4998293515e+00 1.3790102389e+00 7.8266994175e+01
1.2883959044e+00 1.2749715586e+00 7.8564723673e+01
1.5367463026e+00 1.4025028441e+00 7.7455145748e+01
1.6340728100e+00 1.4394197952e+00 7.8474148453e+01
1.2179180887e+00 1.2447667804e+00 7.7814648303e+01
1.3655858931e+00 1.3118885097e+00 7.8704661572e+01
1.4092150171e+00 1.3320250284e+00 7.8836923017e+01
1.4528441411e+00 1.3454493743e+00 7.9971739068e+01
1.3454493743e+00 1.2951080774e+00 7.9796429207e+01
1.5870875995e+00 1.4192832765e+00 7.8297821289e+01
1.4796928328e+00 1.3756541524e+00 7.7460768388e+01
1.3924345848e+00 1.3219567691e+00 7.9138877814e+01
1.7179749716e+00 1.4830489192e+00 7.7724911761e+01
1.4461319681e+00 1.3488054608e+00 7.8957765940e+01
1.4360637088e+00 1.3420932878e+00 7.9247685577e+01
1.6005119454e+00 1.4327076223e+00 7.7371133569e+01
1.5166097838e+00 1.3924345848e+00 7.7537388840e+01
1.2447667804e+00 1.2447667804e+00 7.9919048205e+01
1.5333902162e+00 1.4025028441e+00 7.7260587813e+01
1.4562002275e+00 1.3622298066e+00 7.7755668784e+01
1.5904436860e+00 1.4226393629e+00 7.8058284054e+01
1.4796928328e+00 1.3689419795e+00 7.8349013416e+01
1.3957906712e+00 1.3186006826e+00 7.9927223311e+01
1.5904436860e+00 1.4226393629e+00 7.8058284054e+01
1.6038680319e+00 1.4360637088e+00 7.7151622681e+01
1.3655858931e+00 1.3118885097e+00 7.8704661572e+01
1.5266780432e+00 1.3924345848e+00 7.8150044634e+01
1.4729806598e+00 1.3588737201e+00 7.9349863626e+01
1.4092150171e+00 1.3186006826e+00 8.1052026652e+01
1.5468145620e+00 1.4058589306e+00 7.7623120904e+01
1.4897610922e+00 1.3790102389e+00 7.7639920971e+01
1.4058589306e+00 1.3320250284e+00 7.8602327729e+01
1.4494880546e+00 1.3555176337e+00 7.8228842768e+01
1.4864050057e+00 1.3790102389e+00 7.7437591440e+01
1.6206484642e+00 1.4327076223e+00 7.8556454824e+01
1.4897610922e+00 1.3655858931e+00 7.9528226846e+01
1.5635949943e+00 1.4159271900e+00 7.7338888787e+01
1.3219567691e+00 1.2917519909e+00 7.8533617949e+01
1.4259954494e+00 1.3488054608e+00 7.7625143435e+01
1.4494880546e+00 1.3488054608e+00 7.9195278133e+01
1.6240045506e+00 1.4461319681e+00 7.7052730413e+01
1.2883959044e+00 1.2615472127e+00 8.0793374070e+01
1.3488054608e+00 1.3051763367e+00 7.8492790528e+01
1.3655858931e+00 1.3051763367e+00 7.9745172921e+01
1.4662684869e+00 1.3622298066e+00 7.8400802276e+01
1.5065415245e+00 1.3790102389e+00 7.8703648009e+01
1.3286689420e+00 1.2850398180e+00 8.0117096192e+01
1.4729806598e+00 1.3655858931e+00 7.8375205084e+01
1.3823663254e+00 1.3085324232e+00 8.0549964000e+01
1.4226393629e+00 1.3420932878e+00 7.8314885953e+01
1.3890784983e+00 1.3152445961e+00 7.9950158779e+01
1.4360637088e+00 1.3488054608e+00 7.8273175841e+01
1.6172923777e+00 1.4293515358e+00 7.8807826073e+01
1.2984641638e+00 1.2649032992e+00 8.1096715219e+01
1.4662684869e+00 1.3655858931e+00 7.7943868320e+01
1.3186006826e+00 1.2883959044e+00 7.8787105164e+01
1.1541524460e+00 1.2078498294e+00 7.8435368895e+01
1.7347554039e+00 1.4964732651e+00 7.7021571587e+01
1.3555176337e+00 1.3018202503e+00 7.9499660855e+01
1.3420932878e+00 1.2917519909e+00 8.0086467855e+01
1.1944254835e+00 1.2145620023e+00 8.0809547653e+01
1.3924345848e+00 1.3152445961e+00 8.0221196836e+01
1.3924345848e+00 1.3186006826e+00 7.9664690036e+01
1.3790102389e+00 1.3219567691e+00 7.8194037772e+01
1.4159271900e+00 1.3320250284e+00 7.9321060792e+01
1.3756541524e+00 1.3152445961e+00 7.8930511023e+01
1.4125711035e+00 1.3320250284e+00 7.9076391335e+01
1.2447667804e+00 1.2380546075e+00 8.1159200295e+01
1.3588737201e+00 1.3118885097e+00 7.8234687536e+01
1.4662684869e+00 1.3622298066e+00 7.8400802276e+01
1.4830489192e+00 1.3823663254e+00 7.6827907662e+01
1.4595563140e+00 1.3488054608e+00 7.9940382990e+01
1.6206484642e+00 1.4394197952e+00 7.7682223782e+01
1.4662684869e+00 1.3655858931e+00 7.7943868320e+01
1.6105802048e+00 1.4394197952e+00 7.7119027580e+01
1.2212741752e+00 1.2548350398e+00 7.6692210207e+01
1.5199658703e+00 1.3890784983e+00 7.8180060208e+01
1.4025028441e+00 1.3219567691e+00 7.9903474071e+01
1.4427758817e+00 1.3488054608e+00 7.8725103092e+01
1.5098976109e+00 1.3790102389e+00 7.8928211887e+01
1.3152445961e+00 1.2783276451e+00 8.0143768687e+01
1.5065415245e+00 1.3823663254e+00 7.8238546528e+01
1.3823663254e+00 1.3186006826e+00 7.8913336733e+01
1.3219567691e+00 1.2951080774e+00 7.8052710813e+01
1.4662684869e+00 1.3622298066e+00 7.8400802276e+01
1.3790102389e+00 1.3118885097e+00 7.9706610590e+01
1.5434584755e+00 1.3957906712e+00 7.8760298176e+01
1.4830489192e+00 1.3790102389e+00 7.7238341437e+01
1.4796928328e+00 1.3823663254e+00 7.6638053631e+01
1.4830489192e+00 1.3722980660e+00 7.8107186175e+01
1.3454493743e+00 1.3118885097e+00 7.7345211662e+01
1.3085324232e+00 1.2749715586e+00 8.0155577170e+01
1.4058589306e+00 1.3286689420e+00 7.9097973323e+01
1.5937997725e+00 1.4327076223e+00 7.6999126730e+01
1.2682593857e+00 1.2548350398e+00 8.0203928765e+01
1.5166097838e+00 1.3823663254e+00 7.8895658704e+01
1.7011945392e+00 1.4729806598e+00 7.8044342903e+01
1.4192832765e+00 1.3320250284e+00 7.9571297751e+01
1.8656427759e+00 1.5635949943e+00 7.6011730149e+01
1.4427758817e+00 1.3521615472e+00 7.8251330886e+01
1.3857224118e+00 1.3488054608e+00 7.5305546796e+01
1.6206484642e+00 1.4327076223e+00 7.8556454824e+01
1.5434584755e+00 1.3823663254e+00 8.0868771775e+01
1.3857224118e+00 1.3152445961e+00 7.9686061849e+01
1.4729806598e+00 1.3689419795e+00 7.7920133510e+01
1.3018202503e+00 1.2716154721e+00 8.0166343545e+01
1.5468145620e+00 1.3924345848e+00 7.9477833596e+01
1.3756541524e+00 1.3118885097e+00 7.9447466795e+01
1.6038680319e+00 1.4427758817e+00 7.6373978305e+01
1.4427758817e+00 1.3387372014e+00 8.0298408293e+01
1.4360637088e+00 1.3555176337e+00 7.7380966020e+01
1.4394197952e+00 1.3521615472e+00 7.8032755060e+01
1.6240045506e+00 1.4394197952e+00 7.7875531575e+01
1.5333902162e+00 1.3823663254e+00 8.0083946894e+01
1.4159271900e+00 1.3387372014e+00 7.8334725691e+01
1.4796928328e+00 1.3655858931e+00 7.8822578420e+01
1.4327076223e+00 1.3488054608e+00 7.8053404088e+01
1.4327076223e+00 1.3420932878e+00 7.9007301685e+01
1.5031854380e+00 1.3924345848e+00 7.6762878640e+01
1.3085324232e+00 1.2816837315e+00 7.9055826735e+01
1.4125711035e+00 1.3454493743e+00 7.7226338163e+01
1.5937997725e+00 1.4259954494e+00 7.7824193782e+01
1.7313993174e+00 1.4931171786e+00 7.7236941475e+01
1.3118885097e+00 1.2883959044e+00 7.8301185687e+01
1.5803754266e+00 1.4159271900e+00 7.8334126729e+01
1.3219567691e+00 1.2917519909e+00 7.8533617949e+01
1.5166097838e+00 1.3823663254e+00 7.8895658704e+01
1.4595563140e+00 1.3588737201e+00 7.8425792529e+01
1.3823663254e+00 1.3186006826e+00 7.8913336733e+01
1.3655858931e+00 1.3152445961e+00 7.8221912890e+01
1.2951080774e+00 1.2783276451e+00 7.8560346586e+01
1.6978384528e+00 1.4662684869e+00 7.8727127487e+01
1.2279863481e+00 1.2346985210e+00 8.0211013101e+01
1.4360637088e+00 1.3387372014e+00 7.9773112642e+01
1.3186006826e+00 1.2951080774e+00 7.7823334212e+01
1.3286689420e+00 1.2984641638e+00 7.8045089747e+01
1.6743458476e+00 1.4729806598e+00 7.6601944950e+01
1.2346985210e+00 1.2548350398e+00 7.7597185095e+01
1.3622298066e+00 1.2951080774e+00 8.1245571966e+01
1.3118885097e+00 1.2917519909e+00 7.7829096521e+01
1.3991467577e+00 1.3387372014e+00 7.7255699880e+01
1.6877701934e+00 1.4830489192e+00 7.6163365583e+01
1.4864050057e+00 1.3991467577e+00 7.5130751620e+01
1.2951080774e+00 1.2749715586e+00 7.9069997734e+01
1.5266780432e+00 1.3823663254e+00 7.9592798167e+01
1.4427758817e+00 1.3521615472e+00 7.8251330886e+01
1.4259954494e+00 1.3353811149e+00 7.9546053824e+01
1.4025028441e+00 1.3387372014e+00 7.7464356839e+01
1.5669510808e+00 1.4125711035e+00 7.7959841368e+01
1.2548350398e+00 1.2447667804e+00 8.0827961540e+01
1.1172354949e+00 1.1877133106e+00 7.8579397952e+01
1.6206484642e+00 1.4394197952e+00 7.7682223782e+01
1.3890784983e+00 1.3253128555e+00 7.8407014827e+01
1.6172923777e+00 1.4494880546e+00 7.6315090996e+01
1.4662684869e+00 1.3555176337e+00 7.9379871763e+01
1.3387372014e+00 1.2951080774e+00 7.9270178919e+01
1.4998293515e+00 1.3857224118e+00 7.7389603508e+01
1.4025028441e+00 1.3353811149e+00 7.7908838580e+01
1.2951080774e+00 1.2749715586e+00 7.9069997734e+01
1.4931171786e+00 1.3622298066e+00 8.0321697662e+01
1.5266780432e+00 1.4025028441e+00 7.6879768957e+01
1.3488054608e+00 1.3118885097e+00 7.7561844229e+01
1.4259954494e+00 1.3521615472e+00 7.7194361263e+01
1.4293515358e+00 1.3420932878e+00 7.8771907257e+01
1.4864050057e+00 1.3722980660e+00 7.8322239603e+01
1.4461319681e+00 1.3488054608e+00 7.8957765940e+01
1.4125711035e+00 1.3253128555e+00 8.0144955155e+01
1.3622298066e+00 1.3018202503e+00 8.0033418254e+01
1.5971558589e+00 1.4461319681e+00 7.5670055397e+01
1.4897610922e+00 1.3655858931e+00 7.9528226846e+01
1.4259954494e+00 1.3387372014e+00 7.9031041049e+01
1.2615472127e+00 1.2716154721e+00 7.7161693467e+01
1.5300341297e+00 1.3957906712e+00 7.7913227444e+01
1.4562002275e+00 1.3555176337e+00 7.8675657808e+01
1.5401023891e+00 1.3890784983e+00 7.9516645940e+01
1.2850398180e+00 1.2649032992e+00 7.9898540694e+01
1.4461319681e+00 1.3488054608e+00 7.8957765940e+01
1.4058589306e+00 1.3253128555e+00 7.9619542555e+01
1.2548350398e+00 1.2514789534e+00 7.9633356827e+01
1.4461319681e+00 1.3521615472e+00 7.8473901711e+01
1.6944823663e+00 1.4796928328e+00 7.6873345444e+01
1.6374288965e+00 1.4494880546e+00 7.7385074090e+01
1.4025028441e+00 1.3320250284e+00 7.8372310252e+01
1.2145620023e+00 1.2380546075e+00 7.8547276028e+01
1.3219567691e+00 1.3051763367e+00 7.6725141533e+01
1.5568828214e+00 1.4058589306e+00 7.8231034671e+01
1.4562002275e+00 1.3588737201e+00 7.8205723931e+01
1.3790102389e+00 1.3186006826e+00 7.8673630960e+01
1.6508532423e+00 1.4461319681e+00 7.8593946275e+01
1.4427758817e+00 1.3521615472e+00 7.8251330886e+01
1.5401023891e+00 1.3924345848e+00 7.9017957496e+01
1.2749715586e+00 1.2682593857e+00 7.8570616720e+01
1.4964732651e+00 1.3924345848e+00 7.6391441929e+01
1.6105802048e+00 1.4494880546e+00 7.5975752198e+01
1.3488054608e+00 1.2951080774e+00 8.0069714574e+01
1.4864050057e+00 1.3622298066e+00 7.9808460119e+01
1.5971558589e+00 1.4159271900e+00 7.9419057739e+01
1.4830489192e+00 1.3790102389e+00 7.7238341437e+01
1.3655858931e+00 1.3051763367e+00 7.9745172921e+01
1.5803754266e+00 1.4159271900e+00 7.8334126729e+01
1.6508532423e+00 1.4494880546e+00 7.8149581428e+01
1.2816837315e+00 1.2816837315e+00 7.7165623999e+01
1.5333902162e+00 1.3924345848e+00 7.8576031214e+01
1.4025028441e+00 1.3286689420e+00 7.8857155397e+01
1.7011945392e+00 1.4729806598e+00 7.8044342903e+01
1.3655858931e+00 1.3051763367e+00 7.9745172921e+01
1.4763367463e+00 1.3689419795e+00 7.8132705796e+01
1.4092150171e+00 1.3387372014e+00 7.7892011916e+01
1.4662684869e+00 1.3588737201e+00 7.8878530121e+01
1.2749715586e+00 1.2649032992e+00 7.9083895958e+01
1.4629124005e+00 1.3756541524e+00 7.6487600275e+01
1.3286689420e+00 1.2951080774e+00 7.8524698801e+01
1.4293515358e+00 1.3420932878e+00 7.8771907257e+01
1.4595563140e+00 1.3521615472e+00 7.9409244513e+01
1.1843572241e+00 1.2212741752e+00 7.8761785112e+01
1.2145620023e+00 1.2380546075e+00 7.8547276028e+01
1.5434584755e+00 1.3924345848e+00 7.9245509890e+01
1.5803754266e+00 1.4125711035e+00 7.8794659982e+01
1.3454493743e+00 1.2883959044e+00 8.0980358331e+01
1.5635949943e+00 1.4226393629e+00 7.6541319042e+01
1.4830489192e+00 1.3722980660e+00 7.8107186175e+01
1.5300341297e+00 1.3957906712e+00 7.7913227444e+01
1.5803754266e+00 1.4259954494e+00 7.7060211388e+01
1.3521615472e+00 1.2951080774e+00 8.0350536454e+01
1.4025028441e+00 1.3253128555e+00 7.9366312224e+01
1.5333902162e+00 1.3957906712e+00 7.8119529269e+01
1.5837315131e+00 1.4125711035e+00 7.9012929034e+01
1.5367463026e+00 1.3957906712e+00 7.8329343184e+01
1.2716154721e+00 1.2514789534e+00 8.1137965456e+01
1.3655858931e+00 1.3051763367e+00 7.9745172921e+01
1.6139362912e+00 1.4293515358e+00 7.8597089341e+01
1.3253128555e+00 1.2850398180e+00 7.9839378819e+01
1.4159271900e+00 1.3353811149e+00 7.8815961559e+01
1.4159271900e+00 1.3286689420e+00 7.9853602273e+01
1.3924345848e+00 1.3253128555e+00 7.8639482927e+01
1.2179180887e+00 1.2346985210e+00 7.9343320393e+01
1.5300341297e+00 1.3924345848e+00 7.8361156493e+01
1.3823663254e+00 1.3051763367e+00 8.1168141218e+01
1.6038680319e+00 1.4293515358e+00 7.7986313354e+01
1.4360637088e+00 1.3488054608e+00 7.8273175841e+01
1.4998293515e+00 1.3756541524e+00 7.8734226459e+01
1.5065415245e+00 1.3823663254e+00 7.8238546528e+01
1.1239476678e+00 1.1843572241e+00 7.9714913495e+01
1.6072241183e+00 1.4327076223e+00 7.7753960556e+01
1.5333902162e+00 1.3957906712e+00 7.8119529269e+01
1.3353811149e+00 1.2850398180e+00 8.0696732800e+01
1.5166097838e+00 1.3924345848e+00 7.7537388840e+01
1.5300341297e+00 1.3890784983e+00 7.8828982928e+01
1.3555176337e+00 1.3018202503e+00 7.9499660855e+01
1.6172923777e+00 1.4327076223e+00 7.8350833738e+01
1.5602389078e+00 1.4192832765e+00 7.6749285940e+01
1.4360637088e+00 1.3420932878e+00 7.9247685577e+01
1.4763367463e+00 1.3756541524e+00 7.7260445308e+01
1.4662684869e+00 1.3521615472e+00 7.9908360935e+01
1.3924345848e+00 1.3387372014e+00 7.6847905615e+01
1.5333902162e+00 1.3924345848e+00 7.8576031214e+01
1.4125711035e+00 1.3320250284e+00 7.9076391335e+01
1.6911262799e+00 1.4629124005e+00 7.8775165517e+01
1.4125711035e+00 1.3387372014e+00 7.8111382536e+01
1.6172923777e+00 1.4259954494e+00 7.9286240633e+01
1.3286689420e+00 1.2883959044e+00 7.9556875989e+01
1.4864050057e+00 1.3689419795e+00 7.8793704555e+01
1.4092150171e+00 1.3387372014e+00 7.7892011916e+01
1.6777019340e+00 1.4662684869e+00 7.7565300894e+01
1.6407849829e+00 1.4629124005e+00 7.6026106484e+01
1.6139362912e+00 1.4360637088e+00 7.7718275432e+01
1.4159271900e+00 1.3320250284e+00 7.9321060792e+01
1.4998293515e+00 1.3857224118e+00 7.7389603508e+01
1.6105802048e+00 1.4360637088e+00 7.7526646477e+01
1.8052332196e+00 1.5065415245e+00 7.9724625599e+01
1.6072241183e+00 1.4360637088e+00 7.7337803230e+01
1.5468145620e+00 1.3991467577e+00 7.8509211467e+01
1.6307167235e+00 1.4461319681e+00 7.7420993603e+01
1.4025028441e+00 1.3253128555e+00 7.9366312224e+01
1.4226393629e+00 1.3420932878e+00 7.8314885953e+01
1.5333902162e+00 1.3857224118e+00 7.9554972023e+01
1.4864050057e+00 1.3689419795e+00 7.8793704555e+01
1.2951080774e+00 1.2816837315e+00 7.8074577695e+01
1.3924345848e+00 1.3286689420e+00 7.8163147560e+01
1.5266780432e+00 1.4058589306e+00 7.6486024526e+01
1.5803754266e+00 1.4192832765e+00 7.7892847024e+01
1.5367463026e+00 1.3890784983e+00 7.9282668377e+01
1.4461319681e+00 1.3622298066e+00 7.7141683074e+01
1.5065415245e+00 1.3890784983e+00 7.7364813580e+01
1.2984641638e+00 1.2716154721e+00 7.9882938015e+01
1.4998293515e+00 1.3756541524e+00 7.8734226459e+01
1.4595563140e+00 1.3488054608e+00 7.9940382990e+01
1.5031854380e+00 1.3756541524e+00 7.8960224848e+01
1.4629124005e+00 1.3622298066e+00 7.8181986703e+01
1.5568828214e+00 1.4125711035e+00 7.7368630335e+01
1.4058589306e+00 1.3152445961e+00 8.1388116518e+01
1.4595563140e+00 1.3588737201e+00 7.8425792529e+01
1.6944823663e+00 1.4830489192e+00 7.6495447525e+01
1.3353811149e+00 1.2917519909e+00 7.9543946296e+01
1.3085324232e+00 1.2716154721e+00 8.0758530947e+01
1.4998293515e+00 1.3689419795e+00 7.9738821391e+01
1.5333902162e+00 1.3991467577e+00 7.7681693350e+01
1.3823663254e+00 1.3320250284e+00 7.7074972865e+01
1.6642775882e+00 1.4696245734e+00 7.6465892794e+01
1.5904436860e+00 1.4293515358e+00 7.7215662466e+01
1.4494880546e+00 1.3521615472e+00 7.8700703870e+01
1.6709897611e+00 1.4662684869e+00 7.7200594991e+01
1.6240045506e+00 1.4595563140e+00 7.5563769291e+01
1.5937997725e+00 1.4192832765e+00 7.8716794832e+01
1.1474402730e+00 1.1910693970e+00 8.0716828553e+01
1.4025028441e+00 1.3253128555e+00 7.9366312224e+01
1.3790102389e+00 1.3253128555e+00 7.7735127226e+01
1.3722980660e+00 1.3085324232e+00 7.9726319797e+01
1.2883959044e+00 1.2682593857e+00 7.9614093427e+01
1.7079067122e+00 1.4796928328e+00 7.7584542408e+01
1.4964732651e+00 1.3689419795e+00 7.9494802758e+01
1.4394197952e+00 1.3387372014e+00 8.0032387315e+01
1.3454493743e+00 1.2917519909e+00 8.0368878693e+01
1.3488054608e+00 1.3118885097e+00 7.7561844229e+01
1.6777019340e+00 1.4629124005e+00 7.7982948222e+01
1.4931171786e+00 1.3756541524e+00 7.8294895838e+01
1.5837315131e+00 1.4159271900e+00 7.8543151574e+01
1.5401023891e+00 1.4058589306e+00 7.7233315202e+01
1.4998293515e+00 1.3622298066e+00 8.0862995239e+01
1.2716154721e+00 1.2716154721e+00 7.7845331821e+01
1.4696245734e+00 1.3622298066e+00 7.8623678138e+01
1.5669510808e+00 1.4360637088e+00 7.5251495631e+01
1.4192832765e+00 1.3320250284e+00 7.9571297751e+01
1.5098976109e+00 1.3790102389e+00 7.8928211887e+01
1.3152445961e+00 1.2783276451e+00 8.0143768687e+01
1.5300341297e+00 1.4058589306e+00 7.6669093722e+01
1.4259954494e+00 1.3387372014e+00 7.9031041049e+01
1.4025028441e+00 1.3320250284e+00 7.8372310252e+01
1.3924345848e+00 1.3286689420e+00 7.8163147560e+01
1.4494880546e+00 1.3521615472e+00 7.8700703870e+01
1.3353811149e+00 1.2984641638e+00 7.8514912109e+01
1.5468145620e+00 1.4025028441e+00 7.8057043713e+01
1.3957906712e+00 1.3320250284e+00 7.7924966431e+01
1.5937997725e+00 1.4159271900e+00 7.9193630155e+01
1.6575654152e+00 1.4629124005e+00 7.6880920585e+01
1.3722980660e+00 1.3186006826e+00 7.8208358654e+01
1.3890784983e+00 1.3219567691e+00 7.8895376479e+01
1.4528441411e+00 1.3555176337e+00 7.8450163247e+01
1.5703071672e+00 1.4159271900e+00 7.7727662868e+01
1.3655858931e+00 1.3219567691e+00 7.7317079936e+01
1.4696245734e+00 1.3588737201e+00 7.9111723553e+01
1.4864050057e+00 1.3722980660e+00 7.8322239603e+01
1.5031854380e+00 1.3857224118e+00 7.7589707887e+01
1.5367463026e+00 1.3991467577e+00 7.7883465976e+01
1.4125711035e+00 1.3286689420e+00 7.9595799292e+01
1.3253128555e+00 1.2816837315e+00 8.0418022619e+01
1.3655858931e+00 1.3152445961e+00 7.8221912890e+01
1.5132536974e+00 1.3823663254e+00 7.8672526870e+01
1.2816837315e+00 1.2615472127e+00 8.0192213913e+01
1.6441410694e+00 1.4427758817e+00 7.8637362450e+01
1.3320250284e+00 1.2883959044e+00 7.9826013277e+01
1.4125711035e+00 1.3521615472e+00 7.6405539873e+01
1.4226393629e+00 1.3387372014e+00 7.8794285012e+01
1.6441410694e+00 1.4461319681e+00 7.8190488049e+01
1.4192832765e+00 1.3320250284e+00 7.9571297751e+01
1.2917519909e+00 1.2783276451e+00 7.8316682391e+01
1.4025028441e+00 1.3152445961e+00 8.1082369076e+01
1.2548350398e+00 1.2514789534e+00 7.9633356827e+01
1.6038680319e+00 1.4259954494e+00 7.8428903302e+01
1.3588737201e+00 1.2984641638e+00 8.0331244907e+01
1.3353811149e+00 1.3018202503e+00 7.8036632368e+01
1.6206484642e+00 1.4327076223e+00 7.8556454824e+01
1.6307167235e+00 1.4360637088e+00 7.8723254392e+01
1.2044937429e+00 1.2179180887e+00 8.1150768164e+01
1.0836746303e+00 1.1608646189e+00 8.0153778974e+01
1.4092150171e+00 1.3320250284e+00 7.8836923017e+01
1.1642207053e+00 1.1944254835e+00 8.1798109604e+01
1.2816837315e+00 1.2649032992e+00 7.9620086822e+01
1.5333902162e+00 1.3890784983e+00 7.9053547054e+01
1.4293515358e+00 1.3420932878e+00 7.8771907257e+01
1.4327076223e+00 1.3454493743e+00 7.8519430377e+01
1.5535267349e+00 1.4125711035e+00 7.7177379395e+01
1.3051763367e+00 1.2716154721e+00 8.0457948991e+01
1.6340728100e+00 1.4562002275e+00 7.6425537591e+01
1.3689419795e+00 1.3118885097e+00 7.8946884930e+01
1.7582480091e+00 1.4964732651e+00 7.8285696914e+01
1.2682593857e+00 1.2548350398e+00 8.0203928765e+01
1.3957906712e+00 1.3253128555e+00 7.8876644611e+01
1.5837315131e+00 1.4192832765e+00 7.8093674783e+01
1.4394197952e+00 1.3454493743e+00 7.8982871930e+01
1.4394197952e+00 1.3420932878e+00 7.9493401677e+01
1.4092150171e+00 1.3521615472e+00 7.6215069533e+01
1.3488054608e+00 1.3051763367e+00 7.8492790528e+01
1.3756541524e+00 1.3018202503e+00 8.1194907713e+01
1.3722980660e+00 1.3152445961e+00 7.8689542878e+01
1.6206484642e+00 1.4259954494e+00 7.9511171619e+01
1.4360637088e+00 1.3588737201e+00 7.6960353091e+01
1.4025028441e+00 1.3320250284e+00 7.8372310252e+01
1.4293515358e+00 1.3320250284e+00 8.0359799633e+01
1.3689419795e+00 1.3186006826e+00 7.7982244160e+01
1.2481228669e+00 1.2481228669e+00 7.9633920454e+01
1.2615472127e+00 1.2514789534e+00 8.0208074687e+01
1.5535267349e+00 1.4192832765e+00 7.6388550298e+01
1.5166097838e+00 1.3857224118e+00 7.8423280228e+01
1.4226393629e+00 1.3353811149e+00 7.9297320353e+01
1.4092150171e+00 1.3186006826e+00 8.1052026652e+01
1.1910693970e+00 1.2112059158e+00 8.1136625601e+01
1.2179180887e+00 1.2279863481e+00 8.0512286719e+01
1.5333902162e+00 1.3924345848e+00 7.8576031214e+01
1.2481228669e+00 1.2447667804e+00 8.0212858370e+01
1.2380546075e+00 1.2514789534e+00 7.8316406323e+01
1.3890784983e+00 1.3152445961e+00 7.9950158779e+01
1.6038680319e+00 1.4259954494e+00 7.8428903302e+01
1.5770193402e+00 1.4092150171e+00 7.9052777050e+01
1.7280432309e+00 1.4763367463e+00 7.9193698577e+01
1.4696245734e+00 1.3521615472e+00 8.0167155963e+01
1.4125711035e+00 1.3387372014e+00 7.8111382536e+01
1.3890784983e+00 1.3286689420e+00 7.7940383243e+01
1.3857224118e+00 1.3152445961e+00 7.9686061849e+01
1.4293515358e+00 1.3420932878e+00 7.8771907257e+01
1.4159271900e+00 1.3320250284e+00 7.9321060792e+01
1.4360637088e+00 1.3488054608e+00 7.8273175841e+01
1.5803754266e+00 1.4327076223e+00 7.6284071733e+01
1.4528441411e+00 1.3454493743e+00 7.9971739068e+01
1.5736632537e+00 1.4159271900e+00 7.7926556587e+01
1.3957906712e+00 1.3253128555e+00 7.8876644611e+01
1.5904436860e+00 1.4226393629e+00 7.8058284054e+01
1.4528441411e+00 1.3588737201e+00 7.7989545840e+01
1.4562002275e+00 1.3521615472e+00 7.9168071325e+01
1.3420932878e+00 1.2917519909e+00 8.0086467855e+01
1.3890784983e+00 1.3219567691e+00 7.8895376479e+01
1.4729806598e+00 1.3689419795e+00 7.7920133510e+01
1.3857224118e+00 1.3286689420e+00 7.7721511785e+01
1.3890784983e+00 1.3186006826e+00 7.9408488915e+01
1.4025028441e+00 1.3286689420e+00 7.8857155397e+01
1.2951080774e+00 1.2716154721e+00 7.9607061206e+01
1.4964732651e+00 1.3689419795e+00 7.9494802758e+01
1.5031854380e+00 1.3756541524e+00 7.8960224848e+01
1.3186006826e+00 1.2917519909e+00 7.8294233874e+01
1.3420932878e+00 1.3152445961e+00 7.6709754192e+01
1.6575654152e+00 1.4562002275e+00 7.7683985154e+01
1.5535267349e+00 1.3924345848e+00 7.9958127305e+01
1.2716154721e+00 1.2548350398e+00 8.0502641291e+01
1.3790102389e+00 1.3118885097e+00 7.9706610590e+01
1.2883959044e+00 1.2749715586e+00 7.8564723673e+01
1.3857224118e+00 1.3219567691e+00 7.8656939703e+01
1.4427758817e+00 1.3521615472e+00 7.8251330886e+01
1.3018202503e+00 1.2883959044e+00 7.7606777400e+01
1.4360637088e+00 1.3420932878e+00 7.9247685577e+01
1.3186006826e+00 1.2917519909e+00 7.8294233874e+01
1.5367463026e+00 1.3890784983e+00 7.9282668377e+01
1.5837315131e+00 1.4159271900e+00 7.8543151574e+01
1.4897610922e+00 1.3622298066e+00 8.0061848799e+01
1.2246302617e+00 1.2313424346e+00 8.0515491149e+01
1.4226393629e+00 1.3488054608e+00 7.7416270071e+01
1.6340728100e+00 1.4461319681e+00 7.7609057428e+01
1.5535267349e+00 1.4058589306e+00 7.8025095416e+01
1.2951080774e+00 1.2682593857e+00 8.0176050170e+01
1.5870875995e+00 1.4092150171e+00 7.9739506482e+01
1.3622298066e+00 1.3051763367e+00 7.9483120309e+01
1.3957906712e+00 1.3219567691e+00 7.9387792628e+01
1.3924345848e+00 1.3186006826e+00 7.9664690036e+01
1.2581911263e+00 1.2414106940e+00 8.1843023774e+01
1.3320250284e+00 1.2951080774e+00 7.8767866946e+01
1.2212741752e+00 1.2414106940e+00 7.8554074336e+01
1.5669510808e+00 1.4159271900e+00 7.7531820868e+01
1.4293515358e+00 1.3420932878e+00 7.8771907257e+01
1.3957906712e+00 1.3353811149e+00 7.7479042073e+01
1.6810580205e+00 1.4662684869e+00 7.7751559253e+01
1.4259954494e+00 1.3353811149e+00 7.9546053824e+01
1.3823663254e+00 1.3118885097e+00 7.9972263322e+01
1.4259954494e+00 1.3353811149e+00 7.9546053824e+01
1.3957906712e+00 1.3387372014e+00 7.7050266570e+01
1.5031854380e+00 1.3722980660e+00 7.9460803215e+01
1.3555176337e+00 1.3118885097e+00 7.8006369171e+01
1.6206484642e+00 1.4360637088e+00 7.8110431941e+01
1.3823663254e+00 1.3085324232e+00 8.0549964000e+01
1.4696245734e+00 1.3722980660e+00 7.7281990582e+01
1.4763367463e+00 1.3655858931e+00 7.8596770678e+01
1.8253697383e+00 1.5333902162e+00 7.7383875551e+01
1.3924345848e+00 1.3353811149e+00 7.7269372453e+01
1.5233219568e+00 1.3924345848e+00 7.7942497777e+01
1.4528441411e+00 1.3521615472e+00 7.8931997742e+01
1.5635949943e+00 1.4058589306e+00 7.8653717030e+01
1.4763367463e+00 1.3722980660e+00 7.7687941731e+01
1.4830489192e+00 1.3588737201e+00 8.0097571749e+01
1.4461319681e+00 1.3454493743e+00 7.9466024519e+01
1.3689419795e+00 1.3118885097e+00 7.8946884930e+01
1.8421501706e+00 1.5401023891e+00 7.7455488623e+01
1.3756541524e+00 1.3253128555e+00 7.7518906256e+01
1.4662684869e+00 1.3655858931e+00 7.7943868320e+01
1.3890784983e+00 1.3320250284e+00 7.7493036415e+01
1.3219567691e+00 1.2816837315e+00 8.0130935788e+01
1.6005119454e+00 1.4226393629e+00 7.8677269875e+01
1.3924345848e+00 1.3488054608e+00 7.5667285959e+01
1.2649032992e+00 1.2548350398e+00 7.9913848708e+01
1.4293515358e+00 1.3454493743e+00 7.8294365083e+01
1.4125711035e+00 1.3320250284e+00 7.9076391335e+01
1.3957906712e+00 1.3219567691e+00 7.9387792628e+01
1.7347554039e+00 1.4830489192e+00 7.8681119760e+01
1.6542093288e+00 1.4562002275e+00 7.7496783236e+01
1.3320250284e+00 1.2917519909e+00 7.9282706003e+01
1.4025028441e+00 1.3320250284e+00 7.8372310252e+01
1.3890784983e+00 1.3353811149e+00 7.7062961354e+01
1.3689419795e+00 1.3085324232e+00 7.9465716996e+01
1.2481228669e+00 1.2447667804e+00 8.0212858370e+01
1.2850398180e+00 1.2615472127e+00 8.0488153261e+01
1.4595563140e+00 1.3857224118e+00 7.5189337623e+01
1.4964732651e+00 1.3689419795e+00 7.9494802758e+01
1.6676336746e+00 1.4629124005e+00 7.7420350577e+01
1.6240045506e+00 1.4427758817e+00 7.7456568008e+01
1.5468145620e+00 1.3991467577e+00 7.8509211467e+01
1.4125711035e+00 1.3320250284e+00 7.9076391335e+01
1.4796928328e+00 1.3655858931e+00 7.8822578420e+01
1.2011376564e+00 1.2145620023e+00 8.1492200817e+01
1.3588737201e+00 1.3018202503e+00 7.9763153335e+01
1.5065415245e+00 1.3790102389e+00 7.8703648009e+01
1.4494880546e+00 1.3622298066e+00 7.7343169027e+01
1.4897610922e+00 1.3622298066e+00 8.0061848799e+01
1.5803754266e+00 1.4226393629e+00 7.7468776008e+01
1.3286689420e+00 1.2951080774e+00 7.8524698801e+01
1.3756541524e+00 1.3186006826e+00 7.8438734158e+01
1.5098976109e+00 1.3823663254e+00 7.8453567226e+01
1.4931171786e+00 1.3790102389e+00 7.7845484038e+01
1.5803754266e+00 1.4125711035e+00 7.8794659982e+01
1.4327076223e+00 1.3253128555e+00 8.1918397636e+01
1.3051763367e+00 1.2816837315e+00 7.8802720104e+01
1.6777019340e+00 1.4763367463e+00 7.6397759357e+01
1.2246302617e+00 1.2313424346e+00 8.0515491149e+01
1.2816837315e+00 1.2682593857e+00 7.9080263792e+01
1.4830489192e+00 1.3890784983e+00 7.6047907346e+01
1.4864050057e+00 1.3756541524e+00 7.7870929920e+01
1.3689419795e+00 1.3118885097e+00 7.8946884930e+01
1.2850398180e+00 1.2682593857e+00 7.9343932317e+01
1.2447667804e+00 1.2346985210e+00 8.1854711835e+01
1.6474971559e+00 1.4427758817e+00 7.8845863953e+01
1.3857224118e+00 1.3085324232e+00 8.0840548294e+01
1.3488054608e+00 1.2917519909e+00 8.0659616452e+01
1.5401023891e+00 1.3991467577e+00 7.8088525287e+01
1.4092150171e+00 1.3320250284e+00 7.8836923017e+01
1.3186006826e+00 1.3018202503e+00 7.6937999394e+01
1.4796928328e+00 1.3790102389e+00 7.7042028693e+01
1.5937997725e+00 1.4259954494e+00 7.7824193782e+01
1.3924345848e+00 1.3118885097e+00 8.0813993125e+01
1.5166097838e+00 1.3957906712e+00 7.7119804576e+01
1.3823663254e+00 1.3152445961e+00 7.9428385522e+01
1.3320250284e+00 1.3085324232e+00 7.6928284370e+01
1.4025028441e+00 1.3353811149e+00 7.7908838580e+01
1.2649032992e+00 1.2615472127e+00 7.8826696057e+01
1.4025028441e+00 1.3186006826e+00 8.0473394069e+01
1.3085324232e+00 1.2816837315e+00 7.9055826735e+01
1.4226393629e+00 1.3454493743e+00 7.7856310676e+01
1.4394197952e+00 1.3454493743e+00 7.8982871930e+01
1.5031854380e+00 1.3790102389e+00 7.8483321757e+01
1.4629124005e+00 1.3655858931e+00 7.7733681945e+01
1.5333902162e+00 1.4025028441e+00 7.7260587813e+01
1.2783276451e+00 1.2716154721e+00 7.8322416596e+01
1.4293515358e+00 1.3387372014e+00 7.9272856953e+01
1.4931171786e+00 1.3857224118e+00 7.6998259286e+01
1.3890784983e+00 1.3286689420e+00 7.7940383243e+01
1.1910693970e+00 1.2112059158e+00 8.1136625601e+01
1.5468145620e+00 1.3890784983e+00 8.0000541356e+01
1.4931171786e+00 1.3857224118e+00 7.6998259286e+01
1.4595563140e+00 1.3521615472e+00 7.9409244513e+01
1.5535267349e+00 1.3924345848e+00 7.9958127305e+01
1.7213310580e+00 1.4830489192e+00 7.7910317605e+01
1.4562002275e+00 1.3722980660e+00 7.6505201395e+01
1.4763367463e+00 1.3588737201e+00 7.9593290194e+01
1.6340728100e+00 1.4427758817e+00 7.8032926840e+01
1.5736632537e+00 1.4092150171e+00 7.8832977911e+01
1.3823663254e+00 1.3152445961e+00 7.9428385522e+01
1.5870875995e+00 1.4226393629e+00 7.7858722775e+01
1.4998293515e+00 1.3756541524e+00 7.8734226459e+01
1.3521615472e+00 1.3051763367e+00 7.8732463457e+01
1.4763367463e+00 1.3722980660e+00 7.7687941731e+01
1.5770193402e+00 1.4025028441e+00 8.0071104624e+01
1.5098976109e+00 1.3890784983e+00 7.7563806286e+01
1.4796928328e+00 1.3622298066e+00 7.9319234713e+01
1.4092150171e+00 1.3555176337e+00 7.5830834642e+01
1.7213310580e+00 1.4864050057e+00 7.7499540990e+01
1.5031854380e+00 1.3756541524e+00 7.8960224848e+01
1.3286689420e+00 1.2951080774e+00 7.8524698801e+01
1.5434584755e+00 1.4058589306e+00 7.7426768615e+01
1.4562002275e+00 1.3488054608e+00 7.9686198513e+01
1.6005119454e+00 1.4226393629e+00 7.8677269875e+01
1.7750284414e+00 1.5132536974e+00 7.7150923451e+01
1.5669510808e+00 1.4025028441e+00 7.9358612156e+01
1.6340728100e+00 1.4327076223e+00 7.9417460122e+01
1.5401023891e+00 1.3991467577e+00 7.8088525287e+01
1.4595563140e+00 1.3588737201e+00 7.8425792529e+01
1.1340159272e+00 1.1910693970e+00 7.9458483308e+01
1.5098976109e+00 1.3823663254e+00 7.8453567226e+01
1.4763367463e+00 1.3655858931e+00 7.8596770678e+01
1.4159271900e+00 1.3387372014e+00 7.8334725691e+01
1.4562002275e+00 1.3420932878e+00 8.0817270551e+01
1.5535267349e+00 1.4092150171e+00 7.7593136322e+01
1.5535267349e+00 1.3957906712e+00 7.9438548429e+01
1.1239476678e+00 1.1742889647e+00 8.1681826133e+01
1.4931171786e+00 1.3823663254e+00 7.7413866286e+01
1.6273606371e+00 1.4528441411e+00 7.6456843224e+01
1.4159271900e+00 1.3353811149e+00 7.8815961559e+01
1.4494880546e+00 1.3588737201e+00 7.7777051594e+01
1.4494880546e+00 1.3420932878e+00 8.0266627534e+01
1.7146188851e+00 1.4729806598e+00 7.8832333037e+01
1.7548919226e+00 1.5031854380e+00 7.7283150948e+01
1.3555176337e+00 1.3051763367e+00 7.8977173578e+01
1.5233219568e+00 1.3857224118e+00 7.8862578159e+01
1.4931171786e+00 1.3722980660e+00 7.8764249577e+01
1.5132536974e+00 1.3890784983e+00 7.7765904866e+01
1.3051763367e+00 1.2749715586e+00 7.9873567309e+01
1.7045506257e+00 1.4729806598e+00 7.8236560485e+01
1.2716154721e+00 1.2548350398e+00 8.0502641291e+01
1.4763367463e+00 1.3555176337e+00 8.0132679622e+01
1.5266780432e+00 1.3823663254e+00 7.9592798167e+01
1.4025028441e+00 1.3186006826e+00 8.0473394069e+01
1.6944823663e+00 1.4662684869e+00 7.8525611586e+01
1.5333902162e+00 1.3890784983e+00 7.9053547054e+01
1.4763367463e+00 1.3622298066e+00 7.9082610920e+01
1.3857224118e+00 1.3186006826e+00 7.9158170740e+01
1.3186006826e+00 1.2850398180e+00 7.9305001542e+01
1.3588737201e+00 1.3051763367e+00 7.9227264469e+01
1.3286689420e+00 1.2917519909e+00 7.9027505322e+01
1.5098976109e+00 1.3957906712e+00 7.6740171990e+01
1.3219567691e+00 1.2850398180e+00 7.9568862870e+01
1.4595563140e+00 1.3622298066e+00 7.7967009677e+01
1.3655858931e+00 1.3051763367e+00 7.9745172921e+01
1.7381114903e+00 1.4897610922e+00 7.8005411515e+01
1.5468145620e+00 1.3991467577e+00 7.8509211467e+01
1.4629124005e+00 1.3622298066e+00 7.8181986703e+01
1.3823663254e+00 1.3118885097e+00 7.9972263322e+01
1.4931171786e+00 1.3756541524e+00 7.8294895838e+01
1.5635949943e+00 1.4192832765e+00 7.6933214839e+01
1.4696245734e+00 1.3689419795e+00 7.7711102492e+01
1.5401023891e+00 1.4058589306e+00 7.7233315202e+01
1.5468145620e+00 1.4025028441e+00 7.8057043713e+01
1.2917519909e+00 1.2649032992e+00 8.0479196387e+01
1.6508532423e+00 1.4662684869e+00 7.6161672775e+01
1.4998293515e+00 1.3823663254e+00 7.7819490496e+01
1.5535267349e+00 1.3924345848e+00 7.9958127305e+01
1.6407849829e+00 1.4461319681e+00 7.7993666361e+01
1.3957906712e+00 1.3320250284e+00 7.7924966431e+01
1.4394197952e+00 1.3622298066e+00 7.6747513630e+01
1.6374288965e+00 1.4327076223e+00 7.9643543635e+01
1.1407281001e+00 1.1843572241e+00 8.1376247917e+01
1.3454493743e+00 1.2917519909e+00 8.0368878693e+01
1.4562002275e+00 1.3555176337e+00 7.8675657808e+01
1.4562002275e+00 1.3622298066e+00 7.7755668784e+01
1.7381114903e+00 1.4964732651e+00 7.7194817534e+01
1.4562002275e+00 1.3555176337e+00 7.8675657808e+01
1.4327076223e+00 1.3488054608e+00 7.8053404088e+01
1.3353811149e+00 1.2883959044e+00 8.0102267635e+01
1.6038680319e+00 1.4494880546e+00 7.5644035748e+01
1.5434584755e+00 1.4025028441e+00 7.7853224124e+01
1.3353811149e+00 1.2951080774e+00 7.9016239735e+01
1.3454493743e+00 1.2951080774e+00 7.9796429207e+01
1.4729806598e+00 1.3655858931e+00 7.8375205084e+01
1.3924345848e+00 1.3286689420e+00 7.8163147560e+01
1.6777019340e+00 1.4595563140e+00 7.8417368604e+01
1.3722980660e+00 1.3186006826e+00 7.8208358654e+01
1.2447667804e+00 1.2380546075e+00 8.1159200295e+01
1.4931171786e+00 1.3622298066e+00 8.0321697662e+01
1.4092150171e+00 1.3521615472e+00 7.6215069533e+01
1.3991467577e+00 1.3253128555e+00 7.9118807063e+01
1.4125711035e+00 1.3186006826e+00 8.1355539608e+01
1.5065415245e+00 1.3857224118e+00 7.7792960433e+01
1.3655858931e+00 1.2951080774e+00 8.1564540033e+01
1.3689419795e+00 1.3085324232e+00 7.9465716996e+01
1.3957906712e+00 1.3253128555e+00 7.8876644611e+01
1.4931171786e+00 1.3756541524e+00 7.8294895838e+01
1.2447667804e+00 1.2447667804e+00 7.9919048205e+01
1.5434584755e+00 1.3991467577e+00 7.8297044264e+01
1.5937997725e+00 1.4226393629e+00 7.8261111382e+01
1.3588737201e+00 1.3118885097e+00 7.8234687536e+01
1.4494880546e+00 1.3588737201e+00 7.7777051594e+01
1.2749715586e+00 1.2716154721e+00 7.8081573725e+01
1.4461319681e+00 1.3555176337e+00 7.8011464955e+01
1.3420932878e+00 1.3085324232e+00 7.7570676481e+01
1.6072241183e+00 1.4360637088e+00 7.7337803230e+01
1.3689419795e+00 1.3118885097e+00 7.8946884930e+01
1.2682593857e+00 1.2615472127e+00 7.9086508187e+01
1.2313424346e+00 1.2514789534e+00 7.7828217051e+01
1.5703071672e+00 1.4259954494e+00 7.6514447665e+01
1.5065415245e+00 1.3957906712e+00 7.6554198056e+01
1.4259954494e+00 1.3454493743e+00 7.8073399870e+01
1.2816837315e+00 1.2649032992e+00 7.9620086822e+01
1.3454493743e+00 1.3085324232e+00 7.7792003766e+01
1.3353811149e+00 1.2951080774e+00 7.9016239735e+01
1.4662684869e+00 1.3588737201e+00 7.8878530121e+01
1.5031854380e+00 1.3756541524e+00 7.8960224848e+01
1.5434584755e+00 1.3991467577e+00 7.8297044264e+01
1.6374288965e+00 1.4461319681e+00 7.7799904054e+01
1.4259954494e+00 1.3387372014e+00 7.9031041049e+01
1.4259954494e+00 1.3320250284e+00 8.0090171698e+01
1.4159271900e+00 1.3488054608e+00 7.7008190916e+01
1.4058589306e+00 1.3320250284e+00 7.8602327729e+01
1.4360637088e+00 1.3521615472e+00 7.7817958952e+01
1.4897610922e+00 1.3857224118e+00 7.6806756095e+01
1.4226393629e+00 1.3353811149e+00 7.9297320353e+01
1.3689419795e+00 1.3118885097e+00 7.8946884930e+01
1.6374288965e+00 1.4494880546e+00 7.7385074090e+01
1.6642775882e+00 1.4528441411e+00 7.8506221525e+01
1.3454493743e+00 1.3051763367e+00 7.8257846050e+01
1.4964732651e+00 1.3655858931e+00 8.0025526977e+01
1.4696245734e+00 1.3555176337e+00 7.9624899706e+01
1.3454493743e+00 1.2917519909e+00 8.0368878693e+01
1.6911262799e+00 1.4830489192e+00 7.6328446701e+01
1.3387372014e+00 1.2816837315e+00 8.1662286275e+01
1.5904436860e+00 1.4259954494e+00 7.7628953242e+01
1.2649032992e+00 1.2581911263e+00 7.9355154509e+01
1.4494880546e+00 1.3588737201e+00 7.7777051594e+01
1.3790102389e+00 1.3051763367e+00 8.0866208450e+01
1.5904436860e+00 1.4293515358e+00 7.7215662466e+01
1.5333902162e+00 1.3857224118e+00 7.9554972023e+01
1.4528441411e+00 1.3555176337e+00 7.8450163247e+01
1.5166097838e+00 1.3957906712e+00 7.7119804576e+01
1.4226393629e+00 1.3488054608e+00 7.7416270071e+01
1.5132536974e+00 1.3722980660e+00 8.0205275966e+01
1.4159271900e+00 1.3286689420e+00 7.9853602273e+01
1.5367463026e+00 1.3924345848e+00 7.8794885499e+01
1.3756541524e+00 1.3118885097e+00 7.9447466795e+01
1.4293515358e+00 1.3420932878e+00 7.8771907257e+01
1.4360637088e+00 1.3588737201e+00 7.6960353091e+01
1.5568828214e+00 1.4125711035e+00 7.7368630335e+01
1.4327076223e+00 1.3387372014e+00 7.9520083264e+01
1.3555176337e+00 1.3152445961e+00 7.7552239275e+01
1.4058589306e+00 1.3253128555e+00 7.9619542555e+01
1.3756541524e+00 1.3118885097e+00 7.9447466795e+01
1.6038680319e+00 1.4259954494e+00 7.8428903302e+01
1.4025028441e+00 1.3320250284e+00 7.8372310252e+01
1.4729806598e+00 1.3622298066e+00 7.8850858039e+01
1.3488054608e+00 1.3152445961e+00 7.7124397352e+01
1.4696245734e+00 1.3588737201e+00 7.9111723553e+01
1.4259954494e+00 1.3286689420e+00 8.0668501712e+01
1.3991467577e+00 1.3387372014e+00 7.7255699880e+01
1.8253697383e+00 1.5401023891e+00 7.6629806037e+01
1.3991467577e+00 1.3320250284e+00 7.8146603822e+01
1.6307167235e+00 1.4327076223e+00 7.9195973875e+01
1.3353811149e+00 1.2917519909e+00 7.9543946296e+01
1.2984641638e+00 1.2716154721e+00 7.9882938015e+01
1.5367463026e+00 1.3957906712e+00 7.8329343184e+01
1.3488054608e+00 1.3051763367e+00 7.8492790528e+01
1.5266780432e+00 1.3957906712e+00 7.7710260634e+01
1.2145620023e+00 1.2279863481e+00 8.0203579001e+01
1.3219567691e+00 1.2850398180e+00 7.9568862870e+01
1.1273037543e+00 1.1843572241e+00 8.0025526076e+01
1.4830489192e+00 1.3555176337e+00 8.0667326219e+01
1.3051763367e+00 1.2850398180e+00 7.8307253142e+01
1.4025028441e+00 1.3186006826e+00 8.0473394069e+01
1.4562002275e+00 1.3488054608e+00 7.9686198513e+01
1.4226393629e+00 1.3353811149e+00 7.9297320353e+01
1.5870875995e+00 1.4226393629e+00 7.7858722775e+01
1.3790102389e+00 1.3085324232e+00 8.0267860331e+01
1.3420932878e+00 1.3018202503e+00 7.8504271487e+01
1.3353811149e+00 1.2917519909e+00 7.9543946296e+01
1.7448236633e+00 1.5065415245e+00 7.6399657226e+01
1.4729806598e+00 1.3722980660e+00 7.7483386436e+01
1.3890784983e+00 1.3320250284e+00 7.7493036415e+01
1.5837315131e+00 1.4259954494e+00 7.7247089376e+01
1.5736632537e+00 1.4159271900e+00 7.7926556587e+01
1.4058589306e+00 1.3253128555e+00 7.9619542555e+01
1.3051763367e+00 1.2816837315e+00 7.8802720104e+01
1.7011945392e+00 1.4864050057e+00 7.6459387239e+01
1.4528441411e+00 1.3555176337e+00 7.8450163247e+01
1.3588737201e+00 1.3118885097e+00 7.8234687536e+01
1.2615472127e+00 1.2581911263e+00 7.9088086042e+01
1.3219567691e+00 1.2749715586e+00 8.1372997247e+01
1.4327076223e+00 1.3420932878e+00 7.9007301685e+01
1.3387372014e+00 1.2883959044e+00 8.0386252948e+01
1.4964732651e+00 1.3722980660e+00 7.8991684544e+01
1.4192832765e+00 1.3353811149e+00 7.9054075736e+01
1.2816837315e+00 1.2682593857e+00 7.9080263792e+01
1.3387372014e+00 1.2816837315e+00 8.1662286275e+01
1.4092150171e+00 1.3420932878e+00 7.7448992177e+01
1.3722980660e+00 1.3051763367e+00 8.0289888328e+01
1.6877701934e+00 1.4830489192e+00 7.6163365583e+01
1.4058589306e+00 1.3420932878e+00 7.7241351421e+01
1.3991467577e+00 1.3253128555e+00 7.9118807063e+01
1.3488054608e+00 1.2883959044e+00 8.1292262132e+01
1.5703071672e+00 1.4159271900e+00 7.7727662868e+01
1.5468145620e+00 1.4058589306e+00 7.7623120904e+01
1.3454493743e+00 1.2951080774e+00 7.9796429207e+01
1.5434584755e+00 1.4058589306e+00 7.7426768615e+01
1.3286689420e+00 1.2816837315e+00 8.0713766481e+01
1.6407849829e+00 1.4461319681e+00 7.7993666361e+01
1.2649032992e+00 1.2615472127e+00 7.8826696057e+01
1.2414106940e+00 1.2380546075e+00 8.0833130235e+01
1.3387372014e+00 1.2984641638e+00 7.8756924475e+01
1.5870875995e+00 1.4327076223e+00 7.6637034990e+01
1.3655858931e+00 1.3152445961e+00 7.8221912890e+01
1.6072241183e+00 1.4192832765e+00 7.9603571248e+01
1.6139362912e+00 1.4293515358e+00 7.8597089341e+01
1.4025028441e+00 1.3320250284e+00 7.8372310252e+01
1.5031854380e+00 1.3790102389e+00 7.8483321757e+01
1.4159271900e+00 1.3320250284e+00 7.9321060792e+01
1.3488054608e+00 1.3085324232e+00 7.8017259422e+01
1.4192832765e+00 1.3253128555e+00 8.0699228738e+01
1.5568828214e+00 1.4125711035e+00 7.7368630335e+01
1.4662684869e+00 1.3722980660e+00 7.7083606166e+01
1.3152445961e+00 1.2749715586e+00 8.0744685429e+01
1.6038680319e+00 1.4125711035e+00 8.0423200268e+01
1.4192832765e+00 1.3387372014e+00 7.8562274361e+01
1.4192832765e+00 1.3387372014e+00 7.8562274361e+01
1.3890784983e+00 1.3353811149e+00 7.7062961354e+01
1.5367463026e+00 1.4058589306e+00 7.7042630630e+01
1.4092150171e+00 1.3353811149e+00 7.8353871441e+01
1.4729806598e+00 1.3722980660e+00 7.7483386436e+01
1.3454493743e+00 1.3152445961e+00 7.6915505415e+01
1.1239476678e+00 1.1742889647e+00 8.1681826133e+01
1.2850398180e+00 1.2682593857e+00 7.9343932317e+01
1.4897610922e+00 1.3689419795e+00 7.9022577752e+01
1.5132536974e+00 1.3857224118e+00 7.8209564664e+01
1.4796928328e+00 1.3655858931e+00 7.8822578420e+01
1.2615472127e+00 1.2514789534e+00 8.0208074687e+01
1.2615472127e+00 1.2682593857e+00 7.7612057650e+01
1.5367463026e+00 1.3957906712e+00 7.8329343184e+01
1.3924345848e+00 1.3286689420e+00 7.8163147560e+01
1.3756541524e+00 1.3118885097e+00 7.9447466795e+01
1.4293515358e+00 1.3387372014e+00 7.9272856953e+01
1.3722980660e+00 1.3118885097e+00 7.9194363327e+01
1.5703071672e+00 1.4125711035e+00 7.8163216220e+01
1.6240045506e+00 1.4595563140e+00 7.5563769291e+01
1.5199658703e+00 1.3890784983e+00 7.8180060208e+01
1.4729806598e+00 1.3622298066e+00 7.8850858039e+01
1.6340728100e+00 1.4394197952e+00 7.8474148453e+01
1.3957906712e+00 1.3219567691e+00 7.9387792628e+01
1.5937997725e+00 1.4427758817e+00 7.5862367893e+01
1.6340728100e+00 1.4394197952e+00 7.8474148453e+01
1.6240045506e+00 1.4461319681e+00 7.7052730413e+01
1.6038680319e+00 1.4293515358e+00 7.7986313354e+01
1.5266780432e+00 1.3957906712e+00 7.7710260634e+01
1.3823663254e+00 1.3152445961e+00 7.9428385522e+01
1.4394197952e+00 1.3454493743e+00 7.8982871930e+01
1.3823663254e+00 1.3118885097e+00 7.9972263322e+01
1.2112059158e+00 1.2313424346e+00 7.9337071374e+01
1.4696245734e+00 1.3622298066e+00 7.8623678138e+01
1.4159271900e+00 1.3420932878e+00 7.7874498591e+01
1.4662684869e+00 1.3488054608e+00 8.0468528339e+01
1.5031854380e+00 1.3722980660e+00 7.9460803215e+01
1.4461319681e+00 1.3588737201e+00 7.7568052062e+01
1.4092150171e+00 1.3353811149e+00 7.8353871441e+01
1.3521615472e+00 1.3018202503e+00 7.9242442842e+01
1.4662684869e+00 1.3521615472e+00 7.9908360935e+01
1.4864050057e+00 1.3722980660e+00 7.8322239603e+01
1.4796928328e+00 1.3689419795e+00 7.8349013416e+01
1.5199658703e+00 1.3823663254e+00 7.9123219738e+01
1.4092150171e+00 1.3353811149e+00 7.8353871441e+01
1.3253128555e+00 1.3018202503e+00 7.7366443950e+01
1.3857224118e+00 1.3152445961e+00 7.9686061849e+01
1.5199658703e+00 1.3857224118e+00 7.8640875517e+01
1.5770193402e+00 1.4226393629e+00 7.7278108897e+01
1.5803754266e+00 1.4327076223e+00 7.6284071733e+01
1.4796928328e+00 1.3655858931e+00 7.8822578420e+01
1.4796928328e+00 1.3655858931e+00 7.8822578420e+01
1.2414106940e+00 1.2447667804e+00 7.9633351752e+01
1.4293515358e+00 1.3454493743e+00 7.8294365083e+01
1.3320250284e+00 1.2883959044e+00 7.9826013277e+01
1.4092150171e+00 1.3353811149e+00 7.8353871441e+01
1.3286689420e+00 1.2917519909e+00 7.9027505322e+01
1.3454493743e+00 1.2984641638e+00 7.9256752757e+01
1.5401023891e+00 1.3991467577e+00 7.8088525287e+01
1.2649032992e+00 1.2481228669e+00 8.1145201289e+01
1.4092150171e+00 1.3387372014e+00 7.7892011916e+01
1.3420932878e+00 1.2917519909e+00 8.0086467855e+01
1.2850398180e+00 1.2682593857e+00 7.9343932317e+01
1.5166097838e+00 1.3890784983e+00 7.7971266082e+01
1.4125711035e+00 1.3320250284e+00 7.9076391335e+01
1.5669510808e+00 1.4025028441e+00 7.9358612156e+01
1.4830489192e+00 1.3622298066e+00 7.9561060914e+01
1.4226393629e+00 1.3353811149e+00 7.9297320353e+01
1.1642207053e+00 1.2078498294e+00 7.9259482948e+01
1.4159271900e+00 1.3387372014e+00 7.8334725691e+01
1.4830489192e+00 1.3555176337e+00 8.0667326219e+01
1.6676336746e+00 1.4562002275e+00 7.8262786257e+01
1.3991467577e+00 1.3186006826e+00 8.0196597774e+01
1.4662684869e+00 1.3655858931e+00 7.7943868320e+01
1.5602389078e+00 1.4192832765e+00 7.6749285940e+01
1.4327076223e+00 1.3387372014e+00 7.9520083264e+01
1.4562002275e+00 1.3488054608e+00 7.9686198513e+01
1.5266780432e+00 1.3790102389e+00 8.0124908963e+01
1.4025028441e+00 1.3286689420e+00 7.8857155397e+01
1.4696245734e+00 1.3622298066e+00 7.8623678138e+01
1.5166097838e+00 1.3857224118e+00 7.8423280228e+01
1.4092150171e+00 1.3353811149e+00 7.8353871441e+01
1.6105802048e+00 1.4360637088e+00 7.7526646477e+01
1.2514789534e+00 1.2514789534e+00 7.9357327526e+01
1.3588737201e+00 1.2951080774e+00 8.0937612103e+01
1.3823663254e+00 1.3286689420e+00 7.7506328338e+01
1.5367463026e+00 1.3924345848e+00 7.8794885499e+01
1.4897610922e+00 1.3722980660e+00 7.8541184820e+01
1.4763367463e+00 1.3622298066e+00 7.9082610920e+01
1.4058589306e+00 1.3420932878e+00 7.7241351421e+01
1.2951080774e+00 1.2749715586e+00 7.9069997734e+01
1.7280432309e+00 1.4931171786e+00 7.7062572812e+01
1.6340728100e+00 1.4427758817e+00 7.8032926840e+01
1.4494880546e+00 1.3488054608e+00 7.9195278133e+01
1.4159271900e+00 1.3387372014e+00 7.8334725691e+01
1.5199658703e+00 1.3857224118e+00 7.8640875517e+01
1.4864050057e+00 1.3555176337e+00 8.0946203214e+01
1.2145620023e+00 1.2346985210e+00 7.9068975569e+01
1.4025028441e+00 1.3219567691e+00 7.9903474071e+01
1.5065415245e+00 1.3957906712e+00 7.6554198056e+01
1.6240045506e+00 1.4226393629e+00 8.0268286699e+01
1.5031854380e+00 1.3823663254e+00 7.8027252334e+01
1.7112627986e+00 1.4931171786e+00 7.6222387656e+01
1.3991467577e+00 1.3219567691e+00 7.9642511518e+01
1.4092150171e+00 1.3253128555e+00 7.9878928091e+01
1.5098976109e+00 1.3890784983e+00 7.7563806286e+01
1.4427758817e+00 1.3555176337e+00 7.7797818856e+01
1.2548350398e+00 1.2414106940e+00 8.1492617926e+01
1.4696245734e+00 1.3689419795e+00 7.7711102492e+01
1.5065415245e+00 1.3790102389e+00 7.8703648009e+01
1.3924345848e+00 1.3286689420e+00 7.8163147560e+01
1.3454493743e+00 1.2984641638e+00 7.9256752757e+01
1.5098976109e+00 1.3857224118e+00 7.7999521325e+01
1.3253128555e+00 1.2917519909e+00 7.8777931890e+01
1.3219567691e+00 1.2816837315e+00 8.0130935788e+01
1.4092150171e+00 1.3320250284e+00 7.8836923017e+01
1.4025028441e+00 1.3387372014e+00 7.7464356839e+01
1.7683162685e+00 1.5132536974e+00 7.6813336191e+01
1.2917519909e+00 1.2581911263e+00 8.1789789290e+01
1.6005119454e+00 1.4259954494e+00 7.8224007383e+01
1.7548919226e+00 1.5031854380e+00 7.7283150948e+01
1.5233219568e+00 1.3924345848e+00 7.7942497777e+01
1.3857224118e+00 1.3286689420e+00 7.7721511785e+01
1.4729806598e+00 1.3722980660e+00 7.7483386436e+01
1.4964732651e+00 1.3622298066e+00 8.0588542078e+01
1.4629124005e+00 1.3521615472e+00 7.9655874271e+01
1.3555176337e+00 1.3051763367e+00 7.8977173578e+01
1.2279863481e+00 1.2447667804e+00 7.8559791112e+01
1.5568828214e+00 1.3924345848e+00 8.0206865145e+01
1.3890784983e+00 1.3320250284e+00 7.7493036415e+01
1.4025028441e+00 1.3253128555e+00 7.9366312224e+01
1.6038680319e+00 1.4327076223e+00 7.7561132676e+01
1.2984641638e+00 1.2682593857e+00 8.0469122125e+01
1.2481228669e+00 1.2447667804e+00 8.0212858370e+01
1.4092150171e+00 1.3420932878e+00 7.7448992177e+01
1.5367463026e+00 1.3924345848e+00 7.8794885499e+01
1.3454493743e+00 1.2984641638e+00 7.9256752757e+01
1.6206484642e+00 1.4360637088e+00 7.8110431941e+01
1.4528441411e+00 1.3488054608e+00 7.9437967086e+01
1.2246302617e+00 1.2414106940e+00 7.8814025654e+01
1.5132536974e+00 1.3756541524e+00 7.9666894728e+01
1.3924345848e+00 1.3353811149e+00 7.7269372453e+01
1.5635949943e+00 1.4192832765e+00 7.6933214839e+01
1.5031854380e+00 1.3924345848e+00 7.6762878640e+01
1.5468145620e+00 1.4125711035e+00 7.6802843604e+01
1.5065415245e+00 1.3655858931e+00 8.0820514172e+01
1.4696245734e+00 1.3655858931e+00 7.8157643294e+01
1.3051763367e+00 1.2850398180e+00 7.8307253142e+01
1.4293515358e+00 1.3555176337e+00 7.6976921606e+01
1.4025028441e+00 1.3219567691e+00 7.9903474071e+01
1.4125711035e+00 1.3286689420e+00 7.9595799292e+01
1.4025028441e+00 1.3353811149e+00 7.7908838580e+01
1.5468145620e+00 1.3991467577e+00 7.8509211467e+01
1.3454493743e+00 1.3018202503e+00 7.8745118609e+01
1.6575654152e+00 1.4562002275e+00 7.7683985154e+01
1.4159271900e+00 1.3320250284e+00 7.9321060792e+01
1.3689419795e+00 1.3118885097e+00 7.8946884930e+01
1.3320250284e+00 1.2951080774e+00 7.8767866946e+01
1.3957906712e+00 1.3353811149e+00 7.7479042073e+01
1.5166097838e+00 1.3790102389e+00 7.9391134947e+01
1.5937997725e+00 1.4293515358e+00 7.7404078583e+01
1.3991467577e+00 1.3253128555e+00 7.9118807063e+01
1.3622298066e+00 1.3018202503e+00 8.0033418254e+01
1.4629124005e+00 1.3689419795e+00 7.7302966730e+01
1.5736632537e+00 1.4092150171e+00 7.8832977911e+01
1.4327076223e+00 1.3420932878e+00 7.9007301685e+01
1.5166097838e+00 1.3890784983e+00 7.7971266082e+01
1.6407849829e+00 1.4461319681e+00 7.7993666361e+01
1.3051763367e+00 1.2716154721e+00 8.0457948991e+01
1.6172923777e+00 1.4259954494e+00 7.9286240633e+01
1.4025028441e+00 1.3186006826e+00 8.0473394069e+01
1.4528441411e+00 1.3488054608e+00 7.9437967086e+01
1.4595563140e+00 1.3655858931e+00 7.7526902526e+01
1.5300341297e+00 1.3890784983e+00 7.8828982928e+01
1.4394197952e+00 1.3488054608e+00 7.8496995076e+01
1.3655858931e+00 1.3118885097e+00 7.8704661572e+01
1.6072241183e+00 1.4327076223e+00 7.7753960556e+01
1.4629124005e+00 1.3521615472e+00 7.9655874271e+01
1.5166097838e+00 1.3991467577e+00 7.6716966055e+01
1.2951080774e+00 1.2716154721e+00 7.9607061206e+01
1.5065415245e+00 1.3722980660e+00 7.9703136585e+01
1.6240045506e+00 1.4494880546e+00 7.6662635245e+01
1.7515358362e+00 1.4964732651e+00 7.7911549351e+01
1.4696245734e+00 1.3588737201e+00 7.9111723553e+01
1.4696245734e+00 1.3655858931e+00 7.8157643294e+01
1.3890784983e+00 1.3253128555e+00 7.8407014827e+01
1.2447667804e+00 1.2682593857e+00 7.6505802085e+01
1.3890784983e+00 1.3320250284e+00 7.7493036415e+01
1.2917519909e+00 1.2581911263e+00 8.1789789290e+01
1.5669510808e+00 1.4058589306e+00 7.8870870894e+01
1.4964732651e+00 1.3722980660e+00 7.8991684544e+01
1.6340728100e+00 1.4461319681e+00 7.7609057428e+01
1.4226393629e+00 1.3521615472e+00 7.6992871057e+01
1.5199658703e+00 1.3890784983e+00 7.8180060208e+01
1.3991467577e+00 1.3219567691e+00 7.9642511518e+01
1.3152445961e+00 1.2883959044e+00 7.8541655929e+01
1.2850398180e+00 1.2682593857e+00 7.9343932317e+01
1.5401023891e+00 1.3823663254e+00 8.0600048666e+01
1.4226393629e+00 1.3387372014e+00 7.8794285012e+01
1.2212741752e+00 1.2246302617e+00 8.1503144767e+01
1.5233219568e+00 1.3823663254e+00 7.9355494278e+01
1.3655858931e+00 1.3118885097e+00 7.8704661572e+01
1.4830489192e+00 1.3655858931e+00 7.9052891069e+01
1.4293515358e+00 1.3387372014e+00 7.9272856953e+01
1.3286689420e+00 1.2917519909e+00 7.9027505322e+01
1.2313424346e+00 1.2380546075e+00 7.9916684553e+01
1.3924345848e+00 1.3152445961e+00 8.0221196836e+01
1.5132536974e+00 1.3890784983e+00 7.7765904866e+01
1.5199658703e+00 1.3890784983e+00 7.8180060208e+01
1.5434584755e+00 1.3924345848e+00 7.9245509890e+01
1.5937997725e+00 1.4226393629e+00 7.8261111382e+01
1.5031854380e+00 1.3722980660e+00 7.9460803215e+01
1.3722980660e+00 1.3286689420e+00 7.6881104284e+01
1.4595563140e+00 1.3488054608e+00 7.9940382990e+01
1.5535267349e+00 1.3957906712e+00 7.9438548429e+01
1.4259954494e+00 1.3320250284e+00 8.0090171698e+01
1.1675767918e+00 1.2078498294e+00 7.9548159230e+01
1.2984641638e+00 1.2615472127e+00 8.1775213404e+01
1.5971558589e+00 1.4226393629e+00 7.8467377281e+01
1.4528441411e+00 1.3655858931e+00 7.7122909869e+01
1.3286689420e+00 1.2883959044e+00 7.9556875989e+01
1.4897610922e+00 1.3857224118e+00 7.6806756095e+01
1.3320250284e+00 1.3051763367e+00 7.7360152329e+01
1.6005119454e+00 1.4192832765e+00 7.9151391211e+01
1.3018202503e+00 1.2581911263e+00 8.2910415489e+01
1.4125711035e+00 1.3320250284e+00 7.9076391335e+01
1.6005119454e+00 1.4293515358e+00 7.7789269832e+01
1.4830489192e+00 1.3655858931e+00 7.9052891069e+01
1.2179180887e+00 1.2414106940e+00 7.8299707555e+01
1.5199658703e+00 1.3857224118e+00 7.8640875517e+01
1.3588737201e+00 1.3018202503e+00 7.9763153335e+01
1.2212741752e+00 1.2414106940e+00 7.8554074336e+01
1.5468145620e+00 1.4092150171e+00 7.7205575845e+01
1.5837315131e+00 1.4192832765e+00 7.8093674783e+01
1.4662684869e+00 1.3521615472e+00 7.9908360935e+01
1.4528441411e+00 1.3454493743e+00 7.9971739068e+01
1.6777019340e+00 1.4763367463e+00 7.6397759357e+01
1.5166097838e+00 1.3857224118e+00 7.8423280228e+01
1.4931171786e+00 1.3722980660e+00 7.8764249577e+01
1.3756541524e+00 1.3085324232e+00 7.9993519675e+01
1.5367463026e+00 1.3957906712e+00 7.8329343184e+01
1.5031854380e+00 1.3790102389e+00 7.8483321757e+01
1.6206484642e+00 1.4360637088e+00 7.8110431941e+01
1.5401023891e+00 1.4058589306e+00 7.7233315202e+01
1.4259954494e+00 1.3353811149e+00 7.9546053824e+01
1.4159271900e+00 1.3253128555e+00 8.0418177237e+01
1.4931171786e+00 1.3722980660e+00 7.8764249577e+01
1.6978384528e+00 1.4562002275e+00 8.0194675036e+01
1.4696245734e+00 1.3689419795e+00 7.7711102492e+01
1.1742889647e+00 1.2112059158e+00 7.9562142385e+01
1.4729806598e+00 1.3622298066e+00 7.8850858039e+01
1.6642775882e+00 1.4461319681e+00 7.9445442913e+01
1.3152445961e+00 1.2850398180e+00 7.9047313545e+01
1.4494880546e+00 1.3454493743e+00 7.9715856859e+01
1.3957906712e+00 1.3219567691e+00 7.9387792628e+01
1.4293515358e+00 1.3420932878e+00 7.8771907257e+01
1.1843572241e+00 1.2112059158e+00 8.0476290705e+01
1.5468145620e+00 1.4025028441e+00 7.8057043713e+01
1.3991467577e+00 1.3253128555e+00 7.9118807063e+01
1.3991467577e+00 1.3286689420e+00 7.8621274380e+01
1.5602389078e+00 1.3991467577e+00 7.9398803631e+01
1.4696245734e+00 1.3790102389e+00 7.6469443033e+01
1.3823663254e+00 1.3152445961e+00 7.9428385522e+01
1.2749715586e+00 1.2649032992e+00 7.9083895958e+01
1.3253128555e+00 1.2850398180e+00 7.9839378819e+01
1.5870875995e+00 1.4159271900e+00 7.8755928545e+01
1.1709328783e+00 1.2078498294e+00 7.9844802942e+01
1.2380546075e+00 1.2414106940e+00 7.9918459901e+01
1.3219567691e+00 1.2816837315e+00 8.0130935788e+01
1.5401023891e+00 1.3957906712e+00 7.8542862357e+01
1.5468145620e+00 1.3991467577e+00 7.8509211467e+01
1.4226393629e+00 1.3353811149e+00 7.9297320353e+01
1.4796928328e+00 1.3823663254e+00 7.6638053631e+01
1.3689419795e+00 1.3085324232e+00 7.9465716996e+01
1.5736632537e+00 1.4226393629e+00 7.7090142154e+01
1.4830489192e+00 1.3689419795e+00 7.8569268666e+01
1.4562002275e+00 1.3488054608e+00 7.9686198513e+01
1.6374288965e+00 1.4461319681e+00 7.7799904054e+01
1.4192832765e+00 1.3353811149e+00 7.9054075736e+01
1.1977815700e+00 1.2179180887e+00 8.0494746673e+01
1.3924345848e+00 1.3219567691e+00 7.9138877814e+01
1.4830489192e+00 1.3655858931e+00 7.9052891069e+01
1.4494880546e+00 1.3454493743e+00 7.9715856859e+01
1.3890784983e+00 1.3253128555e+00 7.8407014827e+01
1.3420932878e+00 1.2984641638e+00 7.9004086120e+01
1.6374288965e+00 1.4562002275e+00 7.6598390834e+01
1.3353811149e+00 1.2917519909e+00 7.9543946296e+01
1.1810011377e+00 1.2145620023e+00 7.9574837299e+01
1.5367463026e+00 1.3957906712e+00 7.8329343184e+01
1.4058589306e+00 1.3353811149e+00 7.8129344608e+01
1.5367463026e+00 1.3957906712e+00 7.8329343184e+01
1.5803754266e+00 1.4259954494e+00 7.7060211388e+01
1.2917519909e+00 1.2615472127e+00 8.1108832581e+01
1.6005119454e+00 1.4259954494e+00 7.8224007383e+01
1.3622298066e+00 1.3186006826e+00 7.7541873444e+01
1.5300341297e+00 1.3890784983e+00 7.8828982928e+01
1.4696245734e+00 1.3622298066e+00 7.8623678138e+01
1.4025028441e+00 1.3320250284e+00 7.8372310252e+01
1.2481228669e+00 1.2481228669e+00 7.9633920454e+01
1.6575654152e+00 1.4528441411e+00 7.8108365264e+01
1.7179749716e+00 1.4796928328e+00 7.8144738924e+01
1.4897610922e+00 1.3689419795e+00 7.9022577752e+01
1.5803754266e+00 1.4192832765e+00 7.7892847024e+01
1.4092150171e+00 1.3286689420e+00 7.9344063161e+01
1.1675767918e+00 1.2044937429e+00 8.0136531708e+01
1.4998293515e+00 1.3890784983e+00 7.6975577758e+01
1.6340728100e+00 1.4494880546e+00 7.7200806229e+01
1.5937997725e+00 1.4327076223e+00 7.6999126730e+01
1.6676336746e+00 1.4662684869e+00 7.7021927633e+01
1.5434584755e+00 1.4058589306e+00 7.7426768615e+01
1.8052332196e+00 1.5300341297e+00 7.6762731142e+01
1.6978384528e+00 1.4662684869e+00 7.8727127487e+01
1.4528441411e+00 1.3521615472e+00 7.8931997742e+01
1.5434584755e+00 1.4092150171e+00 7.7015956060e+01
1.4327076223e+00 1.3454493743e+00 7.8519430377e+01
1.1507963595e+00 1.1977815700e+00 7.9797373649e+01
1.5233219568e+00 1.3991467577e+00 7.7094564507e+01
1.5434584755e+00 1.4058589306e+00 7.7426768615e+01
1.4662684869e+00 1.3555176337e+00 7.9379871763e+01
1.3353811149e+00 1.3018202503e+00 7.8036632368e+01
1.7280432309e+00 1.4964732651e+00 7.6681549937e+01
1.4025028441e+00 1.3387372014e+00 7.7464356839e+01
1.3991467577e+00 1.3253128555e+00 7.9118807063e+01
1.4662684869e+00 1.3555176337e+00 7.9379871763e+01
1.5837315131e+00 1.4259954494e+00 7.7247089376e+01
1.4226393629e+00 1.3320250284e+00 7.9827513377e+01
1.3118885097e+00 1.2917519909e+00 7.7829096521e+01
1.3454493743e+00 1.2917519909e+00 8.0368878693e+01
1.3118885097e+00 1.2783276451e+00 7.9863172672e+01
1.4796928328e+00 1.3622298066e+00 7.9319234713e+01
1.6105802048e+00 1.4192832765e+00 7.9836985564e+01
1.5468145620e+00 1.3924345848e+00 7.9477833596e+01
1.6038680319e+00 1.4259954494e+00 7.8428903302e+01
1.6105802048e+00 1.4226393629e+00 7.9330868684e+01
1.3689419795e+00 1.3085324232e+00 7.9465716996e+01
1.6273606371e+00 1.4528441411e+00 7.6456843224e+01
1.3555176337e+00 1.3018202503e+00 7.9499660855e+01
1.3890784983e+00 1.3219567691e+00 7.8895376479e+01
1.6676336746e+00 1.4696245734e+00 7.6636859345e+01
1.4327076223e+00 1.3420932878e+00 7.9007301685e+01
1.4394197952e+00 1.3488054608e+00 7.8496995076e+01
1.4830489192e+00 1.3588737201e+00 8.0097571749e+01
1.4360637088e+00 1.3454493743e+00 7.8748842065e+01
1.6005119454e+00 1.4259954494e+00 7.8224007383e+01
1.7616040956e+00 1.5031854380e+00 7.7636571500e+01
1.4629124005e+00 1.3622298066e+00 7.8181986703e+01
1.2951080774e+00 1.2682593857e+00 8.0176050170e+01
1.2615472127e+00 1.2581911263e+00 7.9088086042e+01
1.3085324232e+00 1.2783276451e+00 7.9589943950e+01
1.5803754266e+00 1.4125711035e+00 7.8794659982e+01
1.1373720137e+00 1.1944254835e+00 7.9187422606e+01
1.2313424346e+00 1.2346985210e+00 8.0517401542e+01
1.6307167235e+00 1.4394197952e+00 7.8271335948e+01
1.2850398180e+00 1.2649032992e+00 7.9898540694e+01
1.3387372014e+00 1.2850398180e+00 8.1000211429e+01
1.4293515358e+00 1.3454493743e+00 7.8294365083e+01
1.3722980660e+00 1.3051763367e+00 8.0289888328e+01
1.4897610922e+00 1.3756541524e+00 7.8081096272e+01
1.4025028441e+00 1.3253128555e+00 7.9366312224e+01
1.6340728100e+00 1.4461319681e+00 7.7609057428e+01
1.2951080774e+00 1.2682593857e+00 8.0176050170e+01
1.6676336746e+00 1.4629124005e+00 7.7420350577e+01
1.4092150171e+00 1.3320250284e+00 7.8836923017e+01
1.6172923777e+00 1.4259954494e+00 7.9286240633e+01
1.6642775882e+00 1.4494880546e+00 7.8964909704e+01
1.5971558589e+00 1.4226393629e+00 7.8467377281e+01
1.6743458476e+00 1.4562002275e+00 7.8664453647e+01
1.5770193402e+00 1.4259954494e+00 7.6875881302e+01
1.3588737201e+00 1.3018202503e+00 7.9763153335e+01
1.4025028441e+00 1.3353811149e+00 7.7908838580e+01
1.4259954494e+00 1.3454493743e+00 7.8073399870e+01
1.3857224118e+00 1.3253128555e+00 7.8178963131e+01
1.2414106940e+00 1.2414106940e+00 8.0213462557e+01
1.4562002275e+00 1.3555176337e+00 7.8675657808e+01
1.5971558589e+00 1.4427758817e+00 7.6030925871e+01
1.4360637088e+00 1.3588737201e+00 7.6960353091e+01
1.3051763367e+00 1.2682593857e+00 8.1083429395e+01
1.3488054608e+00 1.2951080774e+00 8.0069714574e+01
1.2816837315e+00 1.2615472127e+00 8.0192213913e+01
1.6709897611e+00 1.4494880546e+00 7.9395269621e+01
1.5367463026e+00 1.3857224118e+00 7.9795894675e+01
1.7481797497e+00 1.4931171786e+00 7.8145572939e+01
1.5333902162e+00 1.3924345848e+00 7.8576031214e+01
1.2749715586e+00 1.2581911263e+00 8.0198636115e+01
1.4192832765e+00 1.3387372014e+00 7.8562274361e+01
1.5937997725e+00 1.4360637088e+00 7.6607952915e+01
1.2346985210e+00 1.2313424346e+00 8.1503151291e+01
1.7347554039e+00 1.4830489192e+00 7.8681119760e+01
1.4662684869e+00 1.3655858931e+00 7.7943868320e+01
1.4830489192e+00 1.3622298066e+00 7.9561060914e+01
1.4897610922e+00 1.3823663254e+00 7.7215689401e+01
1.6206484642e+00 1.4226393629e+00 8.0025888898e+01
1.6172923777e+00 1.4427758817e+00 7.7086060638e+01
1.3790102389e+00 1.3118885097e+00 7.9706610590e+01
1.5233219568e+00 1.3890784983e+00 7.8392472719e+01
1.4159271900e+00 1.3286689420e+00 7.9853602273e+01
1.3488054608e+00 1.3118885097e+00 7.7561844229e+01
1.4931171786e+00 1.3722980660e+00 7.8764249577e+01
1.5199658703e+00 1.3957906712e+00 7.7313693593e+01
1.5065415245e+00 1.3924345848e+00 7.6952378230e+01
1.3555176337e+00 1.3051763367e+00 7.8977173578e+01
1.4427758817e+00 1.3488054608e+00 7.8725103092e+01
1.2649032992e+00 1.2514789534e+00 8.0508135983e+01
1.4226393629e+00 1.3286689420e+00 8.0389374268e+01
1.5635949943e+00 1.4058589306e+00 7.8653717030e+01
1.6441410694e+00 1.4595563140e+00 7.6565755991e+01
1.3018202503e+00 1.2682593857e+00 8.0771274052e+01
1.4025028441e+00 1.3286689420e+00 7.8857155397e+01
1.3957906712e+00 1.3186006826e+00 7.9927223311e+01
1.4461319681e+00 1.3622298066e+00 7.7141683074e+01
1.4562002275e+00 1.3689419795e+00 7.6907037312e+01
1.3622298066e+00 1.3186006826e+00 7.7541873444e+01
1.5031854380e+00 1.3790102389e+00 7.8483321757e+01
1.5031854380e+00 1.3790102389e+00 7.8483321757e+01
1.3420932878e+00 1.3085324232e+00 7.7570676481e+01
1.7817406143e+00 1.5266780432e+00 7.6007522479e+01
1.3991467577e+00 1.3286689420e+00 7.8621274380e+01
1.4494880546e+00 1.3488054608e+00 7.9195278133e+01
1.5199658703e+00 1.3823663254e+00 7.9123219738e+01
1.6474971559e+00 1.4427758817e+00 7.8845863953e+01
1.3857224118e+00 1.3253128555e+00 7.8178963131e+01
1.7616040956e+00 1.5065415245e+00 7.7239261552e+01
1.3655858931e+00 1.3219567691e+00 7.7317079936e+01
1.5166097838e+00 1.3857224118e+00 7.8423280228e+01
1.5367463026e+00 1.3991467577e+00 7.7883465976e+01
1.3588737201e+00 1.3018202503e+00 7.9763153335e+01
1.6172923777e+00 1.4327076223e+00 7.8350833738e+01
1.5870875995e+00 1.4192832765e+00 7.8297821289e+01
1.6374288965e+00 1.4461319681e+00 7.7799904054e+01
1.6978384528e+00 1.5098976109e+00 7.3967261333e+01
1.4629124005e+00 1.3722980660e+00 7.6888096287e+01
1.3286689420e+00 1.2917519909e+00 7.9027505322e+01
1.4327076223e+00 1.3521615472e+00 7.7606745797e+01
1.5736632537e+00 1.4025028441e+00 7.9828210428e+01
1.7616040956e+00 1.4964732651e+00 7.8477160314e+01
1.2078498294e+00 1.2346985210e+00 7.8539383469e+01
1.3085324232e+00 1.2816837315e+00 7.9055826735e+01
1.4058589306e+00 1.3286689420e+00 7.9097973323e+01
1.2414106940e+00 1.2414106940e+00 8.0213462557e+01
1.2917519909e+00 1.2749715586e+00 7.8814598654e+01
1.3253128555e+00 1.2917519909e+00 7.8777931890e+01
1.6743458476e+00 1.4763367463e+00 7.6230761296e+01
1.3790102389e+00 1.3118885097e+00 7.9706610590e+01
1.4662684869e+00 1.3555176337e+00 7.9379871763e+01
1.2145620023e+00 1.2279863481e+00 8.0203579001e+01
1.3722980660e+00 1.3286689420e+00 7.6881104284e+01
1.5870875995e+00 1.4192832765e+00 7.8297821289e+01
1.4998293515e+00 1.3790102389e+00 7.8266994175e+01
1.6340728100e+00 1.4394197952e+00 7.8474148453e+01
1.4528441411e+00 1.3555176337e+00 7.8450163247e+01
1.2649032992e+00 1.2649032992e+00 7.8324351144e+01
1.3555176337e+00 1.2951080774e+00 8.0639573499e+01
1.3521615472e+00 1.3118885097e+00 7.7782162272e+01
1.3790102389e+00 1.3253128555e+00 7.7735127226e+01
1.4427758817e+00 1.3387372014e+00 8.0298408293e+01
1.4025028441e+00 1.3219567691e+00 7.9903474071e+01
1.4830489192e+00 1.3588737201e+00 8.0097571749e+01
1.1977815700e+00 1.2145620023e+00 8.1144425365e+01
1.4629124005e+00 1.3521615472e+00 7.9655874271e+01
1.5635949943e+00 1.4125711035e+00 7.7759721621e+01
1.5065415245e+00 1.3790102389e+00 7.8703648009e+01
1.6340728100e+00 1.4528441411e+00 7.6806713755e+01
1.3488054608e+00 1.2984641638e+00 7.9515322697e+01
1.5703071672e+00 1.4025028441e+00 7.9590836148e+01
1.6072241183e+00 1.4494880546e+00 7.5808974953e+01
1.6005119454e+00 1.4226393629e+00 7.8677269875e+01
1.4595563140e+00 1.3521615472e+00 7.9409244513e+01
1.4864050057e+00 1.3790102389e+00 7.7437591440e+01
1.3152445961e+00 1.2850398180e+00 7.9047313545e+01
1.5635949943e+00 1.4092150171e+00 7.8197346124e+01
1.5132536974e+00 1.3957906712e+00 7.6928670484e+01
1.4226393629e+00 1.3353811149e+00 7.9297320353e+01
1.1340159272e+00 1.1910693970e+00 7.9458483308e+01
1.3085324232e+00 1.2783276451e+00 7.9589943950e+01
1.4494880546e+00 1.3454493743e+00 7.9715856859e+01
1.3018202503e+00 1.2716154721e+00 8.0166343545e+01
1.4897610922e+00 1.3655858931e+00 7.9528226846e+01
1.3857224118e+00 1.3118885097e+00 8.0244957075e+01
1.2044937429e+00 1.2313424346e+00 7.8793028664e+01
1.6474971559e+00 1.4427758817e+00 7.8845863953e+01
1.3118885097e+00 1.2816837315e+00 7.9314739283e+01
1.5904436860e+00 1.4293515358e+00 7.7215662466e+01
1.2615472127e+00 1.2615472127e+00 7.8572604951e+01
1.4394197952e+00 1.3488054608e+00 7.8496995076e+01
1.4964732651e+00 1.3655858931e+00 8.0025526977e+01
1.6978384528e+00 1.4696245734e+00 7.8282129075e+01
1.6105802048e+00 1.4327076223e+00 7.7949753196e+01
1.3756541524e+00 1.3118885097e+00 7.9447466795e+01
1.2783276451e+00 1.2682593857e+00 7.8822628029e+01
1.4897610922e+00 1.3722980660e+00 7.8541184820e+01
1.4125711035e+00 1.3286689420e+00 7.9595799292e+01
1.3387372014e+00 1.2951080774e+00 7.9270178919e+01
1.4629124005e+00 1.3655858931e+00 7.7733681945e+01
1.4360637088e+00 1.3420932878e+00 7.9247685577e+01
1.2179180887e+00 1.2380546075e+00 7.8808143708e+01
1.1810011377e+00 1.2078498294e+00 8.0790342850e+01
1.4192832765e+00 1.3454493743e+00 7.7642892977e+01
1.5870875995e+00 1.4192832765e+00 7.8297821289e+01
1.4125711035e+00 1.3387372014e+00 7.8111382536e+01
1.5703071672e+00 1.4125711035e+00 7.8163216220e+01
1.2883959044e+00 1.2581911263e+00 8.1448332611e+01
1.4025028441e+00 1.3320250284e+00 7.8372310252e+01
1.3790102389e+00 1.3152445961e+00 7.9176670914e+01
1.4494880546e+00 1.3488054608e+00 7.9195278133e+01
1.3957906712e+00 1.3219567691e+00 7.9387792628e+01
1.3622298066e+00 1.3085324232e+00 7.8962443963e+01
1.4461319681e+00 1.3488054608e+00 7.8957765940e+01
1.4058589306e+00 1.3253128555e+00 7.9619542555e+01
1.6642775882e+00 1.4629124005e+00 7.7238114285e+01
1.3790102389e+00 1.3186006826e+00 7.8673630960e+01
1.5635949943e+00 1.4293515358e+00 7.5794302922e+01
1.4159271900e+00 1.3353811149e+00 7.8815961559e+01
1.4864050057e+00 1.3722980660e+00 7.8322239603e+01
1.4259954494e+00 1.3353811149e+00 7.9546053824e+01
1.7045506257e+00 1.4796928328e+00 7.7403135876e+01
1.4897610922e+00 1.3689419795e+00 7.9022577752e+01
1.5803754266e+00 1.4125711035e+00 7.8794659982e+01
1.4696245734e+00 1.3689419795e+00 7.7711102492e+01
1.3118885097e+00 1.2816837315e+00 7.9314739283e+01
1.6676336746e+00 1.4595563140e+00 7.7833450111e+01
1.4092150171e+00 1.3353811149e+00 7.8353871441e+01
1.5568828214e+00 1.4058589306e+00 7.8231034671e+01
1.6105802048e+00 1.4394197952e+00 7.7119027580e+01
1.5535267349e+00 1.4159271900e+00 7.6776286122e+01
1.4830489192e+00 1.3689419795e+00 7.8569268666e+01
1.4931171786e+00 1.3790102389e+00 7.7845484038e+01
1.4964732651e+00 1.3756541524e+00 7.8512531710e+01
1.5166097838e+00 1.3823663254e+00 7.8895658704e+01
1.2951080774e+00 1.2749715586e+00 7.9069997734e+01
1.3722980660e+00 1.3118885097e+00 7.9194363327e+01
1.4360637088e+00 1.3488054608e+00 7.8273175841e+01
1.3454493743e+00 1.2951080774e+00 7.9796429207e+01
1.3756541524e+00 1.3085324232e+00 7.9993519675e+01
1.3387372014e+00 1.2984641638e+00 7.8756924475e+01
1.2481228669e+00 1.2447667804e+00 8.0212858370e+01
1.5300341297e+00 1.3890784983e+00 7.8828982928e+01
1.4729806598e+00 1.3555176337e+00 7.9875689131e+01
1.4192832765e+00 1.3488054608e+00 7.7210671127e+01
1.2481228669e+00 1.2447667804e+00 8.0212858370e+01
1.4192832765e+00 1.3353811149e+00 7.9054075736e+01
1.6105802048e+00 1.4327076223e+00 7.7949753196e+01
1.3085324232e+00 1.2749715586e+00 8.0155577170e+01
1.4360637088e+00 1.3488054608e+00 7.8273175841e+01
1.3756541524e+00 1.3152445961e+00 7.8930511023e+01
1.5031854380e+00 1.3790102389e+00 7.8483321757e+01
1.4763367463e+00 1.3622298066e+00 7.9082610920e+01
1.3286689420e+00 1.3018202503e+00 7.7585975410e+01
1.5132536974e+00 1.3823663254e+00 7.8672526870e+01
1.1608646189e+00 1.2044937429e+00 7.9532875075e+01
1.4226393629e+00 1.3387372014e+00 7.8794285012e+01
1.4192832765e+00 1.3253128555e+00 8.0699228738e+01
1.3756541524e+00 1.3152445961e+00 7.8930511023e+01
1.3756541524e+00 1.3118885097e+00 7.9447466795e+01
1.5635949943e+00 1.4025028441e+00 7.9131208098e+01
1.4494880546e+00 1.3521615472e+00 7.8700703870e+01
1.4293515358e+00 1.3353811149e+00 7.9800678015e+01
1.3353811149e+00 1.2883959044e+00 8.0102267635e+01
1.3924345848e+00 1.3219567691e+00 7.9138877814e+01
1.4595563140e+00 1.3622298066e+00 7.7967009677e+01
1.3655858931e+00 1.3051763367e+00 7.9745172921e+01
1.3991467577e+00 1.3387372014e+00 7.7255699880e+01
1.4058589306e+00 1.3320250284e+00 7.8602327729e+01
1.4259954494e+00 1.3320250284e+00 8.0090171698e+01
1.4864050057e+00 1.3655858931e+00 7.9287999453e+01
1.1575085324e+00 1.1977815700e+00 8.0422615114e+01
1.5535267349e+00 1.4025028441e+00 7.8475090156e+01
1.2649032992e+00 1.2649032992e+00 7.8324351144e+01
1.3118885097e+00 1.2783276451e+00 7.9863172672e+01
1.2447667804e+00 1.2414106940e+00 8.0517407236e+01
1.5501706485e+00 1.3991467577e+00 7.8725233071e+01
1.3655858931e+00 1.3085324232e+00 7.9211232895e+01
1.7112627986e+00 1.4763367463e+00 7.8190761135e+01
1.6105802048e+00 1.4360637088e+00 7.7526646477e+01
1.3823663254e+00 1.3253128555e+00 7.7955076719e+01
1.5401023891e+00 1.3957906712e+00 7.8542862357e+01
1.4427758817e+00 1.3420932878e+00 7.9744833550e+01
1.5098976109e+00 1.3722980660e+00 7.9951150249e+01
1.3991467577e+00 1.3420932878e+00 7.6835487250e+01
1.5031854380e+00 1.3689419795e+00 7.9988622230e+01
1.5300341297e+00 1.3957906712e+00 7.7913227444e+01
1.3488054608e+00 1.3085324232e+00 7.8017259422e+01
1.5904436860e+00 1.4226393629e+00 7.8058284054e+01
1.5233219568e+00 1.3957906712e+00 7.7510466043e+01
1.3722980660e+00 1.3085324232e+00 7.9726319797e+01
1.3689419795e+00 1.3085324232e+00 7.9465716996e+01
1.3957906712e+00 1.3219567691e+00 7.9387792628e+01
1.3555176337e+00 1.3018202503e+00 7.9499660855e+01
1.6777019340e+00 1.4696245734e+00 7.7162779910e+01
1.5233219568e+00 1.3857224118e+00 7.8862578159e+01
1.6743458476e+00 1.4528441411e+00 7.9129321526e+01
1.4864050057e+00 1.3756541524e+00 7.7870929920e+01
1.3219567691e+00 1.2850398180e+00 7.9568862870e+01
1.5166097838e+00 1.3857224118e+00 7.8423280228e+01
1.5770193402e+00 1.4159271900e+00 7.8128655611e+01
1.4092150171e+00 1.3286689420e+00 7.9344063161e+01
1.4830489192e+00 1.3655858931e+00 7.9052891069e+01
1.3253128555e+00 1.2850398180e+00 7.9839378819e+01
1.5031854380e+00 1.3890784983e+00 7.7168782040e+01
1.4830489192e+00 1.3823663254e+00 7.6827907662e+01
1.5065415245e+00 1.3790102389e+00 7.8703648009e+01
1.4864050057e+00 1.3622298066e+00 7.9808460119e+01
1.5501706485e+00 1.4058589306e+00 7.7822512496e+01
1.3286689420e+00 1.2917519909e+00 7.9027505322e+01
1.3051763367e+00 1.2883959044e+00 7.7834006088e+01
1.4394197952e+00 1.3454493743e+00 7.8982871930e+01
1.3689419795e+00 1.3118885097e+00 7.8946884930e+01
1.5568828214e+00 1.4125711035e+00 7.7368630335e+01
1.4293515358e+00 1.3387372014e+00 7.9272856953e+01
1.4427758817e+00 1.3420932878e+00 7.9744833550e+01
1.2682593857e+00 1.2548350398e+00 8.0203928765e+01
1.2514789534e+00 1.2548350398e+00 7.8826691470e+01
1.2850398180e+00 1.2716154721e+00 7.8819101517e+01
1.2414106940e+00 1.2447667804e+00 7.9633351752e+01
1.1810011377e+00 1.2112059158e+00 8.0162372107e+01
1.6038680319e+00 1.4226393629e+00 7.8890994936e+01
1.5132536974e+00 1.3790102389e+00 7.9157276930e+01
1.5434584755e+00 1.3924345848e+00 7.9245509890e+01
1.6273606371e+00 1.4394197952e+00 7.8071851811e+01
1.5434584755e+00 1.3957906712e+00 7.8760298176e+01
1.3387372014e+00 1.2951080774e+00 7.9270178919e+01
1.3353811149e+00 1.3051763367e+00 7.7578724170e+01
1.2917519909e+00 1.2682593857e+00 7.9891268041e+01
1.4528441411e+00 1.3588737201e+00 7.7989545840e+01
1.4864050057e+00 1.3622298066e+00 7.9808460119e+01
1.2783276451e+00 1.2581911263e+00 8.0495974329e+01
1.3957906712e+00 1.3320250284e+00 7.7924966431e+01
1.4562002275e+00 1.3555176337e+00 7.8675657808e+01
1.4226393629e+00 1.3521615472e+00 7.6992871057e+01
1.4025028441e+00 1.3186006826e+00 8.0473394069e+01
1.3622298066e+00 1.3085324232e+00 7.8962443963e+01
1.7146188851e+00 1.4897610922e+00 7.6759027772e+01
1.3655858931e+00 1.3118885097e+00 7.8704661572e+01
1.5736632537e+00 1.4192832765e+00 7.7500509759e+01
1.1977815700e+00 1.2279863481e+00 7.8783769664e+01
1.5635949943e+00 1.4125711035e+00 7.7759721621e+01
1.4729806598e+00 1.3722980660e+00 7.7483386436e+01
1.2883959044e+00 1.2615472127e+00 8.0793374070e+01
1.5602389078e+00 1.3991467577e+00 7.9398803631e+01
1.1340159272e+00 1.1843572241e+00 8.0676934937e+01
1.2716154721e+00 1.2649032992e+00 7.8825164190e+01
1.5132536974e+00 1.3890784983e+00 7.7765904866e+01
1.3957906712e+00 1.3320250284e+00 7.7924966431e+01
1.5770193402e+00 1.4226393629e+00 7.7278108897e+01
1.6474971559e+00 1.4461319681e+00 7.8390524904e+01
1.4494880546e+00 1.3420932878e+00 8.0266627534e+01
1.3890784983e+00 1.3152445961e+00 7.9950158779e+01
1.5736632537e+00 1.4058589306e+00 7.9317986717e+01
1.3756541524e+00 1.3219567691e+00 7.7969034499e+01
1.5233219568e+00 1.3890784983e+00 7.8392472719e+01
1.4528441411e+00 1.3488054608e+00 7.9437967086e+01
1.4394197952e+00 1.3420932878e+00 7.9493401677e+01
1.6105802048e+00 1.4360637088e+00 7.7526646477e+01
1.5166097838e+00 1.3857224118e+00 7.8423280228e+01
1.5065415245e+00 1.3823663254e+00 7.8238546528e+01
1.6944823663e+00 1.4796928328e+00 7.6873345444e+01
1.5367463026e+00 1.4025028441e+00 7.7455145748e+01
1.4427758817e+00 1.3521615472e+00 7.8251330886e+01
1.4226393629e+00 1.3454493743e+00 7.7856310676e+01
1.4461319681e+00 1.3588737201e+00 7.7568052062e+01
1.5333902162e+00 1.3924345848e+00 7.8576031214e+01
1.3387372014e+00 1.3118885097e+00 7.6922272419e+01
1.3454493743e+00 1.2917519909e+00 8.0368878693e+01
1.4763367463e+00 1.3823663254e+00 7.6450739186e+01
1.2816837315e+00 1.2682593857e+00 7.9080263792e+01
1.4394197952e+00 1.3387372014e+00 8.0032387315e+01
1.4796928328e+00 1.3588737201e+00 7.9842383595e+01
1.3387372014e+00 1.2917519909e+00 7.9811691125e+01
1.5870875995e+00 1.4259954494e+00 7.7436629149e+01
1.4696245734e+00 1.3622298066e+00 7.8623678138e+01
1.5468145620e+00 1.4092150171e+00 7.7205575845e+01
1.2951080774e+00 1.2816837315e+00 7.8074577695e+01
1.3253128555e+00 1.2850398180e+00 7.9839378819e+01
1.5098976109e+00 1.4025028441e+00 7.5970932879e+01
1.2716154721e+00 1.2581911263e+00 7.9909847507e+01
1.2414106940e+00 1.2414106940e+00 8.0213462557e+01
1.6307167235e+00 1.4360637088e+00 7.8723254392e+01
1.4864050057e+00 1.3588737201e+00 8.0359338917e+01
1.4629124005e+00 1.3555176337e+00 7.9140215050e+01
1.5266780432e+00 1.3857224118e+00 7.9088638757e+01
1.4259954494e+00 1.3353811149e+00 7.9546053824e+01
1.4528441411e+00 1.3488054608e+00 7.9437967086e+01
1.6206484642e+00 1.4394197952e+00 7.7682223782e+01
1.5501706485e+00 1.3857224118e+00 8.0820895503e+01
1.5904436860e+00 1.4226393629e+00 7.8058284054e+01
1.3622298066e+00 1.3118885097e+00 7.8467361843e+01
1.4192832765e+00 1.3387372014e+00 7.8562274361e+01
1.3186006826e+00 1.2783276451e+00 8.0432380556e+01
1.6407849829e+00 1.4461319681e+00 7.7993666361e+01
1.4293515358e+00 1.3320250284e+00 8.0359799633e+01
1.4662684869e+00 1.3655858931e+00 7.7943868320e+01
1.2179180887e+00 1.2346985210e+00 7.9343320393e+01
1.4125711035e+00 1.3286689420e+00 7.9595799292e+01
1.3823663254e+00 1.3320250284e+00 7.7074972865e+01
1.5535267349e+00 1.3991467577e+00 7.8945335258e+01
1.5770193402e+00 1.4159271900e+00 7.8128655611e+01
1.4562002275e+00 1.3622298066e+00 7.7755668784e+01
1.4461319681e+00 1.3454493743e+00 7.9466024519e+01
1.7347554039e+00 1.4998293515e+00 7.6642451444e+01
1.5300341297e+00 1.3823663254e+00 7.9835483906e+01
1.5434584755e+00 1.3924345848e+00 7.9245509890e+01
1.5568828214e+00 1.4125711035e+00 7.7368630335e+01
1.6810580205e+00 1.4696245734e+00 7.7342728175e+01
1.6273606371e+00 1.4293515358e+00 7.9464474211e+01
1.3588737201e+00 1.3118885097e+00 7.8234687536e+01
1.2380546075e+00 1.2414106940e+00 7.9918459901e+01
1.3857224118e+00 1.3051763367e+00 8.1480547943e+01
1.6273606371e+00 1.4394197952e+00 7.8071851811e+01
1.6139362912e+00 1.4461319681e+00 7.6518394530e+01
1.4092150171e+00 1.3387372014e+00 7.7892011916e+01
1.7045506257e+00 1.4796928328e+00 7.7403135876e+01
1.4058589306e+00 1.3286689420e+00 7.9097973323e+01
1.4259954494e+00 1.3353811149e+00 7.9546053824e+01
1.2850398180e+00 1.2716154721e+00 7.8819101517e+01
1.2481228669e+00 1.2447667804e+00 8.0212858370e+01
1.4931171786e+00 1.3689419795e+00 7.9256172088e+01
1.6172923777e+00 1.4494880546e+00 7.6315090996e+01
1.2850398180e+00 1.2716154721e+00 7.8819101517e+01
1.5132536974e+00 1.3756541524e+00 7.9666894728e+01
1.5266780432e+00 1.3924345848e+00 7.8150044634e+01
1.2816837315e+00 1.2615472127e+00 8.0192213913e+01
1.4595563140e+00 1.3488054608e+00 7.9940382990e+01
1.6273606371e+00 1.4562002275e+00 7.6085970086e+01
1.4494880546e+00 1.3420932878e+00 8.0266627534e+01
1.3454493743e+00 1.2984641638e+00 7.9256752757e+01
1.3790102389e+00 1.3253128555e+00 7.7735127226e+01
1.2548350398e+00 1.2447667804e+00 8.0827961540e+01
1.4931171786e+00 1.3722980660e+00 7.8764249577e+01
1.6441410694e+00 1.4427758817e+00 7.8637362450e+01
1.5434584755e+00 1.3957906712e+00 7.8760298176e+01
1.5132536974e+00 1.3790102389e+00 7.9157276930e+01
1.4461319681e+00 1.3353811149e+00 8.1180422999e+01
1.4494880546e+00 1.3488054608e+00 7.9195278133e+01
1.4629124005e+00 1.3655858931e+00 7.7733681945e+01
1.6676336746e+00 1.4562002275e+00 7.8262786257e+01
1.2481228669e+00 1.2481228669e+00 7.9633920454e+01
1.4092150171e+00 1.3253128555e+00 7.9878928091e+01
1.3219567691e+00 1.2917519909e+00 7.8533617949e+01
1.5401023891e+00 1.4025028441e+00 7.7652643321e+01
1.7179749716e+00 1.4864050057e+00 7.7320512990e+01
1.5770193402e+00 1.4025028441e+00 8.0071104624e+01
1.7146188851e+00 1.4729806598e+00 7.8832333037e+01
1.6307167235e+00 1.4427758817e+00 7.7837888945e+01
1.4259954494e+00 1.3387372014e+00 7.9031041049e+01
1.6743458476e+00 1.4662684869e+00 7.7381684089e+01
1.6810580205e+00 1.4830489192e+00 7.5838694146e+01
1.4998293515e+00 1.3689419795e+00 7.9738821391e+01
1.5300341297e+00 1.3957906712e+00 7.7913227444e+01
1.3387372014e+00 1.2951080774e+00 7.9270178919e+01
1.4964732651e+00 1.3655858931e+00 8.0025526977e+01
1.2883959044e+00 1.2716154721e+00 7.9075626195e+01
1.3756541524e+00 1.3118885097e+00 7.9447466795e+01
1.4394197952e+00 1.3387372014e+00 8.0032387315e+01
1.4125711035e+00 1.3454493743e+00 7.7226338163e+01
1.5098976109e+00 1.3823663254e+00 7.8453567226e+01
1.6273606371e+00 1.4528441411e+00 7.6456843224e+01
1.4729806598e+00 1.3555176337e+00 7.9875689131e+01
1.5031854380e+00 1.3857224118e+00 7.7589707887e+01
1.5568828214e+00 1.4025028441e+00 7.8689702111e+01
1.5803754266e+00 1.4092150171e+00 7.9276939788e+01
1.5770193402e+00 1.4159271900e+00 7.8128655611e+01
1.2682593857e+00 1.2581911263e+00 7.9628893893e+01
1.6877701934e+00 1.4830489192e+00 7.6163365583e+01
1.2581911263e+00 1.2514789534e+00 7.9916726654e+01
1.1642207053e+00 1.2078498294e+00 7.9259482948e+01
1.4830489192e+00 1.3689419795e+00 7.8569268666e+01
1.4461319681e+00 1.3488054608e+00 7.8957765940e+01
1.4595563140e+00 1.3488054608e+00 7.9940382990e+01
1.5736632537e+00 1.4092150171e+00 7.8832977911e+01
1.4058589306e+00 1.3219567691e+00 8.0171177918e+01
1.6072241183e+00 1.4192832765e+00 7.9603571248e+01
1.3253128555e+00 1.2850398180e+00 7.9839378819e+01
1.4629124005e+00 1.3588737201e+00 7.8649978183e+01
1.5098976109e+00 1.3823663254e+00 7.8453567226e+01
1.4427758817e+00 1.3588737201e+00 7.7362373631e+01
1.7246871445e+00 1.4897610922e+00 7.7278842266e+01
1.4830489192e+00 1.3521615472e+00 8.1276853303e+01
1.6810580205e+00 1.4696245734e+00 7.7342728175e+01
1.1742889647e+00 1.2112059158e+00 7.9562142385e+01
1.5434584755e+00 1.3991467577e+00 7.8297044264e+01
1.3588737201e+00 1.2917519909e+00 8.1590551037e+01
1.3722980660e+00 1.3051763367e+00 8.0289888328e+01
1.4159271900e+00 1.3320250284e+00 7.9321060792e+01
1.2615472127e+00 1.2615472127e+00 7.8572604951e+01
1.3890784983e+00 1.3186006826e+00 7.9408488915e+01
1.6441410694e+00 1.4427758817e+00 7.8637362450e+01
1.5602389078e+00 1.4092150171e+00 7.7992691113e+01
1.5132536974e+00 1.3790102389e+00 7.9157276930e+01
1.4729806598e+00 1.3588737201e+00 7.9349863626e+01
1.4796928328e+00 1.3655858931e+00 7.8822578420e+01
1.6474971559e+00 1.4461319681e+00 7.8390524904e+01
1.9025597270e+00 1.5736632537e+00 7.6636584817e+01
1.5132536974e+00 1.3991467577e+00 7.6531961200e+01
1.3622298066e+00 1.3152445961e+00 7.7994693227e+01
1.5770193402e+00 1.4159271900e+00 7.8128655611e+01
1.5501706485e+00 1.3991467577e+00 7.8725233071e+01
1.2850398180e+00 1.2682593857e+00 7.9343932317e+01
1.3521615472e+00 1.2984641638e+00 7.9780244346e+01
1.5803754266e+00 1.4159271900e+00 7.8334126729e+01
1.3253128555e+00 1.2850398180e+00 7.9839378819e+01
1.3085324232e+00 1.2749715586e+00 8.0155577170e+01
1.2917519909e+00 1.2716154721e+00 7.9338128329e+01
1.2783276451e+00 1.2749715586e+00 7.7844870613e+01
1.4461319681e+00 1.3521615472e+00 7.8473901711e+01
1.4494880546e+00 1.3588737201e+00 7.7777051594e+01
1.3118885097e+00 1.2883959044e+00 7.8301185687e+01
1.5568828214e+00 1.4125711035e+00 7.7368630335e+01
1.5837315131e+00 1.4192832765e+00 7.8093674783e+01
1.5065415245e+00 1.3957906712e+00 7.6554198056e+01
1.6273606371e+00 1.4360637088e+00 7.8515471183e+01
1.4729806598e+00 1.3588737201e+00 7.9349863626e+01
1.4830489192e+00 1.3689419795e+00 7.8569268666e+01
1.6273606371e+00 1.4394197952e+00 7.8071851811e+01
1.6038680319e+00 1.4192832765e+00 7.9375144895e+01
1.5904436860e+00 1.4159271900e+00 7.8972675049e+01
1.4998293515e+00 1.3722980660e+00 7.9223766672e+01
1.4897610922e+00 1.3790102389e+00 7.7639920971e+01
1.4259954494e+00 1.3387372014e+00 7.9031041049e+01
1.4058589306e+00 1.3320250284e+00 7.8602327729e+01
1.3051763367e+00 1.2682593857e+00 8.1083429395e+01
1.4696245734e+00 1.3689419795e+00 7.7711102492e+01
1.3521615472e+00 1.3085324232e+00 7.8246669600e+01
1.4595563140e+00 1.3555176337e+00 7.8905581221e+01
1.6944823663e+00 1.4696245734e+00 7.8088546279e+01
1.4259954494e+00 1.3488054608e+00 7.7625143435e+01
1.3152445961e+00 1.2984641638e+00 7.7155082158e+01
1.5132536974e+00 1.3957906712e+00 7.6928670484e+01
1.6374288965e+00 1.4595563140e+00 7.6224065046e+01
1.3521615472e+00 1.3118885097e+00 7.7782162272e+01
1.3857224118e+00 1.3219567691e+00 7.8656939703e+01
1.5635949943e+00 1.4092150171e+00 7.8197346124e+01
1.3857224118e+00 1.3186006826e+00 7.9158170740e+01
1.5937997725e+00 1.4226393629e+00 7.8261111382e+01
1.4092150171e+00 1.3353811149e+00 7.8353871441e+01
1.4461319681e+00 1.3454493743e+00 7.9466024519e+01
1.6340728100e+00 1.4427758817e+00 7.8032926840e+01
1.2447667804e+00 1.2481228669e+00 7.9356776907e+01
1.4830489192e+00 1.3722980660e+00 7.8107186175e+01
1.5233219568e+00 1.3790102389e+00 7.9874566050e+01
1.6340728100e+00 1.4494880546e+00 7.7200806229e+01
1.5132536974e+00 1.3924345848e+00 7.7339506860e+01
1.6844141069e+00 1.4796928328e+00 7.6363246919e+01
1.4864050057e+00 1.3823663254e+00 7.7020412926e+01
1.4259954494e+00 1.3588737201e+00 7.6378609106e+01
1.5266780432e+00 1.4058589306e+00 7.6486024526e+01
1.4327076223e+00 1.3286689420e+00 8.1252827726e+01
1.4897610922e+00 1.3722980660e+00 7.8541184820e+01
1.2346985210e+00 1.2380546075e+00 8.0212852901e+01
1.4293515358e+00 1.3454493743e+00 7.8294365083e+01
1.2649032992e+00 1.2548350398e+00 7.9913848708e+01
1.6911262799e+00 1.4629124005e+00 7.8775165517e+01
1.4192832765e+00 1.3353811149e+00 7.9054075736e+01
1.4595563140e+00 1.3588737201e+00 7.8425792529e+01
1.6810580205e+00 1.4696245734e+00 7.7342728175e+01
1.4427758817e+00 1.3454493743e+00 7.9221821069e+01
1.6139362912e+00 1.4293515358e+00 7.8597089341e+01
1.3655858931e+00 1.3118885097e+00 7.8704661572e+01
1.2313424346e+00 1.2313424346e+00 8.1161912553e+01
1.5132536974e+00 1.3890784983e+00 7.7765904866e+01
1.5635949943e+00 1.3991467577e+00 7.9632750451e+01
1.5971558589e+00 1.4293515358e+00 7.7595238029e+01
1.6038680319e+00 1.4226393629e+00 7.8890994936e+01
1.3622298066e+00 1.3085324232e+00 7.8962443963e+01
1.7381114903e+00 1.4964732651e+00 7.7194817534e+01
1.3957906712e+00 1.3219567691e+00 7.9387792628e+01
1.5669510808e+00 1.4058589306e+00 7.8870870894e+01
1.4964732651e+00 1.3823663254e+00 7.7615083028e+01
1.6240045506e+00 1.4360637088e+00 7.8311258420e+01
1.4830489192e+00 1.3689419795e+00 7.8569268666e+01
1.3353811149e+00 1.3051763367e+00 7.7578724170e+01
1.4729806598e+00 1.3555176337e+00 7.9875689131e+01
1.6273606371e+00 1.4394197952e+00 7.8071851811e+01
1.3722980660e+00 1.3219567691e+00 7.7748012065e+01
1.3790102389e+00 1.3118885097e+00 7.9706610590e+01
1.7146188851e+00 1.4763367463e+00 7.8384645788e+01
1.3488054608e+00 1.3051763367e+00 7.8492790528e+01
1.7079067122e+00 1.4897610922e+00 7.6423057890e+01
1.5434584755e+00 1.3991467577e+00 7.8297044264e+01
1.3521615472e+00 1.3051763367e+00 7.8732463457e+01
1.3152445961e+00 1.2917519909e+00 7.8059482859e+01
1.5904436860e+00 1.4125711035e+00 7.9462595442e+01
1.3790102389e+00 1.3219567691e+00 7.8194037772e+01
1.3051763367e+00 1.2816837315e+00 7.8802720104e+01
1.4729806598e+00 1.3555176337e+00 7.9875689131e+01
1.2581911263e+00 1.2581911263e+00 7.8827209751e+01
1.5065415245e+00 1.3857224118e+00 7.7792960433e+01
1.5535267349e+00 1.3991467577e+00 7.8945335258e+01
1.5501706485e+00 1.4226393629e+00 7.5841129224e+01
1.2951080774e+00 1.2749715586e+00 7.9069997734e+01
1.6105802048e+00 1.4259954494e+00 7.8849591148e+01
1.6407849829e+00 1.4595563140e+00 7.6393888923e+01
1.2179180887e+00 1.2313424346e+00 7.9909510878e+01
1.6642775882e+00 1.4595563140e+00 7.7644719766e+01
1.2044937429e+00 1.2145620023e+00 8.1854526431e+01
1.3790102389e+00 1.3118885097e+00 7.9706610590e+01
1.5635949943e+00 1.4159271900e+00 7.7338888787e+01
1.2481228669e+00 1.2514789534e+00 7.9088081304e+01
1.3454493743e+00 1.2984641638e+00 7.9256752757e+01
1.3823663254e+00 1.3253128555e+00 7.7955076719e+01
1.4259954494e+00 1.3454493743e+00 7.8073399870e+01
1.4595563140e+00 1.3790102389e+00 7.5919071233e+01
1.8589306030e+00 1.5401023891e+00 7.8336979886e+01
1.4595563140e+00 1.3555176337e+00 7.8905581221e+01
1.4226393629e+00 1.3420932878e+00 7.8314885953e+01
1.4830489192e+00 1.3722980660e+00 7.8107186175e+01
1.5166097838e+00 1.3756541524e+00 7.9913126467e+01
1.4394197952e+00 1.3387372014e+00 8.0032387315e+01
1.7213310580e+00 1.4897610922e+00 7.7103343343e+01
1.5031854380e+00 1.3890784983e+00 7.7168782040e+01
1.6240045506e+00 1.4293515358e+00 7.9241272018e+01
1.5333902162e+00 1.3857224118e+00 7.9554972023e+01
1.5333902162e+00 1.4058589306e+00 7.6854594219e+01
1.6407849829e+00 1.4394197952e+00 7.8890491471e+01
1.6374288965e+00 1.4461319681e+00 7.7799904054e+01
1.3588737201e+00 1.3118885097e+00 7.8234687536e+01
1.5568828214e+00 1.4058589306e+00 7.8231034671e+01
1.2447667804e+00 1.2447667804e+00 7.9919048205e+01
1.3890784983e+00 1.3353811149e+00 7.7062961354e+01
1.2145620023e+00 1.2246302617e+00 8.0827801179e+01
1.3488054608e+00 1.2917519909e+00 8.0659616452e+01
1.3051763367e+00 1.2850398180e+00 7.8307253142e+01
1.4562002275e+00 1.3521615472e+00 7.9168071325e+01
1.4427758817e+00 1.3420932878e+00 7.9744833550e+01
1.4427758817e+00 1.3488054608e+00 7.8725103092e+01
1.3152445961e+00 1.2951080774e+00 7.7598040877e+01
1.6005119454e+00 1.4192832765e+00 7.9151391211e+01
1.2279863481e+00 1.2313424346e+00 8.0833124293e+01
1.3454493743e+00 1.3051763367e+00 7.8257846050e+01
1.4092150171e+00 1.3353811149e+00 7.8353871441e+01
1.4092150171e+00 1.3320250284e+00 7.8836923017e+01
1.3488054608e+00 1.2984641638e+00 7.9515322697e+01
1.6038680319e+00 1.4360637088e+00 7.7151622681e+01
1.4427758817e+00 1.3420932878e+00 7.9744833550e+01
1.5367463026e+00 1.4058589306e+00 7.7042630630e+01
1.5937997725e+00 1.4360637088e+00 7.6607952915e+01
1.5468145620e+00 1.4025028441e+00 7.8057043713e+01
1.4360637088e+00 1.3454493743e+00 7.8748842065e+01
1.2346985210e+00 1.2615472127e+00 7.6707923560e+01
1.2816837315e+00 1.2581911263e+00 8.0802691733e+01
1.3353811149e+00 1.2951080774e+00 7.9016239735e+01
1.4696245734e+00 1.3689419795e+00 7.7711102492e+01
1.4259954494e+00 1.3454493743e+00 7.8073399870e+01
1.3186006826e+00 1.2883959044e+00 7.8787105164e+01
1.4562002275e+00 1.3689419795e+00 7.6907037312e+01
1.5468145620e+00 1.4092150171e+00 7.7205575845e+01
1.7146188851e+00 1.4897610922e+00 7.6759027772e+01
1.5501706485e+00 1.3991467577e+00 7.8725233071e+01
1.5098976109e+00 1.3890784983e+00 7.7563806286e+01
1.5132536974e+00 1.3890784983e+00 7.7765904866e+01
1.3018202503e+00 1.2883959044e+00 7.7606777400e+01
1.4595563140e+00 1.3588737201e+00 7.8425792529e+01
1.3420932878e+00 1.2951080774e+00 7.9530089850e+01
1.3857224118e+00 1.3186006826e+00 7.9158170740e+01
1.4964732651e+00 1.3756541524e+00 7.8512531710e+01
1.4897610922e+00 1.3722980660e+00 7.8541184820e+01
1.4025028441e+00 1.3320250284e+00 7.8372310252e+01
1.3353811149e+00 1.2984641638e+00 7.8514912109e+01
1.5837315131e+00 1.4259954494e+00 7.7247089376e+01
1.4125711035e+00 1.3286689420e+00 7.9595799292e+01
1.5401023891e+00 1.4025028441e+00 7.7652643321e+01
1.4998293515e+00 1.3790102389e+00 7.8266994175e+01
1.3152445961e+00 1.2783276451e+00 8.0143768687e+01
1.3890784983e+00 1.3286689420e+00 7.7940383243e+01
1.2749715586e+00 1.2649032992e+00 7.9083895958e+01
1.3790102389e+00 1.3186006826e+00 7.8673630960e+01
1.6508532423e+00 1.4830489192e+00 7.4457142604e+01
1.4864050057e+00 1.3722980660e+00 7.8322239603e+01
1.5300341297e+00 1.4092150171e+00 7.6282544606e+01
1.4796928328e+00 1.3756541524e+00 7.7460768388e+01
1.4494880546e+00 1.3454493743e+00 7.9715856859e+01
1.4696245734e+00 1.3521615472e+00 8.0167155963e+01
1.4964732651e+00 1.3722980660e+00 7.8991684544e+01
1.4595563140e+00 1.3521615472e+00 7.9409244513e+01
1.4226393629e+00 1.3488054608e+00 7.7416270071e+01
1.3521615472e+00 1.3219567691e+00 7.6494758703e+01
1.4293515358e+00 1.3555176337e+00 7.6976921606e+01
1.2548350398e+00 1.2414106940e+00 8.1492617926e+01
1.1541524460e+00 1.1910693970e+00 8.1413157465e+01
1.6374288965e+00 1.4360637088e+00 7.9150356996e+01
1.4595563140e+00 1.3588737201e+00 7.8425792529e+01
1.3555176337e+00 1.2984641638e+00 8.0052025489e+01
1.3353811149e+00 1.2951080774e+00 7.9016239735e+01
1.4528441411e+00 1.3588737201e+00 7.7989545840e+01
1.3186006826e+00 1.2917519909e+00 7.8294233874e+01
1.4729806598e+00 1.3756541524e+00 7.7063096501e+01
1.2850398180e+00 1.2649032992e+00 7.9898540694e+01
1.4427758817e+00 1.3387372014e+00 8.0298408293e+01
1.6172923777e+00 1.4461319681e+00 7.6694229090e+01
1.2816837315e+00 1.2615472127e+00 8.0192213913e+01
1.5065415245e+00 1.3722980660e+00 7.9703136585e+01
1.3152445961e+00 1.2682593857e+00 8.2091947307e+01
1.6172923777e+00 1.4327076223e+00 7.8350833738e+01
1.3353811149e+00 1.3018202503e+00 7.8036632368e+01
1.4629124005e+00 1.3588737201e+00 7.8649978183e+01
1.4192832765e+00 1.3555176337e+00 7.6392380862e+01
1.6944823663e+00 1.4729806598e+00 7.7668568845e+01
1.2883959044e+00 1.2649032992e+00 8.0184679461e+01
1.2749715586e+00 1.2682593857e+00 7.8570616720e+01
1.2816837315e+00 1.2783276451e+00 7.7613431279e+01
1.3353811149e+00 1.3051763367e+00 7.7578724170e+01
1.4293515358e+00 1.3521615472e+00 7.7398935195e+01
1.8186575654e+00 1.5333902162e+00 7.7047135184e+01
1.4796928328e+00 1.3689419795e+00 7.8349013416e+01
1.4259954494e+00 1.3286689420e+00 8.0668501712e+01
1.6810580205e+00 1.4897610922e+00 7.5151491290e+01
1.7179749716e+00 1.4864050057e+00 7.7320512990e+01
1.4696245734e+00 1.3622298066e+00 7.8623678138e+01
1.5535267349e+00 1.4192832765e+00 7.6388550298e+01
1.4729806598e+00 1.3689419795e+00 7.7920133510e+01
1.3890784983e+00 1.3219567691e+00 7.8895376479e+01
1.4562002275e+00 1.3689419795e+00 7.6907037312e+01
1.4360637088e+00 1.3420932878e+00 7.9247685577e+01
1.4562002275e+00 1.3488054608e+00 7.9686198513e+01
1.3488054608e+00 1.2951080774e+00 8.0069714574e+01
1.3890784983e+00 1.3186006826e+00 7.9408488915e+01
1.6441410694e+00 1.4696245734e+00 7.5480340721e+01
1.4796928328e+00 1.3689419795e+00 7.8349013416e+01
1.5971558589e+00 1.4192832765e+00 7.8932026590e+01
1.3320250284e+00 1.2850398180e+00 8.0402640502e+01
1.5266780432e+00 1.3924345848e+00 7.8150044634e+01
1.6340728100e+00 1.4494880546e+00 7.7200806229e+01
1.4327076223e+00 1.3555176337e+00 7.7177419448e+01
1.4696245734e+00 1.3689419795e+00 7.7711102492e+01
1.5233219568e+00 1.3890784983e+00 7.8392472719e+01
1.6743458476e+00 1.4662684869e+00 7.7381684089e+01
1.4125711035e+00 1.3286689420e+00 7.9595799292e+01
1.4025028441e+00 1.3286689420e+00 7.8857155397e+01
1.5233219568e+00 1.3991467577e+00 7.7094564507e+01
1.2514789534e+00 1.2380546075e+00 8.1849576882e+01
1.4696245734e+00 1.3622298066e+00 7.8623678138e+01
1.4360637088e+00 1.3488054608e+00 7.8273175841e+01
1.5669510808e+00 1.4159271900e+00 7.7531820868e+01
1.5770193402e+00 1.4159271900e+00 7.8128655611e+01
1.5635949943e+00 1.4092150171e+00 7.8197346124e+01
1.4494880546e+00 1.3454493743e+00 7.9715856859e+01
1.4058589306e+00 1.3286689420e+00 7.9097973323e+01
1.6072241183e+00 1.4293515358e+00 7.8186519489e+01
1.4998293515e+00 1.3722980660e+00 7.9223766672e+01
1.5837315131e+00 1.4125711035e+00 7.9012929034e+01
1.3454493743e+00 1.3085324232e+00 7.7792003766e+01
1.4025028441e+00 1.3219567691e+00 7.9903474071e+01
1.5065415245e+00 1.3756541524e+00 7.9190797064e+01
1.2313424346e+00 1.2380546075e+00 7.9916684553e+01
1.3655858931e+00 1.3051763367e+00 7.9745172921e+01
1.6307167235e+00 1.4360637088e+00 7.8723254392e+01
1.4830489192e+00 1.3722980660e+00 7.8107186175e+01
1.5300341297e+00 1.3957906712e+00 7.7913227444e+01
1.5132536974e+00 1.3823663254e+00 7.8672526870e+01
1.3488054608e+00 1.2984641638e+00 7.9515322697e+01
1.4327076223e+00 1.3488054608e+00 7.8053404088e+01
1.2682593857e+00 1.2548350398e+00 8.0203928765e+01
1.6676336746e+00 1.4696245734e+00 7.6636859345e+01
1.4998293515e+00 1.3689419795e+00 7.9738821391e+01
1.5434584755e+00 1.4025028441e+00 7.7853224124e+01
1.5669510808e+00 1.4259954494e+00 7.6337152599e+01
1.5266780432e+00 1.3890784983e+00 7.8608706254e+01
1.5434584755e+00 1.3890784983e+00 7.9755812735e+01
1.5669510808e+00 1.4159271900e+00 7.7531820868e+01
1.3118885097e+00 1.2883959044e+00 7.8301185687e+01
1.4360637088e+00 1.3622298066e+00 7.6554571655e+01
1.4394197952e+00 1.3454493743e+00 7.8982871930e+01
1.3253128555e+00 1.3051763367e+00 7.6933530345e+01
1.3756541524e+00 1.3186006826e+00 7.8438734158e+01
1.5568828214e+00 1.4025028441e+00 7.8689702111e+01
1.5065415245e+00 1.3991467577e+00 7.6169031757e+01
1.3018202503e+00 1.2749715586e+00 7.9599006061e+01
1.2615472127e+00 1.2514789534e+00 8.0208074687e+01
1.4595563140e+00 1.3521615472e+00 7.9409244513e+01
1.5770193402e+00 1.4192832765e+00 7.7695175323e+01
1.4226393629e+00 1.3488054608e+00 7.7416270071e+01
1.6273606371e+00 1.4427758817e+00 7.7645814775e+01
1.3655858931e+00 1.3085324232e+00 7.9211232895e+01
1.4025028441e+00 1.3454493743e+00 7.6624822231e+01
1.4998293515e+00 1.3823663254e+00 7.7819490496e+01
1.4159271900e+00 1.3387372014e+00 7.8334725691e+01
1.4058589306e+00 1.3420932878e+00 7.7241351421e+01
1.5199658703e+00 1.3756541524e+00 8.0165357134e+01
1.4192832765e+00 1.3320250284e+00 7.9571297751e+01
1.7313993174e+00 1.4830489192e+00 7.8483751337e+01
1.4864050057e+00 1.3823663254e+00 7.7020412926e+01
1.4864050057e+00 1.3790102389e+00 7.7437591440e+01
1.3488054608e+00 1.2984641638e+00 7.9515322697e+01
1.3320250284e+00 1.2984641638e+00 7.8277729792e+01
1.2011376564e+00 1.2145620023e+00 8.1492200817e+01
1.5266780432e+00 1.3857224118e+00 7.9088638757e+01
1.4461319681e+00 1.3588737201e+00 7.7568052062e+01
1.4092150171e+00 1.3320250284e+00 7.8836923017e+01
1.3857224118e+00 1.3152445961e+00 7.9686061849e+01
1.7347554039e+00 1.5098976109e+00 7.5572577167e+01
1.5132536974e+00 1.3756541524e+00 7.9666894728e+01
1.4796928328e+00 1.3756541524e+00 7.7460768388e+01
1.2984641638e+00 1.2682593857e+00 8.0469122125e+01
1.5098976109e+00 1.3890784983e+00 7.7563806286e+01
1.5669510808e+00 1.4360637088e+00 7.5251495631e+01
1.3152445961e+00 1.2951080774e+00 7.7598040877e+01
1.6508532423e+00 1.4461319681e+00 7.8593946275e+01
1.4360637088e+00 1.3454493743e+00 7.8748842065e+01
1.6542093288e+00 1.4562002275e+00 7.7496783236e+01
1.2682593857e+00 1.2581911263e+00 7.9628893893e+01
1.4293515358e+00 1.3420932878e+00 7.8771907257e+01
1.6038680319e+00 1.4259954494e+00 7.8428903302e+01
1.2112059158e+00 1.2179180887e+00 8.1858351438e+01
1.4595563140e+00 1.3588737201e+00 7.8425792529e+01
1.3118885097e+00 1.2917519909e+00 7.7829096521e+01
1.4897610922e+00 1.3722980660e+00 7.8541184820e+01
1.2984641638e+00 1.2783276451e+00 7.8809133488e+01
1.3420932878e+00 1.2951080774e+00 7.9530089850e+01
1.7414675768e+00 1.4931171786e+00 7.7774329063e+01
1.3722980660e+00 1.3018202503e+00 8.0890952986e+01
1.5803754266e+00 1.4192832765e+00 7.7892847024e+01
1.2414106940e+00 1.2514789534e+00 7.8568031519e+01
1.4998293515e+00 1.3622298066e+00 8.0862995239e+01
1.5098976109e+00 1.3890784983e+00 7.7563806286e+01
1.5568828214e+00 1.3924345848e+00 8.0206865145e+01
1.4461319681e+00 1.3454493743e+00 7.9466024519e+01
1.4461319681e+00 1.3488054608e+00 7.8957765940e+01
1.3420932878e+00 1.2883959044e+00 8.0678676165e+01
1.9998862344e+00 1.6273606371e+00 7.5437985006e+01
1.2346985210e+00 1.2514789534e+00 7.8069905390e+01
1.5803754266e+00 1.4092150171e+00 7.9276939788e+01
1.3521615472e+00 1.2984641638e+00 7.9780244346e+01
1.5837315131e+00 1.4192832765e+00 7.8093674783e+01
1.5031854380e+00 1.3756541524e+00 7.8960224848e+01
1.5635949943e+00 1.4293515358e+00 7.5794302922e+01
1.3353811149e+00 1.2951080774e+00 7.9016239735e+01
1.4327076223e+00 1.3420932878e+00 7.9007301685e+01
1.4595563140e+00 1.3555176337e+00 7.8905581221e+01
1.4427758817e+00 1.3588737201e+00 7.7362373631e+01
1.6307167235e+00 1.4461319681e+00 7.7420993603e+01
1.3957906712e+00 1.3253128555e+00 7.8876644611e+01
1.5132536974e+00 1.3957906712e+00 7.6928670484e+01
1.4058589306e+00 1.3253128555e+00 7.9619542555e+01
1.3186006826e+00 1.2883959044e+00 7.8787105164e+01
1.6374288965e+00 1.4427758817e+00 7.8231075993e+01
1.5367463026e+00 1.4025028441e+00 7.7455145748e+01
1.5031854380e+00 1.3756541524e+00 7.8960224848e+01
1.6139362912e+00 1.4327076223e+00 7.8148657726e+01
1.4025028441e+00 1.3186006826e+00 8.0473394069e+01
1.4461319681e+00 1.3387372014e+00 8.0571746922e+01
1.4562002275e+00 1.3622298066e+00 7.7755668784e+01
1.6508532423e+00 1.4427758817e+00 7.9058209012e+01
1.5669510808e+00 1.4125711035e+00 7.7959841368e+01
1.5434584755e+00 1.4025028441e+00 7.7853224124e+01
1.4830489192e+00 1.3655858931e+00 7.9052891069e+01
1.5468145620e+00 1.3991467577e+00 7.8509211467e+01
1.5870875995e+00 1.4159271900e+00 7.8755928545e+01
1.5367463026e+00 1.3957906712e+00 7.8329343184e+01
1.5300341297e+00 1.3790102389e+00 8.0381599151e+01
1.2414106940e+00 1.2447667804e+00 7.9633351752e+01
1.4528441411e+00 1.3521615472e+00 7.8931997742e+01
1.4427758817e+00 1.3488054608e+00 7.8725103092e+01
1.5468145620e+00 1.3924345848e+00 7.9477833596e+01
1.3957906712e+00 1.3387372014e+00 7.7050266570e+01
1.3588737201e+00 1.2984641638e+00 8.0331244907e+01
1.4092150171e+00 1.3320250284e+00 7.8836923017e+01
1.3924345848e+00 1.3286689420e+00 7.8163147560e+01
1.5501706485e+00 1.4159271900e+00 7.6593771615e+01
1.5803754266e+00 1.4226393629e+00 7.7468776008e+01
1.5770193402e+00 1.4125711035e+00 7.8580430501e+01
1.5870875995e+00 1.4226393629e+00 7.7858722775e+01
1.3018202503e+00 1.2682593857e+00 8.0771274052e+01
1.6273606371e+00 1.4327076223e+00 7.8978807523e+01
1.2246302617e+00 1.2380546075e+00 7.9348401338e+01
1.4293515358e+00 1.3488054608e+00 7.7837460162e+01
1.7246871445e+00 1.4897610922e+00 7.7278842266e+01
1.5602389078e+00 1.4092150171e+00 7.7992691113e+01
1.4427758817e+00 1.3488054608e+00 7.8725103092e+01
1.1474402730e+00 1.1910693970e+00 8.0716828553e+01
1.3890784983e+00 1.3286689420e+00 7.7940383243e+01
1.4629124005e+00 1.3454493743e+00 8.0780783698e+01
1.5367463026e+00 1.3957906712e+00 7.8329343184e+01
1.2279863481e+00 1.2481228669e+00 7.8064488610e+01
1.4494880546e+00 1.3488054608e+00 7.9195278133e+01
1.4998293515e+00 1.3823663254e+00 7.7819490496e+01
1.4259954494e+00 1.3521615472e+00 7.7194361263e+01
1.8052332196e+00 1.5300341297e+00 7.6762731142e+01
1.4092150171e+00 1.3420932878e+00 7.7448992177e+01
1.4830489192e+00 1.3756541524e+00 7.7664210863e+01
1.4729806598e+00 1.3588737201e+00 7.9349863626e+01
1.3186006826e+00 1.2816837315e+00 7.9851770899e+01
1.4192832765e+00 1.3454493743e+00 7.7642892977e+01
1.2346985210e+00 1.2380546075e+00 8.0212852901e+01
1.4729806598e+00 1.3722980660e+00 7.7483386436e+01
1.5266780432e+00 1.3924345848e+00 7.8150044634e+01
1.5233219568e+00 1.3857224118e+00 7.8862578159e+01
1.5300341297e+00 1.3991467577e+00 7.7483048264e+01
1.5602389078e+00 1.4259954494e+00 7.5988972141e+01
1.3756541524e+00 1.3286689420e+00 7.7086290185e+01
1.2279863481e+00 1.2246302617e+00 8.2235851478e+01
1.5031854380e+00 1.3790102389e+00 7.8483321757e+01
1.6944823663e+00 1.4830489192e+00 7.6495447525e+01
1.4394197952e+00 1.3488054608e+00 7.8496995076e+01
1.5803754266e+00 1.4226393629e+00 7.7468776008e+01
1.4360637088e+00 1.3454493743e+00 7.8748842065e+01
1.2984641638e+00 1.2716154721e+00 7.9882938015e+01
1.5736632537e+00 1.4092150171e+00 7.8832977911e+01
1.4864050057e+00 1.3622298066e+00 7.9808460119e+01
1.2078498294e+00 1.2179180887e+00 8.1497331715e+01
1.4729806598e+00 1.3622298066e+00 7.8850858039e+01
1.5401023891e+00 1.4025028441e+00 7.7652643321e+01
1.4461319681e+00 1.3555176337e+00 7.8011464955e+01
1.5166097838e+00 1.3857224118e+00 7.8423280228e+01
1.4125711035e+00 1.3219567691e+00 8.0729161195e+01
1.3118885097e+00 1.2783276451e+00 7.9863172672e+01
1.6240045506e+00 1.4394197952e+00 7.7875531575e+01
1.4058589306e+00 1.3320250284e+00 7.8602327729e+01
1.4696245734e+00 1.3555176337e+00 7.9624899706e+01
1.4998293515e+00 1.3823663254e+00 7.7819490496e+01
1.7817406143e+00 1.5098976109e+00 7.7902130977e+01
1.5602389078e+00 1.4058589306e+00 7.8440509857e+01
1.5736632537e+00 1.4125711035e+00 7.8370017151e+01
1.4092150171e+00 1.3253128555e+00 7.9878928091e+01
1.3253128555e+00 1.3018202503e+00 7.7366443950e+01
1.5803754266e+00 1.4125711035e+00 7.8794659982e+01
1.7750284414e+00 1.5065415245e+00 7.7951128020e+01
1.2380546075e+00 1.2581911263e+00 7.7371100970e+01
1.3454493743e+00 1.3085324232e+00 7.7792003766e+01
1.5031854380e+00 1.3823663254e+00 7.8027252334e+01
1.2951080774e+00 1.2749715586e+00 7.9069997734e+01
1.5199658703e+00 1.3823663254e+00 7.9123219738e+01
1.4125711035e+00 1.3488054608e+00 7.6808685599e+01
1.7414675768e+00 1.4897610922e+00 7.8193765115e+01
1.3790102389e+00 1.3286689420e+00 7.7294645266e+01
1.4796928328e+00 1.3655858931e+00 7.8822578420e+01
1.5098976109e+00 1.3890784983e+00 7.7563806286e+01
1.2917519909e+00 1.2682593857e+00 7.9891268041e+01
1.4562002275e+00 1.3555176337e+00 7.8675657808e+01
1.4125711035e+00 1.3420932878e+00 7.7659982860e+01
1.6877701934e+00 1.4830489192e+00 7.6163365583e+01
1.5535267349e+00 1.4025028441e+00 7.8475090156e+01
1.3488054608e+00 1.3018202503e+00 7.8991059176e+01
1.3286689420e+00 1.2917519909e+00 7.9027505322e+01
1.4864050057e+00 1.3756541524e+00 7.7870929920e+01
1.4931171786e+00 1.3722980660e+00 7.8764249577e+01
1.5367463026e+00 1.4025028441e+00 7.7455145748e+01
1.5669510808e+00 1.4058589306e+00 7.8870870894e+01
1.6508532423e+00 1.4528441411e+00 7.7722943383e+01
1.3219567691e+00 1.3051763367e+00 7.6725141533e+01
1.4394197952e+00 1.3420932878e+00 7.9493401677e+01
1.5971558589e+00 1.4226393629e+00 7.8467377281e+01
1.6206484642e+00 1.4259954494e+00 7.9511171619e+01
1.4998293515e+00 1.3722980660e+00 7.9223766672e+01
1.4159271900e+00 1.3387372014e+00 7.8334725691e+01
1.3387372014e+00 1.2984641638e+00 7.8756924475e+01
1.5602389078e+00 1.4159271900e+00 7.7148735379e+01
1.6542093288e+00 1.4528441411e+00 7.7914175364e+01
1.4360637088e+00 1.3454493743e+00 7.8748842065e+01
1.4562002275e+00 1.3588737201e+00 7.8205723931e+01
1.4427758817e+00 1.3488054608e+00 7.8725103092e+01
1.4360637088e+00 1.3555176337e+00 7.7380966020e+01
1.2044937429e+00 1.2279863481e+00 7.9329640421e+01
1.4360637088e+00 1.3387372014e+00 7.9773112642e+01
1.3219567691e+00 1.2917519909e+00 7.8533617949e+01
1.2548350398e+00 1.2514789534e+00 7.9633356827e+01
1.4025028441e+00 1.3253128555e+00 7.9366312224e+01
1.5401023891e+00 1.4025028441e+00 7.7652643321e+01
1.5568828214e+00 1.3957906712e+00 7.9674226907e+01
1.2011376564e+00 1.2313424346e+00 7.8530384068e+01
1.5870875995e+00 1.4192832765e+00 7.8297821289e+01
1.4662684869e+00 1.3555176337e+00 7.9379871763e+01
1.5266780432e+00 1.3924345848e+00 7.8150044634e+01
1.4998293515e+00 1.3655858931e+00 8.0283462399e+01
1.2447667804e+00 1.2447667804e+00 7.9919048205e+01
1.3118885097e+00 1.2716154721e+00 8.1068996127e+01
1.4327076223e+00 1.3521615472e+00 7.7606745797e+01
1.4025028441e+00 1.3286689420e+00 7.8857155397e+01
1.4494880546e+00 1.3353811149e+00 8.1482534068e+01
1.3924345848e+00 1.3152445961e+00 8.0221196836e+01
1.5098976109e+00 1.3857224118e+00 7.7999521325e+01
1.2783276451e+00 1.2682593857e+00 7.8822628029e+01
1.5803754266e+00 1.4259954494e+00 7.7060211388e+01
1.4427758817e+00 1.3588737201e+00 7.7362373631e+01
1.6777019340e+00 1.4662684869e+00 7.7565300894e+01
1.6777019340e+00 1.4595563140e+00 7.8417368604e+01
1.5166097838e+00 1.3857224118e+00 7.8423280228e+01
1.3420932878e+00 1.2984641638e+00 7.9004086120e+01
1.6374288965e+00 1.4528441411e+00 7.6985013710e+01
1.3488054608e+00 1.3085324232e+00 7.8017259422e+01
1.3890784983e+00 1.3253128555e+00 7.8407014827e+01
1.7146188851e+00 1.4864050057e+00 7.7143876317e+01
1.3186006826e+00 1.2883959044e+00 7.8787105164e+01
1.5635949943e+00 1.3991467577e+00 7.9632750451e+01
1.2548350398e+00 1.2414106940e+00 8.1492617926e+01
1.3186006826e+00 1.2850398180e+00 7.9305001542e+01
1.3857224118e+00 1.3118885097e+00 8.0244957075e+01
1.3521615472e+00 1.2984641638e+00 7.9780244346e+01
1.4025028441e+00 1.3219567691e+00 7.9903474071e+01
1.2481228669e+00 1.2514789534e+00 7.9088081304e+01
1.5065415245e+00 1.3722980660e+00 7.9703136585e+01
1.2816837315e+00 1.2581911263e+00 8.0802691733e+01
1.2951080774e+00 1.2883959044e+00 7.7163914708e+01
1.3756541524e+00 1.3051763367e+00 8.0573742759e+01
1.5098976109e+00 1.3823663254e+00 7.8453567226e+01
1.4259954494e+00 1.3286689420e+00 8.0668501712e+01
1.2246302617e+00 1.2246302617e+00 8.1861387527e+01
1.5703071672e+00 1.4159271900e+00 7.7727662868e+01
1.4528441411e+00 1.3521615472e+00 7.8931997742e+01
1.4461319681e+00 1.3454493743e+00 7.9466024519e+01
1.4394197952e+00 1.3454493743e+00 7.8982871930e+01
1.6609215017e+00 1.4629124005e+00 7.7058338051e+01
1.4461319681e+00 1.3521615472e+00 7.8473901711e+01
1.3991467577e+00 1.3320250284e+00 7.8146603822e+01
1.4461319681e+00 1.3454493743e+00 7.9466024519e+01
1.3957906712e+00 1.3253128555e+00 7.8876644611e+01
1.5736632537e+00 1.4092150171e+00 7.8832977911e+01
1.5535267349e+00 1.3991467577e+00 7.8945335258e+01
1.4092150171e+00 1.3420932878e+00 7.7448992177e+01
1.3018202503e+00 1.2783276451e+00 7.9063393028e+01
1.3823663254e+00 1.3286689420e+00 7.7506328338e+01
1.5837315131e+00 1.4226393629e+00 7.7662268869e+01
1.5937997725e+00 1.4259954494e+00 7.7824193782e+01
1.5669510808e+00 1.4058589306e+00 7.8870870894e+01
1.3655858931e+00 1.3152445961e+00 7.8221912890e+01
1.4629124005e+00 1.3622298066e+00 7.8181986703e+01
1.2514789534e+00 1.2481228669e+00 7.9918465164e+01
1.5568828214e+00 1.3991467577e+00 7.9169767042e+01
1.4058589306e+00 1.3353811149e+00 7.8129344608e+01
1.5098976109e+00 1.3823663254e+00 7.8453567226e+01
1.8085893060e+00 1.5266780432e+00 7.7309256314e+01
1.1105233220e+00 1.1776450512e+00 7.9665239135e+01
1.4897610922e+00 1.3823663254e+00 7.7215689401e+01
1.4092150171e+00 1.3353811149e+00 7.8353871441e+01
1.4763367463e+00 1.3622298066e+00 7.9082610920e+01
1.4192832765e+00 1.3219567691e+00 8.1322117586e+01
1.6307167235e+00 1.4562002275e+00 7.6254756156e+01
1.3118885097e+00 1.2850398180e+00 7.8795372618e+01
1.2951080774e+00 1.2816837315e+00 7.8074577695e+01
1.2850398180e+00 1.2816837315e+00 7.7386961738e+01
1.4796928328e+00 1.3756541524e+00 7.7460768388e+01
1.6508532423e+00 1.4494880546e+00 7.8149581428e+01
1.3521615472e+00 1.2951080774e+00 8.0350536454e+01
1.6709897611e+00 1.4696245734e+00 7.6809938794e+01
1.1877133106e+00 1.2212741752e+00 7.9033146733e+01
1.6642775882e+00 1.4662684869e+00 7.6845583178e+01
1.5098976109e+00 1.3857224118e+00 7.7999521325e+01
1.4427758817e+00 1.3420932878e+00 7.9744833550e+01
1.3353811149e+00 1.2984641638e+00 7.8514912109e+01
1.4629124005e+00 1.3555176337e+00 7.9140215050e+01
1.5132536974e+00 1.3857224118e+00 7.8209564664e+01
1.3085324232e+00 1.2917519909e+00 7.7602831231e+01
1.5166097838e+00 1.3756541524e+00 7.9913126467e+01
1.5401023891e+00 1.4092150171e+00 7.6828949351e+01
1.3622298066e+00 1.3152445961e+00 7.7994693227e+01
1.3521615472e+00 1.3118885097e+00 7.7782162272e+01
1.3521615472e+00 1.3118885097e+00 7.7782162272e+01
1.3085324232e+00 1.2816837315e+00 7.9055826735e+01
1.5937997725e+00 1.4192832765e+00 7.8716794832e+01
1.5434584755e+00 1.4092150171e+00 7.7015956060e+01
1.7045506257e+00 1.4830489192e+00 7.7008714316e+01
1.5501706485e+00 1.4125711035e+00 7.6988822369e+01
1.3689419795e+00 1.3085324232e+00 7.9465716996e+01
1.4058589306e+00 1.3219567691e+00 8.0171177918e+01
1.4293515358e+00 1.3454493743e+00 7.8294365083e+01
1.4159271900e+00 1.3320250284e+00 7.9321060792e+01
1.3823663254e+00 1.3186006826e+00 7.8913336733e+01
1.3253128555e+00 1.2850398180e+00 7.9839378819e+01
1.4293515358e+00 1.3555176337e+00 7.6976921606e+01
1.5199658703e+00 1.3890784983e+00 7.8180060208e+01
1.7582480091e+00 1.5098976109e+00 7.6688608354e+01
1.4830489192e+00 1.3588737201e+00 8.0097571749e+01
1.3454493743e+00 1.2917519909e+00 8.0368878693e+01
1.3957906712e+00 1.3219567691e+00 7.9387792628e+01
1.7951649602e+00 1.5199658703e+00 7.7403532580e+01
1.5703071672e+00 1.4125711035e+00 7.8163216220e+01
1.7582480091e+00 1.4964732651e+00 7.8285696914e+01
1.5770193402e+00 1.4092150171e+00 7.9052777050e+01
1.5501706485e+00 1.4025028441e+00 7.8264271045e+01
1.5535267349e+00 1.3957906712e+00 7.9438548429e+01
1.4461319681e+00 1.3420932878e+00 8.0002412726e+01
1.4796928328e+00 1.3588737201e+00 7.9842383595e+01
1.4528441411e+00 1.3588737201e+00 7.7989545840e+01
1.2313424346e+00 1.2481228669e+00 7.8311884035e+01
1.4864050057e+00 1.3756541524e+00 7.7870929920e+01
1.5199658703e+00 1.3991467577e+00 7.6904464201e+01
1.4629124005e+00 1.3555176337e+00 7.9140215050e+01
1.4025028441e+00 1.3488054608e+00 7.6226733663e+01
1.3924345848e+00 1.3286689420e+00 7.8163147560e+01
1.5233219568e+00 1.3857224118e+00 7.8862578159e+01
1.6005119454e+00 1.4192832765e+00 7.9151391211e+01
1.3488054608e+00 1.3085324232e+00 7.8017259422e+01
1.4427758817e+00 1.3488054608e+00 7.8725103092e+01
1.3488054608e+00 1.2917519909e+00 8.0659616452e+01
1.7045506257e+00 1.4729806598e+00 7.8236560485e+01
1.3420932878e+00 1.3085324232e+00 7.7570676481e+01
1.2749715586e+00 1.2581911263e+00 8.0198636115e+01
1.2346985210e+00 1.2414106940e+00 7.9631635574e+01
1.4427758817e+00 1.3488054608e+00 7.8725103092e+01
1.4528441411e+00 1.3454493743e+00 7.9971739068e+01
1.4259954494e+00 1.3655858931e+00 7.5615288766e+01
1.5770193402e+00 1.4327076223e+00 7.6110794686e+01
1.3018202503e+00 1.2615472127e+00 8.2129138637e+01
1.6172923777e+00 1.4394197952e+00 7.7491788586e+01
1.4931171786e+00 1.3857224118e+00 7.6998259286e+01
1.4461319681e+00 1.3488054608e+00 7.8957765940e+01
1.5266780432e+00 1.3823663254e+00 7.9592798167e+01
1.2951080774e+00 1.2716154721e+00 7.9607061206e+01
1.5971558589e+00 1.4192832765e+00 7.8932026590e+01
1.4729806598e+00 1.3454493743e+00 8.1666166562e+01
1.6508532423e+00 1.4461319681e+00 7.8593946275e+01
1.3521615472e+00 1.3018202503e+00 7.9242442842e+01
1.6172923777e+00 1.4427758817e+00 7.7086060638e+01
1.4092150171e+00 1.3353811149e+00 7.8353871441e+01
1.4092150171e+00 1.3387372014e+00 7.7892011916e+01
1.4327076223e+00 1.3420932878e+00 7.9007301685e+01
1.3488054608e+00 1.3051763367e+00 7.8492790528e+01
1.4494880546e+00 1.3488054608e+00 7.9195278133e+01
1.3890784983e+00 1.3320250284e+00 7.7493036415e+01
1.4327076223e+00 1.3353811149e+00 8.0061645986e+01
1.8488623436e+00 1.5468145620e+00 7.7023378021e+01
1.4629124005e+00 1.3555176337e+00 7.9140215050e+01
1.4259954494e+00 1.3488054608e+00 7.7625143435e+01
1.3152445961e+00 1.2816837315e+00 7.9579890875e+01
1.6172923777e+00 1.4360637088e+00 7.7912822771e+01
1.4696245734e+00 1.3521615472e+00 8.0167155963e+01
1.3957906712e+00 1.3186006826e+00 7.9927223311e+01
1.5031854380e+00 1.3857224118e+00 7.7589707887e+01
1.2212741752e+00 1.2346985210e+00 7.9624701003e+01
1.5770193402e+00 1.4125711035e+00 7.8580430501e+01
1.6005119454e+00 1.4226393629e+00 7.8677269875e+01
1.3454493743e+00 1.2951080774e+00 7.9796429207e+01
1.6474971559e+00 1.4528441411e+00 7.7534533020e+01
1.4192832765e+00 1.3353811149e+00 7.9054075736e+01
1.5367463026e+00 1.3823663254e+00 8.0338633112e+01
1.2951080774e+00 1.2783276451e+00 7.8560346586e+01
1.5904436860e+00 1.4226393629e+00 7.8058284054e+01
1.5803754266e+00 1.4259954494e+00 7.7060211388e+01
1.4092150171e+00 1.3353811149e+00 7.8353871441e+01
1.3253128555e+00 1.2951080774e+00 7.8286410859e+01
1.4494880546e+00 1.3555176337e+00 7.8228842768e+01
1.4931171786e+00 1.3655858931e+00 7.9773934271e+01
1.6542093288e+00 1.4528441411e+00 7.7914175364e+01
1.3991467577e+00 1.3253128555e+00 7.9118807063e+01
1.2951080774e+00 1.2749715586e+00 7.9069997734e+01
1.5166097838e+00 1.3890784983e+00 7.7971266082e+01
1.1977815700e+00 1.2279863481e+00 7.8783769664e+01
1.5065415245e+00 1.4025028441e+00 7.5795810905e+01
1.4360637088e+00 1.3454493743e+00 7.8748842065e+01
1.4629124005e+00 1.3689419795e+00 7.7302966730e+01
1.2548350398e+00 1.2615472127e+00 7.8080129194e+01
1.6307167235e+00 1.4494880546e+00 7.7019045337e+01
1.4360637088e+00 1.3454493743e+00 7.8748842065e+01
1.4864050057e+00 1.3689419795e+00 7.8793704555e+01
1.4629124005e+00 1.3488054608e+00 8.0200984066e+01
1.4494880546e+00 1.3521615472e+00 7.8700703870e+01
1.5367463026e+00 1.3957906712e+00 7.8329343184e+01
1.4662684869e+00 1.3689419795e+00 7.7505434784e+01
1.4796928328e+00 1.3756541524e+00 7.7460768388e+01
1.5098976109e+00 1.3857224118e+00 7.7999521325e+01
1.4729806598e+00 1.3454493743e+00 8.1666166562e+01
1.4830489192e+00 1.3555176337e+00 8.0667326219e+01
1.5098976109e+00 1.3823663254e+00 7.8453567226e+01
1.5098976109e+00 1.3823663254e+00 7.8453567226e+01
1.3957906712e+00 1.3286689420e+00 7.8390029087e+01
1.2246302617e+00 1.2380546075e+00 7.9348401338e+01
1.3655858931e+00 1.3051763367e+00 7.9745172921e+01
1.5803754266e+00 1.4226393629e+00 7.7468776008e+01
1.5300341297e+00 1.3857224118e+00 7.9319334261e+01
1.5266780432e+00 1.3957906712e+00 7.7710260634e+01
1.5803754266e+00 1.4226393629e+00 7.7468776008e+01
1.2951080774e+00 1.2716154721e+00 7.9607061206e+01
1.2548350398e+00 1.2481228669e+00 8.0211056847e+01
1.3689419795e+00 1.3286689420e+00 7.6678940875e+01
1.3488054608e+00 1.2951080774e+00 8.0069714574e+01
1.5904436860e+00 1.4259954494e+00 7.7628953242e+01
1.4125711035e+00 1.3320250284e+00 7.9076391335e+01
1.5904436860e+00 1.4159271900e+00 7.8972675049e+01
1.2481228669e+00 1.2481228669e+00 7.9633920454e+01
1.7079067122e+00 1.4931171786e+00 7.6060147019e+01
1.6542093288e+00 1.4763367463e+00 7.5266553401e+01
1.5837315131e+00 1.4092150171e+00 7.9505745975e+01
1.5635949943e+00 1.4025028441e+00 7.9131208098e+01
1.4360637088e+00 1.3387372014e+00 7.9773112642e+01
1.5031854380e+00 1.3890784983e+00 7.7168782040e+01
1.6911262799e+00 1.4864050057e+00 7.5966932036e+01
1.8354379977e+00 1.5468145620e+00 7.6383149961e+01
1.4259954494e+00 1.3521615472e+00 7.7194361263e+01
1.4025028441e+00 1.3320250284e+00 7.8372310252e+01
1.2179180887e+00 1.2346985210e+00 7.9343320393e+01
1.3722980660e+00 1.3152445961e+00 7.8689542878e+01
1.6944823663e+00 1.4696245734e+00 7.8088546279e+01
1.4159271900e+00 1.3219567691e+00 8.1020844110e+01
1.2984641638e+00 1.2783276451e+00 7.8809133488e+01
1.4595563140e+00 1.3488054608e+00 7.9940382990e+01
1.8790671217e+00 1.5602389078e+00 7.6991047083e+01
1.5434584755e+00 1.3991467577e+00 7.8297044264e+01
1.4998293515e+00 1.3823663254e+00 7.7819490496e+01
1.2615472127e+00 1.2481228669e+00 8.0823482470e+01
1.5333902162e+00 1.4058589306e+00 7.6854594219e+01
1.3454493743e+00 1.2917519909e+00 8.0368878693e+01
1.5501706485e+00 1.3957906712e+00 7.9207871838e+01
1.6777019340e+00 1.4629124005e+00 7.7982948222e+01
1.4964732651e+00 1.3890784983e+00 7.6785076532e+01
1.7683162685e+00 1.5031854380e+00 7.7999977225e+01
1.6072241183e+00 1.4293515358e+00 7.8186519489e+01
1.4293515358e+00 1.3387372014e+00 7.9272856953e+01
1.7112627986e+00 1.4830489192e+00 7.7361946592e+01
1.5635949943e+00 1.4025028441e+00 7.9131208098e+01
1.5031854380e+00 1.3790102389e+00 7.8483321757e+01
1.5098976109e+00 1.3823663254e+00 7.8453567226e+01
1.3722980660e+00 1.3051763367e+00 8.0289888328e+01
1.3588737201e+00 1.2984641638e+00 8.0331244907e+01
1.1575085324e+00 1.1910693970e+00 8.1782971228e+01
1.5233219568e+00 1.3924345848e+00 7.7942497777e+01
1.2078498294e+00 1.2212741752e+00 8.0823102510e+01
1.4461319681e+00 1.3555176337e+00 7.8011464955e+01
1.5199658703e+00 1.3857224118e+00 7.8640875517e+01
1.4629124005e+00 1.3521615472e+00 7.9655874271e+01
1.4562002275e+00 1.3555176337e+00 7.8675657808e+01
1.8589306030e+00 1.5468145620e+00 7.7524115577e+01
1.5166097838e+00 1.3890784983e+00 7.7971266082e+01
1.3622298066e+00 1.3085324232e+00 7.8962443963e+01
1.3152445961e+00 1.2783276451e+00 8.0143768687e+01
1.1675767918e+00 1.2044937429e+00 8.0136531708e+01
1.5803754266e+00 1.4192832765e+00 7.7892847024e+01
1.3219567691e+00 1.2917519909e+00 7.8533617949e+01
1.2783276451e+00 1.2783276451e+00 7.7387401039e+01
1.6575654152e+00 1.4494880546e+00 7.8550229499e+01
1.4897610922e+00 1.3790102389e+00 7.7639920971e+01
1.6575654152e+00 1.4494880546e+00 7.8550229499e+01
1.6978384528e+00 1.4864050057e+00 7.6293365587e+01
1.5401023891e+00 1.3957906712e+00 7.8542862357e+01
1.3420932878e+00 1.3085324232e+00 7.7570676481e+01
1.2514789534e+00 1.2548350398e+00 7.8826691470e+01
1.3219567691e+00 1.2816837315e+00 8.0130935788e+01
1.5770193402e+00 1.4092150171e+00 7.9052777050e+01
1.4763367463e+00 1.3857224118e+00 7.6065877037e+01
1.5132536974e+00 1.3823663254e+00 7.8672526870e+01
1.4629124005e+00 1.3555176337e+00 7.9140215050e+01
1.4159271900e+00 1.3353811149e+00 7.8815961559e+01
1.4796928328e+00 1.3655858931e+00 7.8822578420e+01
1.5770193402e+00 1.4192832765e+00 7.7695175323e+01
1.3991467577e+00 1.3320250284e+00 7.8146603822e+01
1.5501706485e+00 1.4125711035e+00 7.6988822369e+01
1.5703071672e+00 1.4394197952e+00 7.5068586297e+01
1.3756541524e+00 1.3152445961e+00 7.8930511023e+01
1.1172354949e+00 1.1709328783e+00 8.1656422321e+01
1.4562002275e+00 1.3555176337e+00 7.8675657808e+01
1.3622298066e+00 1.3018202503e+00 8.0033418254e+01
1.4461319681e+00 1.3488054608e+00 7.8957765940e+01
1.5233219568e+00 1.3823663254e+00 7.9355494278e+01
1.4192832765e+00 1.3320250284e+00 7.9571297751e+01
1.5434584755e+00 1.3991467577e+00 7.8297044264e+01
1.2145620023e+00 1.2380546075e+00 7.8547276028e+01
1.6240045506e+00 1.4461319681e+00 7.7052730413e+01
1.2279863481e+00 1.2380546075e+00 7.9628756930e+01
1.3857224118e+00 1.3219567691e+00 7.8656939703e+01
1.4562002275e+00 1.3521615472e+00 7.9168071325e+01
1.4058589306e+00 1.3186006826e+00 8.0758279383e+01
1.2313424346e+00 1.2346985210e+00 8.0517401542e+01
1.3790102389e+00 1.3085324232e+00 8.0267860331e+01
1.5333902162e+00 1.3991467577e+00 7.7681693350e+01
1.5468145620e+00 1.3924345848e+00 7.9477833596e+01
1.4998293515e+00 1.3790102389e+00 7.8266994175e+01
1.4964732651e+00 1.3655858931e+00 8.0025526977e+01
1.5602389078e+00 1.4125711035e+00 7.7562699660e+01
1.3454493743e+00 1.2951080774e+00 7.9796429207e+01
1.5568828214e+00 1.3991467577e+00 7.9169767042e+01
1.5468145620e+00 1.4125711035e+00 7.6802843604e+01
1.4293515358e+00 1.3454493743e+00 7.8294365083e+01
1.3823663254e+00 1.3219567691e+00 7.8423254273e+01
1.3085324232e+00 1.2749715586e+00 8.0155577170e+01
1.5904436860e+00 1.4192832765e+00 7.8505463572e+01
1.5166097838e+00 1.3823663254e+00 7.8895658704e+01
1.4729806598e+00 1.3588737201e+00 7.9349863626e+01
1.4461319681e+00 1.3420932878e+00 8.0002412726e+01
1.3085324232e+00 1.2749715586e+00 8.0155577170e+01
1.3353811149e+00 1.3118885097e+00 7.6715636479e+01
1.3722980660e+00 1.3152445961e+00 7.8689542878e+01
1.4494880546e+00 1.3655858931e+00 7.6925400609e+01
1.8354379977e+00 1.5468145620e+00 7.6383149961e+01
1.6072241183e+00 1.4394197952e+00 7.6936470030e+01
1.5266780432e+00 1.3924345848e+00 7.8150044634e+01
1.6709897611e+00 1.4763367463e+00 7.6065668031e+01
1.1944254835e+00 1.2246302617e+00 7.9043869286e+01
1.4192832765e+00 1.3387372014e+00 7.8562274361e+01
1.5266780432e+00 1.3890784983e+00 7.8608706254e+01
1.7146188851e+00 1.4796928328e+00 7.7955220806e+01
1.4461319681e+00 1.3488054608e+00 7.8957765940e+01
1.3286689420e+00 1.2917519909e+00 7.9027505322e+01
1.4964732651e+00 1.3722980660e+00 7.8991684544e+01
1.3991467577e+00 1.3320250284e+00 7.8146603822e+01
1.2581911263e+00 1.2581911263e+00 7.8827209751e+01
1.6307167235e+00 1.4528441411e+00 7.6630686519e+01
1.4796928328e+00 1.3588737201e+00 7.9842383595e+01
1.4327076223e+00 1.3353811149e+00 8.0061645986e+01
1.5468145620e+00 1.3890784983e+00 8.0000541356e+01
1.2414106940e+00 1.2346985210e+00 8.1501025744e+01
1.5837315131e+00 1.4092150171e+00 7.9505745975e+01
1.4998293515e+00 1.3689419795e+00 7.9738821391e+01
1.4327076223e+00 1.3454493743e+00 7.8519430377e+01
1.2984641638e+00 1.2615472127e+00 8.1775213404e+01
1.4159271900e+00 1.3454493743e+00 7.7432959480e+01
1.4494880546e+00 1.3588737201e+00 7.7777051594e+01
1.3253128555e+00 1.2951080774e+00 7.8286410859e+01
1.5132536974e+00 1.3790102389e+00 7.9157276930e+01
1.3085324232e+00 1.2783276451e+00 7.9589943950e+01
1.3622298066e+00 1.3152445961e+00 7.7994693227e+01
1.4897610922e+00 1.3823663254e+00 7.7215689401e+01
1.4360637088e+00 1.3387372014e+00 7.9773112642e+01
1.6844141069e+00 1.4629124005e+00 7.8372541484e+01
1.2716154721e+00 1.2716154721e+00 7.7845331821e+01
1.4394197952e+00 1.3454493743e+00 7.8982871930e+01
1.4595563140e+00 1.3488054608e+00 7.9940382990e+01
1.5770193402e+00 1.4192832765e+00 7.7695175323e+01
1.6307167235e+00 1.4595563140e+00 7.5890252040e+01
1.4864050057e+00 1.3588737201e+00 8.0359338917e+01
1.3521615472e+00 1.2984641638e+00 7.9780244346e+01
1.3454493743e+00 1.3118885097e+00 7.7345211662e+01
1.5635949943e+00 1.4125711035e+00 7.7759721621e+01
1.3957906712e+00 1.3186006826e+00 7.9927223311e+01
1.4696245734e+00 1.3588737201e+00 7.9111723553e+01
1.3622298066e+00 1.3051763367e+00 7.9483120309e+01
1.4159271900e+00 1.3353811149e+00 7.8815961559e+01
1.4226393629e+00 1.3555176337e+00 7.6584526535e+01
1.5300341297e+00 1.3991467577e+00 7.7483048264e+01
1.2749715586e+00 1.2615472127e+00 7.9625025561e+01
1.6542093288e+00 1.4595563140e+00 7.7094439085e+01
1.3790102389e+00 1.3152445961e+00 7.9176670914e+01
1.4259954494e+00 1.3488054608e+00 7.7625143435e+01
1.5937997725e+00 1.4293515358e+00 7.7404078583e+01
1.6642775882e+00 1.4595563140e+00 7.7644719766e+01
1.2346985210e+00 1.2447667804e+00 7.9083768064e+01
1.3353811149e+00 1.2951080774e+00 7.9016239735e+01
1.5401023891e+00 1.3991467577e+00 7.8088525287e+01
1.5401023891e+00 1.3924345848e+00 7.9017957496e+01
1.2481228669e+00 1.2380546075e+00 8.1497507770e+01
1.3756541524e+00 1.3085324232e+00 7.9993519675e+01
1.3790102389e+00 1.3186006826e+00 7.8673630960e+01
1.3722980660e+00 1.3085324232e+00 7.9726319797e+01
1.5501706485e+00 1.4058589306e+00 7.7822512496e+01
1.3890784983e+00 1.3152445961e+00 7.9950158779e+01
1.4763367463e+00 1.3655858931e+00 7.8596770678e+01
1.6911262799e+00 1.4830489192e+00 7.6328446701e+01
1.2917519909e+00 1.2749715586e+00 7.8814598654e+01
1.5333902162e+00 1.3890784983e+00 7.9053547054e+01
1.5367463026e+00 1.3857224118e+00 7.9795894675e+01
1.4763367463e+00 1.3655858931e+00 7.8596770678e+01
1.5635949943e+00 1.4159271900e+00 7.7338888787e+01
1.5703071672e+00 1.4259954494e+00 7.6514447665e+01
1.6542093288e+00 1.4494880546e+00 7.8348243194e+01
1.5501706485e+00 1.4125711035e+00 7.6988822369e+01
1.2984641638e+00 1.2816837315e+00 7.8312423090e+01
1.5300341297e+00 1.4058589306e+00 7.6669093722e+01
1.4360637088e+00 1.3420932878e+00 7.9247685577e+01
1.2011376564e+00 1.2179180887e+00 8.0817023430e+01
1.5132536974e+00 1.3857224118e+00 7.8209564664e+01
1.3118885097e+00 1.2883959044e+00 7.8301185687e+01
1.3186006826e+00 1.2951080774e+00 7.7823334212e+01
1.4159271900e+00 1.3320250284e+00 7.9321060792e+01
1.4528441411e+00 1.3488054608e+00 7.9437967086e+01
1.4226393629e+00 1.3286689420e+00 8.0389374268e+01
1.3957906712e+00 1.3186006826e+00 7.9927223311e+01
1.3588737201e+00 1.3018202503e+00 7.9763153335e+01
1.2279863481e+00 1.2414106940e+00 7.9079960711e+01
1.4427758817e+00 1.3488054608e+00 7.8725103092e+01
1.6743458476e+00 1.4629124005e+00 7.7792646194e+01
1.4528441411e+00 1.3488054608e+00 7.9437967086e+01
1.5434584755e+00 1.3857224118e+00 8.0295178586e+01
1.5468145620e+00 1.3991467577e+00 7.8509211467e+01
1.3253128555e+00 1.2850398180e+00 7.9839378819e+01
1.2883959044e+00 1.2649032992e+00 8.0184679461e+01
1.3588737201e+00 1.3085324232e+00 7.8718973097e+01
1.3890784983e+00 1.3353811149e+00 7.7062961354e+01
1.4629124005e+00 1.3622298066e+00 7.8181986703e+01
1.5770193402e+00 1.4226393629e+00 7.7278108897e+01
1.3320250284e+00 1.2816837315e+00 8.1019022964e+01
1.4092150171e+00 1.3186006826e+00 8.1052026652e+01
1.2581911263e+00 1.2581911263e+00 7.8827209751e+01
1.6642775882e+00 1.4494880546e+00 7.8964909704e+01
1.4763367463e+00 1.3655858931e+00 7.8596770678e+01
1.4025028441e+00 1.3253128555e+00 7.9366312224e+01
1.6777019340e+00 1.4629124005e+00 7.7982948222e+01
1.5233219568e+00 1.3890784983e+00 7.8392472719e+01
1.5233219568e+00 1.3823663254e+00 7.9355494278e+01
1.5401023891e+00 1.3957906712e+00 7.8542862357e+01
1.3420932878e+00 1.2850398180e+00 8.1314060592e+01
1.5568828214e+00 1.3991467577e+00 7.9169767042e+01
1.6005119454e+00 1.4327076223e+00 7.7371133569e+01
1.4058589306e+00 1.3454493743e+00 7.6822410420e+01
1.5132536974e+00 1.3790102389e+00 7.9157276930e+01
1.2984641638e+00 1.2749715586e+00 7.9331317986e+01
1.3890784983e+00 1.3186006826e+00 7.9408488915e+01
1.7011945392e+00 1.4796928328e+00 7.7224201470e+01
1.4528441411e+00 1.3622298066e+00 7.7547778655e+01
1.4461319681e+00 1.3555176337e+00 7.8011464955e+01
1.5602389078e+00 1.4092150171e+00 7.7992691113e+01
1.5602389078e+00 1.4159271900e+00 7.7148735379e+01
1.3924345848e+00 1.3253128555e+00 7.8639482927e+01
1.6172923777e+00 1.4360637088e+00 7.7912822771e+01
1.4931171786e+00 1.3790102389e+00 7.7845484038e+01
1.4092150171e+00 1.3353811149e+00 7.8353871441e+01
1.4025028441e+00 1.3420932878e+00 7.7036899379e+01
1.3622298066e+00 1.3118885097e+00 7.8467361843e+01
1.5568828214e+00 1.4058589306e+00 7.8231034671e+01
1.6005119454e+00 1.4226393629e+00 7.8677269875e+01
1.3957906712e+00 1.3286689420e+00 7.8390029087e+01
1.4796928328e+00 1.3655858931e+00 7.8822578420e+01
1.3320250284e+00 1.2816837315e+00 8.1019022964e+01
1.4058589306e+00 1.3219567691e+00 8.0171177918e+01
1.1373720137e+00 1.1843572241e+00 8.1019921604e+01
1.4696245734e+00 1.3655858931e+00 7.8157643294e+01
1.2279863481e+00 1.2313424346e+00 8.0833124293e+01
1.4427758817e+00 1.3521615472e+00 7.8251330886e+01
1.4125711035e+00 1.3286689420e+00 7.9595799292e+01
1.3991467577e+00 1.3253128555e+00 7.9118807063e+01
1.5098976109e+00 1.3924345848e+00 7.7144547053e+01
1.4192832765e+00 1.3320250284e+00 7.9571297751e+01
1.4394197952e+00 1.3555176337e+00 7.7587711543e+01
1.7280432309e+00 1.4830489192e+00 7.8289597775e+01
1.4931171786e+00 1.3756541524e+00 7.8294895838e+01
1.4830489192e+00 1.3890784983e+00 7.6047907346e+01
1.4998293515e+00 1.3823663254e+00 7.7819490496e+01
1.3588737201e+00 1.3085324232e+00 7.8718973097e+01
1.1541524460e+00 1.2044937429e+00 7.8961309159e+01
1.6038680319e+00 1.4293515358e+00 7.7986313354e+01
1.2380546075e+00 1.2380546075e+00 8.0518034586e+01
1.3890784983e+00 1.3253128555e+00 7.8407014827e+01
1.4427758817e+00 1.3420932878e+00 7.9744833550e+01
1.5098976109e+00 1.3991467577e+00 7.6349348074e+01
1.5434584755e+00 1.4025028441e+00 7.7853224124e+01
1.3991467577e+00 1.3286689420e+00 7.8621274380e+01
1.2984641638e+00 1.2716154721e+00 7.9882938015e+01
1.6072241183e+00 1.4427758817e+00 7.6548624492e+01
1.3454493743e+00 1.2917519909e+00 8.0368878693e+01
1.4159271900e+00 1.3420932878e+00 7.7874498591e+01
1.4931171786e+00 1.3790102389e+00 7.7845484038e+01
1.6978384528e+00 1.4763367463e+00 7.7444073504e+01
1.2917519909e+00 1.2682593857e+00 7.9891268041e+01
1.5703071672e+00 1.4159271900e+00 7.7727662868e+01
1.4931171786e+00 1.3823663254e+00 7.7413866286e+01
1.7347554039e+00 1.4998293515e+00 7.6642451444e+01
1.2984641638e+00 1.2749715586e+00 7.9331317986e+01
1.3085324232e+00 1.2816837315e+00 7.9055826735e+01
1.4696245734e+00 1.3689419795e+00 7.7711102492e+01
1.2514789534e+00 1.2548350398e+00 7.8826691470e+01
1.5937997725e+00 1.4159271900e+00 7.9193630155e+01
1.6172923777e+00 1.4394197952e+00 7.7491788586e+01
1.4696245734e+00 1.3622298066e+00 7.8623678138e+01
1.6240045506e+00 1.4293515358e+00 7.9241272018e+01
1.4964732651e+00 1.3756541524e+00 7.8512531710e+01
1.4192832765e+00 1.3353811149e+00 7.9054075736e+01
1.3253128555e+00 1.2917519909e+00 7.8777931890e+01
1.2984641638e+00 1.2716154721e+00 7.9882938015e+01
1.3018202503e+00 1.2716154721e+00 8.0166343545e+01
1.5300341297e+00 1.4159271900e+00 7.5544792062e+01
1.3219567691e+00 1.2917519909e+00 7.8533617949e+01
1.5971558589e+00 1.4427758817e+00 7.6030925871e+01
1.2984641638e+00 1.2615472127e+00 8.1775213404e+01
1.7750284414e+00 1.5098976109e+00 7.7543840569e+01
1.5065415245e+00 1.3823663254e+00 7.8238546528e+01
1.3018202503e+00 1.2716154721e+00 8.0166343545e+01
1.4562002275e+00 1.3588737201e+00 7.8205723931e+01
1.1944254835e+00 1.2145620023e+00 8.0809547653e+01
1.4662684869e+00 1.3555176337e+00 7.9379871763e+01
1.4629124005e+00 1.3555176337e+00 7.9140215050e+01
1.4427758817e+00 1.3555176337e+00 7.7797818856e+01
1.3790102389e+00 1.3253128555e+00 7.7735127226e+01
1.4394197952e+00 1.3387372014e+00 8.0032387315e+01
1.3790102389e+00 1.3186006826e+00 7.8673630960e+01
1.5300341297e+00 1.3924345848e+00 7.8361156493e+01
1.5770193402e+00 1.4159271900e+00 7.8128655611e+01
1.3286689420e+00 1.2917519909e+00 7.9027505322e+01
1.3521615472e+00 1.2917519909e+00 8.0959484847e+01
1.4964732651e+00 1.3890784983e+00 7.6785076532e+01
1.6072241183e+00 1.4293515358e+00 7.8186519489e+01
1.5937997725e+00 1.4293515358e+00 7.7404078583e+01
1.4259954494e+00 1.3420932878e+00 7.8541194536e+01
1.6340728100e+00 1.4595563140e+00 7.6056209551e+01
1.3588737201e+00 1.3051763367e+00 7.9227264469e+01
1.4327076223e+00 1.3387372014e+00 7.9520083264e+01
1.3857224118e+00 1.3152445961e+00 7.9686061849e+01
1.5568828214e+00 1.4025028441e+00 7.8689702111e+01
1.5602389078e+00 1.4159271900e+00 7.7148735379e+01
1.4729806598e+00 1.3722980660e+00 7.7483386436e+01
1.5333902162e+00 1.3823663254e+00 8.0083946894e+01
1.3320250284e+00 1.2883959044e+00 7.9826013277e+01
1.6542093288e+00 1.4696245734e+00 7.5964901678e+01
1.5098976109e+00 1.3890784983e+00 7.7563806286e+01
1.3118885097e+00 1.2816837315e+00 7.9314739283e+01
1.4696245734e+00 1.3622298066e+00 7.8623678138e+01
1.4998293515e+00 1.3857224118e+00 7.7389603508e+01
1.5703071672e+00 1.4092150171e+00 7.8617289375e+01
1.6240045506e+00 1.4427758817e+00 7.7456568008e+01
1.5031854380e+00 1.3890784983e+00 7.7168782040e+01
1.5233219568e+00 1.3857224118e+00 7.8862578159e+01
1.3488054608e+00 1.2951080774e+00 8.0069714574e+01
1.5837315131e+00 1.4159271900e+00 7.8543151574e+01
1.5669510808e+00 1.4058589306e+00 7.8870870894e+01
1.7112627986e+00 1.4796928328e+00 7.7768531219e+01
1.5031854380e+00 1.3722980660e+00 7.9460803215e+01
1.5770193402e+00 1.4192832765e+00 7.7695175323e+01
1.3521615472e+00 1.3085324232e+00 7.8246669600e+01
1.2447667804e+00 1.2447667804e+00 7.9919048205e+01
1.4360637088e+00 1.3488054608e+00 7.8273175841e+01
1.4696245734e+00 1.3722980660e+00 7.7281990582e+01
1.3521615472e+00 1.3152445961e+00 7.7336585691e+01
1.5266780432e+00 1.3957906712e+00 7.7710260634e+01
1.4092150171e+00 1.3253128555e+00 7.9878928091e+01
1.5870875995e+00 1.4226393629e+00 7.7858722775e+01
1.4360637088e+00 1.3420932878e+00 7.9247685577e+01
1.5904436860e+00 1.4259954494e+00 7.7628953242e+01
1.4964732651e+00 1.3823663254e+00 7.7615083028e+01
1.2011376564e+00 1.2212741752e+00 8.0191034612e+01
1.1541524460e+00 1.1944254835e+00 8.0734502064e+01
1.3790102389e+00 1.3051763367e+00 8.0866208450e+01
1.5971558589e+00 1.4226393629e+00 7.8467377281e+01
1.3286689420e+00 1.2984641638e+00 7.8045089747e+01
1.3991467577e+00 1.3286689420e+00 7.8621274380e+01
1.6340728100e+00 1.4394197952e+00 7.8474148453e+01
1.6474971559e+00 1.4394197952e+00 7.9322525492e+01
1.3118885097e+00 1.2850398180e+00 7.8795372618e+01
1.3655858931e+00 1.3152445961e+00 7.8221912890e+01
1.4964732651e+00 1.3588737201e+00 8.1190053755e+01
1.5031854380e+00 1.3722980660e+00 7.9460803215e+01
1.4662684869e+00 1.3689419795e+00 7.7505434784e+01
1.6005119454e+00 1.4226393629e+00 7.8677269875e+01
1.5367463026e+00 1.3823663254e+00 8.0338633112e+01
1.5568828214e+00 1.4058589306e+00 7.8231034671e+01
1.5199658703e+00 1.3857224118e+00 7.8640875517e+01
1.5233219568e+00 1.3823663254e+00 7.9355494278e+01
1.4058589306e+00 1.3253128555e+00 7.9619542555e+01
1.5233219568e+00 1.3857224118e+00 7.8862578159e+01
1.4025028441e+00 1.3219567691e+00 7.9903474071e+01
1.2548350398e+00 1.2615472127e+00 7.8080129194e+01
1.5635949943e+00 1.4159271900e+00 7.7338888787e+01
1.3722980660e+00 1.3051763367e+00 8.0289888328e+01
1.5468145620e+00 1.4025028441e+00 7.8057043713e+01
1.3152445961e+00 1.2917519909e+00 7.8059482859e+01
1.6307167235e+00 1.4629124005e+00 7.5536301796e+01
1.4427758817e+00 1.3420932878e+00 7.9744833550e+01
1.3857224118e+00 1.3253128555e+00 7.8178963131e+01
1.4327076223e+00 1.3521615472e+00 7.7606745797e+01
1.4796928328e+00 1.3689419795e+00 7.8349013416e+01
1.3622298066e+00 1.3085324232e+00 7.8962443963e+01
1.5300341297e+00 1.3924345848e+00 7.8361156493e+01
1.4360637088e+00 1.3420932878e+00 7.9247685577e+01
1.4092150171e+00 1.3320250284e+00 7.8836923017e+01
1.5602389078e+00 1.4192832765e+00 7.6749285940e+01
1.3957906712e+00 1.3286689420e+00 7.8390029087e+01
1.4293515358e+00 1.3555176337e+00 7.6976921606e+01
1.5434584755e+00 1.3857224118e+00 8.0295178586e+01
1.4125711035e+00 1.3320250284e+00 7.9076391335e+01
1.4394197952e+00 1.3454493743e+00 7.8982871930e+01
1.5199658703e+00 1.3890784983e+00 7.8180060208e+01
1.6743458476e+00 1.4595563140e+00 7.8219629015e+01
1.7616040956e+00 1.5098976109e+00 7.6855392467e+01
1.6810580205e+00 1.4696245734e+00 7.7342728175e+01
1.4629124005e+00 1.3555176337e+00 7.9140215050e+01
1.5803754266e+00 1.4159271900e+00 7.8334126729e+01
1.4293515358e+00 1.3420932878e+00 7.8771907257e+01
1.4964732651e+00 1.3689419795e+00 7.9494802758e+01
1.2548350398e+00 1.2548350398e+00 7.9088615169e+01
1.2850398180e+00 1.2749715586e+00 7.8320017925e+01
1.3152445961e+00 1.2816837315e+00 7.9579890875e+01
1.6307167235e+00 1.4461319681e+00 7.7420993603e+01
1.4864050057e+00 1.3756541524e+00 7.7870929920e+01
1.3991467577e+00 1.3420932878e+00 7.6835487250e+01
1.3387372014e+00 1.2951080774e+00 7.9270178919e+01
1.6978384528e+00 1.4763367463e+00 7.7444073504e+01
1.4092150171e+00 1.3253128555e+00 7.9878928091e+01
1.4729806598e+00 1.3756541524e+00 7.7063096501e+01
1.2649032992e+00 1.2682593857e+00 7.7844866537e+01
1.4327076223e+00 1.3454493743e+00 7.8519430377e+01
1.3320250284e+00 1.2883959044e+00 7.9826013277e+01
1.3488054608e+00 1.3118885097e+00 7.7561844229e+01
1.4528441411e+00 1.3454493743e+00 7.9971739068e+01
1.5300341297e+00 1.4058589306e+00 7.6669093722e+01
1.6441410694e+00 1.4394197952e+00 7.9104431935e+01
1.5501706485e+00 1.4092150171e+00 7.7397926857e+01
1.2682593857e+00 1.2682593857e+00 7.8082046860e+01
1.5535267349e+00 1.4058589306e+00 7.8025095416e+01
1.4662684869e+00 1.3555176337e+00 7.9379871763e+01
1.4327076223e+00 1.3488054608e+00 7.8053404088e+01
1.3488054608e+00 1.3018202503e+00 7.8991059176e+01
1.5703071672e+00 1.4058589306e+00 7.9092207382e+01
1.3320250284e+00 1.2883959044e+00 7.9826013277e+01
1.5568828214e+00 1.4125711035e+00 7.7368630335e+01
1.5065415245e+00 1.3890784983e+00 7.7364813580e+01
1.3655858931e+00 1.2984641638e+00 8.0914761159e+01
1.5300341297e+00 1.3924345848e+00 7.8361156493e+01
1.3756541524e+00 1.3118885097e+00 7.9447466795e+01
1.2313424346e+00 1.2414106940e+00 7.9352328244e+01
1.5401023891e+00 1.3991467577e+00 7.8088525287e+01
1.3420932878e+00 1.2951080774e+00 7.9530089850e+01
1.4058589306e+00 1.3219567691e+00 8.0171177918e+01
1.3454493743e+00 1.3051763367e+00 7.8257846050e+01
1.5199658703e+00 1.3957906712e+00 7.7313693593e+01
1.3756541524e+00 1.3118885097e+00 7.9447466795e+01
1.3555176337e+00 1.3085324232e+00 7.8480482802e+01
1.4125711035e+00 1.3387372014e+00 7.8111382536e+01
1.4427758817e+00 1.3588737201e+00 7.7362373631e+01
1.3320250284e+00 1.2917519909e+00 7.9282706003e+01
1.4159271900e+00 1.3420932878e+00 7.7874498591e+01
1.5166097838e+00 1.3790102389e+00 7.9391134947e+01
1.6273606371e+00 1.4360637088e+00 7.8515471183e+01
1.2850398180e+00 1.2716154721e+00 7.8819101517e+01
1.3823663254e+00 1.3118885097e+00 7.9972263322e+01
1.4494880546e+00 1.3555176337e+00 7.8228842768e+01
1.3823663254e+00 1.3387372014e+00 7.6257907582e+01
1.3924345848e+00 1.3320250284e+00 7.7707177732e+01
1.4394197952e+00 1.3521615472e+00 7.8032755060e+01
1.3924345848e+00 1.3320250284e+00 7.7707177732e+01
1.4696245734e+00 1.3622298066e+00 7.8623678138e+01
1.3353811149e+00 1.2917519909e+00 7.9543946296e+01
1.4931171786e+00 1.3823663254e+00 7.7413866286e+01
1.5098976109e+00 1.3890784983e+00 7.7563806286e+01
1.6072241183e+00 1.4394197952e+00 7.6936470030e+01
1.2850398180e+00 1.2816837315e+00 7.7386961738e+01
1.2447667804e+00 1.2447667804e+00 7.9919048205e+01
1.3286689420e+00 1.2951080774e+00 7.8524698801e+01
1.3823663254e+00 1.3253128555e+00 7.7955076719e+01
1.4830489192e+00 1.3655858931e+00 7.9052891069e+01
1.3488054608e+00 1.3051763367e+00 7.8492790528e+01
1.3924345848e+00 1.3286689420e+00 7.8163147560e+01
1.4293515358e+00 1.3353811149e+00 7.9800678015e+01
1.4494880546e+00 1.3588737201e+00 7.7777051594e+01
1.3387372014e+00 1.2984641638e+00 7.8756924475e+01
1.5837315131e+00 1.4226393629e+00 7.7662268869e+01
1.3957906712e+00 1.3420932878e+00 7.6636977349e+01
1.4427758817e+00 1.3454493743e+00 7.9221821069e+01
1.5535267349e+00 1.3957906712e+00 7.9438548429e+01
1.7079067122e+00 1.4729806598e+00 7.8431856493e+01
1.4964732651e+00 1.3823663254e+00 7.7615083028e+01
1.6340728100e+00 1.4562002275e+00 7.6425537591e+01
1.3387372014e+00 1.2883959044e+00 8.0386252948e+01
1.5300341297e+00 1.3857224118e+00 7.9319334261e+01
1.4931171786e+00 1.3655858931e+00 7.9773934271e+01
1.4964732651e+00 1.3756541524e+00 7.8512531710e+01
1.3051763367e+00 1.2749715586e+00 7.9873567309e+01
1.4931171786e+00 1.3890784983e+00 7.6597162904e+01
1.5803754266e+00 1.4159271900e+00 7.8334126729e+01
1.4796928328e+00 1.3622298066e+00 7.9319234713e+01
1.4998293515e+00 1.3722980660e+00 7.9223766672e+01
1.3655858931e+00 1.3118885097e+00 7.8704661572e+01
1.4562002275e+00 1.3488054608e+00 7.9686198513e+01
1.4595563140e+00 1.3622298066e+00 7.7967009677e+01
1.3320250284e+00 1.2883959044e+00 7.9826013277e+01
1.6642775882e+00 1.4629124005e+00 7.7238114285e+01
1.5803754266e+00 1.4226393629e+00 7.7468776008e+01
1.6038680319e+00 1.4360637088e+00 7.7151622681e+01
1.4159271900e+00 1.3353811149e+00 7.8815961559e+01
1.5434584755e+00 1.4159271900e+00 7.6235669994e+01
1.6374288965e+00 1.4494880546e+00 7.7385074090e+01
1.4830489192e+00 1.3622298066e+00 7.9561060914e+01
1.5098976109e+00 1.3790102389e+00 7.8928211887e+01
1.6206484642e+00 1.4461319681e+00 7.6872310097e+01
1.2749715586e+00 1.2649032992e+00 7.9083895958e+01
1.5703071672e+00 1.4226393629e+00 7.6904759316e+01
1.1944254835e+00 1.2145620023e+00 8.0809547653e+01
1.6172923777e+00 1.4327076223e+00 7.8350833738e+01
1.4562002275e+00 1.3555176337e+00 7.8675657808e+01
1.4830489192e+00 1.3655858931e+00 7.9052891069e+01
1.3454493743e+00 1.2984641638e+00 7.9256752757e+01
1.3756541524e+00 1.3152445961e+00 7.8930511023e+01
1.4964732651e+00 1.3689419795e+00 7.9494802758e+01
1.3655858931e+00 1.3085324232e+00 7.9211232895e+01
1.3655858931e+00 1.3051763367e+00 7.9745172921e+01
1.3219567691e+00 1.2917519909e+00 7.8533617949e+01
1.4796928328e+00 1.3756541524e+00 7.7460768388e+01
1.6072241183e+00 1.4293515358e+00 7.8186519489e+01
1.5401023891e+00 1.3991467577e+00 7.8088525287e+01
1.2883959044e+00 1.2649032992e+00 8.0184679461e+01
1.5166097838e+00 1.3857224118e+00 7.8423280228e+01
1.8421501706e+00 1.5401023891e+00 7.7455488623e+01
1.3890784983e+00 1.3186006826e+00 7.9408488915e+01
1.5199658703e+00 1.3823663254e+00 7.9123219738e+01
1.4964732651e+00 1.3857224118e+00 7.7192499528e+01
1.6978384528e+00 1.4763367463e+00 7.7444073504e+01
1.4360637088e+00 1.3588737201e+00 7.6960353091e+01
1.4964732651e+00 1.3790102389e+00 7.8054447798e+01
1.3957906712e+00 1.3286689420e+00 7.8390029087e+01
1.5770193402e+00 1.4159271900e+00 7.8128655611e+01
1.5132536974e+00 1.3857224118e+00 7.8209564664e+01
1.6139362912e+00 1.4192832765e+00 8.0075740013e+01
1.4125711035e+00 1.3320250284e+00 7.9076391335e+01
1.3890784983e+00 1.3286689420e+00 7.7940383243e+01
1.7548919226e+00 1.5166097838e+00 7.5810291705e+01
1.4327076223e+00 1.3454493743e+00 7.8519430377e+01
1.2514789534e+00 1.2447667804e+00 8.0515536696e+01
1.6072241183e+00 1.4461319681e+00 7.6173122385e+01
1.4729806598e+00 1.3756541524e+00 7.7063096501e+01
1.3756541524e+00 1.3085324232e+00 7.9993519675e+01
1.4998293515e+00 1.3857224118e+00 7.7389603508e+01
1.4461319681e+00 1.3488054608e+00 7.8957765940e+01
1.4058589306e+00 1.3286689420e+00 7.9097973323e+01
1.3118885097e+00 1.2783276451e+00 7.9863172672e+01
1.4058589306e+00 1.3219567691e+00 8.0171177918e+01
1.3320250284e+00 1.2816837315e+00 8.1019022964e+01
1.4461319681e+00 1.3588737201e+00 7.7568052062e+01
1.8052332196e+00 1.5166097838e+00 7.8352899065e+01
1.2682593857e+00 1.2649032992e+00 7.8572105661e+01
1.4830489192e+00 1.3689419795e+00 7.8569268666e+01
1.3991467577e+00 1.3219567691e+00 7.9642511518e+01
1.5602389078e+00 1.4058589306e+00 7.8440509857e+01
1.4528441411e+00 1.3555176337e+00 7.8450163247e+01
1.4897610922e+00 1.3689419795e+00 7.9022577752e+01
1.3488054608e+00 1.2883959044e+00 8.1292262132e+01
1.5803754266e+00 1.4125711035e+00 7.8794659982e+01
1.2212741752e+00 1.2313424346e+00 8.0207927080e+01
1.5098976109e+00 1.3957906712e+00 7.6740171990e+01
1.5367463026e+00 1.4025028441e+00 7.7455145748e+01
1.4998293515e+00 1.3722980660e+00 7.9223766672e+01
1.1843572241e+00 1.2246302617e+00 7.8250419878e+01
1.3320250284e+00 1.2984641638e+00 7.8277729792e+01
1.4360637088e+00 1.3622298066e+00 7.6554571655e+01
1.4192832765e+00 1.3320250284e+00 7.9571297751e+01
1.5166097838e+00 1.3924345848e+00 7.7537388840e+01
1.3655858931e+00 1.3085324232e+00 7.9211232895e+01
1.6407849829e+00 1.4427758817e+00 7.8432496477e+01
1.4427758817e+00 1.3420932878e+00 7.9744833550e+01
1.1172354949e+00 1.1709328783e+00 8.1656422321e+01
1.3655858931e+00 1.3118885097e+00 7.8704661572e+01
1.3387372014e+00 1.2917519909e+00 7.9811691125e+01
1.2951080774e+00 1.2850398180e+00 7.7609867429e+01
1.2447667804e+00 1.2615472127e+00 7.7376129507e+01
1.4092150171e+00 1.3219567691e+00 8.0446190059e+01
1.3018202503e+00 1.2716154721e+00 8.0166343545e+01
1.5904436860e+00 1.4259954494e+00 7.7628953242e+01
1.3991467577e+00 1.3219567691e+00 7.9642511518e+01
1.4159271900e+00 1.3387372014e+00 7.8334725691e+01
1.3890784983e+00 1.3253128555e+00 7.8407014827e+01
1.5367463026e+00 1.3957906712e+00 7.8329343184e+01
1.3790102389e+00 1.3152445961e+00 7.9176670914e+01
1.4629124005e+00 1.3622298066e+00 7.8181986703e+01
1.7045506257e+00 1.4763367463e+00 7.7811915644e+01
1.2615472127e+00 1.2514789534e+00 8.0208074687e+01
1.2481228669e+00 1.2615472127e+00 7.7606523712e+01
1.7112627986e+00 1.4796928328e+00 7.7768531219e+01
1.2112059158e+00 1.2279863481e+00 7.9904082149e+01
1.5367463026e+00 1.3991467577e+00 7.7883465976e+01
1.3253128555e+00 1.3018202503e+00 7.7366443950e+01
1.4058589306e+00 1.3387372014e+00 7.7676401440e+01
1.4058589306e+00 1.3320250284e+00 7.8602327729e+01
1.1541524460e+00 1.2011376564e+00 7.9516277445e+01
1.6206484642e+00 1.4293515358e+00 7.9022475500e+01
1.7280432309e+00 1.4931171786e+00 7.7062572812e+01
1.2380546075e+00 1.2414106940e+00 7.9918459901e+01
1.3286689420e+00 1.2883959044e+00 7.9556875989e+01
1.5937997725e+00 1.4125711035e+00 7.9694566080e+01
1.3823663254e+00 1.3286689420e+00 7.7506328338e+01
1.5199658703e+00 1.4092150171e+00 7.5756109975e+01
1.4226393629e+00 1.3320250284e+00 7.9827513377e+01
1.4897610922e+00 1.3890784983e+00 7.6411729327e+01
1.5770193402e+00 1.4125711035e+00 7.8580430501e+01
1.4595563140e+00 1.3622298066e+00 7.7967009677e+01
1.5870875995e+00 1.4226393629e+00 7.7858722775e+01
1.4427758817e+00 1.3588737201e+00 7.7362373631e+01
1.5971558589e+00 1.4293515358e+00 7.7595238029e+01
1.3454493743e+00 1.2883959044e+00 8.0980358331e+01
1.5199658703e+00 1.3924345848e+00 7.7738334681e+01
1.4864050057e+00 1.3655858931e+00 7.9287999453e+01
1.2716154721e+00 1.2548350398e+00 8.0502641291e+01
1.5669510808e+00 1.4058589306e+00 7.8870870894e+01
1.3890784983e+00 1.3219567691e+00 7.8895376479e+01
1.4931171786e+00 1.3823663254e+00 7.7413866286e+01
1.4125711035e+00 1.3320250284e+00 7.9076391335e+01
1.4159271900e+00 1.3454493743e+00 7.7432959480e+01
1.3655858931e+00 1.3051763367e+00 7.9745172921e+01
1.5770193402e+00 1.4327076223e+00 7.6110794686e+01
1.4025028441e+00 1.3219567691e+00 7.9903474071e+01
1.5468145620e+00 1.3957906712e+00 7.8981882744e+01
1.3957906712e+00 1.3320250284e+00 7.7924966431e+01
1.4394197952e+00 1.3420932878e+00 7.9493401677e+01
1.1642207053e+00 1.2011376564e+00 8.0438164620e+01
1.1575085324e+00 1.1944254835e+00 8.1075217569e+01
1.4159271900e+00 1.3387372014e+00 7.8334725691e+01
1.5971558589e+00 1.4293515358e+00 7.7595238029e+01
1.4461319681e+00 1.3454493743e+00 7.9466024519e+01
1.5971558589e+00 1.4293515358e+00 7.7595238029e+01
1.3957906712e+00 1.3286689420e+00 7.8390029087e+01
1.4562002275e+00 1.3488054608e+00 7.9686198513e+01
1.4360637088e+00 1.3488054608e+00 7.8273175841e+01
1.6676336746e+00 1.4662684869e+00 7.7021927633e+01
1.4159271900e+00 1.3555176337e+00 7.6202785141e+01
1.3756541524e+00 1.3118885097e+00 7.9447466795e+01
1.3286689420e+00 1.2951080774e+00 7.8524698801e+01
1.5166097838e+00 1.3823663254e+00 7.8895658704e+01
1.5031854380e+00 1.3790102389e+00 7.8483321757e+01
1.3286689420e+00 1.2850398180e+00 8.0117096192e+01
1.6642775882e+00 1.4528441411e+00 7.8506221525e+01
1.4259954494e+00 1.3454493743e+00 7.8073399870e+01
1.5736632537e+00 1.4192832765e+00 7.7500509759e+01
1.5904436860e+00 1.4192832765e+00 7.8505463572e+01
1.6105802048e+00 1.4528441411e+00 7.5617643369e+01
1.4394197952e+00 1.3622298066e+00 7.6747513630e+01
1.3555176337e+00 1.3051763367e+00 7.8977173578e+01
1.7817406143e+00 1.5031854380e+00 7.8760649556e+01
1.3924345848e+00 1.3353811149e+00 7.7269372453e+01
1.2044937429e+00 1.2313424346e+00 7.8793028664e+01
1.6844141069e+00 1.4796928328e+00 7.6363246919e+01
1.3790102389e+00 1.3253128555e+00 7.7735127226e+01
1.3320250284e+00 1.2984641638e+00 7.8277729792e+01
1.4729806598e+00 1.3689419795e+00 7.7920133510e+01
1.4729806598e+00 1.3722980660e+00 7.7483386436e+01
1.3454493743e+00 1.2984641638e+00 7.9256752757e+01
1.3689419795e+00 1.3018202503e+00 8.0596616972e+01
1.3655858931e+00 1.3152445961e+00 7.8221912890e+01
1.6441410694e+00 1.4494880546e+00 7.7761585915e+01
1.3722980660e+00 1.3118885097e+00 7.9194363327e+01
1.5031854380e+00 1.3823663254e+00 7.8027252334e+01
1.3521615472e+00 1.3186006826e+00 7.6907994255e+01
1.4729806598e+00 1.3622298066e+00 7.8850858039e+01
1.4796928328e+00 1.3689419795e+00 7.8349013416e+01
1.5065415245e+00 1.3689419795e+00 8.0244649729e+01
1.5468145620e+00 1.4058589306e+00 7.7623120904e+01
1.4595563140e+00 1.3555176337e+00 7.8905581221e+01
1.1910693970e+00 1.2145620023e+00 8.0486205133e+01
1.5434584755e+00 1.4025028441e+00 7.7853224124e+01
1.6139362912e+00 1.4327076223e+00 7.8148657726e+01
1.4528441411e+00 1.3454493743e+00 7.9971739068e+01
1.4293515358e+00 1.3387372014e+00 7.9272856953e+01
1.4629124005e+00 1.3655858931e+00 7.7733681945e+01
1.6038680319e+00 1.4293515358e+00 7.7986313354e+01
1.2682593857e+00 1.2581911263e+00 7.9628893893e+01
1.4125711035e+00 1.3320250284e+00 7.9076391335e+01
1.3253128555e+00 1.3085324232e+00 7.6516304669e+01
1.5904436860e+00 1.4394197952e+00 7.6057942119e+01
1.5837315131e+00 1.4226393629e+00 7.7662268869e+01
1.3588737201e+00 1.3118885097e+00 7.8234687536e+01
1.2212741752e+00 1.2447667804e+00 7.8058046966e+01
1.5166097838e+00 1.3823663254e+00 7.8895658704e+01
1.5501706485e+00 1.4058589306e+00 7.7822512496e+01
1.6743458476e+00 1.4528441411e+00 7.9129321526e+01
1.4595563140e+00 1.3521615472e+00 7.9409244513e+01
1.3186006826e+00 1.2783276451e+00 8.0432380556e+01
1.4729806598e+00 1.3622298066e+00 7.8850858039e+01
1.5468145620e+00 1.4025028441e+00 7.8057043713e+01
1.3555176337e+00 1.3118885097e+00 7.8006369171e+01
1.4259954494e+00 1.3320250284e+00 8.0090171698e+01
1.4662684869e+00 1.3555176337e+00 7.9379871763e+01
1.6105802048e+00 1.4360637088e+00 7.7526646477e+01
1.3991467577e+00 1.3353811149e+00 7.7692136995e+01
1.6542093288e+00 1.4427758817e+00 7.9274626114e+01
1.2783276451e+00 1.2615472127e+00 7.9904739360e+01
1.5132536974e+00 1.3790102389e+00 7.9157276930e+01
1.3420932878e+00 1.2984641638e+00 7.9004086120e+01
1.7011945392e+00 1.4796928328e+00 7.7224201470e+01
1.3454493743e+00 1.2951080774e+00 7.9796429207e+01
1.4025028441e+00 1.3286689420e+00 7.8857155397e+01
1.4192832765e+00 1.3320250284e+00 7.9571297751e+01
1.4427758817e+00 1.3555176337e+00 7.7797818856e+01
1.4796928328e+00 1.3655858931e+00 7.8822578420e+01
1.5535267349e+00 1.3991467577e+00 7.8945335258e+01
1.3588737201e+00 1.3219567691e+00 7.6899749801e+01
1.4360637088e+00 1.3722980660e+00 7.5413957440e+01
1.5166097838e+00 1.3890784983e+00 7.7971266082e+01
1.3588737201e+00 1.2984641638e+00 8.0331244907e+01
1.4662684869e+00 1.3521615472e+00 7.9908360935e+01
1.4864050057e+00 1.3588737201e+00 8.0359338917e+01
1.1843572241e+00 1.2112059158e+00 8.0476290705e+01
1.3152445961e+00 1.2783276451e+00 8.0143768687e+01
1.6206484642e+00 1.4394197952e+00 7.7682223782e+01
1.5703071672e+00 1.4192832765e+00 7.7308711815e+01
1.3857224118e+00 1.3253128555e+00 7.8178963131e+01
1.5065415245e+00 1.3890784983e+00 7.7364813580e+01
1.3722980660e+00 1.3286689420e+00 7.6881104284e+01
1.5031854380e+00 1.3857224118e+00 7.7589707887e+01
1.5434584755e+00 1.4025028441e+00 7.7853224124e+01
1.5300341297e+00 1.3924345848e+00 7.8361156493e+01
1.4461319681e+00 1.3588737201e+00 7.7568052062e+01
1.4629124005e+00 1.3823663254e+00 7.5724894245e+01
1.4125711035e+00 1.3387372014e+00 7.8111382536e+01
1.6374288965e+00 1.4562002275e+00 7.6598390834e+01
1.6474971559e+00 1.4528441411e+00 7.7534533020e+01
1.5669510808e+00 1.4125711035e+00 7.7959841368e+01
1.3957906712e+00 1.3253128555e+00 7.8876644611e+01
1.5132536974e+00 1.3823663254e+00 7.8672526870e+01
1.3488054608e+00 1.3018202503e+00 7.8991059176e+01
1.7313993174e+00 1.5098976109e+00 7.5419770255e+01
1.4461319681e+00 1.3387372014e+00 8.0571746922e+01
1.4830489192e+00 1.3722980660e+00 7.8107186175e+01
1.4192832765e+00 1.3286689420e+00 8.0117947223e+01
1.4494880546e+00 1.3555176337e+00 7.8228842768e+01
1.7750284414e+00 1.5166097838e+00 7.6771087704e+01
1.6273606371e+00 1.4528441411e+00 7.6456843224e+01
1.5266780432e+00 1.3924345848e+00 7.8150044634e+01
1.5837315131e+00 1.4259954494e+00 7.7247089376e+01
1.4931171786e+00 1.3790102389e+00 7.7845484038e+01
1.7213310580e+00 1.5031854380e+00 7.5640692075e+01
1.5434584755e+00 1.3991467577e+00 7.8297044264e+01
1.5602389078e+00 1.4125711035e+00 7.7562699660e+01
1.6005119454e+00 1.4192832765e+00 7.9151391211e+01
1.5233219568e+00 1.3957906712e+00 7.7510466043e+01
1.5703071672e+00 1.4192832765e+00 7.7308711815e+01
1.3454493743e+00 1.3051763367e+00 7.8257846050e+01
1.6474971559e+00 1.4494880546e+00 7.7954079538e+01
1.3890784983e+00 1.3320250284e+00 7.7493036415e+01
1.3387372014e+00 1.2917519909e+00 7.9811691125e+01
1.5199658703e+00 1.3890784983e+00 7.8180060208e+01
1.4494880546e+00 1.3655858931e+00 7.6925400609e+01
1.7011945392e+00 1.4830489192e+00 7.6835501965e+01
1.3790102389e+00 1.3118885097e+00 7.9706610590e+01
1.6273606371e+00 1.4427758817e+00 7.7645814775e+01
1.3253128555e+00 1.2951080774e+00 7.8286410859e+01
1.3555176337e+00 1.3118885097e+00 7.8006369171e+01
1.6508532423e+00 1.4729806598e+00 7.5451860798e+01
1.1944254835e+00 1.2145620023e+00 8.0809547653e+01
1.5434584755e+00 1.4025028441e+00 7.7853224124e+01
1.6474971559e+00 1.4595563140e+00 7.6739745852e+01
1.7011945392e+00 1.4897610922e+00 7.6094827644e+01
1.3823663254e+00 1.3353811149e+00 7.6659311150e+01
1.3756541524e+00 1.3118885097e+00 7.9447466795e+01
1.4662684869e+00 1.3555176337e+00 7.9379871763e+01
1.5870875995e+00 1.4192832765e+00 7.8297821289e+01
1.2447667804e+00 1.2481228669e+00 7.9356776907e+01
1.2716154721e+00 1.2548350398e+00 8.0502641291e+01
1.3186006826e+00 1.2951080774e+00 7.7823334212e+01
1.3353811149e+00 1.2984641638e+00 7.8514912109e+01
1.5770193402e+00 1.4293515358e+00 7.6487157651e+01
1.4729806598e+00 1.3722980660e+00 7.7483386436e+01
1.5199658703e+00 1.3890784983e+00 7.8180060208e+01
1.5065415245e+00 1.4025028441e+00 7.5795810905e+01
1.5266780432e+00 1.3991467577e+00 7.7287383907e+01
1.4025028441e+00 1.3186006826e+00 8.0473394069e+01
1.2816837315e+00 1.2649032992e+00 7.9620086822e+01
1.3420932878e+00 1.2984641638e+00 7.9004086120e+01
1.4125711035e+00 1.3387372014e+00 7.8111382536e+01
1.4226393629e+00 1.3387372014e+00 7.8794285012e+01
1.6642775882e+00 1.4729806598e+00 7.6097982297e+01
1.4025028441e+00 1.3219567691e+00 7.9903474071e+01
1.6441410694e+00 1.4494880546e+00 7.7761585915e+01
1.5669510808e+00 1.4125711035e+00 7.7959841368e+01
1.5166097838e+00 1.3857224118e+00 7.8423280228e+01
1.1474402730e+00 1.2011376564e+00 7.8943211422e+01
1.6005119454e+00 1.4259954494e+00 7.8224007383e+01
1.5803754266e+00 1.4259954494e+00 7.7060211388e+01
1.4763367463e+00 1.3756541524e+00 7.7260445308e+01
1.3823663254e+00 1.3152445961e+00 7.9428385522e+01
1.4461319681e+00 1.3521615472e+00 7.8473901711e+01
1.0970989761e+00 1.1608646189e+00 8.1569681072e+01
1.6038680319e+00 1.4226393629e+00 7.8890994936e+01
1.2548350398e+00 1.2514789534e+00 7.9633356827e+01
1.2615472127e+00 1.2548350398e+00 7.9631676164e+01
1.3152445961e+00 1.2816837315e+00 7.9579890875e+01
1.5031854380e+00 1.3722980660e+00 7.9460803215e+01
1.3152445961e+00 1.2917519909e+00 7.8059482859e+01
1.5065415245e+00 1.3857224118e+00 7.7792960433e+01
1.1675767918e+00 1.2011376564e+00 8.0765365993e+01
1.5837315131e+00 1.4159271900e+00 7.8543151574e+01
1.4830489192e+00 1.3756541524e+00 7.7664210863e+01
1.3823663254e+00 1.3286689420e+00 7.7506328338e+01
1.5199658703e+00 1.3823663254e+00 7.9123219738e+01
1.3353811149e+00 1.2951080774e+00 7.9016239735e+01
1.3488054608e+00 1.2984641638e+00 7.9515322697e+01
1.3152445961e+00 1.2816837315e+00 7.9579890875e+01
1.5971558589e+00 1.4360637088e+00 7.6786800379e+01
1.2145620023e+00 1.2279863481e+00 8.0203579001e+01
1.7246871445e+00 1.4729806598e+00 7.9460601718e+01
1.4528441411e+00 1.3521615472e+00 7.8931997742e+01
1.3790102389e+00 1.3253128555e+00 7.7735127226e+01
1.5199658703e+00 1.3857224118e+00 7.8640875517e+01
1.4897610922e+00 1.3722980660e+00 7.8541184820e+01
1.3555176337e+00 1.2951080774e+00 8.0639573499e+01
1.2649032992e+00 1.2581911263e+00 7.9355154509e+01
1.4025028441e+00 1.3320250284e+00 7.8372310252e+01
1.6038680319e+00 1.4226393629e+00 7.8890994936e+01
1.6206484642e+00 1.4327076223e+00 7.8556454824e+01
1.6340728100e+00 1.4494880546e+00 7.7200806229e+01
1.3454493743e+00 1.2984641638e+00 7.9256752757e+01
1.5568828214e+00 1.4092150171e+00 7.7791341555e+01
1.4830489192e+00 1.3655858931e+00 7.9052891069e+01
1.2514789534e+00 1.2414106940e+00 8.1155838583e+01
1.2447667804e+00 1.2447667804e+00 7.9919048205e+01
1.6038680319e+00 1.4360637088e+00 7.7151622681e+01
1.3722980660e+00 1.3118885097e+00 7.9194363327e+01
1.7649601820e+00 1.4931171786e+00 7.9126952288e+01
1.4226393629e+00 1.3387372014e+00 7.8794285012e+01
1.7381114903e+00 1.5098976109e+00 7.5726931347e+01
1.3790102389e+00 1.3152445961e+00 7.9176670914e+01
1.5166097838e+00 1.3823663254e+00 7.8895658704e+01
1.4058589306e+00 1.3353811149e+00 7.8129344608e+01
1.6206484642e+00 1.4427758817e+00 7.7270022371e+01
1.2682593857e+00 1.2615472127e+00 7.9086508187e+01
1.3790102389e+00 1.3253128555e+00 7.7735127226e+01
1.4058589306e+00 1.3286689420e+00 7.9097973323e+01
1.2816837315e+00 1.2649032992e+00 7.9620086822e+01
1.5770193402e+00 1.4159271900e+00 7.8128655611e+01
1.5904436860e+00 1.4293515358e+00 7.7215662466e+01
1.5300341297e+00 1.3957906712e+00 7.7913227444e+01
1.1340159272e+00 1.1977815700e+00 7.8376848497e+01
1.3253128555e+00 1.3018202503e+00 7.7366443950e+01
1.4159271900e+00 1.3454493743e+00 7.7432959480e+01
1.7884527873e+00 1.5333902162e+00 7.5625002877e+01
1.2447667804e+00 1.2514789534e+00 7.8825127493e+01
1.2414106940e+00 1.2414106940e+00 8.0213462557e+01
1.4864050057e+00 1.3588737201e+00 8.0359338917e+01
1.4125711035e+00 1.3387372014e+00 7.8111382536e+01
1.6139362912e+00 1.4327076223e+00 7.8148657726e+01
1.6340728100e+00 1.4595563140e+00 7.6056209551e+01
1.2716154721e+00 1.2682593857e+00 7.8323865343e+01
1.4226393629e+00 1.3320250284e+00 7.9827513377e+01
1.2917519909e+00 1.2716154721e+00 7.9338128329e+01
1.4394197952e+00 1.3555176337e+00 7.7587711543e+01
1.6307167235e+00 1.4528441411e+00 7.6630686519e+01
1.4696245734e+00 1.3521615472e+00 8.0167155963e+01
1.3320250284e+00 1.2783276451e+00 8.1684017351e+01
1.5501706485e+00 1.3991467577e+00 7.8725233071e+01
1.4729806598e+00 1.3555176337e+00 7.9875689131e+01
1.5199658703e+00 1.4092150171e+00 7.5756109975e+01
1.4595563140e+00 1.3521615472e+00 7.9409244513e+01
1.4494880546e+00 1.3555176337e+00 7.8228842768e+01
1.4729806598e+00 1.3722980660e+00 7.7483386436e+01
1.4461319681e+00 1.3420932878e+00 8.0002412726e+01
1.3857224118e+00 1.3219567691e+00 7.8656939703e+01
1.4864050057e+00 1.3790102389e+00 7.7437591440e+01
1.7179749716e+00 1.4864050057e+00 7.7320512990e+01
1.5937997725e+00 1.4226393629e+00 7.8261111382e+01
1.4729806598e+00 1.3622298066e+00 7.8850858039e+01
1.4830489192e+00 1.3689419795e+00 7.8569268666e+01
1.5132536974e+00 1.3924345848e+00 7.7339506860e+01
1.4226393629e+00 1.3353811149e+00 7.9297320353e+01
1.4192832765e+00 1.3387372014e+00 7.8562274361e+01
1.4092150171e+00 1.3219567691e+00 8.0446190059e+01
1.5602389078e+00 1.4092150171e+00 7.7992691113e+01
1.5837315131e+00 1.4226393629e+00 7.7662268869e+01
1.2078498294e+00 1.2179180887e+00 8.1497331715e+01
1.5535267349e+00 1.3991467577e+00 7.8945335258e+01
1.3655858931e+00 1.3118885097e+00 7.8704661572e+01
1.5098976109e+00 1.3689419795e+00 8.0507407983e+01
1.4796928328e+00 1.3790102389e+00 7.7042028693e+01
1.7045506257e+00 1.4796928328e+00 7.7403135876e+01
1.5703071672e+00 1.4125711035e+00 7.8163216220e+01
1.7884527873e+00 1.5031854380e+00 7.9160294742e+01
1.5166097838e+00 1.3857224118e+00 7.8423280228e+01
1.3588737201e+00 1.2984641638e+00 8.0331244907e+01
1.3186006826e+00 1.2783276451e+00 8.0432380556e+01
1.5401023891e+00 1.4058589306e+00 7.7233315202e+01
1.5468145620e+00 1.4058589306e+00 7.7623120904e+01
1.7616040956e+00 1.4998293515e+00 7.8048672185e+01
1.5233219568e+00 1.3790102389e+00 7.9874566050e+01
1.2481228669e+00 1.2514789534e+00 7.9088081304e+01
1.3555176337e+00 1.2917519909e+00 8.1269425054e+01
1.5501706485e+00 1.4025028441e+00 7.8264271045e+01
1.6072241183e+00 1.4293515358e+00 7.8186519489e+01
1.2984641638e+00 1.2749715586e+00 7.9331317986e+01
1.5401023891e+00 1.3823663254e+00 8.0600048666e+01
1.2917519909e+00 1.2783276451e+00 7.8316682391e+01
1.2615472127e+00 1.2514789534e+00 8.0208074687e+01
1.5166097838e+00 1.3790102389e+00 7.9391134947e+01
1.6139362912e+00 1.4226393629e+00 7.9557541125e+01
1.3722980660e+00 1.3085324232e+00 7.9726319797e+01
1.6139362912e+00 1.4394197952e+00 7.7304096548e+01
1.4058589306e+00 1.3253128555e+00 7.9619542555e+01
1.4058589306e+00 1.3253128555e+00 7.9619542555e+01
1.6038680319e+00 1.4360637088e+00 7.7151622681e+01
1.2447667804e+00 1.2414106940e+00 8.0517407236e+01
1.3991467577e+00 1.3186006826e+00 8.0196597774e+01
1.3991467577e+00 1.3320250284e+00 7.8146603822e+01
1.5468145620e+00 1.4125711035e+00 7.6802843604e+01
1.5401023891e+00 1.4092150171e+00 7.6828949351e+01
1.4058589306e+00 1.3387372014e+00 7.7676401440e+01
1.2816837315e+00 1.2716154721e+00 7.8568151562e+01
1.3790102389e+00 1.3118885097e+00 7.9706610590e+01
1.6508532423e+00 1.4528441411e+00 7.7722943383e+01
1.3823663254e+00 1.3253128555e+00 7.7955076719e+01
1.3219567691e+00 1.2917519909e+00 7.8533617949e+01
1.3790102389e+00 1.3186006826e+00 7.8673630960e+01
1.4796928328e+00 1.3722980660e+00 7.7895816873e+01
1.4562002275e+00 1.3655858931e+00 7.7323363120e+01
1.5468145620e+00 1.4025028441e+00 7.8057043713e+01
1.3488054608e+00 1.2917519909e+00 8.0659616452e+01
1.6273606371e+00 1.4461319681e+00 7.7235589407e+01
1.4360637088e+00 1.3420932878e+00 7.9247685577e+01
1.4293515358e+00 1.3521615472e+00 7.7398935195e+01
1.5971558589e+00 1.4159271900e+00 7.9419057739e+01
1.4629124005e+00 1.3555176337e+00 7.9140215050e+01
1.5031854380e+00 1.3756541524e+00 7.8960224848e+01
1.6441410694e+00 1.4595563140e+00 7.6565755991e+01
1.2850398180e+00 1.2649032992e+00 7.9898540694e+01
1.3051763367e+00 1.2749715586e+00 7.9873567309e+01
1.2481228669e+00 1.2414106940e+00 8.0831183629e+01
1.6508532423e+00 1.4528441411e+00 7.7722943383e+01
1.4662684869e+00 1.3655858931e+00 7.7943868320e+01
1.5635949943e+00 1.4025028441e+00 7.9131208098e+01
1.3655858931e+00 1.3051763367e+00 7.9745172921e+01
1.5401023891e+00 1.3991467577e+00 7.8088525287e+01
1.6105802048e+00 1.4293515358e+00 7.8390052046e+01
1.7112627986e+00 1.4729806598e+00 7.8630389735e+01
1.5031854380e+00 1.3722980660e+00 7.9460803215e+01
1.5535267349e+00 1.3957906712e+00 7.9438548429e+01
1.6139362912e+00 1.4259954494e+00 7.9065802703e+01
1.5803754266e+00 1.4226393629e+00 7.7468776008e+01
1.3890784983e+00 1.3286689420e+00 7.7940383243e+01
1.4562002275e+00 1.3521615472e+00 7.9168071325e+01
1.4125711035e+00 1.3320250284e+00 7.9076391335e+01
1.5803754266e+00 1.4092150171e+00 7.9276939788e+01
1.3756541524e+00 1.3118885097e+00 7.9447466795e+01
1.4058589306e+00 1.3353811149e+00 7.8129344608e+01
1.5065415245e+00 1.3722980660e+00 7.9703136585e+01
1.5333902162e+00 1.3991467577e+00 7.7681693350e+01
1.6038680319e+00 1.4192832765e+00 7.9375144895e+01
1.5770193402e+00 1.4259954494e+00 7.6875881302e+01
1.1608646189e+00 1.1977815700e+00 8.0750676811e+01
1.5367463026e+00 1.3924345848e+00 7.8794885499e+01
1.3387372014e+00 1.2984641638e+00 7.8756924475e+01
1.3890784983e+00 1.3152445961e+00 7.9950158779e+01
1.5635949943e+00 1.4092150171e+00 7.8197346124e+01
1.6273606371e+00 1.4394197952e+00 7.8071851811e+01
1.3890784983e+00 1.3286689420e+00 7.7940383243e+01
1.3722980660e+00 1.3186006826e+00 7.8208358654e+01
1.4360637088e+00 1.3555176337e+00 7.7380966020e+01
1.4662684869e+00 1.3756541524e+00 7.6676794195e+01
1.1373720137e+00 1.1776450512e+00 8.2505316366e+01
1.4159271900e+00 1.3286689420e+00 7.9853602273e+01
1.2514789534e+00 1.2581911263e+00 7.8322382075e+01
1.4427758817e+00 1.3521615472e+00 7.8251330886e+01
1.6005119454e+00 1.4461319681e+00 7.5835860310e+01
1.7079067122e+00 1.4796928328e+00 7.7584542408e+01
1.5065415245e+00 1.3823663254e+00 7.8238546528e+01
1.4394197952e+00 1.3521615472e+00 7.8032755060e+01
1.4897610922e+00 1.3689419795e+00 7.9022577752e+01
1.5031854380e+00 1.3890784983e+00 7.7168782040e+01
1.4595563140e+00 1.3722980660e+00 7.6695334013e+01
1.3790102389e+00 1.3085324232e+00 8.0267860331e+01
1.3454493743e+00 1.2984641638e+00 7.9256752757e+01
1.4259954494e+00 1.3387372014e+00 7.9031041049e+01
1.3286689420e+00 1.2984641638e+00 7.8045089747e+01
1.2984641638e+00 1.2682593857e+00 8.0469122125e+01
1.6206484642e+00 1.4427758817e+00 7.7270022371e+01
1.5199658703e+00 1.3857224118e+00 7.8640875517e+01
1.2917519909e+00 1.2850398180e+00 7.7385651566e+01
1.6273606371e+00 1.4427758817e+00 7.7645814775e+01
1.2682593857e+00 1.2514789534e+00 8.0817765151e+01
1.4562002275e+00 1.3622298066e+00 7.7755668784e+01
1.3890784983e+00 1.3186006826e+00 7.9408488915e+01
1.5535267349e+00 1.4058589306e+00 7.8025095416e+01
1.2984641638e+00 1.2716154721e+00 7.9882938015e+01
1.5535267349e+00 1.3857224118e+00 8.1095120731e+01
1.4729806598e+00 1.3588737201e+00 7.9349863626e+01
1.5568828214e+00 1.4226393629e+00 7.6187004495e+01
1.5635949943e+00 1.4125711035e+00 7.7759721621e+01
1.5166097838e+00 1.3957906712e+00 7.7119804576e+01
1.6508532423e+00 1.4629124005e+00 7.6532789676e+01
1.3286689420e+00 1.2850398180e+00 8.0117096192e+01
1.2951080774e+00 1.2749715586e+00 7.9069997734e+01
1.4259954494e+00 1.3286689420e+00 8.0668501712e+01
1.5568828214e+00 1.3991467577e+00 7.9169767042e+01
1.5770193402e+00 1.4092150171e+00 7.9052777050e+01
1.3790102389e+00 1.3051763367e+00 8.0866208450e+01
1.5937997725e+00 1.4159271900e+00 7.9193630155e+01
1.4293515358e+00 1.3488054608e+00 7.7837460162e+01
1.3622298066e+00 1.3018202503e+00 8.0033418254e+01
1.5166097838e+00 1.3857224118e+00 7.8423280228e+01
1.3387372014e+00 1.3118885097e+00 7.6922272419e+01
1.1675767918e+00 1.2044937429e+00 8.0136531708e+01
1.3152445961e+00 1.2816837315e+00 7.9579890875e+01
1.2514789534e+00 1.2581911263e+00 7.8322382075e+01
1.4427758817e+00 1.3420932878e+00 7.9744833550e+01
1.4696245734e+00 1.3588737201e+00 7.9111723553e+01
1.2883959044e+00 1.2716154721e+00 7.9075626195e+01
1.6441410694e+00 1.4528441411e+00 7.7348818041e+01
1.1172354949e+00 1.1776450512e+00 8.0298592558e+01
1.4259954494e+00 1.3387372014e+00 7.9031041049e+01
1.4259954494e+00 1.3387372014e+00 7.9031041049e+01
1.3991467577e+00 1.3186006826e+00 8.0196597774e+01
1.4394197952e+00 1.3387372014e+00 8.0032387315e+01
1.3488054608e+00 1.3051763367e+00 7.8492790528e+01
1.4964732651e+00 1.3655858931e+00 8.0025526977e+01
1.5367463026e+00 1.3957906712e+00 7.8329343184e+01
1.3387372014e+00 1.2883959044e+00 8.0386252948e+01
1.5401023891e+00 1.3857224118e+00 8.0042486073e+01
1.1474402730e+00 1.1910693970e+00 8.0716828553e+01
1.5971558589e+00 1.4494880546e+00 7.5319423739e+01
1.4998293515e+00 1.3756541524e+00 7.8734226459e+01
1.3924345848e+00 1.3219567691e+00 7.9138877814e+01
1.2044937429e+00 1.2179180887e+00 8.1150768164e+01
1.5166097838e+00 1.3823663254e+00 7.8895658704e+01
1.5132536974e+00 1.3722980660e+00 8.0205275966e+01
1.4763367463e+00 1.3823663254e+00 7.6450739186e+01
1.5736632537e+00 1.4025028441e+00 7.9828210428e+01
1.3991467577e+00 1.3253128555e+00 7.9118807063e+01
1.6743458476e+00 1.4662684869e+00 7.7381684089e+01
1.5065415245e+00 1.3756541524e+00 7.9190797064e+01
1.4259954494e+00 1.3420932878e+00 7.8541194536e+01
1.3320250284e+00 1.2850398180e+00 8.0402640502e+01
1.4998293515e+00 1.3890784983e+00 7.6975577758e+01
1.5736632537e+00 1.4058589306e+00 7.9317986717e+01
1.3387372014e+00 1.2984641638e+00 7.8756924475e+01
1.6240045506e+00 1.4327076223e+00 7.8765710347e+01
1.3521615472e+00 1.3018202503e+00 7.9242442842e+01
1.6743458476e+00 1.4629124005e+00 7.7792646194e+01
1.2346985210e+00 1.2380546075e+00 8.0212852901e+01
1.1071672355e+00 1.1742889647e+00 7.9950594641e+01
1.2380546075e+00 1.2380546075e+00 8.0518034586e+01
1.4427758817e+00 1.3488054608e+00 7.8725103092e+01
1.7381114903e+00 1.4864050057e+00 7.8434494697e+01
1.5803754266e+00 1.4159271900e+00 7.8334126729e+01
1.4360637088e+00 1.3454493743e+00 7.8748842065e+01
1.3756541524e+00 1.3253128555e+00 7.7518906256e+01
1.6340728100e+00 1.4494880546e+00 7.7200806229e+01
1.6240045506e+00 1.4427758817e+00 7.7456568008e+01
1.4259954494e+00 1.3488054608e+00 7.7625143435e+01
1.4259954494e+00 1.3387372014e+00 7.9031041049e+01
1.5468145620e+00 1.4058589306e+00 7.7623120904e+01
1.4259954494e+00 1.3353811149e+00 7.9546053824e+01
1.6038680319e+00 1.4293515358e+00 7.7986313354e+01
1.5266780432e+00 1.3823663254e+00 7.9592798167e+01
1.4562002275e+00 1.3655858931e+00 7.7323363120e+01
1.7079067122e+00 1.4897610922e+00 7.6423057890e+01
1.4293515358e+00 1.3488054608e+00 7.7837460162e+01
1.3555176337e+00 1.3051763367e+00 7.8977173578e+01
1.5233219568e+00 1.3991467577e+00 7.7094564507e+01
1.5300341297e+00 1.3957906712e+00 7.7913227444e+01
1.5098976109e+00 1.3722980660e+00 7.9951150249e+01
1.4595563140e+00 1.3588737201e+00 7.8425792529e+01
1.6307167235e+00 1.4327076223e+00 7.9195973875e+01
1.5266780432e+00 1.3957906712e+00 7.7710260634e+01
1.3521615472e+00 1.3018202503e+00 7.9242442842e+01
1.3823663254e+00 1.3353811149e+00 7.6659311150e+01
1.4864050057e+00 1.3756541524e+00 7.7870929920e+01
1.4629124005e+00 1.3555176337e+00 7.9140215050e+01
1.2682593857e+00 1.2649032992e+00 7.8572105661e+01
1.4360637088e+00 1.3387372014e+00 7.9773112642e+01
1.2816837315e+00 1.2649032992e+00 7.9620086822e+01
1.3991467577e+00 1.3152445961e+00 8.0786563393e+01
1.4796928328e+00 1.3555176337e+00 8.0396369276e+01
1.3823663254e+00 1.3152445961e+00 7.9428385522e+01
1.3051763367e+00 1.2850398180e+00 7.8307253142e+01
1.6709897611e+00 1.4662684869e+00 7.7200594991e+01
1.4125711035e+00 1.3320250284e+00 7.9076391335e+01
1.6407849829e+00 1.4528441411e+00 7.7165681271e+01
1.3488054608e+00 1.2984641638e+00 7.9515322697e+01
1.3622298066e+00 1.3051763367e+00 7.9483120309e+01
1.5434584755e+00 1.3957906712e+00 7.8760298176e+01
1.4562002275e+00 1.3454493743e+00 8.0234146985e+01
1.4058589306e+00 1.3387372014e+00 7.7676401440e+01
1.6374288965e+00 1.4427758817e+00 7.8231075993e+01
1.3689419795e+00 1.3118885097e+00 7.8946884930e+01
1.6072241183e+00 1.4226393629e+00 7.9108778295e+01
1.3722980660e+00 1.3118885097e+00 7.9194363327e+01
1.4058589306e+00 1.3353811149e+00 7.8129344608e+01
1.2179180887e+00 1.2279863481e+00 8.0512286719e+01
1.5635949943e+00 1.4025028441e+00 7.9131208098e+01
1.6240045506e+00 1.4427758817e+00 7.7456568008e+01
1.5635949943e+00 1.4058589306e+00 7.8653717030e+01
1.4125711035e+00 1.3353811149e+00 7.8582656558e+01
1.5233219568e+00 1.3857224118e+00 7.8862578159e+01
1.3521615472e+00 1.3051763367e+00 7.8732463457e+01
1.4696245734e+00 1.3689419795e+00 7.7711102492e+01
1.5333902162e+00 1.4058589306e+00 7.6854594219e+01
1.4293515358e+00 1.3353811149e+00 7.9800678015e+01
1.5065415245e+00 1.3857224118e+00 7.7792960433e+01
1.4562002275e+00 1.3454493743e+00 8.0234146985e+01
1.3823663254e+00 1.3253128555e+00 7.7955076719e+01
1.3521615472e+00 1.3018202503e+00 7.9242442842e+01
1.2749715586e+00 1.2649032992e+00 7.9083895958e+01
1.3622298066e+00 1.3186006826e+00 7.7541873444e+01
1.5937997725e+00 1.4259954494e+00 7.7824193782e+01
1.4293515358e+00 1.3454493743e+00 7.8294365083e+01
1.6777019340e+00 1.4595563140e+00 7.8417368604e+01
1.3857224118e+00 1.3186006826e+00 7.9158170740e+01
1.6005119454e+00 1.4226393629e+00 7.8677269875e+01
1.5166097838e+00 1.3924345848e+00 7.7537388840e+01
1.6340728100e+00 1.4394197952e+00 7.8474148453e+01
1.4058589306e+00 1.3253128555e+00 7.9619542555e+01
1.6407849829e+00 1.4461319681e+00 7.7993666361e+01
1.4293515358e+00 1.3454493743e+00 7.8294365083e+01
1.6206484642e+00 1.4763367463e+00 7.3779761036e+01
1.7213310580e+00 1.4763367463e+00 7.8782110935e+01
1.3286689420e+00 1.2850398180e+00 8.0117096192e+01
1.4058589306e+00 1.3219567691e+00 8.0171177918e+01
1.5166097838e+00 1.3991467577e+00 7.6716966055e+01
1.5870875995e+00 1.4159271900e+00 7.8755928545e+01
1.5434584755e+00 1.4092150171e+00 7.7015956060e+01
1.3655858931e+00 1.3085324232e+00 7.9211232895e+01
1.6474971559e+00 1.4461319681e+00 7.8390524904e+01
1.4427758817e+00 1.3521615472e+00 7.8251330886e+01
1.6105802048e+00 1.4327076223e+00 7.7949753196e+01
1.4494880546e+00 1.3588737201e+00 7.7777051594e+01
1.3320250284e+00 1.2984641638e+00 7.8277729792e+01
1.4427758817e+00 1.3488054608e+00 7.8725103092e+01
1.1407281001e+00 1.1910693970e+00 8.0068208532e+01
1.3555176337e+00 1.3118885097e+00 7.8006369171e+01
1.4796928328e+00 1.3622298066e+00 7.9319234713e+01
1.5300341297e+00 1.4058589306e+00 7.6669093722e+01
1.3890784983e+00 1.3320250284e+00 7.7493036415e+01
1.5602389078e+00 1.4159271900e+00 7.7148735379e+01
1.4998293515e+00 1.3790102389e+00 7.8266994175e+01
1.4729806598e+00 1.3689419795e+00 7.7920133510e+01
1.4729806598e+00 1.3823663254e+00 7.6265860222e+01
1.5501706485e+00 1.3991467577e+00 7.8725233071e+01
1.4595563140e+00 1.3655858931e+00 7.7526902526e+01
1.2984641638e+00 1.2716154721e+00 7.9882938015e+01
1.3454493743e+00 1.2951080774e+00 7.9796429207e+01
1.5098976109e+00 1.3823663254e+00 7.8453567226e+01
1.2783276451e+00 1.2682593857e+00 7.8822628029e+01
1.4696245734e+00 1.3588737201e+00 7.9111723553e+01
1.3454493743e+00 1.3085324232e+00 7.7792003766e+01
1.4897610922e+00 1.3689419795e+00 7.9022577752e+01
1.5098976109e+00 1.3756541524e+00 7.9426242566e+01
1.4092150171e+00 1.3454493743e+00 7.7022870581e+01
1.3186006826e+00 1.2850398180e+00 7.9305001542e+01
1.4629124005e+00 1.3588737201e+00 7.8649978183e+01
1.2615472127e+00 1.2548350398e+00 7.9631676164e+01
1.5501706485e+00 1.3957906712e+00 7.9207871838e+01
1.5568828214e+00 1.4058589306e+00 7.8231034671e+01
1.3722980660e+00 1.3152445961e+00 7.8689542878e+01
1.4696245734e+00 1.3588737201e+00 7.9111723553e+01
1.7213310580e+00 1.4897610922e+00 7.7103343343e+01
1.4629124005e+00 1.3722980660e+00 7.6888096287e+01
1.5401023891e+00 1.3924345848e+00 7.9017957496e+01
1.3219567691e+00 1.2917519909e+00 7.8533617949e+01
1.5199658703e+00 1.3924345848e+00 7.7738334681e+01
1.3823663254e+00 1.3353811149e+00 7.6659311150e+01
1.5770193402e+00 1.4159271900e+00 7.8128655611e+01
1.5132536974e+00 1.3756541524e+00 7.9666894728e+01
1.4528441411e+00 1.3521615472e+00 7.8931997742e+01
1.4159271900e+00 1.3420932878e+00 7.7874498591e+01
1.4259954494e+00 1.3353811149e+00 7.9546053824e+01
1.3320250284e+00 1.2984641638e+00 7.8277729792e+01
1.2984641638e+00 1.2816837315e+00 7.8312423090e+01
1.2346985210e+00 1.2447667804e+00 7.9083768064e+01
1.4259954494e+00 1.3488054608e+00 7.7625143435e+01
1.4595563140e+00 1.3521615472e+00 7.9409244513e+01
1.5031854380e+00 1.3823663254e+00 7.8027252334e+01
1.1608646189e+00 1.2011376564e+00 8.0121550638e+01
1.3655858931e+00 1.3118885097e+00 7.8704661572e+01
1.5132536974e+00 1.3689419795e+00 8.0777472561e+01
1.3051763367e+00 1.2816837315e+00 7.8802720104e+01
1.5535267349e+00 1.4058589306e+00 7.8025095416e+01
1.3622298066e+00 1.3018202503e+00 8.0033418254e+01
1.5132536974e+00 1.3890784983e+00 7.7765904866e+01
1.5199658703e+00 1.4025028441e+00 7.6509233661e+01
1.2783276451e+00 1.2615472127e+00 7.9904739360e+01
1.3555176337e+00 1.3051763367e+00 7.8977173578e+01
1.4595563140e+00 1.3588737201e+00 7.8425792529e+01
1.5535267349e+00 1.4058589306e+00 7.8025095416e+01
1.4327076223e+00 1.3488054608e+00 7.8053404088e+01
1.2414106940e+00 1.2447667804e+00 7.9633351752e+01
1.3387372014e+00 1.2984641638e+00 7.8756924475e+01
1.3085324232e+00 1.2883959044e+00 7.8065393167e+01
1.2414106940e+00 1.2414106940e+00 8.0213462557e+01
1.5971558589e+00 1.4226393629e+00 7.8467377281e+01
1.5401023891e+00 1.3890784983e+00 7.9516645940e+01
1.4461319681e+00 1.3588737201e+00 7.7568052062e+01
1.3488054608e+00 1.3018202503e+00 7.8991059176e+01
1.4159271900e+00 1.3387372014e+00 7.8334725691e+01
1.2414106940e+00 1.2447667804e+00 7.9633351752e+01
1.3521615472e+00 1.3051763367e+00 7.8732463457e+01
1.2548350398e+00 1.2548350398e+00 7.9088615169e+01
1.7045506257e+00 1.4864050057e+00 7.6627371603e+01
1.1608646189e+00 1.2179180887e+00 7.7473688546e+01
1.3085324232e+00 1.2883959044e+00 7.8065393167e+01
1.5300341297e+00 1.3823663254e+00 7.9835483906e+01
1.4629124005e+00 1.3655858931e+00 7.7733681945e+01
1.4494880546e+00 1.3588737201e+00 7.7777051594e+01
1.4125711035e+00 1.3353811149e+00 7.8582656558e+01
1.1877133106e+00 1.2145620023e+00 8.0173258598e+01
1.3219567691e+00 1.2716154721e+00 8.2071481961e+01
1.2682593857e+00 1.2581911263e+00 7.9628893893e+01
1.2984641638e+00 1.2749715586e+00 7.9331317986e+01
1.5468145620e+00 1.4025028441e+00 7.8057043713e+01
1.3521615472e+00 1.3152445961e+00 7.7336585691e+01
1.5031854380e+00 1.3756541524e+00 7.8960224848e+01
1.5904436860e+00 1.4293515358e+00 7.7215662466e+01
1.5300341297e+00 1.3924345848e+00 7.8361156493e+01
1.4528441411e+00 1.3420932878e+00 8.0538034148e+01
1.5098976109e+00 1.3890784983e+00 7.7563806286e+01
1.5904436860e+00 1.4226393629e+00 7.8058284054e+01
1.6374288965e+00 1.4427758817e+00 7.8231075993e+01
1.3085324232e+00 1.2850398180e+00 7.8548799109e+01
1.4729806598e+00 1.3622298066e+00 7.8850858039e+01
1.3890784983e+00 1.3253128555e+00 7.8407014827e+01
1.5703071672e+00 1.4192832765e+00 7.7308711815e+01
1.6944823663e+00 1.4763367463e+00 7.7263979249e+01
1.4864050057e+00 1.3756541524e+00 7.7870929920e+01
1.4259954494e+00 1.3320250284e+00 8.0090171698e+01
1.2313424346e+00 1.2313424346e+00 8.1161912553e+01
1.3722980660e+00 1.3186006826e+00 7.8208358654e+01
1.3152445961e+00 1.2816837315e+00 7.9579890875e+01
1.4662684869e+00 1.3588737201e+00 7.8878530121e+01
1.2044937429e+00 1.2313424346e+00 7.8793028664e+01
1.3253128555e+00 1.2951080774e+00 7.8286410859e+01
1.4058589306e+00 1.3353811149e+00 7.8129344608e+01
1.6038680319e+00 1.4192832765e+00 7.9375144895e+01
1.4159271900e+00 1.3320250284e+00 7.9321060792e+01
1.4125711035e+00 1.3219567691e+00 8.0729161195e+01
1.5199658703e+00 1.3823663254e+00 7.9123219738e+01
1.3823663254e+00 1.3219567691e+00 7.8423254273e+01
1.6005119454e+00 1.4293515358e+00 7.7789269832e+01
1.3655858931e+00 1.3118885097e+00 7.8704661572e+01
1.6642775882e+00 1.4662684869e+00 7.6845583178e+01
1.4159271900e+00 1.3387372014e+00 7.8334725691e+01
1.2984641638e+00 1.2816837315e+00 7.8312423090e+01
1.7313993174e+00 1.4897610922e+00 7.7636997440e+01
1.4931171786e+00 1.3790102389e+00 7.7845484038e+01
1.2716154721e+00 1.2514789534e+00 8.1137965456e+01
1.5031854380e+00 1.3823663254e+00 7.8027252334e+01
1.6407849829e+00 1.4528441411e+00 7.7165681271e+01
1.1273037543e+00 1.1843572241e+00 8.0025526076e+01
1.4192832765e+00 1.3320250284e+00 7.9571297751e+01
1.4427758817e+00 1.3488054608e+00 7.8725103092e+01
1.6508532423e+00 1.4528441411e+00 7.7722943383e+01
1.5468145620e+00 1.4092150171e+00 7.7205575845e+01
1.6005119454e+00 1.4125711035e+00 8.0174468355e+01
1.6240045506e+00 1.4494880546e+00 7.6662635245e+01
1.4226393629e+00 1.3387372014e+00 7.8794285012e+01
1.4494880546e+00 1.3555176337e+00 7.8228842768e+01
1.3991467577e+00 1.3253128555e+00 7.9118807063e+01
1.4025028441e+00 1.3387372014e+00 7.7464356839e+01
1.4931171786e+00 1.3655858931e+00 7.9773934271e+01
1.3018202503e+00 1.2951080774e+00 7.6733590160e+01
1.6508532423e+00 1.4394197952e+00 7.9545032252e+01
1.4662684869e+00 1.3622298066e+00 7.8400802276e+01
1.8354379977e+00 1.5300341297e+00 7.8321366837e+01
1.3991467577e+00 1.3186006826e+00 8.0196597774e+01
1.4595563140e+00 1.3722980660e+00 7.6695334013e+01
1.4394197952e+00 1.3454493743e+00 7.8982871930e+01
1.3286689420e+00 1.2816837315e+00 8.0713766481e+01
1.7582480091e+00 1.5031854380e+00 7.7458666469e+01
1.3454493743e+00 1.3085324232e+00 7.7792003766e+01
1.3219567691e+00 1.2850398180e+00 7.9568862870e+01
1.4494880546e+00 1.3588737201e+00 7.7777051594e+01
1.6508532423e+00 1.4528441411e+00 7.7722943383e+01
1.5904436860e+00 1.4293515358e+00 7.7215662466e+01
1.7146188851e+00 1.4931171786e+00 7.6386466211e+01
1.2011376564e+00 1.2246302617e+00 7.9605324165e+01
1.1843572241e+00 1.2145620023e+00 7.9869744079e+01
1.6642775882e+00 1.4461319681e+00 7.9445442913e+01
1.3353811149e+00 1.2951080774e+00 7.9016239735e+01
1.5635949943e+00 1.4058589306e+00 7.8653717030e+01
1.1474402730e+00 1.2011376564e+00 7.8943211422e+01
1.5166097838e+00 1.3790102389e+00 7.9391134947e+01
1.4293515358e+00 1.3454493743e+00 7.8294365083e+01
1.4696245734e+00 1.3555176337e+00 7.9624899706e+01
1.4125711035e+00 1.3253128555e+00 8.0144955155e+01
1.5501706485e+00 1.4025028441e+00 7.8264271045e+01
1.3823663254e+00 1.3219567691e+00 7.8423254273e+01
1.4293515358e+00 1.3286689420e+00 8.0956042849e+01
1.2179180887e+00 1.2279863481e+00 8.0512286719e+01
1.5434584755e+00 1.3890784983e+00 7.9755812735e+01
1.5803754266e+00 1.4125711035e+00 7.8794659982e+01
1.5837315131e+00 1.4327076223e+00 7.6459457435e+01
1.4125711035e+00 1.3353811149e+00 7.8582656558e+01
1.4729806598e+00 1.3555176337e+00 7.9875689131e+01
1.3622298066e+00 1.3118885097e+00 7.8467361843e+01
1.5266780432e+00 1.3924345848e+00 7.8150044634e+01
1.3689419795e+00 1.3152445961e+00 7.8453441146e+01
1.6240045506e+00 1.4327076223e+00 7.8765710347e+01
1.4696245734e+00 1.3655858931e+00 7.8157643294e+01
1.6374288965e+00 1.4427758817e+00 7.8231075993e+01
1.4931171786e+00 1.3722980660e+00 7.8764249577e+01
1.4998293515e+00 1.3756541524e+00 7.8734226459e+01
1.6105802048e+00 1.4394197952e+00 7.7119027580e+01
1.3823663254e+00 1.3051763367e+00 8.1168141218e+01
1.4864050057e+00 1.3790102389e+00 7.7437591440e+01
1.2749715586e+00 1.2682593857e+00 7.8570616720e+01
1.3924345848e+00 1.3219567691e+00 7.9138877814e+01
1.2783276451e+00 1.2649032992e+00 7.9348714752e+01
1.6206484642e+00 1.4394197952e+00 7.7682223782e+01
1.4629124005e+00 1.3689419795e+00 7.7302966730e+01
1.5031854380e+00 1.3823663254e+00 7.8027252334e+01
1.4964732651e+00 1.3722980660e+00 7.8991684544e+01
1.4025028441e+00 1.3353811149e+00 7.7908838580e+01
1.4226393629e+00 1.3488054608e+00 7.7416270071e+01
1.4729806598e+00 1.3588737201e+00 7.9349863626e+01
1.2783276451e+00 1.2716154721e+00 7.8322416596e+01
1.4897610922e+00 1.3555176337e+00 8.1233756419e+01
1.7011945392e+00 1.4662684869e+00 7.8932190413e+01
1.5870875995e+00 1.4192832765e+00 7.8297821289e+01
1.4729806598e+00 1.3722980660e+00 7.7483386436e+01
1.6206484642e+00 1.4360637088e+00 7.8110431941e+01
1.4998293515e+00 1.3689419795e+00 7.9738821391e+01
1.3454493743e+00 1.3085324232e+00 7.7792003766e+01
1.5635949943e+00 1.3991467577e+00 7.9632750451e+01
1.3521615472e+00 1.2951080774e+00 8.0350536454e+01
1.7011945392e+00 1.4763367463e+00 7.7626681257e+01
1.3286689420e+00 1.2883959044e+00 7.9556875989e+01
1.5300341297e+00 1.3890784983e+00 7.8828982928e+01
1.3186006826e+00 1.2816837315e+00 7.9851770899e+01
1.3722980660e+00 1.3085324232e+00 7.9726319797e+01
1.3219567691e+00 1.2850398180e+00 7.9568862870e+01
1.5568828214e+00 1.4092150171e+00 7.7791341555e+01
1.5803754266e+00 1.4125711035e+00 7.8794659982e+01
1.3118885097e+00 1.2850398180e+00 7.8795372618e+01
1.5803754266e+00 1.4192832765e+00 7.7892847024e+01
1.3924345848e+00 1.3219567691e+00 7.9138877814e+01
1.4494880546e+00 1.3555176337e+00 7.8228842768e+01
1.3253128555e+00 1.2816837315e+00 8.0418022619e+01
1.6810580205e+00 1.4763367463e+00 7.6566733402e+01
1.3320250284e+00 1.2984641638e+00 7.8277729792e+01
1.3924345848e+00 1.3219567691e+00 7.9138877814e+01
1.4864050057e+00 1.3823663254e+00 7.7020412926e+01
1.3555176337e+00 1.3085324232e+00 7.8480482802e+01
1.5166097838e+00 1.3823663254e+00 7.8895658704e+01
1.6038680319e+00 1.4259954494e+00 7.8428903302e+01
1.2749715586e+00 1.2783276451e+00 7.7165191031e+01
1.3957906712e+00 1.3186006826e+00 7.9927223311e+01
1.4058589306e+00 1.3320250284e+00 7.8602327729e+01
1.5736632537e+00 1.4226393629e+00 7.7090142154e+01
1.3018202503e+00 1.2783276451e+00 7.9063393028e+01
1.4864050057e+00 1.3756541524e+00 7.7870929920e+01
1.4494880546e+00 1.3588737201e+00 7.7777051594e+01
1.2716154721e+00 1.2749715586e+00 7.7386957877e+01
1.3957906712e+00 1.3286689420e+00 7.8390029087e+01
1.3823663254e+00 1.3152445961e+00 7.9428385522e+01
1.3622298066e+00 1.3051763367e+00 7.9483120309e+01
1.6172923777e+00 1.4360637088e+00 7.7912822771e+01
1.7213310580e+00 1.4830489192e+00 7.7910317605e+01
1.4427758817e+00 1.3521615472e+00 7.8251330886e+01
1.3051763367e+00 1.2716154721e+00 8.0457948991e+01
1.4562002275e+00 1.3488054608e+00 7.9686198513e+01
1.5098976109e+00 1.3790102389e+00 7.8928211887e+01
1.5635949943e+00 1.4192832765e+00 7.6933214839e+01
1.5166097838e+00 1.3957906712e+00 7.7119804576e+01
1.4796928328e+00 1.3823663254e+00 7.6638053631e+01
1.3991467577e+00 1.3286689420e+00 7.8621274380e+01
1.2212741752e+00 1.2346985210e+00 7.9624701003e+01
1.4125711035e+00 1.3420932878e+00 7.7659982860e+01
1.3387372014e+00 1.2984641638e+00 7.8756924475e+01
1.5401023891e+00 1.4025028441e+00 7.7652643321e+01
1.4931171786e+00 1.3689419795e+00 7.9256172088e+01
1.5367463026e+00 1.4125711035e+00 7.6259335415e+01
1.6105802048e+00 1.4259954494e+00 7.8849591148e+01
1.4259954494e+00 1.3387372014e+00 7.9031041049e+01
1.7448236633e+00 1.4796928328e+00 7.9782095216e+01
1.3622298066e+00 1.3051763367e+00 7.9483120309e+01
1.4494880546e+00 1.3420932878e+00 8.0266627534e+01
1.2514789534e+00 1.2481228669e+00 7.9918465164e+01
1.3320250284e+00 1.2917519909e+00 7.9282706003e+01
1.4125711035e+00 1.3387372014e+00 7.8111382536e+01
1.7481797497e+00 1.4964732651e+00 7.7728597209e+01
1.5233219568e+00 1.3890784983e+00 7.8392472719e+01
1.4159271900e+00 1.3387372014e+00 7.8334725691e+01
1.5233219568e+00 1.3823663254e+00 7.9355494278e+01
1.4629124005e+00 1.3588737201e+00 7.8649978183e+01
1.4226393629e+00 1.3353811149e+00 7.9297320353e+01
1.5904436860e+00 1.4192832765e+00 7.8505463572e+01
1.4830489192e+00 1.3857224118e+00 7.6431498168e+01
1.5031854380e+00 1.3857224118e+00 7.7589707887e+01
1.5367463026e+00 1.3924345848e+00 7.8794885499e+01
1.5401023891e+00 1.3857224118e+00 8.0042486073e+01
1.4394197952e+00 1.3420932878e+00 7.9493401677e+01
1.4931171786e+00 1.3655858931e+00 7.9773934271e+01
1.4025028441e+00 1.3152445961e+00 8.1082369076e+01
1.5233219568e+00 1.3790102389e+00 7.9874566050e+01
1.4259954494e+00 1.3320250284e+00 8.0090171698e+01
1.6038680319e+00 1.4327076223e+00 7.7561132676e+01
1.6978384528e+00 1.4796928328e+00 7.7047636582e+01
1.5904436860e+00 1.4259954494e+00 7.7628953242e+01
1.6542093288e+00 1.4595563140e+00 7.7094439085e+01
1.3353811149e+00 1.2883959044e+00 8.0102267635e+01
1.5837315131e+00 1.4192832765e+00 7.8093674783e+01
1.5401023891e+00 1.3890784983e+00 7.9516645940e+01
1.2951080774e+00 1.2749715586e+00 7.9069997734e+01
1.6743458476e+00 1.4629124005e+00 7.7792646194e+01
1.5166097838e+00 1.3823663254e+00 7.8895658704e+01
1.4763367463e+00 1.3790102389e+00 7.6848521469e+01
1.8253697383e+00 1.5401023891e+00 7.6629806037e+01
1.2951080774e+00 1.2649032992e+00 8.0782894985e+01
1.3823663254e+00 1.3118885097e+00 7.9972263322e+01
1.2514789534e+00 1.2649032992e+00 7.7380217998e+01
1.3353811149e+00 1.3018202503e+00 7.8036632368e+01
1.3655858931e+00 1.3118885097e+00 7.8704661572e+01
1.4729806598e+00 1.3722980660e+00 7.7483386436e+01
1.4629124005e+00 1.3756541524e+00 7.6487600275e+01
1.3622298066e+00 1.3152445961e+00 7.7994693227e+01
1.4259954494e+00 1.3488054608e+00 7.7625143435e+01
1.4562002275e+00 1.3521615472e+00 7.9168071325e+01
1.3823663254e+00 1.3186006826e+00 7.8913336733e+01
1.3823663254e+00 1.3219567691e+00 7.8423254273e+01
1.5736632537e+00 1.4327076223e+00 7.5939548169e+01
1.5803754266e+00 1.4259954494e+00 7.7060211388e+01
1.4226393629e+00 1.3588737201e+00 7.6189890091e+01
1.3420932878e+00 1.3018202503e+00 7.8504271487e+01
1.6575654152e+00 1.4595563140e+00 7.7275329920e+01
1.3689419795e+00 1.3051763367e+00 8.0013910471e+01
1.4696245734e+00 1.3689419795e+00 7.7711102492e+01
1.3622298066e+00 1.3118885097e+00 7.8467361843e+01
1.5669510808e+00 1.4092150171e+00 7.8405481829e+01
1.6072241183e+00 1.4327076223e+00 7.7753960556e+01
1.3085324232e+00 1.2816837315e+00 7.9055826735e+01
1.3790102389e+00 1.3186006826e+00 7.8673630960e+01
1.3555176337e+00 1.3051763367e+00 7.8977173578e+01
1.6844141069e+00 1.4763367463e+00 7.6737759111e+01
1.3387372014e+00 1.2917519909e+00 7.9811691125e+01
1.5904436860e+00 1.4159271900e+00 7.8972675049e+01
1.3488054608e+00 1.3152445961e+00 7.7124397352e+01
1.4259954494e+00 1.3454493743e+00 7.8073399870e+01
1.3756541524e+00 1.3085324232e+00 7.9993519675e+01
1.5837315131e+00 1.4259954494e+00 7.7247089376e+01
1.4360637088e+00 1.3488054608e+00 7.8273175841e+01
1.6374288965e+00 1.4427758817e+00 7.8231075993e+01
1.5401023891e+00 1.3924345848e+00 7.9017957496e+01
1.6374288965e+00 1.4461319681e+00 7.7799904054e+01
1.6340728100e+00 1.4494880546e+00 7.7200806229e+01
1.2044937429e+00 1.2246302617e+00 7.9897405597e+01
1.7246871445e+00 1.4864050057e+00 7.7681064732e+01
1.4864050057e+00 1.3689419795e+00 7.8793704555e+01
1.3253128555e+00 1.2883959044e+00 7.9294318663e+01
1.6374288965e+00 1.4360637088e+00 7.9150356996e+01
1.4058589306e+00 1.3152445961e+00 8.1388116518e+01
1.1608646189e+00 1.1977815700e+00 8.0750676811e+01
1.3790102389e+00 1.3085324232e+00 8.0267860331e+01
1.3857224118e+00 1.3152445961e+00 7.9686061849e+01
1.4964732651e+00 1.3722980660e+00 7.8991684544e+01
1.3890784983e+00 1.3320250284e+00 7.7493036415e+01
1.0601820250e+00 1.1407281001e+00 8.1740280154e+01
1.5468145620e+00 1.3991467577e+00 7.8509211467e+01
1.2716154721e+00 1.2581911263e+00 7.9909847507e+01
1.4360637088e+00 1.3420932878e+00 7.9247685577e+01
1.4092150171e+00 1.3253128555e+00 7.9878928091e+01
1.3118885097e+00 1.3118885097e+00 7.5346910626e+01
1.4327076223e+00 1.3353811149e+00 8.0061645986e+01
1.7146188851e+00 1.4763367463e+00 7.8384645788e+01
1.6844141069e+00 1.4562002275e+00 7.9294214782e+01
1.6575654152e+00 1.4528441411e+00 7.8108365264e+01
1.3622298066e+00 1.3018202503e+00 8.0033418254e+01
1.5602389078e+00 1.4192832765e+00 7.6749285940e+01
1.6005119454e+00 1.4226393629e+00 7.8677269875e+01
1.4998293515e+00 1.3890784983e+00 7.6975577758e+01
1.7246871445e+00 1.4897610922e+00 7.7278842266e+01
1.4461319681e+00 1.3420932878e+00 8.0002412726e+01
1.3186006826e+00 1.2783276451e+00 8.0432380556e+01
1.3790102389e+00 1.3253128555e+00 7.7735127226e+01
1.2984641638e+00 1.2682593857e+00 8.0469122125e+01
1.2481228669e+00 1.2447667804e+00 8.0212858370e+01
1.5233219568e+00 1.3924345848e+00 7.7942497777e+01
1.3521615472e+00 1.2984641638e+00 7.9780244346e+01
1.5468145620e+00 1.4058589306e+00 7.7623120904e+01
1.4092150171e+00 1.3286689420e+00 7.9344063161e+01
1.4092150171e+00 1.3320250284e+00 7.8836923017e+01
1.3924345848e+00 1.3219567691e+00 7.9138877814e+01
1.6240045506e+00 1.4226393629e+00 8.0268286699e+01
1.4830489192e+00 1.3622298066e+00 7.9561060914e+01
1.2883959044e+00 1.2716154721e+00 7.9075626195e+01
1.7112627986e+00 1.4763367463e+00 7.8190761135e+01
1.3353811149e+00 1.2951080774e+00 7.9016239735e+01
1.4461319681e+00 1.3420932878e+00 8.0002412726e+01
1.5367463026e+00 1.4159271900e+00 7.5886219743e+01
1.4763367463e+00 1.3689419795e+00 7.8132705796e+01
1.3387372014e+00 1.2883959044e+00 8.0386252948e+01
1.1642207053e+00 1.2011376564e+00 8.0438164620e+01
1.6307167235e+00 1.4494880546e+00 7.7019045337e+01
1.3588737201e+00 1.3118885097e+00 7.8234687536e+01
1.4763367463e+00 1.3722980660e+00 7.7687941731e+01
1.5266780432e+00 1.3924345848e+00 7.8150044634e+01
1.4763367463e+00 1.3588737201e+00 7.9593290194e+01
1.3957906712e+00 1.3253128555e+00 7.8876644611e+01
1.4360637088e+00 1.3420932878e+00 7.9247685577e+01
1.5031854380e+00 1.3722980660e+00 7.9460803215e+01
1.4159271900e+00 1.3286689420e+00 7.9853602273e+01
1.3890784983e+00 1.3186006826e+00 7.9408488915e+01
1.5703071672e+00 1.3991467577e+00 8.0116777766e+01
1.5904436860e+00 1.4327076223e+00 7.6816893146e+01
1.4293515358e+00 1.3555176337e+00 7.6976921606e+01
1.5535267349e+00 1.4025028441e+00 7.8475090156e+01
1.3924345848e+00 1.3286689420e+00 7.8163147560e+01
1.4998293515e+00 1.3689419795e+00 7.9738821391e+01
1.3219567691e+00 1.2783276451e+00 8.0729757319e+01
1.5434584755e+00 1.4025028441e+00 7.7853224124e+01
1.4394197952e+00 1.3387372014e+00 8.0032387315e+01
1.3957906712e+00 1.3219567691e+00 7.9387792628e+01
1.5568828214e+00 1.4058589306e+00 7.8231034671e+01
1.3689419795e+00 1.3085324232e+00 7.9465716996e+01
1.2783276451e+00 1.2548350398e+00 8.1129478402e+01
1.5367463026e+00 1.4025028441e+00 7.7455145748e+01
1.4629124005e+00 1.3555176337e+00 7.9140215050e+01
1.5635949943e+00 1.4058589306e+00 7.8653717030e+01
1.4729806598e+00 1.3823663254e+00 7.6265860222e+01
1.4931171786e+00 1.3790102389e+00 7.7845484038e+01
1.3689419795e+00 1.3152445961e+00 7.8453441146e+01
1.3857224118e+00 1.3186006826e+00 7.9158170740e+01
1.5098976109e+00 1.3823663254e+00 7.8453567226e+01
1.3085324232e+00 1.2816837315e+00 7.9055826735e+01
1.4159271900e+00 1.3286689420e+00 7.9853602273e+01
1.5770193402e+00 1.4092150171e+00 7.9052777050e+01
1.2414106940e+00 1.2581911263e+00 7.7602335855e+01
1.2380546075e+00 1.2414106940e+00 7.9918459901e+01
1.3454493743e+00 1.2951080774e+00 7.9796429207e+01
1.4159271900e+00 1.3320250284e+00 7.9321060792e+01
1.5300341297e+00 1.3756541524e+00 8.0963127058e+01
1.4092150171e+00 1.3320250284e+00 7.8836923017e+01
1.4595563140e+00 1.3521615472e+00 7.9409244513e+01
1.4729806598e+00 1.3722980660e+00 7.7483386436e+01
1.3924345848e+00 1.3253128555e+00 7.8639482927e+01
1.3320250284e+00 1.3018202503e+00 7.7809300633e+01
1.4796928328e+00 1.3655858931e+00 7.8822578420e+01
1.4125711035e+00 1.3286689420e+00 7.9595799292e+01
1.3521615472e+00 1.3051763367e+00 7.8732463457e+01
1.3018202503e+00 1.2682593857e+00 8.0771274052e+01
1.5300341297e+00 1.4025028441e+00 7.7068836633e+01
1.6240045506e+00 1.4226393629e+00 8.0268286699e+01
1.2447667804e+00 1.2481228669e+00 7.9356776907e+01
1.4864050057e+00 1.3689419795e+00 7.8793704555e+01
1.6005119454e+00 1.4259954494e+00 7.8224007383e+01
1.3286689420e+00 1.3018202503e+00 7.7585975410e+01
1.4192832765e+00 1.3253128555e+00 8.0699228738e+01
1.4964732651e+00 1.3655858931e+00 8.0025526977e+01
1.6072241183e+00 1.4293515358e+00 7.8186519489e+01
1.3722980660e+00 1.3152445961e+00 7.8689542878e+01
1.4763367463e+00 1.3722980660e+00 7.7687941731e+01
1.3857224118e+00 1.3152445961e+00 7.9686061849e+01
1.4427758817e+00 1.3454493743e+00 7.9221821069e+01
1.3924345848e+00 1.3219567691e+00 7.9138877814e+01
1.5333902162e+00 1.3991467577e+00 7.7681693350e+01
1.6172923777e+00 1.4394197952e+00 7.7491788586e+01
1.5300341297e+00 1.4092150171e+00 7.6282544606e+01
1.5703071672e+00 1.4226393629e+00 7.6904759316e+01
1.2917519909e+00 1.2649032992e+00 8.0479196387e+01
1.3253128555e+00 1.2883959044e+00 7.9294318663e+01
1.4259954494e+00 1.3488054608e+00 7.7625143435e+01
1.3756541524e+00 1.3152445961e+00 7.8930511023e+01
1.1709328783e+00 1.1977815700e+00 8.1811582826e+01
1.3320250284e+00 1.2850398180e+00 8.0402640502e+01
1.4562002275e+00 1.3555176337e+00 7.8675657808e+01
1.6844141069e+00 1.4729806598e+00 7.7124676773e+01
1.2917519909e+00 1.2783276451e+00 7.8316682391e+01
1.6709897611e+00 1.4696245734e+00 7.6809938794e+01
1.4159271900e+00 1.3689419795e+00 7.4736481512e+01
1.4998293515e+00 1.3689419795e+00 7.9738821391e+01
1.3957906712e+00 1.3253128555e+00 7.8876644611e+01
1.4629124005e+00 1.3622298066e+00 7.8181986703e+01
1.4092150171e+00 1.3454493743e+00 7.7022870581e+01
1.6575654152e+00 1.4528441411e+00 7.8108365264e+01
1.3521615472e+00 1.3051763367e+00 7.8732463457e+01
1.1575085324e+00 1.1944254835e+00 8.1075217569e+01
1.4092150171e+00 1.3253128555e+00 7.9878928091e+01
1.8891353811e+00 1.5971558589e+00 7.3834802681e+01
1.3219567691e+00 1.2816837315e+00 8.0130935788e+01
1.6273606371e+00 1.4461319681e+00 7.7235589407e+01
1.4192832765e+00 1.3420932878e+00 7.8092730139e+01
1.4259954494e+00 1.3454493743e+00 7.8073399870e+01
1.6609215017e+00 1.4662684869e+00 7.6671469271e+01
1.5333902162e+00 1.3957906712e+00 7.8119529269e+01
1.3085324232e+00 1.2951080774e+00 7.7158847091e+01
1.5065415245e+00 1.3790102389e+00 7.8703648009e+01
1.4394197952e+00 1.3454493743e+00 7.8982871930e+01
1.4394197952e+00 1.3454493743e+00 7.8982871930e+01
1.4327076223e+00 1.3420932878e+00 7.9007301685e+01
1.3857224118e+00 1.3186006826e+00 7.9158170740e+01
1.3051763367e+00 1.2783276451e+00 7.9323516539e+01
1.4327076223e+00 1.3521615472e+00 7.7606745797e+01
1.5367463026e+00 1.4125711035e+00 7.6259335415e+01
1.7045506257e+00 1.4729806598e+00 7.8236560485e+01
1.3790102389e+00 1.3118885097e+00 7.9706610590e+01
1.5333902162e+00 1.3823663254e+00 8.0083946894e+01
1.3655858931e+00 1.3118885097e+00 7.8704661572e+01
1.5233219568e+00 1.3890784983e+00 7.8392472719e+01
1.2313424346e+00 1.2649032992e+00 7.6079036233e+01
1.5166097838e+00 1.3823663254e+00 7.8895658704e+01
1.3924345848e+00 1.3219567691e+00 7.9138877814e+01
1.5904436860e+00 1.4226393629e+00 7.8058284054e+01
1.4830489192e+00 1.3722980660e+00 7.8107186175e+01
1.6609215017e+00 1.4528441411e+00 7.8305660617e+01
1.2346985210e+00 1.2380546075e+00 8.0212852901e+01
1.3152445961e+00 1.2783276451e+00 8.0143768687e+01
1.1071672355e+00 1.1742889647e+00 7.9950594641e+01
1.5132536974e+00 1.3857224118e+00 7.8209564664e+01
1.4763367463e+00 1.3622298066e+00 7.9082610920e+01
1.4025028441e+00 1.3152445961e+00 8.1082369076e+01
1.3555176337e+00 1.3085324232e+00 7.8480482802e+01
1.4394197952e+00 1.3420932878e+00 7.9493401677e+01
1.5031854380e+00 1.3890784983e+00 7.7168782040e+01
1.3823663254e+00 1.3286689420e+00 7.7506328338e+01
1.5166097838e+00 1.3857224118e+00 7.8423280228e+01
1.3991467577e+00 1.3186006826e+00 8.0196597774e+01
1.4763367463e+00 1.3655858931e+00 7.8596770678e+01
1.2346985210e+00 1.2447667804e+00 7.9083768064e+01
1.4528441411e+00 1.3588737201e+00 7.7989545840e+01
1.5937997725e+00 1.4293515358e+00 7.7404078583e+01
1.3722980660e+00 1.3051763367e+00 8.0289888328e+01
1.4494880546e+00 1.3454493743e+00 7.9715856859e+01
1.7112627986e+00 1.4864050057e+00 7.6969533575e+01
1.3622298066e+00 1.2951080774e+00 8.1245571966e+01
1.4360637088e+00 1.3488054608e+00 7.8273175841e+01
1.4864050057e+00 1.3622298066e+00 7.9808460119e+01
1.3924345848e+00 1.3353811149e+00 7.7269372453e+01
1.3991467577e+00 1.3253128555e+00 7.9118807063e+01
1.7079067122e+00 1.4931171786e+00 7.6060147019e+01
1.5132536974e+00 1.3756541524e+00 7.9666894728e+01
1.2380546075e+00 1.2346985210e+00 8.1161231337e+01
1.5266780432e+00 1.3991467577e+00 7.7287383907e+01
1.2682593857e+00 1.2682593857e+00 7.8082046860e+01
1.3823663254e+00 1.3186006826e+00 7.8913336733e+01
1.4696245734e+00 1.3555176337e+00 7.9624899706e+01
1.2716154721e+00 1.2749715586e+00 7.7386957877e+01
1.3790102389e+00 1.3219567691e+00 7.8194037772e+01
1.5132536974e+00 1.3790102389e+00 7.9157276930e+01
1.6105802048e+00 1.4528441411e+00 7.5617643369e+01
1.4125711035e+00 1.3353811149e+00 7.8582656558e+01
1.5635949943e+00 1.4226393629e+00 7.6541319042e+01
1.3991467577e+00 1.3219567691e+00 7.9642511518e+01
1.3823663254e+00 1.3253128555e+00 7.7955076719e+01
1.1877133106e+00 1.2145620023e+00 8.0173258598e+01
1.3488054608e+00 1.3051763367e+00 7.8492790528e+01
1.5401023891e+00 1.3991467577e+00 7.8088525287e+01
1.2951080774e+00 1.2749715586e+00 7.9069997734e+01
1.2313424346e+00 1.2279863481e+00 8.1860638745e+01
1.4864050057e+00 1.3689419795e+00 7.8793704555e+01
1.3051763367e+00 1.2682593857e+00 8.1083429395e+01
1.5501706485e+00 1.3924345848e+00 7.9715252196e+01
1.2917519909e+00 1.2783276451e+00 7.8316682391e+01
1.2883959044e+00 1.2749715586e+00 7.8564723673e+01
1.1843572241e+00 1.2246302617e+00 7.8250419878e+01
1.4629124005e+00 1.3555176337e+00 7.9140215050e+01
1.6508532423e+00 1.4528441411e+00 7.7722943383e+01
1.3051763367e+00 1.2682593857e+00 8.1083429395e+01
1.4293515358e+00 1.3555176337e+00 7.6976921606e+01
1.5166097838e+00 1.3756541524e+00 7.9913126467e+01
1.3286689420e+00 1.2917519909e+00 7.9027505322e+01
1.5031854380e+00 1.3924345848e+00 7.6762878640e+01
1.3555176337e+00 1.3085324232e+00 7.8480482802e+01
1.3353811149e+00 1.2917519909e+00 7.9543946296e+01
1.6609215017e+00 1.4528441411e+00 7.8305660617e+01
1.3219567691e+00 1.2783276451e+00 8.0729757319e+01
1.6474971559e+00 1.4427758817e+00 7.8845863953e+01
1.4293515358e+00 1.3488054608e+00 7.7837460162e+01
1.5367463026e+00 1.3957906712e+00 7.8329343184e+01
1.3018202503e+00 1.2783276451e+00 7.9063393028e+01
1.6005119454e+00 1.4259954494e+00 7.8224007383e+01
1.4058589306e+00 1.3353811149e+00 7.8129344608e+01
1.4629124005e+00 1.3555176337e+00 7.9140215050e+01
1.2615472127e+00 1.2615472127e+00 7.8572604951e+01
1.3924345848e+00 1.3219567691e+00 7.9138877814e+01
1.4595563140e+00 1.3488054608e+00 7.9940382990e+01
1.4259954494e+00 1.3454493743e+00 7.8073399870e+01
1.8018771331e+00 1.5233219568e+00 7.7356464337e+01
1.3152445961e+00 1.2816837315e+00 7.9579890875e+01
1.4729806598e+00 1.3655858931e+00 7.8375205084e+01
1.6609215017e+00 1.4528441411e+00 7.8305660617e+01
1.2917519909e+00 1.2615472127e+00 8.1108832581e+01
1.4729806598e+00 1.3588737201e+00 7.9349863626e+01
1.3320250284e+00 1.2984641638e+00 7.8277729792e+01
1.6374288965e+00 1.4427758817e+00 7.8231075993e+01
1.4729806598e+00 1.3588737201e+00 7.9349863626e+01
1.6407849829e+00 1.4528441411e+00 7.7165681271e+01
1.4025028441e+00 1.3286689420e+00 7.8857155397e+01
1.3253128555e+00 1.2883959044e+00 7.9294318663e+01
1.4998293515e+00 1.3823663254e+00 7.7819490496e+01
1.5367463026e+00 1.3890784983e+00 7.9282668377e+01
1.3790102389e+00 1.3320250284e+00 7.6870724751e+01
1.4259954494e+00 1.3387372014e+00 7.9031041049e+01
1.3890784983e+00 1.3152445961e+00 7.9950158779e+01
1.2951080774e+00 1.2749715586e+00 7.9069997734e+01
1.4830489192e+00 1.3622298066e+00 7.9561060914e+01
1.0903868032e+00 1.1675767918e+00 7.9579938122e+01
1.4562002275e+00 1.3588737201e+00 7.8205723931e+01
1.5602389078e+00 1.4092150171e+00 7.7992691113e+01
1.4897610922e+00 1.3722980660e+00 7.8541184820e+01
1.4058589306e+00 1.3353811149e+00 7.8129344608e+01
1.4864050057e+00 1.3823663254e+00 7.7020412926e+01
1.6005119454e+00 1.4159271900e+00 7.9649250239e+01
1.4830489192e+00 1.3655858931e+00 7.9052891069e+01
1.5098976109e+00 1.3924345848e+00 7.7144547053e+01
1.4461319681e+00 1.3622298066e+00 7.7141683074e+01
1.5031854380e+00 1.3756541524e+00 7.8960224848e+01
1.3722980660e+00 1.3085324232e+00 7.9726319797e+01
1.2481228669e+00 1.2514789534e+00 7.9088081304e+01
1.4427758817e+00 1.3488054608e+00 7.8725103092e+01
1.4394197952e+00 1.3420932878e+00 7.9493401677e+01
1.2883959044e+00 1.2615472127e+00 8.0793374070e+01
1.4528441411e+00 1.3588737201e+00 7.7989545840e+01
1.5870875995e+00 1.4293515358e+00 7.7029869943e+01
1.4964732651e+00 1.3756541524e+00 7.8512531710e+01
1.5434584755e+00 1.3823663254e+00 8.0868771775e+01
1.0870307167e+00 1.1608646189e+00 8.0488396558e+01
1.4494880546e+00 1.3588737201e+00 7.7777051594e+01
1.4662684869e+00 1.3521615472e+00 7.9908360935e+01
1.4830489192e+00 1.3622298066e+00 7.9561060914e+01
1.4595563140e+00 1.3622298066e+00 7.7967009677e+01
1.5870875995e+00 1.4125711035e+00 7.9235483601e+01
1.5703071672e+00 1.4025028441e+00 7.9590836148e+01
1.6810580205e+00 1.4562002275e+00 7.9080383609e+01
1.5132536974e+00 1.3790102389e+00 7.9157276930e+01
1.2212741752e+00 1.2447667804e+00 7.8058046966e+01
1.4092150171e+00 1.3353811149e+00 7.8353871441e+01
1.3857224118e+00 1.3253128555e+00 7.8178963131e+01
1.2850398180e+00 1.2682593857e+00 7.9343932317e+01
1.5937997725e+00 1.4058589306e+00 8.0784695027e+01
1.3790102389e+00 1.3118885097e+00 7.9706610590e+01
1.3991467577e+00 1.3219567691e+00 7.9642511518e+01
1.4763367463e+00 1.3722980660e+00 7.7687941731e+01
1.2145620023e+00 1.2346985210e+00 7.9068975569e+01
1.3253128555e+00 1.2850398180e+00 7.9839378819e+01
1.3655858931e+00 1.3085324232e+00 7.9211232895e+01
1.2984641638e+00 1.2716154721e+00 7.9882938015e+01
1.4092150171e+00 1.3219567691e+00 8.0446190059e+01
1.3085324232e+00 1.2783276451e+00 7.9589943950e+01
1.3387372014e+00 1.3085324232e+00 7.7353071050e+01
1.3219567691e+00 1.2816837315e+00 8.0130935788e+01
1.5535267349e+00 1.4092150171e+00 7.7593136322e+01
1.2816837315e+00 1.2749715586e+00 7.8080162725e+01
1.3790102389e+00 1.3253128555e+00 7.7735127226e+01
1.4360637088e+00 1.3488054608e+00 7.8273175841e+01
1.5132536974e+00 1.3890784983e+00 7.7765904866e+01
1.3454493743e+00 1.2984641638e+00 7.9256752757e+01
1.6407849829e+00 1.4427758817e+00 7.8432496477e+01
1.4998293515e+00 1.3890784983e+00 7.6975577758e+01
1.2279863481e+00 1.2380546075e+00 7.9628756930e+01
1.4864050057e+00 1.3655858931e+00 7.9287999453e+01
1.4763367463e+00 1.3521615472e+00 8.0705792803e+01
1.6072241183e+00 1.4427758817e+00 7.6548624492e+01
1.5568828214e+00 1.4058589306e+00 7.8231034671e+01
1.5904436860e+00 1.4125711035e+00 7.9462595442e+01
1.3152445961e+00 1.2883959044e+00 7.8541655929e+01
1.4964732651e+00 1.3823663254e+00 7.7615083028e+01
1.3622298066e+00 1.3018202503e+00 8.0033418254e+01
1.4159271900e+00 1.3253128555e+00 8.0418177237e+01
1.3756541524e+00 1.3152445961e+00 7.8930511023e+01
1.5468145620e+00 1.3991467577e+00 7.8509211467e+01
1.2749715586e+00 1.2682593857e+00 7.8570616720e+01
1.4159271900e+00 1.3521615472e+00 7.6598586689e+01
1.5300341297e+00 1.4025028441e+00 7.7068836633e+01
1.4964732651e+00 1.3655858931e+00 8.0025526977e+01
1.4226393629e+00 1.3320250284e+00 7.9827513377e+01
1.4662684869e+00 1.3689419795e+00 7.7505434784e+01
1.3488054608e+00 1.2984641638e+00 7.9515322697e+01
1.6676336746e+00 1.4562002275e+00 7.8262786257e+01
1.3689419795e+00 1.3118885097e+00 7.8946884930e+01
1.6575654152e+00 1.4595563140e+00 7.7275329920e+01
1.3655858931e+00 1.3118885097e+00 7.8704661572e+01
1.5266780432e+00 1.3957906712e+00 7.7710260634e+01
1.5333902162e+00 1.3957906712e+00 7.8119529269e+01
1.4394197952e+00 1.3588737201e+00 7.7159856479e+01
1.4662684869e+00 1.3588737201e+00 7.8878530121e+01
1.5568828214e+00 1.4192832765e+00 7.6567763241e+01
1.5501706485e+00 1.4092150171e+00 7.7397926857e+01
1.4226393629e+00 1.3353811149e+00 7.9297320353e+01
1.7918088737e+00 1.5166097838e+00 7.7625875593e+01
1.6005119454e+00 1.4427758817e+00 7.6201438164e+01
1.2548350398e+00 1.2514789534e+00 7.9633356827e+01
1.3320250284e+00 1.2850398180e+00 8.0402640502e+01
1.3420932878e+00 1.2951080774e+00 7.9530089850e+01
1.4562002275e+00 1.3555176337e+00 7.8675657808e+01
1.5602389078e+00 1.4125711035e+00 7.7562699660e+01
1.3320250284e+00 1.2917519909e+00 7.9282706003e+01
1.3387372014e+00 1.2917519909e+00 7.9811691125e+01
1.2548350398e+00 1.2447667804e+00 8.0827961540e+01
1.7750284414e+00 1.5065415245e+00 7.7951128020e+01
1.3991467577e+00 1.3320250284e+00 7.8146603822e+01
1.3454493743e+00 1.2883959044e+00 8.0980358331e+01
1.1977815700e+00 1.2145620023e+00 8.1144425365e+01
1.5904436860e+00 1.4159271900e+00 7.8972675049e+01
1.2951080774e+00 1.2850398180e+00 7.7609867429e+01
1.4830489192e+00 1.3689419795e+00 7.8569268666e+01
1.6240045506e+00 1.4494880546e+00 7.6662635245e+01
1.4461319681e+00 1.3488054608e+00 7.8957765940e+01
1.5401023891e+00 1.4025028441e+00 7.7652643321e+01
1.4763367463e+00 1.3689419795e+00 7.8132705796e+01
1.3924345848e+00 1.3253128555e+00 7.8639482927e+01
1.2615472127e+00 1.2548350398e+00 7.9631676164e+01
1.3186006826e+00 1.2850398180e+00 7.9305001542e+01
1.5098976109e+00 1.3790102389e+00 7.8928211887e+01
1.2615472127e+00 1.2548350398e+00 7.9631676164e+01
1.5098976109e+00 1.3991467577e+00 7.6349348074e+01
1.4394197952e+00 1.3588737201e+00 7.7159856479e+01
1.5367463026e+00 1.3957906712e+00 7.8329343184e+01
1.2917519909e+00 1.2615472127e+00 8.1108832581e+01
1.4931171786e+00 1.3790102389e+00 7.7845484038e+01
1.4125711035e+00 1.3286689420e+00 7.9595799292e+01
1.4494880546e+00 1.3488054608e+00 7.9195278133e+01
1.6206484642e+00 1.4293515358e+00 7.9022475500e+01
1.4058589306e+00 1.3219567691e+00 8.0171177918e+01
1.4394197952e+00 1.3454493743e+00 7.8982871930e+01
1.5434584755e+00 1.4025028441e+00 7.7853224124e+01
1.3890784983e+00 1.3186006826e+00 7.9408488915e+01
1.6038680319e+00 1.4293515358e+00 7.7986313354e+01
1.3957906712e+00 1.3219567691e+00 7.9387792628e+01
1.3521615472e+00 1.3018202503e+00 7.9242442842e+01
1.5937997725e+00 1.4259954494e+00 7.7824193782e+01
1.4293515358e+00 1.3387372014e+00 7.9272856953e+01
1.4763367463e+00 1.3655858931e+00 7.8596770678e+01
1.5166097838e+00 1.3823663254e+00 7.8895658704e+01
1.5669510808e+00 1.4092150171e+00 7.8405481829e+01
1.3420932878e+00 1.2951080774e+00 7.9530089850e+01
1.2011376564e+00 1.2179180887e+00 8.0817023430e+01
1.3253128555e+00 1.2816837315e+00 8.0418022619e+01
1.5233219568e+00 1.3790102389e+00 7.9874566050e+01
1.5333902162e+00 1.4058589306e+00 7.6854594219e+01
1.4025028441e+00 1.3286689420e+00 7.8857155397e+01
1.2917519909e+00 1.2850398180e+00 7.7385651566e+01
1.3957906712e+00 1.3152445961e+00 8.0499770425e+01
1.4830489192e+00 1.3689419795e+00 7.8569268666e+01
1.4662684869e+00 1.3588737201e+00 7.8878530121e+01
1.5568828214e+00 1.4025028441e+00 7.8689702111e+01
1.3924345848e+00 1.3186006826e+00 7.9664690036e+01
1.6877701934e+00 1.4595563140e+00 7.9031209797e+01
1.4461319681e+00 1.3555176337e+00 7.8011464955e+01
1.6508532423e+00 1.4562002275e+00 7.7312233888e+01
1.4662684869e+00 1.3521615472e+00 7.9908360935e+01
1.2649032992e+00 1.2581911263e+00 7.9355154509e+01
1.2917519909e+00 1.2682593857e+00 7.9891268041e+01
1.4058589306e+00 1.3286689420e+00 7.9097973323e+01
1.2044937429e+00 1.2279863481e+00 7.9329640421e+01
1.3152445961e+00 1.2883959044e+00 7.8541655929e+01
1.5233219568e+00 1.3857224118e+00 7.8862578159e+01
1.4595563140e+00 1.3622298066e+00 7.7967009677e+01
1.3756541524e+00 1.3253128555e+00 7.7518906256e+01
1.5937997725e+00 1.4192832765e+00 7.8716794832e+01
1.7146188851e+00 1.4830489192e+00 7.7542159851e+01
1.5468145620e+00 1.3957906712e+00 7.8981882744e+01
1.6508532423e+00 1.4461319681e+00 7.8593946275e+01
1.4125711035e+00 1.3320250284e+00 7.9076391335e+01
1.7716723549e+00 1.5199658703e+00 7.6243269193e+01
1.5098976109e+00 1.3957906712e+00 7.6740171990e+01
1.5501706485e+00 1.4192832765e+00 7.6211556876e+01
1.6407849829e+00 1.4360637088e+00 7.9370140313e+01
1.5166097838e+00 1.3790102389e+00 7.9391134947e+01
1.3890784983e+00 1.3219567691e+00 7.8895376479e+01
1.4092150171e+00 1.3353811149e+00 7.8353871441e+01
1.8924914676e+00 1.5635949943e+00 7.7265873980e+01
1.4327076223e+00 1.3521615472e+00 7.7606745797e+01
1.0970989761e+00 1.1675767918e+00 8.0216317353e+01
1.4931171786e+00 1.3890784983e+00 7.6597162904e+01
1.1810011377e+00 1.2078498294e+00 8.0790342850e+01
1.4931171786e+00 1.3689419795e+00 7.9256172088e+01
1.5031854380e+00 1.3722980660e+00 7.9460803215e+01
1.3991467577e+00 1.3219567691e+00 7.9642511518e+01
1.3722980660e+00 1.3186006826e+00 7.8208358654e+01
1.5132536974e+00 1.3722980660e+00 8.0205275966e+01
1.3722980660e+00 1.3286689420e+00 7.6881104284e+01
1.3286689420e+00 1.2951080774e+00 7.8524698801e+01
1.3521615472e+00 1.2984641638e+00 7.9780244346e+01
1.6777019340e+00 1.4796928328e+00 7.6033050362e+01
1.7011945392e+00 1.4729806598e+00 7.8044342903e+01
1.4360637088e+00 1.3521615472e+00 7.7817958952e+01
1.4125711035e+00 1.3286689420e+00 7.9595799292e+01
1.4562002275e+00 1.3689419795e+00 7.6907037312e+01
1.3790102389e+00 1.3152445961e+00 7.9176670914e+01
1.2749715586e+00 1.2581911263e+00 8.0198636115e+01
1.5031854380e+00 1.3722980660e+00 7.9460803215e+01
1.4025028441e+00 1.3320250284e+00 7.8372310252e+01
1.2917519909e+00 1.2749715586e+00 7.8814598654e+01
1.4427758817e+00 1.3454493743e+00 7.9221821069e+01
1.2380546075e+00 1.2346985210e+00 8.1161231337e+01
1.3957906712e+00 1.3219567691e+00 7.9387792628e+01
1.4327076223e+00 1.3454493743e+00 7.8519430377e+01
1.5568828214e+00 1.4159271900e+00 7.6961238890e+01
1.3488054608e+00 1.2917519909e+00 8.0659616452e+01
1.1608646189e+00 1.2145620023e+00 7.7951983383e+01
1.3722980660e+00 1.3118885097e+00 7.9194363327e+01
1.3689419795e+00 1.3018202503e+00 8.0596616972e+01
1.5065415245e+00 1.3756541524e+00 7.9190797064e+01
1.5568828214e+00 1.4226393629e+00 7.6187004495e+01
1.6844141069e+00 1.4662684869e+00 7.7940581730e+01
1.5300341297e+00 1.3957906712e+00 7.7913227444e+01
1.6273606371e+00 1.4562002275e+00 7.6085970086e+01
1.4461319681e+00 1.3488054608e+00 7.8957765940e+01
1.5602389078e+00 1.4192832765e+00 7.6749285940e+01
1.3790102389e+00 1.3219567691e+00 7.8194037772e+01
1.4897610922e+00 1.3756541524e+00 7.8081096272e+01
1.3420932878e+00 1.3152445961e+00 7.6709754192e+01
1.3253128555e+00 1.2951080774e+00 7.8286410859e+01
1.5031854380e+00 1.3857224118e+00 7.7589707887e+01
1.4427758817e+00 1.3622298066e+00 7.6943175967e+01
1.4025028441e+00 1.3219567691e+00 7.9903474071e+01
1.4696245734e+00 1.3622298066e+00 7.8623678138e+01
1.1340159272e+00 1.1977815700e+00 7.8376848497e+01
1.3622298066e+00 1.3051763367e+00 7.9483120309e+01
1.4595563140e+00 1.3521615472e+00 7.9409244513e+01
1.4427758817e+00 1.3555176337e+00 7.7797818856e+01
1.3857224118e+00 1.3118885097e+00 8.0244957075e+01
1.5535267349e+00 1.4092150171e+00 7.7593136322e+01
1.2380546075e+00 1.2481228669e+00 7.8822504195e+01
1.3857224118e+00 1.3353811149e+00 7.6859654979e+01
1.5535267349e+00 1.4025028441e+00 7.8475090156e+01
1.4528441411e+00 1.3555176337e+00 7.8450163247e+01
1.5031854380e+00 1.3790102389e+00 7.8483321757e+01
1.3253128555e+00 1.2883959044e+00 7.9294318663e+01
1.4226393629e+00 1.3353811149e+00 7.9297320353e+01
1.5266780432e+00 1.3991467577e+00 7.7287383907e+01
1.6072241183e+00 1.4259954494e+00 7.8637364501e+01
1.3387372014e+00 1.3018202503e+00 7.8268203814e+01
1.3152445961e+00 1.2816837315e+00 7.9579890875e+01
1.4562002275e+00 1.3655858931e+00 7.7323363120e+01
1.3890784983e+00 1.3152445961e+00 7.9950158779e+01
1.6072241183e+00 1.4293515358e+00 7.8186519489e+01
1.3420932878e+00 1.2984641638e+00 7.9004086120e+01
1.4998293515e+00 1.3655858931e+00 8.0283462399e+01
1.6676336746e+00 1.4562002275e+00 7.8262786257e+01
1.5703071672e+00 1.4259954494e+00 7.6514447665e+01
1.5937997725e+00 1.4293515358e+00 7.7404078583e+01
1.5434584755e+00 1.3957906712e+00 7.8760298176e+01
1.6542093288e+00 1.4360637088e+00 8.0297473490e+01
1.4964732651e+00 1.3857224118e+00 7.7192499528e+01
1.1340159272e+00 1.1877133106e+00 8.0047587216e+01
1.3588737201e+00 1.3018202503e+00 7.9763153335e+01
1.3353811149e+00 1.3018202503e+00 7.8036632368e+01
1.3622298066e+00 1.2984641638e+00 8.0618567098e+01
1.4360637088e+00 1.3420932878e+00 7.9247685577e+01
1.4025028441e+00 1.3219567691e+00 7.9903474071e+01
1.1810011377e+00 1.2078498294e+00 8.0790342850e+01
1.3924345848e+00 1.3320250284e+00 7.7707177732e+01
1.6273606371e+00 1.4360637088e+00 7.8515471183e+01
1.5434584755e+00 1.4025028441e+00 7.7853224124e+01
1.6172923777e+00 1.4226393629e+00 7.9789100989e+01
1.3689419795e+00 1.3152445961e+00 7.8453441146e+01
1.2078498294e+00 1.2279863481e+00 7.9612998956e+01
1.5233219568e+00 1.3890784983e+00 7.8392472719e+01
1.5736632537e+00 1.4159271900e+00 7.7926556587e+01
1.4461319681e+00 1.3454493743e+00 7.9466024519e+01
1.4461319681e+00 1.3555176337e+00 7.8011464955e+01
1.3991467577e+00 1.3219567691e+00 7.9642511518e+01
1.5468145620e+00 1.3991467577e+00 7.8509211467e+01
1.4293515358e+00 1.3488054608e+00 7.7837460162e+01
1.2783276451e+00 1.2682593857e+00 7.8822628029e+01
1.6508532423e+00 1.4360637088e+00 8.0057742404e+01
1.4192832765e+00 1.3387372014e+00 7.8562274361e+01
1.2548350398e+00 1.2514789534e+00 7.9633356827e+01
1.3051763367e+00 1.2783276451e+00 7.9323516539e+01
1.4427758817e+00 1.3521615472e+00 7.8251330886e+01
1.5703071672e+00 1.4159271900e+00 7.7727662868e+01
1.4662684869e+00 1.3588737201e+00 7.8878530121e+01
1.4696245734e+00 1.3588737201e+00 7.9111723553e+01
1.5098976109e+00 1.3857224118e+00 7.7999521325e+01
1.3085324232e+00 1.2816837315e+00 7.9055826735e+01
1.2112059158e+00 1.2246302617e+00 8.0507771846e+01
1.1541524460e+00 1.2011376564e+00 7.9516277445e+01
1.1810011377e+00 1.2145620023e+00 7.9574837299e+01
1.3320250284e+00 1.2951080774e+00 7.8767866946e+01
1.3085324232e+00 1.2816837315e+00 7.9055826735e+01
1.4562002275e+00 1.3488054608e+00 7.9686198513e+01
1.5300341297e+00 1.3924345848e+00 7.8361156493e+01
1.5132536974e+00 1.3689419795e+00 8.0777472561e+01
1.4192832765e+00 1.3253128555e+00 8.0699228738e+01
1.4595563140e+00 1.3722980660e+00 7.6695334013e+01
1.4494880546e+00 1.3521615472e+00 7.8700703870e+01
1.5770193402e+00 1.4159271900e+00 7.8128655611e+01
1.4696245734e+00 1.3722980660e+00 7.7281990582e+01
1.2481228669e+00 1.2380546075e+00 8.1497507770e+01
1.4528441411e+00 1.3488054608e+00 7.9437967086e+01
1.3924345848e+00 1.3219567691e+00 7.9138877814e+01
1.6206484642e+00 1.4427758817e+00 7.7270022371e+01
1.4964732651e+00 1.3823663254e+00 7.7615083028e+01
1.2481228669e+00 1.2581911263e+00 7.8077713341e+01
1.5602389078e+00 1.4058589306e+00 7.8440509857e+01
1.4025028441e+00 1.3186006826e+00 8.0473394069e+01
1.3790102389e+00 1.3219567691e+00 7.8194037772e+01
1.3622298066e+00 1.3118885097e+00 7.8467361843e+01
1.5703071672e+00 1.4058589306e+00 7.9092207382e+01
1.4125711035e+00 1.3387372014e+00 7.8111382536e+01
1.3890784983e+00 1.3253128555e+00 7.8407014827e+01
1.5937997725e+00 1.4192832765e+00 7.8716794832e+01
1.6340728100e+00 1.4394197952e+00 7.8474148453e+01
1.5132536974e+00 1.3790102389e+00 7.9157276930e+01
1.4192832765e+00 1.3286689420e+00 8.0117947223e+01
1.4494880546e+00 1.3488054608e+00 7.9195278133e+01
1.3488054608e+00 1.3085324232e+00 7.8017259422e+01
1.3588737201e+00 1.3018202503e+00 7.9763153335e+01
1.5635949943e+00 1.3957906712e+00 8.0162035964e+01
1.4696245734e+00 1.3689419795e+00 7.7711102492e+01
1.4293515358e+00 1.3454493743e+00 7.8294365083e+01
1.3588737201e+00 1.3018202503e+00 7.9763153335e+01
1.4998293515e+00 1.3756541524e+00 7.8734226459e+01
1.4494880546e+00 1.3488054608e+00 7.9195278133e+01
1.0266211604e+00 1.1306598407e+00 8.0130459292e+01
1.4796928328e+00 1.3790102389e+00 7.7042028693e+01
1.1810011377e+00 1.2179180887e+00 7.9021225790e+01
1.4595563140e+00 1.3555176337e+00 7.8905581221e+01
1.5199658703e+00 1.3857224118e+00 7.8640875517e+01
1.5333902162e+00 1.4025028441e+00 7.7260587813e+01
1.4025028441e+00 1.3253128555e+00 7.9366312224e+01
1.1944254835e+00 1.2145620023e+00 8.0809547653e+01
1.1877133106e+00 1.2078498294e+00 8.1477400798e+01
1.5367463026e+00 1.3924345848e+00 7.8794885499e+01
1.5333902162e+00 1.3823663254e+00 8.0083946894e+01
1.4159271900e+00 1.3353811149e+00 7.8815961559e+01
1.2145620023e+00 1.2246302617e+00 8.0827801179e+01
1.3790102389e+00 1.3186006826e+00 7.8673630960e+01
1.7414675768e+00 1.4897610922e+00 7.8193765115e+01
1.3689419795e+00 1.3152445961e+00 7.8453441146e+01
1.3722980660e+00 1.3219567691e+00 7.7748012065e+01
1.4998293515e+00 1.3857224118e+00 7.7389603508e+01
1.6474971559e+00 1.4662684869e+00 7.5995668142e+01
1.3320250284e+00 1.2917519909e+00 7.9282706003e+01
1.5367463026e+00 1.3823663254e+00 8.0338633112e+01
1.3991467577e+00 1.3186006826e+00 8.0196597774e+01
1.4025028441e+00 1.3286689420e+00 7.8857155397e+01
1.4259954494e+00 1.3420932878e+00 7.8541194536e+01
1.4763367463e+00 1.3756541524e+00 7.7260445308e+01
1.3253128555e+00 1.2917519909e+00 7.8777931890e+01
1.5770193402e+00 1.4159271900e+00 7.8128655611e+01
1.4461319681e+00 1.3521615472e+00 7.8473901711e+01
1.4125711035e+00 1.3353811149e+00 7.8582656558e+01
1.4293515358e+00 1.3488054608e+00 7.7837460162e+01
1.2514789534e+00 1.2615472127e+00 7.7841107708e+01
1.7750284414e+00 1.5166097838e+00 7.6771087704e+01
1.7381114903e+00 1.4964732651e+00 7.7194817534e+01
1.2951080774e+00 1.2749715586e+00 7.9069997734e+01
1.4629124005e+00 1.3689419795e+00 7.7302966730e+01
1.5803754266e+00 1.4226393629e+00 7.7468776008e+01
1.1675767918e+00 1.2011376564e+00 8.0765365993e+01
1.4092150171e+00 1.3320250284e+00 7.8836923017e+01
1.7280432309e+00 1.4864050057e+00 7.7865196374e+01
1.4259954494e+00 1.3420932878e+00 7.8541194536e+01
1.4763367463e+00 1.3722980660e+00 7.7687941731e+01
1.4125711035e+00 1.3454493743e+00 7.7226338163e+01
1.2548350398e+00 1.2548350398e+00 7.9088615169e+01
1.4763367463e+00 1.3722980660e+00 7.7687941731e+01
1.3991467577e+00 1.3219567691e+00 7.9642511518e+01
1.3454493743e+00 1.2951080774e+00 7.9796429207e+01
1.3689419795e+00 1.2951080774e+00 8.1895816420e+01
1.3722980660e+00 1.3118885097e+00 7.9194363327e+01
1.6273606371e+00 1.4293515358e+00 7.9464474211e+01
1.2883959044e+00 1.2716154721e+00 7.9075626195e+01
1.1810011377e+00 1.2112059158e+00 8.0162372107e+01
1.5703071672e+00 1.4058589306e+00 7.9092207382e+01
1.4729806598e+00 1.3655858931e+00 7.8375205084e+01
1.3588737201e+00 1.3051763367e+00 7.9227264469e+01
1.3957906712e+00 1.3186006826e+00 7.9927223311e+01
1.2615472127e+00 1.2581911263e+00 7.9088086042e+01
1.6172923777e+00 1.4293515358e+00 7.8807826073e+01
1.3588737201e+00 1.3018202503e+00 7.9763153335e+01
1.2951080774e+00 1.2716154721e+00 7.9607061206e+01
1.4259954494e+00 1.3286689420e+00 8.0668501712e+01
1.4159271900e+00 1.3387372014e+00 7.8334725691e+01
1.2951080774e+00 1.2816837315e+00 7.8074577695e+01
1.4125711035e+00 1.3219567691e+00 8.0729161195e+01
1.4293515358e+00 1.3320250284e+00 8.0359799633e+01
1.3890784983e+00 1.3253128555e+00 7.8407014827e+01
1.4494880546e+00 1.3521615472e+00 7.8700703870e+01
1.5132536974e+00 1.3857224118e+00 7.8209564664e+01
1.5568828214e+00 1.3890784983e+00 8.0772575425e+01
1.5535267349e+00 1.4025028441e+00 7.8475090156e+01
1.3957906712e+00 1.3186006826e+00 7.9927223311e+01
1.4293515358e+00 1.3454493743e+00 7.8294365083e+01
1.4461319681e+00 1.3588737201e+00 7.7568052062e+01
1.3219567691e+00 1.2816837315e+00 8.0130935788e+01
1.5837315131e+00 1.4092150171e+00 7.9505745975e+01
1.5434584755e+00 1.3957906712e+00 7.8760298176e+01
1.3722980660e+00 1.3286689420e+00 7.6881104284e+01
1.6374288965e+00 1.4461319681e+00 7.7799904054e+01
1.4461319681e+00 1.3454493743e+00 7.9466024519e+01
1.4897610922e+00 1.3622298066e+00 8.0061848799e+01
1.5468145620e+00 1.4058589306e+00 7.7623120904e+01
1.4259954494e+00 1.3320250284e+00 8.0090171698e+01
1.3823663254e+00 1.3186006826e+00 7.8913336733e+01
1.5367463026e+00 1.3957906712e+00 7.8329343184e+01
1.3689419795e+00 1.3018202503e+00 8.0596616972e+01
1.6374288965e+00 1.4629124005e+00 7.5861050932e+01
1.2917519909e+00 1.2850398180e+00 7.7385651566e+01
1.2649032992e+00 1.2514789534e+00 8.0508135983e+01
1.2883959044e+00 1.2783276451e+00 7.8077826494e+01
1.3622298066e+00 1.3018202503e+00 8.0033418254e+01
1.3622298066e+00 1.3085324232e+00 7.8962443963e+01
1.3219567691e+00 1.2917519909e+00 7.8533617949e+01
1.4897610922e+00 1.3689419795e+00 7.9022577752e+01
1.3488054608e+00 1.3118885097e+00 7.7561844229e+01
1.3857224118e+00 1.3152445961e+00 7.9686061849e+01
1.5602389078e+00 1.4058589306e+00 7.8440509857e+01
1.1742889647e+00 1.2078498294e+00 8.0150134396e+01
1.3857224118e+00 1.3253128555e+00 7.8178963131e+01
1.3890784983e+00 1.3253128555e+00 7.8407014827e+01
1.4629124005e+00 1.3655858931e+00 7.7733681945e+01
1.5233219568e+00 1.3890784983e+00 7.8392472719e+01
1.4226393629e+00 1.3488054608e+00 7.7416270071e+01
1.7347554039e+00 1.4897610922e+00 7.7819864463e+01
1.4998293515e+00 1.3857224118e+00 7.7389603508e+01
1.5971558589e+00 1.4192832765e+00 7.8932026590e+01
1.5300341297e+00 1.4092150171e+00 7.6282544606e+01
1.4192832765e+00 1.3454493743e+00 7.7642892977e+01
1.6407849829e+00 1.4494880546e+00 7.7571960606e+01
1.5401023891e+00 1.3924345848e+00 7.9017957496e+01
1.4394197952e+00 1.3521615472e+00 7.8032755060e+01
1.3118885097e+00 1.2850398180e+00 7.8795372618e+01
1.4293515358e+00 1.3387372014e+00 7.9272856953e+01
1.3219567691e+00 1.2951080774e+00 7.8052710813e+01
1.5031854380e+00 1.3756541524e+00 7.8960224848e+01
1.2447667804e+00 1.2481228669e+00 7.9356776907e+01
1.3353811149e+00 1.2951080774e+00 7.9016239735e+01
1.3387372014e+00 1.2917519909e+00 7.9811691125e+01
1.4125711035e+00 1.3320250284e+00 7.9076391335e+01
1.5132536974e+00 1.3823663254e+00 7.8672526870e+01
1.4931171786e+00 1.3689419795e+00 7.9256172088e+01
1.3420932878e+00 1.2917519909e+00 8.0086467855e+01
1.5971558589e+00 1.4192832765e+00 7.8932026590e+01
1.3152445961e+00 1.2749715586e+00 8.0744685429e+01
1.4696245734e+00 1.3957906712e+00 7.4649684184e+01
1.4729806598e+00 1.3622298066e+00 7.8850858039e+01
1.5434584755e+00 1.4092150171e+00 7.7015956060e+01
1.3622298066e+00 1.3018202503e+00 8.0033418254e+01
1.3857224118e+00 1.3186006826e+00 7.9158170740e+01
1.5535267349e+00 1.4092150171e+00 7.7593136322e+01
1.5166097838e+00 1.3857224118e+00 7.8423280228e+01
1.1474402730e+00 1.1944254835e+00 8.0087401536e+01
1.5031854380e+00 1.3924345848e+00 7.6762878640e+01
1.3051763367e+00 1.2783276451e+00 7.9323516539e+01
1.4864050057e+00 1.3655858931e+00 7.9287999453e+01
1.4125711035e+00 1.3253128555e+00 8.0144955155e+01
1.4092150171e+00 1.3320250284e+00 7.8836923017e+01
1.4394197952e+00 1.3488054608e+00 7.8496995076e+01
1.2011376564e+00 1.2212741752e+00 8.0191034612e+01
1.4629124005e+00 1.3588737201e+00 7.8649978183e+01
1.5568828214e+00 1.3957906712e+00 7.9674226907e+01
1.0836746303e+00 1.1608646189e+00 8.0153778974e+01
1.2716154721e+00 1.2615472127e+00 7.9352460501e+01
1.4931171786e+00 1.3756541524e+00 7.8294895838e+01
1.4763367463e+00 1.3722980660e+00 7.7687941731e+01
1.5703071672e+00 1.4192832765e+00 7.7308711815e+01
1.4528441411e+00 1.3521615472e+00 7.8931997742e+01
1.5300341297e+00 1.3957906712e+00 7.7913227444e+01
1.1843572241e+00 1.2246302617e+00 7.8250419878e+01
1.3521615472e+00 1.3051763367e+00 7.8732463457e+01
1.1675767918e+00 1.2279863481e+00 7.6591271485e+01
1.5031854380e+00 1.3722980660e+00 7.9460803215e+01
1.5300341297e+00 1.3991467577e+00 7.7483048264e+01
1.3924345848e+00 1.3186006826e+00 7.9664690036e+01
1.3890784983e+00 1.3186006826e+00 7.9408488915e+01
1.5401023891e+00 1.3991467577e+00 7.8088525287e+01
1.4125711035e+00 1.3387372014e+00 7.8111382536e+01
1.5199658703e+00 1.3790102389e+00 7.9630110455e+01
1.4931171786e+00 1.3689419795e+00 7.9256172088e+01
1.3823663254e+00 1.3219567691e+00 7.8423254273e+01
1.2615472127e+00 1.2514789534e+00 8.0208074687e+01
1.7079067122e+00 1.4864050057e+00 7.6797393743e+01
1.5065415245e+00 1.3823663254e+00 7.8238546528e+01
1.3085324232e+00 1.2783276451e+00 7.9589943950e+01
1.4427758817e+00 1.3488054608e+00 7.8725103092e+01
1.4830489192e+00 1.3722980660e+00 7.8107186175e+01
1.3085324232e+00 1.2850398180e+00 7.8548799109e+01
1.2984641638e+00 1.2783276451e+00 7.8809133488e+01
1.6844141069e+00 1.4796928328e+00 7.6363246919e+01
1.3689419795e+00 1.3018202503e+00 8.0596616972e+01
1.4864050057e+00 1.3655858931e+00 7.9287999453e+01
1.6508532423e+00 1.4494880546e+00 7.8149581428e+01
1.5199658703e+00 1.3857224118e+00 7.8640875517e+01
1.5568828214e+00 1.4192832765e+00 7.6567763241e+01
1.6139362912e+00 1.4259954494e+00 7.9065802703e+01
1.4025028441e+00 1.3320250284e+00 7.8372310252e+01
1.4629124005e+00 1.3555176337e+00 7.9140215050e+01
1.5333902162e+00 1.3924345848e+00 7.8576031214e+01
1.4058589306e+00 1.3353811149e+00 7.8129344608e+01
1.3454493743e+00 1.2951080774e+00 7.9796429207e+01
1.5199658703e+00 1.3790102389e+00 7.9630110455e+01
1.4964732651e+00 1.3823663254e+00 7.7615083028e+01
1.7381114903e+00 1.5166097838e+00 7.5054453900e+01
1.7112627986e+00 1.4964732651e+00 7.5865646435e+01
1.5501706485e+00 1.3957906712e+00 7.9207871838e+01
1.4159271900e+00 1.3387372014e+00 7.8334725691e+01
1.4864050057e+00 1.3722980660e+00 7.8322239603e+01
1.5266780432e+00 1.3857224118e+00 7.9088638757e+01
1.4293515358e+00 1.3488054608e+00 7.7837460162e+01
1.4796928328e+00 1.3588737201e+00 7.9842383595e+01
1.6844141069e+00 1.4763367463e+00 7.6737759111e+01
1.2816837315e+00 1.2749715586e+00 7.8080162725e+01
1.5098976109e+00 1.3890784983e+00 7.7563806286e+01
1.4159271900e+00 1.3353811149e+00 7.8815961559e+01
1.4729806598e+00 1.3924345848e+00 7.5161061790e+01
1.3655858931e+00 1.3085324232e+00 7.9211232895e+01
1.6676336746e+00 1.4427758817e+00 8.0186481889e+01
1.4763367463e+00 1.3622298066e+00 7.9082610920e+01
1.5434584755e+00 1.3991467577e+00 7.8297044264e+01
1.4864050057e+00 1.3622298066e+00 7.9808460119e+01
1.3588737201e+00 1.3018202503e+00 7.9763153335e+01
1.4494880546e+00 1.3521615472e+00 7.8700703870e+01
1.5434584755e+00 1.3991467577e+00 7.8297044264e+01
1.3555176337e+00 1.3018202503e+00 7.9499660855e+01
1.4159271900e+00 1.3387372014e+00 7.8334725691e+01
1.1004550626e+00 1.1709328783e+00 7.9922667188e+01
1.4662684869e+00 1.3555176337e+00 7.9379871763e+01
1.5367463026e+00 1.3924345848e+00 7.8794885499e+01
1.6374288965e+00 1.4360637088e+00 7.9150356996e+01
1.5434584755e+00 1.4025028441e+00 7.7853224124e+01
1.3991467577e+00 1.3186006826e+00 8.0196597774e+01
1.4427758817e+00 1.3488054608e+00 7.8725103092e+01
1.3555176337e+00 1.3152445961e+00 7.7552239275e+01
1.4998293515e+00 1.3689419795e+00 7.9738821391e+01
1.6005119454e+00 1.4327076223e+00 7.7371133569e+01
1.6105802048e+00 1.4327076223e+00 7.7949753196e+01
1.3957906712e+00 1.3320250284e+00 7.7924966431e+01
1.6139362912e+00 1.4394197952e+00 7.7304096548e+01
1.1575085324e+00 1.1877133106e+00 8.2561631465e+01
1.4998293515e+00 1.3756541524e+00 7.8734226459e+01
1.2783276451e+00 1.2581911263e+00 8.0495974329e+01
1.5602389078e+00 1.4125711035e+00 7.7562699660e+01
1.2615472127e+00 1.2548350398e+00 7.9631676164e+01
1.4864050057e+00 1.3823663254e+00 7.7020412926e+01
1.4696245734e+00 1.3655858931e+00 7.8157643294e+01
1.5468145620e+00 1.4058589306e+00 7.7623120904e+01
1.4092150171e+00 1.3186006826e+00 8.1052026652e+01
1.1172354949e+00 1.1709328783e+00 8.1656422321e+01
1.5703071672e+00 1.4125711035e+00 7.8163216220e+01
1.4595563140e+00 1.3555176337e+00 7.8905581221e+01
1.3152445961e+00 1.2749715586e+00 8.0744685429e+01
1.4058589306e+00 1.3286689420e+00 7.9097973323e+01
1.4629124005e+00 1.3622298066e+00 7.8181986703e+01
1.4092150171e+00 1.3286689420e+00 7.9344063161e+01
1.4931171786e+00 1.3790102389e+00 7.7845484038e+01
1.5669510808e+00 1.4125711035e+00 7.7959841368e+01
1.5669510808e+00 1.4360637088e+00 7.5251495631e+01
1.4427758817e+00 1.3488054608e+00 7.8725103092e+01
1.3756541524e+00 1.3186006826e+00 7.8438734158e+01
1.6441410694e+00 1.4629124005e+00 7.6193034799e+01
1.6542093288e+00 1.4528441411e+00 7.7914175364e+01
1.4562002275e+00 1.3622298066e+00 7.7755668784e+01
1.4964732651e+00 1.3722980660e+00 7.8991684544e+01
1.4394197952e+00 1.3320250284e+00 8.1217003910e+01
1.4058589306e+00 1.3420932878e+00 7.7241351421e+01
1.5300341297e+00 1.4092150171e+00 7.6282544606e+01
1.3085324232e+00 1.2850398180e+00 7.8548799109e+01
1.2917519909e+00 1.2749715586e+00 7.8814598654e+01
1.1843572241e+00 1.2179180887e+00 7.9300120252e+01
1.2548350398e+00 1.2548350398e+00 7.9088615169e+01
1.5166097838e+00 1.3823663254e+00 7.8895658704e+01
1.6441410694e+00 1.4394197952e+00 7.9104431935e+01
1.3756541524e+00 1.3152445961e+00 7.8930511023e+01
1.3454493743e+00 1.3051763367e+00 7.8257846050e+01
1.3689419795e+00 1.3118885097e+00 7.8946884930e+01
1.2984641638e+00 1.2682593857e+00 8.0469122125e+01
1.3521615472e+00 1.2951080774e+00 8.0350536454e+01
1.5266780432e+00 1.3857224118e+00 7.9088638757e+01
1.6005119454e+00 1.4528441411e+00 7.5135705513e+01
1.3722980660e+00 1.3186006826e+00 7.8208358654e+01
1.7884527873e+00 1.5401023891e+00 7.4965224294e+01
1.5669510808e+00 1.4125711035e+00 7.7959841368e+01
1.3622298066e+00 1.3118885097e+00 7.8467361843e+01
1.8958475540e+00 1.5568828214e+00 7.8230018961e+01
1.6005119454e+00 1.4259954494e+00 7.8224007383e+01
1.4125711035e+00 1.3219567691e+00 8.0729161195e+01
1.2481228669e+00 1.2548350398e+00 7.8570581146e+01
1.5635949943e+00 1.4159271900e+00 7.7338888787e+01
1.4159271900e+00 1.3320250284e+00 7.9321060792e+01
1.3219567691e+00 1.2883959044e+00 7.9037868167e+01
1.3622298066e+00 1.3152445961e+00 7.7994693227e+01
1.3823663254e+00 1.3186006826e+00 7.8913336733e+01
1.5300341297e+00 1.4058589306e+00 7.6669093722e+01
1.5300341297e+00 1.3957906712e+00 7.7913227444e+01
1.3790102389e+00 1.3085324232e+00 8.0267860331e+01
1.6038680319e+00 1.4293515358e+00 7.7986313354e+01
1.3588737201e+00 1.2951080774e+00 8.0937612103e+01
1.3857224118e+00 1.3186006826e+00 7.9158170740e+01
1.4562002275e+00 1.3588737201e+00 7.8205723931e+01
1.4192832765e+00 1.3353811149e+00 7.9054075736e+01
1.5501706485e+00 1.4092150171e+00 7.7397926857e+01
1.3118885097e+00 1.2783276451e+00 7.9863172672e+01
1.4964732651e+00 1.3790102389e+00 7.8054447798e+01
1.5501706485e+00 1.3991467577e+00 7.8725233071e+01
1.7548919226e+00 1.4964732651e+00 7.8097206332e+01
1.3588737201e+00 1.2984641638e+00 8.0331244907e+01
1.3018202503e+00 1.2783276451e+00 7.9063393028e+01
1.5132536974e+00 1.3890784983e+00 7.7765904866e+01
1.4192832765e+00 1.3320250284e+00 7.9571297751e+01
1.4259954494e+00 1.3488054608e+00 7.7625143435e+01
1.3488054608e+00 1.3018202503e+00 7.8991059176e+01
1.3991467577e+00 1.3286689420e+00 7.8621274380e+01
1.3555176337e+00 1.3051763367e+00 7.8977173578e+01
1.3857224118e+00 1.3253128555e+00 7.8178963131e+01
1.4092150171e+00 1.3253128555e+00 7.9878928091e+01
1.5669510808e+00 1.4058589306e+00 7.8870870894e+01
1.5971558589e+00 1.4360637088e+00 7.6786800379e+01
1.7045506257e+00 1.4931171786e+00 7.5899680722e+01
1.3353811149e+00 1.2917519909e+00 7.9543946296e+01
1.4864050057e+00 1.3722980660e+00 7.8322239603e+01
1.5971558589e+00 1.4360637088e+00 7.6786800379e+01
1.4897610922e+00 1.3622298066e+00 8.0061848799e+01
1.2649032992e+00 1.2514789534e+00 8.0508135983e+01
1.7381114903e+00 1.4998293515e+00 7.6810365210e+01
1.3253128555e+00 1.2917519909e+00 7.8777931890e+01
1.2481228669e+00 1.2414106940e+00 8.0831183629e+01
1.7381114903e+00 1.5132536974e+00 7.5386188521e+01
1.5233219568e+00 1.3957906712e+00 7.7510466043e+01
1.4159271900e+00 1.3353811149e+00 7.8815961559e+01
1.5971558589e+00 1.4226393629e+00 7.8467377281e+01
1.4461319681e+00 1.3488054608e+00 7.8957765940e+01
1.3018202503e+00 1.2682593857e+00 8.0771274052e+01
1.3823663254e+00 1.3152445961e+00 7.9428385522e+01
1.3219567691e+00 1.2749715586e+00 8.1372997247e+01
1.3722980660e+00 1.3152445961e+00 7.8689542878e+01
1.5031854380e+00 1.3823663254e+00 7.8027252334e+01
1.6172923777e+00 1.4327076223e+00 7.8350833738e+01
1.6374288965e+00 1.4528441411e+00 7.6985013710e+01
1.0870307167e+00 1.1608646189e+00 8.0488396558e+01
1.5568828214e+00 1.4125711035e+00 7.7368630335e+01
1.5803754266e+00 1.4125711035e+00 7.8794659982e+01
1.2951080774e+00 1.2649032992e+00 8.0782894985e+01
1.5501706485e+00 1.4058589306e+00 7.7822512496e+01
1.3186006826e+00 1.2783276451e+00 8.0432380556e+01
1.5669510808e+00 1.4125711035e+00 7.7959841368e+01
1.4763367463e+00 1.3655858931e+00 7.8596770678e+01
1.7179749716e+00 1.4796928328e+00 7.8144738924e+01
1.4461319681e+00 1.3588737201e+00 7.7568052062e+01
1.2816837315e+00 1.2682593857e+00 7.9080263792e+01
1.3454493743e+00 1.2917519909e+00 8.0368878693e+01
1.4092150171e+00 1.3286689420e+00 7.9344063161e+01
1.3689419795e+00 1.3085324232e+00 7.9465716996e+01
1.4092150171e+00 1.3387372014e+00 7.7892011916e+01
1.3555176337e+00 1.3018202503e+00 7.9499660855e+01
1.3320250284e+00 1.2850398180e+00 8.0402640502e+01
1.3118885097e+00 1.2816837315e+00 7.9314739283e+01
1.7448236633e+00 1.4998293515e+00 7.7152477223e+01
1.3924345848e+00 1.3420932878e+00 7.6441241977e+01
1.5468145620e+00 1.3924345848e+00 7.9477833596e+01
1.5401023891e+00 1.3957906712e+00 7.8542862357e+01
1.4092150171e+00 1.3353811149e+00 7.8353871441e+01
1.4427758817e+00 1.3454493743e+00 7.9221821069e+01
1.3118885097e+00 1.2883959044e+00 7.8301185687e+01
1.3118885097e+00 1.2716154721e+00 8.1068996127e+01
1.6005119454e+00 1.4293515358e+00 7.7789269832e+01
1.5065415245e+00 1.3890784983e+00 7.7364813580e+01
1.4864050057e+00 1.3622298066e+00 7.9808460119e+01
1.5501706485e+00 1.3957906712e+00 7.9207871838e+01
1.4562002275e+00 1.3488054608e+00 7.9686198513e+01
1.3790102389e+00 1.3152445961e+00 7.9176670914e+01
1.2783276451e+00 1.2716154721e+00 7.8322416596e+01
1.4595563140e+00 1.3588737201e+00 7.8425792529e+01
1.5837315131e+00 1.4159271900e+00 7.8543151574e+01
1.3924345848e+00 1.3186006826e+00 7.9664690036e+01
1.4259954494e+00 1.3420932878e+00 7.8541194536e+01
1.4696245734e+00 1.3722980660e+00 7.7281990582e+01
1.2615472127e+00 1.2514789534e+00 8.0208074687e+01
1.5669510808e+00 1.3991467577e+00 7.9871948002e+01
1.6407849829e+00 1.4528441411e+00 7.7165681271e+01
1.4964732651e+00 1.3655858931e+00 8.0025526977e+01
1.4729806598e+00 1.3588737201e+00 7.9349863626e+01
1.5568828214e+00 1.4025028441e+00 7.8689702111e+01
1.3286689420e+00 1.2816837315e+00 8.0713766481e+01
1.4830489192e+00 1.3722980660e+00 7.8107186175e+01
1.3219567691e+00 1.2850398180e+00 7.9568862870e+01
1.4595563140e+00 1.3555176337e+00 7.8905581221e+01
1.5031854380e+00 1.3823663254e+00 7.8027252334e+01
1.4327076223e+00 1.3353811149e+00 8.0061645986e+01
1.6743458476e+00 1.4629124005e+00 7.7792646194e+01
1.1172354949e+00 1.1776450512e+00 8.0298592558e+01
1.7515358362e+00 1.5031854380e+00 7.7109927186e+01
1.2078498294e+00 1.2346985210e+00 7.8539383469e+01
1.5468145620e+00 1.3957906712e+00 7.8981882744e+01
1.4360637088e+00 1.3488054608e+00 7.8273175841e+01
1.3991467577e+00 1.3286689420e+00 7.8621274380e+01
1.5132536974e+00 1.3756541524e+00 7.9666894728e+01
1.4897610922e+00 1.3790102389e+00 7.7639920971e+01
1.5266780432e+00 1.3957906712e+00 7.7710260634e+01
1.2682593857e+00 1.2649032992e+00 7.8572105661e+01
1.4931171786e+00 1.3689419795e+00 7.9256172088e+01
1.4864050057e+00 1.3790102389e+00 7.7437591440e+01
1.6743458476e+00 1.4696245734e+00 7.6985215594e+01
1.2682593857e+00 1.2615472127e+00 7.9086508187e+01
1.3454493743e+00 1.3051763367e+00 7.8257846050e+01
1.6072241183e+00 1.4293515358e+00 7.8186519489e+01
1.2212741752e+00 1.2380546075e+00 7.9075034431e+01
1.6240045506e+00 1.4226393629e+00 8.0268286699e+01
1.3622298066e+00 1.3085324232e+00 7.8962443963e+01
1.2917519909e+00 1.2682593857e+00 7.9891268041e+01
1.5098976109e+00 1.3890784983e+00 7.7563806286e+01
1.4830489192e+00 1.3588737201e+00 8.0097571749e+01
1.4763367463e+00 1.3689419795e+00 7.8132705796e+01
1.4293515358e+00 1.3454493743e+00 7.8294365083e+01
1.4293515358e+00 1.3588737201e+00 7.6569851534e+01
1.4662684869e+00 1.3655858931e+00 7.7943868320e+01
1.2380546075e+00 1.2380546075e+00 8.0518034586e+01
1.3320250284e+00 1.2917519909e+00 7.9282706003e+01
1.1474402730e+00 1.1877133106e+00 8.1395517288e+01
1.3689419795e+00 1.3051763367e+00 8.0013910471e+01
1.4897610922e+00 1.3823663254e+00 7.7215689401e+01
1.5904436860e+00 1.4159271900e+00 7.8972675049e+01
1.5736632537e+00 1.4293515358e+00 7.6310818406e+01
1.2313424346e+00 1.2313424346e+00 8.1161912553e+01
1.4528441411e+00 1.3521615472e+00 7.8931997742e+01
1.4494880546e+00 1.3588737201e+00 7.7777051594e+01
1.4931171786e+00 1.3756541524e+00 7.8294895838e+01
1.5065415245e+00 1.3756541524e+00 7.9190797064e+01
1.4394197952e+00 1.3488054608e+00 7.8496995076e+01
1.5333902162e+00 1.4025028441e+00 7.7260587813e+01
1.2548350398e+00 1.2581911263e+00 7.8572101214e+01
1.2850398180e+00 1.2649032992e+00 7.9898540694e+01
1.3790102389e+00 1.3118885097e+00 7.9706610590e+01
1.4562002275e+00 1.3555176337e+00 7.8675657808e+01
1.5803754266e+00 1.4159271900e+00 7.8334126729e+01
1.4830489192e+00 1.3823663254e+00 7.6827907662e+01
1.5535267349e+00 1.3957906712e+00 7.9438548429e+01
1.3353811149e+00 1.3219567691e+00 7.5529529532e+01
1.4729806598e+00 1.3588737201e+00 7.9349863626e+01
1.3823663254e+00 1.3152445961e+00 7.9428385522e+01
1.6474971559e+00 1.4494880546e+00 7.7954079538e+01
1.5098976109e+00 1.3823663254e+00 7.8453567226e+01
1.5736632537e+00 1.4192832765e+00 7.7500509759e+01
1.6877701934e+00 1.4662684869e+00 7.8132500576e+01
1.4293515358e+00 1.3521615472e+00 7.7398935195e+01
1.5132536974e+00 1.3790102389e+00 7.9157276930e+01
1.4964732651e+00 1.3924345848e+00 7.6391441929e+01
1.4528441411e+00 1.3588737201e+00 7.7989545840e+01
1.4226393629e+00 1.3420932878e+00 7.8314885953e+01
1.3253128555e+00 1.2917519909e+00 7.8777931890e+01
1.6441410694e+00 1.4427758817e+00 7.8637362450e+01
1.4964732651e+00 1.3756541524e+00 7.8512531710e+01
1.2816837315e+00 1.2615472127e+00 8.0192213913e+01
1.5803754266e+00 1.4092150171e+00 7.9276939788e+01
1.2682593857e+00 1.2615472127e+00 7.9086508187e+01
1.6105802048e+00 1.4360637088e+00 7.7526646477e+01
1.5803754266e+00 1.4058589306e+00 7.9784058880e+01
1.5266780432e+00 1.3924345848e+00 7.8150044634e+01
1.3387372014e+00 1.2984641638e+00 7.8756924475e+01
1.2011376564e+00 1.2212741752e+00 8.0191034612e+01
1.3991467577e+00 1.3320250284e+00 7.8146603822e+01
1.4964732651e+00 1.3689419795e+00 7.9494802758e+01
1.6944823663e+00 1.4696245734e+00 7.8088546279e+01
1.4494880546e+00 1.3488054608e+00 7.9195278133e+01
1.3957906712e+00 1.3320250284e+00 7.7924966431e+01
1.2615472127e+00 1.2481228669e+00 8.0823482470e+01
1.4494880546e+00 1.3521615472e+00 7.8700703870e+01
1.1239476678e+00 1.1910693970e+00 7.8603260539e+01
1.3488054608e+00 1.3018202503e+00 7.8991059176e+01
1.3286689420e+00 1.2783276451e+00 8.1354450889e+01
1.3454493743e+00 1.2951080774e+00 7.9796429207e+01
1.5568828214e+00 1.4058589306e+00 7.8231034671e+01
1.6810580205e+00 1.4796928328e+00 7.6197209607e+01
1.5703071672e+00 1.4226393629e+00 7.6904759316e+01
1.5401023891e+00 1.3890784983e+00 7.9516645940e+01
1.6441410694e+00 1.4360637088e+00 7.9594427941e+01
1.3555176337e+00 1.2984641638e+00 8.0052025489e+01
1.3555176337e+00 1.2984641638e+00 8.0052025489e+01
1.1474402730e+00 1.2011376564e+00 7.8943211422e+01
1.3420932878e+00 1.2883959044e+00 8.0678676165e+01
1.3991467577e+00 1.3219567691e+00 7.9642511518e+01
1.5703071672e+00 1.4192832765e+00 7.7308711815e+01
1.4494880546e+00 1.3488054608e+00 7.9195278133e+01
1.1877133106e+00 1.2179180887e+00 7.9586256998e+01
1.1742889647e+00 1.2044937429e+00 8.0778583288e+01
1.6273606371e+00 1.4226393629e+00 8.0516724797e+01
1.6709897611e+00 1.4562002275e+00 7.8461931556e+01
1.3051763367e+00 1.2783276451e+00 7.9323516539e+01
1.6038680319e+00 1.4192832765e+00 7.9375144895e+01
1.5669510808e+00 1.4058589306e+00 7.8870870894e+01
1.4494880546e+00 1.3488054608e+00 7.9195278133e+01
1.5703071672e+00 1.4058589306e+00 7.9092207382e+01
1.7347554039e+00 1.4998293515e+00 7.6642451444e+01
1.1507963595e+00 1.1944254835e+00 8.0405622949e+01
1.5971558589e+00 1.4360637088e+00 7.6786800379e+01
1.6609215017e+00 1.4629124005e+00 7.7058338051e+01
1.3521615472e+00 1.3018202503e+00 7.9242442842e+01
1.3823663254e+00 1.3152445961e+00 7.9428385522e+01
1.5568828214e+00 1.4192832765e+00 7.6567763241e+01
1.3488054608e+00 1.2984641638e+00 7.9515322697e+01
1.4192832765e+00 1.3286689420e+00 8.0117947223e+01
1.5635949943e+00 1.4092150171e+00 7.8197346124e+01
1.4629124005e+00 1.3555176337e+00 7.9140215050e+01
1.3991467577e+00 1.3253128555e+00 7.9118807063e+01
1.3991467577e+00 1.3353811149e+00 7.7692136995e+01
1.4092150171e+00 1.3253128555e+00 7.9878928091e+01
1.6139362912e+00 1.4293515358e+00 7.8597089341e+01
1.3118885097e+00 1.2783276451e+00 7.9863172672e+01
1.5434584755e+00 1.3823663254e+00 8.0868771775e+01
1.3924345848e+00 1.3186006826e+00 7.9664690036e+01
1.3655858931e+00 1.3186006826e+00 7.7760154258e+01
1.3488054608e+00 1.3085324232e+00 7.8017259422e+01
1.4360637088e+00 1.3387372014e+00 7.9773112642e+01
1.4931171786e+00 1.3924345848e+00 7.6209300740e+01
1.4629124005e+00 1.3555176337e+00 7.9140215050e+01
1.6172923777e+00 1.4461319681e+00 7.6694229090e+01
1.3488054608e+00 1.3085324232e+00 7.8017259422e+01
1.4394197952e+00 1.3555176337e+00 7.7587711543e+01
1.6005119454e+00 1.4293515358e+00 7.7789269832e+01
1.4461319681e+00 1.3420932878e+00 8.0002412726e+01
1.5333902162e+00 1.3924345848e+00 7.8576031214e+01
1.3622298066e+00 1.3186006826e+00 7.7541873444e+01
1.3320250284e+00 1.2917519909e+00 7.9282706003e+01
1.4729806598e+00 1.3756541524e+00 7.7063096501e+01
1.4259954494e+00 1.3521615472e+00 7.7194361263e+01
1.4360637088e+00 1.3387372014e+00 7.9773112642e+01
1.4427758817e+00 1.3521615472e+00 7.8251330886e+01
1.2346985210e+00 1.2313424346e+00 8.1503151291e+01
1.5602389078e+00 1.4125711035e+00 7.7562699660e+01
1.3320250284e+00 1.2917519909e+00 7.9282706003e+01
1.3756541524e+00 1.3118885097e+00 7.9447466795e+01
1.7481797497e+00 1.4931171786e+00 7.8145572939e+01
1.4662684869e+00 1.3756541524e+00 7.6676794195e+01
1.5401023891e+00 1.4025028441e+00 7.7652643321e+01
1.3152445961e+00 1.2816837315e+00 7.9579890875e+01
1.3655858931e+00 1.3051763367e+00 7.9745172921e+01
1.5669510808e+00 1.4159271900e+00 7.7531820868e+01
1.3387372014e+00 1.2917519909e+00 7.9811691125e+01
1.5098976109e+00 1.3924345848e+00 7.7144547053e+01
1.4327076223e+00 1.3521615472e+00 7.7606745797e+01
1.6172923777e+00 1.4259954494e+00 7.9286240633e+01
1.4528441411e+00 1.3555176337e+00 7.8450163247e+01
1.4830489192e+00 1.3823663254e+00 7.6827907662e+01
1.4159271900e+00 1.3454493743e+00 7.7432959480e+01
1.5166097838e+00 1.3790102389e+00 7.9391134947e+01
1.3991467577e+00 1.3219567691e+00 7.9642511518e+01
1.2816837315e+00 1.2682593857e+00 7.9080263792e+01
1.3320250284e+00 1.2984641638e+00 7.8277729792e+01
1.5266780432e+00 1.3890784983e+00 7.8608706254e+01
1.2514789534e+00 1.2548350398e+00 7.8826691470e+01
1.4293515358e+00 1.3454493743e+00 7.8294365083e+01
1.4729806598e+00 1.3756541524e+00 7.7063096501e+01
1.4327076223e+00 1.3588737201e+00 7.6763726973e+01
1.5031854380e+00 1.3857224118e+00 7.7589707887e+01
1.3387372014e+00 1.2984641638e+00 7.8756924475e+01
1.6005119454e+00 1.4327076223e+00 7.7371133569e+01
1.5870875995e+00 1.4226393629e+00 7.7858722775e+01
1.2850398180e+00 1.2649032992e+00 7.9898540694e+01
1.4897610922e+00 1.3622298066e+00 8.0061848799e+01
1.5870875995e+00 1.4159271900e+00 7.8755928545e+01
1.4327076223e+00 1.3521615472e+00 7.7606745797e+01
1.5736632537e+00 1.4192832765e+00 7.7500509759e+01
1.2011376564e+00 1.2212741752e+00 8.0191034612e+01
1.5937997725e+00 1.4461319681e+00 7.5506047905e+01
1.5300341297e+00 1.3857224118e+00 7.9319334261e+01
1.3622298066e+00 1.3118885097e+00 7.8467361843e+01
1.4394197952e+00 1.3454493743e+00 7.8982871930e+01
1.3186006826e+00 1.2917519909e+00 7.8294233874e+01
1.6407849829e+00 1.4427758817e+00 7.8432496477e+01
1.3488054608e+00 1.3018202503e+00 7.8991059176e+01
1.5065415245e+00 1.3756541524e+00 7.9190797064e+01
1.5166097838e+00 1.3991467577e+00 7.6716966055e+01
1.3286689420e+00 1.2917519909e+00 7.9027505322e+01
1.3890784983e+00 1.3420932878e+00 7.6248162434e+01
1.2615472127e+00 1.2414106940e+00 8.2208895001e+01
1.4394197952e+00 1.3588737201e+00 7.7159856479e+01
1.5333902162e+00 1.3991467577e+00 7.7681693350e+01
1.4696245734e+00 1.3488054608e+00 8.0743618154e+01
1.5904436860e+00 1.4192832765e+00 7.8505463572e+01
1.6005119454e+00 1.4226393629e+00 7.8677269875e+01
1.3454493743e+00 1.2984641638e+00 7.9256752757e+01
1.4528441411e+00 1.3488054608e+00 7.9437967086e+01
1.4830489192e+00 1.3790102389e+00 7.7238341437e+01
1.6172923777e+00 1.4360637088e+00 7.7912822771e+01
1.5602389078e+00 1.4058589306e+00 7.8440509857e+01
1.5703071672e+00 1.4226393629e+00 7.6904759316e+01
1.2414106940e+00 1.2514789534e+00 7.8568031519e+01
1.5199658703e+00 1.3823663254e+00 7.9123219738e+01
1.7079067122e+00 1.4796928328e+00 7.7584542408e+01
1.4864050057e+00 1.3689419795e+00 7.8793704555e+01
1.2380546075e+00 1.2380546075e+00 8.0518034586e+01
1.5904436860e+00 1.4192832765e+00 7.8505463572e+01
1.4830489192e+00 1.3689419795e+00 7.8569268666e+01
1.4159271900e+00 1.3454493743e+00 7.7432959480e+01
1.5333902162e+00 1.3857224118e+00 7.9554972023e+01
1.2279863481e+00 1.2447667804e+00 7.8559791112e+01
1.4259954494e+00 1.3420932878e+00 7.8541194536e+01
1.3756541524e+00 1.3085324232e+00 7.9993519675e+01
1.4394197952e+00 1.3420932878e+00 7.9493401677e+01
1.5367463026e+00 1.3890784983e+00 7.9282668377e+01
1.4830489192e+00 1.3622298066e+00 7.9561060914e+01
1.3957906712e+00 1.3286689420e+00 7.8390029087e+01
1.3219567691e+00 1.2850398180e+00 7.9568862870e+01
1.5132536974e+00 1.3790102389e+00 7.9157276930e+01
1.6441410694e+00 1.4595563140e+00 7.6565755991e+01
1.3957906712e+00 1.3253128555e+00 7.8876644611e+01
1.4864050057e+00 1.3655858931e+00 7.9287999453e+01
1.4998293515e+00 1.3790102389e+00 7.8266994175e+01
1.5199658703e+00 1.3722980660e+00 8.0733888080e+01
1.3756541524e+00 1.3118885097e+00 7.9447466795e+01
1.2212741752e+00 1.2313424346e+00 8.0207927080e+01
1.6072241183e+00 1.4360637088e+00 7.7337803230e+01
1.4427758817e+00 1.3521615472e+00 7.8251330886e+01
1.4696245734e+00 1.3790102389e+00 7.6469443033e+01
1.3722980660e+00 1.3353811149e+00 7.6074783390e+01
1.5367463026e+00 1.3890784983e+00 7.9282668377e+01
1.5367463026e+00 1.3890784983e+00 7.9282668377e+01
1.4058589306e+00 1.3320250284e+00 7.8602327729e+01
1.5031854380e+00 1.3790102389e+00 7.8483321757e+01
1.3488054608e+00 1.2917519909e+00 8.0659616452e+01
1.2917519909e+00 1.2850398180e+00 7.7385651566e+01
1.6877701934e+00 1.4729806598e+00 7.7303490666e+01
1.4696245734e+00 1.3689419795e+00 7.7711102492e+01
1.5065415245e+00 1.3857224118e+00 7.7792960433e+01
1.6105802048e+00 1.4427758817e+00 7.6725460018e+01
1.1709328783e+00 1.2112059158e+00 7.9274285313e+01
1.4864050057e+00 1.3655858931e+00 7.9287999453e+01
1.6407849829e+00 1.4528441411e+00 7.7165681271e+01
1.6206484642e+00 1.4394197952e+00 7.7682223782e+01
1.5635949943e+00 1.4125711035e+00 7.7759721621e+01
1.5669510808e+00 1.4125711035e+00 7.7959841368e+01
1.3286689420e+00 1.2816837315e+00 8.0713766481e+01
1.7616040956e+00 1.4998293515e+00 7.8048672185e+01
1.1910693970e+00 1.2112059158e+00 8.1136625601e+01
1.4931171786e+00 1.3722980660e+00 7.8764249577e+01
1.5367463026e+00 1.3823663254e+00 8.0338633112e+01
1.4092150171e+00 1.3353811149e+00 7.8353871441e+01
1.3957906712e+00 1.3219567691e+00 7.9387792628e+01
1.5870875995e+00 1.4259954494e+00 7.7436629149e+01
1.2783276451e+00 1.2514789534e+00 8.1815083477e+01
1.4192832765e+00 1.3454493743e+00 7.7642892977e+01
1.4259954494e+00 1.3253128555e+00 8.1287872905e+01
1.3555176337e+00 1.3051763367e+00 7.8977173578e+01
1.4494880546e+00 1.3521615472e+00 7.8700703870e+01
1.7381114903e+00 1.4964732651e+00 7.7194817534e+01
1.6340728100e+00 1.4595563140e+00 7.6056209551e+01
1.4226393629e+00 1.3387372014e+00 7.8794285012e+01
1.3286689420e+00 1.2951080774e+00 7.8524698801e+01
1.4964732651e+00 1.3756541524e+00 7.8512531710e+01
1.5166097838e+00 1.3756541524e+00 7.9913126467e+01
1.5535267349e+00 1.4159271900e+00 7.6776286122e+01
1.3722980660e+00 1.3219567691e+00 7.7748012065e+01
1.6240045506e+00 1.4327076223e+00 7.8765710347e+01
1.4763367463e+00 1.3588737201e+00 7.9593290194e+01
1.7246871445e+00 1.4763367463e+00 7.8986041675e+01
1.7716723549e+00 1.5031854380e+00 7.8185711867e+01
1.5166097838e+00 1.3890784983e+00 7.7971266082e+01
1.4494880546e+00 1.3488054608e+00 7.9195278133e+01
1.3420932878e+00 1.2951080774e+00 7.9530089850e+01
1.3118885097e+00 1.2850398180e+00 7.8795372618e+01
1.3118885097e+00 1.2883959044e+00 7.8301185687e+01
1.6307167235e+00 1.4360637088e+00 7.8723254392e+01
1.2816837315e+00 1.2615472127e+00 8.0192213913e+01
1.4830489192e+00 1.3857224118e+00 7.6431498168e+01
1.4327076223e+00 1.3521615472e+00 7.7606745797e+01
1.3320250284e+00 1.2984641638e+00 7.8277729792e+01
1.4729806598e+00 1.3756541524e+00 7.7063096501e+01
1.3924345848e+00 1.3253128555e+00 7.8639482927e+01
1.3957906712e+00 1.3152445961e+00 8.0499770425e+01
1.6240045506e+00 1.4293515358e+00 7.9241272018e+01
1.4293515358e+00 1.3420932878e+00 7.8771907257e+01
1.4864050057e+00 1.3622298066e+00 7.9808460119e+01
1.3991467577e+00 1.3286689420e+00 7.8621274380e+01
1.2346985210e+00 1.2447667804e+00 7.9083768064e+01
1.4259954494e+00 1.3253128555e+00 8.1287872905e+01
1.4562002275e+00 1.3655858931e+00 7.7323363120e+01
1.3890784983e+00 1.3219567691e+00 7.8895376479e+01
1.4394197952e+00 1.3521615472e+00 7.8032755060e+01
1.3186006826e+00 1.2749715586e+00 8.1053436519e+01
1.2212741752e+00 1.2279863481e+00 8.0831136100e+01
1.5904436860e+00 1.4159271900e+00 7.8972675049e+01
1.3118885097e+00 1.2749715586e+00 8.0445695581e+01
1.4998293515e+00 1.3756541524e+00 7.8734226459e+01
1.4897610922e+00 1.3622298066e+00 8.0061848799e+01
1.4092150171e+00 1.3286689420e+00 7.9344063161e+01
1.1944254835e+00 1.2145620023e+00 8.0809547653e+01
1.3219567691e+00 1.2816837315e+00 8.0130935788e+01
1.7783845279e+00 1.5098976109e+00 7.7721729339e+01
1.4394197952e+00 1.3420932878e+00 7.9493401677e+01
1.2917519909e+00 1.2716154721e+00 7.9338128329e+01
1.5770193402e+00 1.4226393629e+00 7.7278108897e+01
1.2112059158e+00 1.2279863481e+00 7.9904082149e+01
1.4796928328e+00 1.3790102389e+00 7.7042028693e+01
1.2447667804e+00 1.2481228669e+00 7.9356776907e+01
1.3689419795e+00 1.3085324232e+00 7.9465716996e+01
1.5333902162e+00 1.3924345848e+00 7.8576031214e+01
1.3555176337e+00 1.3118885097e+00 7.8006369171e+01
1.3823663254e+00 1.3152445961e+00 7.9428385522e+01
1.3957906712e+00 1.3286689420e+00 7.8390029087e+01
1.5501706485e+00 1.4025028441e+00 7.8264271045e+01
1.4427758817e+00 1.3488054608e+00 7.8725103092e+01
1.3655858931e+00 1.3051763367e+00 7.9745172921e+01
1.3890784983e+00 1.3353811149e+00 7.7062961354e+01
1.3655858931e+00 1.3085324232e+00 7.9211232895e+01
1.4662684869e+00 1.3622298066e+00 7.8400802276e+01
1.3588737201e+00 1.2951080774e+00 8.0937612103e+01
1.4595563140e+00 1.3655858931e+00 7.7526902526e+01
1.5904436860e+00 1.4226393629e+00 7.8058284054e+01
1.4562002275e+00 1.3622298066e+00 7.7755668784e+01
1.3521615472e+00 1.3018202503e+00 7.9242442842e+01
1.5937997725e+00 1.4226393629e+00 7.8261111382e+01
1.5736632537e+00 1.4159271900e+00 7.7926556587e+01
1.5266780432e+00 1.4025028441e+00 7.6879768957e+01
1.2649032992e+00 1.2581911263e+00 7.9355154509e+01
1.5031854380e+00 1.3756541524e+00 7.8960224848e+01
1.4293515358e+00 1.3454493743e+00 7.8294365083e+01
1.3454493743e+00 1.2984641638e+00 7.9256752757e+01
1.5401023891e+00 1.4058589306e+00 7.7233315202e+01
1.5703071672e+00 1.4125711035e+00 7.8163216220e+01
1.7079067122e+00 1.4796928328e+00 7.7584542408e+01
1.5233219568e+00 1.3823663254e+00 7.9355494278e+01
1.6374288965e+00 1.4394197952e+00 7.8680468423e+01
1.4662684869e+00 1.3555176337e+00 7.9379871763e+01
1.4293515358e+00 1.3521615472e+00 7.7398935195e+01
1.6240045506e+00 1.4528441411e+00 7.6285100664e+01
1.3118885097e+00 1.2850398180e+00 7.8795372618e+01
1.3924345848e+00 1.3186006826e+00 7.9664690036e+01
1.2145620023e+00 1.2179180887e+00 8.2235844210e+01
1.4226393629e+00 1.3353811149e+00 7.9297320353e+01
1.3286689420e+00 1.2883959044e+00 7.9556875989e+01
1.5803754266e+00 1.4159271900e+00 7.8334126729e+01
1.5098976109e+00 1.3689419795e+00 8.0507407983e+01
1.6777019340e+00 1.4629124005e+00 7.7982948222e+01
1.4125711035e+00 1.3454493743e+00 7.7226338163e+01
1.5401023891e+00 1.3991467577e+00 7.8088525287e+01
1.4394197952e+00 1.3420932878e+00 7.9493401677e+01
1.2514789534e+00 1.2615472127e+00 7.7841107708e+01
1.1944254835e+00 1.2145620023e+00 8.0809547653e+01
1.2883959044e+00 1.2615472127e+00 8.0793374070e+01
1.3555176337e+00 1.2984641638e+00 8.0052025489e+01
1.6038680319e+00 1.4394197952e+00 7.6756319872e+01
1.3353811149e+00 1.2883959044e+00 8.0102267635e+01
1.4931171786e+00 1.3756541524e+00 7.8294895838e+01
1.3219567691e+00 1.2850398180e+00 7.9568862870e+01
1.5971558589e+00 1.4226393629e+00 7.8467377281e+01
1.5468145620e+00 1.3924345848e+00 7.9477833596e+01
1.6139362912e+00 1.4360637088e+00 7.7718275432e+01
1.4360637088e+00 1.3420932878e+00 7.9247685577e+01
1.5434584755e+00 1.4192832765e+00 7.5863895472e+01
1.5635949943e+00 1.4125711035e+00 7.7759721621e+01
1.4058589306e+00 1.3286689420e+00 7.9097973323e+01
1.4159271900e+00 1.3253128555e+00 8.0418177237e+01
1.3991467577e+00 1.3353811149e+00 7.7692136995e+01
1.4025028441e+00 1.3186006826e+00 8.0473394069e+01
1.6105802048e+00 1.4360637088e+00 7.7526646477e+01
1.6944823663e+00 1.4696245734e+00 7.8088546279e+01
1.4830489192e+00 1.3689419795e+00 7.8569268666e+01
1.5098976109e+00 1.3857224118e+00 7.7999521325e+01
1.2078498294e+00 1.2179180887e+00 8.1497331715e+01
1.6508532423e+00 1.4562002275e+00 7.7312233888e+01
1.4427758817e+00 1.3420932878e+00 7.9744833550e+01
1.2380546075e+00 1.2414106940e+00 7.9918459901e+01
1.5468145620e+00 1.4058589306e+00 7.7623120904e+01
1.5770193402e+00 1.4427758817e+00 7.5046601010e+01
1.5132536974e+00 1.3790102389e+00 7.9157276930e+01
1.2749715586e+00 1.2783276451e+00 7.7165191031e+01
1.2514789534e+00 1.2414106940e+00 8.1155838583e+01
1.5233219568e+00 1.3790102389e+00 7.9874566050e+01
1.3454493743e+00 1.2917519909e+00 8.0368878693e+01
1.3320250284e+00 1.2917519909e+00 7.9282706003e+01
1.2883959044e+00 1.2649032992e+00 8.0184679461e+01
1.2246302617e+00 1.2346985210e+00 7.9913706648e+01
1.5535267349e+00 1.3991467577e+00 7.8945335258e+01
1.2850398180e+00 1.2649032992e+00 7.9898540694e+01
1.3991467577e+00 1.3353811149e+00 7.7692136995e+01
1.3957906712e+00 1.3253128555e+00 7.8876644611e+01
1.6441410694e+00 1.4461319681e+00 7.8190488049e+01
1.3622298066e+00 1.3018202503e+00 8.0033418254e+01
1.5703071672e+00 1.3991467577e+00 8.0116777766e+01
1.4226393629e+00 1.3420932878e+00 7.8314885953e+01
1.4595563140e+00 1.3488054608e+00 7.9940382990e+01
1.3890784983e+00 1.3186006826e+00 7.9408488915e+01
1.2816837315e+00 1.2649032992e+00 7.9620086822e+01
1.4461319681e+00 1.3521615472e+00 7.8473901711e+01
1.5233219568e+00 1.4025028441e+00 7.6693270208e+01
1.4327076223e+00 1.3420932878e+00 7.9007301685e+01
1.5233219568e+00 1.3957906712e+00 7.7510466043e+01
1.6978384528e+00 1.4696245734e+00 7.8282129075e+01
1.2514789534e+00 1.2548350398e+00 7.8826691470e+01
1.5468145620e+00 1.3924345848e+00 7.9477833596e+01
1.3689419795e+00 1.3152445961e+00 7.8453441146e+01
1.3622298066e+00 1.3085324232e+00 7.8962443963e+01
1.2783276451e+00 1.2581911263e+00 8.0495974329e+01
1.5132536974e+00 1.3823663254e+00 7.8672526870e+01
1.4864050057e+00 1.3823663254e+00 7.7020412926e+01
1.4327076223e+00 1.3387372014e+00 7.9520083264e+01
1.3118885097e+00 1.2783276451e+00 7.9863172672e+01
1.5098976109e+00 1.3957906712e+00 7.6740171990e+01
1.3655858931e+00 1.3085324232e+00 7.9211232895e+01
1.4427758817e+00 1.3420932878e+00 7.9744833550e+01
1.3555176337e+00 1.3152445961e+00 7.7552239275e+01
1.6172923777e+00 1.4226393629e+00 7.9789100989e+01
1.5635949943e+00 1.4159271900e+00 7.7338888787e+01
1.4192832765e+00 1.3387372014e+00 7.8562274361e+01
1.5837315131e+00 1.4226393629e+00 7.7662268869e+01
1.5132536974e+00 1.3790102389e+00 7.9157276930e+01
1.5635949943e+00 1.4058589306e+00 7.8653717030e+01
1.6340728100e+00 1.4494880546e+00 7.7200806229e+01
1.7683162685e+00 1.5098976109e+00 7.7195183629e+01
1.5199658703e+00 1.3857224118e+00 7.8640875517e+01
1.4461319681e+00 1.3488054608e+00 7.8957765940e+01
1.3655858931e+00 1.3253128555e+00 7.6890782882e+01
1.2313424346e+00 1.2346985210e+00 8.0517401542e+01
1.3253128555e+00 1.2984641638e+00 7.7816731479e+01
1.5401023891e+00 1.3924345848e+00 7.9017957496e+01
1.5065415245e+00 1.4025028441e+00 7.5795810905e+01
1.5132536974e+00 1.3957906712e+00 7.6928670484e+01
1.6676336746e+00 1.4662684869e+00 7.7021927633e+01
1.7448236633e+00 1.5031854380e+00 7.6769995490e+01
1.5132536974e+00 1.3957906712e+00 7.6928670484e+01
1.5434584755e+00 1.4025028441e+00 7.7853224124e+01
1.4360637088e+00 1.3387372014e+00 7.9773112642e+01
1.3253128555e+00 1.2749715586e+00 8.1704617211e+01
1.4562002275e+00 1.3622298066e+00 7.7755668784e+01
1.4864050057e+00 1.3756541524e+00 7.7870929920e+01
1.3622298066e+00 1.3286689420e+00 7.6283148027e+01
1.5803754266e+00 1.4192832765e+00 7.7892847024e+01
1.6374288965e+00 1.4427758817e+00 7.8231075993e+01
1.5870875995e+00 1.4159271900e+00 7.8755928545e+01
1.3152445961e+00 1.2749715586e+00 8.0744685429e+01
1.5837315131e+00 1.4092150171e+00 7.9505745975e+01
1.4931171786e+00 1.3655858931e+00 7.9773934271e+01
1.3152445961e+00 1.2850398180e+00 7.9047313545e+01
1.4763367463e+00 1.3689419795e+00 7.8132705796e+01
1.4931171786e+00 1.3722980660e+00 7.8764249577e+01
1.4427758817e+00 1.3387372014e+00 8.0298408293e+01
1.6374288965e+00 1.4427758817e+00 7.8231075993e+01
1.3890784983e+00 1.3320250284e+00 7.7493036415e+01
1.4763367463e+00 1.3689419795e+00 7.8132705796e+01
1.5300341297e+00 1.3890784983e+00 7.8828982928e+01
1.3588737201e+00 1.3152445961e+00 7.7771541708e+01
1.2749715586e+00 1.2615472127e+00 7.9625025561e+01
1.6374288965e+00 1.4595563140e+00 7.6224065046e+01
1.1675767918e+00 1.1944254835e+00 8.2184121190e+01
1.8018771331e+00 1.5266780432e+00 7.6972181090e+01
1.2749715586e+00 1.2615472127e+00 7.9625025561e+01
1.4092150171e+00 1.3253128555e+00 7.9878928091e+01
1.5031854380e+00 1.3756541524e+00 7.8960224848e+01
1.4394197952e+00 1.3420932878e+00 7.9493401677e+01
1.6474971559e+00 1.4528441411e+00 7.7534533020e+01
1.5837315131e+00 1.4226393629e+00 7.7662268869e+01
1.5300341297e+00 1.3991467577e+00 7.7483048264e+01
1.2279863481e+00 1.2313424346e+00 8.0833124293e+01
1.4427758817e+00 1.3555176337e+00 7.7797818856e+01
1.4327076223e+00 1.3454493743e+00 7.8519430377e+01
1.5971558589e+00 1.4327076223e+00 7.7183837250e+01
1.2380546075e+00 1.2447667804e+00 7.9355115314e+01
1.4293515358e+00 1.3420932878e+00 7.8771907257e+01
1.4562002275e+00 1.3454493743e+00 8.0234146985e+01
1.3957906712e+00 1.3320250284e+00 7.7924966431e+01
1.3857224118e+00 1.3152445961e+00 7.9686061849e+01
1.3790102389e+00 1.3051763367e+00 8.0866208450e+01
1.2649032992e+00 1.2581911263e+00 7.9355154509e+01
1.6609215017e+00 1.4595563140e+00 7.7458719666e+01
1.4025028441e+00 1.3286689420e+00 7.8857155397e+01
1.6508532423e+00 1.4494880546e+00 7.8149581428e+01
1.2783276451e+00 1.2682593857e+00 7.8822628029e+01
1.4629124005e+00 1.3689419795e+00 7.7302966730e+01
1.4192832765e+00 1.3420932878e+00 7.8092730139e+01
1.3991467577e+00 1.3253128555e+00 7.9118807063e+01
1.2716154721e+00 1.2649032992e+00 7.8825164190e+01
1.4931171786e+00 1.3790102389e+00 7.7845484038e+01
1.4897610922e+00 1.3655858931e+00 7.9528226846e+01
1.2883959044e+00 1.2749715586e+00 7.8564723673e+01
1.1910693970e+00 1.2112059158e+00 8.1136625601e+01
1.4629124005e+00 1.3521615472e+00 7.9655874271e+01
1.5669510808e+00 1.4159271900e+00 7.7531820868e+01
1.3924345848e+00 1.3152445961e+00 8.0221196836e+01
1.6877701934e+00 1.4864050057e+00 7.5806390843e+01
1.4494880546e+00 1.3521615472e+00 7.8700703870e+01
1.5333902162e+00 1.3890784983e+00 7.9053547054e+01
1.6240045506e+00 1.4327076223e+00 7.8765710347e+01
1.4092150171e+00 1.3353811149e+00 7.8353871441e+01
1.5065415245e+00 1.3823663254e+00 7.8238546528e+01
1.4931171786e+00 1.3689419795e+00 7.9256172088e+01
1.4998293515e+00 1.3756541524e+00 7.8734226459e+01
1.3051763367e+00 1.2716154721e+00 8.0457948991e+01
1.3890784983e+00 1.3286689420e+00 7.7940383243e+01
1.4729806598e+00 1.3722980660e+00 7.7483386436e+01
1.5166097838e+00 1.3957906712e+00 7.7119804576e+01
1.5971558589e+00 1.4293515358e+00 7.7595238029e+01
1.3488054608e+00 1.3118885097e+00 7.7561844229e+01
1.3957906712e+00 1.3286689420e+00 7.8390029087e+01
1.1608646189e+00 1.2011376564e+00 8.0121550638e+01
1.3186006826e+00 1.3051763367e+00 7.6519830118e+01
1.3152445961e+00 1.2816837315e+00 7.9579890875e+01
1.2246302617e+00 1.2346985210e+00 7.9913706648e+01
1.4293515358e+00 1.3353811149e+00 7.9800678015e+01
1.4394197952e+00 1.3588737201e+00 7.7159856479e+01
1.2883959044e+00 1.2716154721e+00 7.9075626195e+01
1.6139362912e+00 1.4360637088e+00 7.7718275432e+01
1.7347554039e+00 1.4763367463e+00 7.9621090210e+01
1.4864050057e+00 1.3655858931e+00 7.9287999453e+01
1.5937997725e+00 1.4159271900e+00 7.9193630155e+01
1.6038680319e+00 1.4293515358e+00 7.7986313354e+01
1.4293515358e+00 1.3387372014e+00 7.9272856953e+01
1.3756541524e+00 1.3219567691e+00 7.7969034499e+01
1.3722980660e+00 1.3051763367e+00 8.0289888328e+01
1.6340728100e+00 1.4427758817e+00 7.8032926840e+01
1.7079067122e+00 1.4897610922e+00 7.6423057890e+01
1.5870875995e+00 1.4327076223e+00 7.6637034990e+01
1.7213310580e+00 1.4796928328e+00 7.8337223630e+01
1.4159271900e+00 1.3253128555e+00 8.0418177237e+01
1.4125711035e+00 1.3353811149e+00 7.8582656558e+01
1.4394197952e+00 1.3420932878e+00 7.9493401677e+01
1.3857224118e+00 1.3219567691e+00 7.8656939703e+01
1.5434584755e+00 1.3957906712e+00 7.8760298176e+01
1.5065415245e+00 1.3722980660e+00 7.9703136585e+01
1.4595563140e+00 1.3588737201e+00 7.8425792529e+01
1.2917519909e+00 1.2649032992e+00 8.0479196387e+01
1.1877133106e+00 1.2179180887e+00 7.9586256998e+01
1.3689419795e+00 1.3051763367e+00 8.0013910471e+01
1.4427758817e+00 1.3420932878e+00 7.9744833550e+01
1.3118885097e+00 1.2783276451e+00 7.9863172672e+01
1.6105802048e+00 1.4259954494e+00 7.8849591148e+01
1.4595563140e+00 1.3588737201e+00 7.8425792529e+01
1.5803754266e+00 1.4360637088e+00 7.5914219500e+01
1.3219567691e+00 1.2951080774e+00 7.8052710813e+01
1.6374288965e+00 1.4562002275e+00 7.6598390834e+01
1.5333902162e+00 1.4025028441e+00 7.7260587813e+01
1.4025028441e+00 1.3253128555e+00 7.9366312224e+01
1.3420932878e+00 1.3018202503e+00 7.8504271487e+01
1.4293515358e+00 1.3286689420e+00 8.0956042849e+01
1.3890784983e+00 1.3152445961e+00 7.9950158779e+01
1.3991467577e+00 1.3219567691e+00 7.9642511518e+01
1.3588737201e+00 1.3118885097e+00 7.8234687536e+01
1.3790102389e+00 1.3085324232e+00 8.0267860331e+01
1.5770193402e+00 1.4125711035e+00 7.8580430501e+01
1.3085324232e+00 1.2682593857e+00 8.1406678655e+01
1.3689419795e+00 1.3051763367e+00 8.0013910471e+01
1.3286689420e+00 1.2951080774e+00 7.8524698801e+01
1.5098976109e+00 1.3689419795e+00 8.0507407983e+01
1.3521615472e+00 1.2951080774e+00 8.0350536454e+01
1.4461319681e+00 1.3488054608e+00 7.8957765940e+01
1.4662684869e+00 1.3722980660e+00 7.7083606166e+01
1.3085324232e+00 1.2850398180e+00 7.8548799109e+01
1.3488054608e+00 1.2984641638e+00 7.9515322697e+01
1.1440841866e+00 1.1944254835e+00 7.9778841852e+01
1.5434584755e+00 1.4092150171e+00 7.7015956060e+01
1.3152445961e+00 1.2883959044e+00 7.8541655929e+01
1.3890784983e+00 1.3186006826e+00 7.9408488915e+01
1.5401023891e+00 1.3924345848e+00 7.9017957496e+01
1.4092150171e+00 1.3420932878e+00 7.7448992177e+01
1.3387372014e+00 1.2984641638e+00 7.8756924475e+01
1.4998293515e+00 1.3790102389e+00 7.8266994175e+01
1.5535267349e+00 1.4125711035e+00 7.7177379395e+01
1.4796928328e+00 1.3655858931e+00 7.8822578420e+01
1.2649032992e+00 1.2581911263e+00 7.9355154509e+01
1.3924345848e+00 1.3286689420e+00 7.8163147560e+01
1.3756541524e+00 1.3085324232e+00 7.9993519675e+01
1.3857224118e+00 1.3219567691e+00 7.8656939703e+01
1.6307167235e+00 1.4259954494e+00 8.0216054510e+01
1.3655858931e+00 1.3051763367e+00 7.9745172921e+01
1.5166097838e+00 1.3823663254e+00 7.8895658704e+01
1.3991467577e+00 1.3253128555e+00 7.9118807063e+01
1.4998293515e+00 1.3722980660e+00 7.9223766672e+01
1.4729806598e+00 1.3622298066e+00 7.8850858039e+01
1.1239476678e+00 1.1776450512e+00 8.0975152590e+01
1.6508532423e+00 1.4461319681e+00 7.8593946275e+01
1.5770193402e+00 1.4125711035e+00 7.8580430501e+01
1.4058589306e+00 1.3320250284e+00 7.8602327729e+01
1.6508532423e+00 1.4327076223e+00 8.0600588470e+01
1.4595563140e+00 1.3521615472e+00 7.9409244513e+01
1.3253128555e+00 1.2749715586e+00 8.1704617211e+01
1.3488054608e+00 1.3051763367e+00 7.8492790528e+01
1.3655858931e+00 1.3085324232e+00 7.9211232895e+01
1.7448236633e+00 1.4931171786e+00 7.7958573399e+01
1.4427758817e+00 1.3521615472e+00 7.8251330886e+01
1.4662684869e+00 1.3689419795e+00 7.7505434784e+01
1.3823663254e+00 1.3152445961e+00 7.9428385522e+01
1.3555176337e+00 1.3085324232e+00 7.8480482802e+01
1.4192832765e+00 1.3387372014e+00 7.8562274361e+01
1.4058589306e+00 1.3286689420e+00 7.9097973323e+01
1.3051763367e+00 1.2917519909e+00 7.7380465033e+01
1.4125711035e+00 1.3286689420e+00 7.9595799292e+01
1.5937997725e+00 1.4192832765e+00 7.8716794832e+01
1.4696245734e+00 1.3588737201e+00 7.9111723553e+01
1.2615472127e+00 1.2682593857e+00 7.7612057650e+01
1.4562002275e+00 1.3521615472e+00 7.9168071325e+01
1.3488054608e+00 1.2984641638e+00 7.9515322697e+01
1.6777019340e+00 1.4427758817e+00 8.0928720364e+01
1.3991467577e+00 1.3286689420e+00 7.8621274380e+01
1.6105802048e+00 1.4259954494e+00 7.8849591148e+01
1.3790102389e+00 1.3118885097e+00 7.9706610590e+01
1.4025028441e+00 1.3186006826e+00 8.0473394069e+01
1.5031854380e+00 1.3756541524e+00 7.8960224848e+01
1.6978384528e+00 1.4729806598e+00 7.7855057418e+01
1.2917519909e+00 1.2649032992e+00 8.0479196387e+01
1.5166097838e+00 1.3722980660e+00 8.0466002748e+01
1.3085324232e+00 1.2783276451e+00 7.9589943950e+01
1.6038680319e+00 1.4427758817e+00 7.6373978305e+01
1.4058589306e+00 1.3320250284e+00 7.8602327729e+01
1.5132536974e+00 1.3957906712e+00 7.6928670484e+01
1.4562002275e+00 1.3555176337e+00 7.8675657808e+01
1.3253128555e+00 1.2917519909e+00 7.8777931890e+01
1.3890784983e+00 1.3186006826e+00 7.9408488915e+01
1.5870875995e+00 1.4226393629e+00 7.7858722775e+01
1.4964732651e+00 1.3756541524e+00 7.8512531710e+01
1.2179180887e+00 1.2414106940e+00 7.8299707555e+01
1.4394197952e+00 1.3555176337e+00 7.7587711543e+01
1.4192832765e+00 1.3320250284e+00 7.9571297751e+01
1.4192832765e+00 1.3488054608e+00 7.7210671127e+01
1.3387372014e+00 1.2951080774e+00 7.9270178919e+01
1.6038680319e+00 1.4427758817e+00 7.6373978305e+01
1.2615472127e+00 1.2514789534e+00 8.0208074687e+01
1.5266780432e+00 1.3857224118e+00 7.9088638757e+01
1.4562002275e+00 1.3655858931e+00 7.7323363120e+01
1.6911262799e+00 1.4830489192e+00 7.6328446701e+01
1.6944823663e+00 1.4830489192e+00 7.6495447525e+01
1.6172923777e+00 1.4427758817e+00 7.7086060638e+01
1.6642775882e+00 1.4494880546e+00 7.8964909704e+01
1.5703071672e+00 1.4293515358e+00 7.6136615207e+01
1.2548350398e+00 1.2481228669e+00 8.0211056847e+01
1.3219567691e+00 1.2917519909e+00 7.8533617949e+01
1.5803754266e+00 1.4125711035e+00 7.8794659982e+01
1.4796928328e+00 1.3722980660e+00 7.7895816873e+01
1.7582480091e+00 1.5031854380e+00 7.7458666469e+01
1.3186006826e+00 1.2850398180e+00 7.9305001542e+01
1.3085324232e+00 1.2749715586e+00 8.0155577170e+01
1.4192832765e+00 1.3488054608e+00 7.7210671127e+01
1.4058589306e+00 1.3387372014e+00 7.7676401440e+01
1.6508532423e+00 1.4494880546e+00 7.8149581428e+01
1.5971558589e+00 1.4259954494e+00 7.8022493581e+01
1.2112059158e+00 1.2279863481e+00 7.9904082149e+01
1.5098976109e+00 1.3857224118e+00 7.7999521325e+01
1.6240045506e+00 1.4461319681e+00 7.7052730413e+01
1.1977815700e+00 1.2145620023e+00 8.1144425365e+01
1.4964732651e+00 1.3790102389e+00 7.8054447798e+01
1.4763367463e+00 1.3689419795e+00 7.8132705796e+01
1.4595563140e+00 1.3722980660e+00 7.6695334013e+01
1.5736632537e+00 1.4092150171e+00 7.8832977911e+01
1.3521615472e+00 1.3186006826e+00 7.6907994255e+01
1.3991467577e+00 1.3286689420e+00 7.8621274380e+01
1.6844141069e+00 1.4528441411e+00 7.9789164356e+01
1.8354379977e+00 1.5468145620e+00 7.6383149961e+01
1.3454493743e+00 1.2984641638e+00 7.9256752757e+01
1.2346985210e+00 1.2380546075e+00 8.0212852901e+01
1.4226393629e+00 1.3420932878e+00 7.8314885953e+01
1.6743458476e+00 1.4629124005e+00 7.7792646194e+01
1.2716154721e+00 1.2649032992e+00 7.8825164190e+01
1.3622298066e+00 1.3085324232e+00 7.8962443963e+01
1.4226393629e+00 1.3286689420e+00 8.0389374268e+01
1.5098976109e+00 1.3890784983e+00 7.7563806286e+01
1.5300341297e+00 1.3991467577e+00 7.7483048264e+01
1.6743458476e+00 1.4595563140e+00 7.8219629015e+01
1.5535267349e+00 1.4192832765e+00 7.6388550298e+01
1.5367463026e+00 1.3957906712e+00 7.8329343184e+01
1.8387940842e+00 1.5434584755e+00 7.6907361864e+01
1.4864050057e+00 1.3588737201e+00 8.0359338917e+01
1.4662684869e+00 1.3588737201e+00 7.8878530121e+01
1.5300341297e+00 1.4025028441e+00 7.7068836633e+01
1.5602389078e+00 1.4159271900e+00 7.7148735379e+01
1.4159271900e+00 1.3320250284e+00 7.9321060792e+01
1.4964732651e+00 1.3722980660e+00 7.8991684544e+01
1.4461319681e+00 1.3488054608e+00 7.8957765940e+01
1.4763367463e+00 1.3655858931e+00 7.8596770678e+01
1.3991467577e+00 1.3219567691e+00 7.9642511518e+01
1.6810580205e+00 1.4696245734e+00 7.7342728175e+01
1.3823663254e+00 1.3253128555e+00 7.7955076719e+01
1.3991467577e+00 1.3353811149e+00 7.7692136995e+01
1.2716154721e+00 1.2716154721e+00 7.7845331821e+01
1.4931171786e+00 1.3756541524e+00 7.8294895838e+01
1.3588737201e+00 1.2984641638e+00 8.0331244907e+01
1.6508532423e+00 1.4629124005e+00 7.6532789676e+01
1.3689419795e+00 1.3085324232e+00 7.9465716996e+01
1.6474971559e+00 1.4562002275e+00 7.7130222835e+01
1.4159271900e+00 1.3253128555e+00 8.0418177237e+01
1.2682593857e+00 1.2649032992e+00 7.8572105661e+01
1.4796928328e+00 1.3689419795e+00 7.8349013416e+01
1.4092150171e+00 1.3320250284e+00 7.8836923017e+01
1.6307167235e+00 1.4293515358e+00 7.9692368494e+01
1.3890784983e+00 1.3286689420e+00 7.7940383243e+01
1.3890784983e+00 1.3286689420e+00 7.7940383243e+01
1.6743458476e+00 1.4629124005e+00 7.7792646194e+01
1.4998293515e+00 1.3823663254e+00 7.7819490496e+01
1.5703071672e+00 1.4025028441e+00 7.9590836148e+01
1.6172923777e+00 1.4327076223e+00 7.8350833738e+01
1.3286689420e+00 1.2850398180e+00 8.0117096192e+01
1.3722980660e+00 1.3085324232e+00 7.9726319797e+01
1.4964732651e+00 1.3689419795e+00 7.9494802758e+01
1.2783276451e+00 1.2615472127e+00 7.9904739360e+01
1.3488054608e+00 1.2951080774e+00 8.0069714574e+01
1.4226393629e+00 1.3286689420e+00 8.0389374268e+01
1.2783276451e+00 1.2615472127e+00 7.9904739360e+01
1.4360637088e+00 1.3420932878e+00 7.9247685577e+01
1.3186006826e+00 1.2883959044e+00 7.8787105164e+01
1.4662684869e+00 1.3790102389e+00 7.6283652096e+01
1.6273606371e+00 1.4595563140e+00 7.5726126159e+01
1.2380546075e+00 1.2414106940e+00 7.9918459901e+01
1.4696245734e+00 1.3588737201e+00 7.9111723553e+01
1.2984641638e+00 1.2649032992e+00 8.1096715219e+01
1.3152445961e+00 1.2816837315e+00 7.9579890875e+01
1.3790102389e+00 1.3152445961e+00 7.9176670914e+01
1.6508532423e+00 1.4427758817e+00 7.9058209012e+01
1.2682593857e+00 1.2615472127e+00 7.9086508187e+01
1.6676336746e+00 1.4696245734e+00 7.6636859345e+01
1.4125711035e+00 1.3387372014e+00 7.8111382536e+01
1.6340728100e+00 1.4360637088e+00 7.8934809384e+01
1.4964732651e+00 1.3756541524e+00 7.8512531710e+01
1.4528441411e+00 1.3588737201e+00 7.7989545840e+01
1.2951080774e+00 1.2649032992e+00 8.0782894985e+01
1.3555176337e+00 1.2951080774e+00 8.0639573499e+01
1.4394197952e+00 1.3555176337e+00 7.7587711543e+01
1.5300341297e+00 1.3991467577e+00 7.7483048264e+01
1.4629124005e+00 1.3588737201e+00 7.8649978183e+01
1.3722980660e+00 1.3051763367e+00 8.0289888328e+01
1.6978384528e+00 1.4864050057e+00 7.6293365587e+01
1.3790102389e+00 1.3286689420e+00 7.7294645266e+01
1.3118885097e+00 1.2749715586e+00 8.0445695581e+01
1.7011945392e+00 1.4662684869e+00 7.8932190413e+01
1.5669510808e+00 1.4125711035e+00 7.7959841368e+01
1.3924345848e+00 1.3186006826e+00 7.9664690036e+01
1.3924345848e+00 1.3152445961e+00 8.0221196836e+01
1.6307167235e+00 1.4427758817e+00 7.7837888945e+01
1.5367463026e+00 1.3890784983e+00 7.9282668377e+01
1.5065415245e+00 1.3756541524e+00 7.9190797064e+01
1.3320250284e+00 1.2783276451e+00 8.1684017351e+01
1.3756541524e+00 1.3186006826e+00 7.8438734158e+01
1.5635949943e+00 1.4125711035e+00 7.7759721621e+01
1.2749715586e+00 1.2649032992e+00 7.9083895958e+01
1.5434584755e+00 1.3857224118e+00 8.0295178586e+01
1.4427758817e+00 1.3454493743e+00 7.9221821069e+01
1.3320250284e+00 1.2917519909e+00 7.9282706003e+01
1.4327076223e+00 1.3488054608e+00 7.8053404088e+01
1.5401023891e+00 1.3991467577e+00 7.8088525287e+01
1.3924345848e+00 1.3219567691e+00 7.9138877814e+01
1.2548350398e+00 1.2481228669e+00 8.0211056847e+01
1.7079067122e+00 1.4763367463e+00 7.7999898464e+01
1.5736632537e+00 1.4159271900e+00 7.7926556587e+01
1.3924345848e+00 1.3253128555e+00 7.8639482927e+01
1.5132536974e+00 1.3790102389e+00 7.9157276930e+01
1.4159271900e+00 1.3320250284e+00 7.9321060792e+01
1.3152445961e+00 1.2917519909e+00 7.8059482859e+01
1.4092150171e+00 1.3454493743e+00 7.7022870581e+01
1.4125711035e+00 1.3488054608e+00 7.6808685599e+01
1.7381114903e+00 1.4998293515e+00 7.6810365210e+01
1.4025028441e+00 1.3320250284e+00 7.8372310252e+01
1.1877133106e+00 1.2145620023e+00 8.0173258598e+01
1.5300341297e+00 1.3857224118e+00 7.9319334261e+01
1.3991467577e+00 1.3186006826e+00 8.0196597774e+01
1.4293515358e+00 1.3454493743e+00 7.8294365083e+01
1.5065415245e+00 1.3857224118e+00 7.7792960433e+01
1.3152445961e+00 1.2850398180e+00 7.9047313545e+01
1.6441410694e+00 1.4528441411e+00 7.7348818041e+01
1.3756541524e+00 1.3118885097e+00 7.9447466795e+01
1.4259954494e+00 1.3454493743e+00 7.8073399870e+01
1.3588737201e+00 1.3085324232e+00 7.8718973097e+01
1.3689419795e+00 1.3085324232e+00 7.9465716996e+01
1.4562002275e+00 1.3622298066e+00 7.7755668784e+01
1.2850398180e+00 1.2716154721e+00 7.8819101517e+01
1.6105802048e+00 1.4259954494e+00 7.8849591148e+01
1.5166097838e+00 1.3890784983e+00 7.7971266082e+01
1.3991467577e+00 1.3286689420e+00 7.8621274380e+01
1.3689419795e+00 1.3018202503e+00 8.0596616972e+01
1.3957906712e+00 1.3286689420e+00 7.8390029087e+01
1.5703071672e+00 1.4259954494e+00 7.6514447665e+01
1.2716154721e+00 1.2716154721e+00 7.7845331821e+01
1.3790102389e+00 1.3253128555e+00 7.7735127226e+01
1.6206484642e+00 1.4360637088e+00 7.8110431941e+01
1.1877133106e+00 1.2179180887e+00 7.9586256998e+01
1.4796928328e+00 1.3622298066e+00 7.9319234713e+01
1.4058589306e+00 1.3320250284e+00 7.8602327729e+01
1.2850398180e+00 1.2615472127e+00 8.0488153261e+01
1.2917519909e+00 1.2716154721e+00 7.9338128329e+01
1.4562002275e+00 1.3521615472e+00 7.9168071325e+01
1.3253128555e+00 1.3018202503e+00 7.7366443950e+01
1.3924345848e+00 1.3387372014e+00 7.6847905615e+01
1.6139362912e+00 1.4226393629e+00 7.9557541125e+01
1.3823663254e+00 1.3152445961e+00 7.9428385522e+01
1.5434584755e+00 1.4058589306e+00 7.7426768615e+01
1.4092150171e+00 1.3387372014e+00 7.7892011916e+01
1.6676336746e+00 1.4629124005e+00 7.7420350577e+01
1.4461319681e+00 1.3488054608e+00 7.8957765940e+01
1.4796928328e+00 1.3722980660e+00 7.7895816873e+01
1.5031854380e+00 1.3722980660e+00 7.9460803215e+01
1.6642775882e+00 1.4696245734e+00 7.6465892794e+01
1.5333902162e+00 1.3857224118e+00 7.9554972023e+01
1.4998293515e+00 1.3790102389e+00 7.8266994175e+01
1.4729806598e+00 1.3756541524e+00 7.7063096501e+01
1.3118885097e+00 1.2816837315e+00 7.9314739283e+01
1.2816837315e+00 1.2749715586e+00 7.8080162725e+01
1.6072241183e+00 1.4293515358e+00 7.8186519489e+01
1.4729806598e+00 1.3622298066e+00 7.8850858039e+01
1.4662684869e+00 1.3521615472e+00 7.9908360935e+01
1.3488054608e+00 1.3018202503e+00 7.8991059176e+01
1.6240045506e+00 1.4427758817e+00 7.7456568008e+01
1.3320250284e+00 1.3051763367e+00 7.7360152329e+01
1.3957906712e+00 1.3219567691e+00 7.9387792628e+01
1.3689419795e+00 1.3118885097e+00 7.8946884930e+01
1.4125711035e+00 1.3353811149e+00 7.8582656558e+01
1.3655858931e+00 1.2984641638e+00 8.0914761159e+01
1.5199658703e+00 1.3991467577e+00 7.6904464201e+01
1.3823663254e+00 1.3219567691e+00 7.8423254273e+01
1.3924345848e+00 1.3186006826e+00 7.9664690036e+01
1.3152445961e+00 1.2850398180e+00 7.9047313545e+01
1.3622298066e+00 1.2951080774e+00 8.1245571966e+01
1.4562002275e+00 1.3555176337e+00 7.8675657808e+01
1.3722980660e+00 1.3152445961e+00 7.8689542878e+01
1.4595563140e+00 1.3555176337e+00 7.8905581221e+01
1.4461319681e+00 1.3488054608e+00 7.8957765940e+01
1.5501706485e+00 1.3957906712e+00 7.9207871838e+01
1.4763367463e+00 1.3655858931e+00 7.8596770678e+01
1.3790102389e+00 1.3118885097e+00 7.9706610590e+01
1.3387372014e+00 1.2951080774e+00 7.9270178919e+01
1.4998293515e+00 1.3756541524e+00 7.8734226459e+01
1.4226393629e+00 1.3488054608e+00 7.7416270071e+01
1.4830489192e+00 1.3689419795e+00 7.8569268666e+01
1.3488054608e+00 1.2883959044e+00 8.1292262132e+01
1.1977815700e+00 1.2179180887e+00 8.0494746673e+01
1.5065415245e+00 1.3756541524e+00 7.9190797064e+01
1.3689419795e+00 1.3118885097e+00 7.8946884930e+01
1.4494880546e+00 1.3588737201e+00 7.7777051594e+01
1.4125711035e+00 1.3353811149e+00 7.8582656558e+01
1.4025028441e+00 1.3521615472e+00 7.5841442908e+01
1.5098976109e+00 1.3689419795e+00 8.0507407983e+01
1.5635949943e+00 1.3957906712e+00 8.0162035964e+01
1.5501706485e+00 1.3957906712e+00 7.9207871838e+01
1.5434584755e+00 1.4025028441e+00 7.7853224124e+01
1.4662684869e+00 1.3655858931e+00 7.7943868320e+01
1.4427758817e+00 1.3454493743e+00 7.9221821069e+01
1.6743458476e+00 1.4696245734e+00 7.6985215594e+01
1.6005119454e+00 1.4192832765e+00 7.9151391211e+01
1.4226393629e+00 1.3253128555e+00 8.0988842556e+01
1.3689419795e+00 1.3253128555e+00 7.7096902340e+01
1.2850398180e+00 1.2716154721e+00 7.8819101517e+01
1.4192832765e+00 1.3253128555e+00 8.0699228738e+01
1.5703071672e+00 1.4058589306e+00 7.9092207382e+01
1.4562002275e+00 1.3488054608e+00 7.9686198513e+01
1.5468145620e+00 1.4125711035e+00 7.6802843604e+01
1.4729806598e+00 1.3689419795e+00 7.7920133510e+01
1.5434584755e+00 1.3991467577e+00 7.8297044264e+01
1.5837315131e+00 1.4360637088e+00 7.6084567673e+01
1.4226393629e+00 1.3387372014e+00 7.8794285012e+01
1.5837315131e+00 1.4427758817e+00 7.5367746825e+01
1.7481797497e+00 1.4964732651e+00 7.7728597209e+01
1.5434584755e+00 1.4159271900e+00 7.6235669994e+01
1.4226393629e+00 1.3353811149e+00 7.9297320353e+01
1.4125711035e+00 1.3253128555e+00 8.0144955155e+01
1.3353811149e+00 1.2984641638e+00 7.8514912109e+01
1.5669510808e+00 1.4092150171e+00 7.8405481829e+01
1.6709897611e+00 1.4528441411e+00 7.8917852813e+01
1.6474971559e+00 1.4461319681e+00 7.8390524904e+01
1.3857224118e+00 1.3253128555e+00 7.8178963131e+01
1.3957906712e+00 1.3219567691e+00 7.9387792628e+01
1.5736632537e+00 1.4058589306e+00 7.9317986717e+01
1.5904436860e+00 1.4327076223e+00 7.6816893146e+01
1.4528441411e+00 1.3555176337e+00 7.8450163247e+01
1.5669510808e+00 1.4125711035e+00 7.7959841368e+01
1.3320250284e+00 1.2951080774e+00 7.8767866946e+01
1.6474971559e+00 1.4562002275e+00 7.7130222835e+01
1.3152445961e+00 1.2816837315e+00 7.9579890875e+01
1.4461319681e+00 1.3588737201e+00 7.7568052062e+01
1.3924345848e+00 1.3387372014e+00 7.6847905615e+01
1.4025028441e+00 1.3152445961e+00 8.1082369076e+01
1.3186006826e+00 1.2816837315e+00 7.9851770899e+01
1.5333902162e+00 1.4125711035e+00 7.6082661766e+01
1.5837315131e+00 1.4327076223e+00 7.6459457435e+01
1.7246871445e+00 1.4964732651e+00 7.6514610812e+01
1.5333902162e+00 1.4092150171e+00 7.6462342781e+01
1.5736632537e+00 1.4125711035e+00 7.8370017151e+01
1.3387372014e+00 1.3085324232e+00 7.7353071050e+01
1.2984641638e+00 1.2716154721e+00 7.9882938015e+01
1.2279863481e+00 1.2380546075e+00 7.9628756930e+01
1.4226393629e+00 1.3454493743e+00 7.7856310676e+01
1.3186006826e+00 1.2816837315e+00 7.9851770899e+01
1.4796928328e+00 1.3722980660e+00 7.7895816873e+01
1.4964732651e+00 1.3790102389e+00 7.8054447798e+01
1.6542093288e+00 1.4562002275e+00 7.7496783236e+01
1.5065415245e+00 1.3857224118e+00 7.7792960433e+01
1.3722980660e+00 1.3219567691e+00 7.7748012065e+01
1.4192832765e+00 1.3387372014e+00 7.8562274361e+01
1.3353811149e+00 1.2984641638e+00 7.8514912109e+01
1.4058589306e+00 1.3286689420e+00 7.9097973323e+01
1.5837315131e+00 1.4092150171e+00 7.9505745975e+01
1.4729806598e+00 1.3689419795e+00 7.7920133510e+01
1.5434584755e+00 1.4058589306e+00 7.7426768615e+01
1.6777019340e+00 1.4696245734e+00 7.7162779910e+01
1.4427758817e+00 1.3454493743e+00 7.9221821069e+01
1.5300341297e+00 1.3924345848e+00 7.8361156493e+01
1.5300341297e+00 1.4025028441e+00 7.7068836633e+01
1.5166097838e+00 1.3823663254e+00 7.8895658704e+01
1.4729806598e+00 1.3555176337e+00 7.9875689131e+01
1.4729806598e+00 1.3588737201e+00 7.9349863626e+01
1.6273606371e+00 1.4461319681e+00 7.7235589407e+01
1.4159271900e+00 1.3253128555e+00 8.0418177237e+01
1.4461319681e+00 1.3454493743e+00 7.9466024519e+01
1.3622298066e+00 1.3152445961e+00 7.7994693227e+01
1.2548350398e+00 1.2514789534e+00 7.9633356827e+01
1.5333902162e+00 1.3957906712e+00 7.8119529269e+01
1.3286689420e+00 1.2917519909e+00 7.9027505322e+01
1.6072241183e+00 1.4293515358e+00 7.8186519489e+01
1.4159271900e+00 1.3320250284e+00 7.9321060792e+01
1.1843572241e+00 1.2112059158e+00 8.0476290705e+01
1.5736632537e+00 1.4192832765e+00 7.7500509759e+01
1.4528441411e+00 1.3588737201e+00 7.7989545840e+01
1.3622298066e+00 1.2984641638e+00 8.0618567098e+01
1.4058589306e+00 1.3286689420e+00 7.9097973323e+01
1.3152445961e+00 1.2850398180e+00 7.9047313545e+01
1.5401023891e+00 1.3957906712e+00 7.8542862357e+01
1.6206484642e+00 1.4394197952e+00 7.7682223782e+01
1.3588737201e+00 1.2984641638e+00 8.0331244907e+01
1.5367463026e+00 1.3991467577e+00 7.7883465976e+01
1.3790102389e+00 1.3186006826e+00 7.8673630960e+01
1.4360637088e+00 1.3488054608e+00 7.8273175841e+01
1.4327076223e+00 1.3387372014e+00 7.9520083264e+01
1.4092150171e+00 1.3521615472e+00 7.6215069533e+01
1.5870875995e+00 1.4192832765e+00 7.8297821289e+01
1.3186006826e+00 1.2749715586e+00 8.1053436519e+01
1.3521615472e+00 1.2951080774e+00 8.0350536454e+01
1.4763367463e+00 1.3655858931e+00 7.8596770678e+01
1.3219567691e+00 1.2816837315e+00 8.0130935788e+01
1.5233219568e+00 1.4025028441e+00 7.6693270208e+01
1.4763367463e+00 1.3655858931e+00 7.8596770678e+01
1.3689419795e+00 1.3118885097e+00 7.8946884930e+01
1.4562002275e+00 1.3622298066e+00 7.7755668784e+01
1.4327076223e+00 1.3353811149e+00 8.0061645986e+01
1.3118885097e+00 1.2883959044e+00 7.8301185687e+01
1.4360637088e+00 1.3521615472e+00 7.7817958952e+01
1.3555176337e+00 1.3118885097e+00 7.8006369171e+01
1.4226393629e+00 1.3521615472e+00 7.6992871057e+01
1.4662684869e+00 1.3555176337e+00 7.9379871763e+01
1.4998293515e+00 1.3823663254e+00 7.7819490496e+01
1.6441410694e+00 1.4763367463e+00 7.4806176207e+01
1.6139362912e+00 1.4226393629e+00 7.9557541125e+01
1.2447667804e+00 1.2414106940e+00 8.0517407236e+01
1.5870875995e+00 1.4427758817e+00 7.5530841851e+01
1.4360637088e+00 1.3555176337e+00 7.7380966020e+01
1.4293515358e+00 1.3655858931e+00 7.5795407100e+01
1.4931171786e+00 1.3722980660e+00 7.8764249577e+01
1.6676336746e+00 1.4629124005e+00 7.7420350577e+01
1.4662684869e+00 1.3756541524e+00 7.6676794195e+01
1.3286689420e+00 1.2917519909e+00 7.9027505322e+01
1.5535267349e+00 1.3890784983e+00 8.0508415623e+01
1.5602389078e+00 1.3924345848e+00 8.0461924638e+01
1.5736632537e+00 1.4125711035e+00 7.8370017151e+01
1.4293515358e+00 1.3488054608e+00 7.7837460162e+01
1.4998293515e+00 1.3722980660e+00 7.9223766672e+01
1.4763367463e+00 1.3655858931e+00 7.8596770678e+01
1.5870875995e+00 1.4394197952e+00 7.5888490166e+01
1.4864050057e+00 1.3655858931e+00 7.9287999453e+01
1.3320250284e+00 1.2883959044e+00 7.9826013277e+01
1.7649601820e+00 1.5031854380e+00 7.7816970870e+01
1.5703071672e+00 1.4159271900e+00 7.7727662868e+01
1.5468145620e+00 1.4025028441e+00 7.8057043713e+01
1.5568828214e+00 1.3924345848e+00 8.0206865145e+01
1.4025028441e+00 1.3320250284e+00 7.8372310252e+01
1.2581911263e+00 1.2581911263e+00 7.8827209751e+01
1.3857224118e+00 1.3286689420e+00 7.7721511785e+01
1.5468145620e+00 1.4025028441e+00 7.8057043713e+01
1.2951080774e+00 1.2716154721e+00 7.9607061206e+01
1.4964732651e+00 1.3957906712e+00 7.6010421736e+01
1.5300341297e+00 1.3991467577e+00 7.7483048264e+01
1.4394197952e+00 1.3521615472e+00 7.8032755060e+01
1.3219567691e+00 1.2883959044e+00 7.9037868167e+01
1.5904436860e+00 1.4226393629e+00 7.8058284054e+01
1.3689419795e+00 1.3085324232e+00 7.9465716996e+01
1.4360637088e+00 1.3454493743e+00 7.8748842065e+01
1.6105802048e+00 1.4327076223e+00 7.7949753196e+01
1.3353811149e+00 1.2951080774e+00 7.9016239735e+01
1.3051763367e+00 1.2951080774e+00 7.6944562821e+01
1.5098976109e+00 1.3823663254e+00 7.8453567226e+01
1.2917519909e+00 1.2682593857e+00 7.9891268041e+01
1.5736632537e+00 1.4125711035e+00 7.8370017151e+01
1.5434584755e+00 1.4192832765e+00 7.5863895472e+01
1.4427758817e+00 1.3320250284e+00 8.1521560357e+01
1.3420932878e+00 1.2984641638e+00 7.9004086120e+01
1.8186575654e+00 1.5300341297e+00 7.7432523203e+01
1.4562002275e+00 1.3588737201e+00 7.8205723931e+01
1.4159271900e+00 1.3353811149e+00 7.8815961559e+01
1.4125711035e+00 1.3488054608e+00 7.6808685599e+01
1.2883959044e+00 1.2682593857e+00 7.9614093427e+01
1.4763367463e+00 1.3622298066e+00 7.9082610920e+01
1.4058589306e+00 1.3320250284e+00 7.8602327729e+01
1.1810011377e+00 1.2212741752e+00 7.8496620939e+01
1.3655858931e+00 1.2984641638e+00 8.0914761159e+01
1.3957906712e+00 1.3253128555e+00 7.8876644611e+01
1.5065415245e+00 1.3790102389e+00 7.8703648009e+01
1.4025028441e+00 1.3387372014e+00 7.7464356839e+01
1.2481228669e+00 1.2481228669e+00 7.9633920454e+01
1.5837315131e+00 1.4226393629e+00 7.7662268869e+01
1.2850398180e+00 1.2716154721e+00 7.8819101517e+01
1.4259954494e+00 1.3420932878e+00 7.8541194536e+01
1.4394197952e+00 1.3454493743e+00 7.8982871930e+01
1.9864618885e+00 1.6105802048e+00 7.6537765016e+01
1.4259954494e+00 1.3521615472e+00 7.7194361263e+01
1.3991467577e+00 1.3320250284e+00 7.8146603822e+01
1.5669510808e+00 1.4058589306e+00 7.8870870894e+01
1.8555745165e+00 1.5568828214e+00 7.6251174285e+01
1.4662684869e+00 1.3622298066e+00 7.8400802276e+01
1.5803754266e+00 1.4192832765e+00 7.7892847024e+01
1.5401023891e+00 1.4058589306e+00 7.7233315202e+01
1.4259954494e+00 1.3488054608e+00 7.7625143435e+01
1.4729806598e+00 1.3689419795e+00 7.7920133510e+01
1.4192832765e+00 1.3488054608e+00 7.7210671127e+01
1.2917519909e+00 1.2783276451e+00 7.8316682391e+01
1.5199658703e+00 1.3823663254e+00 7.9123219738e+01
1.6172923777e+00 1.4293515358e+00 7.8807826073e+01
1.3823663254e+00 1.3152445961e+00 7.9428385522e+01
1.3622298066e+00 1.3085324232e+00 7.8962443963e+01
1.3488054608e+00 1.2984641638e+00 7.9515322697e+01
1.5770193402e+00 1.4192832765e+00 7.7695175323e+01
1.4192832765e+00 1.3353811149e+00 7.9054075736e+01
1.4125711035e+00 1.3320250284e+00 7.9076391335e+01
1.4293515358e+00 1.3353811149e+00 7.9800678015e+01
1.4629124005e+00 1.3655858931e+00 7.7733681945e+01
1.5770193402e+00 1.4159271900e+00 7.8128655611e+01
1.5300341297e+00 1.3991467577e+00 7.7483048264e+01
1.4662684869e+00 1.3622298066e+00 7.8400802276e+01
1.1843572241e+00 1.2212741752e+00 7.8761785112e+01
1.3420932878e+00 1.2951080774e+00 7.9530089850e+01
1.3924345848e+00 1.3454493743e+00 7.6048075936e+01
1.4360637088e+00 1.3454493743e+00 7.8748842065e+01
1.4159271900e+00 1.3387372014e+00 7.8334725691e+01
1.4192832765e+00 1.3286689420e+00 8.0117947223e+01
1.4662684869e+00 1.3655858931e+00 7.7943868320e+01
1.3622298066e+00 1.3118885097e+00 7.8467361843e+01
1.2716154721e+00 1.2649032992e+00 7.8825164190e+01
1.4058589306e+00 1.3253128555e+00 7.9619542555e+01
1.4360637088e+00 1.3420932878e+00 7.9247685577e+01
1.5199658703e+00 1.3823663254e+00 7.9123219738e+01
1.5635949943e+00 1.4025028441e+00 7.9131208098e+01
1.4595563140e+00 1.3622298066e+00 7.7967009677e+01
1.4964732651e+00 1.3790102389e+00 7.8054447798e+01
1.3991467577e+00 1.3320250284e+00 7.8146603822e+01
1.6575654152e+00 1.4394197952e+00 8.0004470910e+01
1.4360637088e+00 1.3353811149e+00 8.0329471614e+01
1.5602389078e+00 1.4025028441e+00 7.8908327291e+01
1.2749715586e+00 1.2649032992e+00 7.9083895958e+01
1.4494880546e+00 1.3420932878e+00 8.0266627534e+01
1.5132536974e+00 1.3890784983e+00 7.7765904866e+01
1.6844141069e+00 1.4662684869e+00 7.7940581730e+01
1.5937997725e+00 1.4327076223e+00 7.6999126730e+01
1.6743458476e+00 1.4897610922e+00 7.4849396630e+01
1.5971558589e+00 1.4327076223e+00 7.7183837250e+01
1.4729806598e+00 1.3689419795e+00 7.7920133510e+01
1.4729806598e+00 1.3588737201e+00 7.9349863626e+01
1.2816837315e+00 1.2548350398e+00 8.1459762430e+01
1.5233219568e+00 1.3857224118e+00 7.8862578159e+01
1.3622298066e+00 1.2951080774e+00 8.1245571966e+01
1.5870875995e+00 1.4394197952e+00 7.5888490166e+01
1.2682593857e+00 1.2514789534e+00 8.0817765151e+01
1.2514789534e+00 1.2649032992e+00 7.7380217998e+01
1.6105802048e+00 1.4494880546e+00 7.5975752198e+01
1.4964732651e+00 1.3689419795e+00 7.9494802758e+01
1.5367463026e+00 1.4025028441e+00 7.7455145748e+01
1.1742889647e+00 1.2044937429e+00 8.0778583288e+01
1.6743458476e+00 1.4562002275e+00 7.8664453647e+01
1.3420932878e+00 1.3018202503e+00 7.8504271487e+01
1.4528441411e+00 1.3588737201e+00 7.7989545840e+01
1.6038680319e+00 1.4259954494e+00 7.8428903302e+01
1.4025028441e+00 1.3253128555e+00 7.9366312224e+01
1.3555176337e+00 1.2951080774e+00 8.0639573499e+01
1.3353811149e+00 1.2984641638e+00 7.8514912109e+01
1.3488054608e+00 1.3051763367e+00 7.8492790528e+01
1.3957906712e+00 1.3286689420e+00 7.8390029087e+01
1.7011945392e+00 1.4830489192e+00 7.6835501965e+01
1.2548350398e+00 1.2649032992e+00 7.7609760387e+01
1.2850398180e+00 1.2682593857e+00 7.9343932317e+01
1.4662684869e+00 1.3555176337e+00 7.9379871763e+01
1.5837315131e+00 1.4159271900e+00 7.8543151574e+01
1.2548350398e+00 1.2481228669e+00 8.0211056847e+01
1.5166097838e+00 1.3823663254e+00 7.8895658704e+01
1.3555176337e+00 1.2984641638e+00 8.0052025489e+01
1.3924345848e+00 1.3320250284e+00 7.7707177732e+01
1.5468145620e+00 1.3924345848e+00 7.9477833596e+01
1.4226393629e+00 1.3387372014e+00 7.8794285012e+01
1.4998293515e+00 1.3857224118e+00 7.7389603508e+01
1.2414106940e+00 1.2447667804e+00 7.9633351752e+01
1.4461319681e+00 1.3521615472e+00 7.8473901711e+01
1.3689419795e+00 1.3152445961e+00 7.8453441146e+01
1.2514789534e+00 1.2447667804e+00 8.0515536696e+01
1.6777019340e+00 1.4696245734e+00 7.7162779910e+01
1.3655858931e+00 1.3051763367e+00 7.9745172921e+01
1.3823663254e+00 1.3152445961e+00 7.9428385522e+01
1.3756541524e+00 1.3152445961e+00 7.8930511023e+01
1.2682593857e+00 1.2649032992e+00 7.8572105661e+01
1.2649032992e+00 1.2514789534e+00 8.0508135983e+01
1.5803754266e+00 1.4058589306e+00 7.9784058880e+01
1.3018202503e+00 1.2716154721e+00 8.0166343545e+01
1.5300341297e+00 1.3790102389e+00 8.0381599151e+01
1.3957906712e+00 1.3186006826e+00 7.9927223311e+01
1.4192832765e+00 1.3320250284e+00 7.9571297751e+01
1.6575654152e+00 1.4595563140e+00 7.7275329920e+01
1.7011945392e+00 1.4696245734e+00 7.8478847801e+01
1.4830489192e+00 1.3790102389e+00 7.7238341437e+01
1.3253128555e+00 1.2850398180e+00 7.9839378819e+01
1.6743458476e+00 1.4562002275e+00 7.8664453647e+01
1.6340728100e+00 1.4461319681e+00 7.7609057428e+01
1.3857224118e+00 1.3118885097e+00 8.0244957075e+01
1.4595563140e+00 1.3488054608e+00 7.9940382990e+01
1.4226393629e+00 1.3420932878e+00 7.8314885953e+01
1.3186006826e+00 1.2917519909e+00 7.8294233874e+01
1.3152445961e+00 1.2883959044e+00 7.8541655929e+01
1.6072241183e+00 1.4427758817e+00 7.6548624492e+01
1.3253128555e+00 1.2816837315e+00 8.0418022619e+01
1.5367463026e+00 1.3924345848e+00 7.8794885499e+01
1.5870875995e+00 1.4226393629e+00 7.7858722775e+01
1.5132536974e+00 1.3823663254e+00 7.8672526870e+01
1.4092150171e+00 1.3286689420e+00 7.9344063161e+01
1.4427758817e+00 1.3488054608e+00 7.8725103092e+01
1.3420932878e+00 1.2917519909e+00 8.0086467855e+01
1.5568828214e+00 1.4058589306e+00 7.8231034671e+01
1.4662684869e+00 1.3622298066e+00 7.8400802276e+01
1.3790102389e+00 1.3118885097e+00 7.9706610590e+01
1.6273606371e+00 1.4494880546e+00 7.6839687378e+01
1.7414675768e+00 1.5065415245e+00 7.6237606882e+01
1.6340728100e+00 1.4461319681e+00 7.7609057428e+01
1.2716154721e+00 1.2615472127e+00 7.9352460501e+01
1.4562002275e+00 1.3555176337e+00 7.8675657808e+01
1.3957906712e+00 1.3219567691e+00 7.9387792628e+01
1.4226393629e+00 1.3353811149e+00 7.9297320353e+01
1.7045506257e+00 1.4864050057e+00 7.6627371603e+01
1.4427758817e+00 1.3521615472e+00 7.8251330886e+01
1.3722980660e+00 1.3118885097e+00 7.9194363327e+01
1.6374288965e+00 1.4461319681e+00 7.7799904054e+01
1.2984641638e+00 1.2716154721e+00 7.9882938015e+01
1.2615472127e+00 1.2581911263e+00 7.9088086042e+01
1.4562002275e+00 1.3521615472e+00 7.9168071325e+01
1.4058589306e+00 1.3387372014e+00 7.7676401440e+01
1.3186006826e+00 1.2783276451e+00 8.0432380556e+01
1.2749715586e+00 1.2649032992e+00 7.9083895958e+01
1.2749715586e+00 1.2514789534e+00 8.1469927737e+01
1.4629124005e+00 1.3555176337e+00 7.9140215050e+01
1.4629124005e+00 1.3722980660e+00 7.6888096287e+01
1.5434584755e+00 1.3924345848e+00 7.9245509890e+01
1.5065415245e+00 1.3790102389e+00 7.8703648009e+01
1.4092150171e+00 1.3320250284e+00 7.8836923017e+01
1.4092150171e+00 1.3152445961e+00 8.1704905354e+01
1.5199658703e+00 1.3890784983e+00 7.8180060208e+01
1.4159271900e+00 1.3420932878e+00 7.7874498591e+01
1.2313424346e+00 1.2414106940e+00 7.9352328244e+01
1.2044937429e+00 1.2313424346e+00 7.8793028664e+01
1.5501706485e+00 1.4058589306e+00 7.7822512496e+01
1.3722980660e+00 1.3051763367e+00 8.0289888328e+01
1.6307167235e+00 1.4394197952e+00 7.8271335948e+01
1.3521615472e+00 1.3152445961e+00 7.7336585691e+01
1.5904436860e+00 1.4528441411e+00 7.4668073310e+01
1.2749715586e+00 1.2548350398e+00 8.0810828527e+01
1.4528441411e+00 1.3622298066e+00 7.7547778655e+01
1.3790102389e+00 1.3320250284e+00 7.6870724751e+01
1.2984641638e+00 1.2749715586e+00 7.9331317986e+01
1.1742889647e+00 1.2145620023e+00 7.9008093854e+01
1.3823663254e+00 1.3219567691e+00 7.8423254273e+01
1.5266780432e+00 1.3823663254e+00 7.9592798167e+01
1.3957906712e+00 1.3253128555e+00 7.8876644611e+01
1.2883959044e+00 1.2783276451e+00 7.8077826494e+01
1.3488054608e+00 1.3118885097e+00 7.7561844229e+01
1.2649032992e+00 1.2615472127e+00 7.8826696057e+01
1.6743458476e+00 1.4830489192e+00 7.5520933602e+01
1.4125711035e+00 1.3320250284e+00 7.9076391335e+01
1.5031854380e+00 1.3722980660e+00 7.9460803215e+01
1.5401023891e+00 1.3957906712e+00 7.8542862357e+01
1.5904436860e+00 1.4394197952e+00 7.6057942119e+01
1.6709897611e+00 1.4595563140e+00 7.8025039964e+01
1.3756541524e+00 1.3118885097e+00 7.9447466795e+01
1.4360637088e+00 1.3454493743e+00 7.8748842065e+01
1.3991467577e+00 1.3253128555e+00 7.9118807063e+01
1.4830489192e+00 1.3622298066e+00 7.9561060914e+01
1.2716154721e+00 1.2649032992e+00 7.8825164190e+01
1.1977815700e+00 1.2212741752e+00 7.9889466600e+01
1.4494880546e+00 1.3689419795e+00 7.6522236795e+01
1.4058589306e+00 1.3286689420e+00 7.9097973323e+01
1.6542093288e+00 1.4562002275e+00 7.7496783236e+01
1.4360637088e+00 1.3488054608e+00 7.8273175841e+01
1.5233219568e+00 1.3957906712e+00 7.7510466043e+01
1.3689419795e+00 1.3152445961e+00 7.8453441146e+01
1.5434584755e+00 1.4058589306e+00 7.7426768615e+01
1.4931171786e+00 1.3622298066e+00 8.0321697662e+01
1.3353811149e+00 1.3018202503e+00 7.8036632368e+01
1.4092150171e+00 1.3286689420e+00 7.9344063161e+01
1.5635949943e+00 1.4025028441e+00 7.9131208098e+01
1.5568828214e+00 1.4092150171e+00 7.7791341555e+01
1.5300341297e+00 1.3924345848e+00 7.8361156493e+01
1.3253128555e+00 1.2883959044e+00 7.9294318663e+01
1.5333902162e+00 1.3857224118e+00 7.9554972023e+01
1.5703071672e+00 1.4259954494e+00 7.6514447665e+01
1.2951080774e+00 1.2816837315e+00 7.8074577695e+01
1.4864050057e+00 1.3857224118e+00 7.6617872251e+01
1.7414675768e+00 1.4931171786e+00 7.7774329063e+01
1.5166097838e+00 1.3756541524e+00 7.9913126467e+01
1.5132536974e+00 1.3823663254e+00 7.8672526870e+01
1.3957906712e+00 1.3118885097e+00 8.1111850049e+01
1.4394197952e+00 1.3689419795e+00 7.5963904075e+01
1.2850398180e+00 1.2682593857e+00 7.9343932317e+01
1.3957906712e+00 1.3253128555e+00 7.8876644611e+01
1.2716154721e+00 1.2649032992e+00 7.8825164190e+01
1.6777019340e+00 1.4629124005e+00 7.7982948222e+01
1.4159271900e+00 1.3353811149e+00 7.8815961559e+01
1.6072241183e+00 1.4226393629e+00 7.9108778295e+01
1.4092150171e+00 1.3353811149e+00 7.8353871441e+01
1.4528441411e+00 1.3588737201e+00 7.7989545840e+01
1.3420932878e+00 1.3051763367e+00 7.8027351369e+01
1.2145620023e+00 1.2380546075e+00 7.8547276028e+01
1.5333902162e+00 1.3991467577e+00 7.7681693350e+01
1.3957906712e+00 1.3186006826e+00 7.9927223311e+01
1.5434584755e+00 1.3991467577e+00 7.8297044264e+01
1.2078498294e+00 1.2346985210e+00 7.8539383469e+01
1.5098976109e+00 1.3890784983e+00 7.7563806286e+01
1.4092150171e+00 1.3454493743e+00 7.7022870581e+01
1.0366894198e+00 1.1340159272e+00 8.0524381956e+01
1.1776450512e+00 1.2179180887e+00 7.8749034614e+01
1.7918088737e+00 1.5199658703e+00 7.7231611729e+01
1.2346985210e+00 1.2380546075e+00 8.0212852901e+01
1.3722980660e+00 1.3085324232e+00 7.9726319797e+01
1.5031854380e+00 1.3991467577e+00 7.5990923375e+01
1.3655858931e+00 1.3085324232e+00 7.9211232895e+01
1.4696245734e+00 1.3555176337e+00 7.9624899706e+01
1.3957906712e+00 1.3152445961e+00 8.0499770425e+01
1.3756541524e+00 1.3152445961e+00 7.8930511023e+01
1.3857224118e+00 1.3152445961e+00 7.9686061849e+01
1.6709897611e+00 1.4595563140e+00 7.8025039964e+01
1.2883959044e+00 1.2682593857e+00 7.9614093427e+01
1.9428327645e+00 1.5937997725e+00 7.6343503489e+01
1.4159271900e+00 1.3420932878e+00 7.7874498591e+01
1.6441410694e+00 1.4494880546e+00 7.7761585915e+01
1.5837315131e+00 1.4293515358e+00 7.6846589663e+01
1.6978384528e+00 1.4763367463e+00 7.7444073504e+01
1.6777019340e+00 1.4528441411e+00 7.9344857061e+01
1.5501706485e+00 1.4192832765e+00 7.6211556876e+01
1.7716723549e+00 1.5065415245e+00 7.7769429753e+01
1.2850398180e+00 1.2749715586e+00 7.8320017925e+01
1.4058589306e+00 1.3454493743e+00 7.6822410420e+01
1.1239476678e+00 1.1910693970e+00 7.8603260539e+01
1.5669510808e+00 1.4192832765e+00 7.7119653204e+01
1.3420932878e+00 1.2951080774e+00 7.9530089850e+01
1.4528441411e+00 1.3555176337e+00 7.8450163247e+01
1.1977815700e+00 1.2212741752e+00 7.9889466600e+01
1.3186006826e+00 1.2816837315e+00 7.9851770899e+01
1.3823663254e+00 1.3253128555e+00 7.7955076719e+01
1.6407849829e+00 1.4494880546e+00 7.7571960606e+01
1.2481228669e+00 1.2548350398e+00 7.8570581146e+01
1.5501706485e+00 1.3957906712e+00 7.9207871838e+01
1.6474971559e+00 1.4528441411e+00 7.7534533020e+01
1.5669510808e+00 1.4192832765e+00 7.7119653204e+01
1.3219567691e+00 1.2850398180e+00 7.9568862870e+01
1.7985210466e+00 1.5233219568e+00 7.7185711193e+01
1.6676336746e+00 1.4562002275e+00 7.8262786257e+01
1.6172923777e+00 1.4595563140e+00 7.5244129070e+01
1.1977815700e+00 1.2279863481e+00 7.8783769664e+01
1.5132536974e+00 1.3823663254e+00 7.8672526870e+01
1.3488054608e+00 1.2917519909e+00 8.0659616452e+01
1.5468145620e+00 1.4125711035e+00 7.6802843604e+01
1.1944254835e+00 1.2246302617e+00 7.9043869286e+01
1.1944254835e+00 1.2179180887e+00 8.0182807960e+01
1.4629124005e+00 1.3555176337e+00 7.9140215050e+01
1.4092150171e+00 1.3353811149e+00 7.8353871441e+01
1.2548350398e+00 1.2481228669e+00 8.0211056847e+01
1.4729806598e+00 1.3588737201e+00 7.9349863626e+01
1.4528441411e+00 1.3488054608e+00 7.9437967086e+01
1.3857224118e+00 1.3152445961e+00 7.9686061849e+01
1.7045506257e+00 1.4931171786e+00 7.5899680722e+01
1.1273037543e+00 1.1877133106e+00 7.9436512893e+01
1.7146188851e+00 1.4830489192e+00 7.7542159851e+01
1.4964732651e+00 1.3722980660e+00 7.8991684544e+01
1.2917519909e+00 1.2682593857e+00 7.9891268041e+01
1.4528441411e+00 1.3555176337e+00 7.8450163247e+01
1.3488054608e+00 1.2984641638e+00 7.9515322697e+01
1.2313424346e+00 1.2649032992e+00 7.6079036233e+01
1.5635949943e+00 1.4159271900e+00 7.7338888787e+01
1.2984641638e+00 1.2816837315e+00 7.8312423090e+01
1.5166097838e+00 1.3924345848e+00 7.7537388840e+01
1.5266780432e+00 1.3957906712e+00 7.7710260634e+01
1.5635949943e+00 1.3991467577e+00 7.9632750451e+01
1.3152445961e+00 1.2850398180e+00 7.9047313545e+01
1.4327076223e+00 1.3420932878e+00 7.9007301685e+01
1.2984641638e+00 1.2816837315e+00 7.8312423090e+01
1.7716723549e+00 1.5065415245e+00 7.7769429753e+01
1.3152445961e+00 1.2850398180e+00 7.9047313545e+01
1.3521615472e+00 1.3051763367e+00 7.8732463457e+01
1.5971558589e+00 1.4192832765e+00 7.8932026590e+01
1.4360637088e+00 1.3488054608e+00 7.8273175841e+01
1.6609215017e+00 1.4662684869e+00 7.6671469271e+01
1.6542093288e+00 1.4427758817e+00 7.9274626114e+01
1.4226393629e+00 1.3320250284e+00 7.9827513377e+01
1.6407849829e+00 1.4461319681e+00 7.7993666361e+01
1.4629124005e+00 1.3521615472e+00 7.9655874271e+01
1.4360637088e+00 1.3488054608e+00 7.8273175841e+01
1.4494880546e+00 1.3521615472e+00 7.8700703870e+01
1.2514789534e+00 1.2447667804e+00 8.0515536696e+01
1.4192832765e+00 1.3420932878e+00 7.8092730139e+01
1.4763367463e+00 1.3689419795e+00 7.8132705796e+01
1.5166097838e+00 1.3857224118e+00 7.8423280228e+01
1.5904436860e+00 1.4360637088e+00 7.6431355344e+01
1.2581911263e+00 1.2581911263e+00 7.8827209751e+01
1.5266780432e+00 1.4058589306e+00 7.6486024526e+01
1.4058589306e+00 1.3286689420e+00 7.9097973323e+01
1.3320250284e+00 1.2951080774e+00 7.8767866946e+01
1.3588737201e+00 1.3018202503e+00 7.9763153335e+01
1.4494880546e+00 1.3454493743e+00 7.9715856859e+01
1.4360637088e+00 1.3588737201e+00 7.6960353091e+01
1.5065415245e+00 1.3924345848e+00 7.6952378230e+01
1.5535267349e+00 1.4092150171e+00 7.7593136322e+01
1.3823663254e+00 1.3186006826e+00 7.8913336733e+01
1.4360637088e+00 1.3353811149e+00 8.0329471614e+01
1.2279863481e+00 1.2380546075e+00 7.9628756930e+01
1.3622298066e+00 1.3152445961e+00 7.7994693227e+01
1.3152445961e+00 1.2716154721e+00 8.1390414076e+01
1.4998293515e+00 1.3957906712e+00 7.6189416547e+01
1.3991467577e+00 1.3219567691e+00 7.9642511518e+01
1.6273606371e+00 1.4494880546e+00 7.6839687378e+01
1.3588737201e+00 1.3085324232e+00 7.8718973097e+01
1.1877133106e+00 1.2246302617e+00 7.8509015045e+01
1.3588737201e+00 1.3051763367e+00 7.9227264469e+01
1.4427758817e+00 1.3521615472e+00 7.8251330886e+01
1.4964732651e+00 1.3756541524e+00 7.8512531710e+01
1.3521615472e+00 1.3118885097e+00 7.7782162272e+01
1.5031854380e+00 1.3823663254e+00 7.8027252334e+01
1.4461319681e+00 1.3555176337e+00 7.8011464955e+01
1.3253128555e+00 1.2883959044e+00 7.9294318663e+01
1.4327076223e+00 1.3387372014e+00 7.9520083264e+01
1.5233219568e+00 1.3991467577e+00 7.7094564507e+01
1.4025028441e+00 1.3219567691e+00 7.9903474071e+01
1.4830489192e+00 1.3756541524e+00 7.7664210863e+01
1.5535267349e+00 1.3991467577e+00 7.8945335258e+01
1.4226393629e+00 1.3353811149e+00 7.9297320353e+01
1.5098976109e+00 1.3790102389e+00 7.8928211887e+01
1.4092150171e+00 1.3353811149e+00 7.8353871441e+01
1.3219567691e+00 1.2984641638e+00 7.7592418289e+01
1.2279863481e+00 1.2447667804e+00 7.8559791112e+01
1.5937997725e+00 1.4226393629e+00 7.8261111382e+01
1.4025028441e+00 1.3286689420e+00 7.8857155397e+01
1.3722980660e+00 1.3186006826e+00 7.8208358654e+01
1.5333902162e+00 1.3924345848e+00 7.8576031214e+01
1.4763367463e+00 1.3689419795e+00 7.8132705796e+01
1.5098976109e+00 1.3790102389e+00 7.8928211887e+01
1.3085324232e+00 1.2649032992e+00 8.2111175089e+01
1.4092150171e+00 1.3420932878e+00 7.7448992177e+01
1.4830489192e+00 1.3722980660e+00 7.8107186175e+01
1.4897610922e+00 1.3622298066e+00 8.0061848799e+01
1.4595563140e+00 1.3588737201e+00 7.8425792529e+01
1.4159271900e+00 1.3353811149e+00 7.8815961559e+01
1.3790102389e+00 1.3219567691e+00 7.8194037772e+01
1.6642775882e+00 1.4494880546e+00 7.8964909704e+01
1.3722980660e+00 1.3118885097e+00 7.9194363327e+01
1.3420932878e+00 1.2984641638e+00 7.9004086120e+01
1.4394197952e+00 1.3689419795e+00 7.5963904075e+01
1.3991467577e+00 1.3186006826e+00 8.0196597774e+01
1.4259954494e+00 1.3488054608e+00 7.7625143435e+01
1.7414675768e+00 1.4897610922e+00 7.8193765115e+01
1.7683162685e+00 1.5098976109e+00 7.7195183629e+01
1.4696245734e+00 1.3655858931e+00 7.8157643294e+01
1.3286689420e+00 1.2951080774e+00 7.8524698801e+01
1.6307167235e+00 1.4461319681e+00 7.7420993603e+01
1.3085324232e+00 1.2749715586e+00 8.0155577170e+01
1.6877701934e+00 1.4662684869e+00 7.8132500576e+01
1.5703071672e+00 1.4192832765e+00 7.7308711815e+01
1.4092150171e+00 1.3286689420e+00 7.9344063161e+01
1.5602389078e+00 1.4092150171e+00 7.7992691113e+01
1.5367463026e+00 1.3924345848e+00 7.8794885499e+01
1.4259954494e+00 1.3488054608e+00 7.7625143435e+01
1.3722980660e+00 1.3085324232e+00 7.9726319797e+01
1.2246302617e+00 1.2346985210e+00 7.9913706648e+01
1.3823663254e+00 1.3186006826e+00 7.8913336733e+01
1.8220136519e+00 1.5367463026e+00 7.6836498882e+01
1.4830489192e+00 1.3722980660e+00 7.8107186175e+01
1.6542093288e+00 1.4427758817e+00 7.9274626114e+01
1.4662684869e+00 1.3588737201e+00 7.8878530121e+01
1.5300341297e+00 1.3957906712e+00 7.7913227444e+01
1.3588737201e+00 1.2984641638e+00 8.0331244907e+01
1.6105802048e+00 1.4327076223e+00 7.7949753196e+01
1.4293515358e+00 1.3353811149e+00 7.9800678015e+01
1.4159271900e+00 1.3320250284e+00 7.9321060792e+01
1.4763367463e+00 1.3689419795e+00 7.8132705796e+01
1.5401023891e+00 1.4125711035e+00 7.6438197317e+01
1.4494880546e+00 1.3521615472e+00 7.8700703870e+01
1.4494880546e+00 1.3588737201e+00 7.7777051594e+01
1.3219567691e+00 1.2816837315e+00 8.0130935788e+01
1.4327076223e+00 1.3454493743e+00 7.8519430377e+01
1.3454493743e+00 1.2951080774e+00 7.9796429207e+01
1.5132536974e+00 1.3722980660e+00 8.0205275966e+01
1.5468145620e+00 1.3957906712e+00 7.8981882744e+01
1.5098976109e+00 1.3823663254e+00 7.8453567226e+01
1.4159271900e+00 1.3387372014e+00 7.8334725691e+01
1.5602389078e+00 1.4125711035e+00 7.7562699660e+01
1.5602389078e+00 1.4125711035e+00 7.7562699660e+01
1.3219567691e+00 1.2816837315e+00 8.0130935788e+01
1.3454493743e+00 1.2984641638e+00 7.9256752757e+01
1.5635949943e+00 1.4125711035e+00 7.7759721621e+01
1.4595563140e+00 1.3555176337e+00 7.8905581221e+01
1.4058589306e+00 1.3186006826e+00 8.0758279383e+01
1.3186006826e+00 1.2951080774e+00 7.7823334212e+01
1.3588737201e+00 1.3085324232e+00 7.8718973097e+01
1.5367463026e+00 1.3924345848e+00 7.8794885499e+01
1.7079067122e+00 1.4998293515e+00 7.5365195364e+01
1.2447667804e+00 1.2481228669e+00 7.9356776907e+01
1.4259954494e+00 1.3488054608e+00 7.7625143435e+01
1.5736632537e+00 1.4159271900e+00 7.7926556587e+01
1.3286689420e+00 1.2951080774e+00 7.8524698801e+01
1.3521615472e+00 1.3051763367e+00 7.8732463457e+01
1.6441410694e+00 1.4528441411e+00 7.7348818041e+01
1.4562002275e+00 1.3588737201e+00 7.8205723931e+01
1.3219567691e+00 1.2883959044e+00 7.9037868167e+01
1.5031854380e+00 1.3655858931e+00 8.0548260084e+01
1.7011945392e+00 1.4897610922e+00 7.6094827644e+01
1.4259954494e+00 1.3454493743e+00 7.8073399870e+01
1.2145620023e+00 1.2313424346e+00 7.9619453158e+01
1.5937997725e+00 1.4125711035e+00 7.9694566080e+01
1.4830489192e+00 1.3655858931e+00 7.9052891069e+01
1.3991467577e+00 1.3152445961e+00 8.0786563393e+01
1.6206484642e+00 1.4327076223e+00 7.8556454824e+01
1.7246871445e+00 1.4796928328e+00 7.8532824479e+01
1.4092150171e+00 1.3286689420e+00 7.9344063161e+01
1.5770193402e+00 1.4125711035e+00 7.8580430501e+01
1.1306598407e+00 1.1877133106e+00 7.9737623174e+01
1.3823663254e+00 1.3085324232e+00 8.0549964000e+01
1.5535267349e+00 1.4058589306e+00 7.8025095416e+01
1.6441410694e+00 1.4461319681e+00 7.8190488049e+01
1.4058589306e+00 1.3286689420e+00 7.9097973323e+01
1.5031854380e+00 1.3689419795e+00 7.9988622230e+01
1.2581911263e+00 1.2581911263e+00 7.8827209751e+01
1.4662684869e+00 1.3722980660e+00 7.7083606166e+01
1.3286689420e+00 1.2917519909e+00 7.9027505322e+01
1.2481228669e+00 1.2481228669e+00 7.9633920454e+01
1.4964732651e+00 1.3790102389e+00 7.8054447798e+01
1.5031854380e+00 1.3756541524e+00 7.8960224848e+01
1.4864050057e+00 1.3655858931e+00 7.9287999453e+01
1.6307167235e+00 1.4327076223e+00 7.9195973875e+01
1.6474971559e+00 1.4528441411e+00 7.7534533020e+01
1.3823663254e+00 1.3353811149e+00 7.6659311150e+01
1.4092150171e+00 1.3555176337e+00 7.5830834642e+01
1.4461319681e+00 1.3488054608e+00 7.8957765940e+01
1.6542093288e+00 1.4763367463e+00 7.5266553401e+01
1.2883959044e+00 1.2783276451e+00 7.8077826494e+01
1.4394197952e+00 1.3387372014e+00 8.0032387315e+01
1.7045506257e+00 1.4830489192e+00 7.7008714316e+01
1.2883959044e+00 1.2682593857e+00 7.9614093427e+01
1.4259954494e+00 1.3286689420e+00 8.0668501712e+01
1.2246302617e+00 1.2313424346e+00 8.0515491149e+01
1.5770193402e+00 1.4192832765e+00 7.7695175323e+01
1.2850398180e+00 1.2716154721e+00 7.8819101517e+01
1.3521615472e+00 1.3051763367e+00 7.8732463457e+01
1.4394197952e+00 1.3488054608e+00 7.8496995076e+01
1.2313424346e+00 1.2548350398e+00 7.7365120983e+01
1.5233219568e+00 1.3790102389e+00 7.9874566050e+01
1.4293515358e+00 1.3488054608e+00 7.7837460162e+01
1.4293515358e+00 1.3454493743e+00 7.8294365083e+01
1.5300341297e+00 1.3991467577e+00 7.7483048264e+01
1.5300341297e+00 1.4159271900e+00 7.5544792062e+01
1.7582480091e+00 1.4998293515e+00 7.7864346263e+01
1.6609215017e+00 1.4629124005e+00 7.7058338051e+01
1.4293515358e+00 1.3488054608e+00 7.7837460162e+01
1.6508532423e+00 1.4494880546e+00 7.8149581428e+01
1.5098976109e+00 1.3957906712e+00 7.6740171990e+01
1.4025028441e+00 1.3387372014e+00 7.7464356839e+01
1.4696245734e+00 1.3588737201e+00 7.9111723553e+01
1.5401023891e+00 1.3991467577e+00 7.8088525287e+01
1.6508532423e+00 1.4528441411e+00 7.7722943383e+01
1.2984641638e+00 1.2783276451e+00 7.8809133488e+01
1.5031854380e+00 1.3924345848e+00 7.6762878640e+01
1.4125711035e+00 1.3353811149e+00 7.8582656558e+01
1.5736632537e+00 1.4192832765e+00 7.7500509759e+01
1.4729806598e+00 1.3622298066e+00 7.8850858039e+01
1.4729806598e+00 1.3454493743e+00 8.1666166562e+01
1.4931171786e+00 1.3689419795e+00 7.9256172088e+01
1.5602389078e+00 1.4192832765e+00 7.6749285940e+01
1.4528441411e+00 1.3689419795e+00 7.6713307135e+01
1.7179749716e+00 1.4897610922e+00 7.6930101423e+01
1.4427758817e+00 1.3555176337e+00 7.7797818856e+01
1.4092150171e+00 1.3286689420e+00 7.9344063161e+01
1.3890784983e+00 1.3219567691e+00 7.8895376479e+01
1.4259954494e+00 1.3488054608e+00 7.7625143435e+01
1.5333902162e+00 1.3991467577e+00 7.7681693350e+01
1.2984641638e+00 1.2749715586e+00 7.9331317986e+01
1.2548350398e+00 1.2447667804e+00 8.0827961540e+01
1.3890784983e+00 1.3420932878e+00 7.6248162434e+01
1.4562002275e+00 1.3622298066e+00 7.7755668784e+01
1.2917519909e+00 1.2716154721e+00 7.9338128329e+01
1.3387372014e+00 1.2883959044e+00 8.0386252948e+01
1.4226393629e+00 1.3387372014e+00 7.8794285012e+01
1.3118885097e+00 1.2716154721e+00 8.1068996127e+01
1.4125711035e+00 1.3521615472e+00 7.6405539873e+01
1.5132536974e+00 1.3823663254e+00 7.8672526870e+01
1.5937997725e+00 1.4259954494e+00 7.7824193782e+01
1.5166097838e+00 1.3823663254e+00 7.8895658704e+01
1.5266780432e+00 1.4058589306e+00 7.6486024526e+01
1.4729806598e+00 1.3655858931e+00 7.8375205084e+01
1.2984641638e+00 1.2783276451e+00 7.8809133488e+01
1.3286689420e+00 1.2850398180e+00 8.0117096192e+01
1.3521615472e+00 1.2883959044e+00 8.1615528649e+01
1.4629124005e+00 1.3521615472e+00 7.9655874271e+01
1.4763367463e+00 1.3689419795e+00 7.8132705796e+01
1.3991467577e+00 1.3286689420e+00 7.8621274380e+01
1.5031854380e+00 1.3722980660e+00 7.9460803215e+01
1.5937997725e+00 1.4327076223e+00 7.6999126730e+01
1.4897610922e+00 1.3722980660e+00 7.8541184820e+01
1.1843572241e+00 1.2212741752e+00 7.8761785112e+01
1.2649032992e+00 1.2548350398e+00 7.9913848708e+01
1.5434584755e+00 1.3924345848e+00 7.9245509890e+01
1.4562002275e+00 1.3521615472e+00 7.9168071325e+01
1.5266780432e+00 1.3890784983e+00 7.8608706254e+01
1.4461319681e+00 1.3555176337e+00 7.8011464955e+01
1.3521615472e+00 1.3051763367e+00 7.8732463457e+01
1.4729806598e+00 1.3689419795e+00 7.7920133510e+01
1.5703071672e+00 1.4025028441e+00 7.9590836148e+01
1.4696245734e+00 1.3555176337e+00 7.9624899706e+01
1.4092150171e+00 1.3253128555e+00 7.9878928091e+01
1.6072241183e+00 1.4394197952e+00 7.6936470030e+01
1.5031854380e+00 1.3790102389e+00 7.8483321757e+01
1.4494880546e+00 1.3521615472e+00 7.8700703870e+01
1.1977815700e+00 1.2145620023e+00 8.1144425365e+01
1.5199658703e+00 1.3991467577e+00 7.6904464201e+01
1.2514789534e+00 1.2414106940e+00 8.1155838583e+01
1.6777019340e+00 1.4629124005e+00 7.7982948222e+01
1.4763367463e+00 1.3689419795e+00 7.8132705796e+01
1.3991467577e+00 1.3353811149e+00 7.7692136995e+01
1.4931171786e+00 1.3756541524e+00 7.8294895838e+01
1.5065415245e+00 1.3790102389e+00 7.8703648009e+01
1.1474402730e+00 1.1944254835e+00 8.0087401536e+01
1.3488054608e+00 1.3051763367e+00 7.8492790528e+01
1.4192832765e+00 1.3320250284e+00 7.9571297751e+01
1.4696245734e+00 1.3722980660e+00 7.7281990582e+01
1.6340728100e+00 1.4427758817e+00 7.8032926840e+01
1.5199658703e+00 1.3823663254e+00 7.9123219738e+01
1.7884527873e+00 1.5233219568e+00 7.6686037896e+01
1.2649032992e+00 1.2481228669e+00 8.1145201289e+01
1.6172923777e+00 1.4461319681e+00 7.6694229090e+01
1.4830489192e+00 1.3588737201e+00 8.0097571749e+01
1.4763367463e+00 1.3622298066e+00 7.9082610920e+01
1.5602389078e+00 1.4125711035e+00 7.7562699660e+01
1.5635949943e+00 1.3991467577e+00 7.9632750451e+01
1.3588737201e+00 1.3051763367e+00 7.9227264469e+01
1.8018771331e+00 1.5233219568e+00 7.7356464337e+01
1.4192832765e+00 1.3387372014e+00 7.8562274361e+01
1.3488054608e+00 1.2984641638e+00 7.9515322697e+01
1.8018771331e+00 1.5233219568e+00 7.7356464337e+01
1.5501706485e+00 1.4125711035e+00 7.6988822369e+01
1.2380546075e+00 1.2447667804e+00 7.9355115314e+01
1.4763367463e+00 1.3622298066e+00 7.9082610920e+01
1.6172923777e+00 1.4293515358e+00 7.8807826073e+01
1.4696245734e+00 1.3689419795e+00 7.7711102492e+01
1.3689419795e+00 1.3051763367e+00 8.0013910471e+01
1.4427758817e+00 1.3353811149e+00 8.0888131133e+01
1.4864050057e+00 1.3622298066e+00 7.9808460119e+01
1.3555176337e+00 1.3051763367e+00 7.8977173578e+01
1.5300341297e+00 1.3924345848e+00 7.8361156493e+01
1.9092718999e+00 1.5736632537e+00 7.6950575263e+01
1.6374288965e+00 1.4461319681e+00 7.7799904054e+01
1.4192832765e+00 1.3454493743e+00 7.7642892977e+01
1.4662684869e+00 1.3689419795e+00 7.7505434784e+01
1.4763367463e+00 1.3555176337e+00 8.0132679622e+01
1.5333902162e+00 1.3957906712e+00 7.8119529269e+01
1.4427758817e+00 1.3588737201e+00 7.7362373631e+01
1.5166097838e+00 1.3823663254e+00 7.8895658704e+01
1.5434584755e+00 1.3924345848e+00 7.9245509890e+01
1.4796928328e+00 1.3655858931e+00 7.8822578420e+01
1.2078498294e+00 1.2212741752e+00 8.0823102510e+01
1.3890784983e+00 1.3219567691e+00 7.8895376479e+01
1.4964732651e+00 1.3655858931e+00 8.0025526977e+01
1.3857224118e+00 1.3186006826e+00 7.9158170740e+01
1.4763367463e+00 1.3622298066e+00 7.9082610920e+01
1.5870875995e+00 1.4293515358e+00 7.7029869943e+01
1.4092150171e+00 1.3286689420e+00 7.9344063161e+01
1.2951080774e+00 1.2917519909e+00 7.6734814480e+01
1.4259954494e+00 1.3454493743e+00 7.8073399870e+01
1.4259954494e+00 1.3353811149e+00 7.9546053824e+01
1.4293515358e+00 1.3387372014e+00 7.9272856953e+01
1.3756541524e+00 1.3051763367e+00 8.0573742759e+01
1.4629124005e+00 1.3555176337e+00 7.9140215050e+01
1.6474971559e+00 1.4595563140e+00 7.6739745852e+01
1.5635949943e+00 1.3991467577e+00 7.9632750451e+01
1.4562002275e+00 1.3689419795e+00 7.6907037312e+01
1.6273606371e+00 1.4595563140e+00 7.5726126159e+01
1.5233219568e+00 1.3857224118e+00 7.8862578159e+01
1.6273606371e+00 1.4394197952e+00 7.8071851811e+01
1.3286689420e+00 1.2984641638e+00 7.8045089747e+01
1.4394197952e+00 1.3454493743e+00 7.8982871930e+01
1.6172923777e+00 1.4360637088e+00 7.7912822771e+01
1.4629124005e+00 1.3622298066e+00 7.8181986703e+01
1.4360637088e+00 1.3420932878e+00 7.9247685577e+01
1.4830489192e+00 1.3655858931e+00 7.9052891069e+01
1.4729806598e+00 1.3622298066e+00 7.8850858039e+01
1.4192832765e+00 1.3353811149e+00 7.9054075736e+01
1.1742889647e+00 1.2011376564e+00 8.1456436838e+01
1.3253128555e+00 1.2917519909e+00 7.8777931890e+01
1.4998293515e+00 1.3857224118e+00 7.7389603508e+01
1.2816837315e+00 1.2615472127e+00 8.0192213913e+01
1.3420932878e+00 1.3118885097e+00 7.7132078171e+01
1.3924345848e+00 1.3219567691e+00 7.9138877814e+01
1.4192832765e+00 1.3521615472e+00 7.6794323199e+01
1.7347554039e+00 1.4931171786e+00 7.7413623228e+01
1.2447667804e+00 1.2447667804e+00 7.9919048205e+01
1.1340159272e+00 1.1877133106e+00 8.0047587216e+01
1.6575654152e+00 1.4427758817e+00 7.9495367140e+01
1.3420932878e+00 1.2917519909e+00 8.0086467855e+01
1.5669510808e+00 1.4092150171e+00 7.8405481829e+01
1.4360637088e+00 1.3555176337e+00 7.7380966020e+01
1.4427758817e+00 1.3588737201e+00 7.7362373631e+01
1.5501706485e+00 1.4025028441e+00 7.8264271045e+01
1.3521615472e+00 1.2984641638e+00 7.9780244346e+01
1.5736632537e+00 1.4226393629e+00 7.7090142154e+01
1.5434584755e+00 1.4025028441e+00 7.7853224124e+01
1.4092150171e+00 1.3286689420e+00 7.9344063161e+01
1.3488054608e+00 1.2951080774e+00 8.0069714574e+01
1.6777019340e+00 1.4629124005e+00 7.7982948222e+01
1.2044937429e+00 1.2246302617e+00 7.9897405597e+01
1.0601820250e+00 1.1474402730e+00 8.0345613356e+01
1.3186006826e+00 1.2917519909e+00 7.8294233874e+01
1.5568828214e+00 1.4025028441e+00 7.8689702111e+01
1.3857224118e+00 1.3152445961e+00 7.9686061849e+01
1.5468145620e+00 1.4058589306e+00 7.7623120904e+01
1.3890784983e+00 1.3152445961e+00 7.9950158779e+01
1.3286689420e+00 1.2883959044e+00 7.9556875989e+01
1.7313993174e+00 1.4964732651e+00 7.6850510497e+01
1.2649032992e+00 1.2615472127e+00 7.8826696057e+01
1.3286689420e+00 1.2883959044e+00 7.9556875989e+01
1.3588737201e+00 1.3152445961e+00 7.7771541708e+01
1.4998293515e+00 1.3756541524e+00 7.8734226459e+01
1.6038680319e+00 1.4226393629e+00 7.8890994936e+01
1.2917519909e+00 1.2716154721e+00 7.9338128329e+01
1.3588737201e+00 1.3085324232e+00 7.8718973097e+01
1.4998293515e+00 1.3991467577e+00 7.5814939578e+01
1.5937997725e+00 1.4259954494e+00 7.7824193782e+01
1.3488054608e+00 1.2917519909e+00 8.0659616452e+01
1.3186006826e+00 1.2951080774e+00 7.7823334212e+01
1.3387372014e+00 1.3018202503e+00 7.8268203814e+01
1.3018202503e+00 1.2917519909e+00 7.7161795040e+01
1.2414106940e+00 1.2380546075e+00 8.0833130235e+01
1.5333902162e+00 1.3857224118e+00 7.9554972023e+01
1.5434584755e+00 1.3924345848e+00 7.9245509890e+01
1.3286689420e+00 1.2883959044e+00 7.9556875989e+01
1.4360637088e+00 1.3454493743e+00 7.8748842065e+01
1.3890784983e+00 1.3253128555e+00 7.8407014827e+01
1.2615472127e+00 1.2548350398e+00 7.9631676164e+01
1.5669510808e+00 1.4226393629e+00 7.6721851980e+01
1.3790102389e+00 1.3186006826e+00 7.8673630960e+01
1.6072241183e+00 1.4360637088e+00 7.7337803230e+01
1.3991467577e+00 1.3152445961e+00 8.0786563393e+01
1.3722980660e+00 1.3051763367e+00 8.0289888328e+01
1.7011945392e+00 1.4696245734e+00 7.8478847801e+01
1.6810580205e+00 1.4595563140e+00 7.8618423118e+01
1.5937997725e+00 1.4293515358e+00 7.7404078583e+01
1.6542093288e+00 1.4494880546e+00 7.8348243194e+01
1.4662684869e+00 1.3622298066e+00 7.8400802276e+01
1.6273606371e+00 1.4494880546e+00 7.6839687378e+01
1.6105802048e+00 1.4427758817e+00 7.6725460018e+01
1.5870875995e+00 1.4226393629e+00 7.7858722775e+01
1.5837315131e+00 1.4159271900e+00 7.8543151574e+01
1.5635949943e+00 1.3957906712e+00 8.0162035964e+01
1.6240045506e+00 1.4394197952e+00 7.7875531575e+01
1.3622298066e+00 1.2951080774e+00 8.1245571966e+01
1.5803754266e+00 1.4125711035e+00 7.8794659982e+01
1.6844141069e+00 1.4763367463e+00 7.6737759111e+01
1.3555176337e+00 1.3051763367e+00 7.8977173578e+01
1.3957906712e+00 1.3186006826e+00 7.9927223311e+01
1.3890784983e+00 1.3286689420e+00 7.7940383243e+01
1.3353811149e+00 1.3118885097e+00 7.6715636479e+01
1.5401023891e+00 1.3924345848e+00 7.9017957496e+01
1.3857224118e+00 1.3051763367e+00 8.1480547943e+01
1.5333902162e+00 1.3924345848e+00 7.8576031214e+01
1.5602389078e+00 1.4092150171e+00 7.7992691113e+01
1.3924345848e+00 1.3253128555e+00 7.8639482927e+01
1.5098976109e+00 1.3890784983e+00 7.7563806286e+01
1.5703071672e+00 1.4058589306e+00 7.9092207382e+01
1.5065415245e+00 1.3823663254e+00 7.8238546528e+01
1.4494880546e+00 1.3454493743e+00 7.9715856859e+01
1.5333902162e+00 1.3924345848e+00 7.8576031214e+01
1.4293515358e+00 1.3420932878e+00 7.8771907257e+01
1.1843572241e+00 1.2078498294e+00 8.1127352526e+01
1.5367463026e+00 1.3857224118e+00 7.9795894675e+01
1.4226393629e+00 1.3353811149e+00 7.9297320353e+01
1.6307167235e+00 1.4494880546e+00 7.7019045337e+01
1.4394197952e+00 1.3622298066e+00 7.6747513630e+01
1.6777019340e+00 1.4629124005e+00 7.7982948222e+01
1.5199658703e+00 1.3957906712e+00 7.7313693593e+01
1.3790102389e+00 1.3219567691e+00 7.8194037772e+01
1.2951080774e+00 1.2649032992e+00 8.0782894985e+01
1.4494880546e+00 1.3387372014e+00 8.0853059526e+01
1.5166097838e+00 1.4058589306e+00 7.5950458821e+01
1.3488054608e+00 1.3085324232e+00 7.8017259422e+01
1.5300341297e+00 1.3991467577e+00 7.7483048264e+01
1.4595563140e+00 1.3521615472e+00 7.9409244513e+01
1.5300341297e+00 1.4025028441e+00 7.7068836633e+01
1.3085324232e+00 1.2783276451e+00 7.9589943950e+01
1.6038680319e+00 1.4259954494e+00 7.8428903302e+01
1.4595563140e+00 1.3555176337e+00 7.8905581221e+01
1.6038680319e+00 1.4226393629e+00 7.8890994936e+01
1.4125711035e+00 1.3353811149e+00 7.8582656558e+01
1.3253128555e+00 1.2984641638e+00 7.7816731479e+01
1.3152445961e+00 1.2816837315e+00 7.9579890875e+01
1.5367463026e+00 1.3991467577e+00 7.7883465976e+01
1.5199658703e+00 1.3790102389e+00 7.9630110455e+01
1.6508532423e+00 1.4494880546e+00 7.8149581428e+01
1.4259954494e+00 1.3521615472e+00 7.7194361263e+01
1.5703071672e+00 1.4293515358e+00 7.6136615207e+01
1.3957906712e+00 1.3286689420e+00 7.8390029087e+01
1.4360637088e+00 1.3387372014e+00 7.9773112642e+01
1.5870875995e+00 1.4159271900e+00 7.8755928545e+01
1.2212741752e+00 1.2246302617e+00 8.1503144767e+01
1.2883959044e+00 1.2816837315e+00 7.7612089370e+01
1.4830489192e+00 1.3689419795e+00 7.8569268666e+01
1.4897610922e+00 1.3655858931e+00 7.9528226846e+01
1.3991467577e+00 1.3186006826e+00 8.0196597774e+01
1.3924345848e+00 1.3320250284e+00 7.7707177732e+01
1.3890784983e+00 1.3253128555e+00 7.8407014827e+01
1.3219567691e+00 1.2917519909e+00 7.8533617949e+01
1.3823663254e+00 1.3320250284e+00 7.7074972865e+01
1.6676336746e+00 1.4662684869e+00 7.7021927633e+01
1.4763367463e+00 1.3622298066e+00 7.9082610920e+01
1.4629124005e+00 1.3555176337e+00 7.9140215050e+01
1.5837315131e+00 1.4360637088e+00 7.6084567673e+01
1.3655858931e+00 1.3152445961e+00 7.8221912890e+01
1.5098976109e+00 1.3722980660e+00 7.9951150249e+01
1.5635949943e+00 1.4058589306e+00 7.8653717030e+01
1.4897610922e+00 1.3756541524e+00 7.8081096272e+01
1.6441410694e+00 1.4327076223e+00 8.0110770889e+01
1.1944254835e+00 1.2112059158e+00 8.1485562967e+01
1.3353811149e+00 1.2951080774e+00 7.9016239735e+01
1.5233219568e+00 1.3857224118e+00 7.8862578159e+01
1.3219567691e+00 1.2951080774e+00 7.8052710813e+01
1.4394197952e+00 1.3454493743e+00 7.8982871930e+01
1.2179180887e+00 1.2414106940e+00 7.8299707555e+01
1.2716154721e+00 1.2649032992e+00 7.8825164190e+01
1.2615472127e+00 1.2514789534e+00 8.0208074687e+01
1.4427758817e+00 1.3488054608e+00 7.8725103092e+01
1.2783276451e+00 1.2615472127e+00 7.9904739360e+01
1.6944823663e+00 1.4696245734e+00 7.8088546279e+01
1.4494880546e+00 1.3488054608e+00 7.9195278133e+01
1.3353811149e+00 1.3018202503e+00 7.8036632368e+01
1.4125711035e+00 1.3253128555e+00 8.0144955155e+01
1.6676336746e+00 1.4629124005e+00 7.7420350577e+01
1.5166097838e+00 1.3790102389e+00 7.9391134947e+01
1.7045506257e+00 1.4729806598e+00 7.8236560485e+01
1.3521615472e+00 1.3051763367e+00 7.8732463457e+01
1.2112059158e+00 1.2145620023e+00 8.2631497270e+01
1.3991467577e+00 1.3219567691e+00 7.9642511518e+01
1.6038680319e+00 1.4327076223e+00 7.7561132676e+01
1.5635949943e+00 1.4025028441e+00 7.9131208098e+01
1.6508532423e+00 1.4528441411e+00 7.7722943383e+01
1.2883959044e+00 1.2649032992e+00 8.0184679461e+01
1.4058589306e+00 1.3387372014e+00 7.7676401440e+01
1.4729806598e+00 1.3622298066e+00 7.8850858039e+01
1.5434584755e+00 1.3857224118e+00 8.0295178586e+01
1.4125711035e+00 1.3286689420e+00 7.9595799292e+01
1.3689419795e+00 1.2984641638e+00 8.1220725385e+01
1.5031854380e+00 1.3756541524e+00 7.8960224848e+01
1.5434584755e+00 1.3924345848e+00 7.9245509890e+01
1.4897610922e+00 1.3756541524e+00 7.8081096272e+01
1.4830489192e+00 1.3790102389e+00 7.7238341437e+01
1.4058589306e+00 1.3420932878e+00 7.7241351421e+01
1.2447667804e+00 1.2414106940e+00 8.0517407236e+01
1.5199658703e+00 1.3924345848e+00 7.7738334681e+01
1.4494880546e+00 1.3555176337e+00 7.8228842768e+01
1.4092150171e+00 1.3387372014e+00 7.7892011916e+01
1.6407849829e+00 1.4461319681e+00 7.7993666361e+01
1.3924345848e+00 1.3219567691e+00 7.9138877814e+01
1.3924345848e+00 1.3353811149e+00 7.7269372453e+01
1.4293515358e+00 1.3454493743e+00 7.8294365083e+01
1.3454493743e+00 1.2984641638e+00 7.9256752757e+01
1.3420932878e+00 1.3018202503e+00 7.8504271487e+01
1.2581911263e+00 1.2447667804e+00 8.1151165666e+01
1.7515358362e+00 1.4964732651e+00 7.7911549351e+01
1.3085324232e+00 1.2816837315e+00 7.9055826735e+01
1.3924345848e+00 1.3353811149e+00 7.7269372453e+01
1.4562002275e+00 1.3488054608e+00 7.9686198513e+01
1.4461319681e+00 1.3521615472e+00 7.8473901711e+01
1.4394197952e+00 1.3521615472e+00 7.8032755060e+01
1.4729806598e+00 1.3689419795e+00 7.7920133510e+01
1.8085893060e+00 1.5333902162e+00 7.6557167254e+01
1.5971558589e+00 1.4226393629e+00 7.8467377281e+01
1.7112627986e+00 1.4796928328e+00 7.7768531219e+01
1.6844141069e+00 1.4796928328e+00 7.6363246919e+01
1.4192832765e+00 1.3387372014e+00 7.8562274361e+01
1.6038680319e+00 1.4226393629e+00 7.8890994936e+01
1.3186006826e+00 1.2783276451e+00 8.0432380556e+01
1.4360637088e+00 1.3488054608e+00 7.8273175841e+01
1.6441410694e+00 1.4494880546e+00 7.7761585915e+01
1.3957906712e+00 1.3286689420e+00 7.8390029087e+01
1.5535267349e+00 1.4025028441e+00 7.8475090156e+01
1.2044937429e+00 1.2313424346e+00 7.8793028664e+01
1.4226393629e+00 1.3320250284e+00 7.9827513377e+01
1.3857224118e+00 1.3186006826e+00 7.9158170740e+01
1.4461319681e+00 1.3555176337e+00 7.8011464955e+01
1.5736632537e+00 1.4092150171e+00 7.8832977911e+01
1.5031854380e+00 1.3823663254e+00 7.8027252334e+01
1.3387372014e+00 1.2951080774e+00 7.9270178919e+01
1.4394197952e+00 1.3555176337e+00 7.7587711543e+01
1.3018202503e+00 1.2883959044e+00 7.7606777400e+01
1.3991467577e+00 1.3320250284e+00 7.8146603822e+01
1.3118885097e+00 1.2783276451e+00 7.9863172672e+01
1.3018202503e+00 1.2816837315e+00 7.8555033866e+01
1.4226393629e+00 1.3420932878e+00 7.8314885953e+01
1.5703071672e+00 1.4092150171e+00 7.8617289375e+01
1.3320250284e+00 1.2951080774e+00 7.8767866946e+01
1.5333902162e+00 1.3957906712e+00 7.8119529269e+01
1.7649601820e+00 1.4964732651e+00 7.8671747427e+01
1.4629124005e+00 1.3488054608e+00 8.0200984066e+01
1.5333902162e+00 1.3924345848e+00 7.8576031214e+01
1.6441410694e+00 1.4528441411e+00 7.7348818041e+01
1.4125711035e+00 1.3320250284e+00 7.9076391335e+01
1.5669510808e+00 1.4192832765e+00 7.7119653204e+01
1.1742889647e+00 1.2011376564e+00 8.1456436838e+01
1.4125711035e+00 1.3320250284e+00 7.9076391335e+01
1.3420932878e+00 1.2917519909e+00 8.0086467855e+01
1.3420932878e+00 1.2917519909e+00 8.0086467855e+01
1.2984641638e+00 1.2682593857e+00 8.0469122125e+01
1.6172923777e+00 1.4327076223e+00 7.8350833738e+01
1.4763367463e+00 1.3555176337e+00 8.0132679622e+01
1.5568828214e+00 1.4125711035e+00 7.7368630335e+01
1.5266780432e+00 1.3924345848e+00 7.8150044634e+01
1.5434584755e+00 1.4159271900e+00 7.6235669994e+01
1.2481228669e+00 1.2481228669e+00 7.9633920454e+01
1.4360637088e+00 1.3588737201e+00 7.6960353091e+01
1.5535267349e+00 1.3957906712e+00 7.9438548429e+01
1.5535267349e+00 1.3957906712e+00 7.9438548429e+01
1.2380546075e+00 1.2414106940e+00 7.9918459901e+01
1.5468145620e+00 1.3991467577e+00 7.8509211467e+01
1.3521615472e+00 1.2951080774e+00 8.0350536454e+01
1.2414106940e+00 1.2414106940e+00 8.0213462557e+01
1.4360637088e+00 1.3387372014e+00 7.9773112642e+01
1.3857224118e+00 1.3219567691e+00 7.8656939703e+01
1.3387372014e+00 1.3018202503e+00 7.8268203814e+01
1.5199658703e+00 1.3924345848e+00 7.7738334681e+01
1.4562002275e+00 1.3488054608e+00 7.9686198513e+01
1.5031854380e+00 1.3756541524e+00 7.8960224848e+01
1.3253128555e+00 1.2850398180e+00 7.9839378819e+01
1.3857224118e+00 1.3186006826e+00 7.9158170740e+01
1.3488054608e+00 1.3018202503e+00 7.8991059176e+01
1.6038680319e+00 1.4259954494e+00 7.8428903302e+01
1.5233219568e+00 1.3857224118e+00 7.8862578159e+01
1.2749715586e+00 1.2581911263e+00 8.0198636115e+01
1.4931171786e+00 1.3890784983e+00 7.6597162904e+01
1.4360637088e+00 1.3488054608e+00 7.8273175841e+01
1.3253128555e+00 1.2816837315e+00 8.0418022619e+01
1.4494880546e+00 1.3521615472e+00 7.8700703870e+01
1.3790102389e+00 1.3152445961e+00 7.9176670914e+01
1.3521615472e+00 1.3051763367e+00 7.8732463457e+01
1.5937997725e+00 1.4327076223e+00 7.6999126730e+01
1.4629124005e+00 1.3555176337e+00 7.9140215050e+01
1.4662684869e+00 1.3588737201e+00 7.8878530121e+01
1.4830489192e+00 1.3722980660e+00 7.8107186175e+01
1.6676336746e+00 1.4662684869e+00 7.7021927633e+01
1.5770193402e+00 1.4192832765e+00 7.7695175323e+01
1.3387372014e+00 1.2951080774e+00 7.9270178919e+01
1.7683162685e+00 1.5199658703e+00 7.6085059748e+01
1.4562002275e+00 1.3622298066e+00 7.7755668784e+01
1.4864050057e+00 1.3555176337e+00 8.0946203214e+01
1.2548350398e+00 1.2581911263e+00 7.8572101214e+01
1.7616040956e+00 1.5031854380e+00 7.7636571500e+01
1.3454493743e+00 1.2984641638e+00 7.9256752757e+01
1.5333902162e+00 1.3957906712e+00 7.8119529269e+01
1.5199658703e+00 1.3823663254e+00 7.9123219738e+01
1.5300341297e+00 1.3991467577e+00 7.7483048264e+01
1.6642775882e+00 1.4461319681e+00 7.9445442913e+01
1.5468145620e+00 1.4025028441e+00 7.8057043713e+01
1.6844141069e+00 1.4696245734e+00 7.7525163716e+01
1.2414106940e+00 1.2414106940e+00 8.0213462557e+01
1.4595563140e+00 1.3622298066e+00 7.7967009677e+01
1.4696245734e+00 1.3655858931e+00 7.8157643294e+01
1.3018202503e+00 1.2682593857e+00 8.0771274052e+01
1.3655858931e+00 1.3085324232e+00 7.9211232895e+01
1.4763367463e+00 1.3790102389e+00 7.6848521469e+01
1.2514789534e+00 1.2514789534e+00 7.9357327526e+01
1.7079067122e+00 1.4998293515e+00 7.5365195364e+01
1.1675767918e+00 1.2112059158e+00 7.8993738523e+01
1.4461319681e+00 1.3488054608e+00 7.8957765940e+01
1.4897610922e+00 1.3790102389e+00 7.7639920971e+01
1.3756541524e+00 1.3253128555e+00 7.7518906256e+01
1.2212741752e+00 1.2279863481e+00 8.0831136100e+01
1.2145620023e+00 1.2246302617e+00 8.0827801179e+01
1.2481228669e+00 1.2481228669e+00 7.9633920454e+01
1.3320250284e+00 1.2951080774e+00 7.8767866946e+01
1.3387372014e+00 1.2951080774e+00 7.9270178919e+01
1.3689419795e+00 1.3085324232e+00 7.9465716996e+01
1.3924345848e+00 1.3253128555e+00 7.8639482927e+01
1.2816837315e+00 1.2783276451e+00 7.7613431279e+01
1.3722980660e+00 1.3118885097e+00 7.9194363327e+01
1.5098976109e+00 1.3756541524e+00 7.9426242566e+01
1.3051763367e+00 1.2883959044e+00 7.7834006088e+01
1.3085324232e+00 1.2850398180e+00 7.8548799109e+01
1.4327076223e+00 1.3454493743e+00 7.8519430377e+01
1.5703071672e+00 1.4259954494e+00 7.6514447665e+01
1.3488054608e+00 1.2984641638e+00 7.9515322697e+01
1.5401023891e+00 1.3991467577e+00 7.8088525287e+01
1.4964732651e+00 1.3722980660e+00 7.8991684544e+01
1.4427758817e+00 1.3588737201e+00 7.7362373631e+01
1.7246871445e+00 1.4763367463e+00 7.8986041675e+01
1.4931171786e+00 1.3857224118e+00 7.6998259286e+01
1.1944254835e+00 1.2112059158e+00 8.1485562967e+01
1.3957906712e+00 1.3186006826e+00 7.9927223311e+01
1.6072241183e+00 1.4394197952e+00 7.6936470030e+01
1.1105233220e+00 1.1843572241e+00 7.8554246171e+01
1.5031854380e+00 1.3722980660e+00 7.9460803215e+01
1.2749715586e+00 1.2682593857e+00 7.8570616720e+01
1.5635949943e+00 1.4192832765e+00 7.6933214839e+01
1.3689419795e+00 1.3253128555e+00 7.7096902340e+01
1.6240045506e+00 1.4494880546e+00 7.6662635245e+01
1.4796928328e+00 1.3588737201e+00 7.9842383595e+01
1.3991467577e+00 1.3253128555e+00 7.9118807063e+01
1.4394197952e+00 1.3420932878e+00 7.9493401677e+01
1.5501706485e+00 1.4125711035e+00 7.6988822369e+01
1.7582480091e+00 1.5065415245e+00 7.7067173935e+01
1.4461319681e+00 1.3454493743e+00 7.9466024519e+01
1.4562002275e+00 1.3689419795e+00 7.6907037312e+01
1.3051763367e+00 1.2749715586e+00 7.9873567309e+01
1.5166097838e+00 1.3857224118e+00 7.8423280228e+01
1.5132536974e+00 1.3756541524e+00 7.9666894728e+01
1.4897610922e+00 1.3823663254e+00 7.7215689401e+01
1.3722980660e+00 1.3085324232e+00 7.9726319797e+01
1.7750284414e+00 1.5166097838e+00 7.6771087704e+01
1.5199658703e+00 1.3823663254e+00 7.9123219738e+01
1.5132536974e+00 1.3991467577e+00 7.6531961200e+01
1.4629124005e+00 1.3622298066e+00 7.8181986703e+01
1.4763367463e+00 1.3756541524e+00 7.7260445308e+01
1.2816837315e+00 1.2716154721e+00 7.8568151562e+01
1.4763367463e+00 1.3655858931e+00 7.8596770678e+01
1.4864050057e+00 1.3823663254e+00 7.7020412926e+01
1.4427758817e+00 1.3521615472e+00 7.8251330886e+01
1.3521615472e+00 1.3018202503e+00 7.9242442842e+01
1.5803754266e+00 1.4092150171e+00 7.9276939788e+01
1.5166097838e+00 1.3823663254e+00 7.8895658704e+01
1.3857224118e+00 1.3219567691e+00 7.8656939703e+01
1.4595563140e+00 1.3622298066e+00 7.7967009677e+01
1.7011945392e+00 1.4696245734e+00 7.8478847801e+01
1.5635949943e+00 1.4058589306e+00 7.8653717030e+01
1.4025028441e+00 1.3420932878e+00 7.7036899379e+01
1.3756541524e+00 1.3085324232e+00 7.9993519675e+01
1.7179749716e+00 1.4964732651e+00 7.6186504053e+01
1.5300341297e+00 1.3890784983e+00 7.8828982928e+01
1.2984641638e+00 1.2649032992e+00 8.1096715219e+01
1.5803754266e+00 1.4192832765e+00 7.7892847024e+01
1.4159271900e+00 1.3387372014e+00 7.8334725691e+01
1.1742889647e+00 1.2011376564e+00 8.1456436838e+01
1.4494880546e+00 1.3488054608e+00 7.9195278133e+01
1.4192832765e+00 1.3420932878e+00 7.8092730139e+01
1.5367463026e+00 1.3924345848e+00 7.8794885499e+01
1.3957906712e+00 1.3320250284e+00 7.7924966431e+01
1.7683162685e+00 1.5031854380e+00 7.7999977225e+01
1.4796928328e+00 1.3722980660e+00 7.7895816873e+01
1.3857224118e+00 1.3219567691e+00 7.8656939703e+01
1.4427758817e+00 1.3521615472e+00 7.8251330886e+01
1.4226393629e+00 1.3420932878e+00 7.8314885953e+01
1.3924345848e+00 1.3320250284e+00 7.7707177732e+01
1.4729806598e+00 1.3722980660e+00 7.7483386436e+01
1.4796928328e+00 1.3588737201e+00 7.9842383595e+01
1.5166097838e+00 1.3756541524e+00 7.9913126467e+01
1.5300341297e+00 1.3890784983e+00 7.8828982928e+01
1.4259954494e+00 1.3454493743e+00 7.8073399870e+01
1.4427758817e+00 1.3488054608e+00 7.8725103092e+01
1.4662684869e+00 1.3588737201e+00 7.8878530121e+01
1.2615472127e+00 1.2581911263e+00 7.9088086042e+01
1.5166097838e+00 1.3823663254e+00 7.8895658704e+01
1.3488054608e+00 1.2984641638e+00 7.9515322697e+01
1.4964732651e+00 1.3689419795e+00 7.9494802758e+01
1.4662684869e+00 1.3588737201e+00 7.8878530121e+01
1.6407849829e+00 1.4528441411e+00 7.7165681271e+01
1.5065415245e+00 1.3890784983e+00 7.7364813580e+01
1.2917519909e+00 1.2816837315e+00 7.7841217718e+01
1.4125711035e+00 1.3454493743e+00 7.7226338163e+01
1.3857224118e+00 1.3253128555e+00 7.8178963131e+01
1.5065415245e+00 1.3823663254e+00 7.8238546528e+01
1.0635381115e+00 1.1541524460e+00 7.9445676768e+01
1.3118885097e+00 1.2883959044e+00 7.8301185687e+01
1.3890784983e+00 1.3051763367e+00 8.1804626738e+01
1.3722980660e+00 1.3219567691e+00 7.7748012065e+01
1.4528441411e+00 1.3454493743e+00 7.9971739068e+01
1.6709897611e+00 1.4629124005e+00 7.7605155603e+01
1.6978384528e+00 1.4763367463e+00 7.7444073504e+01
1.7112627986e+00 1.4796928328e+00 7.7768531219e+01
1.4461319681e+00 1.3387372014e+00 8.0571746922e+01
1.4562002275e+00 1.3521615472e+00 7.9168071325e+01
1.5300341297e+00 1.3823663254e+00 7.9835483906e+01
1.5098976109e+00 1.3857224118e+00 7.7999521325e+01
1.3420932878e+00 1.2984641638e+00 7.9004086120e+01
1.3991467577e+00 1.3286689420e+00 7.8621274380e+01
1.5233219568e+00 1.3890784983e+00 7.8392472719e+01
1.4662684869e+00 1.3622298066e+00 7.8400802276e+01
1.3521615472e+00 1.3018202503e+00 7.9242442842e+01
1.5098976109e+00 1.3857224118e+00 7.7999521325e+01
1.4696245734e+00 1.3588737201e+00 7.9111723553e+01
1.5635949943e+00 1.4092150171e+00 7.8197346124e+01
1.2279863481e+00 1.2346985210e+00 8.0211013101e+01
1.5300341297e+00 1.3924345848e+00 7.8361156493e+01
1.6575654152e+00 1.4662684869e+00 7.6499499459e+01
1.5602389078e+00 1.4092150171e+00 7.7992691113e+01
1.2682593857e+00 1.2649032992e+00 7.8572105661e+01
1.5233219568e+00 1.4092150171e+00 7.5929509691e+01
1.3991467577e+00 1.3253128555e+00 7.9118807063e+01
1.4494880546e+00 1.3521615472e+00 7.8700703870e+01
1.5233219568e+00 1.3924345848e+00 7.7942497777e+01
1.6273606371e+00 1.4360637088e+00 7.8515471183e+01
1.4259954494e+00 1.3387372014e+00 7.9031041049e+01
1.3320250284e+00 1.3018202503e+00 7.7809300633e+01
1.4696245734e+00 1.3756541524e+00 7.6868587660e+01
1.6810580205e+00 1.4696245734e+00 7.7342728175e+01
1.7347554039e+00 1.4897610922e+00 7.7819864463e+01
1.4931171786e+00 1.3588737201e+00 8.0904897722e+01
1.4662684869e+00 1.3622298066e+00 7.8400802276e+01
1.6038680319e+00 1.4159271900e+00 7.9884533177e+01
1.4360637088e+00 1.3521615472e+00 7.7817958952e+01
1.4562002275e+00 1.3521615472e+00 7.9168071325e+01
1.4796928328e+00 1.3689419795e+00 7.8349013416e+01
1.2649032992e+00 1.2548350398e+00 7.9913848708e+01
1.2716154721e+00 1.2649032992e+00 7.8825164190e+01
1.5468145620e+00 1.4125711035e+00 7.6802843604e+01
1.3588737201e+00 1.2984641638e+00 8.0331244907e+01
1.4931171786e+00 1.3689419795e+00 7.9256172088e+01
1.5098976109e+00 1.3924345848e+00 7.7144547053e+01
1.3790102389e+00 1.3186006826e+00 7.8673630960e+01
1.7011945392e+00 1.4830489192e+00 7.6835501965e+01
1.5971558589e+00 1.4259954494e+00 7.8022493581e+01
1.2548350398e+00 1.2414106940e+00 8.1492617926e+01
1.3756541524e+00 1.3118885097e+00 7.9447466795e+01
1.3689419795e+00 1.3018202503e+00 8.0596616972e+01
1.3722980660e+00 1.3219567691e+00 7.7748012065e+01
1.4864050057e+00 1.3722980660e+00 7.8322239603e+01
1.3186006826e+00 1.2951080774e+00 7.7823334212e+01
1.6072241183e+00 1.4327076223e+00 7.7753960556e+01
1.6072241183e+00 1.4226393629e+00 7.9108778295e+01
1.4394197952e+00 1.3521615472e+00 7.8032755060e+01
1.2783276451e+00 1.2581911263e+00 8.0495974329e+01
1.3756541524e+00 1.3085324232e+00 7.9993519675e+01
1.3488054608e+00 1.3018202503e+00 7.8991059176e+01
1.3991467577e+00 1.3353811149e+00 7.7692136995e+01
1.5501706485e+00 1.3991467577e+00 7.8725233071e+01
1.5669510808e+00 1.4025028441e+00 7.9358612156e+01
1.4461319681e+00 1.3353811149e+00 8.1180422999e+01
1.4125711035e+00 1.3387372014e+00 7.8111382536e+01
1.2313424346e+00 1.2313424346e+00 8.1161912553e+01
1.2850398180e+00 1.2850398180e+00 7.6948306342e+01
1.3790102389e+00 1.3219567691e+00 7.8194037772e+01
1.5300341297e+00 1.3991467577e+00 7.7483048264e+01
1.3085324232e+00 1.2883959044e+00 7.8065393167e+01
1.2716154721e+00 1.2649032992e+00 7.8825164190e+01
1.5266780432e+00 1.3957906712e+00 7.7710260634e+01
1.2682593857e+00 1.2749715586e+00 7.7163884609e+01
1.3823663254e+00 1.3186006826e+00 7.8913336733e+01
1.4629124005e+00 1.3655858931e+00 7.7733681945e+01
1.2414106940e+00 1.2447667804e+00 7.9633351752e+01
1.4729806598e+00 1.3689419795e+00 7.7920133510e+01
1.5401023891e+00 1.3957906712e+00 7.8542862357e+01
1.3555176337e+00 1.2951080774e+00 8.0639573499e+01
1.3286689420e+00 1.2917519909e+00 7.9027505322e+01
1.4629124005e+00 1.3588737201e+00 7.8649978183e+01
1.3118885097e+00 1.2783276451e+00 7.9863172672e+01
1.6072241183e+00 1.4327076223e+00 7.7753960556e+01
1.4998293515e+00 1.3756541524e+00 7.8734226459e+01
1.2246302617e+00 1.2380546075e+00 7.9348401338e+01
1.3320250284e+00 1.2984641638e+00 7.8277729792e+01
1.4327076223e+00 1.3353811149e+00 8.0061645986e+01
1.5367463026e+00 1.3823663254e+00 8.0338633112e+01
1.6240045506e+00 1.4494880546e+00 7.6662635245e+01
1.2548350398e+00 1.2414106940e+00 8.1492617926e+01
1.4125711035e+00 1.3253128555e+00 8.0144955155e+01
1.6172923777e+00 1.4394197952e+00 7.7491788586e+01
1.5971558589e+00 1.4192832765e+00 7.8932026590e+01
1.2917519909e+00 1.2615472127e+00 8.1108832581e+01
1.5568828214e+00 1.3957906712e+00 7.9674226907e+01
1.7112627986e+00 1.4763367463e+00 7.8190761135e+01
1.4931171786e+00 1.3722980660e+00 7.8764249577e+01
1.4729806598e+00 1.3655858931e+00 7.8375205084e+01
1.4092150171e+00 1.3286689420e+00 7.9344063161e+01
1.4427758817e+00 1.3521615472e+00 7.8251330886e+01
1.1407281001e+00 1.1910693970e+00 8.0068208532e+01
1.5971558589e+00 1.4327076223e+00 7.7183837250e+01
1.2749715586e+00 1.2716154721e+00 7.8081573725e+01
1.5602389078e+00 1.4092150171e+00 7.7992691113e+01
1.4864050057e+00 1.3722980660e+00 7.8322239603e+01
1.1608646189e+00 1.2011376564e+00 8.0121550638e+01
1.4293515358e+00 1.3488054608e+00 7.7837460162e+01
1.2346985210e+00 1.2514789534e+00 7.8069905390e+01
1.4360637088e+00 1.3588737201e+00 7.6960353091e+01
1.2179180887e+00 1.2346985210e+00 7.9343320393e+01
1.4864050057e+00 1.3689419795e+00 7.8793704555e+01
1.4763367463e+00 1.3722980660e+00 7.7687941731e+01
1.3387372014e+00 1.2883959044e+00 8.0386252948e+01
1.2615472127e+00 1.2514789534e+00 8.0208074687e+01
1.3823663254e+00 1.3152445961e+00 7.9428385522e+01
1.3219567691e+00 1.2816837315e+00 8.0130935788e+01
1.3655858931e+00 1.3051763367e+00 7.9745172921e+01
1.5468145620e+00 1.3924345848e+00 7.9477833596e+01
1.4729806598e+00 1.3756541524e+00 7.7063096501e+01
1.3320250284e+00 1.2749715586e+00 8.2410414590e+01
1.4696245734e+00 1.3555176337e+00 7.9624899706e+01
1.5065415245e+00 1.3790102389e+00 7.8703648009e+01
1.5669510808e+00 1.4192832765e+00 7.7119653204e+01
1.3722980660e+00 1.3152445961e+00 7.8689542878e+01
1.4931171786e+00 1.3655858931e+00 7.9773934271e+01
1.4159271900e+00 1.3353811149e+00 7.8815961559e+01
1.5401023891e+00 1.4025028441e+00 7.7652643321e+01
1.5065415245e+00 1.3756541524e+00 7.9190797064e+01
1.5367463026e+00 1.3890784983e+00 7.9282668377e+01
1.6911262799e+00 1.4629124005e+00 7.8775165517e+01
1.3454493743e+00 1.2984641638e+00 7.9256752757e+01
1.5770193402e+00 1.4058589306e+00 7.9548497057e+01
1.4595563140e+00 1.3655858931e+00 7.7526902526e+01
1.3454493743e+00 1.3018202503e+00 7.8745118609e+01
1.3823663254e+00 1.3152445961e+00 7.9428385522e+01
1.3286689420e+00 1.2984641638e+00 7.8045089747e+01
1.4259954494e+00 1.3387372014e+00 7.9031041049e+01
1.3387372014e+00 1.2951080774e+00 7.9270178919e+01
1.4427758817e+00 1.3555176337e+00 7.7797818856e+01
1.3353811149e+00 1.2816837315e+00 8.1334797753e+01
1.3588737201e+00 1.3085324232e+00 7.8718973097e+01
1.4897610922e+00 1.3689419795e+00 7.9022577752e+01
1.3286689420e+00 1.2951080774e+00 7.8524698801e+01
1.4696245734e+00 1.3588737201e+00 7.9111723553e+01
1.3454493743e+00 1.2984641638e+00 7.9256752757e+01
1.6273606371e+00 1.4360637088e+00 7.8515471183e+01
1.3454493743e+00 1.3018202503e+00 7.8745118609e+01
1.4025028441e+00 1.3320250284e+00 7.8372310252e+01
1.3186006826e+00 1.2783276451e+00 8.0432380556e+01
1.3253128555e+00 1.2883959044e+00 7.9294318663e+01
1.3655858931e+00 1.3118885097e+00 7.8704661572e+01
1.4461319681e+00 1.3420932878e+00 8.0002412726e+01
1.5132536974e+00 1.3857224118e+00 7.8209564664e+01
1.4461319681e+00 1.3454493743e+00 7.9466024519e+01
1.6240045506e+00 1.4327076223e+00 7.8765710347e+01
1.4427758817e+00 1.3387372014e+00 8.0298408293e+01
1.3219567691e+00 1.2951080774e+00 7.8052710813e+01
1.3890784983e+00 1.3219567691e+00 7.8895376479e+01
1.2649032992e+00 1.2615472127e+00 7.8826696057e+01
1.3420932878e+00 1.2917519909e+00 8.0086467855e+01
1.5401023891e+00 1.4025028441e+00 7.7652643321e+01
1.6374288965e+00 1.4494880546e+00 7.7385074090e+01
1.3253128555e+00 1.2850398180e+00 7.9839378819e+01
1.2279863481e+00 1.2346985210e+00 8.0211013101e+01
1.5065415245e+00 1.3857224118e+00 7.7792960433e+01
1.2682593857e+00 1.2615472127e+00 7.9086508187e+01
1.5233219568e+00 1.3957906712e+00 7.7510466043e+01
1.4864050057e+00 1.3756541524e+00 7.7870929920e+01
1.4226393629e+00 1.3320250284e+00 7.9827513377e+01
1.5098976109e+00 1.3722980660e+00 7.9951150249e+01
1.5233219568e+00 1.3890784983e+00 7.8392472719e+01
1.3722980660e+00 1.3051763367e+00 8.0289888328e+01
1.3957906712e+00 1.3219567691e+00 7.9387792628e+01
1.3420932878e+00 1.3051763367e+00 7.8027351369e+01
1.3823663254e+00 1.3219567691e+00 7.8423254273e+01
1.4092150171e+00 1.3253128555e+00 7.9878928091e+01
1.5233219568e+00 1.4025028441e+00 7.6693270208e+01
1.8320819113e+00 1.5333902162e+00 7.7729466621e+01
1.3823663254e+00 1.3186006826e+00 7.8913336733e+01
1.4729806598e+00 1.3588737201e+00 7.9349863626e+01
1.5837315131e+00 1.4159271900e+00 7.8543151574e+01
1.5468145620e+00 1.3957906712e+00 7.8981882744e+01
1.3387372014e+00 1.2917519909e+00 7.9811691125e+01
1.2514789534e+00 1.2649032992e+00 7.7380217998e+01
1.5266780432e+00 1.3790102389e+00 8.0124908963e+01
1.5166097838e+00 1.3890784983e+00 7.7971266082e+01
1.4528441411e+00 1.3588737201e+00 7.7989545840e+01
1.6307167235e+00 1.4494880546e+00 7.7019045337e+01
1.6844141069e+00 1.4796928328e+00 7.6363246919e+01
1.2883959044e+00 1.2649032992e+00 8.0184679461e+01
1.3991467577e+00 1.3320250284e+00 7.8146603822e+01
1.6240045506e+00 1.4427758817e+00 7.7456568008e+01
1.6777019340e+00 1.4696245734e+00 7.7162779910e+01
1.5635949943e+00 1.4293515358e+00 7.5794302922e+01
1.1474402730e+00 1.2044937429e+00 7.8417079031e+01
1.2179180887e+00 1.2380546075e+00 7.8808143708e+01
1.6978384528e+00 1.4763367463e+00 7.7444073504e+01
1.4293515358e+00 1.3454493743e+00 7.8294365083e+01
1.6105802048e+00 1.4226393629e+00 7.9330868684e+01
1.4662684869e+00 1.3655858931e+00 7.7943868320e+01
1.5736632537e+00 1.4092150171e+00 7.8832977911e+01
1.5266780432e+00 1.3823663254e+00 7.9592798167e+01
1.4058589306e+00 1.3253128555e+00 7.9619542555e+01
1.5333902162e+00 1.3890784983e+00 7.9053547054e+01
1.3253128555e+00 1.2917519909e+00 7.8777931890e+01
1.5434584755e+00 1.3924345848e+00 7.9245509890e+01
1.3488054608e+00 1.2951080774e+00 8.0069714574e+01
1.3991467577e+00 1.3286689420e+00 7.8621274380e+01
1.3957906712e+00 1.3286689420e+00 7.8390029087e+01
1.6072241183e+00 1.4327076223e+00 7.7753960556e+01
1.4729806598e+00 1.3722980660e+00 7.7483386436e+01
1.3253128555e+00 1.2850398180e+00 7.9839378819e+01
1.4931171786e+00 1.3689419795e+00 7.9256172088e+01
1.3588737201e+00 1.2984641638e+00 8.0331244907e+01
1.5166097838e+00 1.3924345848e+00 7.7537388840e+01
1.4562002275e+00 1.3588737201e+00 7.8205723931e+01
1.3219567691e+00 1.2883959044e+00 7.9037868167e+01
1.3219567691e+00 1.3018202503e+00 7.7150511531e+01
1.2984641638e+00 1.2682593857e+00 8.0469122125e+01
1.6206484642e+00 1.4427758817e+00 7.7270022371e+01
1.5233219568e+00 1.3957906712e+00 7.7510466043e+01
1.3286689420e+00 1.2883959044e+00 7.9556875989e+01
1.4830489192e+00 1.3756541524e+00 7.7664210863e+01
1.6139362912e+00 1.4427758817e+00 7.6904573745e+01
1.4796928328e+00 1.3588737201e+00 7.9842383595e+01
1.6273606371e+00 1.4360637088e+00 7.8515471183e+01
1.4293515358e+00 1.3387372014e+00 7.9272856953e+01
1.6810580205e+00 1.4528441411e+00 7.9564711610e+01
1.6642775882e+00 1.4461319681e+00 7.9445442913e+01
1.4394197952e+00 1.3454493743e+00 7.8982871930e+01
1.2783276451e+00 1.2581911263e+00 8.0495974329e+01
1.3588737201e+00 1.3085324232e+00 7.8718973097e+01
1.1742889647e+00 1.2078498294e+00 8.0150134396e+01
1.3488054608e+00 1.3051763367e+00 7.8492790528e+01
1.5333902162e+00 1.3890784983e+00 7.9053547054e+01
1.4259954494e+00 1.3454493743e+00 7.8073399870e+01
1.4025028441e+00 1.3320250284e+00 7.8372310252e+01
1.4562002275e+00 1.3488054608e+00 7.9686198513e+01
1.4998293515e+00 1.3790102389e+00 7.8266994175e+01
1.4897610922e+00 1.3655858931e+00 7.9528226846e+01
1.4125711035e+00 1.3286689420e+00 7.9595799292e+01
1.2816837315e+00 1.2615472127e+00 8.0192213913e+01
1.4662684869e+00 1.3588737201e+00 7.8878530121e+01
1.5468145620e+00 1.3890784983e+00 8.0000541356e+01
1.4897610922e+00 1.3756541524e+00 7.8081096272e+01
1.2246302617e+00 1.2313424346e+00 8.0515491149e+01
1.4528441411e+00 1.3756541524e+00 7.5934572002e+01
1.4192832765e+00 1.3387372014e+00 7.8562274361e+01
1.5837315131e+00 1.4092150171e+00 7.9505745975e+01
1.4897610922e+00 1.3722980660e+00 7.8541184820e+01
1.3924345848e+00 1.3152445961e+00 8.0221196836e+01
1.2716154721e+00 1.2615472127e+00 7.9352460501e+01
1.7112627986e+00 1.4763367463e+00 7.8190761135e+01
1.5199658703e+00 1.4092150171e+00 7.5756109975e+01
1.4025028441e+00 1.3320250284e+00 7.8372310252e+01
1.6911262799e+00 1.4830489192e+00 7.6328446701e+01
1.5199658703e+00 1.3991467577e+00 7.6904464201e+01
1.5233219568e+00 1.3890784983e+00 7.8392472719e+01
1.3018202503e+00 1.2783276451e+00 7.9063393028e+01
1.4192832765e+00 1.3353811149e+00 7.9054075736e+01
1.4293515358e+00 1.3420932878e+00 7.8771907257e+01
1.7011945392e+00 1.4830489192e+00 7.6835501965e+01
1.4494880546e+00 1.3488054608e+00 7.9195278133e+01
1.6374288965e+00 1.4494880546e+00 7.7385074090e+01
1.4058589306e+00 1.3521615472e+00 7.6027070091e+01
1.4293515358e+00 1.3454493743e+00 7.8294365083e+01
1.4327076223e+00 1.3420932878e+00 7.9007301685e+01
1.2649032992e+00 1.2548350398e+00 7.9913848708e+01
1.4427758817e+00 1.3521615472e+00 7.8251330886e+01
1.5468145620e+00 1.4025028441e+00 7.8057043713e+01
1.5065415245e+00 1.3756541524e+00 7.9190797064e+01
1.4293515358e+00 1.3488054608e+00 7.7837460162e+01
1.5635949943e+00 1.4259954494e+00 7.6162021192e+01
1.3588737201e+00 1.2917519909e+00 8.1590551037e+01
1.3353811149e+00 1.2917519909e+00 7.9543946296e+01
1.3957906712e+00 1.3320250284e+00 7.7924966431e+01
1.7481797497e+00 1.4964732651e+00 7.7728597209e+01
1.4595563140e+00 1.3655858931e+00 7.7526902526e+01
1.2481228669e+00 1.2481228669e+00 7.9633920454e+01
1.3018202503e+00 1.2850398180e+00 7.8070429018e+01
1.6038680319e+00 1.4259954494e+00 7.8428903302e+01
1.3051763367e+00 1.2783276451e+00 7.9323516539e+01
1.4931171786e+00 1.3689419795e+00 7.9256172088e+01
1.4729806598e+00 1.3555176337e+00 7.9875689131e+01
1.4394197952e+00 1.3454493743e+00 7.8982871930e+01
1.2783276451e+00 1.2716154721e+00 7.8322416596e+01
1.5266780432e+00 1.4058589306e+00 7.6486024526e+01
1.1474402730e+00 1.1910693970e+00 8.0716828553e+01
1.3924345848e+00 1.3219567691e+00 7.9138877814e+01
1.4125711035e+00 1.3286689420e+00 7.9595799292e+01
1.4998293515e+00 1.3890784983e+00 7.6975577758e+01
1.8455062571e+00 1.5401023891e+00 7.7626950828e+01
1.4058589306e+00 1.3286689420e+00 7.9097973323e+01
1.3118885097e+00 1.2783276451e+00 7.9863172672e+01
1.5166097838e+00 1.3823663254e+00 7.8895658704e+01
1.4528441411e+00 1.3521615472e+00 7.8931997742e+01
1.2749715586e+00 1.2649032992e+00 7.9083895958e+01
1.3790102389e+00 1.3253128555e+00 7.7735127226e+01
1.3857224118e+00 1.3152445961e+00 7.9686061849e+01
1.5837315131e+00 1.4226393629e+00 7.7662268869e+01
1.5971558589e+00 1.4360637088e+00 7.6786800379e+01
1.4293515358e+00 1.3488054608e+00 7.7837460162e+01
1.2447667804e+00 1.2380546075e+00 8.1159200295e+01
1.3924345848e+00 1.3253128555e+00 7.8639482927e+01
1.3790102389e+00 1.3152445961e+00 7.9176670914e+01
1.5736632537e+00 1.4192832765e+00 7.7500509759e+01
1.5736632537e+00 1.4058589306e+00 7.9317986717e+01
1.5870875995e+00 1.4159271900e+00 7.8755928545e+01
1.6474971559e+00 1.4494880546e+00 7.7954079538e+01
1.5401023891e+00 1.3890784983e+00 7.9516645940e+01
1.6374288965e+00 1.4394197952e+00 7.8680468423e+01
1.9159840728e+00 1.5837315131e+00 7.6189158968e+01
1.4696245734e+00 1.3655858931e+00 7.8157643294e+01
1.6676336746e+00 1.4494880546e+00 7.9178014284e+01
1.6642775882e+00 1.4494880546e+00 7.8964909704e+01
1.3823663254e+00 1.3186006826e+00 7.8913336733e+01
1.4931171786e+00 1.3823663254e+00 7.7413866286e+01
1.3387372014e+00 1.2917519909e+00 7.9811691125e+01
1.3823663254e+00 1.3118885097e+00 7.9972263322e+01
1.6944823663e+00 1.4662684869e+00 7.8525611586e+01
1.3722980660e+00 1.3118885097e+00 7.9194363327e+01
1.3387372014e+00 1.2883959044e+00 8.0386252948e+01
1.4360637088e+00 1.3454493743e+00 7.8748842065e+01
1.4092150171e+00 1.3353811149e+00 7.8353871441e+01
1.3488054608e+00 1.3118885097e+00 7.7561844229e+01
1.5870875995e+00 1.4125711035e+00 7.9235483601e+01
1.3790102389e+00 1.3118885097e+00 7.9706610590e+01
1.6944823663e+00 1.4763367463e+00 7.7263979249e+01
1.3588737201e+00 1.3085324232e+00 7.8718973097e+01
1.5669510808e+00 1.4159271900e+00 7.7531820868e+01
1.5736632537e+00 1.4226393629e+00 7.7090142154e+01
1.4192832765e+00 1.3454493743e+00 7.7642892977e+01
1.5065415245e+00 1.3790102389e+00 7.8703648009e+01
1.4729806598e+00 1.3655858931e+00 7.8375205084e+01
1.5098976109e+00 1.3722980660e+00 7.9951150249e+01
1.3924345848e+00 1.3253128555e+00 7.8639482927e+01
1.6240045506e+00 1.4427758817e+00 7.7456568008e+01
1.3588737201e+00 1.2984641638e+00 8.0331244907e+01
1.4629124005e+00 1.3622298066e+00 7.8181986703e+01
1.4427758817e+00 1.3387372014e+00 8.0298408293e+01
1.4092150171e+00 1.3286689420e+00 7.9344063161e+01
1.4159271900e+00 1.3622298066e+00 7.5448082271e+01
1.6374288965e+00 1.4427758817e+00 7.8231075993e+01
1.6340728100e+00 1.4461319681e+00 7.7609057428e+01
1.4662684869e+00 1.3689419795e+00 7.7505434784e+01
1.3924345848e+00 1.3286689420e+00 7.8163147560e+01
1.2917519909e+00 1.2749715586e+00 7.8814598654e+01
1.4864050057e+00 1.3722980660e+00 7.8322239603e+01
1.4729806598e+00 1.3622298066e+00 7.8850858039e+01
1.5266780432e+00 1.4025028441e+00 7.6879768957e+01
1.4998293515e+00 1.3857224118e+00 7.7389603508e+01
1.3555176337e+00 1.3018202503e+00 7.9499660855e+01
1.3555176337e+00 1.3018202503e+00 7.9499660855e+01
1.3957906712e+00 1.3219567691e+00 7.9387792628e+01
1.3555176337e+00 1.2951080774e+00 8.0639573499e+01
1.3857224118e+00 1.3286689420e+00 7.7721511785e+01
1.2346985210e+00 1.2346985210e+00 8.0833783113e+01
1.3857224118e+00 1.3253128555e+00 7.8178963131e+01
1.3085324232e+00 1.2816837315e+00 7.9055826735e+01
1.4729806598e+00 1.3655858931e+00 7.8375205084e+01
1.4058589306e+00 1.3186006826e+00 8.0758279383e+01
1.3488054608e+00 1.2984641638e+00 7.9515322697e+01
1.5568828214e+00 1.3957906712e+00 7.9674226907e+01
1.5501706485e+00 1.4092150171e+00 7.7397926857e+01
1.6340728100e+00 1.4427758817e+00 7.8032926840e+01
1.7616040956e+00 1.4964732651e+00 7.8477160314e+01
1.4461319681e+00 1.3454493743e+00 7.9466024519e+01
1.5166097838e+00 1.3857224118e+00 7.8423280228e+01
1.3353811149e+00 1.3018202503e+00 7.8036632368e+01
1.6340728100e+00 1.4461319681e+00 7.7609057428e+01
1.3924345848e+00 1.3320250284e+00 7.7707177732e+01
1.3722980660e+00 1.3118885097e+00 7.9194363327e+01
1.3655858931e+00 1.3118885097e+00 7.8704661572e+01
1.3286689420e+00 1.2984641638e+00 7.8045089747e+01
1.3655858931e+00 1.3085324232e+00 7.9211232895e+01
1.6609215017e+00 1.4528441411e+00 7.8305660617e+01
1.2749715586e+00 1.2514789534e+00 8.1469927737e+01
1.4998293515e+00 1.3722980660e+00 7.9223766672e+01
1.4360637088e+00 1.3353811149e+00 8.0329471614e+01
1.5166097838e+00 1.3924345848e+00 7.7537388840e+01
1.4259954494e+00 1.3320250284e+00 8.0090171698e+01
1.2346985210e+00 1.2279863481e+00 8.2233497030e+01
1.4092150171e+00 1.3454493743e+00 7.7022870581e+01
1.3253128555e+00 1.3051763367e+00 7.6933530345e+01
1.2414106940e+00 1.2380546075e+00 8.0833130235e+01
1.3924345848e+00 1.3253128555e+00 7.8639482927e+01
1.4931171786e+00 1.3722980660e+00 7.8764249577e+01
1.5300341297e+00 1.3890784983e+00 7.8828982928e+01
1.5568828214e+00 1.4125711035e+00 7.7368630335e+01
1.2548350398e+00 1.2581911263e+00 7.8572101214e+01
1.6340728100e+00 1.4461319681e+00 7.7609057428e+01
1.5535267349e+00 1.4025028441e+00 7.8475090156e+01
1.4327076223e+00 1.3555176337e+00 7.7177419448e+01
1.4964732651e+00 1.3756541524e+00 7.8512531710e+01
1.3823663254e+00 1.3152445961e+00 7.9428385522e+01
1.4025028441e+00 1.3219567691e+00 7.9903474071e+01
1.1373720137e+00 1.1944254835e+00 7.9187422606e+01
1.4494880546e+00 1.3488054608e+00 7.9195278133e+01
1.4293515358e+00 1.3387372014e+00 7.9272856953e+01
1.3655858931e+00 1.3018202503e+00 8.0311022679e+01
1.4528441411e+00 1.3555176337e+00 7.8450163247e+01
1.4864050057e+00 1.3622298066e+00 7.9808460119e+01
1.3286689420e+00 1.2883959044e+00 7.9556875989e+01
1.3924345848e+00 1.3353811149e+00 7.7269372453e+01
1.7045506257e+00 1.4931171786e+00 7.5899680722e+01
1.3622298066e+00 1.3018202503e+00 8.0033418254e+01
1.4763367463e+00 1.3655858931e+00 7.8596770678e+01
1.3488054608e+00 1.3085324232e+00 7.8017259422e+01
1.5870875995e+00 1.4226393629e+00 7.7858722775e+01
1.3152445961e+00 1.2850398180e+00 7.9047313545e+01
1.5434584755e+00 1.3957906712e+00 7.8760298176e+01
1.4394197952e+00 1.3555176337e+00 7.7587711543e+01
1.5065415245e+00 1.4058589306e+00 7.5433607877e+01
1.3722980660e+00 1.3186006826e+00 7.8208358654e+01
1.5132536974e+00 1.3890784983e+00 7.7765904866e+01
1.5468145620e+00 1.3924345848e+00 7.9477833596e+01
1.4259954494e+00 1.3420932878e+00 7.8541194536e+01
1.4595563140e+00 1.3521615472e+00 7.9409244513e+01
1.3387372014e+00 1.2883959044e+00 8.0386252948e+01
1.4964732651e+00 1.3857224118e+00 7.7192499528e+01
1.6307167235e+00 1.4461319681e+00 7.7420993603e+01
1.6374288965e+00 1.4394197952e+00 7.8680468423e+01
1.3387372014e+00 1.2951080774e+00 7.9270178919e+01
1.5468145620e+00 1.4192832765e+00 7.6036698399e+01
1.6105802048e+00 1.4293515358e+00 7.8390052046e+01
1.4897610922e+00 1.3722980660e+00 7.8541184820e+01
1.5367463026e+00 1.3823663254e+00 8.0338633112e+01
1.6072241183e+00 1.4192832765e+00 7.9603571248e+01
1.5535267349e+00 1.4092150171e+00 7.7593136322e+01
1.5535267349e+00 1.3991467577e+00 7.8945335258e+01
1.6542093288e+00 1.4595563140e+00 7.7094439085e+01
1.8656427759e+00 1.5468145620e+00 7.7868941768e+01
1.5199658703e+00 1.3790102389e+00 7.9630110455e+01
1.6038680319e+00 1.4427758817e+00 7.6373978305e+01
1.3924345848e+00 1.3186006826e+00 7.9664690036e+01
1.4629124005e+00 1.3689419795e+00 7.7302966730e+01
1.4226393629e+00 1.3420932878e+00 7.8314885953e+01
1.2682593857e+00 1.2481228669e+00 8.1478806551e+01
1.3488054608e+00 1.3051763367e+00 7.8492790528e+01
1.6441410694e+00 1.4662684869e+00 7.5831511307e+01
1.3186006826e+00 1.2783276451e+00 8.0432380556e+01
1.5031854380e+00 1.3722980660e+00 7.9460803215e+01
1.6072241183e+00 1.4360637088e+00 7.7337803230e+01
1.4461319681e+00 1.3454493743e+00 7.9466024519e+01
1.3823663254e+00 1.3118885097e+00 7.9972263322e+01
1.3387372014e+00 1.3118885097e+00 7.6922272419e+01
1.3588737201e+00 1.3051763367e+00 7.9227264469e+01
1.5501706485e+00 1.3991467577e+00 7.8725233071e+01
1.5098976109e+00 1.3790102389e+00 7.8928211887e+01
1.5468145620e+00 1.4025028441e+00 7.8057043713e+01
1.6877701934e+00 1.4729806598e+00 7.7303490666e+01
1.2481228669e+00 1.2514789534e+00 7.9088081304e+01
1.3722980660e+00 1.3118885097e+00 7.9194363327e+01
1.2246302617e+00 1.2346985210e+00 7.9913706648e+01
1.5300341297e+00 1.3991467577e+00 7.7483048264e+01
1.2514789534e+00 1.2615472127e+00 7.7841107708e+01
1.3790102389e+00 1.3219567691e+00 7.8194037772e+01
1.4830489192e+00 1.3722980660e+00 7.8107186175e+01
1.5837315131e+00 1.4259954494e+00 7.7247089376e+01
1.4729806598e+00 1.3588737201e+00 7.9349863626e+01
1.4763367463e+00 1.3689419795e+00 7.8132705796e+01
1.6609215017e+00 1.4696245734e+00 7.6296959907e+01
1.3118885097e+00 1.2816837315e+00 7.9314739283e+01
1.5635949943e+00 1.3957906712e+00 8.0162035964e+01
1.2246302617e+00 1.2346985210e+00 7.9913706648e+01
1.2850398180e+00 1.2615472127e+00 8.0488153261e+01
1.3555176337e+00 1.2984641638e+00 8.0052025489e+01
1.4662684869e+00 1.3722980660e+00 7.7083606166e+01
1.4360637088e+00 1.3454493743e+00 7.8748842065e+01
1.2447667804e+00 1.2481228669e+00 7.9356776907e+01
1.3555176337e+00 1.3051763367e+00 7.8977173578e+01
1.4092150171e+00 1.3320250284e+00 7.8836923017e+01
1.5300341297e+00 1.3957906712e+00 7.7913227444e+01
1.1977815700e+00 1.2112059158e+00 8.1849137649e+01
1.4864050057e+00 1.3756541524e+00 7.7870929920e+01
1.3521615472e+00 1.3018202503e+00 7.9242442842e+01
1.4528441411e+00 1.3488054608e+00 7.9437967086e+01
1.3857224118e+00 1.3118885097e+00 8.0244957075e+01
1.4931171786e+00 1.3924345848e+00 7.6209300740e+01
1.5602389078e+00 1.4025028441e+00 7.8908327291e+01
1.3756541524e+00 1.3118885097e+00 7.9447466795e+01
1.4629124005e+00 1.3588737201e+00 7.8649978183e+01
1.3890784983e+00 1.3186006826e+00 7.9408488915e+01
1.3320250284e+00 1.2917519909e+00 7.9282706003e+01
1.4864050057e+00 1.3655858931e+00 7.9287999453e+01
1.4293515358e+00 1.3555176337e+00 7.6976921606e+01
1.3722980660e+00 1.3286689420e+00 7.6881104284e+01
1.5166097838e+00 1.3823663254e+00 7.8895658704e+01
1.3756541524e+00 1.3051763367e+00 8.0573742759e+01
1.4864050057e+00 1.3588737201e+00 8.0359338917e+01
1.2716154721e+00 1.2649032992e+00 7.8825164190e+01
1.6407849829e+00 1.4360637088e+00 7.9370140313e+01
1.4125711035e+00 1.3420932878e+00 7.7659982860e+01
1.4696245734e+00 1.3790102389e+00 7.6469443033e+01
1.4964732651e+00 1.3689419795e+00 7.9494802758e+01
1.5333902162e+00 1.3924345848e+00 7.8576031214e+01
1.8421501706e+00 1.5468145620e+00 7.6699586281e+01
1.3991467577e+00 1.3320250284e+00 7.8146603822e+01
1.4159271900e+00 1.3387372014e+00 7.8334725691e+01
1.5904436860e+00 1.4327076223e+00 7.6816893146e+01
1.4562002275e+00 1.3588737201e+00 7.8205723931e+01
1.3588737201e+00 1.3118885097e+00 7.8234687536e+01
1.6474971559e+00 1.4595563140e+00 7.6739745852e+01
1.5333902162e+00 1.3924345848e+00 7.8576031214e+01
1.5635949943e+00 1.3991467577e+00 7.9632750451e+01
1.6307167235e+00 1.4293515358e+00 7.9692368494e+01
1.5736632537e+00 1.4192832765e+00 7.7500509759e+01
1.5535267349e+00 1.3957906712e+00 7.9438548429e+01
1.5199658703e+00 1.4125711035e+00 7.5396272611e+01
1.4662684869e+00 1.3689419795e+00 7.7505434784e+01
1.6609215017e+00 1.4528441411e+00 7.8305660617e+01
1.5568828214e+00 1.3957906712e+00 7.9674226907e+01
1.4595563140e+00 1.3655858931e+00 7.7526902526e+01
1.3991467577e+00 1.3286689420e+00 7.8621274380e+01
1.3320250284e+00 1.2883959044e+00 7.9826013277e+01
1.2917519909e+00 1.2716154721e+00 7.9338128329e+01
1.4226393629e+00 1.3420932878e+00 7.8314885953e+01
1.4327076223e+00 1.3353811149e+00 8.0061645986e+01
1.3219567691e+00 1.2951080774e+00 7.8052710813e+01
1.5300341297e+00 1.3991467577e+00 7.7483048264e+01
1.4998293515e+00 1.3722980660e+00 7.9223766672e+01
1.4259954494e+00 1.3454493743e+00 7.8073399870e+01
1.7918088737e+00 1.5401023891e+00 7.5109259159e+01
1.6172923777e+00 1.4360637088e+00 7.7912822771e+01
1.5703071672e+00 1.4125711035e+00 7.8163216220e+01
1.4360637088e+00 1.3521615472e+00 7.7817958952e+01
1.4830489192e+00 1.3722980660e+00 7.8107186175e+01
1.4327076223e+00 1.3320250284e+00 8.0636999602e+01
1.4494880546e+00 1.3588737201e+00 7.7777051594e+01
1.5635949943e+00 1.4092150171e+00 7.8197346124e+01
1.2749715586e+00 1.2615472127e+00 7.9625025561e+01
1.3521615472e+00 1.2984641638e+00 7.9780244346e+01
1.4595563140e+00 1.3521615472e+00 7.9409244513e+01
1.6240045506e+00 1.4528441411e+00 7.6285100664e+01
1.5870875995e+00 1.4125711035e+00 7.9235483601e+01
1.6709897611e+00 1.4629124005e+00 7.7605155603e+01
1.7683162685e+00 1.4998293515e+00 7.8425800265e+01
1.4595563140e+00 1.3521615472e+00 7.9409244513e+01
1.4394197952e+00 1.3488054608e+00 7.8496995076e+01
1.4964732651e+00 1.3756541524e+00 7.8512531710e+01
1.4763367463e+00 1.3655858931e+00 7.8596770678e+01
1.6642775882e+00 1.4729806598e+00 7.6097982297e+01
1.5937997725e+00 1.4226393629e+00 7.8261111382e+01
1.4461319681e+00 1.3521615472e+00 7.8473901711e+01
1.5166097838e+00 1.3790102389e+00 7.9391134947e+01
1.4360637088e+00 1.3521615472e+00 7.7817958952e+01
1.2984641638e+00 1.2716154721e+00 7.9882938015e+01
1.1910693970e+00 1.2112059158e+00 8.1136625601e+01
1.6307167235e+00 1.4394197952e+00 7.8271335948e+01
1.3689419795e+00 1.3085324232e+00 7.9465716996e+01
1.4796928328e+00 1.3756541524e+00 7.7460768388e+01
1.5367463026e+00 1.3991467577e+00 7.7883465976e+01
1.5468145620e+00 1.3991467577e+00 7.8509211467e+01
1.4729806598e+00 1.3655858931e+00 7.8375205084e+01
1.4226393629e+00 1.3488054608e+00 7.7416270071e+01
1.5434584755e+00 1.4058589306e+00 7.7426768615e+01
1.3521615472e+00 1.2883959044e+00 8.1615528649e+01
1.4696245734e+00 1.3622298066e+00 7.8623678138e+01
1.4192832765e+00 1.3454493743e+00 7.7642892977e+01
1.2850398180e+00 1.2649032992e+00 7.9898540694e+01
1.3790102389e+00 1.3253128555e+00 7.7735127226e+01
1.4427758817e+00 1.3488054608e+00 7.8725103092e+01
1.7213310580e+00 1.4931171786e+00 7.6720410921e+01
1.3018202503e+00 1.2682593857e+00 8.0771274052e+01
1.4528441411e+00 1.3488054608e+00 7.9437967086e+01
1.4528441411e+00 1.3488054608e+00 7.9437967086e+01
1.3588737201e+00 1.3186006826e+00 7.7327204630e+01
1.3018202503e+00 1.2749715586e+00 7.9599006061e+01
1.5501706485e+00 1.4025028441e+00 7.8264271045e+01
1.3722980660e+00 1.3051763367e+00 8.0289888328e+01
1.2112059158e+00 1.2313424346e+00 7.9337071374e+01
1.4528441411e+00 1.3588737201e+00 7.7989545840e+01
1.5132536974e+00 1.3924345848e+00 7.7339506860e+01
1.4763367463e+00 1.3722980660e+00 7.7687941731e+01
1.4964732651e+00 1.3890784983e+00 7.6785076532e+01
1.7381114903e+00 1.4897610922e+00 7.8005411515e+01
1.4226393629e+00 1.3454493743e+00 7.7856310676e+01
1.3320250284e+00 1.2984641638e+00 7.8277729792e+01
1.4662684869e+00 1.3689419795e+00 7.7505434784e+01
1.3924345848e+00 1.3186006826e+00 7.9664690036e+01
1.2447667804e+00 1.2514789534e+00 7.8825127493e+01
1.4025028441e+00 1.3420932878e+00 7.7036899379e+01
1.6105802048e+00 1.4494880546e+00 7.5975752198e+01
1.6172923777e+00 1.4360637088e+00 7.7912822771e+01
1.4528441411e+00 1.3555176337e+00 7.8450163247e+01
1.5367463026e+00 1.3890784983e+00 7.9282668377e+01
1.5535267349e+00 1.4125711035e+00 7.7177379395e+01
1.4125711035e+00 1.3320250284e+00 7.9076391335e+01
1.2615472127e+00 1.2481228669e+00 8.0823482470e+01
1.5065415245e+00 1.3756541524e+00 7.9190797064e+01
1.6105802048e+00 1.4259954494e+00 7.8849591148e+01
1.3924345848e+00 1.3186006826e+00 7.9664690036e+01
1.3924345848e+00 1.3253128555e+00 7.8639482927e+01
1.4427758817e+00 1.3488054608e+00 7.8725103092e+01
1.1675767918e+00 1.2078498294e+00 7.9548159230e+01
1.2716154721e+00 1.2615472127e+00 7.9352460501e+01
1.3689419795e+00 1.3186006826e+00 7.7982244160e+01
1.4494880546e+00 1.3622298066e+00 7.7343169027e+01
1.2850398180e+00 1.2615472127e+00 8.0488153261e+01
1.4461319681e+00 1.3588737201e+00 7.7568052062e+01
1.4629124005e+00 1.3622298066e+00 7.8181986703e+01
1.3991467577e+00 1.3186006826e+00 8.0196597774e+01
1.4528441411e+00 1.3588737201e+00 7.7989545840e+01
1.6307167235e+00 1.4394197952e+00 7.8271335948e+01
1.5770193402e+00 1.4125711035e+00 7.8580430501e+01
1.6609215017e+00 1.4696245734e+00 7.6296959907e+01
1.3991467577e+00 1.3286689420e+00 7.8621274380e+01
1.5837315131e+00 1.4259954494e+00 7.7247089376e+01
1.6340728100e+00 1.4259954494e+00 8.0462281597e+01
1.6072241183e+00 1.4192832765e+00 7.9603571248e+01
1.4964732651e+00 1.3622298066e+00 8.0588542078e+01
1.7347554039e+00 1.4897610922e+00 7.7819864463e+01
1.4595563140e+00 1.3555176337e+00 7.8905581221e+01
1.4729806598e+00 1.3722980660e+00 7.7483386436e+01
1.5266780432e+00 1.3924345848e+00 7.8150044634e+01
1.5904436860e+00 1.4125711035e+00 7.9462595442e+01
1.3018202503e+00 1.2716154721e+00 8.0166343545e+01
1.4461319681e+00 1.3689419795e+00 7.6333714523e+01
1.3890784983e+00 1.3219567691e+00 7.8895376479e+01
1.2212741752e+00 1.2380546075e+00 7.9075034431e+01
1.5333902162e+00 1.3924345848e+00 7.8576031214e+01
1.5602389078e+00 1.4125711035e+00 7.7562699660e+01
1.4360637088e+00 1.3521615472e+00 7.7817958952e+01
1.2716154721e+00 1.2615472127e+00 7.9352460501e+01
1.5132536974e+00 1.3790102389e+00 7.9157276930e+01
1.4494880546e+00 1.3454493743e+00 7.9715856859e+01
1.3722980660e+00 1.3051763367e+00 8.0289888328e+01
1.5367463026e+00 1.4025028441e+00 7.7455145748e+01
1.3320250284e+00 1.2883959044e+00 7.9826013277e+01
1.6072241183e+00 1.4394197952e+00 7.6936470030e+01
1.4696245734e+00 1.3622298066e+00 7.8623678138e+01
1.4259954494e+00 1.3387372014e+00 7.9031041049e+01
1.7213310580e+00 1.4830489192e+00 7.7910317605e+01
1.6877701934e+00 1.4662684869e+00 7.8132500576e+01
1.3722980660e+00 1.3152445961e+00 7.8689542878e+01
1.7817406143e+00 1.5199658703e+00 7.6728652985e+01
1.4461319681e+00 1.3488054608e+00 7.8957765940e+01
1.5434584755e+00 1.4058589306e+00 7.7426768615e+01
1.4864050057e+00 1.3722980660e+00 7.8322239603e+01
1.1843572241e+00 1.2212741752e+00 7.8761785112e+01
1.7985210466e+00 1.5199658703e+00 7.7577734384e+01
1.3857224118e+00 1.3152445961e+00 7.9686061849e+01
1.2514789534e+00 1.2447667804e+00 8.0515536696e+01
1.5098976109e+00 1.3924345848e+00 7.7144547053e+01
1.3521615472e+00 1.3152445961e+00 7.7336585691e+01
1.2179180887e+00 1.2380546075e+00 7.8808143708e+01
1.3085324232e+00 1.2850398180e+00 7.8548799109e+01
1.5669510808e+00 1.4025028441e+00 7.9358612156e+01
1.2246302617e+00 1.2346985210e+00 7.9913706648e+01
1.3924345848e+00 1.3420932878e+00 7.6441241977e+01
1.7246871445e+00 1.4897610922e+00 7.7278842266e+01
1.3823663254e+00 1.3152445961e+00 7.9428385522e+01
1.6172923777e+00 1.4259954494e+00 7.9286240633e+01
1.5501706485e+00 1.4058589306e+00 7.7822512496e+01
1.4192832765e+00 1.3521615472e+00 7.6794323199e+01
1.3622298066e+00 1.3085324232e+00 7.8962443963e+01
1.4025028441e+00 1.3186006826e+00 8.0473394069e+01
1.3521615472e+00 1.3051763367e+00 7.8732463457e+01
1.5602389078e+00 1.4092150171e+00 7.7992691113e+01
1.5065415245e+00 1.3857224118e+00 7.7792960433e+01
1.3488054608e+00 1.2984641638e+00 7.9515322697e+01
1.3991467577e+00 1.3286689420e+00 7.8621274380e+01
1.7280432309e+00 1.5098976109e+00 7.5268462337e+01
1.4259954494e+00 1.3387372014e+00 7.9031041049e+01
1.3924345848e+00 1.3219567691e+00 7.9138877814e+01
1.6206484642e+00 1.4125711035e+00 8.1776272001e+01
1.3588737201e+00 1.3051763367e+00 7.9227264469e+01
1.3857224118e+00 1.3186006826e+00 7.9158170740e+01
1.6474971559e+00 1.4461319681e+00 7.8390524904e+01
1.2951080774e+00 1.2682593857e+00 8.0176050170e+01
1.7347554039e+00 1.5132536974e+00 7.5235705339e+01
1.4259954494e+00 1.3420932878e+00 7.8541194536e+01
1.4696245734e+00 1.3588737201e+00 7.9111723553e+01
1.4897610922e+00 1.3689419795e+00 7.9022577752e+01
1.2011376564e+00 1.2212741752e+00 8.0191034612e+01
1.1675767918e+00 1.2078498294e+00 7.9548159230e+01
1.2917519909e+00 1.2816837315e+00 7.7841217718e+01
1.4058589306e+00 1.3387372014e+00 7.7676401440e+01
1.5132536974e+00 1.3823663254e+00 7.8672526870e+01
1.5568828214e+00 1.4058589306e+00 7.8231034671e+01
1.4025028441e+00 1.3387372014e+00 7.7464356839e+01
1.4058589306e+00 1.3353811149e+00 7.8129344608e+01
1.4259954494e+00 1.3454493743e+00 7.8073399870e+01
1.6340728100e+00 1.4427758817e+00 7.8032926840e+01
1.3924345848e+00 1.3320250284e+00 7.7707177732e+01
1.4897610922e+00 1.3689419795e+00 7.9022577752e+01
1.2078498294e+00 1.2279863481e+00 7.9612998956e+01
1.4864050057e+00 1.3722980660e+00 7.8322239603e+01
1.3655858931e+00 1.3118885097e+00 7.8704661572e+01
1.6609215017e+00 1.4629124005e+00 7.7058338051e+01
1.4293515358e+00 1.3488054608e+00 7.7837460162e+01
1.2447667804e+00 1.2414106940e+00 8.0517407236e+01
1.3253128555e+00 1.2783276451e+00 8.1036771731e+01
1.7481797497e+00 1.5031854380e+00 7.6938903858e+01
1.5870875995e+00 1.4159271900e+00 7.8755928545e+01
1.3555176337e+00 1.3219567691e+00 7.6695783228e+01
1.5266780432e+00 1.4025028441e+00 7.6879768957e+01
1.4595563140e+00 1.3722980660e+00 7.6695334013e+01
1.3890784983e+00 1.3186006826e+00 7.9408488915e+01
1.5468145620e+00 1.4025028441e+00 7.8057043713e+01
1.3722980660e+00 1.3051763367e+00 8.0289888328e+01
1.5736632537e+00 1.4092150171e+00 7.8832977911e+01
1.4595563140e+00 1.3555176337e+00 7.8905581221e+01
1.4394197952e+00 1.3555176337e+00 7.7587711543e+01
1.5401023891e+00 1.4025028441e+00 7.7652643321e+01
1.5367463026e+00 1.4025028441e+00 7.7455145748e+01
1.5367463026e+00 1.3790102389e+00 8.0916187881e+01
1.6911262799e+00 1.4897610922e+00 7.5615836098e+01
1.3051763367e+00 1.2850398180e+00 7.8307253142e+01
1.3253128555e+00 1.2883959044e+00 7.9294318663e+01
1.2615472127e+00 1.2581911263e+00 7.9088086042e+01
1.4796928328e+00 1.3622298066e+00 7.9319234713e+01
1.4662684869e+00 1.3655858931e+00 7.7943868320e+01
1.2078498294e+00 1.2246302617e+00 8.0197953283e+01
1.4763367463e+00 1.3588737201e+00 7.9593290194e+01
1.2346985210e+00 1.2380546075e+00 8.0212852901e+01
1.3823663254e+00 1.3186006826e+00 7.8913336733e+01
1.3085324232e+00 1.2951080774e+00 7.7158847091e+01
1.4629124005e+00 1.3655858931e+00 7.7733681945e+01
1.5535267349e+00 1.3957906712e+00 7.9438548429e+01
1.7112627986e+00 1.4864050057e+00 7.6969533575e+01
1.2581911263e+00 1.2514789534e+00 7.9916726654e+01
1.4562002275e+00 1.3689419795e+00 7.6907037312e+01
1.4259954494e+00 1.3353811149e+00 7.9546053824e+01
1.2346985210e+00 1.2615472127e+00 7.6707923560e+01
1.5098976109e+00 1.3790102389e+00 7.8928211887e+01
1.4897610922e+00 1.3790102389e+00 7.7639920971e+01
1.3790102389e+00 1.2984641638e+00 8.2208928970e+01
1.4159271900e+00 1.3253128555e+00 8.0418177237e+01
1.6172923777e+00 1.4461319681e+00 7.6694229090e+01
1.2179180887e+00 1.2447667804e+00 7.7814648303e+01
1.1440841866e+00 1.1843572241e+00 8.1747642284e+01
1.5300341297e+00 1.3957906712e+00 7.7913227444e+01
1.2179180887e+00 1.2313424346e+00 7.9909510878e+01
1.4897610922e+00 1.3756541524e+00 7.8081096272e+01
1.3991467577e+00 1.3186006826e+00 8.0196597774e+01
1.5266780432e+00 1.3991467577e+00 7.7287383907e+01
1.4629124005e+00 1.3521615472e+00 7.9655874271e+01
1.4595563140e+00 1.3655858931e+00 7.7526902526e+01
1.3588737201e+00 1.3118885097e+00 7.8234687536e+01
1.2414106940e+00 1.2414106940e+00 8.0213462557e+01
1.4729806598e+00 1.3655858931e+00 7.8375205084e+01
1.4327076223e+00 1.3420932878e+00 7.9007301685e+01
1.3152445961e+00 1.2951080774e+00 7.7598040877e+01
1.4562002275e+00 1.3488054608e+00 7.9686198513e+01
1.3555176337e+00 1.3118885097e+00 7.8006369171e+01
1.5971558589e+00 1.4226393629e+00 7.8467377281e+01
1.5468145620e+00 1.4025028441e+00 7.8057043713e+01
1.3722980660e+00 1.3152445961e+00 7.8689542878e+01
1.4259954494e+00 1.3286689420e+00 8.0668501712e+01
1.4595563140e+00 1.3689419795e+00 7.7103547413e+01
1.6474971559e+00 1.4562002275e+00 7.7130222835e+01
1.5367463026e+00 1.3890784983e+00 7.9282668377e+01
1.5568828214e+00 1.3957906712e+00 7.9674226907e+01
1.3823663254e+00 1.3118885097e+00 7.9972263322e+01
1.3555176337e+00 1.3051763367e+00 7.8977173578e+01
1.4629124005e+00 1.3790102389e+00 7.6100225696e+01
1.2984641638e+00 1.2682593857e+00 8.0469122125e+01
1.5837315131e+00 1.4293515358e+00 7.6846589663e+01
1.4192832765e+00 1.3253128555e+00 8.0699228738e+01
1.5904436860e+00 1.4226393629e+00 7.8058284054e+01
1.6542093288e+00 1.4662684869e+00 7.6329592674e+01
1.7112627986e+00 1.4864050057e+00 7.6969533575e+01
1.3085324232e+00 1.2816837315e+00 7.9055826735e+01
1.4729806598e+00 1.3689419795e+00 7.7920133510e+01
1.4528441411e+00 1.3488054608e+00 7.9437967086e+01
1.3991467577e+00 1.3353811149e+00 7.7692136995e+01
1.3320250284e+00 1.2816837315e+00 8.1019022964e+01
1.3957906712e+00 1.3253128555e+00 7.8876644611e+01
1.4494880546e+00 1.3488054608e+00 7.9195278133e+01
1.5367463026e+00 1.3957906712e+00 7.8329343184e+01
1.5703071672e+00 1.4226393629e+00 7.6904759316e+01
1.3722980660e+00 1.3118885097e+00 7.9194363327e+01
1.3186006826e+00 1.2816837315e+00 7.9851770899e+01
1.3219567691e+00 1.2816837315e+00 8.0130935788e+01
1.5367463026e+00 1.4125711035e+00 7.6259335415e+01
1.4595563140e+00 1.3588737201e+00 7.8425792529e+01
1.4226393629e+00 1.3420932878e+00 7.8314885953e+01
1.4864050057e+00 1.3722980660e+00 7.8322239603e+01
1.4092150171e+00 1.3286689420e+00 7.9344063161e+01
1.6642775882e+00 1.4729806598e+00 7.6097982297e+01
1.4259954494e+00 1.3387372014e+00 7.9031041049e+01
1.6340728100e+00 1.4427758817e+00 7.8032926840e+01
1.2649032992e+00 1.2615472127e+00 7.8826696057e+01
1.3118885097e+00 1.2850398180e+00 7.8795372618e+01
1.5266780432e+00 1.3790102389e+00 8.0124908963e+01
1.4192832765e+00 1.3521615472e+00 7.6794323199e+01
1.6273606371e+00 1.4360637088e+00 7.8515471183e+01
1.4494880546e+00 1.3454493743e+00 7.9715856859e+01
1.6542093288e+00 1.4461319681e+00 7.8800936781e+01
1.3689419795e+00 1.3018202503e+00 8.0596616972e+01
1.4461319681e+00 1.3488054608e+00 7.8957765940e+01
1.2581911263e+00 1.2581911263e+00 7.8827209751e+01
1.5501706485e+00 1.3991467577e+00 7.8725233071e+01
1.5803754266e+00 1.4058589306e+00 7.9784058880e+01
1.6374288965e+00 1.4595563140e+00 7.6224065046e+01
1.2481228669e+00 1.2481228669e+00 7.9633920454e+01
1.4595563140e+00 1.3555176337e+00 7.8905581221e+01
1.6474971559e+00 1.4461319681e+00 7.8390524904e+01
1.4528441411e+00 1.3555176337e+00 7.8450163247e+01
1.3286689420e+00 1.2850398180e+00 8.0117096192e+01
1.4763367463e+00 1.3655858931e+00 7.8596770678e+01
1.4998293515e+00 1.3722980660e+00 7.9223766672e+01
1.3186006826e+00 1.2984641638e+00 7.7371934337e+01
1.4763367463e+00 1.3689419795e+00 7.8132705796e+01
1.3756541524e+00 1.3253128555e+00 7.7518906256e+01
1.2179180887e+00 1.2279863481e+00 8.0512286719e+01
1.4192832765e+00 1.3286689420e+00 8.0117947223e+01
1.4528441411e+00 1.3521615472e+00 7.8931997742e+01
1.3756541524e+00 1.3051763367e+00 8.0573742759e+01
1.3286689420e+00 1.2883959044e+00 7.9556875989e+01
1.3924345848e+00 1.3219567691e+00 7.9138877814e+01
1.6005119454e+00 1.4360637088e+00 7.6967990538e+01
1.5401023891e+00 1.3857224118e+00 8.0042486073e+01
1.4864050057e+00 1.3622298066e+00 7.9808460119e+01
1.4259954494e+00 1.3387372014e+00 7.9031041049e+01
1.3622298066e+00 1.3118885097e+00 7.8467361843e+01
1.4562002275e+00 1.3689419795e+00 7.6907037312e+01
1.3521615472e+00 1.2984641638e+00 7.9780244346e+01
1.4327076223e+00 1.3488054608e+00 7.8053404088e+01
1.5434584755e+00 1.4025028441e+00 7.7853224124e+01
1.4092150171e+00 1.3353811149e+00 7.8353871441e+01
1.3991467577e+00 1.3320250284e+00 7.8146603822e+01
1.5199658703e+00 1.3890784983e+00 7.8180060208e+01
1.4427758817e+00 1.3521615472e+00 7.8251330886e+01
1.2917519909e+00 1.2682593857e+00 7.9891268041e+01
1.1440841866e+00 1.1843572241e+00 8.1747642284e+01
1.5333902162e+00 1.3991467577e+00 7.7681693350e+01
1.4259954494e+00 1.3320250284e+00 8.0090171698e+01
1.4058589306e+00 1.3320250284e+00 7.8602327729e+01
1.5266780432e+00 1.4025028441e+00 7.6879768957e+01
1.4998293515e+00 1.3722980660e+00 7.9223766672e+01
1.6005119454e+00 1.4259954494e+00 7.8224007383e+01
1.3655858931e+00 1.3152445961e+00 7.8221912890e+01
1.3219567691e+00 1.2816837315e+00 8.0130935788e+01
1.3051763367e+00 1.2816837315e+00 7.8802720104e+01
1.4562002275e+00 1.3689419795e+00 7.6907037312e+01
1.6542093288e+00 1.4629124005e+00 7.6705767293e+01
1.4830489192e+00 1.3622298066e+00 7.9561060914e+01
1.5870875995e+00 1.4125711035e+00 7.9235483601e+01
1.3420932878e+00 1.3051763367e+00 7.8027351369e+01
1.4327076223e+00 1.3488054608e+00 7.8053404088e+01
1.6072241183e+00 1.4259954494e+00 7.8637364501e+01
1.5971558589e+00 1.4394197952e+00 7.6402859596e+01
1.6575654152e+00 1.4662684869e+00 7.6499499459e+01
1.5166097838e+00 1.3823663254e+00 7.8895658704e+01
1.4998293515e+00 1.3790102389e+00 7.8266994175e+01
1.4696245734e+00 1.3588737201e+00 7.9111723553e+01
1.4494880546e+00 1.3521615472e+00 7.8700703870e+01
1.4528441411e+00 1.3521615472e+00 7.8931997742e+01
1.4293515358e+00 1.3454493743e+00 7.8294365083e+01
1.3286689420e+00 1.2883959044e+00 7.9556875989e+01
1.3387372014e+00 1.3085324232e+00 7.7353071050e+01
1.2514789534e+00 1.2581911263e+00 7.8322382075e+01
1.4394197952e+00 1.3521615472e+00 7.8032755060e+01
1.4360637088e+00 1.3420932878e+00 7.9247685577e+01
1.6072241183e+00 1.4293515358e+00 7.8186519489e+01
1.6508532423e+00 1.4461319681e+00 7.8593946275e+01
1.6609215017e+00 1.4494880546e+00 7.8755719691e+01
1.4763367463e+00 1.3555176337e+00 8.0132679622e+01
1.3521615472e+00 1.3018202503e+00 7.9242442842e+01
1.5098976109e+00 1.3890784983e+00 7.7563806286e+01
1.1575085324e+00 1.1944254835e+00 8.1075217569e+01
1.4360637088e+00 1.3555176337e+00 7.7380966020e+01
1.3555176337e+00 1.3118885097e+00 7.8006369171e+01
1.2414106940e+00 1.2581911263e+00 7.7602335855e+01
1.2380546075e+00 1.2615472127e+00 7.6927027158e+01
1.4931171786e+00 1.3823663254e+00 7.7413866286e+01
1.3186006826e+00 1.2749715586e+00 8.1053436519e+01
1.6206484642e+00 1.4360637088e+00 7.8110431941e+01
1.5971558589e+00 1.4259954494e+00 7.8022493581e+01
1.3286689420e+00 1.2883959044e+00 7.9556875989e+01
1.5501706485e+00 1.3991467577e+00 7.8725233071e+01
1.6911262799e+00 1.4595563140e+00 7.9243352089e+01
1.3320250284e+00 1.2917519909e+00 7.9282706003e+01
1.3588737201e+00 1.3018202503e+00 7.9763153335e+01
1.5501706485e+00 1.4058589306e+00 7.7822512496e+01
1.2816837315e+00 1.2649032992e+00 7.9620086822e+01
1.5065415245e+00 1.3689419795e+00 8.0244649729e+01
1.4394197952e+00 1.3387372014e+00 8.0032387315e+01
1.4226393629e+00 1.3387372014e+00 7.8794285012e+01
1.4595563140e+00 1.3722980660e+00 7.6695334013e+01
1.3454493743e+00 1.3018202503e+00 7.8745118609e+01
1.6676336746e+00 1.4528441411e+00 7.8710222208e+01
1.3051763367e+00 1.2749715586e+00 7.9873567309e+01
1.4830489192e+00 1.3689419795e+00 7.8569268666e+01
1.2816837315e+00 1.2581911263e+00 8.0802691733e+01
1.3756541524e+00 1.3085324232e+00 7.9993519675e+01
1.6307167235e+00 1.4461319681e+00 7.7420993603e+01
1.5401023891e+00 1.3991467577e+00 7.8088525287e+01
1.4327076223e+00 1.3454493743e+00 7.8519430377e+01
1.1541524460e+00 1.1944254835e+00 8.0734502064e+01
1.3655858931e+00 1.3118885097e+00 7.8704661572e+01
1.5937997725e+00 1.4394197952e+00 7.6229373582e+01
1.7011945392e+00 1.4729806598e+00 7.8044342903e+01
1.4394197952e+00 1.3521615472e+00 7.8032755060e+01
1.3320250284e+00 1.2951080774e+00 7.8767866946e+01
1.4763367463e+00 1.3756541524e+00 7.7260445308e+01
1.3488054608e+00 1.2984641638e+00 7.9515322697e+01
1.4931171786e+00 1.3722980660e+00 7.8764249577e+01
1.3420932878e+00 1.3118885097e+00 7.7132078171e+01
1.6273606371e+00 1.4595563140e+00 7.5726126159e+01
1.3387372014e+00 1.2883959044e+00 8.0386252948e+01
1.5937997725e+00 1.4192832765e+00 7.8716794832e+01
1.6709897611e+00 1.4562002275e+00 7.8461931556e+01
1.4360637088e+00 1.3420932878e+00 7.9247685577e+01
1.3555176337e+00 1.3085324232e+00 7.8480482802e+01
1.4729806598e+00 1.3622298066e+00 7.8850858039e+01
1.5367463026e+00 1.4025028441e+00 7.7455145748e+01
1.4830489192e+00 1.3823663254e+00 7.6827907662e+01
1.2514789534e+00 1.2481228669e+00 7.9918465164e+01
1.3555176337e+00 1.3118885097e+00 7.8006369171e+01
1.3991467577e+00 1.3286689420e+00 7.8621274380e+01
1.3387372014e+00 1.3018202503e+00 7.8268203814e+01
1.6005119454e+00 1.4394197952e+00 7.6578479999e+01
1.3219567691e+00 1.2749715586e+00 8.1372997247e+01
1.5300341297e+00 1.3890784983e+00 7.8828982928e+01
1.4595563140e+00 1.3622298066e+00 7.7967009677e+01
1.5098976109e+00 1.3790102389e+00 7.8928211887e+01
1.1205915813e+00 1.1776450512e+00 8.0630900452e+01
1.3622298066e+00 1.3051763367e+00 7.9483120309e+01
1.4226393629e+00 1.3387372014e+00 7.8794285012e+01
1.8018771331e+00 1.5132536974e+00 7.8596481858e+01
1.4360637088e+00 1.3689419795e+00 7.5782427333e+01
1.5199658703e+00 1.3957906712e+00 7.7313693593e+01
1.6206484642e+00 1.4293515358e+00 7.9022475500e+01
1.4629124005e+00 1.3588737201e+00 7.8649978183e+01
1.5803754266e+00 1.4159271900e+00 7.8334126729e+01
1.4058589306e+00 1.3353811149e+00 7.8129344608e+01
1.3756541524e+00 1.3018202503e+00 8.1194907713e+01
1.3253128555e+00 1.2850398180e+00 7.9839378819e+01
1.5837315131e+00 1.4226393629e+00 7.7662268869e+01
1.3253128555e+00 1.2850398180e+00 7.9839378819e+01
1.6307167235e+00 1.4528441411e+00 7.6630686519e+01
1.5535267349e+00 1.4159271900e+00 7.6776286122e+01
1.2414106940e+00 1.2414106940e+00 8.0213462557e+01
1.1944254835e+00 1.2179180887e+00 8.0182807960e+01
1.7582480091e+00 1.5065415245e+00 7.7067173935e+01
1.4830489192e+00 1.3588737201e+00 8.0097571749e+01
1.3622298066e+00 1.3085324232e+00 7.8962443963e+01
1.5736632537e+00 1.4125711035e+00 7.8370017151e+01
1.6206484642e+00 1.4327076223e+00 7.8556454824e+01
1.2112059158e+00 1.2279863481e+00 7.9904082149e+01
1.4058589306e+00 1.3219567691e+00 8.0171177918e+01
1.3655858931e+00 1.3051763367e+00 7.9745172921e+01
1.3186006826e+00 1.2749715586e+00 8.1053436519e+01
1.4125711035e+00 1.3420932878e+00 7.7659982860e+01
1.6777019340e+00 1.4629124005e+00 7.7982948222e+01
1.5300341297e+00 1.3823663254e+00 7.9835483906e+01
1.5266780432e+00 1.3924345848e+00 7.8150044634e+01
1.3387372014e+00 1.2883959044e+00 8.0386252948e+01
1.4897610922e+00 1.3622298066e+00 8.0061848799e+01
1.4629124005e+00 1.3722980660e+00 7.6888096287e+01
1.4092150171e+00 1.3320250284e+00 7.8836923017e+01
1.5703071672e+00 1.4058589306e+00 7.9092207382e+01
1.3722980660e+00 1.3118885097e+00 7.9194363327e+01
1.5065415245e+00 1.3722980660e+00 7.9703136585e+01
1.4796928328e+00 1.3622298066e+00 7.9319234713e+01
1.4159271900e+00 1.3420932878e+00 7.7874498591e+01
1.4427758817e+00 1.3521615472e+00 7.8251330886e+01
1.4998293515e+00 1.3722980660e+00 7.9223766672e+01
1.4192832765e+00 1.3353811149e+00 7.9054075736e+01
1.3420932878e+00 1.2883959044e+00 8.0678676165e+01
1.4327076223e+00 1.3353811149e+00 8.0061645986e+01
1.5266780432e+00 1.3991467577e+00 7.7287383907e+01
1.1877133106e+00 1.2112059158e+00 8.0800659287e+01
1.3756541524e+00 1.3253128555e+00 7.7518906256e+01
1.3387372014e+00 1.2951080774e+00 7.9270178919e+01
1.3622298066e+00 1.2883959044e+00 8.2668788514e+01
1.5401023891e+00 1.3957906712e+00 7.8542862357e+01
1.5870875995e+00 1.4259954494e+00 7.7436629149e+01
1.3320250284e+00 1.2917519909e+00 7.9282706003e+01
1.4595563140e+00 1.3622298066e+00 7.7967009677e+01
1.4226393629e+00 1.3420932878e+00 7.8314885953e+01
1.4259954494e+00 1.3353811149e+00 7.9546053824e+01
1.5501706485e+00 1.4025028441e+00 7.8264271045e+01
1.4964732651e+00 1.3722980660e+00 7.8991684544e+01
1.5635949943e+00 1.4025028441e+00 7.9131208098e+01
1.2145620023e+00 1.2246302617e+00 8.0827801179e+01
1.4696245734e+00 1.3555176337e+00 7.9624899706e+01
1.3790102389e+00 1.3118885097e+00 7.9706610590e+01
1.4360637088e+00 1.3488054608e+00 7.8273175841e+01
1.6273606371e+00 1.4595563140e+00 7.5726126159e+01
1.5468145620e+00 1.4025028441e+00 7.8057043713e+01
1.4058589306e+00 1.3286689420e+00 7.9097973323e+01
1.4125711035e+00 1.3320250284e+00 7.9076391335e+01
1.3991467577e+00 1.3152445961e+00 8.0786563393e+01
1.5300341297e+00 1.3991467577e+00 7.7483048264e+01
1.3488054608e+00 1.3051763367e+00 7.8492790528e+01
1.4058589306e+00 1.3286689420e+00 7.9097973323e+01
1.3152445961e+00 1.2917519909e+00 7.8059482859e+01
1.2581911263e+00 1.2514789534e+00 7.9916726654e+01
1.4629124005e+00 1.3655858931e+00 7.7733681945e+01
1.4964732651e+00 1.3756541524e+00 7.8512531710e+01
1.2749715586e+00 1.2581911263e+00 8.0198636115e+01
1.3588737201e+00 1.2984641638e+00 8.0331244907e+01
1.5233219568e+00 1.3823663254e+00 7.9355494278e+01
1.3857224118e+00 1.3152445961e+00 7.9686061849e+01
1.5065415245e+00 1.3722980660e+00 7.9703136585e+01
1.5770193402e+00 1.4192832765e+00 7.7695175323e+01
1.4528441411e+00 1.3622298066e+00 7.7547778655e+01
1.4461319681e+00 1.3588737201e+00 7.7568052062e+01
1.4696245734e+00 1.3622298066e+00 7.8623678138e+01
1.4427758817e+00 1.3622298066e+00 7.6943175967e+01
1.2615472127e+00 1.2481228669e+00 8.0823482470e+01
1.4796928328e+00 1.3689419795e+00 7.8349013416e+01
1.4830489192e+00 1.3756541524e+00 7.7664210863e+01
1.3689419795e+00 1.3051763367e+00 8.0013910471e+01
1.4125711035e+00 1.3320250284e+00 7.9076391335e+01
1.3018202503e+00 1.2749715586e+00 7.9599006061e+01
1.4931171786e+00 1.3722980660e+00 7.8764249577e+01
1.3286689420e+00 1.2850398180e+00 8.0117096192e+01
1.3689419795e+00 1.3018202503e+00 8.0596616972e+01
1.4696245734e+00 1.3655858931e+00 7.8157643294e+01
1.2816837315e+00 1.2649032992e+00 7.9620086822e+01
1.3890784983e+00 1.3219567691e+00 7.8895376479e+01
1.4595563140e+00 1.3555176337e+00 7.8905581221e+01
1.5770193402e+00 1.4192832765e+00 7.7695175323e+01
1.8622866894e+00 1.5501706485e+00 7.7304767048e+01
1.5535267349e+00 1.4058589306e+00 7.8025095416e+01
1.5703071672e+00 1.4192832765e+00 7.7308711815e+01
1.1608646189e+00 1.2011376564e+00 8.0121550638e+01
1.5535267349e+00 1.4025028441e+00 7.8475090156e+01
1.3353811149e+00 1.3051763367e+00 7.7578724170e+01
1.3051763367e+00 1.2749715586e+00 7.9873567309e+01
1.4562002275e+00 1.3521615472e+00 7.9168071325e+01
1.4864050057e+00 1.3857224118e+00 7.6617872251e+01
1.5300341297e+00 1.3790102389e+00 8.0381599151e+01
1.3622298066e+00 1.3186006826e+00 7.7541873444e+01
1.1944254835e+00 1.2179180887e+00 8.0182807960e+01
1.5401023891e+00 1.3890784983e+00 7.9516645940e+01
1.6474971559e+00 1.4394197952e+00 7.9322525492e+01
1.6609215017e+00 1.4528441411e+00 7.8305660617e+01
1.2179180887e+00 1.2346985210e+00 7.9343320393e+01
1.4025028441e+00 1.3253128555e+00 7.9366312224e+01
1.6206484642e+00 1.4394197952e+00 7.7682223782e+01
1.5468145620e+00 1.3890784983e+00 8.0000541356e+01
1.5434584755e+00 1.4025028441e+00 7.7853224124e+01
1.2615472127e+00 1.2649032992e+00 7.8081569533e+01
1.3387372014e+00 1.2951080774e+00 7.9270178919e+01
1.4796928328e+00 1.3689419795e+00 7.8349013416e+01
1.4562002275e+00 1.3555176337e+00 7.8675657808e+01
1.4125711035e+00 1.3286689420e+00 7.9595799292e+01
1.4025028441e+00 1.3253128555e+00 7.9366312224e+01
1.3051763367e+00 1.2749715586e+00 7.9873567309e+01
1.2481228669e+00 1.2581911263e+00 7.8077713341e+01
1.4897610922e+00 1.3790102389e+00 7.7639920971e+01
1.6441410694e+00 1.4528441411e+00 7.7348818041e+01
1.3890784983e+00 1.3353811149e+00 7.7062961354e+01
1.4226393629e+00 1.3420932878e+00 7.8314885953e+01
1.3018202503e+00 1.2716154721e+00 8.0166343545e+01
1.6911262799e+00 1.4830489192e+00 7.6328446701e+01
1.5233219568e+00 1.3823663254e+00 7.9355494278e+01
1.4629124005e+00 1.3622298066e+00 7.8181986703e+01
1.6844141069e+00 1.4629124005e+00 7.8372541484e+01
1.6743458476e+00 1.4662684869e+00 7.7381684089e+01
1.1172354949e+00 1.1709328783e+00 8.1656422321e+01
1.4562002275e+00 1.3622298066e+00 7.7755668784e+01
1.5669510808e+00 1.4125711035e+00 7.7959841368e+01
1.3991467577e+00 1.3253128555e+00 7.9118807063e+01
1.3387372014e+00 1.2984641638e+00 7.8756924475e+01
1.4293515358e+00 1.3320250284e+00 8.0359799633e+01
1.3152445961e+00 1.2917519909e+00 7.8059482859e+01
1.3991467577e+00 1.3320250284e+00 7.8146603822e+01
1.5199658703e+00 1.3790102389e+00 7.9630110455e+01
1.5300341297e+00 1.3857224118e+00 7.9319334261e+01
1.3555176337e+00 1.2951080774e+00 8.0639573499e+01
1.4058589306e+00 1.3253128555e+00 7.9619542555e+01
1.2749715586e+00 1.2581911263e+00 8.0198636115e+01
1.2783276451e+00 1.2682593857e+00 7.8822628029e+01
1.4729806598e+00 1.3689419795e+00 7.7920133510e+01
1.6575654152e+00 1.4763367463e+00 7.5423056905e+01
1.5736632537e+00 1.4159271900e+00 7.7926556587e+01
1.3823663254e+00 1.3085324232e+00 8.0549964000e+01
1.3689419795e+00 1.3085324232e+00 7.9465716996e+01
1.3521615472e+00 1.2984641638e+00 7.9780244346e+01
1.3790102389e+00 1.3152445961e+00 7.9176670914e+01
1.4763367463e+00 1.3756541524e+00 7.7260445308e+01
1.4796928328e+00 1.3689419795e+00 7.8349013416e+01
1.4830489192e+00 1.3689419795e+00 7.8569268666e+01
1.4025028441e+00 1.3286689420e+00 7.8857155397e+01
1.3085324232e+00 1.2749715586e+00 8.0155577170e+01
1.2917519909e+00 1.2716154721e+00 7.9338128329e+01
1.4964732651e+00 1.3722980660e+00 7.8991684544e+01
1.6240045506e+00 1.4360637088e+00 7.8311258420e+01
1.5669510808e+00 1.4159271900e+00 7.7531820868e+01
1.4058589306e+00 1.3387372014e+00 7.7676401440e+01
1.5401023891e+00 1.4058589306e+00 7.7233315202e+01
1.4864050057e+00 1.3689419795e+00 7.8793704555e+01
1.4125711035e+00 1.3253128555e+00 8.0144955155e+01
1.6575654152e+00 1.4494880546e+00 7.8550229499e+01
1.5199658703e+00 1.3857224118e+00 7.8640875517e+01
1.5669510808e+00 1.4159271900e+00 7.7531820868e+01
1.4528441411e+00 1.3454493743e+00 7.9971739068e+01
1.5468145620e+00 1.4025028441e+00 7.8057043713e+01
1.5333902162e+00 1.3991467577e+00 7.7681693350e+01
1.1541524460e+00 1.2044937429e+00 7.8961309159e+01
1.4763367463e+00 1.3555176337e+00 8.0132679622e+01
1.4293515358e+00 1.3387372014e+00 7.9272856953e+01
1.4192832765e+00 1.3387372014e+00 7.8562274361e+01
1.1776450512e+00 1.2145620023e+00 7.9287826887e+01
1.6340728100e+00 1.4461319681e+00 7.7609057428e+01
1.4293515358e+00 1.3353811149e+00 7.9800678015e+01
1.4897610922e+00 1.3857224118e+00 7.6806756095e+01
1.4159271900e+00 1.3320250284e+00 7.9321060792e+01
1.2749715586e+00 1.2548350398e+00 8.0810828527e+01
1.1810011377e+00 1.2078498294e+00 8.0790342850e+01
1.3555176337e+00 1.3051763367e+00 7.8977173578e+01
1.3790102389e+00 1.3152445961e+00 7.9176670914e+01
1.3186006826e+00 1.2951080774e+00 7.7823334212e+01
1.2951080774e+00 1.2649032992e+00 8.0782894985e+01
1.4092150171e+00 1.3253128555e+00 7.9878928091e+01
1.3689419795e+00 1.3253128555e+00 7.7096902340e+01
1.3823663254e+00 1.3219567691e+00 7.8423254273e+01
1.4796928328e+00 1.3655858931e+00 7.8822578420e+01
1.2380546075e+00 1.2414106940e+00 7.9918459901e+01
1.4662684869e+00 1.3555176337e+00 7.9379871763e+01
1.3118885097e+00 1.2850398180e+00 7.8795372618e+01
1.4327076223e+00 1.3555176337e+00 7.7177419448e+01
1.6139362912e+00 1.4293515358e+00 7.8597089341e+01
1.4159271900e+00 1.3320250284e+00 7.9321060792e+01
1.5635949943e+00 1.4159271900e+00 7.7338888787e+01
1.2850398180e+00 1.2649032992e+00 7.9898540694e+01
1.4662684869e+00 1.3622298066e+00 7.8400802276e+01
1.3219567691e+00 1.2783276451e+00 8.0729757319e+01
1.3186006826e+00 1.2951080774e+00 7.7823334212e+01
1.2783276451e+00 1.2682593857e+00 7.8822628029e+01
1.3219567691e+00 1.2984641638e+00 7.7592418289e+01
1.3051763367e+00 1.2850398180e+00 7.8307253142e+01
1.4461319681e+00 1.3555176337e+00 7.8011464955e+01
1.4226393629e+00 1.3420932878e+00 7.8314885953e+01
1.1608646189e+00 1.2044937429e+00 7.9532875075e+01
1.3622298066e+00 1.3018202503e+00 8.0033418254e+01
1.5602389078e+00 1.4058589306e+00 7.8440509857e+01
1.8186575654e+00 1.5300341297e+00 7.7432523203e+01
1.5669510808e+00 1.4092150171e+00 7.8405481829e+01
1.2850398180e+00 1.2883959044e+00 7.6525769791e+01
1.1776450512e+00 1.2078498294e+00 8.0464988651e+01
1.4864050057e+00 1.3790102389e+00 7.7437591440e+01
1.4092150171e+00 1.3353811149e+00 7.8353871441e+01
1.7616040956e+00 1.5166097838e+00 7.6123521121e+01
1.6206484642e+00 1.4394197952e+00 7.7682223782e+01
1.3622298066e+00 1.3018202503e+00 8.0033418254e+01
1.3320250284e+00 1.2917519909e+00 7.9282706003e+01
1.3890784983e+00 1.3118885097e+00 8.0525300122e+01
1.4025028441e+00 1.3387372014e+00 7.7464356839e+01
1.5971558589e+00 1.4360637088e+00 7.6786800379e+01
1.7011945392e+00 1.5031854380e+00 7.4735815862e+01
1.5602389078e+00 1.4159271900e+00 7.7148735379e+01
1.4259954494e+00 1.3521615472e+00 7.7194361263e+01
1.4394197952e+00 1.3488054608e+00 7.8496995076e+01
1.5300341297e+00 1.3924345848e+00 7.8361156493e+01
1.3051763367e+00 1.2716154721e+00 8.0457948991e+01
1.5401023891e+00 1.3991467577e+00 7.8088525287e+01
1.4964732651e+00 1.3655858931e+00 8.0025526977e+01
1.3722980660e+00 1.3152445961e+00 7.8689542878e+01
1.2212741752e+00 1.2279863481e+00 8.0831136100e+01
1.7280432309e+00 1.4998293515e+00 7.6312522224e+01
1.7683162685e+00 1.5199658703e+00 7.6085059748e+01
1.4327076223e+00 1.3387372014e+00 7.9520083264e+01
1.3286689420e+00 1.2951080774e+00 7.8524698801e+01
1.6676336746e+00 1.4461319681e+00 7.9668939492e+01
1.1373720137e+00 1.1877133106e+00 8.0367260206e+01
1.4964732651e+00 1.3722980660e+00 7.8991684544e+01
1.5602389078e+00 1.4226393629e+00 7.6363066026e+01
1.6474971559e+00 1.4360637088e+00 7.9823517911e+01
1.3689419795e+00 1.3253128555e+00 7.7096902340e+01
1.7112627986e+00 1.4830489192e+00 7.7361946592e+01
1.6743458476e+00 1.4662684869e+00 7.7381684089e+01
1.5333902162e+00 1.3857224118e+00 7.9554972023e+01
1.4562002275e+00 1.3722980660e+00 7.6505201395e+01
1.3186006826e+00 1.2783276451e+00 8.0432380556e+01
1.5401023891e+00 1.3957906712e+00 7.8542862357e+01
1.5166097838e+00 1.3890784983e+00 7.7971266082e+01
1.3051763367e+00 1.2816837315e+00 7.8802720104e+01
1.6105802048e+00 1.4293515358e+00 7.8390052046e+01
1.5434584755e+00 1.4025028441e+00 7.7853224124e+01
1.4058589306e+00 1.3353811149e+00 7.8129344608e+01
1.3320250284e+00 1.2951080774e+00 7.8767866946e+01
1.5904436860e+00 1.4293515358e+00 7.7215662466e+01
1.2783276451e+00 1.2716154721e+00 7.8322416596e+01
1.5904436860e+00 1.4125711035e+00 7.9462595442e+01
1.6844141069e+00 1.4696245734e+00 7.7525163716e+01
1.4763367463e+00 1.3521615472e+00 8.0705792803e+01
1.2414106940e+00 1.2380546075e+00 8.0833130235e+01
1.3991467577e+00 1.3286689420e+00 7.8621274380e+01
1.5937997725e+00 1.4259954494e+00 7.7824193782e+01
1.4461319681e+00 1.3521615472e+00 7.8473901711e+01
1.3219567691e+00 1.2816837315e+00 8.0130935788e+01
1.5199658703e+00 1.3890784983e+00 7.8180060208e+01
1.1709328783e+00 1.2112059158e+00 7.9274285313e+01
1.6844141069e+00 1.4629124005e+00 7.8372541484e+01
1.4394197952e+00 1.3420932878e+00 7.9493401677e+01
1.5837315131e+00 1.4327076223e+00 7.6459457435e+01
1.4931171786e+00 1.3689419795e+00 7.9256172088e+01
1.3152445961e+00 1.2850398180e+00 7.9047313545e+01
1.5434584755e+00 1.3924345848e+00 7.9245509890e+01
1.4427758817e+00 1.3488054608e+00 7.8725103092e+01
1.5333902162e+00 1.4058589306e+00 7.6854594219e+01
1.5602389078e+00 1.4092150171e+00 7.7992691113e+01
1.4662684869e+00 1.3588737201e+00 7.8878530121e+01
1.1776450512e+00 1.2246302617e+00 7.7749027196e+01
1.3555176337e+00 1.2951080774e+00 8.0639573499e+01
1.4259954494e+00 1.3353811149e+00 7.9546053824e+01
1.1910693970e+00 1.2179180887e+00 7.9880250793e+01
1.4327076223e+00 1.3488054608e+00 7.8053404088e+01
1.3353811149e+00 1.2984641638e+00 7.8514912109e+01
1.2380546075e+00 1.2447667804e+00 7.9355115314e+01
1.5098976109e+00 1.3823663254e+00 7.8453567226e+01
1.4327076223e+00 1.3420932878e+00 7.9007301685e+01
1.4293515358e+00 1.3488054608e+00 7.7837460162e+01
1.3924345848e+00 1.3219567691e+00 7.9138877814e+01
1.3320250284e+00 1.3018202503e+00 7.7809300633e+01
1.2850398180e+00 1.2649032992e+00 7.9898540694e+01
1.3555176337e+00 1.3051763367e+00 7.8977173578e+01
1.4528441411e+00 1.3454493743e+00 7.9971739068e+01
1.2917519909e+00 1.2682593857e+00 7.9891268041e+01
1.4964732651e+00 1.3790102389e+00 7.8054447798e+01
1.4025028441e+00 1.3387372014e+00 7.7464356839e+01
1.3689419795e+00 1.3186006826e+00 7.7982244160e+01
1.3051763367e+00 1.2716154721e+00 8.0457948991e+01
1.5434584755e+00 1.4125711035e+00 7.6619335410e+01
1.2883959044e+00 1.2716154721e+00 7.9075626195e+01
1.4964732651e+00 1.3689419795e+00 7.9494802758e+01
1.1675767918e+00 1.1977815700e+00 8.1443603184e+01
1.7246871445e+00 1.4931171786e+00 7.6890424795e+01
1.2951080774e+00 1.2615472127e+00 8.1435660457e+01
1.5401023891e+00 1.3991467577e+00 7.8088525287e+01
9.9306029579e-01 1.1071672355e+00 8.1222043594e+01
1.5031854380e+00 1.3823663254e+00 7.8027252334e+01
1.5837315131e+00 1.4159271900e+00 7.8543151574e+01
1.4696245734e+00 1.3521615472e+00 8.0167155963e+01
1.4662684869e+00 1.3588737201e+00 7.8878530121e+01
1.5468145620e+00 1.4025028441e+00 7.8057043713e+01
1.4864050057e+00 1.3689419795e+00 7.8793704555e+01
1.3118885097e+00 1.2883959044e+00 7.8301185687e+01
1.2783276451e+00 1.2615472127e+00 7.9904739360e+01
1.1474402730e+00 1.2078498294e+00 7.7916149610e+01
1.5535267349e+00 1.3857224118e+00 8.1095120731e+01
1.3253128555e+00 1.2951080774e+00 7.8286410859e+01
1.3454493743e+00 1.2984641638e+00 7.9256752757e+01
1.5703071672e+00 1.4025028441e+00 7.9590836148e+01
1.5837315131e+00 1.4159271900e+00 7.8543151574e+01
1.3286689420e+00 1.2883959044e+00 7.9556875989e+01
1.5501706485e+00 1.3957906712e+00 7.9207871838e+01
1.3420932878e+00 1.3051763367e+00 7.8027351369e+01
1.6273606371e+00 1.4494880546e+00 7.6839687378e+01
1.4025028441e+00 1.3286689420e+00 7.8857155397e+01
1.2514789534e+00 1.2481228669e+00 7.9918465164e+01
1.3823663254e+00 1.3118885097e+00 7.9972263322e+01
1.5233219568e+00 1.3890784983e+00 7.8392472719e+01
1.4025028441e+00 1.3186006826e+00 8.0473394069e+01
1.4293515358e+00 1.3387372014e+00 7.9272856953e+01
1.4897610922e+00 1.3689419795e+00 7.9022577752e+01
1.6810580205e+00 1.4528441411e+00 7.9564711610e+01
1.4998293515e+00 1.3722980660e+00 7.9223766672e+01
1.5434584755e+00 1.3957906712e+00 7.8760298176e+01
1.1977815700e+00 1.2145620023e+00 8.1144425365e+01
1.3521615472e+00 1.3051763367e+00 7.8732463457e+01
1.6441410694e+00 1.4394197952e+00 7.9104431935e+01
1.5602389078e+00 1.3924345848e+00 8.0461924638e+01
1.3353811149e+00 1.2883959044e+00 8.0102267635e+01
1.5367463026e+00 1.4058589306e+00 7.7042630630e+01
1.3521615472e+00 1.3018202503e+00 7.9242442842e+01
1.2850398180e+00 1.2716154721e+00 7.8819101517e+01
1.3152445961e+00 1.2783276451e+00 8.0143768687e+01
1.4025028441e+00 1.3488054608e+00 7.6226733663e+01
1.5233219568e+00 1.3991467577e+00 7.7094564507e+01
1.5535267349e+00 1.4226393629e+00 7.6013051523e+01
1.4360637088e+00 1.3488054608e+00 7.8273175841e+01
1.4729806598e+00 1.3622298066e+00 7.8850858039e+01
1.3790102389e+00 1.3186006826e+00 7.8673630960e+01
1.4259954494e+00 1.3353811149e+00 7.9546053824e+01
1.5031854380e+00 1.3756541524e+00 7.8960224848e+01
1.3823663254e+00 1.3085324232e+00 8.0549964000e+01
1.5401023891e+00 1.4025028441e+00 7.7652643321e+01
1.3655858931e+00 1.3018202503e+00 8.0311022679e+01
1.5434584755e+00 1.3991467577e+00 7.8297044264e+01
1.5166097838e+00 1.3823663254e+00 7.8895658704e+01
1.3790102389e+00 1.3118885097e+00 7.9706610590e+01
1.5166097838e+00 1.3722980660e+00 8.0466002748e+01
1.4629124005e+00 1.3622298066e+00 7.8181986703e+01
1.3957906712e+00 1.3186006826e+00 7.9927223311e+01
1.4696245734e+00 1.3622298066e+00 7.8623678138e+01
1.5098976109e+00 1.3722980660e+00 7.9951150249e+01
1.5031854380e+00 1.3957906712e+00 7.6370645148e+01
1.2581911263e+00 1.2481228669e+00 8.0512440397e+01
1.1507963595e+00 1.1944254835e+00 8.0405622949e+01
1.5669510808e+00 1.4092150171e+00 7.8405481829e+01
1.4192832765e+00 1.3454493743e+00 7.7642892977e+01
1.5333902162e+00 1.3857224118e+00 7.9554972023e+01
1.5065415245e+00 1.3756541524e+00 7.9190797064e+01
1.4528441411e+00 1.3488054608e+00 7.9437967086e+01
1.5166097838e+00 1.3890784983e+00 7.7971266082e+01
1.5098976109e+00 1.3689419795e+00 8.0507407983e+01
1.7079067122e+00 1.4864050057e+00 7.6797393743e+01
1.4192832765e+00 1.3488054608e+00 7.7210671127e+01
1.5803754266e+00 1.4192832765e+00 7.7892847024e+01
1.5233219568e+00 1.3924345848e+00 7.7942497777e+01
1.5937997725e+00 1.4226393629e+00 7.8261111382e+01
1.4461319681e+00 1.3353811149e+00 8.1180422999e+01
1.6072241183e+00 1.4293515358e+00 7.8186519489e+01
1.5568828214e+00 1.4125711035e+00 7.7368630335e+01
1.3555176337e+00 1.2883959044e+00 8.1951527349e+01
1.3655858931e+00 1.3018202503e+00 8.0311022679e+01
1.5669510808e+00 1.4125711035e+00 7.7959841368e+01
1.3991467577e+00 1.3152445961e+00 8.0786563393e+01
1.5434584755e+00 1.3890784983e+00 7.9755812735e+01
1.4360637088e+00 1.3420932878e+00 7.9247685577e+01
1.6743458476e+00 1.4629124005e+00 7.7792646194e+01
1.6038680319e+00 1.4259954494e+00 7.8428903302e+01
1.5367463026e+00 1.3991467577e+00 7.7883465976e+01
1.3118885097e+00 1.2850398180e+00 7.8795372618e+01
1.4025028441e+00 1.3253128555e+00 7.9366312224e+01
1.5434584755e+00 1.3957906712e+00 7.8760298176e+01
1.4092150171e+00 1.3286689420e+00 7.9344063161e+01
1.5971558589e+00 1.4293515358e+00 7.7595238029e+01
1.3118885097e+00 1.2850398180e+00 7.8795372618e+01
1.6105802048e+00 1.4461319681e+00 7.6344719473e+01
1.4897610922e+00 1.3790102389e+00 7.7639920971e+01
1.4461319681e+00 1.3454493743e+00 7.9466024519e+01
1.4830489192e+00 1.3924345848e+00 7.5676095492e+01
1.4964732651e+00 1.3722980660e+00 7.8991684544e+01
1.3991467577e+00 1.3186006826e+00 8.0196597774e+01
1.5031854380e+00 1.3756541524e+00 7.8960224848e+01
1.5300341297e+00 1.3823663254e+00 7.9835483906e+01
1.5434584755e+00 1.4025028441e+00 7.7853224124e+01
1.6005119454e+00 1.4092150171e+00 8.0731710216e+01
1.4998293515e+00 1.3722980660e+00 7.9223766672e+01
1.4562002275e+00 1.3521615472e+00 7.9168071325e+01
1.3253128555e+00 1.3051763367e+00 7.6933530345e+01
1.6307167235e+00 1.4427758817e+00 7.7837888945e+01
1.3622298066e+00 1.2984641638e+00 8.0618567098e+01
1.5401023891e+00 1.3890784983e+00 7.9516645940e+01
1.5065415245e+00 1.3857224118e+00 7.7792960433e+01
1.4830489192e+00 1.3655858931e+00 7.9052891069e+01
1.2414106940e+00 1.2581911263e+00 7.7602335855e+01
1.6273606371e+00 1.4394197952e+00 7.8071851811e+01
1.3655858931e+00 1.3118885097e+00 7.8704661572e+01
1.4159271900e+00 1.3521615472e+00 7.6598586689e+01
1.1877133106e+00 1.2179180887e+00 7.9586256998e+01
1.6911262799e+00 1.4796928328e+00 7.6701238509e+01
1.5736632537e+00 1.4159271900e+00 7.7926556587e+01
1.4058589306e+00 1.3186006826e+00 8.0758279383e+01
1.5669510808e+00 1.4192832765e+00 7.7119653204e+01
1.2682593857e+00 1.2514789534e+00 8.0817765151e+01
1.4864050057e+00 1.3991467577e+00 7.5130751620e+01
1.4662684869e+00 1.3488054608e+00 8.0468528339e+01
1.2447667804e+00 1.2581911263e+00 7.7837789876e+01
1.2917519909e+00 1.2816837315e+00 7.7841217718e+01
1.3521615472e+00 1.2951080774e+00 8.0350536454e+01
1.4192832765e+00 1.3353811149e+00 7.9054075736e+01
1.3957906712e+00 1.3219567691e+00 7.9387792628e+01
1.5199658703e+00 1.3857224118e+00 7.8640875517e+01
1.2850398180e+00 1.2649032992e+00 7.9898540694e+01
1.7381114903e+00 1.4998293515e+00 7.6810365210e+01
1.2581911263e+00 1.2548350398e+00 7.9356781807e+01
1.1910693970e+00 1.2179180887e+00 7.9880250793e+01
1.4226393629e+00 1.3286689420e+00 8.0389374268e+01
1.1709328783e+00 1.2112059158e+00 7.9274285313e+01
1.5367463026e+00 1.3957906712e+00 7.8329343184e+01
1.4796928328e+00 1.3756541524e+00 7.7460768388e+01
1.4629124005e+00 1.3521615472e+00 7.9655874271e+01
1.5233219568e+00 1.3957906712e+00 7.7510466043e+01
1.5401023891e+00 1.4025028441e+00 7.7652643321e+01
1.7616040956e+00 1.4998293515e+00 7.8048672185e+01
1.4327076223e+00 1.3588737201e+00 7.6763726973e+01
1.3823663254e+00 1.3152445961e+00 7.9428385522e+01
1.4159271900e+00 1.3320250284e+00 7.9321060792e+01
1.3186006826e+00 1.2783276451e+00 8.0432380556e+01
1.5770193402e+00 1.4025028441e+00 8.0071104624e+01
1.3085324232e+00 1.2749715586e+00 8.0155577170e+01
1.3756541524e+00 1.3286689420e+00 7.7086290185e+01
1.5434584755e+00 1.4025028441e+00 7.7853224124e+01
1.5669510808e+00 1.4092150171e+00 7.8405481829e+01
1.4092150171e+00 1.3286689420e+00 7.9344063161e+01
1.3353811149e+00 1.3051763367e+00 7.7578724170e+01
1.5300341297e+00 1.3857224118e+00 7.9319334261e+01
1.7381114903e+00 1.5166097838e+00 7.5054453900e+01
1.5233219568e+00 1.3890784983e+00 7.8392472719e+01
1.6374288965e+00 1.4494880546e+00 7.7385074090e+01
1.7582480091e+00 1.5031854380e+00 7.7458666469e+01
1.5535267349e+00 1.4025028441e+00 7.8475090156e+01
1.3890784983e+00 1.3253128555e+00 7.8407014827e+01
1.5501706485e+00 1.3957906712e+00 7.9207871838e+01
1.6676336746e+00 1.4595563140e+00 7.7833450111e+01
1.6005119454e+00 1.4226393629e+00 7.8677269875e+01
1.4226393629e+00 1.3387372014e+00 7.8794285012e+01
1.4259954494e+00 1.3521615472e+00 7.7194361263e+01
1.3957906712e+00 1.3420932878e+00 7.6636977349e+01
1.3118885097e+00 1.2816837315e+00 7.9314739283e+01
1.4427758817e+00 1.3488054608e+00 7.8725103092e+01
1.2145620023e+00 1.2212741752e+00 8.1500973561e+01
1.4192832765e+00 1.3521615472e+00 7.6794323199e+01
1.4528441411e+00 1.3420932878e+00 8.0538034148e+01
1.4494880546e+00 1.3588737201e+00 7.7777051594e+01
1.4394197952e+00 1.3454493743e+00 7.8982871930e+01
1.5635949943e+00 1.3991467577e+00 7.9632750451e+01
1.5367463026e+00 1.3957906712e+00 7.8329343184e+01
1.2883959044e+00 1.2548350398e+00 8.2161166884e+01
1.4595563140e+00 1.3454493743e+00 8.0503621865e+01
1.3588737201e+00 1.3051763367e+00 7.9227264469e+01
1.3588737201e+00 1.3085324232e+00 7.8718973097e+01
1.4192832765e+00 1.3286689420e+00 8.0117947223e+01
1.6105802048e+00 1.4192832765e+00 7.9836985564e+01
1.1675767918e+00 1.2078498294e+00 7.9548159230e+01
1.3085324232e+00 1.2850398180e+00 7.8548799109e+01
1.6105802048e+00 1.4293515358e+00 7.8390052046e+01
1.4897610922e+00 1.3722980660e+00 7.8541184820e+01
1.2481228669e+00 1.2447667804e+00 8.0212858370e+01
1.5669510808e+00 1.4125711035e+00 7.7959841368e+01
1.4629124005e+00 1.3722980660e+00 7.6888096287e+01
1.6743458476e+00 1.4595563140e+00 7.8219629015e+01
1.4763367463e+00 1.3622298066e+00 7.9082610920e+01
1.5233219568e+00 1.3957906712e+00 7.7510466043e+01
1.6139362912e+00 1.4226393629e+00 7.9557541125e+01
1.5132536974e+00 1.3857224118e+00 7.8209564664e+01
1.3454493743e+00 1.3118885097e+00 7.7345211662e+01
1.4226393629e+00 1.3521615472e+00 7.6992871057e+01
1.2380546075e+00 1.2414106940e+00 7.9918459901e+01
1.6273606371e+00 1.4528441411e+00 7.6456843224e+01
1.4461319681e+00 1.3488054608e+00 7.8957765940e+01
1.4461319681e+00 1.3420932878e+00 8.0002412726e+01
1.3488054608e+00 1.3018202503e+00 7.8991059176e+01
1.7280432309e+00 1.4830489192e+00 7.8289597775e+01
1.5233219568e+00 1.3857224118e+00 7.8862578159e+01
1.7414675768e+00 1.4964732651e+00 7.7370338398e+01
1.3890784983e+00 1.3186006826e+00 7.9408488915e+01
1.4058589306e+00 1.3253128555e+00 7.9619542555e+01
1.3085324232e+00 1.2783276451e+00 7.9589943950e+01
1.6172923777e+00 1.4461319681e+00 7.6694229090e+01
1.4696245734e+00 1.3655858931e+00 7.8157643294e+01
1.4528441411e+00 1.3555176337e+00 7.8450163247e+01
1.5434584755e+00 1.4025028441e+00 7.7853224124e+01
1.4662684869e+00 1.3689419795e+00 7.7505434784e+01
1.6105802048e+00 1.4327076223e+00 7.7949753196e+01
1.6072241183e+00 1.4327076223e+00 7.7753960556e+01
1.3051763367e+00 1.2816837315e+00 7.8802720104e+01
1.4293515358e+00 1.3286689420e+00 8.0956042849e+01
1.5065415245e+00 1.3890784983e+00 7.7364813580e+01
1.2313424346e+00 1.2447667804e+00 7.8818808053e+01
1.3118885097e+00 1.2749715586e+00 8.0445695581e+01
