# mp_msun mc_msun inclination_deg
1.2654990323e+00 2.2807479083e-01 8.4660584449e+01
1.3143349502e+00 2.3386070486e-01 8.4020843204e+01
1.3041532769e+00 2.3262965932e-01 8.4212840476e+01
1.2390620450e+00 2.2512028154e-01 8.4532692172e+01
1.3027289249e+00 2.3238345022e-01 8.4404772564e+01
1.2881085742e+00 2.3041377735e-01 8.5203836921e+01
1.2130026925e+00 2.2191956313e-01 8.5076053508e+01
1.3022615464e+00 2.3250655477e-01 8.4020843204e+01
1.1386617496e+00 2.1330224436e-01 8.5012152633e+01
1.3051192776e+00 2.3275276388e-01 8.4180845518e+01
1.3097989943e+00 2.3299897299e-01 8.4820412361e+01
1.2866633804e+00 2.3041377735e-01 8.4788450052e+01
1.2474244278e+00 2.2598201341e-01 8.4756486116e+01
1.2527436651e+00 2.2672064074e-01 8.4436755064e+01
1.3542588894e+00 2.3829246880e-01 8.4052847370e+01
1.3044469220e+00 2.3250655477e-01 8.4564667778e+01
1.3235989424e+00 2.3447622763e-01 8.4980199868e+01
1.3392252526e+00 2.3644590050e-01 8.4436755064e+01
1.2795892914e+00 2.2955204548e-01 8.4948245538e+01
1.4270800833e+00 2.4641736936e-01 8.3796761031e+01
1.3730419654e+00 2.4026214167e-01 8.4276824972e+01
1.3034714994e+00 2.3238345022e-01 8.4596641686e+01
1.1961387057e+00 2.2007299482e-01 8.4820412361e+01
1.2693357323e+00 2.2844410449e-01 8.4820412361e+01
1.2447391015e+00 2.2561269975e-01 8.4916289633e+01
1.3416292373e+00 2.3681521416e-01 8.4212840476e+01
1.2027174495e+00 2.2093472670e-01 8.4564667778e+01
1.3205737430e+00 2.3423001852e-01 8.4756486116e+01
1.2048517763e+00 2.2093472670e-01 8.5203836921e+01
1.2086164522e+00 2.2155024947e-01 8.4724520544e+01
1.3843715492e+00 2.4161629176e-01 8.4052847370e+01
1.4350862281e+00 2.4703289213e-01 8.4308814530e+01
1.2480548886e+00 2.2622822252e-01 8.4340802307e+01
1.3072443862e+00 2.3287586843e-01 8.4436755064e+01
1.3303009833e+00 2.3558416862e-01 8.4148848738e+01
1.3467612066e+00 2.3718452782e-01 8.4660584449e+01
1.2744692518e+00 2.2893652271e-01 8.5044103843e+01
1.3216765397e+00 2.3435312308e-01 8.4756486116e+01
1.2297545163e+00 2.2388923600e-01 8.4948245538e+01
1.2581349898e+00 2.2721305895e-01 8.4724520544e+01
1.2405291347e+00 2.2512028154e-01 8.4948245538e+01
1.2416798932e+00 2.2512028154e-01 8.5299658755e+01
1.2872870210e+00 2.3053688191e-01 8.4660584449e+01
1.2591045719e+00 2.2708995440e-01 8.5331596426e+01
1.2531677894e+00 2.2647443163e-01 8.5171893334e+01
1.3165196011e+00 2.3373760031e-01 8.4852373054e+01
1.4776132658e+00 2.5183396973e-01 8.3892807710e+01
1.3340727165e+00 2.3583037773e-01 8.4532692172e+01
1.3731770015e+00 2.4026214167e-01 8.4308814530e+01
1.2530629223e+00 2.2647443163e-01 8.5139948243e+01
1.2658463785e+00 2.2807479083e-01 8.4756486116e+01
1.3675963409e+00 2.3964661890e-01 8.4308814530e+01
1.3512032069e+00 2.3792315514e-01 8.4116850127e+01
1.3101592326e+00 2.3324518209e-01 8.4340802307e+01
1.2828003093e+00 2.3004446369e-01 8.4628613906e+01
1.2123398610e+00 2.2179645858e-01 8.5203836921e+01
1.3752345162e+00 2.4026214167e-01 8.4820412361e+01
1.2865490879e+00 2.3078309102e-01 8.3924819428e+01
1.2734593320e+00 2.2893652271e-01 8.4756486116e+01
1.3434392957e+00 2.3706142326e-01 8.4116850127e+01
1.2490440832e+00 2.2598201341e-01 8.5235779013e+01
1.3681268594e+00 2.3964661890e-01 8.4436755064e+01
1.2064801689e+00 2.2118093581e-01 8.5044103843e+01
1.2243795619e+00 2.2327371323e-01 8.4948245538e+01
1.2608698346e+00 2.2745926806e-01 8.4884332141e+01
1.2397720067e+00 2.2499717698e-01 8.5044103843e+01
1.3161052188e+00 2.3398380942e-01 8.4180845518e+01
1.3791677043e+00 2.4087766444e-01 8.4404772564e+01
1.4158488421e+00 2.4494011472e-01 8.4308814530e+01
1.3622893748e+00 2.3903109613e-01 8.4372788316e+01
1.3204539715e+00 2.3423001852e-01 8.4724520544e+01
1.1630405102e+00 2.1588743999e-01 8.5810492699e+01
1.3315558455e+00 2.3521485496e-01 8.5363532643e+01
1.3330428187e+00 2.3583037773e-01 8.4276824972e+01
1.2680198772e+00 2.2832099994e-01 8.4756486116e+01
1.3621595099e+00 2.3927730524e-01 8.3828778522e+01
1.2169259196e+00 2.2228887680e-01 8.5299658755e+01
1.3674009336e+00 2.3952351434e-01 8.4532692172e+01
1.3853576187e+00 2.4198560542e-01 8.3540550223e+01
1.3322087561e+00 2.3546106406e-01 8.4916289633e+01
1.3340161552e+00 2.3595348228e-01 8.4244833624e+01
1.2444077000e+00 2.2561269975e-01 8.4820412361e+01
1.2690085072e+00 2.2856720904e-01 8.4436755064e+01
1.2403109831e+00 2.2512028154e-01 8.4884332141e+01
1.4090765619e+00 2.4457080105e-01 8.3572583562e+01
1.1725727715e+00 2.1736469464e-01 8.4756486116e+01
1.2814448749e+00 2.2967515003e-01 8.5171893334e+01
1.2324360743e+00 2.2425854966e-01 8.4788450052e+01
1.2378253475e+00 2.2475096787e-01 8.5108001638e+01
1.2863633127e+00 2.3029067280e-01 8.5012152633e+01
1.4259934520e+00 2.4641736936e-01 8.3572583562e+01
1.1937379606e+00 2.1994989027e-01 8.4436755064e+01
1.2691071160e+00 2.2844410449e-01 8.4756486116e+01
1.3244706713e+00 2.3484554129e-01 8.4340802307e+01
1.2301726880e+00 2.2401234055e-01 8.4756486116e+01
1.2600724045e+00 2.2745926806e-01 8.4660584449e+01
1.2477607872e+00 2.2598201341e-01 8.4852373054e+01
1.3242322227e+00 2.3435312308e-01 8.5491263175e+01
1.3717896114e+00 2.4013903711e-01 8.4244833624e+01
1.3875355352e+00 2.4173939631e-01 8.4532692172e+01
1.3214859696e+00 2.3472243674e-01 8.3892807710e+01
1.1973876889e+00 2.2031920393e-01 8.4564667778e+01
1.2867788145e+00 2.3041377735e-01 8.4820412361e+01
1.2685232878e+00 2.2844410449e-01 8.4596641686e+01
1.2601901212e+00 2.2721305895e-01 8.5331596426e+01
1.2664680592e+00 2.2819789538e-01 8.4628613906e+01
1.3015663940e+00 2.3238345022e-01 8.4116850127e+01
1.2102988759e+00 2.2155024947e-01 8.5235779013e+01
1.4304743659e+00 2.4678668302e-01 8.3796761031e+01
1.2496195341e+00 2.2635132707e-01 8.4468735825e+01
1.2522560665e+00 2.2659753618e-01 8.4596641686e+01
1.2814448749e+00 2.2967515003e-01 8.5171893334e+01
1.3832117371e+00 2.4161629176e-01 8.3796761031e+01
1.3894156098e+00 2.4210870998e-01 8.4180845518e+01
1.2517504944e+00 2.2647443163e-01 8.4756486116e+01
1.2135479088e+00 2.2204266769e-01 8.4916289633e+01
1.2296057664e+00 2.2401234055e-01 8.4596641686e+01
1.2351377110e+00 2.2450475877e-01 8.4948245538e+01
1.2862522334e+00 2.3029067280e-01 8.4980199868e+01
1.3231518072e+00 2.3459933219e-01 8.4564667778e+01
1.3127440792e+00 2.3336828665e-01 8.4724520544e+01
1.3839516208e+00 2.4149318721e-01 8.4212840476e+01
1.4051442519e+00 2.4383217373e-01 8.4180845518e+01
1.3672718009e+00 2.3952351434e-01 8.4500714858e+01
1.1764819080e+00 2.1785711285e-01 8.4660584449e+01
1.3871404544e+00 2.4173939631e-01 8.4436755064e+01
1.3036994291e+00 2.3250655477e-01 8.4372788316e+01
1.2403971203e+00 2.2499717698e-01 8.5235779013e+01
1.3585655954e+00 2.3878488702e-01 8.4020843204e+01
1.3444176564e+00 2.3693831871e-01 8.4628613906e+01
1.2388381179e+00 2.2475096787e-01 8.5427400756e+01
1.2228099058e+00 2.2339681778e-01 8.4212840476e+01
1.3029259586e+00 2.3250655477e-01 8.4180845518e+01
1.2592479569e+00 2.2721305895e-01 8.5044103843e+01
1.3214199258e+00 2.3447622763e-01 8.4404772564e+01
1.3166287025e+00 2.3398380942e-01 8.4308814530e+01
1.3639825939e+00 2.3927730524e-01 8.4244833624e+01
1.3580078759e+00 2.3866178247e-01 8.4148848738e+01
1.2741986023e+00 2.2905962726e-01 8.4660584449e+01
1.1784967806e+00 2.1798021741e-01 8.4948245538e+01
1.2074822673e+00 2.2118093581e-01 8.5363532643e+01
1.2991642455e+00 2.3176792745e-01 8.4916289633e+01
1.2336177653e+00 2.2425854966e-01 8.5139948243e+01
1.1927158821e+00 2.1958057661e-01 8.5076053508e+01
1.3499238327e+00 2.3767694603e-01 8.4340802307e+01
1.3726223147e+00 2.4038524622e-01 8.3924819428e+01
1.1965113103e+00 2.1994989027e-01 8.5267719621e+01
1.3511803830e+00 2.3755384148e-01 8.4948245538e+01
1.1956400144e+00 2.1982678572e-01 8.5331596426e+01
1.3267141588e+00 2.3533795951e-01 8.3828778522e+01
1.2462521765e+00 2.2573580430e-01 8.5044103843e+01
1.3997935276e+00 2.4297044185e-01 8.4788450052e+01
1.2797005436e+00 2.2955204548e-01 8.4980199868e+01
1.3324580826e+00 2.3570727317e-01 8.4404772564e+01
1.2908030382e+00 2.3090619557e-01 8.4724520544e+01
1.2787907305e+00 2.2955204548e-01 8.4724520544e+01
1.3273160860e+00 2.3509175040e-01 8.4500714858e+01
1.2443026129e+00 2.2548959520e-01 8.5108001638e+01
1.3710997953e+00 2.4013903711e-01 8.4084849675e+01
1.2837554169e+00 2.3029067280e-01 8.4308814530e+01
1.3413379829e+00 2.3656900505e-01 8.4692553325e+01
1.2743598547e+00 2.2893652271e-01 8.5012152633e+01
1.3460193879e+00 2.3706142326e-01 8.4756486116e+01
1.2523728068e+00 2.2659753618e-01 8.4628613906e+01
1.2852704623e+00 2.3016756825e-01 8.5012152633e+01
1.3017578228e+00 2.3226034566e-01 8.4436755064e+01
1.3088032089e+00 2.3312207754e-01 8.4276824972e+01
1.2517561854e+00 2.2672064074e-01 8.4180845518e+01
1.1950482416e+00 2.1982678572e-01 8.5139948243e+01
1.1061605752e+00 2.0936289863e-01 8.5299658755e+01
1.1634006394e+00 2.1601054455e-01 8.5555119982e+01
1.3447876713e+00 2.3693831871e-01 8.4724520544e+01
1.3370110030e+00 2.3619969139e-01 8.4436755064e+01
1.3895545067e+00 2.4210870998e-01 8.4212840476e+01
1.1765906513e+00 2.1785711285e-01 8.4692553325e+01
1.2937716376e+00 2.3152171834e-01 8.4084849675e+01
1.3182417112e+00 2.3410691397e-01 8.4436755064e+01
1.2286428059e+00 2.2364302689e-01 8.5267719621e+01
1.3253585023e+00 2.3484554129e-01 8.4564667778e+01
1.2403987955e+00 2.2487407243e-01 8.5587046306e+01
1.3258074361e+00 2.3472243674e-01 8.4980199868e+01
1.2983445971e+00 2.3189103200e-01 8.4404772564e+01
1.3819867066e+00 2.4124697810e-01 8.4276824972e+01
1.2786738217e+00 2.2955204548e-01 8.4692553325e+01
1.1752175360e+00 2.1736469464e-01 8.5618971257e+01
1.2859558399e+00 2.3041377735e-01 8.4596641686e+01
1.2293190631e+00 2.2388923600e-01 8.4820412361e+01
1.1521042127e+00 2.1490260356e-01 8.4948245538e+01
1.2501331485e+00 2.2598201341e-01 8.5587046306e+01
1.3134825550e+00 2.3349139120e-01 8.4628613906e+01
1.3770886925e+00 2.4087766444e-01 8.3924819428e+01
1.2609227709e+00 2.2758237261e-01 8.4596641686e+01
1.2888370159e+00 2.3041377735e-01 8.5427400756e+01
1.2571860102e+00 2.2696684984e-01 8.5076053508e+01
1.2937291097e+00 2.3127550923e-01 8.4628613906e+01
1.3300306608e+00 2.3558416862e-01 8.4084849675e+01
1.3125405687e+00 2.3361449576e-01 8.4116850127e+01
1.3160463844e+00 2.3373760031e-01 8.4724520544e+01
1.2446151644e+00 2.2548959520e-01 8.5203836921e+01
1.3871565759e+00 2.4198560542e-01 8.3924819428e+01
1.2966499342e+00 2.3164482289e-01 8.4532692172e+01
1.3150051752e+00 2.3386070486e-01 8.4180845518e+01
1.3449239860e+00 2.3743073693e-01 8.3700696849e+01
1.3194695503e+00 2.3423001852e-01 8.4468735825e+01
1.3675963409e+00 2.3964661890e-01 8.4308814530e+01
1.2546944673e+00 2.2672064074e-01 8.4980199868e+01
1.2527441664e+00 2.2647443163e-01 8.5044103843e+01
1.3310942789e+00 2.3558416862e-01 8.4340802307e+01
1.2209436107e+00 2.2290439956e-01 8.4884332141e+01
1.3528687820e+00 2.3816936425e-01 8.3988837165e+01
1.3099420666e+00 2.3287586843e-01 8.5171893334e+01
1.3548088841e+00 2.3829246880e-01 8.4180845518e+01
1.2407185897e+00 2.2524338609e-01 8.4692553325e+01
1.4015971383e+00 2.4358596462e-01 8.3892807710e+01
1.3539793963e+00 2.3829246880e-01 8.3988837165e+01
1.3223941994e+00 2.3459933219e-01 8.4372788316e+01
1.3815553877e+00 2.4087766444e-01 8.5012152633e+01
1.3508277683e+00 2.3767694603e-01 8.4564667778e+01
1.2539154935e+00 2.2672064074e-01 8.4756486116e+01
1.3923466297e+00 2.4235491908e-01 8.4340802307e+01
1.2838917287e+00 2.3016756825e-01 8.4628613906e+01
1.2301790752e+00 2.2388923600e-01 8.5076053508e+01
1.3252338663e+00 2.3484554129e-01 8.4532692172e+01
1.2314637724e+00 2.2401234055e-01 8.5139948243e+01
1.2210185128e+00 2.2278129501e-01 8.5235779013e+01
1.2926199829e+00 2.3127550923e-01 8.4340802307e+01
1.3018755521e+00 2.3213724111e-01 8.4756486116e+01
1.2481661162e+00 2.2585890886e-01 8.5299658755e+01
1.3205086106e+00 2.3447622763e-01 8.4180845518e+01
1.3037586488e+00 2.3262965932e-01 8.4116850127e+01
1.3163684181e+00 2.3398380942e-01 8.4244833624e+01
1.4001523360e+00 2.4309354641e-01 8.4596641686e+01
1.1958613532e+00 2.1970368116e-01 8.5778575774e+01
1.2482671088e+00 2.2585890886e-01 8.5331596426e+01
1.2180648007e+00 2.2228887680e-01 8.5682817082e+01
1.2242342073e+00 2.2339681778e-01 8.4596641686e+01
1.3656783191e+00 2.3927730524e-01 8.4660584449e+01
1.3749584072e+00 2.4038524622e-01 8.4468735825e+01
1.2960386108e+00 2.3152171834e-01 8.4660584449e+01
1.3507691474e+00 2.3780005059e-01 8.4276824972e+01
1.3428708146e+00 2.3693831871e-01 8.4244833624e+01
1.3407153317e+00 2.3656900505e-01 8.4532692172e+01
1.2898394965e+00 2.3090619557e-01 8.4468735825e+01
1.2257612621e+00 2.2351992233e-01 8.4724520544e+01
1.3143379016e+00 2.3361449576e-01 8.4564667778e+01
1.3705342988e+00 2.4013903711e-01 8.3956829243e+01
1.2940859391e+00 2.3127550923e-01 8.4724520544e+01
1.1972801704e+00 2.2007299482e-01 8.5171893334e+01
1.2175090011e+00 2.2253508590e-01 8.4820412361e+01
1.3485690926e+00 2.3767694603e-01 8.4020843204e+01
1.3052981540e+00 2.3262965932e-01 8.4500714858e+01
1.3671384635e+00 2.3989282800e-01 8.3700696849e+01
1.2852479594e+00 2.3004446369e-01 8.5331596426e+01
1.3934692071e+00 2.4247802364e-01 8.4340802307e+01
1.3124853660e+00 2.3349139120e-01 8.4372788316e+01
1.2644191577e+00 2.2807479083e-01 8.4372788316e+01
1.2464564491e+00 2.2585890886e-01 8.4788450052e+01
1.3754251481e+00 2.4063145533e-01 8.4052847370e+01
1.4118746704e+00 2.4469390561e-01 8.3924819428e+01
1.2399831205e+00 2.2499717698e-01 8.5108001638e+01
1.3525376354e+00 2.3792315514e-01 8.4436755064e+01
1.3344467690e+00 2.3583037773e-01 8.4628613906e+01
1.2874064308e+00 2.3065998646e-01 8.4404772564e+01
1.3920732116e+00 2.4247802364e-01 8.4020843204e+01
1.2714183164e+00 2.2856720904e-01 8.5108001638e+01
1.2532817560e+00 2.2659753618e-01 8.4884332141e+01
1.3952617824e+00 2.4260112819e-01 8.4500714858e+01
1.2624937567e+00 2.2782858172e-01 8.4436755064e+01
1.3870072311e+00 2.4173939631e-01 8.4404772564e+01
1.1356195064e+00 2.1293293070e-01 8.5044103843e+01
1.4141598026e+00 2.4481701016e-01 8.4180845518e+01
1.3102869462e+00 2.3324518209e-01 8.4372788316e+01
1.3117008204e+00 2.3312207754e-01 8.5044103843e+01
1.2552300622e+00 2.2672064074e-01 8.5139948243e+01
1.2144036292e+00 2.2216577224e-01 8.4852373054e+01
1.2771095112e+00 2.2942894092e-01 8.4564667778e+01
1.3568548373e+00 2.3841557336e-01 8.4404772564e+01
1.3308614023e+00 2.3570727317e-01 8.4020843204e+01
1.3357757893e+00 2.3607658683e-01 8.4404772564e+01
1.3717368612e+00 2.4001593256e-01 8.4500714858e+01
1.3630119109e+00 2.3878488702e-01 8.5139948243e+01
1.3299000441e+00 2.3533795951e-01 8.4596641686e+01
1.2622420758e+00 2.2770547717e-01 8.4660584449e+01
1.3634034851e+00 2.3915420068e-01 8.4372788316e+01
1.2639405002e+00 2.2795168628e-01 8.4532692172e+01
1.3681688170e+00 2.3976972345e-01 8.4180845518e+01
1.2628160871e+00 2.2770547717e-01 8.4820412361e+01
1.2947802880e+00 2.3127550923e-01 8.4916289633e+01
1.2961577439e+00 2.3152171834e-01 8.4692553325e+01
1.2856861820e+00 2.3029067280e-01 8.4820412361e+01
1.3952954924e+00 2.4284733730e-01 8.3988837165e+01
1.3088396852e+00 2.3299897299e-01 8.4564667778e+01
1.2551243305e+00 2.2672064074e-01 8.5108001638e+01
1.2505788576e+00 2.2622822252e-01 8.5044103843e+01
1.2698734576e+00 2.2819789538e-01 8.5650894846e+01
1.2507815733e+00 2.2635132707e-01 8.4788450052e+01
1.2696008840e+00 2.2869031360e-01 8.4308814530e+01
1.2929913146e+00 2.3115240468e-01 8.4724520544e+01
1.3115747017e+00 2.3349139120e-01 8.4148848738e+01
1.3839516208e+00 2.4149318721e-01 8.4212840476e+01
1.2482775733e+00 2.2610511797e-01 8.4692553325e+01
1.2224442987e+00 2.2302750412e-01 8.5012152633e+01
1.2653818492e+00 2.2807479083e-01 8.4628613906e+01
1.2712682903e+00 2.2893652271e-01 8.4180845518e+01
1.2390555197e+00 2.2524338609e-01 8.4244833624e+01
1.2085056027e+00 2.2155024947e-01 8.4692553325e+01
1.3186182296e+00 2.3410691397e-01 8.4532692172e+01
1.3480062981e+00 2.3767694603e-01 8.3892807710e+01
1.2115133595e+00 2.2179645858e-01 8.4948245538e+01
1.3540403721e+00 2.3792315514e-01 8.4820412361e+01
1.2026987138e+00 2.2118093581e-01 8.3988837165e+01
1.4162746096e+00 2.4506321927e-01 8.4148848738e+01
1.2813189022e+00 2.2979825458e-01 8.4820412361e+01
1.2951808879e+00 2.3139861378e-01 8.4724520544e+01
1.3166360890e+00 2.3373760031e-01 8.4884332141e+01
1.2761397805e+00 2.2930583637e-01 8.4596641686e+01
1.2005801728e+00 2.2044230849e-01 8.5203836921e+01
1.3563869730e+00 2.3829246880e-01 8.4564667778e+01
1.2696733919e+00 2.2844410449e-01 8.4916289633e+01
1.2811055313e+00 2.2992135914e-01 8.4468735825e+01
1.2775838381e+00 2.2942894092e-01 8.4692553325e+01
1.2937982410e+00 2.3115240468e-01 8.4948245538e+01
1.2341385098e+00 2.2450475877e-01 8.4660584449e+01
1.4330957699e+00 2.4715599669e-01 8.3636644199e+01
1.3263375982e+00 2.3496864585e-01 8.4532692172e+01
1.2119201329e+00 2.2228887680e-01 8.3892807710e+01
1.2916086757e+00 2.3090619557e-01 8.4948245538e+01
1.3152681668e+00 2.3386070486e-01 8.4244833624e+01
1.2622492750e+00 2.2782858172e-01 8.4372788316e+01
1.2921309502e+00 2.3102930012e-01 8.4788450052e+01
1.2917789751e+00 2.3102930012e-01 8.4692553325e+01
1.2036705738e+00 2.2105783126e-01 8.4532692172e+01
1.1900229871e+00 2.1921126295e-01 8.5235779013e+01
1.3861518265e+00 2.4161629176e-01 8.4468735825e+01
1.1829685240e+00 2.1834953107e-01 8.5363532643e+01
1.3089322705e+00 2.3312207754e-01 8.4308814530e+01
1.2542535033e+00 2.2672064074e-01 8.4852373054e+01
1.2843626663e+00 2.3016756825e-01 8.4756486116e+01
1.2623582756e+00 2.2770547717e-01 8.4692553325e+01
1.3368823328e+00 2.3619969139e-01 8.4404772564e+01
1.3180833463e+00 2.3386070486e-01 8.4980199868e+01
1.2782770063e+00 2.2930583637e-01 8.5203836921e+01
1.2396400479e+00 2.2512028154e-01 8.4692553325e+01
1.3451501496e+00 2.3706142326e-01 8.4532692172e+01
1.3481461286e+00 2.3755384148e-01 8.4180845518e+01
1.2456529245e+00 2.2585890886e-01 8.4564667778e+01
1.2973096800e+00 2.3152171834e-01 8.5012152633e+01
1.2743158401e+00 2.2905962726e-01 8.4692553325e+01
1.3085926237e+00 2.3299897299e-01 8.4500714858e+01
1.2501448622e+00 2.2622822252e-01 8.4916289633e+01
1.3560561909e+00 2.3841557336e-01 8.4212840476e+01
1.3491153078e+00 2.3780005059e-01 8.3892807710e+01
1.3064777533e+00 2.3287586843e-01 8.4244833624e+01
1.2549984842e+00 2.2684374529e-01 8.4756486116e+01
1.3099016301e+00 2.3324518209e-01 8.4276824972e+01
1.2427621509e+00 2.2548959520e-01 8.4660584449e+01
1.3259707015e+00 2.3484554129e-01 8.4724520544e+01
1.2995072761e+00 2.3213724111e-01 8.4148848738e+01
1.4114278947e+00 2.4469390561e-01 8.3828778522e+01
1.2719040014e+00 2.2881341815e-01 8.4628613906e+01
1.3217427476e+00 2.3459933219e-01 8.4212840476e+01
1.3499238327e+00 2.3767694603e-01 8.4340802307e+01
1.3105441556e+00 2.3312207754e-01 8.4724520544e+01
1.2834094266e+00 2.3016756825e-01 8.4500714858e+01
1.2770177841e+00 2.2905962726e-01 8.5491263175e+01
1.3567236030e+00 2.3841557336e-01 8.4372788316e+01
1.3584853023e+00 2.3853867791e-01 8.4532692172e+01
1.3405885808e+00 2.3656900505e-01 8.4500714858e+01
1.2604183455e+00 2.2745926806e-01 8.4756486116e+01
1.3040224567e+00 2.3262965932e-01 8.4180845518e+01
1.2450222705e+00 2.2548959520e-01 8.5331596426e+01
1.3466119519e+00 2.3755384148e-01 8.3828778522e+01
1.2917172386e+00 2.3127550923e-01 8.4116850127e+01
1.1853728976e+00 2.1871884473e-01 8.5108001638e+01
1.4714488009e+00 2.5134155152e-01 8.3572583562e+01
1.2184713371e+00 2.2265819046e-01 8.4788450052e+01
1.3462117942e+00 2.3743073693e-01 8.3988837165e+01
1.2982297491e+00 2.3176792745e-01 8.4660584449e+01
1.2921084260e+00 2.3127550923e-01 8.4212840476e+01
1.3518797605e+00 2.3792315514e-01 8.4276824972e+01
1.2693357323e+00 2.2844410449e-01 8.4820412361e+01
1.3381357989e+00 2.3619969139e-01 8.4724520544e+01
1.3018089192e+00 2.3201413655e-01 8.5044103843e+01
1.2711670243e+00 2.2869031360e-01 8.4724520544e+01
1.3360321904e+00 2.3607658683e-01 8.4468735825e+01
1.2141951245e+00 2.2191956313e-01 8.5459332672e+01
1.3627329691e+00 2.3915420068e-01 8.4212840476e+01
1.2387880411e+00 2.2499717698e-01 8.4756486116e+01
1.3061481834e+00 2.3262965932e-01 8.4724520544e+01
1.3141999651e+00 2.3349139120e-01 8.4820412361e+01
1.2721388030e+00 2.2881341815e-01 8.4692553325e+01
1.3817045141e+00 2.4137008265e-01 8.3956829243e+01
1.3328406775e+00 2.3570727317e-01 8.4500714858e+01
1.4937055118e+00 2.5368053804e-01 8.3668671517e+01
1.3083455235e+00 2.3287586843e-01 8.4724520544e+01
1.3815386983e+00 2.4112387354e-01 8.4436755064e+01
1.2039819618e+00 2.2081162215e-01 8.5267719621e+01
1.3093881235e+00 2.3287586843e-01 8.5012152633e+01
1.2600724045e+00 2.2745926806e-01 8.4660584449e+01
1.2149366245e+00 2.2216577224e-01 8.5012152633e+01
1.3026159098e+00 2.3226034566e-01 8.4660584449e+01
1.2238319420e+00 2.2315060867e-01 8.5108001638e+01
1.3426774612e+00 2.3681521416e-01 8.4468735825e+01
1.1624199567e+00 2.1625675365e-01 8.4564667778e+01
1.3190060667e+00 2.3435312308e-01 8.4084849675e+01
1.3603699505e+00 2.3890799157e-01 8.4180845518e+01
1.3019603957e+00 2.3238345022e-01 8.4212840476e+01
1.3726323077e+00 2.4026214167e-01 8.4180845518e+01
1.2633726336e+00 2.2770547717e-01 8.4980199868e+01
1.3525866892e+00 2.3804625970e-01 8.4180845518e+01
1.2801373039e+00 2.2979825458e-01 8.4500714858e+01
1.3647810536e+00 2.3927730524e-01 8.4436755064e+01
1.2904470631e+00 2.3090619557e-01 8.4628613906e+01
1.3930152923e+00 2.4235491908e-01 8.4500714858e+01
1.2898234270e+00 2.3115240468e-01 8.3924819428e+01
1.3358263693e+00 2.3619969139e-01 8.4148848738e+01
1.2319727701e+00 2.2401234055e-01 8.5299658755e+01
1.2956470193e+00 2.3139861378e-01 8.4852373054e+01
1.1962079596e+00 2.1982678572e-01 8.5523192275e+01
1.2522554848e+00 2.2672064074e-01 8.4308814530e+01
1.3902374863e+00 2.4210870998e-01 8.4372788316e+01
1.3255738030e+00 2.3496864585e-01 8.4340802307e+01
1.3214859696e+00 2.3472243674e-01 8.3892807710e+01
1.3221358132e+00 2.3459933219e-01 8.4308814530e+01
1.3640551820e+00 2.3915420068e-01 8.4532692172e+01
1.2257722801e+00 2.2339681778e-01 8.5044103843e+01
1.2481625964e+00 2.2610511797e-01 8.4660584449e+01
1.2697286465e+00 2.2856720904e-01 8.4628613906e+01
1.3038330576e+00 2.3238345022e-01 8.4692553325e+01
1.2993142096e+00 2.3201413655e-01 8.4372788316e+01
1.4003254228e+00 2.4346286007e-01 8.3860794078e+01
1.3598625524e+00 2.3915420068e-01 8.3572583562e+01
1.2884987895e+00 2.3078309102e-01 8.4404772564e+01
1.4049843939e+00 2.4370906918e-01 8.4404772564e+01
1.2955187779e+00 2.3164482289e-01 8.4244833624e+01
1.2055752363e+00 2.2130404036e-01 8.4468735825e+01
1.2947033034e+00 2.3139861378e-01 8.4596641686e+01
1.3954418461e+00 2.4272423274e-01 8.4276824972e+01
1.3808125700e+00 2.4100076899e-01 8.4532692172e+01
1.3145569567e+00 2.3373760031e-01 8.4340802307e+01
1.3065196839e+00 2.3275276388e-01 8.4532692172e+01
1.3643105931e+00 2.3915420068e-01 8.4596641686e+01
1.2985942097e+00 2.3189103200e-01 8.4468735825e+01
1.4355083038e+00 2.4715599669e-01 8.4148848738e+01
1.2871209852e+00 2.3029067280e-01 8.5235779013e+01
1.1529522440e+00 2.1502570811e-01 8.4884332141e+01
1.2648744073e+00 2.2795168628e-01 8.4788450052e+01
1.1869301522e+00 2.1884194929e-01 8.5267719621e+01
1.1962141816e+00 2.1994989027e-01 8.5171893334e+01
1.3047655172e+00 2.3238345022e-01 8.4948245538e+01
1.3724942384e+00 2.4026214167e-01 8.4148848738e+01
1.2602030897e+00 2.2758237261e-01 8.4404772564e+01
1.3193515913e+00 2.3410691397e-01 8.4724520544e+01
1.3321993369e+00 2.3570727317e-01 8.4340802307e+01
1.3116394475e+00 2.3336828665e-01 8.4436755064e+01
1.3229021959e+00 2.3459933219e-01 8.4500714858e+01
1.1998089872e+00 2.2031920393e-01 8.5299658755e+01
1.3243788005e+00 2.3472243674e-01 8.4596641686e+01
1.2558526187e+00 2.2696684984e-01 8.4692553325e+01
1.3312239184e+00 2.3558416862e-01 8.4372788316e+01
1.2250097083e+00 2.2327371323e-01 8.5139948243e+01
1.3879844368e+00 2.4210870998e-01 8.3860794078e+01
1.2715115580e+00 2.2869031360e-01 8.4820412361e+01
1.2470096895e+00 2.2585890886e-01 8.4948245538e+01
1.2856861820e+00 2.3029067280e-01 8.4820412361e+01
1.2769891622e+00 2.2942894092e-01 8.4532692172e+01
1.3703321482e+00 2.4026214167e-01 8.3668671517e+01
1.2181738625e+00 2.2278129501e-01 8.4404772564e+01
1.2967720310e+00 2.3164482289e-01 8.4564667778e+01
1.2145861795e+00 2.2228887680e-01 8.4596641686e+01
1.2559945877e+00 2.2684374529e-01 8.5044103843e+01
1.3613437177e+00 2.3878488702e-01 8.4692553325e+01
1.2592407859e+00 2.2745926806e-01 8.4436755064e+01
1.2989349257e+00 2.3176792745e-01 8.4852373054e+01
1.3089621306e+00 2.3299897299e-01 8.4596641686e+01
1.3636664217e+00 2.3915420068e-01 8.4436755064e+01
1.1406654060e+00 2.1342534891e-01 8.5331596426e+01
1.3387053269e+00 2.3644590050e-01 8.4308814530e+01
1.3232755163e+00 2.3459933219e-01 8.4596641686e+01
1.2006163810e+00 2.2056541304e-01 8.4884332141e+01
1.3022524790e+00 2.3226034566e-01 8.4564667778e+01
1.3206971805e+00 2.3435312308e-01 8.4500714858e+01
1.2352153146e+00 2.2462786332e-01 8.4660584449e+01
1.1683447170e+00 2.1687227642e-01 8.4756486116e+01
1.3589827528e+00 2.3878488702e-01 8.4116850127e+01
1.2652130747e+00 2.2795168628e-01 8.4884332141e+01
1.3139647501e+00 2.3361449576e-01 8.4468735825e+01
1.2730357332e+00 2.2869031360e-01 8.5267719621e+01
1.3032268577e+00 2.3238345022e-01 8.4532692172e+01
1.4272932261e+00 2.4617116025e-01 8.4340802307e+01
1.2786738217e+00 2.2955204548e-01 8.4692553325e+01
1.3493908906e+00 2.3767694603e-01 8.4212840476e+01
1.4249814328e+00 2.4580184659e-01 8.4596641686e+01
1.3940048879e+00 2.4297044185e-01 8.3476477450e+01
1.3552135146e+00 2.3829246880e-01 8.4276824972e+01
1.1571203226e+00 2.1514881267e-01 8.5970057995e+01
1.3555087689e+00 2.3841557336e-01 8.4084849675e+01
1.2293742239e+00 2.2401234055e-01 8.4532692172e+01
1.4564075879e+00 2.4937187866e-01 8.4244833624e+01
1.2708161610e+00 2.2869031360e-01 8.4628613906e+01
1.3408413423e+00 2.3656900505e-01 8.4564667778e+01
1.2726103261e+00 2.2905962726e-01 8.4244833624e+01
1.2303946840e+00 2.2401234055e-01 8.4820412361e+01
1.4534834203e+00 2.4924877410e-01 8.3860794078e+01
1.2833052359e+00 2.2992135914e-01 8.5076053508e+01
1.3023410407e+00 2.3213724111e-01 8.4884332141e+01
1.3299895417e+00 2.3546106406e-01 8.4340802307e+01
1.3303429473e+00 2.3521485496e-01 8.5012152633e+01
1.1458187694e+00 2.1404087168e-01 8.5299658755e+01
1.3421996604e+00 2.3669210960e-01 8.4628613906e+01
1.3975095378e+00 2.4284733730e-01 8.4500714858e+01
1.3650969280e+00 2.3940040979e-01 8.4244833624e+01
1.3313528218e+00 2.3558416862e-01 8.4404772564e+01
1.3927808206e+00 2.4247802364e-01 8.4180845518e+01
1.2617519120e+00 2.2782858172e-01 8.4244833624e+01
1.2986280728e+00 2.3164482289e-01 8.5076053508e+01
1.3450876796e+00 2.3718452782e-01 8.4244833624e+01
1.2918970142e+00 2.3102930012e-01 8.4724520544e+01
1.2476508119e+00 2.2585890886e-01 8.5139948243e+01
1.2760940254e+00 2.2918273181e-01 8.4884332141e+01
1.2870075495e+00 2.3041377735e-01 8.4884332141e+01
1.2079583376e+00 2.2130404036e-01 8.5171893334e+01
1.4073691259e+00 2.4420148739e-01 8.3924819428e+01
1.2093281074e+00 2.2142714492e-01 8.5267719621e+01
1.2386931289e+00 2.2487407243e-01 8.5044103843e+01
1.2599556954e+00 2.2745926806e-01 8.4628613906e+01
1.1939014055e+00 2.1982678572e-01 8.4788450052e+01
1.2587541331e+00 2.2733616351e-01 8.4596641686e+01
1.3099401111e+00 2.3336828665e-01 8.4020843204e+01
1.2785911777e+00 2.2930583637e-01 8.5299658755e+01
1.3611755830e+00 2.3890799157e-01 8.4372788316e+01
1.1817155307e+00 2.1822642652e-01 8.5299658755e+01
1.2144036292e+00 2.2216577224e-01 8.4852373054e+01
1.3140372092e+00 2.3373760031e-01 8.4212840476e+01
1.3612083479e+00 2.3903109613e-01 8.4116850127e+01
1.3876805209e+00 2.4161629176e-01 8.4852373054e+01
1.2625042714e+00 2.2758237261e-01 8.5044103843e+01
1.3685168210e+00 2.3964661890e-01 8.4532692172e+01
1.3215471903e+00 2.3447622763e-01 8.4436755064e+01
1.3553468936e+00 2.3829246880e-01 8.4308814530e+01
1.3018825672e+00 2.3226034566e-01 8.4468735825e+01
1.2059118947e+00 2.2093472670e-01 8.5555119982e+01
1.2053436507e+00 2.2093472670e-01 8.5363532643e+01
1.3978261234e+00 2.4297044185e-01 8.4308814530e+01
1.1910871448e+00 2.1933436750e-01 8.5235779013e+01
1.3147454809e+00 2.3398380942e-01 8.3860794078e+01
1.2748111283e+00 2.2918273181e-01 8.4532692172e+01
1.3245997015e+00 2.3484554129e-01 8.4372788316e+01
1.2719040014e+00 2.2881341815e-01 8.4628613906e+01
1.4200669816e+00 2.4555563748e-01 8.3988837165e+01
1.2028148524e+00 2.2068851759e-01 8.5235779013e+01
1.2769734354e+00 2.2918273181e-01 8.5139948243e+01
1.3656443415e+00 2.3964661890e-01 8.3860794078e+01
1.3594702040e+00 2.3866178247e-01 8.4500714858e+01
1.3650411803e+00 2.3927730524e-01 8.4500714858e+01
1.2660744405e+00 2.2807479083e-01 8.4820412361e+01
1.3364918892e+00 2.3619969139e-01 8.4308814530e+01
1.4346273587e+00 2.4715599669e-01 8.3956829243e+01
1.1771581216e+00 2.1761090375e-01 8.5555119982e+01
1.4164168379e+00 2.4506321927e-01 8.4180845518e+01
1.2525281997e+00 2.2647443163e-01 8.4980199868e+01
1.3428116882e+00 2.3669210960e-01 8.4788450052e+01
1.3112581802e+00 2.3336828665e-01 8.4340802307e+01
1.4562183640e+00 2.4949498321e-01 8.3956829243e+01
1.4294066456e+00 2.4654047392e-01 8.4052847370e+01
1.1985455741e+00 2.2019609938e-01 8.5235779013e+01
1.2676764273e+00 2.2844410449e-01 8.4372788316e+01
1.3015188843e+00 2.3213724111e-01 8.4660584449e+01
1.2089467075e+00 2.2118093581e-01 8.5874322654e+01
1.2478135166e+00 2.2610511797e-01 8.4564667778e+01
1.3206971805e+00 2.3435312308e-01 8.4500714858e+01
1.3254439381e+00 2.3496864585e-01 8.4308814530e+01
1.1936784336e+00 2.1970368116e-01 8.5044103843e+01
1.2915407544e+00 2.3102930012e-01 8.4628613906e+01
1.2884987895e+00 2.3078309102e-01 8.4404772564e+01
1.4981398820e+00 2.5417295626e-01 8.3636644199e+01
1.1741006729e+00 2.1736469464e-01 8.5235779013e+01
1.2847196819e+00 2.3041377735e-01 8.4276824972e+01
1.2126894738e+00 2.2191956313e-01 8.4980199868e+01
1.2914980679e+00 2.3078309102e-01 8.5235779013e+01
1.4355178657e+00 2.4740220579e-01 8.3668671517e+01
1.2906245050e+00 2.3115240468e-01 8.4116850127e+01
1.2866844720e+00 2.3053688191e-01 8.4500714858e+01
1.2951178103e+00 2.3127550923e-01 8.5012152633e+01
1.3373925815e+00 2.3619969139e-01 8.4532692172e+01
1.2903067855e+00 2.3102930012e-01 8.4308814530e+01
1.1962052979e+00 2.1970368116e-01 8.5906235703e+01
1.2400900851e+00 2.2512028154e-01 8.4820412361e+01
1.2131057552e+00 2.2191956313e-01 8.5108001638e+01
1.2770896215e+00 2.2955204548e-01 8.4276824972e+01
1.2579040403e+00 2.2721305895e-01 8.4660584449e+01
1.2568203486e+00 2.2708995440e-01 8.4660584449e+01
1.2418239881e+00 2.2524338609e-01 8.5012152633e+01
1.1511015498e+00 2.1453328990e-01 8.5682817082e+01
1.2833052359e+00 2.2992135914e-01 8.5076053508e+01
1.3635729653e+00 2.3903109613e-01 8.4692553325e+01
1.2721527577e+00 2.2856720904e-01 8.5331596426e+01
1.2617393435e+00 2.2745926806e-01 8.5139948243e+01
1.2981097083e+00 2.3176792745e-01 8.4628613906e+01
1.2947033034e+00 2.3139861378e-01 8.4596641686e+01
1.2741986023e+00 2.2905962726e-01 8.4660584449e+01
1.3678927708e+00 2.3976972345e-01 8.4116850127e+01
1.3706201189e+00 2.3989282800e-01 8.4500714858e+01
1.3215566736e+00 2.3435312308e-01 8.4724520544e+01
1.2894663892e+00 2.3090619557e-01 8.4372788316e+01
1.2859147337e+00 2.3029067280e-01 8.4884332141e+01
1.3126242430e+00 2.3336828665e-01 8.4692553325e+01
1.2702173192e+00 2.2869031360e-01 8.4468735825e+01
1.2096143454e+00 2.2179645858e-01 8.4404772564e+01
1.2544207802e+00 2.2684374529e-01 8.4596641686e+01
1.3083426675e+00 2.3299897299e-01 8.4436755064e+01
1.2429904776e+00 2.2548959520e-01 8.4724520544e+01
1.3484821215e+00 2.3730763237e-01 8.4820412361e+01
1.2177992174e+00 2.2265819046e-01 8.4596641686e+01
1.3656615748e+00 2.3915420068e-01 8.4948245538e+01
1.3001557004e+00 2.3213724111e-01 8.4308814530e+01
1.2656155148e+00 2.2807479083e-01 8.4692553325e+01
1.3009100502e+00 2.3213724111e-01 8.4500714858e+01
1.3048552603e+00 2.3275276388e-01 8.4116850127e+01
1.3298592684e+00 2.3546106406e-01 8.4308814530e+01
1.2634115980e+00 2.2807479083e-01 8.4116850127e+01
1.3715159584e+00 2.4013903711e-01 8.4180845518e+01
1.3257029347e+00 2.3496864585e-01 8.4372788316e+01
1.2381015027e+00 2.2512028154e-01 8.4276824972e+01
1.2036032248e+00 2.2093472670e-01 8.4820412361e+01
1.2778167609e+00 2.2942894092e-01 8.4756486116e+01
1.3620766585e+00 2.3878488702e-01 8.4884332141e+01
1.3261529853e+00 2.3509175040e-01 8.4212840476e+01
1.3450230028e+00 2.3706142326e-01 8.4500714858e+01
1.3735775614e+00 2.4026214167e-01 8.4404772564e+01
1.2579040403e+00 2.2721305895e-01 8.4660584449e+01
1.3599298194e+00 2.3878488702e-01 8.4340802307e+01
1.4841757313e+00 2.5257259706e-01 8.3828778522e+01
1.2476493581e+00 2.2598201341e-01 8.4820412361e+01
1.2073405250e+00 2.2130404036e-01 8.4980199868e+01
1.2904333983e+00 2.3102930012e-01 8.4340802307e+01
1.2878717717e+00 2.3053688191e-01 8.4820412361e+01
1.3031279675e+00 2.3213724111e-01 8.5108001638e+01
1.2887466153e+00 2.3078309102e-01 8.4468735825e+01
1.3283600309e+00 2.3533795951e-01 8.4212840476e+01
1.2644191577e+00 2.2807479083e-01 8.4372788316e+01
1.3273653422e+00 2.3484554129e-01 8.5108001638e+01
1.2189720572e+00 2.2253508590e-01 8.5267719621e+01
1.2516619561e+00 2.2659753618e-01 8.4436755064e+01
1.3029728613e+00 2.3226034566e-01 8.4756486116e+01
1.2883738063e+00 2.3078309102e-01 8.4372788316e+01
1.3952954924e+00 2.4284733730e-01 8.3988837165e+01
1.2553367694e+00 2.2684374529e-01 8.4852373054e+01
1.4334941146e+00 2.4703289213e-01 8.3956829243e+01
1.3560561909e+00 2.3841557336e-01 8.4212840476e+01
1.1274824250e+00 2.1170188516e-01 8.5874322654e+01
1.1738068143e+00 2.1736469464e-01 8.5139948243e+01
1.2944363314e+00 2.3127550923e-01 8.4820412361e+01
1.2455353735e+00 2.2585890886e-01 8.4532692172e+01
1.2675545955e+00 2.2832099994e-01 8.4628613906e+01
1.1541176391e+00 2.1477949901e-01 8.6033875278e+01
1.1817155307e+00 2.1822642652e-01 8.5299658755e+01
1.2314706343e+00 2.2413544510e-01 8.4820412361e+01
1.3223941994e+00 2.3459933219e-01 8.4372788316e+01
1.3236422583e+00 2.3459933219e-01 8.4692553325e+01
1.3759832605e+00 2.4063145533e-01 8.4180845518e+01
1.2591191913e+00 2.2745926806e-01 8.4404772564e+01
1.3692758625e+00 2.4001593256e-01 8.3924819428e+01
1.3082260663e+00 2.3287586843e-01 8.4692553325e+01
1.2035821266e+00 2.2081162215e-01 8.5139948243e+01
1.1708014716e+00 2.1687227642e-01 8.5555119982e+01
1.3723633910e+00 2.3989282800e-01 8.4948245538e+01
1.3464897726e+00 2.3743073693e-01 8.4052847370e+01
1.3286931257e+00 2.3496864585e-01 8.5171893334e+01
1.3389986659e+00 2.3632279594e-01 8.4660584449e+01
1.3192842734e+00 2.3447622763e-01 8.3892807710e+01
1.2576158374e+00 2.2708995440e-01 8.4884332141e+01
1.2637883814e+00 2.2782858172e-01 8.4788450052e+01
1.2713046759e+00 2.2881341815e-01 8.4468735825e+01
1.2593337191e+00 2.2733616351e-01 8.4756486116e+01
1.3181147472e+00 2.3410691397e-01 8.4404772564e+01
1.5117840139e+00 2.5552710635e-01 8.3828778522e+01
1.4718097397e+00 2.5109534241e-01 8.4116850127e+01
1.2599556954e+00 2.2745926806e-01 8.4628613906e+01
1.3036994291e+00 2.3250655477e-01 8.4372788316e+01
1.3115130840e+00 2.3336828665e-01 8.4404772564e+01
1.1883776929e+00 2.1896505384e-01 8.5395467416e+01
1.2390085121e+00 2.2487407243e-01 8.5139948243e+01
1.2728624374e+00 2.2905962726e-01 8.4308814530e+01
1.2418802025e+00 2.2512028154e-01 8.5363532643e+01
1.3308808655e+00 2.3546106406e-01 8.4564667778e+01
1.2713046759e+00 2.2881341815e-01 8.4468735825e+01
1.3034714994e+00 2.3238345022e-01 8.4596641686e+01
1.3414602929e+00 2.3656900505e-01 8.4724520544e+01
1.2875230567e+00 2.3053688191e-01 8.4724520544e+01
1.3308679611e+00 2.3533795951e-01 8.4852373054e+01
1.1857150872e+00 2.1884194929e-01 8.4884332141e+01
1.3300236035e+00 2.3533795951e-01 8.4628613906e+01
1.3822743646e+00 2.4137008265e-01 8.4084849675e+01
1.2680461685e+00 2.2819789538e-01 8.5076053508e+01
1.3321993369e+00 2.3570727317e-01 8.4340802307e+01
1.2424144955e+00 2.2548959520e-01 8.4564667778e+01
1.2169544292e+00 2.2253508590e-01 8.4660584449e+01
1.3096914259e+00 2.3312207754e-01 8.4500714858e+01
1.2441833209e+00 2.2561269975e-01 8.4756486116e+01
1.3220383028e+00 2.3472243674e-01 8.4020843204e+01
1.2168266390e+00 2.2228887680e-01 8.5267719621e+01
1.4623178989e+00 2.5035671509e-01 8.3572583562e+01
1.4536857916e+00 2.4937187866e-01 8.3668671517e+01
1.1589990601e+00 2.1551812633e-01 8.5491263175e+01
1.3236249866e+00 2.3472243674e-01 8.4404772564e+01
1.3058939770e+00 2.3275276388e-01 8.4372788316e+01
1.2780468571e+00 2.2942894092e-01 8.4820412361e+01
1.3476219376e+00 2.3730763237e-01 8.4596641686e+01
1.3493984181e+00 2.3780005059e-01 8.3956829243e+01
1.3755355922e+00 2.4075455988e-01 8.3828778522e+01
1.2562093508e+00 2.2721305895e-01 8.4212840476e+01
1.2876400068e+00 2.3053688191e-01 8.4756486116e+01
1.2629287933e+00 2.2770547717e-01 8.4852373054e+01
1.2226540001e+00 2.2302750412e-01 8.5076053508e+01
1.3088396852e+00 2.3299897299e-01 8.4564667778e+01
1.3591157460e+00 2.3853867791e-01 8.4692553325e+01
1.2831542936e+00 2.3004446369e-01 8.4724520544e+01
1.4106349165e+00 2.4444769650e-01 8.4148848738e+01
1.4060959400e+00 2.4407838284e-01 8.3892807710e+01
1.2679046092e+00 2.2832099994e-01 8.4724520544e+01
1.1911541125e+00 2.1921126295e-01 8.5618971257e+01
1.2755210756e+00 2.2955204548e-01 8.3892807710e+01
1.3532865737e+00 2.3816936425e-01 8.4084849675e+01
1.2951808879e+00 2.3139861378e-01 8.4724520544e+01
1.1989357747e+00 2.2019609938e-01 8.5363532643e+01
1.2484148608e+00 2.2598201341e-01 8.5044103843e+01
1.3574376124e+00 2.3853867791e-01 8.4276824972e+01
1.2564447596e+00 2.2672064074e-01 8.5523192275e+01
1.2332886799e+00 2.2438165421e-01 8.4724520544e+01
1.2029137287e+00 2.2068851759e-01 8.5267719621e+01
1.3042833745e+00 2.3262965932e-01 8.4244833624e+01
1.3274416515e+00 2.3509175040e-01 8.4532692172e+01
1.3446371061e+00 2.3706142326e-01 8.4404772564e+01
1.2822951702e+00 2.2992135914e-01 8.4788450052e+01
1.3221745543e+00 2.3472243674e-01 8.4052847370e+01
1.2245749966e+00 2.2339681778e-01 8.4692553325e+01
1.2011107682e+00 2.2031920393e-01 8.5746657535e+01
1.2653818492e+00 2.2807479083e-01 8.4628613906e+01
1.3440409649e+00 2.3693831871e-01 8.4532692172e+01
1.2855991755e+00 2.3016756825e-01 8.5108001638e+01
1.3575711981e+00 2.3853867791e-01 8.4308814530e+01
1.3478349584e+00 2.3743073693e-01 8.4372788316e+01
1.2950625656e+00 2.3139861378e-01 8.4692553325e+01
1.2641224706e+00 2.2770547717e-01 8.5203836921e+01
1.3516842333e+00 2.3780005059e-01 8.4500714858e+01
1.2933414271e+00 2.3115240468e-01 8.4820412361e+01
1.3912368308e+00 2.4235491908e-01 8.4084849675e+01
1.1890569655e+00 2.1908815839e-01 8.5267719621e+01
1.3212919306e+00 2.3447622763e-01 8.4372788316e+01
1.2607580085e+00 2.2745926806e-01 8.4852373054e+01
1.2874053948e+00 2.3053688191e-01 8.4692553325e+01
1.3943171882e+00 2.4272423274e-01 8.4020843204e+01
1.3457462111e+00 2.3718452782e-01 8.4404772564e+01
1.3088396852e+00 2.3299897299e-01 8.4564667778e+01
1.2025187569e+00 2.2056541304e-01 8.5491263175e+01
1.3733679025e+00 2.4013903711e-01 8.4628613906e+01
1.3625823105e+00 2.3890799157e-01 8.4724520544e+01
1.2065833859e+00 2.2118093581e-01 8.5076053508e+01
1.3643105931e+00 2.3915420068e-01 8.4596641686e+01
1.2701779861e+00 2.2832099994e-01 8.5395467416e+01
1.3797486176e+00 2.4100076899e-01 8.4276824972e+01
1.2304903470e+00 2.2388923600e-01 8.5171893334e+01
1.3900778469e+00 2.4235491908e-01 8.3828778522e+01
1.2259811456e+00 2.2339681778e-01 8.5108001638e+01
1.4592202006e+00 2.4998740143e-01 8.3636644199e+01
1.2550008611e+00 2.2708995440e-01 8.4180845518e+01
1.2965108449e+00 2.3152171834e-01 8.4788450052e+01
1.3798226549e+00 2.4087766444e-01 8.4564667778e+01
1.4189576694e+00 2.4530942838e-01 8.4244833624e+01
1.2524968345e+00 2.2635132707e-01 8.5299658755e+01
1.2143811654e+00 2.2204266769e-01 8.5171893334e+01
1.2756186463e+00 2.2942894092e-01 8.4180845518e+01
1.2266354500e+00 2.2351992233e-01 8.4980199868e+01
1.3486020315e+00 2.3730763237e-01 8.4852373054e+01
1.3721231852e+00 2.4001593256e-01 8.4596641686e+01
1.2998984911e+00 2.3213724111e-01 8.4244833624e+01
1.3258122868e+00 2.3459933219e-01 8.5299658755e+01
1.4006440397e+00 2.4333975551e-01 8.4180845518e+01
1.3537973800e+00 2.3792315514e-01 8.4756486116e+01
1.2984049462e+00 2.3226034566e-01 8.3636644199e+01
1.3552305591e+00 2.3841557336e-01 8.4020843204e+01
1.3268064892e+00 2.3509175040e-01 8.4372788316e+01
1.2677886397e+00 2.2832099994e-01 8.4692553325e+01
1.3029067250e+00 2.3213724111e-01 8.5044103843e+01
1.3189881891e+00 2.3410691397e-01 8.4628613906e+01
1.3112825584e+00 2.3324518209e-01 8.4628613906e+01
1.3084680075e+00 2.3299897299e-01 8.4468735825e+01
1.2252382418e+00 2.2339681778e-01 8.4884332141e+01
1.2476508119e+00 2.2585890886e-01 8.5139948243e+01
1.4171164749e+00 2.4518632382e-01 8.4084849675e+01
1.1926201833e+00 2.1970368116e-01 8.4724520544e+01
1.2695615406e+00 2.2844410449e-01 8.4884332141e+01
1.2288727123e+00 2.2388923600e-01 8.4692553325e+01
1.3138445250e+00 2.3349139120e-01 8.4724520544e+01
1.3575711981e+00 2.3853867791e-01 8.4308814530e+01
1.3406730843e+00 2.3681521416e-01 8.3988837165e+01
1.2960386108e+00 2.3152171834e-01 8.4660584449e+01
1.2555430962e+00 2.2672064074e-01 8.5235779013e+01
1.2991875058e+00 2.3201413655e-01 8.4340802307e+01
1.3525376354e+00 2.3792315514e-01 8.4436755064e+01
1.2840105283e+00 2.3016756825e-01 8.4660584449e+01
1.3784937324e+00 2.4087766444e-01 8.4244833624e+01
1.2877768028e+00 2.3065998646e-01 8.4500714858e+01
1.3603699505e+00 2.3890799157e-01 8.4180845518e+01
1.3207726412e+00 2.3447622763e-01 8.4244833624e+01
1.4593924539e+00 2.4974119232e-01 8.4148848738e+01
1.2345231951e+00 2.2425854966e-01 8.5427400756e+01
1.1483798718e+00 2.1428708079e-01 8.5459332672e+01
1.3730505065e+00 2.4038524622e-01 8.4020843204e+01
1.2845627395e+00 2.2992135914e-01 8.5459332672e+01
1.1627377326e+00 2.1613364910e-01 8.4980199868e+01
1.2972493236e+00 2.3176792745e-01 8.4404772564e+01
1.2904927819e+00 2.3115240468e-01 8.4084849675e+01
1.3227796583e+00 2.3447622763e-01 8.4756486116e+01
1.3347980355e+00 2.3595348228e-01 8.4436755064e+01
1.3647810536e+00 2.3927730524e-01 8.4436755064e+01
1.3308679611e+00 2.3533795951e-01 8.4852373054e+01
1.3418235559e+00 2.3669210960e-01 8.4532692172e+01
1.2934567022e+00 2.3115240468e-01 8.4852373054e+01
1.3507008714e+00 2.3767694603e-01 8.4532692172e+01
1.2329834450e+00 2.2425854966e-01 8.4948245538e+01
1.1874982088e+00 2.1896505384e-01 8.5108001638e+01
1.3683875887e+00 2.3964661890e-01 8.4500714858e+01
1.2757790239e+00 2.2930583637e-01 8.4500714858e+01
1.2481995980e+00 2.2598201341e-01 8.4980199868e+01
1.2301726880e+00 2.2401234055e-01 8.4756486116e+01
1.2177991458e+00 2.2241198135e-01 8.5235779013e+01
1.3044212464e+00 2.3238345022e-01 8.4852373054e+01
1.2916525272e+00 2.3115240468e-01 8.4372788316e+01
1.2865472351e+00 2.3041377735e-01 8.4756486116e+01
1.2897931855e+00 2.3102930012e-01 8.4180845518e+01
1.2460014343e+00 2.2585890886e-01 8.4660584449e+01
1.2922373893e+00 2.3127550923e-01 8.4244833624e+01
1.2417165405e+00 2.2524338609e-01 8.4980199868e+01
1.2875230567e+00 2.3053688191e-01 8.4724520544e+01
1.2661120180e+00 2.2819789538e-01 8.4532692172e+01
1.2876540583e+00 2.3065998646e-01 8.4468735825e+01
1.3503657705e+00 2.3780005059e-01 8.4180845518e+01
1.2735964022e+00 2.2881341815e-01 8.5108001638e+01
1.3718663924e+00 2.4001593256e-01 8.4532692172e+01
1.3595986405e+00 2.3866178247e-01 8.4532692172e+01
1.1952481473e+00 2.1982678572e-01 8.5203836921e+01
1.3980322383e+00 2.4284733730e-01 8.4628613906e+01
1.3212919306e+00 2.3447622763e-01 8.4372788316e+01
1.3589489554e+00 2.3866178247e-01 8.4372788316e+01
1.3716498931e+00 2.4026214167e-01 8.3956829243e+01
1.2762586199e+00 2.2930583637e-01 8.4628613906e+01
1.2291399529e+00 2.2401234055e-01 8.4468735825e+01
1.2426880058e+00 2.2536649064e-01 8.4948245538e+01
1.4018758380e+00 2.4333975551e-01 8.4468735825e+01
1.2686414580e+00 2.2844410449e-01 8.4628613906e+01
1.3996257560e+00 2.4309354641e-01 8.4468735825e+01
1.2947323741e+00 2.3164482289e-01 8.4052847370e+01
1.2820731773e+00 2.3004446369e-01 8.4436755064e+01
1.2114688880e+00 2.2167335403e-01 8.5267719621e+01
1.2798811334e+00 2.2967515003e-01 8.4724520544e+01
1.3125758134e+00 2.3324518209e-01 8.4980199868e+01
1.2771095112e+00 2.2942894092e-01 8.4564667778e+01
1.2904015190e+00 2.3078309102e-01 8.4916289633e+01
1.2751636318e+00 2.2930583637e-01 8.4340802307e+01
1.1939830025e+00 2.1970368116e-01 8.5139948243e+01
1.2313598860e+00 2.2413544510e-01 8.4788450052e+01
1.2219912514e+00 2.2290439956e-01 8.5203836921e+01
1.3279365804e+00 2.3509175040e-01 8.4660584449e+01
1.3504656672e+00 2.3804625970e-01 8.3700696849e+01
1.2519129551e+00 2.2622822252e-01 8.5459332672e+01
1.3010200957e+00 2.3250655477e-01 8.3732720205e+01
1.2436103132e+00 2.2561269975e-01 8.4596641686e+01
1.2534550951e+00 2.2672064074e-01 8.4628613906e+01
1.3389692984e+00 2.3619969139e-01 8.4948245538e+01
1.2260353017e+00 2.2315060867e-01 8.5842408323e+01
1.2383328825e+00 2.2499717698e-01 8.4628613906e+01
1.1384765484e+00 2.1317913981e-01 8.5299658755e+01
1.2693483892e+00 2.2832099994e-01 8.5139948243e+01
1.3899295138e+00 2.4235491908e-01 8.3796761031e+01
1.2313598860e+00 2.2413544510e-01 8.4788450052e+01
1.2657496646e+00 2.2819789538e-01 8.4436755064e+01
1.1854730815e+00 2.1871884473e-01 8.5139948243e+01
1.3382459991e+00 2.3632279594e-01 8.4468735825e+01
1.3161657785e+00 2.3373760031e-01 8.4756486116e+01
1.3669192276e+00 2.3940040979e-01 8.4692553325e+01
1.3214770456e+00 2.3459933219e-01 8.4148848738e+01
1.2585885243e+00 2.2708995440e-01 8.5171893334e+01
1.2830621672e+00 2.2979825458e-01 8.5331596426e+01
1.3190883579e+00 2.3423001852e-01 8.4372788316e+01
1.2091606415e+00 2.2155024947e-01 8.4884332141e+01
1.4478414915e+00 2.4875635589e-01 8.3636644199e+01
1.3983731514e+00 2.4321665096e-01 8.3924819428e+01
1.2722702821e+00 2.2893652271e-01 8.4436755064e+01
1.1834482944e+00 2.1847263562e-01 8.5171893334e+01
1.3522767264e+00 2.3792315514e-01 8.4372788316e+01
1.3692758625e+00 2.4001593256e-01 8.3924819428e+01
1.3155638522e+00 2.3410691397e-01 8.3796761031e+01
1.3509273536e+00 2.3792315514e-01 8.4052847370e+01
1.1768850049e+00 2.1773400830e-01 8.5108001638e+01
1.3282939639e+00 2.3521485496e-01 8.4468735825e+01
1.3106657369e+00 2.3324518209e-01 8.4468735825e+01
1.3642517609e+00 2.3927730524e-01 8.4308814530e+01
1.2228609943e+00 2.2302750412e-01 8.5139948243e+01
1.3316730059e+00 2.3570727317e-01 8.4212840476e+01
1.3173920711e+00 2.3398380942e-01 8.4500714858e+01
1.3271953514e+00 2.3496864585e-01 8.4756486116e+01
1.3442728979e+00 2.3718452782e-01 8.4052847370e+01
1.2693493822e+00 2.2869031360e-01 8.4244833624e+01
1.3044538099e+00 2.3275276388e-01 8.4020843204e+01
1.4025733392e+00 2.4370906918e-01 8.3860794078e+01
1.2913998147e+00 2.3115240468e-01 8.4308814530e+01
1.3116439560e+00 2.3324518209e-01 8.4724520544e+01
1.3945921007e+00 2.4260112819e-01 8.4340802307e+01
1.3443761275e+00 2.3706142326e-01 8.4340802307e+01
1.4065363683e+00 2.4407838284e-01 8.3988837165e+01
1.3864688012e+00 2.4186250087e-01 8.4020843204e+01
1.2757467758e+00 2.2942894092e-01 8.4212840476e+01
1.3110003737e+00 2.3336828665e-01 8.4276824972e+01
1.2746902670e+00 2.2918273181e-01 8.4500714858e+01
1.3441672707e+00 2.3693831871e-01 8.4564667778e+01
1.2868935375e+00 2.3041377735e-01 8.4852373054e+01
1.3220383028e+00 2.3472243674e-01 8.4020843204e+01
1.2957981950e+00 2.3152171834e-01 8.4596641686e+01
1.3752762464e+00 2.4050835077e-01 8.4276824972e+01
1.3218745010e+00 2.3459933219e-01 8.4244833624e+01
1.3029728613e+00 2.3226034566e-01 8.4756486116e+01
1.3578777452e+00 2.3841557336e-01 8.4660584449e+01
1.3975507008e+00 2.4297044185e-01 8.4244833624e+01
1.3470393158e+00 2.3755384148e-01 8.3924819428e+01
1.3062715689e+00 2.3275276388e-01 8.4468735825e+01
1.3876889906e+00 2.4210870998e-01 8.3796761031e+01
1.3060289156e+00 2.3262965932e-01 8.4692553325e+01
1.2771095112e+00 2.2942894092e-01 8.4564667778e+01
1.2390620450e+00 2.2512028154e-01 8.4532692172e+01
1.4275339527e+00 2.4641736936e-01 8.3892807710e+01
1.3698103667e+00 2.4013903711e-01 8.3796761031e+01
1.3076179386e+00 2.3287586843e-01 8.4532692172e+01
1.2067583390e+00 2.2142714492e-01 8.4500714858e+01
1.3793237834e+00 2.4112387354e-01 8.3924819428e+01
1.2292650744e+00 2.2351992233e-01 8.5842408323e+01
1.2561953509e+00 2.2696684984e-01 8.4788450052e+01
1.3401066391e+00 2.3644590050e-01 8.4660584449e+01
1.3297573923e+00 2.3558416862e-01 8.4020843204e+01
1.3233984945e+00 2.3459933219e-01 8.4628613906e+01
1.3031034557e+00 2.3238345022e-01 8.4500714858e+01
1.2517504944e+00 2.2647443163e-01 8.4756486116e+01
1.2674922681e+00 2.2856720904e-01 8.4052847370e+01
1.3748548694e+00 2.4063145533e-01 8.3924819428e+01
1.2396400479e+00 2.2512028154e-01 8.4692553325e+01
1.3404732829e+00 2.3644590050e-01 8.4756486116e+01
1.3853139609e+00 2.4137008265e-01 8.4820412361e+01
1.2764290924e+00 2.2918273181e-01 8.4980199868e+01
1.2381537847e+00 2.2487407243e-01 8.4884332141e+01
1.2605418743e+00 2.2770547717e-01 8.4212840476e+01
1.4190974334e+00 2.4506321927e-01 8.4820412361e+01
1.3184934523e+00 2.3410691397e-01 8.4500714858e+01
1.1543088474e+00 2.1514881267e-01 8.4980199868e+01
1.1741006729e+00 2.1736469464e-01 8.5235779013e+01
1.2735707413e+00 2.2918273181e-01 8.4212840476e+01
1.2549984842e+00 2.2684374529e-01 8.4756486116e+01
1.3554795238e+00 2.3829246880e-01 8.4340802307e+01
1.3905370305e+00 2.4223181453e-01 8.4180845518e+01
1.3434392957e+00 2.3706142326e-01 8.4116850127e+01
1.3712111700e+00 2.4001593256e-01 8.4372788316e+01
1.3328406775e+00 2.3570727317e-01 8.4500714858e+01
1.3377675129e+00 2.3619969139e-01 8.4628613906e+01
1.3032072301e+00 2.3226034566e-01 8.4820412361e+01
1.2063156709e+00 2.2105783126e-01 8.5331596426e+01
1.2819495038e+00 2.3004446369e-01 8.4404772564e+01
1.4128144056e+00 2.4432459195e-01 8.4948245538e+01
1.2798811334e+00 2.2967515003e-01 8.4724520544e+01
1.4048611604e+00 2.4383217373e-01 8.4116850127e+01
1.3063133303e+00 2.3250655477e-01 8.5076053508e+01
1.2607580085e+00 2.2745926806e-01 8.4852373054e+01
1.2827905624e+00 2.3016756825e-01 8.4340802307e+01
1.4471539992e+00 2.4838704222e-01 8.4212840476e+01
1.3584250396e+00 2.3878488702e-01 8.3988837165e+01
1.3162844459e+00 2.3373760031e-01 8.4788450052e+01
1.2660913684e+00 2.2832099994e-01 8.4244833624e+01
1.2285419374e+00 2.2364302689e-01 8.5235779013e+01
1.3257520757e+00 2.3509175040e-01 8.4116850127e+01
1.3079477040e+00 2.3275276388e-01 8.4916289633e+01
1.3736292583e+00 2.3989282800e-01 8.5299658755e+01
1.3226496601e+00 2.3459933219e-01 8.4436755064e+01
1.2292074264e+00 2.2376613144e-01 8.5108001638e+01
1.4575088840e+00 2.4961808776e-01 8.3988837165e+01
1.3121376473e+00 2.3336828665e-01 8.4564667778e+01
1.2139699158e+00 2.2204266769e-01 8.5044103843e+01
1.2291399529e+00 2.2401234055e-01 8.4468735825e+01
1.3153985704e+00 2.3386070486e-01 8.4276824972e+01
1.2378253475e+00 2.2475096787e-01 8.5108001638e+01
1.2886160593e+00 2.3065998646e-01 8.4724520544e+01
1.3717368612e+00 2.4001593256e-01 8.4500714858e+01
1.2953392513e+00 2.3127550923e-01 8.5076053508e+01
1.3221358132e+00 2.3459933219e-01 8.4308814530e+01
1.2453759880e+00 2.2573580430e-01 8.4788450052e+01
1.3681688170e+00 2.3976972345e-01 8.4180845518e+01
1.2781786559e+00 2.2967515003e-01 8.4276824972e+01
1.2463437308e+00 2.2585890886e-01 8.4756486116e+01
1.3926163983e+00 2.4235491908e-01 8.4404772564e+01
1.2529573628e+00 2.2647443163e-01 8.5108001638e+01
1.4216362151e+00 2.4555563748e-01 8.4340802307e+01
1.2600724045e+00 2.2745926806e-01 8.4660584449e+01
1.3345814521e+00 2.3644590050e-01 8.3380352901e+01
1.3956543648e+00 2.4260112819e-01 8.4596641686e+01
1.3192742731e+00 2.3435312308e-01 8.4148848738e+01
1.2904927819e+00 2.3115240468e-01 8.4084849675e+01
1.3349257670e+00 2.3595348228e-01 8.4468735825e+01
1.2777059122e+00 2.2918273181e-01 8.5363532643e+01
1.3837973287e+00 2.4112387354e-01 8.5012152633e+01
1.3343228216e+00 2.3583037773e-01 8.4596641686e+01
1.2220878910e+00 2.2315060867e-01 8.4596641686e+01
1.2561113568e+00 2.2708995440e-01 8.4468735825e+01
1.2807348084e+00 2.2992135914e-01 8.4372788316e+01
1.2099635754e+00 2.2179645858e-01 8.4500714858e+01
1.2895914724e+00 2.3090619557e-01 8.4404772564e+01
1.2478715257e+00 2.2598201341e-01 8.4884332141e+01
1.4467186040e+00 2.4838704222e-01 8.4116850127e+01
1.2746902670e+00 2.2918273181e-01 8.4500714858e+01
1.2095745811e+00 2.2167335403e-01 8.4692553325e+01
1.4614596422e+00 2.5011050598e-01 8.3860794078e+01
1.2596736540e+00 2.2721305895e-01 8.5171893334e+01
1.3580022387e+00 2.3841557336e-01 8.4692553325e+01
1.2992428647e+00 2.3213724111e-01 8.4084849675e+01
1.2723939909e+00 2.2918273181e-01 8.3924819428e+01
1.2817092150e+00 2.2992135914e-01 8.4628613906e+01
1.2223384328e+00 2.2302750412e-01 8.4980199868e+01
1.1751112919e+00 2.1761090375e-01 8.4884332141e+01
1.3859139015e+00 2.4173939631e-01 8.4148848738e+01
1.2398779065e+00 2.2499717698e-01 8.5076053508e+01
1.2778167609e+00 2.2942894092e-01 8.4756486116e+01
1.2034948402e+00 2.2093472670e-01 8.4788450052e+01
1.4336428065e+00 2.4703289213e-01 8.3988837165e+01
1.4587370898e+00 2.4998740143e-01 8.3540550223e+01
1.3223941994e+00 2.3459933219e-01 8.4372788316e+01
1.3624594916e+00 2.3915420068e-01 8.4148848738e+01
1.3446371061e+00 2.3706142326e-01 8.4404772564e+01
1.3148725870e+00 2.3386070486e-01 8.4148848738e+01
1.3059774326e+00 2.3250655477e-01 8.4980199868e+01
1.3580078759e+00 2.3866178247e-01 8.4148848738e+01
1.2796464199e+00 2.2967515003e-01 8.4660584449e+01
1.2316900844e+00 2.2413544510e-01 8.4884332141e+01
1.3190883579e+00 2.3423001852e-01 8.4372788316e+01
1.2745779450e+00 2.2893652271e-01 8.5076053508e+01
1.2485214567e+00 2.2598201341e-01 8.5076053508e+01
1.2372614709e+00 2.2462786332e-01 8.5267719621e+01
1.3373536941e+00 2.3644590050e-01 8.3988837165e+01
1.2115133595e+00 2.2179645858e-01 8.4948245538e+01
1.2102301659e+00 2.2167335403e-01 8.4884332141e+01
1.3319376449e+00 2.3570727317e-01 8.4276824972e+01
1.3623216231e+00 2.3915420068e-01 8.4116850127e+01
1.3095667109e+00 2.3312207754e-01 8.4468735825e+01
1.2229323356e+00 2.2339681778e-01 8.4244833624e+01
1.2550179052e+00 2.2672064074e-01 8.5076053508e+01
1.2853227043e+00 2.3065998646e-01 8.3892807710e+01
1.2166260582e+00 2.2228887680e-01 8.5203836921e+01
1.3559186519e+00 2.3853867791e-01 8.3924819428e+01
1.3228988887e+00 2.3447622763e-01 8.4788450052e+01
1.3699616199e+00 2.3989282800e-01 8.4340802307e+01
1.1919535544e+00 2.1945747206e-01 8.5171893334e+01
1.3546651391e+00 2.3841557336e-01 8.3892807710e+01
1.4047184515e+00 2.4383217373e-01 8.4084849675e+01
1.2643488746e+00 2.2782858172e-01 8.4948245538e+01
1.2977504062e+00 2.3152171834e-01 8.5139948243e+01
1.3343048053e+00 2.3570727317e-01 8.4884332141e+01
1.2844786254e+00 2.3016756825e-01 8.4788450052e+01
1.3041825592e+00 2.3275276388e-01 8.3956829243e+01
1.2570511104e+00 2.2708995440e-01 8.4724520544e+01
1.3474392243e+00 2.3743073693e-01 8.4276824972e+01
1.1949472955e+00 2.1982678572e-01 8.5108001638e+01
1.2414521538e+00 2.2536649064e-01 8.4596641686e+01
1.3252072511e+00 2.3509175040e-01 8.3988837165e+01
1.2140030997e+00 2.2191956313e-01 8.5395467416e+01
1.3298943949e+00 2.3558416862e-01 8.4052847370e+01
1.4092224170e+00 2.4432459195e-01 8.4084849675e+01
1.1870902128e+00 2.1896505384e-01 8.4980199868e+01
1.2407445402e+00 2.2512028154e-01 8.5012152633e+01
1.2607580085e+00 2.2745926806e-01 8.4852373054e+01
1.2738100970e+00 2.2881341815e-01 8.5171893334e+01
1.3354293183e+00 2.3595348228e-01 8.4596641686e+01
1.3326539785e+00 2.3595348228e-01 8.3924819428e+01
1.3293510006e+00 2.3509175040e-01 8.5044103843e+01
1.3078340695e+00 2.3299897299e-01 8.4308814530e+01
1.2817092150e+00 2.2992135914e-01 8.4628613906e+01
1.1830632116e+00 2.1834953107e-01 8.5395467416e+01
1.3840419966e+00 2.4137008265e-01 8.4500714858e+01
1.3231078072e+00 2.3472243674e-01 8.4276824972e+01
1.1961387057e+00 2.2007299482e-01 8.4820412361e+01
1.3452208731e+00 2.3718452782e-01 8.4276824972e+01
1.2597848418e+00 2.2733616351e-01 8.4884332141e+01
1.3649611094e+00 2.3940040979e-01 8.4212840476e+01
1.3252249666e+00 2.3472243674e-01 8.4820412361e+01
1.3245997015e+00 2.3484554129e-01 8.4372788316e+01
1.3810032668e+00 2.4112387354e-01 8.4308814530e+01
1.3562015808e+00 2.3853867791e-01 8.3988837165e+01
1.2761397805e+00 2.2930583637e-01 8.4596641686e+01
1.1713908127e+00 2.1711848553e-01 8.5044103843e+01
1.2580356195e+00 2.2733616351e-01 8.4404772564e+01
1.2123702081e+00 2.2191956313e-01 8.4884332141e+01
1.4303211553e+00 2.4678668302e-01 8.3764741596e+01
1.2906844794e+00 2.3102930012e-01 8.4404772564e+01
1.3933330672e+00 2.4247802364e-01 8.4308814530e+01
1.2690257269e+00 2.2832099994e-01 8.5044103843e+01
1.2174949928e+00 2.2241198135e-01 8.5139948243e+01
1.3353856509e+00 2.3607658683e-01 8.4308814530e+01
1.4277498859e+00 2.4654047392e-01 8.3700696849e+01
1.3046903158e+00 2.3250655477e-01 8.4628613906e+01
1.4013005337e+00 2.4358596462e-01 8.3828778522e+01
1.2943375969e+00 2.3139861378e-01 8.4500714858e+01
1.2173163120e+00 2.2228887680e-01 8.5427400756e+01
1.3265472890e+00 2.3509175040e-01 8.4308814530e+01
1.3979719597e+00 2.4309354641e-01 8.4084849675e+01
1.2253156307e+00 2.2327371323e-01 8.5235779013e+01
1.0937501834e+00 2.0800874854e-01 8.4948245538e+01
1.2155827540e+00 2.2228887680e-01 8.4884332141e+01
1.2619551544e+00 2.2758237261e-01 8.4884332141e+01
1.3750034808e+00 2.4050835077e-01 8.4212840476e+01
1.3268551231e+00 2.3521485496e-01 8.4116850127e+01
1.2463437308e+00 2.2585890886e-01 8.4756486116e+01
1.2880201534e+00 2.3065998646e-01 8.4564667778e+01
1.3790588945e+00 2.4100076899e-01 8.4116850127e+01
1.3202122413e+00 2.3423001852e-01 8.4660584449e+01
1.1558568247e+00 2.1527191722e-01 8.5139948243e+01
1.2694489874e+00 2.2844410449e-01 8.4852373054e+01
1.3054346201e+00 2.3238345022e-01 8.5139948243e+01
1.2480909311e+00 2.2598201341e-01 8.4948245538e+01
1.2369548128e+00 2.2462786332e-01 8.5171893334e+01
1.3636664217e+00 2.3915420068e-01 8.4436755064e+01
1.3180081843e+00 2.3398380942e-01 8.4660584449e+01
1.3574998161e+00 2.3829246880e-01 8.4852373054e+01
1.3531768394e+00 2.3792315514e-01 8.4596641686e+01
1.2693357323e+00 2.2844410449e-01 8.4820412361e+01
1.3370110030e+00 2.3619969139e-01 8.4436755064e+01
1.2286454493e+00 2.2388923600e-01 8.4628613906e+01
1.3359609516e+00 2.3619969139e-01 8.4180845518e+01
1.3584853023e+00 2.3853867791e-01 8.4532692172e+01
1.3445069882e+00 2.3706142326e-01 8.4372788316e+01
1.2875230567e+00 2.3053688191e-01 8.4724520544e+01
1.3737489745e+00 2.4038524622e-01 8.4180845518e+01
1.1961149564e+00 2.1982678572e-01 8.5491263175e+01
1.3539192491e+00 2.3792315514e-01 8.4788450052e+01
1.1508402106e+00 2.1453328990e-01 8.5587046306e+01
1.2653818492e+00 2.2807479083e-01 8.4628613906e+01
1.2280607033e+00 2.2351992233e-01 8.5427400756e+01
1.3453895301e+00 2.3693831871e-01 8.4884332141e+01
1.2825607714e+00 2.3004446369e-01 8.4564667778e+01
1.2874789404e+00 2.3078309102e-01 8.4148848738e+01
1.3012775092e+00 2.3213724111e-01 8.4596641686e+01
1.2655204617e+00 2.2782858172e-01 8.5299658755e+01
1.2571860102e+00 2.2696684984e-01 8.5076053508e+01
1.2674365209e+00 2.2832099994e-01 8.4596641686e+01
1.1884602679e+00 2.1908815839e-01 8.5076053508e+01
1.2689668484e+00 2.2869031360e-01 8.4148848738e+01
1.2153622456e+00 2.2204266769e-01 8.5491263175e+01
1.3267096023e+00 2.3496864585e-01 8.4628613906e+01
1.3695036947e+00 2.3976972345e-01 8.4500714858e+01
1.1807500480e+00 2.1810332196e-01 8.5331596426e+01
1.4196503266e+00 2.4530942838e-01 8.4404772564e+01
1.2743158401e+00 2.2905962726e-01 8.4692553325e+01
1.2931151350e+00 2.3090619557e-01 8.5395467416e+01
1.3211926980e+00 2.3435312308e-01 8.4628613906e+01
1.2859147337e+00 2.3029067280e-01 8.4884332141e+01
1.3418235559e+00 2.3669210960e-01 8.4532692172e+01
1.3309856473e+00 2.3533795951e-01 8.4884332141e+01
1.1645462733e+00 2.1613364910e-01 8.5587046306e+01
1.2591039761e+00 2.2733616351e-01 8.4692553325e+01
1.1842099865e+00 2.1859574018e-01 8.5076053508e+01
1.2759227767e+00 2.2955204548e-01 8.3988837165e+01
1.2520205043e+00 2.2659753618e-01 8.4532692172e+01
1.2206106139e+00 2.2278129501e-01 8.5108001638e+01
1.3895545067e+00 2.4210870998e-01 8.4212840476e+01
1.3383732914e+00 2.3632279594e-01 8.4500714858e+01
1.3951653022e+00 2.4272423274e-01 8.4212840476e+01
1.2176020407e+00 2.2228887680e-01 8.5523192275e+01
1.3150039395e+00 2.3349139120e-01 8.5044103843e+01
1.3727658048e+00 2.4038524622e-01 8.3956829243e+01
1.4845612550e+00 2.5244949250e-01 8.4148848738e+01
1.3749584072e+00 2.4038524622e-01 8.4468735825e+01
1.3106630784e+00 2.3312207754e-01 8.4756486116e+01
1.3574376124e+00 2.3853867791e-01 8.4276824972e+01
1.2561017939e+00 2.2684374529e-01 8.5076053508e+01
1.3587053995e+00 2.3878488702e-01 8.4052847370e+01
1.4657396599e+00 2.5072602875e-01 8.3572583562e+01
1.3338196642e+00 2.3583037773e-01 8.4468735825e+01
1.4231605332e+00 2.4592495115e-01 8.3924819428e+01
1.2929961331e+00 2.3127550923e-01 8.4436755064e+01
1.1282582571e+00 2.1170188516e-01 8.6193397103e+01
1.3021394418e+00 2.3201413655e-01 8.5139948243e+01
1.3412149329e+00 2.3656900505e-01 8.4660584449e+01
1.4065127829e+00 2.4432459195e-01 8.3508514856e+01
1.3301661903e+00 2.3558416862e-01 8.4116850127e+01
1.1354352134e+00 2.1256361704e-01 8.6129591989e+01
1.2377099708e+00 2.2487407243e-01 8.4756486116e+01
1.2549665497e+00 2.2659753618e-01 8.5395467416e+01
1.4294949315e+00 2.4666357847e-01 8.3828778522e+01
1.3821908442e+00 2.4112387354e-01 8.4596641686e+01
1.2601158674e+00 2.2733616351e-01 8.4980199868e+01
1.3024756330e+00 2.3238345022e-01 8.4340802307e+01
1.2330908712e+00 2.2425854966e-01 8.4980199868e+01
1.2492483033e+00 2.2598201341e-01 8.5299658755e+01
1.2694489874e+00 2.2844410449e-01 8.4852373054e+01
1.2412710426e+00 2.2512028154e-01 8.5171893334e+01
1.2551646782e+00 2.2659753618e-01 8.5459332672e+01
1.3054031917e+00 2.3250655477e-01 8.4820412361e+01
1.2720717191e+00 2.2869031360e-01 8.4980199868e+01
1.2682604024e+00 2.2819789538e-01 8.5139948243e+01
1.2751167667e+00 2.2905962726e-01 8.4916289633e+01
1.2283535659e+00 2.2376613144e-01 8.4852373054e+01
1.3092449314e+00 2.3324518209e-01 8.4116850127e+01
1.2226540001e+00 2.2302750412e-01 8.5076053508e+01
1.3370282756e+00 2.3607658683e-01 8.4724520544e+01
1.3762577556e+00 2.4063145533e-01 8.4244833624e+01
1.3060289156e+00 2.3262965932e-01 8.4692553325e+01
1.3359043590e+00 2.3607658683e-01 8.4436755064e+01
1.2437393030e+00 2.2536649064e-01 8.5267719621e+01
1.1793020428e+00 2.1798021741e-01 8.5203836921e+01
1.3264165883e+00 2.3509175040e-01 8.4276824972e+01
1.3106657369e+00 2.3324518209e-01 8.4468735825e+01
1.2481768826e+00 2.2622822252e-01 8.4372788316e+01
1.3217956762e+00 2.3435312308e-01 8.4788450052e+01
1.3183679462e+00 2.3410691397e-01 8.4468735825e+01
1.2718497636e+00 2.2869031360e-01 8.4916289633e+01
1.3092449314e+00 2.3324518209e-01 8.4116850127e+01
1.2640146759e+00 2.2782858172e-01 8.4852373054e+01
1.3321993369e+00 2.3570727317e-01 8.4340802307e+01
1.4368947857e+00 2.4740220579e-01 8.3956829243e+01
1.4625414574e+00 2.4998740143e-01 8.4340802307e+01
1.3311289132e+00 2.3546106406e-01 8.4628613906e+01
1.1984463648e+00 2.2019609938e-01 8.5203836921e+01
1.4608359898e+00 2.5011050598e-01 8.3732720205e+01
1.3650969280e+00 2.3940040979e-01 8.4244833624e+01
1.3350527609e+00 2.3595348228e-01 8.4500714858e+01
1.4162746096e+00 2.4506321927e-01 8.4148848738e+01
1.2990848126e+00 2.3189103200e-01 8.4596641686e+01
1.3572440452e+00 2.3841557336e-01 8.4500714858e+01
1.3228448251e+00 2.3472243674e-01 8.4212840476e+01
1.3822743646e+00 2.4137008265e-01 8.4084849675e+01
1.3173920711e+00 2.3398380942e-01 8.4500714858e+01
1.2467968453e+00 2.2622822252e-01 8.4020843204e+01
1.4617666310e+00 2.5011050598e-01 8.3924819428e+01
1.2522560665e+00 2.2659753618e-01 8.4596641686e+01
1.2851594720e+00 2.3016756825e-01 8.4980199868e+01
1.3122288080e+00 2.3349139120e-01 8.4308814530e+01
1.2876400068e+00 2.3053688191e-01 8.4756486116e+01
1.1339755789e+00 2.1280982614e-01 8.4852373054e+01
1.3641303566e+00 2.3940040979e-01 8.4020843204e+01
1.2932017956e+00 2.3139861378e-01 8.4212840476e+01
1.2541415275e+00 2.2672064074e-01 8.4820412361e+01
1.2345231951e+00 2.2425854966e-01 8.5427400756e+01
1.2433270326e+00 2.2536649064e-01 8.5139948243e+01
1.2900846647e+00 2.3090619557e-01 8.4532692172e+01
1.2067001552e+00 2.2105783126e-01 8.5459332672e+01
1.2899429486e+00 2.3078309102e-01 8.4788450052e+01
1.4147149937e+00 2.4494011472e-01 8.4052847370e+01
1.2967418783e+00 2.3176792745e-01 8.4276824972e+01
1.2464643309e+00 2.2573580430e-01 8.5108001638e+01
1.3094446781e+00 2.3299897299e-01 8.4724520544e+01
1.2859558399e+00 2.3041377735e-01 8.4596641686e+01
1.3312705208e+00 2.3570727317e-01 8.4116850127e+01
1.2402563901e+00 2.2536649064e-01 8.4276824972e+01
1.2604916550e+00 2.2721305895e-01 8.5427400756e+01
1.2387880411e+00 2.2499717698e-01 8.4756486116e+01
1.2095745811e+00 2.2167335403e-01 8.4692553325e+01
1.2552300622e+00 2.2672064074e-01 8.5139948243e+01
1.3056667827e+00 2.3262965932e-01 8.4596641686e+01
1.2913998147e+00 2.3115240468e-01 8.4308814530e+01
1.3233984945e+00 2.3459933219e-01 8.4628613906e+01
1.3519363024e+00 2.3767694603e-01 8.4852373054e+01
1.3578704329e+00 2.3866178247e-01 8.4116850127e+01
1.2298192569e+00 2.2376613144e-01 8.5299658755e+01
1.3743582183e+00 2.4026214167e-01 8.4596641686e+01
1.2135479088e+00 2.2204266769e-01 8.4916289633e+01
1.2812276866e+00 2.2992135914e-01 8.4500714858e+01
1.2942034517e+00 2.3127550923e-01 8.4756486116e+01
1.3240791848e+00 2.3484554129e-01 8.4244833624e+01
1.2720217542e+00 2.2881341815e-01 8.4660584449e+01
1.3733112795e+00 2.4026214167e-01 8.4340802307e+01
1.2955187779e+00 2.3164482289e-01 8.4244833624e+01
1.3488136525e+00 2.3755384148e-01 8.4340802307e+01
1.2751694769e+00 2.2918273181e-01 8.4628613906e+01
1.3863296392e+00 2.4173939631e-01 8.4244833624e+01
1.2661874211e+00 2.2807479083e-01 8.4852373054e+01
1.2368512257e+00 2.2462786332e-01 8.5139948243e+01
1.2259171804e+00 2.2364302689e-01 8.4468735825e+01
1.3202122413e+00 2.3423001852e-01 8.4660584449e+01
1.3475986891e+00 2.3755384148e-01 8.4052847370e+01
1.1265568388e+00 2.1170188516e-01 8.5523192275e+01
1.2797641306e+00 2.2967515003e-01 8.4692553325e+01
1.3564815072e+00 2.3853867791e-01 8.4052847370e+01
1.3277810301e+00 2.3521485496e-01 8.4340802307e+01
1.2529835867e+00 2.2672064074e-01 8.4500714858e+01
1.0817604465e+00 2.0616218023e-01 8.6289095936e+01
1.2824296764e+00 2.2979825458e-01 8.5139948243e+01
1.3696330266e+00 2.3976972345e-01 8.4532692172e+01
1.2635903636e+00 2.2770547717e-01 8.5044103843e+01
1.2968934105e+00 2.3164482289e-01 8.4596641686e+01
1.3004707508e+00 2.3226034566e-01 8.4116850127e+01
1.2421422093e+00 2.2524338609e-01 8.5108001638e+01
1.1842099865e+00 2.1859574018e-01 8.5076053508e+01
1.2647846879e+00 2.2782858172e-01 8.5076053508e+01
1.3947883447e+00 2.4247802364e-01 8.4660584449e+01
1.2324360743e+00 2.2425854966e-01 8.4788450052e+01
1.2061665072e+00 2.2118093581e-01 8.4948245538e+01
1.3369844094e+00 2.3595348228e-01 8.5012152633e+01
1.2128947212e+00 2.2204266769e-01 8.4724520544e+01
1.3610813852e+00 2.3866178247e-01 8.4916289633e+01
1.4647603945e+00 2.5060292419e-01 8.3604614884e+01
1.3441672707e+00 2.3693831871e-01 8.4564667778e+01
1.2544753731e+00 2.2672064074e-01 8.4916289633e+01
1.3492557899e+00 2.3767694603e-01 8.4180845518e+01
1.1452463892e+00 2.1404087168e-01 8.5108001638e+01
1.2292074264e+00 2.2376613144e-01 8.5108001638e+01
1.3394268471e+00 2.3669210960e-01 8.3956829243e+01
1.3313740213e+00 2.3546106406e-01 8.4692553325e+01
1.3138389132e+00 2.3361449576e-01 8.4436755064e+01
1.2713105883e+00 2.2856720904e-01 8.5076053508e+01
1.3126242430e+00 2.3336828665e-01 8.4692553325e+01
1.3153147573e+00 2.3373760031e-01 8.4532692172e+01
1.2474398633e+00 2.2585890886e-01 8.5076053508e+01
1.1397092160e+00 2.1342534891e-01 8.5012152633e+01
1.3556114052e+00 2.3829246880e-01 8.4372788316e+01
1.2130278224e+00 2.2179645858e-01 8.5427400756e+01
1.3239391175e+00 2.3447622763e-01 8.5076053508e+01
1.4170652134e+00 2.4530942838e-01 8.3828778522e+01
1.3537973800e+00 2.3792315514e-01 8.4756486116e+01
1.2959187612e+00 2.3152171834e-01 8.4628613906e+01
1.3619563772e+00 2.3878488702e-01 8.4852373054e+01
1.3510343324e+00 2.3780005059e-01 8.4340802307e+01
1.3624594916e+00 2.3915420068e-01 8.4148848738e+01
1.2608638809e+00 2.2733616351e-01 8.5203836921e+01
1.2698462093e+00 2.2856720904e-01 8.4660584449e+01
1.1561464496e+00 2.1527191722e-01 8.5235779013e+01
1.2415787096e+00 2.2512028154e-01 8.5267719621e+01
1.4099303465e+00 2.4432459195e-01 8.4244833624e+01
1.2683614723e+00 2.2832099994e-01 8.4852373054e+01
1.2674983253e+00 2.2819789538e-01 8.4916289633e+01
1.2715115580e+00 2.2869031360e-01 8.4820412361e+01
1.3164989247e+00 2.3398380942e-01 8.4276824972e+01
1.1905058215e+00 2.1921126295e-01 8.5395467416e+01
1.2486183555e+00 2.2610511797e-01 8.4788450052e+01
1.3334636103e+00 2.3570727317e-01 8.4660584449e+01
1.3155615405e+00 2.3373760031e-01 8.4596641686e+01
1.2446898850e+00 2.2573580430e-01 8.4596641686e+01
1.3461405955e+00 2.3706142326e-01 8.4788450052e+01
1.2855708404e+00 2.3029067280e-01 8.4788450052e+01
1.1952481473e+00 2.1982678572e-01 8.5203836921e+01
1.3380387661e+00 2.3644590050e-01 8.4148848738e+01
1.2136109945e+00 2.2191956313e-01 8.5267719621e+01
1.2714259494e+00 2.2881341815e-01 8.4500714858e+01
1.2402571834e+00 2.2524338609e-01 8.4564667778e+01
1.2607591110e+00 2.2733616351e-01 8.5171893334e+01
1.2207852103e+00 2.2302750412e-01 8.4532692172e+01
1.2900846647e+00 2.3090619557e-01 8.4532692172e+01
1.3975095378e+00 2.4284733730e-01 8.4500714858e+01
1.2175970509e+00 2.2241198135e-01 8.5171893334e+01
1.2111682601e+00 2.2167335403e-01 8.5171893334e+01
1.2840670358e+00 2.3004446369e-01 8.4980199868e+01
1.2166135842e+00 2.2253508590e-01 8.4564667778e+01
1.1991190827e+00 2.2044230849e-01 8.4756486116e+01
1.2564203628e+00 2.2696684984e-01 8.4852373054e+01
1.2202122766e+00 2.2253508590e-01 8.5682817082e+01
1.3321993369e+00 2.3570727317e-01 8.4340802307e+01
1.2267231953e+00 2.2364302689e-01 8.4692553325e+01
1.2658253164e+00 2.2782858172e-01 8.5395467416e+01
1.3166360890e+00 2.3373760031e-01 8.4884332141e+01
1.2689917548e+00 2.2844410449e-01 8.4724520544e+01
1.2829749247e+00 2.2992135914e-01 8.4980199868e+01
1.4611141142e+00 2.4986429687e-01 8.4276824972e+01
1.4532068737e+00 2.4937187866e-01 8.3572583562e+01
1.3742940870e+00 2.4038524622e-01 8.4308814530e+01
1.1358797029e+00 2.1280982614e-01 8.5491263175e+01
1.3127440792e+00 2.3336828665e-01 8.4724520544e+01
1.2784378822e+00 2.2955204548e-01 8.4628613906e+01
1.2558694559e+00 2.2708995440e-01 8.4404772564e+01
1.3264472859e+00 2.3521485496e-01 8.4020843204e+01
1.3972500732e+00 2.4309354641e-01 8.3924819428e+01
1.3685168210e+00 2.3964661890e-01 8.4532692172e+01
1.3489833499e+00 2.3767694603e-01 8.4116850127e+01
1.2347986730e+00 2.2438165421e-01 8.5171893334e+01
1.2562492420e+00 2.2672064074e-01 8.5459332672e+01
1.1474189680e+00 2.1416397624e-01 8.5491263175e+01
1.2177991458e+00 2.2241198135e-01 8.5235779013e+01
1.3429321003e+00 2.3681521416e-01 8.4532692172e+01
1.2533371233e+00 2.2684374529e-01 8.4308814530e+01
1.2925144922e+00 2.3115240468e-01 8.4596641686e+01
1.1737041863e+00 2.1724159008e-01 8.5459332672e+01
1.3614831195e+00 2.3903109613e-01 8.4180845518e+01
1.2028567486e+00 2.2081162215e-01 8.4916289633e+01
1.1869301522e+00 2.1884194929e-01 8.5267719621e+01
1.2709831909e+00 2.2856720904e-01 8.4980199868e+01
1.2899429486e+00 2.3078309102e-01 8.4788450052e+01
1.2927543329e+00 2.3115240468e-01 8.4660584449e+01
1.3150650659e+00 2.3373760031e-01 8.4468735825e+01
1.2684469424e+00 2.2869031360e-01 8.4020843204e+01
1.3232382001e+00 2.3472243674e-01 8.4308814530e+01
1.3835062825e+00 2.4161629176e-01 8.3860794078e+01
1.3593410173e+00 2.3866178247e-01 8.4468735825e+01
1.3384598377e+00 2.3656900505e-01 8.3988837165e+01
1.1854686086e+00 2.1859574018e-01 8.5491263175e+01
1.3460044193e+00 2.3718452782e-01 8.4468735825e+01
1.3152136736e+00 2.3423001852e-01 8.3476477450e+01
1.0943504964e+00 2.0788564399e-01 8.5523192275e+01
1.1946390522e+00 2.1994989027e-01 8.4692553325e+01
1.2448200929e+00 2.2548959520e-01 8.5267719621e+01
1.2807916785e+00 2.2967515003e-01 8.4980199868e+01
1.2052466097e+00 2.2093472670e-01 8.5331596426e+01
1.3028544894e+00 2.3238345022e-01 8.4436755064e+01
1.2662964991e+00 2.2795168628e-01 8.5203836921e+01
1.2284626797e+00 2.2376613144e-01 8.4884332141e+01
1.1612237661e+00 2.1588743999e-01 8.5171893334e+01
1.2557780925e+00 2.2684374529e-01 8.4980199868e+01
1.3815386983e+00 2.4112387354e-01 8.4436755064e+01
1.3727658048e+00 2.4038524622e-01 8.3956829243e+01
1.3924818980e+00 2.4235491908e-01 8.4372788316e+01
1.3299895417e+00 2.3546106406e-01 8.4340802307e+01
1.2316694146e+00 2.2401234055e-01 8.5203836921e+01
1.3179689472e+00 2.3386070486e-01 8.4948245538e+01
1.2317987862e+00 2.2413544510e-01 8.4916289633e+01
1.3394807759e+00 2.3644590050e-01 8.4500714858e+01
1.3705370267e+00 2.4001593256e-01 8.4212840476e+01
1.3531768394e+00 2.3792315514e-01 8.4596641686e+01
1.2700047350e+00 2.2844410449e-01 8.5012152633e+01
1.3211632046e+00 2.3447622763e-01 8.4340802307e+01
1.2843783340e+00 2.3029067280e-01 8.4468735825e+01
1.2194339212e+00 2.2265819046e-01 8.5076053508e+01
1.3550191627e+00 2.3816936425e-01 8.4500714858e+01
1.2692217752e+00 2.2844410449e-01 8.4788450052e+01
1.1562806579e+00 2.1514881267e-01 8.5650894846e+01
1.1821874332e+00 2.1834953107e-01 8.5108001638e+01
1.4030336851e+00 2.4358596462e-01 8.4212840476e+01
1.3848988009e+00 2.4149318721e-01 8.4436755064e+01
1.2979647881e+00 2.3189103200e-01 8.4308814530e+01
1.2457725247e+00 2.2598201341e-01 8.4308814530e+01
1.1599734648e+00 2.1576433544e-01 8.5108001638e+01
1.3028544894e+00 2.3238345022e-01 8.4436755064e+01
1.3620139934e+00 2.3927730524e-01 8.3796761031e+01
1.3064238555e+00 2.3250655477e-01 8.5108001638e+01
1.2638431614e+00 2.2819789538e-01 8.3956829243e+01
1.4292784988e+00 2.4641736936e-01 8.4276824972e+01
1.2820525768e+00 2.3029067280e-01 8.3892807710e+01
1.3636664217e+00 2.3915420068e-01 8.4436755064e+01
1.2137100279e+00 2.2191956313e-01 8.5299658755e+01
1.2568328021e+00 2.2684374529e-01 8.5299658755e+01
1.2747777415e+00 2.2905962726e-01 8.4820412361e+01
1.3181292228e+00 2.3398380942e-01 8.4692553325e+01
1.2943202492e+00 2.3127550923e-01 8.4788450052e+01
1.2830402400e+00 2.3016756825e-01 8.4404772564e+01
1.2906844794e+00 2.3102930012e-01 8.4404772564e+01
1.2730357332e+00 2.2869031360e-01 8.5267719621e+01
1.1793020428e+00 2.1798021741e-01 8.5203836921e+01
1.2186899721e+00 2.2265819046e-01 8.4852373054e+01
1.4484008132e+00 2.4863325133e-01 8.3988837165e+01
1.2704589667e+00 2.2869031360e-01 8.4532692172e+01
1.2747777415e+00 2.2905962726e-01 8.4820412361e+01
1.3644371701e+00 2.3915420068e-01 8.4628613906e+01
1.2455353735e+00 2.2585890886e-01 8.4532692172e+01
1.2809718617e+00 2.2979825458e-01 8.4724520544e+01
1.2862522334e+00 2.3029067280e-01 8.4980199868e+01
1.2989632395e+00 2.3189103200e-01 8.4564667778e+01
1.3385734953e+00 2.3644590050e-01 8.4276824972e+01
1.3124853660e+00 2.3349139120e-01 8.4372788316e+01
1.3447664811e+00 2.3706142326e-01 8.4436755064e+01
1.2566425941e+00 2.2696684984e-01 8.4916289633e+01
1.2787907305e+00 2.2955204548e-01 8.4724520544e+01
1.2722908631e+00 2.2869031360e-01 8.5044103843e+01
1.3379032329e+00 2.3644590050e-01 8.4116850127e+01
1.3790344319e+00 2.4087766444e-01 8.4372788316e+01
1.2706494729e+00 2.2856720904e-01 8.4884332141e+01
1.2538273125e+00 2.2659753618e-01 8.5044103843e+01
1.2555588199e+00 2.2684374529e-01 8.4916289633e+01
1.3650411803e+00 2.3927730524e-01 8.4500714858e+01
1.3132161748e+00 2.3336828665e-01 8.4852373054e+01
1.3530087947e+00 2.3816936425e-01 8.4020843204e+01
1.3069202305e+00 2.3312207754e-01 8.3828778522e+01
1.3330920591e+00 2.3570727317e-01 8.4564667778e+01
1.2727134898e+00 2.2881341815e-01 8.4852373054e+01
1.2229304860e+00 2.2327371323e-01 8.4532692172e+01
1.1619837391e+00 2.1601054455e-01 8.5076053508e+01
1.3489449212e+00 2.3755384148e-01 8.4372788316e+01
1.2748914547e+00 2.2905962726e-01 8.4852373054e+01
1.2250097083e+00 2.2327371323e-01 8.5139948243e+01
1.3220317609e+00 2.3435312308e-01 8.4852373054e+01
1.2237250043e+00 2.2327371323e-01 8.4756486116e+01
1.2367894259e+00 2.2487407243e-01 8.4500714858e+01
1.2974483118e+00 2.3189103200e-01 8.4180845518e+01
1.3898299993e+00 2.4210870998e-01 8.4276824972e+01
1.3036673323e+00 2.3226034566e-01 8.4948245538e+01
1.3495931318e+00 2.3743073693e-01 8.4820412361e+01
1.3321993369e+00 2.3570727317e-01 8.4340802307e+01
1.2687589258e+00 2.2844410449e-01 8.4660584449e+01
1.2677886397e+00 2.2832099994e-01 8.4692553325e+01
1.2532817560e+00 2.2659753618e-01 8.4884332141e+01
1.3260859316e+00 2.3496864585e-01 8.4468735825e+01
1.2891941554e+00 2.3065998646e-01 8.4884332141e+01
1.3049876306e+00 2.3275276388e-01 8.4148848738e+01
1.2644130537e+00 2.2795168628e-01 8.4660584449e+01
1.2998984911e+00 2.3213724111e-01 8.4244833624e+01
1.2562083059e+00 2.2684374529e-01 8.5108001638e+01
1.3259707015e+00 2.3484554129e-01 8.4724520544e+01
1.2144822973e+00 2.2204266769e-01 8.5203836921e+01
1.2490630539e+00 2.2610511797e-01 8.4916289633e+01
1.4405198645e+00 2.4789462401e-01 8.3764741596e+01
1.2105321844e+00 2.2179645858e-01 8.4660584449e+01
1.2553859066e+00 2.2696684984e-01 8.4564667778e+01
1.3096816121e+00 2.3299897299e-01 8.4788450052e+01
1.3061481834e+00 2.3262965932e-01 8.4724520544e+01
1.2549984842e+00 2.2684374529e-01 8.4756486116e+01
1.2507006865e+00 2.2647443163e-01 8.4468735825e+01
1.3902567215e+00 2.4223181453e-01 8.4116850127e+01
1.2136544192e+00 2.2204266769e-01 8.4948245538e+01
1.2713074093e+00 2.2905962726e-01 8.3924819428e+01
1.2181383179e+00 2.2265819046e-01 8.4692553325e+01
1.2630408011e+00 2.2770547717e-01 8.4884332141e+01
1.2450643036e+00 2.2561269975e-01 8.5012152633e+01
1.2659607597e+00 2.2807479083e-01 8.4788450052e+01
1.2863143964e+00 2.3053688191e-01 8.4404772564e+01
1.2826382366e+00 2.2992135914e-01 8.4884332141e+01
1.2937982410e+00 2.3115240468e-01 8.4948245538e+01
1.3092449314e+00 2.3324518209e-01 8.4116850127e+01
1.2857143020e+00 2.3041377735e-01 8.4532692172e+01
1.2015474510e+00 2.2056541304e-01 8.5171893334e+01
1.3801509886e+00 2.4124697810e-01 8.3860794078e+01
1.3312188183e+00 2.3533795951e-01 8.4948245538e+01
1.4083641137e+00 2.4407838284e-01 8.4404772564e+01
1.2466154096e+00 2.2598201341e-01 8.4532692172e+01
1.3326444430e+00 2.3583037773e-01 8.4180845518e+01
1.3595589223e+00 2.3915420068e-01 8.3508514856e+01
1.3175996009e+00 2.3410691397e-01 8.4276824972e+01
1.3367529238e+00 2.3619969139e-01 8.4372788316e+01
1.4075368450e+00 2.4407838284e-01 8.4212840476e+01
1.3173376525e+00 2.3410691397e-01 8.4212840476e+01
1.3253429225e+00 2.3472243674e-01 8.4852373054e+01
1.2870296422e+00 2.3065998646e-01 8.4308814530e+01
1.3114037488e+00 2.3324518209e-01 8.4660584449e+01
1.2905592962e+00 2.3102930012e-01 8.4372788316e+01
1.3152681668e+00 2.3386070486e-01 8.4244833624e+01
1.3254871740e+00 2.3459933219e-01 8.5203836921e+01
1.3055432439e+00 2.3299897299e-01 8.3764741596e+01
1.3259707015e+00 2.3484554129e-01 8.4724520544e+01
1.3299000441e+00 2.3533795951e-01 8.4596641686e+01
1.3032268577e+00 2.3238345022e-01 8.4532692172e+01
1.3468847372e+00 2.3718452782e-01 8.4692553325e+01
1.1671699291e+00 2.1650296276e-01 8.5395467416e+01
1.1820952702e+00 2.1822642652e-01 8.5427400756e+01
1.2465684773e+00 2.2585890886e-01 8.4820412361e+01
1.2882481096e+00 2.3078309102e-01 8.4340802307e+01
1.3702272880e+00 2.3989282800e-01 8.4404772564e+01
1.2297075372e+00 2.2364302689e-01 8.5618971257e+01
1.2366322292e+00 2.2475096787e-01 8.4756486116e+01
1.2467330566e+00 2.2598201341e-01 8.4564667778e+01
1.2756677161e+00 2.2905962726e-01 8.5076053508e+01
1.3017170161e+00 2.3250655477e-01 8.3892807710e+01
1.2682536633e+00 2.2795168628e-01 8.5842408323e+01
1.2924764993e+00 2.3102930012e-01 8.4884332141e+01
1.4394559943e+00 2.4740220579e-01 8.4532692172e+01
1.2787907305e+00 2.2955204548e-01 8.4724520544e+01
1.2645294419e+00 2.2795168628e-01 8.4692553325e+01
1.3268064892e+00 2.3509175040e-01 8.4372788316e+01
1.3348141916e+00 2.3583037773e-01 8.4724520544e+01
1.3596779112e+00 2.3890799157e-01 8.4020843204e+01
1.3000528410e+00 2.3176792745e-01 8.5171893334e+01
1.2862522334e+00 2.3029067280e-01 8.4980199868e+01
1.4239913063e+00 2.4604805570e-01 8.3860794078e+01
1.4338714656e+00 2.4715599669e-01 8.3796761031e+01
1.4336451711e+00 2.4678668302e-01 8.4500714858e+01
1.2942954888e+00 2.3152171834e-01 8.4212840476e+01
1.2865472351e+00 2.3041377735e-01 8.4756486116e+01
1.2863633127e+00 2.3029067280e-01 8.5012152633e+01
1.3124853660e+00 2.3349139120e-01 8.4372788316e+01
1.3551472019e+00 2.3816936425e-01 8.4532692172e+01
1.2258770520e+00 2.2339681778e-01 8.5076053508e+01
1.3008222412e+00 2.3189103200e-01 8.5076053508e+01
1.3595372466e+00 2.3890799157e-01 8.3988837165e+01
1.4108212704e+00 2.4469390561e-01 8.3700696849e+01
1.3542352198e+00 2.3816936425e-01 8.4308814530e+01
1.2001942023e+00 2.2031920393e-01 8.5427400756e+01
1.3203178778e+00 2.3435312308e-01 8.4404772564e+01
1.3143349502e+00 2.3386070486e-01 8.4020843204e+01
1.3145830372e+00 2.3361449576e-01 8.4628613906e+01
1.3408332729e+00 2.3644590050e-01 8.4852373054e+01
1.3267970435e+00 2.3484554129e-01 8.4948245538e+01
1.1702488283e+00 2.1687227642e-01 8.5363532643e+01
1.1423462402e+00 2.1354845347e-01 8.5555119982e+01
1.1868970066e+00 2.1871884473e-01 8.5618971257e+01
1.3041159235e+00 2.3226034566e-01 8.5076053508e+01
1.3377669591e+00 2.3644590050e-01 8.4084849675e+01
1.3486020315e+00 2.3730763237e-01 8.4852373054e+01
1.3239472239e+00 2.3484554129e-01 8.4212840476e+01
1.2708726539e+00 2.2856720904e-01 8.4948245538e+01
1.2493893213e+00 2.2610511797e-01 8.5012152633e+01
1.2917778105e+00 2.3115240468e-01 8.4404772564e+01
1.3642399404e+00 2.3952351434e-01 8.3796761031e+01
1.1723654299e+00 2.1711848553e-01 8.5363532643e+01
1.2264963070e+00 2.2364302689e-01 8.4628613906e+01
1.2884387311e+00 2.3053688191e-01 8.4980199868e+01
1.3182495334e+00 2.3398380942e-01 8.4724520544e+01
1.2664680592e+00 2.2819789538e-01 8.4628613906e+01
1.2403735664e+00 2.2524338609e-01 8.4596641686e+01
1.2682483087e+00 2.2832099994e-01 8.4820412361e+01
1.2372551857e+00 2.2487407243e-01 8.4628613906e+01
1.2692217752e+00 2.2844410449e-01 8.4788450052e+01
1.3171405285e+00 2.3398380942e-01 8.4436755064e+01
1.2783867025e+00 2.2942894092e-01 8.4916289633e+01
1.2493587400e+00 2.2622822252e-01 8.4692553325e+01
1.3054217521e+00 2.3262965932e-01 8.4532692172e+01
1.2719040014e+00 2.2881341815e-01 8.4628613906e+01
1.2957981950e+00 2.3152171834e-01 8.4596641686e+01
1.3912368308e+00 2.4235491908e-01 8.4084849675e+01
1.2825380415e+00 2.3016756825e-01 8.4276824972e+01
1.3645179139e+00 2.3927730524e-01 8.4372788316e+01
1.2596731064e+00 2.2733616351e-01 8.4852373054e+01
1.2597201840e+00 2.2745926806e-01 8.4564667778e+01
1.2909327019e+00 2.3102930012e-01 8.4468735825e+01
1.2177991458e+00 2.2241198135e-01 8.5235779013e+01
1.3331741358e+00 2.3583037773e-01 8.4308814530e+01
1.3247458311e+00 2.3472243674e-01 8.4692553325e+01
1.2409451677e+00 2.2524338609e-01 8.4756486116e+01
1.3121156782e+00 2.3324518209e-01 8.4852373054e+01
1.2587001760e+00 2.2721305895e-01 8.4884332141e+01
1.4399017642e+00 2.4764841490e-01 8.4116850127e+01
1.2912676824e+00 2.3090619557e-01 8.4852373054e+01
1.2674885848e+00 2.2807479083e-01 8.5235779013e+01
1.3331741358e+00 2.3583037773e-01 8.4308814530e+01
1.3593931464e+00 2.3878488702e-01 8.4212840476e+01
1.3560604917e+00 2.3853867791e-01 8.3956829243e+01
1.3406552290e+00 2.3669210960e-01 8.4244833624e+01
1.2750044631e+00 2.2905962726e-01 8.4884332141e+01
1.3236422583e+00 2.3459933219e-01 8.4692553325e+01
1.2523094623e+00 2.2647443163e-01 8.4916289633e+01
1.3486816385e+00 2.3755384148e-01 8.4308814530e+01
1.3046903158e+00 2.3250655477e-01 8.4628613906e+01
1.2566425941e+00 2.2696684984e-01 8.4916289633e+01
1.3827904693e+00 2.4124697810e-01 8.4468735825e+01
1.4124041309e+00 2.4481701016e-01 8.3796761031e+01
1.3666388551e+00 2.3964661890e-01 8.4084849675e+01
1.2984697627e+00 2.3189103200e-01 8.4436755064e+01
1.3120994396e+00 2.3349139120e-01 8.4276824972e+01
1.2300739567e+00 2.2388923600e-01 8.5044103843e+01
1.4165330565e+00 2.4518632382e-01 8.3956829243e+01
1.2348696502e+00 2.2462786332e-01 8.4564667778e+01
1.2413841406e+00 2.2499717698e-01 8.5555119982e+01
1.2580356195e+00 2.2733616351e-01 8.4404772564e+01
1.3349351927e+00 2.3583037773e-01 8.4756486116e+01
1.3981140206e+00 2.4309354641e-01 8.4116850127e+01
1.3621961898e+00 2.3878488702e-01 8.4916289633e+01
1.2392322195e+00 2.2499717698e-01 8.4884332141e+01
1.2856861820e+00 2.3029067280e-01 8.4820412361e+01
1.2218895301e+00 2.2290439956e-01 8.5171893334e+01
1.2845007838e+00 2.3029067280e-01 8.4500714858e+01
1.3957256533e+00 2.4284733730e-01 8.4084849675e+01
1.4055630740e+00 2.4383217373e-01 8.4276824972e+01
1.3750034808e+00 2.4050835077e-01 8.4212840476e+01
1.2675545955e+00 2.2832099994e-01 8.4628613906e+01
1.3069656774e+00 2.3250655477e-01 8.5267719621e+01
1.4009231820e+00 2.4333975551e-01 8.4244833624e+01
1.2944602152e+00 2.3139861378e-01 8.4532692172e+01
1.4361774122e+00 2.4752531035e-01 8.3572583562e+01
1.3559186519e+00 2.3853867791e-01 8.3924819428e+01
1.3467253153e+00 2.3730763237e-01 8.4372788316e+01
1.3312239184e+00 2.3558416862e-01 8.4372788316e+01
1.2739620113e+00 2.2905962726e-01 8.4596641686e+01
1.3864688012e+00 2.4186250087e-01 8.4020843204e+01
1.3920732116e+00 2.4247802364e-01 8.4020843204e+01
1.2391790198e+00 2.2512028154e-01 8.4564667778e+01
1.2201700130e+00 2.2290439956e-01 8.4660584449e+01
1.4620703955e+00 2.5011050598e-01 8.3988837165e+01
1.2503308189e+00 2.2610511797e-01 8.5299658755e+01
1.3875890508e+00 2.4198560542e-01 8.4020843204e+01
1.2832870750e+00 2.3016756825e-01 8.4468735825e+01
1.2641267745e+00 2.2782858172e-01 8.4884332141e+01
1.3093151080e+00 2.3312207754e-01 8.4404772564e+01
1.3582489799e+00 2.3841557336e-01 8.4756486116e+01
1.3441121770e+00 2.3706142326e-01 8.4276824972e+01
1.3347980355e+00 2.3595348228e-01 8.4436755064e+01
1.3402295931e+00 2.3644590050e-01 8.4692553325e+01
1.2797641306e+00 2.2967515003e-01 8.4692553325e+01
1.3096411267e+00 2.3324518209e-01 8.4212840476e+01
1.3057666677e+00 2.3275276388e-01 8.4340802307e+01
1.2677195643e+00 2.2819789538e-01 8.4980199868e+01
1.1680393513e+00 2.1662606732e-01 8.5331596426e+01
1.2209005577e+00 2.2302750412e-01 8.4564667778e+01
1.3798842769e+00 2.4100076899e-01 8.4308814530e+01
1.2966499342e+00 2.3164482289e-01 8.4532692172e+01
1.3758126658e+00 2.4050835077e-01 8.4404772564e+01
1.2433532923e+00 2.2524338609e-01 8.5491263175e+01
1.2273647077e+00 2.2351992233e-01 8.5203836921e+01
1.1746708163e+00 2.1736469464e-01 8.5427400756e+01
1.2943202492e+00 2.3127550923e-01 8.4788450052e+01
1.2846225225e+00 2.3029067280e-01 8.4532692172e+01
1.2947033034e+00 2.3139861378e-01 8.4596641686e+01
1.3018825672e+00 2.3226034566e-01 8.4468735825e+01
1.3972500732e+00 2.4309354641e-01 8.3924819428e+01
1.3385734953e+00 2.3644590050e-01 8.4276824972e+01
1.2819938622e+00 2.2979825458e-01 8.5012152633e+01
1.5311211812e+00 2.5761988377e-01 8.3764741596e+01
1.2967426640e+00 2.3152171834e-01 8.4852373054e+01
1.3175040814e+00 2.3386070486e-01 8.4820412361e+01
1.2004710125e+00 2.2068851759e-01 8.4532692172e+01
1.2270814104e+00 2.2339681778e-01 8.5459332672e+01
1.3222954353e+00 2.3447622763e-01 8.4628613906e+01
1.4105997790e+00 2.4457080105e-01 8.3892807710e+01
1.2668356195e+00 2.2832099994e-01 8.4436755064e+01
1.2696733919e+00 2.2844410449e-01 8.4916289633e+01
1.3153985704e+00 2.3386070486e-01 8.4276824972e+01
1.3082166038e+00 2.3299897299e-01 8.4404772564e+01
1.3765053489e+00 2.4087766444e-01 8.3796761031e+01
1.2807369594e+00 2.2979825458e-01 8.4660584449e+01
1.2327464158e+00 2.2413544510e-01 8.5203836921e+01
1.3005416957e+00 2.3201413655e-01 8.4692553325e+01
1.1853528363e+00 2.1896505384e-01 8.4468735825e+01
1.3400777941e+00 2.3632279594e-01 8.4948245538e+01
1.2991704663e+00 2.3164482289e-01 8.5235779013e+01
1.2171027670e+00 2.2265819046e-01 8.4404772564e+01
1.3070072449e+00 2.3275276388e-01 8.4660584449e+01
1.2307225656e+00 2.2401234055e-01 8.4916289633e+01
1.2799974284e+00 2.2967515003e-01 8.4756486116e+01
1.2645294419e+00 2.2795168628e-01 8.4692553325e+01
1.1572952343e+00 2.1539502178e-01 8.5267719621e+01
1.3420607451e+00 2.3656900505e-01 8.4884332141e+01
1.3307009441e+00 2.3558416862e-01 8.4244833624e+01
1.2423509225e+00 2.2524338609e-01 8.5171893334e+01
1.3552744933e+00 2.3816936425e-01 8.4564667778e+01
1.2468854041e+00 2.2561269975e-01 8.5587046306e+01
1.2759227767e+00 2.2955204548e-01 8.3988837165e+01
1.3651701140e+00 2.3927730524e-01 8.4532692172e+01
1.3998827038e+00 2.4284733730e-01 8.5108001638e+01
1.1302890311e+00 2.1219430337e-01 8.5363532643e+01
1.3083455235e+00 2.3287586843e-01 8.4724520544e+01
1.3546725092e+00 2.3829246880e-01 8.4148848738e+01
1.2910367871e+00 2.3090619557e-01 8.4788450052e+01
1.2556206537e+00 2.2696684984e-01 8.4628613906e+01
1.3256055781e+00 2.3484554129e-01 8.4628613906e+01
1.1656395475e+00 2.1637985821e-01 8.5235779013e+01
1.3107905507e+00 2.3324518209e-01 8.4500714858e+01
1.2371397747e+00 2.2487407243e-01 8.4596641686e+01
1.1600400687e+00 2.1551812633e-01 8.5874322654e+01
1.1571039118e+00 2.1539502178e-01 8.5203836921e+01
1.3010125626e+00 2.3201413655e-01 8.4820412361e+01
1.2696008840e+00 2.2869031360e-01 8.4308814530e+01
1.2248710896e+00 2.2302750412e-01 8.5810492699e+01
1.1982256162e+00 2.2044230849e-01 8.4500714858e+01
1.2771095112e+00 2.2942894092e-01 8.4564667778e+01
1.3862834195e+00 2.4161629176e-01 8.4500714858e+01
1.4193756100e+00 2.4530942838e-01 8.4340802307e+01
1.2351377110e+00 2.2450475877e-01 8.4948245538e+01
1.3417628618e+00 2.3681521416e-01 8.4244833624e+01
1.3063133303e+00 2.3250655477e-01 8.5076053508e+01
1.3754114901e+00 2.4050835077e-01 8.4308814530e+01
1.3229766823e+00 2.3472243674e-01 8.4244833624e+01
1.1929815351e+00 2.1921126295e-01 8.6320993230e+01
1.2768422238e+00 2.2930583637e-01 8.4788450052e+01
1.2974987374e+00 2.3176792745e-01 8.4468735825e+01
1.3389667698e+00 2.3644590050e-01 8.4372788316e+01
1.3154181364e+00 2.3361449576e-01 8.4852373054e+01
1.2673866548e+00 2.2819789538e-01 8.4884332141e+01
1.2608045703e+00 2.2758237261e-01 8.4564667778e+01
1.2913820601e+00 2.3090619557e-01 8.4884332141e+01
1.3139637305e+00 2.3349139120e-01 8.4756486116e+01
1.2328326535e+00 2.2438165421e-01 8.4596641686e+01
1.2157544263e+00 2.2216577224e-01 8.5267719621e+01
1.3074832504e+00 2.3275276388e-01 8.4788450052e+01
1.3251084980e+00 2.3484554129e-01 8.4500714858e+01
1.3231351594e+00 2.3447622763e-01 8.4852373054e+01
1.3727696185e+00 2.4026214167e-01 8.4212840476e+01
1.2855991755e+00 2.3016756825e-01 8.5108001638e+01
1.3510793257e+00 2.3767694603e-01 8.4628613906e+01
1.3209286844e+00 2.3423001852e-01 8.4852373054e+01
1.3499682479e+00 2.3755384148e-01 8.4628613906e+01
1.2478135166e+00 2.2610511797e-01 8.4564667778e+01
1.2212865113e+00 2.2265819046e-01 8.5682817082e+01
1.1919534488e+00 2.1970368116e-01 8.4532692172e+01
1.2573341337e+00 2.2684374529e-01 8.5459332672e+01
1.4066892326e+00 2.4395527828e-01 8.4276824972e+01
1.2506856278e+00 2.2622822252e-01 8.5076053508e+01
1.4507712206e+00 2.4912566955e-01 8.3540550223e+01
1.2024126876e+00 2.2068851759e-01 8.5108001638e+01
1.4320436269e+00 2.4654047392e-01 8.4660584449e+01
1.2877857289e+00 2.3041377735e-01 8.5108001638e+01
1.3346924539e+00 2.3583037773e-01 8.4692553325e+01
1.2266908077e+00 2.2339681778e-01 8.5331596426e+01
1.2584761905e+00 2.2721305895e-01 8.4820412361e+01
1.2328460720e+00 2.2401234055e-01 8.5587046306e+01
1.2728736151e+00 2.2893652271e-01 8.4596641686e+01
1.3134825550e+00 2.3349139120e-01 8.4628613906e+01
1.2154527962e+00 2.2216577224e-01 8.5171893334e+01
1.2497467810e+00 2.2598201341e-01 8.5459332672e+01
1.3204450421e+00 2.3435312308e-01 8.4436755064e+01
1.3090606075e+00 2.3312207754e-01 8.4340802307e+01
1.4163970351e+00 2.4494011472e-01 8.4436755064e+01
1.4365000686e+00 2.4715599669e-01 8.4372788316e+01
1.3042006433e+00 2.3250655477e-01 8.4500714858e+01
1.2852961790e+00 2.3053688191e-01 8.4148848738e+01
1.3717925140e+00 2.4026214167e-01 8.3988837165e+01
1.3452208731e+00 2.3718452782e-01 8.4276824972e+01
1.2302148687e+00 2.2413544510e-01 8.4468735825e+01
1.2317987862e+00 2.2413544510e-01 8.4916289633e+01
1.2491725007e+00 2.2610511797e-01 8.4948245538e+01
1.2467904634e+00 2.2585890886e-01 8.4884332141e+01
1.3197200311e+00 2.3423001852e-01 8.4532692172e+01
1.2395444413e+00 2.2524338609e-01 8.4372788316e+01
1.3730419654e+00 2.4026214167e-01 8.4276824972e+01
1.2800300593e+00 2.2955204548e-01 8.5076053508e+01
1.2631521103e+00 2.2770547717e-01 8.4916289633e+01
1.3321993369e+00 2.3570727317e-01 8.4340802307e+01
1.2367441191e+00 2.2475096787e-01 8.4788450052e+01
1.3382459991e+00 2.3632279594e-01 8.4468735825e+01
1.3397333401e+00 2.3644590050e-01 8.4564667778e+01
1.2599856212e+00 2.2721305895e-01 8.5267719621e+01
1.2145711205e+00 2.2191956313e-01 8.5587046306e+01
1.2648744073e+00 2.2795168628e-01 8.4788450052e+01
1.3602295723e+00 2.3866178247e-01 8.4692553325e+01
1.2880201534e+00 2.3065998646e-01 8.4564667778e+01
1.3385734953e+00 2.3644590050e-01 8.4276824972e+01
1.1867342188e+00 2.1884194929e-01 8.5203836921e+01
1.1914467925e+00 2.1945747206e-01 8.5012152633e+01
1.2090531446e+00 2.2155024947e-01 8.4852373054e+01
1.4800655432e+00 2.5244949250e-01 8.3252157668e+01
1.4246099649e+00 2.4592495115e-01 8.4244833624e+01
1.3606415019e+00 2.3890799157e-01 8.4244833624e+01
1.2648744073e+00 2.2795168628e-01 8.4788450052e+01
1.2121372624e+00 2.2179645858e-01 8.5139948243e+01
1.3479653805e+00 2.3743073693e-01 8.4404772564e+01
1.2478715257e+00 2.2598201341e-01 8.4884332141e+01
1.2518743707e+00 2.2635132707e-01 8.5108001638e+01
1.2910509317e+00 2.3127550923e-01 8.3956829243e+01
1.2563504722e+00 2.2708995440e-01 8.4532692172e+01
1.2683614723e+00 2.2832099994e-01 8.4852373054e+01
1.3077169210e+00 2.3275276388e-01 8.4852373054e+01
1.4352031561e+00 2.4740220579e-01 8.3604614884e+01
1.3031034557e+00 2.3238345022e-01 8.4500714858e+01
1.3853010835e+00 2.4186250087e-01 8.3764741596e+01
1.3748270602e+00 2.4038524622e-01 8.4436755064e+01
1.2158832285e+00 2.2241198135e-01 8.4660584449e+01
1.3397666448e+00 2.3619969139e-01 8.5171893334e+01
1.3179689472e+00 2.3386070486e-01 8.4948245538e+01
1.2824399378e+00 2.3004446369e-01 8.4532692172e+01
1.3154385124e+00 2.3373760031e-01 8.4564667778e+01
1.1764804447e+00 2.1773400830e-01 8.4980199868e+01
1.1770671727e+00 2.1761090375e-01 8.5523192275e+01
1.2072352148e+00 2.2130404036e-01 8.4948245538e+01
1.2804595202e+00 2.2955204548e-01 8.5203836921e+01
1.1903828945e+00 2.1933436750e-01 8.5012152633e+01
1.1292440423e+00 2.1207119882e-01 8.5363532643e+01
1.2969970374e+00 2.3176792745e-01 8.4340802307e+01
1.2098149357e+00 2.2142714492e-01 8.5427400756e+01
1.2675545955e+00 2.2832099994e-01 8.4628613906e+01
1.3872729128e+00 2.4173939631e-01 8.4468735825e+01
1.3458974380e+00 2.3706142326e-01 8.4724520544e+01
1.4528629882e+00 2.4924877410e-01 8.3732720205e+01
1.2916086757e+00 2.3090619557e-01 8.4948245538e+01
1.2455925344e+00 2.2561269975e-01 8.5171893334e+01
1.3192161516e+00 2.3423001852e-01 8.4404772564e+01
1.2374624907e+00 2.2462786332e-01 8.5331596426e+01
1.2891130035e+00 2.3078309102e-01 8.4564667778e+01
1.2986734962e+00 2.3201413655e-01 8.4212840476e+01
1.2614185061e+00 2.2745926806e-01 8.5044103843e+01
1.3083426675e+00 2.3299897299e-01 8.4436755064e+01
1.3305032810e+00 2.3546106406e-01 8.4468735825e+01
1.3615682517e+00 2.3890799157e-01 8.4468735825e+01
1.2847084137e+00 2.3016756825e-01 8.4852373054e+01
1.2519761603e+00 2.2647443163e-01 8.4820412361e+01
1.3430583077e+00 2.3681521416e-01 8.4564667778e+01
1.3700164905e+00 2.3976972345e-01 8.4628613906e+01
1.3800191746e+00 2.4100076899e-01 8.4340802307e+01
1.3657647094e+00 2.3940040979e-01 8.4404772564e+01
1.3338832593e+00 2.3595348228e-01 8.4212840476e+01
1.2332038083e+00 2.2450475877e-01 8.4404772564e+01
1.2240553352e+00 2.2327371323e-01 8.4852373054e+01
1.2521990544e+00 2.2647443163e-01 8.4884332141e+01
1.3969559124e+00 2.4309354641e-01 8.3860794078e+01
1.5513625428e+00 2.5971266118e-01 8.3860794078e+01
1.4047123612e+00 2.4370906918e-01 8.4340802307e+01
1.2208225976e+00 2.2265819046e-01 8.5523192275e+01
1.2561113568e+00 2.2708995440e-01 8.4468735825e+01
1.3854823966e+00 2.4161629176e-01 8.4308814530e+01
1.2316410748e+00 2.2425854966e-01 8.4564667778e+01
1.2909327019e+00 2.3102930012e-01 8.4468735825e+01
1.3333442952e+00 2.3595348228e-01 8.4084849675e+01
1.3288851254e+00 2.3533795951e-01 8.4340802307e+01
1.2302835131e+00 2.2388923600e-01 8.5108001638e+01
1.2723562816e+00 2.2856720904e-01 8.5395467416e+01
1.4145697492e+00 2.4494011472e-01 8.4020843204e+01
1.2505788576e+00 2.2622822252e-01 8.5044103843e+01
1.4384904709e+00 2.4740220579e-01 8.4308814530e+01
1.3556518813e+00 2.3816936425e-01 8.4660584449e+01
1.3267970435e+00 2.3484554129e-01 8.4948245538e+01
1.2701137793e+00 2.2844410449e-01 8.5044103843e+01
1.3857737915e+00 2.4173939631e-01 8.4116850127e+01
1.2874064308e+00 2.3065998646e-01 8.4404772564e+01
1.2545852671e+00 2.2672064074e-01 8.4948245538e+01
1.3151831669e+00 2.3361449576e-01 8.4788450052e+01
1.2124773020e+00 2.2191956313e-01 8.4916289633e+01
1.2522554848e+00 2.2672064074e-01 8.4308814530e+01
1.2873453198e+00 2.3041377735e-01 8.4980199868e+01
1.2559907546e+00 2.2708995440e-01 8.4436755064e+01
1.3201899834e+00 2.3435312308e-01 8.4372788316e+01
1.2669572037e+00 2.2832099994e-01 8.4468735825e+01
1.4077728098e+00 2.4395527828e-01 8.4532692172e+01
1.1708791284e+00 2.1711848553e-01 8.4884332141e+01
1.3341868419e+00 2.3570727317e-01 8.4852373054e+01
1.2829190137e+00 2.3004446369e-01 8.4660584449e+01
1.4559141140e+00 2.4949498321e-01 8.3892807710e+01
1.1729783704e+00 2.1699538098e-01 8.5970057995e+01
1.2476957734e+00 2.2610511797e-01 8.4532692172e+01
1.2482671088e+00 2.2585890886e-01 8.5331596426e+01
1.4212176451e+00 2.4555563748e-01 8.4244833624e+01
1.2369658438e+00 2.2475096787e-01 8.4852373054e+01
1.3471802782e+00 2.3755384148e-01 8.3956829243e+01
1.2594475452e+00 2.2733616351e-01 8.4788450052e+01
1.3422899407e+00 2.3681521416e-01 8.4372788316e+01
1.3399608453e+00 2.3632279594e-01 8.4916289633e+01
1.4495731767e+00 2.4863325133e-01 8.4244833624e+01
1.1415123851e+00 2.1379466258e-01 8.4596641686e+01
1.2117240121e+00 2.2179645858e-01 8.5012152633e+01
1.1698674293e+00 2.1687227642e-01 8.5235779013e+01
1.2757790239e+00 2.2930583637e-01 8.4500714858e+01
1.3152271206e+00 2.3349139120e-01 8.5108001638e+01
1.3093151080e+00 2.3312207754e-01 8.4404772564e+01
1.2480644342e+00 2.2585890886e-01 8.5267719621e+01
1.3574535981e+00 2.3866178247e-01 8.4020843204e+01
1.3512965317e+00 2.3780005059e-01 8.4404772564e+01
1.1640003213e+00 2.1613364910e-01 8.5395467416e+01
1.3105441556e+00 2.3312207754e-01 8.4724520544e+01
1.2838814230e+00 2.3029067280e-01 8.4340802307e+01
1.3007785664e+00 2.3201413655e-01 8.4756486116e+01
1.2636981813e+00 2.2770547717e-01 8.5076053508e+01
1.2636741854e+00 2.2782858172e-01 8.4756486116e+01
1.2436589339e+00 2.2548959520e-01 8.4916289633e+01
1.3600621098e+00 2.3878488702e-01 8.4372788316e+01
1.2692217752e+00 2.2844410449e-01 8.4788450052e+01
1.3612189348e+00 2.3878488702e-01 8.4660584449e+01
1.2592479569e+00 2.2721305895e-01 8.5044103843e+01
1.1854730815e+00 2.1871884473e-01 8.5139948243e+01
1.3090470918e+00 2.3287586843e-01 8.4916289633e+01
1.3158054161e+00 2.3373760031e-01 8.4660584449e+01
1.3635731914e+00 2.3927730524e-01 8.4148848738e+01
1.1990316659e+00 2.2019609938e-01 8.5395467416e+01
1.3627329691e+00 2.3915420068e-01 8.4212840476e+01
1.5079626645e+00 2.5540400180e-01 8.3316259486e+01
1.3698894244e+00 2.3976972345e-01 8.4596641686e+01
1.2350023445e+00 2.2425854966e-01 8.5587046306e+01
1.3089322705e+00 2.3312207754e-01 8.4308814530e+01
1.4722347149e+00 2.5158776063e-01 8.3284209632e+01
1.2081589243e+00 2.2130404036e-01 8.5235779013e+01
1.1016979738e+00 2.0862427131e-01 8.5970057995e+01
1.1906016156e+00 2.1945747206e-01 8.4756486116e+01
1.4027926356e+00 2.4383217373e-01 8.3668671517e+01
1.3382459991e+00 2.3632279594e-01 8.4468735825e+01
1.2191191374e+00 2.2265819046e-01 8.4980199868e+01
1.1409315511e+00 2.1330224436e-01 8.5810492699e+01
1.3720602337e+00 2.4013903711e-01 8.4308814530e+01
1.1851880025e+00 2.1859574018e-01 8.5395467416e+01
1.2739620113e+00 2.2905962726e-01 8.4596641686e+01
1.2702221219e+00 2.2844410449e-01 8.5076053508e+01
1.3066426577e+00 2.3275276388e-01 8.4564667778e+01
1.3600791487e+00 2.3903109613e-01 8.3860794078e+01
1.4083472302e+00 2.4432459195e-01 8.3892807710e+01
1.4141598026e+00 2.4481701016e-01 8.4180845518e+01
1.3211616680e+00 2.3423001852e-01 8.4916289633e+01
1.2410625005e+00 2.2512028154e-01 8.5108001638e+01
1.4389090183e+00 2.4740220579e-01 8.4404772564e+01
1.3763938632e+00 2.4063145533e-01 8.4276824972e+01
1.2569707284e+00 2.2696684984e-01 8.5012152633e+01
1.2813189022e+00 2.2979825458e-01 8.4820412361e+01
1.3096465385e+00 2.3349139120e-01 8.3700696849e+01
1.3170947768e+00 2.3373760031e-01 8.5012152633e+01
1.3198259301e+00 2.3410691397e-01 8.4852373054e+01
1.3812725067e+00 2.4112387354e-01 8.4372788316e+01
1.2467289211e+00 2.2610511797e-01 8.4276824972e+01
1.2700047350e+00 2.2844410449e-01 8.5012152633e+01
1.3452765538e+00 2.3706142326e-01 8.4564667778e+01
1.2205524824e+00 2.2302750412e-01 8.4468735825e+01
1.2566425941e+00 2.2696684984e-01 8.4916289633e+01
1.3625521084e+00 2.3903109613e-01 8.4436755064e+01
1.2713105883e+00 2.2856720904e-01 8.5076053508e+01
1.2840105283e+00 2.3016756825e-01 8.4660584449e+01
1.3945417939e+00 2.4235491908e-01 8.4884332141e+01
1.3411866107e+00 2.3644590050e-01 8.4948245538e+01
1.3219246000e+00 2.3447622763e-01 8.4532692172e+01
1.2747777415e+00 2.2905962726e-01 8.4820412361e+01
1.2802305767e+00 2.2992135914e-01 8.4244833624e+01
1.3268551231e+00 2.3521485496e-01 8.4116850127e+01
1.2919023786e+00 2.3115240468e-01 8.4436755064e+01
1.2847435502e+00 2.3029067280e-01 8.4564667778e+01
1.2604151858e+00 2.2770547717e-01 8.4180845518e+01
1.2825607714e+00 2.3004446369e-01 8.4564667778e+01
1.2881407597e+00 2.3065998646e-01 8.4596641686e+01
1.3294641066e+00 2.3509175040e-01 8.5076053508e+01
1.2482775733e+00 2.2610511797e-01 8.4692553325e+01
1.3019603957e+00 2.3238345022e-01 8.4212840476e+01
1.2803792921e+00 2.2979825458e-01 8.4564667778e+01
1.2718497636e+00 2.2869031360e-01 8.4916289633e+01
1.3871404544e+00 2.4173939631e-01 8.4436755064e+01
1.2547694872e+00 2.2684374529e-01 8.4692553325e+01
1.3022524790e+00 2.3226034566e-01 8.4564667778e+01
1.3000315424e+00 2.3189103200e-01 8.4852373054e+01
1.1932630771e+00 2.1970368116e-01 8.4916289633e+01
1.2207136019e+00 2.2278129501e-01 8.5139948243e+01
1.2215131901e+00 2.2278129501e-01 8.5395467416e+01
1.2247987940e+00 2.2339681778e-01 8.4756486116e+01
1.2715465186e+00 2.2881341815e-01 8.4532692172e+01
1.3198019186e+00 2.3435312308e-01 8.4276824972e+01
1.2628552308e+00 2.2782858172e-01 8.4532692172e+01
1.3664180438e+00 2.3927730524e-01 8.4852373054e+01
1.2510568622e+00 2.2647443163e-01 8.4564667778e+01
1.2310235471e+00 2.2413544510e-01 8.4692553325e+01
1.2835310678e+00 2.3016756825e-01 8.4532692172e+01
1.2351007780e+00 2.2462786332e-01 8.4628613906e+01
1.3378596866e+00 2.3632279594e-01 8.4372788316e+01
1.2228722607e+00 2.2315060867e-01 8.4820412361e+01
1.2497093703e+00 2.2610511797e-01 8.5108001638e+01
1.2814837259e+00 2.2955204548e-01 8.5523192275e+01
1.3045689795e+00 2.3250655477e-01 8.4596641686e+01
1.3182417112e+00 2.3410691397e-01 8.4436755064e+01
1.3653847164e+00 2.3952351434e-01 8.4052847370e+01
1.3567646536e+00 2.3829246880e-01 8.4660584449e+01
1.3150645932e+00 2.3361449576e-01 8.4756486116e+01
1.3772386128e+00 2.4075455988e-01 8.4212840476e+01
1.3713779953e+00 2.4013903711e-01 8.4148848738e+01
1.3037132587e+00 2.3238345022e-01 8.4660584449e+01
1.1964579766e+00 2.2007299482e-01 8.4916289633e+01
1.3356910477e+00 2.3619969139e-01 8.4116850127e+01
1.3276509611e+00 2.3521485496e-01 8.4308814530e+01
1.4891535333e+00 2.5294191072e-01 8.4148848738e+01
1.3971033790e+00 2.4309354641e-01 8.3892807710e+01
1.2865618258e+00 2.3053688191e-01 8.4468735825e+01
1.3181292228e+00 2.3398380942e-01 8.4692553325e+01
1.3531679037e+00 2.3780005059e-01 8.4884332141e+01
1.3590515560e+00 2.3903109613e-01 8.3636644199e+01
1.2587001760e+00 2.2721305895e-01 8.4884332141e+01
1.2108855663e+00 2.2155024947e-01 8.5427400756e+01
1.2330838905e+00 2.2450475877e-01 8.4372788316e+01
1.4175842463e+00 2.4543253293e-01 8.3700696849e+01
1.3274416515e+00 2.3509175040e-01 8.4532692172e+01
1.2916602219e+00 2.3102930012e-01 8.4660584449e+01
1.2372551857e+00 2.2487407243e-01 8.4628613906e+01
1.3202416554e+00 2.3447622763e-01 8.4116850127e+01
1.3052789596e+00 2.3287586843e-01 8.3956829243e+01
1.1845102845e+00 2.1859574018e-01 8.5171893334e+01
1.1470653043e+00 2.1404087168e-01 8.5746657535e+01
1.3965651639e+00 2.4284733730e-01 8.4276824972e+01
1.2830370085e+00 2.3004446369e-01 8.4692553325e+01
1.3802866853e+00 2.4100076899e-01 8.4404772564e+01
1.2566425941e+00 2.2696684984e-01 8.4916289633e+01
1.3015061730e+00 2.3226034566e-01 8.4372788316e+01
1.2710507732e+00 2.2869031360e-01 8.4692553325e+01
1.2688071134e+00 2.2832099994e-01 8.4980199868e+01
1.2964035887e+00 2.3164482289e-01 8.4468735825e+01
1.3830718607e+00 2.4112387354e-01 8.4820412361e+01
1.2922468471e+00 2.3102930012e-01 8.4820412361e+01
1.3291633388e+00 2.3521485496e-01 8.4692553325e+01
1.3138389132e+00 2.3361449576e-01 8.4436755064e+01
1.3339465588e+00 2.3583037773e-01 8.4500714858e+01
1.3043050492e+00 2.3238345022e-01 8.4820412361e+01
1.1714939287e+00 2.1699538098e-01 8.5427400756e+01
1.2212425346e+00 2.2302750412e-01 8.4660584449e+01
1.2569360775e+00 2.2708995440e-01 8.4692553325e+01
1.2588714446e+00 2.2733616351e-01 8.4628613906e+01
1.2266626487e+00 2.2327371323e-01 8.5682817082e+01
1.3467253153e+00 2.3730763237e-01 8.4372788316e+01
1.2488943042e+00 2.2622822252e-01 8.4564667778e+01
1.2069872256e+00 2.2142714492e-01 8.4564667778e+01
1.4117622258e+00 2.4457080105e-01 8.4148848738e+01
1.2766238727e+00 2.2942894092e-01 8.4436755064e+01
1.4426344112e+00 2.4814083312e-01 8.3732720205e+01
1.3089621306e+00 2.3299897299e-01 8.4596641686e+01
1.2493587400e+00 2.2622822252e-01 8.4692553325e+01
1.2698949890e+00 2.2844410449e-01 8.4980199868e+01
1.3258864463e+00 2.3509175040e-01 8.4148848738e+01
1.1835469971e+00 2.1847263562e-01 8.5203836921e+01
1.3814527995e+00 2.4100076899e-01 8.4692553325e+01
1.1703425566e+00 2.1687227642e-01 8.5395467416e+01
1.1546078416e+00 2.1514881267e-01 8.5076053508e+01
1.3652442632e+00 2.3952351434e-01 8.4020843204e+01
1.3173920711e+00 2.3398380942e-01 8.4500714858e+01
1.1678118924e+00 2.1674917187e-01 8.4916289633e+01
1.3249868613e+00 2.3472243674e-01 8.4756486116e+01
1.3420750330e+00 2.3669210960e-01 8.4596641686e+01
1.3488292081e+00 2.3780005059e-01 8.3828778522e+01
1.3350554575e+00 2.3583037773e-01 8.4788450052e+01
1.1925110234e+00 2.1958057661e-01 8.5012152633e+01
1.2767463430e+00 2.2942894092e-01 8.4468735825e+01
1.1912394633e+00 2.1945747206e-01 8.4948245538e+01
1.4474129372e+00 2.4851014678e-01 8.4020843204e+01
1.2841286178e+00 2.3016756825e-01 8.4692553325e+01
1.3329052020e+00 2.3607658683e-01 8.3732720205e+01
1.2623958435e+00 2.2758237261e-01 8.5012152633e+01
1.3507883057e+00 2.3792315514e-01 8.4020843204e+01
1.2574323189e+00 2.2684374529e-01 8.5491263175e+01
1.1728467708e+00 2.1724159008e-01 8.5171893334e+01
1.3073653322e+00 2.3275276388e-01 8.4756486116e+01
1.3321993369e+00 2.3570727317e-01 8.4340802307e+01
1.2513366239e+00 2.2635132707e-01 8.4948245538e+01
1.2274958811e+00 2.2364302689e-01 8.4916289633e+01
1.3316161901e+00 2.3546106406e-01 8.4756486116e+01
1.2426880058e+00 2.2536649064e-01 8.4948245538e+01
1.3584156997e+00 2.3866178247e-01 8.4244833624e+01
1.2824296764e+00 2.2979825458e-01 8.5139948243e+01
1.1602338924e+00 2.1564123088e-01 8.5555119982e+01
1.3837784497e+00 2.4137008265e-01 8.4436755064e+01
1.2640146759e+00 2.2782858172e-01 8.4852373054e+01
1.3575932941e+00 2.3866178247e-01 8.4052847370e+01
1.4209008487e+00 2.4567874204e-01 8.3924819428e+01
1.2145711205e+00 2.2191956313e-01 8.5587046306e+01
1.3683875887e+00 2.3964661890e-01 8.4500714858e+01
1.2789389848e+00 2.2942894092e-01 8.5076053508e+01
1.1977724853e+00 2.2007299482e-01 8.5331596426e+01
1.3359688748e+00 2.3632279594e-01 8.3924819428e+01
1.3017573821e+00 2.3213724111e-01 8.4724520544e+01
1.2711826982e+00 2.2881341815e-01 8.4436755064e+01
1.3240051862e+00 2.3472243674e-01 8.4500714858e+01
1.2012618434e+00 2.2044230849e-01 8.5427400756e+01
1.2096222116e+00 2.2142714492e-01 8.5363532643e+01
1.4319630157e+00 2.4678668302e-01 8.4116850127e+01
1.3671419139e+00 2.3952351434e-01 8.4468735825e+01
1.2256489311e+00 2.2351992233e-01 8.4692553325e+01
1.3167577518e+00 2.3398380942e-01 8.4340802307e+01
1.2544753731e+00 2.2672064074e-01 8.4916289633e+01
1.3197200311e+00 2.3423001852e-01 8.4532692172e+01
1.3227796583e+00 2.3447622763e-01 8.4756486116e+01
1.3821225738e+00 2.4124697810e-01 8.4308814530e+01
1.1463682549e+00 2.1404087168e-01 8.5491263175e+01
1.3094412716e+00 2.3312207754e-01 8.4436755064e+01
1.2778482361e+00 2.2930583637e-01 8.5076053508e+01
1.3082260663e+00 2.3287586843e-01 8.4692553325e+01
1.3063959876e+00 2.3275276388e-01 8.4500714858e+01
1.2996819044e+00 2.3189103200e-01 8.4756486116e+01
1.3599794495e+00 2.3866178247e-01 8.4628613906e+01
1.2461450656e+00 2.2573580430e-01 8.5012152633e+01
1.3372661273e+00 2.3619969139e-01 8.4500714858e+01
1.2860755417e+00 2.3041377735e-01 8.4628613906e+01
1.4538581558e+00 2.4949498321e-01 8.3476477450e+01
1.2918970142e+00 2.3102930012e-01 8.4724520544e+01
1.3140898604e+00 2.3361449576e-01 8.4500714858e+01
1.1778192245e+00 2.1810332196e-01 8.4436755064e+01
1.3303009833e+00 2.3558416862e-01 8.4148848738e+01
1.3708185633e+00 2.4013903711e-01 8.4020843204e+01
1.2396326824e+00 2.2536649064e-01 8.4116850127e+01
1.2351007780e+00 2.2462786332e-01 8.4628613906e+01
1.2552247023e+00 2.2684374529e-01 8.4820412361e+01
1.3682576015e+00 2.3964661890e-01 8.4468735825e+01
1.2383328825e+00 2.2499717698e-01 8.4628613906e+01
1.2486579332e+00 2.2622822252e-01 8.4500714858e+01
1.3622893748e+00 2.3903109613e-01 8.4372788316e+01
1.3366608129e+00 2.3632279594e-01 8.4084849675e+01
1.2653818492e+00 2.2807479083e-01 8.4628613906e+01
1.2872815477e+00 2.3065998646e-01 8.4372788316e+01
1.3191100517e+00 2.3410691397e-01 8.4660584449e+01
1.2488943042e+00 2.2622822252e-01 8.4564667778e+01
1.2923656365e+00 2.3127550923e-01 8.4276824972e+01
1.2287859384e+00 2.2376613144e-01 8.4980199868e+01
1.3020065913e+00 2.3226034566e-01 8.4500714858e+01
1.2395058738e+00 2.2536649064e-01 8.4084849675e+01
1.3939031899e+00 2.4260112819e-01 8.4180845518e+01
1.3484821215e+00 2.3730763237e-01 8.4820412361e+01
1.2350294242e+00 2.2450475877e-01 8.4916289633e+01
1.3561911723e+00 2.3841557336e-01 8.4244833624e+01
1.3310942789e+00 2.3558416862e-01 8.4340802307e+01
1.2422482357e+00 2.2536649064e-01 8.4820412361e+01
1.1811262794e+00 2.1822642652e-01 8.5108001638e+01
1.2397720067e+00 2.2499717698e-01 8.5044103843e+01
1.2906850934e+00 2.3090619557e-01 8.4692553325e+01
1.3383204924e+00 2.3656900505e-01 8.3956829243e+01
1.2639018783e+00 2.2782858172e-01 8.4820412361e+01
1.3940452363e+00 2.4235491908e-01 8.4756486116e+01
1.2653809976e+00 2.2819789538e-01 8.4340802307e+01
1.3284924070e+00 2.3533795951e-01 8.4244833624e+01
1.1359682889e+00 2.1280982614e-01 8.5523192275e+01
1.4265890529e+00 2.4617116025e-01 8.4180845518e+01
1.3287549542e+00 2.3533795951e-01 8.4308814530e+01
1.2715230194e+00 2.2893652271e-01 8.4244833624e+01
1.3340727165e+00 2.3583037773e-01 8.4532692172e+01
1.3729061711e+00 2.4026214167e-01 8.4244833624e+01
1.2911525915e+00 2.3090619557e-01 8.4820412361e+01
1.3200613588e+00 2.3435312308e-01 8.4340802307e+01
1.1501152409e+00 2.1453328990e-01 8.5331596426e+01
1.2292337538e+00 2.2364302689e-01 8.5459332672e+01
1.2713974166e+00 2.2869031360e-01 8.4788450052e+01
1.3096816121e+00 2.3299897299e-01 8.4788450052e+01
1.4240362416e+00 2.4580184659e-01 8.4372788316e+01
1.2850396249e+00 2.3004446369e-01 8.5267719621e+01
1.3958508880e+00 2.4272423274e-01 8.4372788316e+01
1.2148313716e+00 2.2216577224e-01 8.4980199868e+01
1.2720240149e+00 2.2893652271e-01 8.4372788316e+01
1.2570737716e+00 2.2721305895e-01 8.4436755064e+01
1.2452776616e+00 2.2561269975e-01 8.5076053508e+01
1.3656633576e+00 2.3952351434e-01 8.4116850127e+01
1.3449095262e+00 2.3693831871e-01 8.4756486116e+01
1.2505547065e+00 2.2635132707e-01 8.4724520544e+01
1.3517459443e+00 2.3792315514e-01 8.4244833624e+01
1.3950258753e+00 2.4272423274e-01 8.4180845518e+01
1.4207518083e+00 2.4567874204e-01 8.3892807710e+01
1.3874456595e+00 2.4198560542e-01 8.3988837165e+01
1.2077108750e+00 2.2155024947e-01 8.4468735825e+01
1.3605061022e+00 2.3890799157e-01 8.4212840476e+01
1.2669586816e+00 2.2807479083e-01 8.5076053508e+01
1.3260353076e+00 2.3472243674e-01 8.5044103843e+01
1.3017573821e+00 2.3213724111e-01 8.4724520544e+01
1.2912723853e+00 2.3115240468e-01 8.4276824972e+01
1.3048732699e+00 2.3226034566e-01 8.5299658755e+01
1.3099386832e+00 2.3312207754e-01 8.4564667778e+01
1.3546305575e+00 2.3816936425e-01 8.4404772564e+01
1.3693736074e+00 2.3976972345e-01 8.4468735825e+01
1.2530586801e+00 2.2659753618e-01 8.4820412361e+01
1.3317361725e+00 2.3546106406e-01 8.4788450052e+01
1.2875230567e+00 2.3053688191e-01 8.4724520544e+01
1.3715996481e+00 2.3976972345e-01 8.5044103843e+01
1.2419307488e+00 2.2524338609e-01 8.5044103843e+01
1.3901024241e+00 2.4210870998e-01 8.4340802307e+01
1.2627354392e+00 2.2782858172e-01 8.4500714858e+01
1.2232750654e+00 2.2327371323e-01 8.4628613906e+01
1.3501858284e+00 2.3767694603e-01 8.4404772564e+01
1.2828634040e+00 2.2992135914e-01 8.4948245538e+01
1.4525543640e+00 2.4900256499e-01 8.4148848738e+01
1.3428553919e+00 2.3718452782e-01 8.3732720205e+01
1.2148313716e+00 2.2216577224e-01 8.4980199868e+01
1.3227762936e+00 2.3459933219e-01 8.4468735825e+01
1.2917209137e+00 2.3090619557e-01 8.4980199868e+01
1.3881310082e+00 2.4210870998e-01 8.3892807710e+01
1.3339465588e+00 2.3583037773e-01 8.4500714858e+01
1.3628118338e+00 2.3903109613e-01 8.4500714858e+01
1.2848638670e+00 2.3029067280e-01 8.4596641686e+01
1.3549098008e+00 2.3804625970e-01 8.4756486116e+01
1.2594818809e+00 2.2745926806e-01 8.4500714858e+01
1.2830857369e+00 2.2992135914e-01 8.5012152633e+01
1.2985431950e+00 2.3201413655e-01 8.4180845518e+01
1.2674983253e+00 2.2819789538e-01 8.4916289633e+01
1.5052654707e+00 2.5466537447e-01 8.4148848738e+01
1.4605193249e+00 2.5011050598e-01 8.3668671517e+01
1.2192247405e+00 2.2265819046e-01 8.5012152633e+01
1.3433084983e+00 2.3681521416e-01 8.4628613906e+01
1.2455353735e+00 2.2585890886e-01 8.4532692172e+01
1.2979535598e+00 2.3164482289e-01 8.4884332141e+01
1.2926347700e+00 2.3115240468e-01 8.4628613906e+01
1.1916514790e+00 2.1945747206e-01 8.5076053508e+01
1.1712441797e+00 2.1687227642e-01 8.5714737975e+01
1.2959022883e+00 2.3164482289e-01 8.4340802307e+01
1.2960386108e+00 2.3152171834e-01 8.4660584449e+01
1.3428708146e+00 2.3693831871e-01 8.4244833624e+01
1.2741253660e+00 2.2881341815e-01 8.5267719621e+01
1.2493893213e+00 2.2610511797e-01 8.5012152633e+01
1.3312685771e+00 2.3583037773e-01 8.3860794078e+01
1.3690262031e+00 2.3964661890e-01 8.4660584449e+01
1.2216840595e+00 2.2290439956e-01 8.5108001638e+01
1.3297623102e+00 2.3521485496e-01 8.4852373054e+01
1.4075160464e+00 2.4420148739e-01 8.3956829243e+01
1.3527955571e+00 2.3792315514e-01 8.4500714858e+01
1.2813377769e+00 2.2967515003e-01 8.5139948243e+01
1.2403109831e+00 2.2512028154e-01 8.4884332141e+01
1.2772291532e+00 2.2942894092e-01 8.4596641686e+01
1.4410371227e+00 2.4777151945e-01 8.4116850127e+01
1.4417561150e+00 2.4777151945e-01 8.4276824972e+01
1.2733798944e+00 2.2881341815e-01 8.5044103843e+01
1.3129133131e+00 2.3324518209e-01 8.5076053508e+01
1.3084642579e+00 2.3287586843e-01 8.4756486116e+01
1.3461965917e+00 2.3730763237e-01 8.4244833624e+01
1.2325469139e+00 2.2425854966e-01 8.4820412361e+01
1.2560818022e+00 2.2696684984e-01 8.4756486116e+01
1.4330961834e+00 2.4690978758e-01 8.4116850127e+01
1.3007339308e+00 2.3226034566e-01 8.4180845518e+01
1.3898304989e+00 2.4223181453e-01 8.4020843204e+01
1.2956925033e+00 2.3176792745e-01 8.4020843204e+01
1.3344467690e+00 2.3583037773e-01 8.4628613906e+01
1.2114070262e+00 2.2179645858e-01 8.4916289633e+01
1.3409666126e+00 2.3656900505e-01 8.4596641686e+01
1.2508970939e+00 2.2622822252e-01 8.5139948243e+01
1.2781991130e+00 2.2955204548e-01 8.4564667778e+01
1.2286454493e+00 2.2388923600e-01 8.4628613906e+01
1.2438415839e+00 2.2561269975e-01 8.4660584449e+01
1.2706977997e+00 2.2869031360e-01 8.4596641686e+01
1.2595606742e+00 2.2733616351e-01 8.4820412361e+01
1.2714259494e+00 2.2881341815e-01 8.4500714858e+01
1.2928731811e+00 2.3115240468e-01 8.4692553325e+01
1.3238791848e+00 2.3472243674e-01 8.4468735825e+01
1.4023242341e+00 2.4346286007e-01 8.4308814530e+01
1.2460014343e+00 2.2585890886e-01 8.4660584449e+01
1.3341868419e+00 2.3570727317e-01 8.4852373054e+01
1.3035927394e+00 2.3238345022e-01 8.4628613906e+01
1.3172672861e+00 2.3386070486e-01 8.4756486116e+01
1.2662997015e+00 2.2807479083e-01 8.4884332141e+01
1.2391222041e+00 2.2499717698e-01 8.4852373054e+01
1.2335125919e+00 2.2438165421e-01 8.4788450052e+01
1.2035821266e+00 2.2081162215e-01 8.5139948243e+01
1.3293308193e+00 2.3546106406e-01 8.4180845518e+01
1.3534047433e+00 2.3780005059e-01 8.4948245538e+01
1.3381179676e+00 2.3632279594e-01 8.4436755064e+01
1.2273875373e+00 2.2364302689e-01 8.4884332141e+01
1.2416798932e+00 2.2512028154e-01 8.5299658755e+01
1.2048858579e+00 2.2105783126e-01 8.4884332141e+01
1.2414768400e+00 2.2512028154e-01 8.5235779013e+01
1.1122362753e+00 2.0985531685e-01 8.6033875278e+01
1.2744323729e+00 2.2905962726e-01 8.4724520544e+01
1.2464019083e+00 2.2561269975e-01 8.5427400756e+01
1.3618896328e+00 2.3903109613e-01 8.4276824972e+01
1.3950429548e+00 2.4247802364e-01 8.4724520544e+01
1.3699840837e+00 2.4001593256e-01 8.4084849675e+01
1.3139637305e+00 2.3349139120e-01 8.4756486116e+01
1.3699616199e+00 2.3989282800e-01 8.4340802307e+01
1.2652639655e+00 2.2807479083e-01 8.4596641686e+01
1.2736018356e+00 2.2905962726e-01 8.4500714858e+01
1.3767221767e+00 2.4050835077e-01 8.4628613906e+01
1.3205714763e+00 2.3435312308e-01 8.4468735825e+01
1.3104245090e+00 2.3312207754e-01 8.4692553325e+01
1.3267199122e+00 2.3521485496e-01 8.4084849675e+01
1.2138538040e+00 2.2216577224e-01 8.4692553325e+01
1.3117629730e+00 2.3324518209e-01 8.4756486116e+01
1.2305046595e+00 2.2401234055e-01 8.4852373054e+01
1.1848621192e+00 2.1871884473e-01 8.4948245538e+01
1.3388364184e+00 2.3644590050e-01 8.4340802307e+01
1.3118899982e+00 2.3336828665e-01 8.4500714858e+01
1.3279584914e+00 2.3533795951e-01 8.4116850127e+01
1.2947033034e+00 2.3139861378e-01 8.4596641686e+01
1.2738244686e+00 2.2918273181e-01 8.4276824972e+01
1.3244706713e+00 2.3484554129e-01 8.4340802307e+01
1.2429037647e+00 2.2536649064e-01 8.5012152633e+01
1.3449537423e+00 2.3718452782e-01 8.4212840476e+01
1.3779920732e+00 2.4112387354e-01 8.3636644199e+01
1.2689167707e+00 2.2832099994e-01 8.5012152633e+01
1.2514136626e+00 2.2622822252e-01 8.5299658755e+01
1.2688756914e+00 2.2844410449e-01 8.4692553325e+01
1.3652319924e+00 2.3940040979e-01 8.4276824972e+01
1.2104683993e+00 2.2142714492e-01 8.5650894846e+01
1.2719610928e+00 2.2869031360e-01 8.4948245538e+01
1.2877768028e+00 2.3065998646e-01 8.4500714858e+01
1.1993125247e+00 2.2031920393e-01 8.5139948243e+01
1.2661874211e+00 2.2807479083e-01 8.4852373054e+01
1.1641848856e+00 2.1613364910e-01 8.5459332672e+01
1.4174034917e+00 2.4518632382e-01 8.4148848738e+01
1.2674885848e+00 2.2807479083e-01 8.5235779013e+01
1.3032268577e+00 2.3238345022e-01 8.4532692172e+01
1.3218745010e+00 2.3459933219e-01 8.4244833624e+01
1.3597967779e+00 2.3878488702e-01 8.4308814530e+01
1.3034444926e+00 2.3250655477e-01 8.4308814530e+01
1.3120994396e+00 2.3349139120e-01 8.4276824972e+01
1.3100612257e+00 2.3312207754e-01 8.4596641686e+01
1.2795892914e+00 2.2955204548e-01 8.4948245538e+01
1.2817092150e+00 2.2992135914e-01 8.4628613906e+01
1.2328753363e+00 2.2425854966e-01 8.4916289633e+01
1.2431394990e+00 2.2561269975e-01 8.4468735825e+01
1.2010704037e+00 2.2044230849e-01 8.5363532643e+01
1.2978386329e+00 2.3164482289e-01 8.4852373054e+01
1.3165196011e+00 2.3373760031e-01 8.4852373054e+01
1.4585436141e+00 2.4961808776e-01 8.4212840476e+01
1.2346952561e+00 2.2438165421e-01 8.5139948243e+01
1.3717896114e+00 2.4013903711e-01 8.4244833624e+01
1.2481625964e+00 2.2610511797e-01 8.4660584449e+01
1.2576703044e+00 2.2721305895e-01 8.4596641686e+01
1.3032268577e+00 2.3238345022e-01 8.4532692172e+01
1.3171477977e+00 2.3386070486e-01 8.4724520544e+01
1.2291030747e+00 2.2376613144e-01 8.5076053508e+01
1.3507691474e+00 2.3780005059e-01 8.4276824972e+01
1.2781608453e+00 2.2942894092e-01 8.4852373054e+01
1.5429189255e+00 2.5922024297e-01 8.3155989002e+01
1.3956543648e+00 2.4260112819e-01 8.4596641686e+01
1.2933665590e+00 2.3102930012e-01 8.5139948243e+01
1.3405940188e+00 2.3644590050e-01 8.4788450052e+01
1.2822826770e+00 2.3016756825e-01 8.4212840476e+01
1.2445188560e+00 2.2561269975e-01 8.4852373054e+01
1.2416830461e+00 2.2536649064e-01 8.4660584449e+01
1.2398779065e+00 2.2499717698e-01 8.5076053508e+01
1.3239670189e+00 2.3496864585e-01 8.3956829243e+01
1.4325363624e+00 2.4678668302e-01 8.4244833624e+01
1.2888302598e+00 2.3090619557e-01 8.4212840476e+01
1.2551119406e+00 2.2684374529e-01 8.4788450052e+01
1.3188655979e+00 2.3410691397e-01 8.4596641686e+01
1.3232382001e+00 2.3472243674e-01 8.4308814530e+01
1.3694212074e+00 2.3989282800e-01 8.4212840476e+01
1.3274416515e+00 2.3509175040e-01 8.4532692172e+01
1.2222318899e+00 2.2302750412e-01 8.4948245538e+01
1.2436103132e+00 2.2561269975e-01 8.4596641686e+01
1.3282939639e+00 2.3521485496e-01 8.4468735825e+01
1.4443864309e+00 2.4826393767e-01 8.3860794078e+01
1.2564598143e+00 2.2721305895e-01 8.4276824972e+01
1.2466798154e+00 2.2585890886e-01 8.4852373054e+01
1.1612237661e+00 2.1588743999e-01 8.5171893334e+01
1.2786097342e+00 2.2942894092e-01 8.4980199868e+01
1.2443370951e+00 2.2536649064e-01 8.5459332672e+01
1.3861918253e+00 2.4173939631e-01 8.4212840476e+01
1.2658463785e+00 2.2807479083e-01 8.4756486116e+01
1.4725681657e+00 2.5134155152e-01 8.3796761031e+01
1.2685856954e+00 2.2832099994e-01 8.4916289633e+01
1.3032268577e+00 2.3238345022e-01 8.4532692172e+01
1.2578368582e+00 2.2708995440e-01 8.4948245538e+01
1.3275320364e+00 2.3546106406e-01 8.3764741596e+01
1.3388750690e+00 2.3632279594e-01 8.4628613906e+01
1.2334090549e+00 2.2425854966e-01 8.5076053508e+01
1.2079583376e+00 2.2130404036e-01 8.5171893334e+01
1.2163201379e+00 2.2228887680e-01 8.5108001638e+01
1.2987027367e+00 2.3176792745e-01 8.4788450052e+01
1.3666585985e+00 2.3927730524e-01 8.4916289633e+01
1.3661563314e+00 2.3940040979e-01 8.4500714858e+01
1.2852205520e+00 2.3029067280e-01 8.4692553325e+01
1.2731100154e+00 2.2893652271e-01 8.4660584449e+01
1.2095745811e+00 2.2167335403e-01 8.4692553325e+01
1.3765292108e+00 2.4063145533e-01 8.4308814530e+01
1.3334316349e+00 2.3558416862e-01 8.4948245538e+01
1.3911709444e+00 2.4198560542e-01 8.4884332141e+01
1.3463511561e+00 2.3743073693e-01 8.4020843204e+01
1.2619551544e+00 2.2758237261e-01 8.4884332141e+01
1.2392322195e+00 2.2499717698e-01 8.4884332141e+01
1.2771862381e+00 2.2918273181e-01 8.5203836921e+01
1.3186060985e+00 2.3398380942e-01 8.4820412361e+01
1.3934413397e+00 2.4272423274e-01 8.3828778522e+01
1.3013581682e+00 2.3201413655e-01 8.4916289633e+01
1.3092048511e+00 2.3299897299e-01 8.4660584449e+01
1.2729921675e+00 2.2893652271e-01 8.4628613906e+01
1.2897158415e+00 2.3090619557e-01 8.4436755064e+01
1.2653818492e+00 2.2807479083e-01 8.4628613906e+01
1.3108865519e+00 2.3361449576e-01 8.3732720205e+01
1.3570323546e+00 2.3853867791e-01 8.4180845518e+01
1.3690262031e+00 2.3964661890e-01 8.4660584449e+01
1.2892337064e+00 2.3078309102e-01 8.4596641686e+01
1.2651008852e+00 2.2795168628e-01 8.4852373054e+01
1.2094791105e+00 2.2155024947e-01 8.4980199868e+01
1.2732353115e+00 2.2905962726e-01 8.4404772564e+01
1.2042330018e+00 2.2105783126e-01 8.4692553325e+01
1.2615301995e+00 2.2770547717e-01 8.4468735825e+01
1.3442445238e+00 2.3706142326e-01 8.4308814530e+01
1.3272563476e+00 2.3521485496e-01 8.4212840476e+01
1.2872870210e+00 2.3053688191e-01 8.4660584449e+01
1.2971857593e+00 2.3189103200e-01 8.4116850127e+01
1.2648744073e+00 2.2795168628e-01 8.4788450052e+01
1.2594818809e+00 2.2745926806e-01 8.4500714858e+01
1.1977234556e+00 2.2031920393e-01 8.4660584449e+01
1.3038330576e+00 2.3238345022e-01 8.4692553325e+01
1.3186444404e+00 2.3386070486e-01 8.5139948243e+01
1.2400876489e+00 2.2499717698e-01 8.5139948243e+01
1.2982940406e+00 2.3164482289e-01 8.4980199868e+01
1.3643105931e+00 2.3915420068e-01 8.4596641686e+01
1.2291369602e+00 2.2364302689e-01 8.5427400756e+01
1.3047655172e+00 2.3238345022e-01 8.4948245538e+01
1.2932433210e+00 2.3127550923e-01 8.4500714858e+01
1.2951178103e+00 2.3127550923e-01 8.5012152633e+01
1.4140177885e+00 2.4481701016e-01 8.4148848738e+01
1.2961017011e+00 2.3139861378e-01 8.4980199868e+01
1.2570511104e+00 2.2708995440e-01 8.4724520544e+01
1.3100315896e+00 2.3299897299e-01 8.4884332141e+01
1.3429321003e+00 2.3681521416e-01 8.4532692172e+01
1.2179985458e+00 2.2241198135e-01 8.5299658755e+01
1.2321207996e+00 2.2413544510e-01 8.5012152633e+01
1.2922714085e+00 2.3090619557e-01 8.5139948243e+01
1.1751112919e+00 2.1761090375e-01 8.4884332141e+01
1.2969970374e+00 2.3176792745e-01 8.4340802307e+01
1.2926199829e+00 2.3127550923e-01 8.4340802307e+01
1.3593410173e+00 2.3866178247e-01 8.4468735825e+01
1.3681688170e+00 2.3976972345e-01 8.4180845518e+01
1.1796889827e+00 2.1798021741e-01 8.5331596426e+01
1.3483944522e+00 2.3780005059e-01 8.3732720205e+01
1.2062717296e+00 2.2118093581e-01 8.4980199868e+01
1.2604406233e+00 2.2733616351e-01 8.5076053508e+01
1.3173920711e+00 2.3398380942e-01 8.4500714858e+01
1.3004707508e+00 2.3226034566e-01 8.4116850127e+01
1.3493908906e+00 2.3767694603e-01 8.4212840476e+01
1.2428999547e+00 2.2561269975e-01 8.4404772564e+01
1.3396074278e+00 2.3644590050e-01 8.4532692172e+01
1.2888794932e+00 2.3053688191e-01 8.5108001638e+01
1.4275339527e+00 2.4641736936e-01 8.3892807710e+01
1.4110415408e+00 2.4457080105e-01 8.3988837165e+01
1.3575711981e+00 2.3853867791e-01 8.4308814530e+01
1.3926163983e+00 2.4235491908e-01 8.4404772564e+01
1.3225222954e+00 2.3459933219e-01 8.4404772564e+01
1.3096816121e+00 2.3299897299e-01 8.4788450052e+01
1.2020414191e+00 2.2056541304e-01 8.5331596426e+01
1.3386256583e+00 2.3632279594e-01 8.4564667778e+01
1.3054031917e+00 2.3250655477e-01 8.4820412361e+01
1.2772157298e+00 2.2955204548e-01 8.4308814530e+01
1.2824296764e+00 2.2979825458e-01 8.5139948243e+01
1.3509539197e+00 2.3767694603e-01 8.4596641686e+01
1.3085926237e+00 2.3299897299e-01 8.4500714858e+01
1.2418239881e+00 2.2524338609e-01 8.5012152633e+01
1.2684739345e+00 2.2832099994e-01 8.4884332141e+01
1.3399829457e+00 2.3644590050e-01 8.4628613906e+01
1.2971235396e+00 2.3176792745e-01 8.4372788316e+01
1.3109146397e+00 2.3324518209e-01 8.4532692172e+01
1.2392322195e+00 2.2499717698e-01 8.4884332141e+01
1.2349204535e+00 2.2450475877e-01 8.4884332141e+01
1.3405885808e+00 2.3656900505e-01 8.4500714858e+01
1.2755349870e+00 2.2930583637e-01 8.4436755064e+01
1.1966582177e+00 2.2019609938e-01 8.4660584449e+01
1.2968934105e+00 2.3164482289e-01 8.4596641686e+01
1.3276509611e+00 2.3521485496e-01 8.4308814530e+01
1.2989349257e+00 2.3176792745e-01 8.4852373054e+01
1.3435283210e+00 2.3693831871e-01 8.4404772564e+01
1.3068864381e+00 2.3275276388e-01 8.4628613906e+01
1.4634306911e+00 2.5035671509e-01 8.3796761031e+01
1.1745774193e+00 2.1736469464e-01 8.5395467416e+01
1.3430583077e+00 2.3681521416e-01 8.4564667778e+01
1.3631375374e+00 2.3915420068e-01 8.4308814530e+01
1.3514274551e+00 2.3816936425e-01 8.3668671517e+01
1.1954454048e+00 2.1982678572e-01 8.5267719621e+01
1.2606454850e+00 2.2745926806e-01 8.4820412361e+01
1.3060205637e+00 2.3275276388e-01 8.4404772564e+01
1.3173197633e+00 2.3373760031e-01 8.5076053508e+01
1.3234967897e+00 2.3472243674e-01 8.4372788316e+01
1.2524191773e+00 2.2647443163e-01 8.4948245538e+01
1.3138389132e+00 2.3361449576e-01 8.4436755064e+01
1.3424674004e+00 2.3693831871e-01 8.4148848738e+01
1.2376145800e+00 2.2475096787e-01 8.5044103843e+01
1.3493342562e+00 2.3755384148e-01 8.4468735825e+01
1.2308304964e+00 2.2401234055e-01 8.4948245538e+01
1.4635864307e+00 2.5035671509e-01 8.3828778522e+01
1.3592110803e+00 2.3866178247e-01 8.4436755064e+01
1.2710507732e+00 2.2869031360e-01 8.4692553325e+01
1.4319630157e+00 2.4678668302e-01 8.4116850127e+01
1.3489819568e+00 2.3743073693e-01 8.4660584449e+01
1.3006604904e+00 2.3201413655e-01 8.4724520544e+01
1.3021298952e+00 2.3226034566e-01 8.4532692172e+01
1.2020010249e+00 2.2044230849e-01 8.5682817082e+01
1.3773757930e+00 2.4087766444e-01 8.3988837165e+01
1.2940859391e+00 2.3127550923e-01 8.4724520544e+01
1.2509261159e+00 2.2659753618e-01 8.4244833624e+01
1.2496195341e+00 2.2635132707e-01 8.4468735825e+01
1.3846319975e+00 2.4149318721e-01 8.4372788316e+01
1.2640596888e+00 2.2795168628e-01 8.4564667778e+01
1.3049308250e+00 2.3250655477e-01 8.4692553325e+01
1.3287951526e+00 2.3521485496e-01 8.4596641686e+01
1.3269349887e+00 2.3509175040e-01 8.4404772564e+01
1.2444074846e+00 2.2548959520e-01 8.5139948243e+01
1.3453599671e+00 2.3743073693e-01 8.3796761031e+01
1.2500232024e+00 2.2610511797e-01 8.5203836921e+01
1.4163259850e+00 2.4481701016e-01 8.4692553325e+01
1.3893833750e+00 2.4198560542e-01 8.4436755064e+01
1.2612011291e+00 2.2745926806e-01 8.4980199868e+01
1.3732405428e+00 2.4013903711e-01 8.4596641686e+01
1.2324366756e+00 2.2413544510e-01 8.5108001638e+01
1.2390620450e+00 2.2512028154e-01 8.4532692172e+01
1.2290394877e+00 2.2364302689e-01 8.5395467416e+01
1.3858863477e+00 2.4161629176e-01 8.4404772564e+01
1.3349888668e+00 2.3607658683e-01 8.4212840476e+01
1.2127036377e+00 2.2216577224e-01 8.4372788316e+01
1.2627190342e+00 2.2758237261e-01 8.5108001638e+01
1.3387507332e+00 2.3632279594e-01 8.4596641686e+01
1.1523119278e+00 2.1477949901e-01 8.5363532643e+01
1.2885499886e+00 2.3053688191e-01 8.5012152633e+01
1.4230738055e+00 2.4604805570e-01 8.3668671517e+01
1.3295249592e+00 2.3533795951e-01 8.4500714858e+01
1.1612237661e+00 2.1588743999e-01 8.5171893334e+01
1.2901736593e+00 2.3078309102e-01 8.4852373054e+01
1.2583772393e+00 2.2708995440e-01 8.5108001638e+01
1.2342031230e+00 2.2413544510e-01 8.5682817082e+01
1.2881006901e+00 2.3053688191e-01 8.4884332141e+01
1.3055194812e+00 2.3250655477e-01 8.4852373054e+01
1.2977229892e+00 2.3164482289e-01 8.4820412361e+01
1.2643488746e+00 2.2782858172e-01 8.4948245538e+01
1.2109644892e+00 2.2167335403e-01 8.5108001638e+01
1.2002940402e+00 2.2056541304e-01 8.4788450052e+01
1.1571039118e+00 2.1539502178e-01 8.5203836921e+01
1.2795199285e+00 2.2979825458e-01 8.4340802307e+01
1.3316084211e+00 2.3558416862e-01 8.4468735825e+01
1.3673265505e+00 2.3964661890e-01 8.4244833624e+01
1.2959022883e+00 2.3164482289e-01 8.4340802307e+01
1.3164989247e+00 2.3398380942e-01 8.4276824972e+01
1.3209463989e+00 2.3435312308e-01 8.4564667778e+01
1.2114481531e+00 2.2155024947e-01 8.5618971257e+01
1.2072871928e+00 2.2118093581e-01 8.5299658755e+01
1.2173994368e+00 2.2253508590e-01 8.4788450052e+01
1.2992056674e+00 2.3189103200e-01 8.4628613906e+01
1.3026759540e+00 2.3201413655e-01 8.5299658755e+01
1.2888694580e+00 2.3078309102e-01 8.4500714858e+01
1.2111682601e+00 2.2167335403e-01 8.5171893334e+01
1.2164227847e+00 2.2228887680e-01 8.5139948243e+01
1.2211585493e+00 2.2290439956e-01 8.4948245538e+01
1.4242035185e+00 2.4617116025e-01 8.3668671517e+01
1.3090838526e+00 2.3299897299e-01 8.4628613906e+01
1.3828232785e+00 2.4149318721e-01 8.3956829243e+01
1.3175040814e+00 2.3386070486e-01 8.4820412361e+01
1.2664009956e+00 2.2795168628e-01 8.5235779013e+01
1.3356464815e+00 2.3607658683e-01 8.4372788316e+01
1.2309100693e+00 2.2413544510e-01 8.4660584449e+01
1.1968982068e+00 2.1994989027e-01 8.5395467416e+01
1.4006440397e+00 2.4333975551e-01 8.4180845518e+01
1.1356195064e+00 2.1293293070e-01 8.5044103843e+01
1.2380438596e+00 2.2487407243e-01 8.4852373054e+01
1.4222069080e+00 2.4567874204e-01 8.4212840476e+01
1.2916086757e+00 2.3090619557e-01 8.4948245538e+01
1.3243560127e+00 2.3459933219e-01 8.4884332141e+01
1.2622867179e+00 2.2758237261e-01 8.4980199868e+01
1.2983490723e+00 2.3176792745e-01 8.4692553325e+01
1.2325406041e+00 2.2413544510e-01 8.5139948243e+01
1.2413900754e+00 2.2524338609e-01 8.4884332141e+01
1.2657312969e+00 2.2807479083e-01 8.4724520544e+01
1.2508939681e+00 2.2635132707e-01 8.4820412361e+01
1.1654868910e+00 2.1613364910e-01 8.5938147480e+01
1.3505009761e+00 2.3780005059e-01 8.4212840476e+01
1.2713675986e+00 2.2844410449e-01 8.5427400756e+01
1.1946190799e+00 2.1958057661e-01 8.5714737975e+01
1.3864142483e+00 2.4161629176e-01 8.4532692172e+01
1.3511658052e+00 2.3780005059e-01 8.4372788316e+01
1.2186899721e+00 2.2265819046e-01 8.4852373054e+01
1.3348141916e+00 2.3583037773e-01 8.4724520544e+01
1.4375767966e+00 2.4752531035e-01 8.3860794078e+01
1.2384477018e+00 2.2499717698e-01 8.4660584449e+01
1.3376432742e+00 2.3619969139e-01 8.4596641686e+01
1.2746902670e+00 2.2918273181e-01 8.4500714858e+01
1.2898265240e+00 2.3078309102e-01 8.4756486116e+01
1.2687589258e+00 2.2844410449e-01 8.4660584449e+01
1.3290145617e+00 2.3533795951e-01 8.4372788316e+01
1.2494731188e+00 2.2622822252e-01 8.4724520544e+01
1.2937291097e+00 2.3127550923e-01 8.4628613906e+01
1.2883798345e+00 2.3065998646e-01 8.4660584449e+01
1.3248555645e+00 2.3484554129e-01 8.4436755064e+01
1.3763531832e+00 2.4038524622e-01 8.4820412361e+01
1.4075368450e+00 2.4407838284e-01 8.4212840476e+01
1.3259589989e+00 2.3496864585e-01 8.4436755064e+01
1.3265863336e+00 2.3496864585e-01 8.4596641686e+01
1.1899659441e+00 2.1933436750e-01 8.4884332141e+01
1.3985355720e+00 2.4309354641e-01 8.4212840476e+01
1.2916602219e+00 2.3102930012e-01 8.4660584449e+01
1.2420242237e+00 2.2536649064e-01 8.4756486116e+01
1.3814527995e+00 2.4100076899e-01 8.4692553325e+01
1.2803532148e+00 2.2955204548e-01 8.5171893334e+01
1.2989319400e+00 2.3201413655e-01 8.4276824972e+01
1.3225390072e+00 2.3447622763e-01 8.4692553325e+01
1.2232668632e+00 2.2302750412e-01 8.5267719621e+01
1.3606084262e+00 2.3915420068e-01 8.3732720205e+01
1.2315807004e+00 2.2413544510e-01 8.4852373054e+01
1.3008959238e+00 2.3201413655e-01 8.4788450052e+01
1.3051192776e+00 2.3275276388e-01 8.4180845518e+01
1.3377294370e+00 2.3632279594e-01 8.4340802307e+01
1.3369324076e+00 2.3632279594e-01 8.4148848738e+01
1.4198709039e+00 2.4580184659e-01 8.3476477450e+01
1.2726343962e+00 2.2893652271e-01 8.4532692172e+01
1.3028544894e+00 2.3238345022e-01 8.4436755064e+01
1.3221725539e+00 2.3447622763e-01 8.4596641686e+01
1.2521990544e+00 2.2647443163e-01 8.4884332141e+01
1.3621568797e+00 2.3903109613e-01 8.4340802307e+01
1.2979889497e+00 2.3176792745e-01 8.4596641686e+01
1.2458859548e+00 2.2585890886e-01 8.4628613906e+01
1.4201903769e+00 2.4530942838e-01 8.4532692172e+01
1.1192558243e+00 2.1084015328e-01 8.5523192275e+01
1.1774722629e+00 2.1773400830e-01 8.5299658755e+01
1.2224281169e+00 2.2315060867e-01 8.4692553325e+01
1.4018906438e+00 2.4358596462e-01 8.3956829243e+01
1.2347986730e+00 2.2438165421e-01 8.5171893334e+01
1.3429318723e+00 2.3669210960e-01 8.4820412361e+01
1.2392953074e+00 2.2512028154e-01 8.4596641686e+01
1.3706302949e+00 2.4026214167e-01 8.3732720205e+01
1.4561206590e+00 2.4961808776e-01 8.3700696849e+01
1.4086420716e+00 2.4432459195e-01 8.3956829243e+01
1.3843930891e+00 2.4186250087e-01 8.3572583562e+01
1.3741669542e+00 2.4050835077e-01 8.4020843204e+01
1.2883084963e+00 2.3090619557e-01 8.4084849675e+01
1.2420368225e+00 2.2524338609e-01 8.5076053508e+01
1.2355548164e+00 2.2462786332e-01 8.4756486116e+01
1.2349014071e+00 2.2438165421e-01 8.5203836921e+01
1.2220922966e+00 2.2290439956e-01 8.5235779013e+01
1.2927032961e+00 2.3102930012e-01 8.4948245538e+01
1.3396805915e+00 2.3656900505e-01 8.4276824972e+01
1.2337210971e+00 2.2425854966e-01 8.5171893334e+01
1.3289186151e+00 2.3521485496e-01 8.4628613906e+01
1.2271597431e+00 2.2351992233e-01 8.5139948243e+01
1.3173860474e+00 2.3386070486e-01 8.4788450052e+01
1.3616209799e+00 2.3915420068e-01 8.3956829243e+01
1.3021264974e+00 2.3250655477e-01 8.3988837165e+01
1.2433270326e+00 2.2536649064e-01 8.5139948243e+01
1.2718526106e+00 2.2918273181e-01 8.3796761031e+01
1.2423509225e+00 2.2524338609e-01 8.5171893334e+01
1.1753526356e+00 2.1748779919e-01 8.5299658755e+01
1.2433278037e+00 2.2548959520e-01 8.4820412361e+01
1.2898394965e+00 2.3090619557e-01 8.4468735825e+01
1.2814698693e+00 2.2992135914e-01 8.4564667778e+01
1.2018949939e+00 2.2068851759e-01 8.4948245538e+01
1.2292074264e+00 2.2376613144e-01 8.5108001638e+01
1.2511742007e+00 2.2647443163e-01 8.4596641686e+01
1.2509388304e+00 2.2647443163e-01 8.4532692172e+01
1.4100603609e+00 2.4444769650e-01 8.4020843204e+01
1.2263127246e+00 2.2351992233e-01 8.4884332141e+01
1.3619563772e+00 2.3878488702e-01 8.4852373054e+01
1.3487322785e+00 2.3743073693e-01 8.4596641686e+01
1.3280231713e+00 2.3484554129e-01 8.5299658755e+01
1.3464624419e+00 2.3730763237e-01 8.4308814530e+01
1.3456159919e+00 2.3718452782e-01 8.4372788316e+01
1.2823217845e+00 2.2979825458e-01 8.5108001638e+01
1.3196711030e+00 2.3435312308e-01 8.4244833624e+01
1.4275775674e+00 2.4629426481e-01 8.4148848738e+01
1.3366227760e+00 2.3619969139e-01 8.4340802307e+01
1.3012436848e+00 2.3201413655e-01 8.4884332141e+01
1.2667418216e+00 2.2807479083e-01 8.5012152633e+01
1.1619813749e+00 2.1588743999e-01 8.5427400756e+01
1.2588111244e+00 2.2721305895e-01 8.4916289633e+01
1.2937137610e+00 2.3139861378e-01 8.4340802307e+01
1.2243795619e+00 2.2327371323e-01 8.4948245538e+01
1.2085056027e+00 2.2155024947e-01 8.4692553325e+01
1.2005801728e+00 2.2044230849e-01 8.5203836921e+01
1.3115884096e+00 2.3312207754e-01 8.5012152633e+01
1.2461450656e+00 2.2573580430e-01 8.5012152633e+01
1.1388578854e+00 2.1330224436e-01 8.5076053508e+01
1.2723923584e+00 2.2893652271e-01 8.4468735825e+01
1.2773411301e+00 2.2955204548e-01 8.4340802307e+01
1.3432884609e+00 2.3718452782e-01 8.3828778522e+01
1.2479815736e+00 2.2598201341e-01 8.4916289633e+01
1.2431394990e+00 2.2561269975e-01 8.4468735825e+01
1.2848638670e+00 2.3029067280e-01 8.4596641686e+01
1.3013985565e+00 2.3213724111e-01 8.4628613906e+01
1.2901736593e+00 2.3078309102e-01 8.4852373054e+01
1.2726143087e+00 2.2869031360e-01 8.5139948243e+01
1.4879651870e+00 2.5306501527e-01 8.3668671517e+01
1.2419111859e+00 2.2536649064e-01 8.4724520544e+01
1.3279365804e+00 2.3509175040e-01 8.4660584449e+01
1.3553931754e+00 2.3804625970e-01 8.4884332141e+01
1.3710061458e+00 2.3989282800e-01 8.4596641686e+01
1.3492052230e+00 2.3755384148e-01 8.4436755064e+01
1.3183227612e+00 2.3435312308e-01 8.3924819428e+01
1.1957363264e+00 2.1982678572e-01 8.5363532643e+01
1.4065502953e+00 2.4395527828e-01 8.4244833624e+01
1.2835219014e+00 2.2992135914e-01 8.5139948243e+01
1.2573920339e+00 2.2708995440e-01 8.4820412361e+01
1.2933414271e+00 2.3115240468e-01 8.4820412361e+01
1.2806803369e+00 2.2967515003e-01 8.4948245538e+01
1.1559540079e+00 2.1527191722e-01 8.5171893334e+01
1.1913434583e+00 2.1945747206e-01 8.4980199868e+01
1.1061636500e+00 2.0923979408e-01 8.5682817082e+01
1.2784378822e+00 2.2955204548e-01 8.4628613906e+01
1.3439139171e+00 2.3693831871e-01 8.4500714858e+01
1.2733435975e+00 2.2893652271e-01 8.4724520544e+01
1.1791885808e+00 2.1785711285e-01 8.5523192275e+01
1.2527987291e+00 2.2635132707e-01 8.5395467416e+01
1.4058384130e+00 2.4383217373e-01 8.4340802307e+01
1.3084329497e+00 2.3324518209e-01 8.3924819428e+01
1.2926347700e+00 2.3115240468e-01 8.4628613906e+01
1.2545852671e+00 2.2672064074e-01 8.4948245538e+01
1.3428051515e+00 2.3681521416e-01 8.4500714858e+01
1.3303429473e+00 2.3521485496e-01 8.5012152633e+01
1.2966499342e+00 2.3164482289e-01 8.4532692172e+01
1.3085926237e+00 2.3299897299e-01 8.4500714858e+01
1.2577266956e+00 2.2708995440e-01 8.4916289633e+01
1.1951450447e+00 2.2007299482e-01 8.4532692172e+01
1.3084680075e+00 2.3299897299e-01 8.4468735825e+01
1.3815785626e+00 2.4100076899e-01 8.4724520544e+01
1.2365196541e+00 2.2475096787e-01 8.4724520544e+01
1.3843305762e+00 2.4173939631e-01 8.3796761031e+01
1.2723993810e+00 2.2869031360e-01 8.5076053508e+01
1.3586838287e+00 2.3866178247e-01 8.4308814530e+01
1.2809718617e+00 2.2979825458e-01 8.4724520544e+01
1.2192247405e+00 2.2265819046e-01 8.5012152633e+01
1.2547868644e+00 2.2696684984e-01 8.4404772564e+01
1.3990273689e+00 2.4297044185e-01 8.4596641686e+01
1.3056667827e+00 2.3262965932e-01 8.4596641686e+01
1.2944246581e+00 2.3152171834e-01 8.4244833624e+01
1.3483091752e+00 2.3718452782e-01 8.5076053508e+01
1.3525865099e+00 2.3816936425e-01 8.3924819428e+01
1.3102612930e+00 2.3299897299e-01 8.4948245538e+01
1.2768681061e+00 2.2942894092e-01 8.4500714858e+01
1.2219081993e+00 2.2302750412e-01 8.4852373054e+01
1.4087672702e+00 2.4407838284e-01 8.4500714858e+01
1.3599569834e+00 2.3890799157e-01 8.4084849675e+01
1.3887085789e+00 2.4198560542e-01 8.4276824972e+01
1.2147816606e+00 2.2204266769e-01 8.5299658755e+01
1.2722702821e+00 2.2893652271e-01 8.4436755064e+01
1.2898265240e+00 2.3078309102e-01 8.4756486116e+01
1.1555628163e+00 2.1514881267e-01 8.5395467416e+01
1.3452153859e+00 2.3743073693e-01 8.3764741596e+01
1.3640551820e+00 2.3915420068e-01 8.4532692172e+01
1.2304903470e+00 2.2388923600e-01 8.5171893334e+01
1.3528070534e+00 2.3780005059e-01 8.4788450052e+01
1.3169066390e+00 2.3386070486e-01 8.4660584449e+01
1.4797801633e+00 2.5220328340e-01 8.3636644199e+01
1.3701428013e+00 2.3976972345e-01 8.4660584449e+01
1.3275519730e+00 2.3496864585e-01 8.4852373054e+01
1.3260328344e+00 2.3521485496e-01 8.3924819428e+01
1.3706768101e+00 2.4013903711e-01 8.3988837165e+01
1.3227796583e+00 2.3447622763e-01 8.4756486116e+01
1.3253585023e+00 2.3484554129e-01 8.4564667778e+01
1.2886160593e+00 2.3065998646e-01 8.4724520544e+01
1.3318554202e+00 2.3546106406e-01 8.4820412361e+01
1.3108229023e+00 2.3299897299e-01 8.5108001638e+01
1.2804841120e+00 2.2992135914e-01 8.4308814530e+01
1.2491279063e+00 2.2622822252e-01 8.4628613906e+01
1.2630408011e+00 2.2770547717e-01 8.4884332141e+01
1.2516154524e+00 2.2622822252e-01 8.5363532643e+01
1.2784378822e+00 2.2955204548e-01 8.4628613906e+01
1.3273160860e+00 2.3509175040e-01 8.4500714858e+01
1.2680198772e+00 2.2832099994e-01 8.4756486116e+01
1.2100979544e+00 2.2155024947e-01 8.5171893334e+01
1.4176873810e+00 2.4518632382e-01 8.4212840476e+01
1.2624737765e+00 2.2770547717e-01 8.4724520544e+01
1.3430583077e+00 2.3681521416e-01 8.4564667778e+01
1.2159028169e+00 2.2228887680e-01 8.4980199868e+01
1.1354352134e+00 2.1256361704e-01 8.6129591989e+01
1.2223153863e+00 2.2315060867e-01 8.4660584449e+01
1.3084680075e+00 2.3299897299e-01 8.4468735825e+01
1.2176178905e+00 2.2253508590e-01 8.4852373054e+01
1.2804841120e+00 2.2992135914e-01 8.4308814530e+01
1.3187005989e+00 2.3423001852e-01 8.4276824972e+01
1.2726343962e+00 2.2893652271e-01 8.4532692172e+01
1.2224519123e+00 2.2278129501e-01 8.5714737975e+01
1.2899624375e+00 2.3090619557e-01 8.4500714858e+01
1.3099016301e+00 2.3324518209e-01 8.4276824972e+01
1.3251084980e+00 2.3484554129e-01 8.4500714858e+01
1.3047221668e+00 2.3275276388e-01 8.4084849675e+01
1.2637883814e+00 2.2782858172e-01 8.4788450052e+01
1.1513571501e+00 2.1453328990e-01 8.5778575774e+01
1.3489449212e+00 2.3755384148e-01 8.4372788316e+01
1.2535803345e+00 2.2647443163e-01 8.5299658755e+01
1.3064777533e+00 2.3287586843e-01 8.4244833624e+01
1.3137245940e+00 2.3349139120e-01 8.4692553325e+01
1.3043050492e+00 2.3238345022e-01 8.4820412361e+01
1.2502092123e+00 2.2635132707e-01 8.4628613906e+01
1.3805936902e+00 2.4112387354e-01 8.4212840476e+01
1.2814477081e+00 2.3004446369e-01 8.4276824972e+01
1.2629310068e+00 2.2758237261e-01 8.5171893334e+01
1.3122317981e+00 2.3324518209e-01 8.4884332141e+01
1.3887874026e+00 2.4186250087e-01 8.4564667778e+01
1.2626149478e+00 2.2782858172e-01 8.4468735825e+01
1.4099147756e+00 2.4444769650e-01 8.3988837165e+01
1.1995131026e+00 2.2031920393e-01 8.5203836921e+01
1.3043050492e+00 2.3238345022e-01 8.4820412361e+01
1.3226596978e+00 2.3447622763e-01 8.4724520544e+01
1.2571860102e+00 2.2696684984e-01 8.5076053508e+01
1.2639405002e+00 2.2795168628e-01 8.4532692172e+01
1.2818736375e+00 2.2955204548e-01 8.5650894846e+01
1.2147244010e+00 2.2241198135e-01 8.4340802307e+01
1.2166230034e+00 2.2216577224e-01 8.5555119982e+01
1.2969970374e+00 2.3176792745e-01 8.4340802307e+01
1.2757526108e+00 2.2918273181e-01 8.4788450052e+01
1.1883671359e+00 2.1921126295e-01 8.4724520544e+01
1.3027289249e+00 2.3238345022e-01 8.4404772564e+01
1.2817717077e+00 2.2979825458e-01 8.4948245538e+01
1.4133796726e+00 2.4494011472e-01 8.3764741596e+01
1.3553700390e+00 2.3841557336e-01 8.4052847370e+01
1.2804555311e+00 2.2967515003e-01 8.4884332141e+01
1.2976412983e+00 2.3152171834e-01 8.5108001638e+01
1.2505788576e+00 2.2622822252e-01 8.5044103843e+01
1.2546944673e+00 2.2672064074e-01 8.4980199868e+01
1.3787395452e+00 2.4112387354e-01 8.3796761031e+01
1.3155282458e+00 2.3386070486e-01 8.4308814530e+01
1.1417140374e+00 2.1354845347e-01 8.5331596426e+01
1.3697616032e+00 2.3976972345e-01 8.4564667778e+01
1.2349014071e+00 2.2438165421e-01 8.5203836921e+01
1.1982459551e+00 2.2019609938e-01 8.5139948243e+01
1.2796464199e+00 2.2967515003e-01 8.4660584449e+01
1.2940223620e+00 2.3115240468e-01 8.5012152633e+01
1.3584853023e+00 2.3853867791e-01 8.4532692172e+01
1.3207726412e+00 2.3447622763e-01 8.4244833624e+01
1.4098479185e+00 2.4457080105e-01 8.3732720205e+01
1.2637883814e+00 2.2782858172e-01 8.4788450052e+01
1.1756369723e+00 2.1748779919e-01 8.5395467416e+01
1.3488460105e+00 2.3767694603e-01 8.4084849675e+01
1.2859379094e+00 2.3053688191e-01 8.4308814530e+01
1.3016973088e+00 2.3201413655e-01 8.5012152633e+01
1.3626823471e+00 2.3903109613e-01 8.4468735825e+01
1.2553367694e+00 2.2684374529e-01 8.4852373054e+01
1.3818481227e+00 2.4137008265e-01 8.3988837165e+01
1.2922782589e+00 2.3139861378e-01 8.3988837165e+01
1.3814059835e+00 2.4112387354e-01 8.4404772564e+01
1.3379771524e+00 2.3607658683e-01 8.4980199868e+01
1.1230874475e+00 2.1145567605e-01 8.5044103843e+01
1.4219113454e+00 2.4555563748e-01 8.4404772564e+01
1.3136039373e+00 2.3349139120e-01 8.4660584449e+01
1.3206927857e+00 2.3423001852e-01 8.4788450052e+01
1.3001809991e+00 2.3201413655e-01 8.4596641686e+01
1.3753566725e+00 2.4026214167e-01 8.4852373054e+01
1.2334009777e+00 2.2438165421e-01 8.4756486116e+01
1.5123404299e+00 2.5540400180e-01 8.4180845518e+01
1.3256924041e+00 2.3472243674e-01 8.4948245538e+01
1.3529233978e+00 2.3792315514e-01 8.4532692172e+01
1.3724604857e+00 2.4013903711e-01 8.4404772564e+01
1.2948078628e+00 2.3152171834e-01 8.4340802307e+01
1.3409666126e+00 2.3656900505e-01 8.4596641686e+01
1.2921493691e+00 2.3115240468e-01 8.4500714858e+01
1.3854369631e+00 2.4137008265e-01 8.4852373054e+01
1.3398585127e+00 2.3644590050e-01 8.4596641686e+01
1.3976942539e+00 2.4346286007e-01 8.3316259486e+01
1.3049308250e+00 2.3250655477e-01 8.4692553325e+01
1.2164346925e+00 2.2216577224e-01 8.5491263175e+01
1.4374861309e+00 2.4740220579e-01 8.4084849675e+01
1.3649114935e+00 2.3927730524e-01 8.4468735825e+01
1.2063686396e+00 2.2130404036e-01 8.4692553325e+01
1.2505488210e+00 2.2659753618e-01 8.4148848738e+01
1.2673866548e+00 2.2819789538e-01 8.4884332141e+01
1.3556467490e+00 2.3841557336e-01 8.4116850127e+01
1.3127440792e+00 2.3336828665e-01 8.4724520544e+01
1.2925902546e+00 2.3102930012e-01 8.4916289633e+01
1.3147778583e+00 2.3349139120e-01 8.4980199868e+01
1.2704360381e+00 2.2881341815e-01 8.4244833624e+01
1.3620236324e+00 2.3903109613e-01 8.4308814530e+01
1.2250097083e+00 2.2327371323e-01 8.5139948243e+01
1.2216890201e+00 2.2302750412e-01 8.4788450052e+01
1.3814059835e+00 2.4112387354e-01 8.4404772564e+01
1.2402008774e+00 2.2512028154e-01 8.4852373054e+01
1.4230526162e+00 2.4580184659e-01 8.4148848738e+01
1.1510528736e+00 2.1477949901e-01 8.4948245538e+01
1.3473538495e+00 2.3780005059e-01 8.3508514856e+01
1.2816569497e+00 2.2967515003e-01 8.5235779013e+01
1.2622867179e+00 2.2758237261e-01 8.4980199868e+01
1.2437679341e+00 2.2548959520e-01 8.4948245538e+01
1.2508939681e+00 2.2635132707e-01 8.4820412361e+01
1.3268064892e+00 2.3509175040e-01 8.4372788316e+01
1.3251820087e+00 2.3496864585e-01 8.4244833624e+01
1.2448059600e+00 2.2573580430e-01 8.4628613906e+01
1.3205737430e+00 2.3423001852e-01 8.4756486116e+01
1.2289413360e+00 2.2364302689e-01 8.5363532643e+01
1.2995654594e+00 2.3201413655e-01 8.4436755064e+01
1.3307235551e+00 2.3570727317e-01 8.3988837165e+01
1.3870888821e+00 2.4210870998e-01 8.3668671517e+01
1.1310931803e+00 2.1207119882e-01 8.6065782067e+01
1.1757304487e+00 2.1748779919e-01 8.5427400756e+01
1.3565136148e+00 2.3829246880e-01 8.4596641686e+01
1.2743158401e+00 2.2905962726e-01 8.4692553325e+01
1.2251293981e+00 2.2339681778e-01 8.4852373054e+01
1.1950736745e+00 2.1994989027e-01 8.4820412361e+01
1.2939106586e+00 2.3115240468e-01 8.4980199868e+01
1.2580193501e+00 2.2696684984e-01 8.5331596426e+01
1.2972532462e+00 2.3164482289e-01 8.4692553325e+01
1.2485214567e+00 2.2598201341e-01 8.5076053508e+01
1.2844786254e+00 2.3016756825e-01 8.4788450052e+01
1.2312554055e+00 2.2401234055e-01 8.5076053508e+01
1.3758448728e+00 2.4063145533e-01 8.4148848738e+01
1.4419625374e+00 2.4801772856e-01 8.3828778522e+01
1.3295249221e+00 2.3521485496e-01 8.4788450052e+01
1.2287859384e+00 2.2376613144e-01 8.4980199868e+01
1.1784879012e+00 2.1773400830e-01 8.5650894846e+01
1.3125070991e+00 2.3386070486e-01 8.3604614884e+01
1.3709437836e+00 2.4001593256e-01 8.4308814530e+01
1.3086734226e+00 2.3312207754e-01 8.4244833624e+01
1.2739620113e+00 2.2905962726e-01 8.4596641686e+01
1.2999357392e+00 2.3226034566e-01 8.3988837165e+01
1.4316064195e+00 2.4690978758e-01 8.3796761031e+01
1.3441608185e+00 2.3681521416e-01 8.4852373054e+01
1.2162436926e+00 2.2216577224e-01 8.5427400756e+01
1.2909327019e+00 2.3102930012e-01 8.4468735825e+01
1.3782188159e+00 2.4087766444e-01 8.4180845518e+01
1.3033159418e+00 2.3250655477e-01 8.4276824972e+01
1.2349855565e+00 2.2462786332e-01 8.4596641686e+01
1.3145830372e+00 2.3361449576e-01 8.4628613906e+01
1.4148093434e+00 2.4506321927e-01 8.3828778522e+01
1.2698495697e+00 2.2869031360e-01 8.4372788316e+01
1.3535188963e+00 2.3804625970e-01 8.4404772564e+01
1.2692895595e+00 2.2819789538e-01 8.5459332672e+01
1.1239349081e+00 2.1157878061e-01 8.4980199868e+01
1.2727134898e+00 2.2881341815e-01 8.4852373054e+01
1.2328753363e+00 2.2425854966e-01 8.4916289633e+01
1.3195902173e+00 2.3410691397e-01 8.4788450052e+01
1.2668356195e+00 2.2832099994e-01 8.4436755064e+01
1.2922468471e+00 2.3102930012e-01 8.4820412361e+01
1.3174689913e+00 2.3410691397e-01 8.4244833624e+01
1.2866844720e+00 2.3053688191e-01 8.4500714858e+01
1.2572790885e+00 2.2708995440e-01 8.4788450052e+01
1.2988030779e+00 2.3201413655e-01 8.4244833624e+01
1.1570392370e+00 2.1514881267e-01 8.5938147480e+01
1.3581445680e+00 2.3866178247e-01 8.4180845518e+01
1.4282746359e+00 2.4641736936e-01 8.4052847370e+01
1.2779658866e+00 2.2979825458e-01 8.3956829243e+01
1.5132571222e+00 2.5565021091e-01 8.3892807710e+01
1.2682848404e+00 2.2844410449e-01 8.4532692172e+01
1.2504597685e+00 2.2647443163e-01 8.4404772564e+01
1.3403328580e+00 2.3656900505e-01 8.4436755064e+01
1.3313528218e+00 2.3558416862e-01 8.4404772564e+01
1.2913820601e+00 2.3090619557e-01 8.4884332141e+01
1.2644588762e+00 2.2782858172e-01 8.4980199868e+01
1.4301281694e+00 2.4654047392e-01 8.4212840476e+01
1.2304903470e+00 2.2388923600e-01 8.5171893334e+01
1.3712111700e+00 2.4001593256e-01 8.4372788316e+01
1.3959807277e+00 2.4297044185e-01 8.3892807710e+01
1.2540450483e+00 2.2696684984e-01 8.4212840476e+01
1.3130243653e+00 2.3324518209e-01 8.5108001638e+01
1.2643367218e+00 2.2758237261e-01 8.5618971257e+01
1.4119476478e+00 2.4481701016e-01 8.3700696849e+01
1.1972040693e+00 2.2019609938e-01 8.4820412361e+01
1.2762586199e+00 2.2930583637e-01 8.4628613906e+01
1.4497617847e+00 2.4887946044e-01 8.3796761031e+01
1.2810882502e+00 2.2979825458e-01 8.4756486116e+01
1.2630408011e+00 2.2770547717e-01 8.4884332141e+01
1.3517459443e+00 2.3792315514e-01 8.4244833624e+01
1.5083365794e+00 2.5528089724e-01 8.3604614884e+01
1.1991762705e+00 2.2056541304e-01 8.4468735825e+01
1.2303324422e+00 2.2413544510e-01 8.4500714858e+01
1.2086851419e+00 2.2118093581e-01 8.5778575774e+01
1.2923620301e+00 2.3102930012e-01 8.4852373054e+01
1.2709831909e+00 2.2856720904e-01 8.4980199868e+01
1.1737041863e+00 2.1724159008e-01 8.5459332672e+01
1.3042833745e+00 2.3262965932e-01 8.4244833624e+01
1.3001557004e+00 2.3213724111e-01 8.4308814530e+01
1.3425690987e+00 2.3669210960e-01 8.4724520544e+01
1.4519082686e+00 2.4924877410e-01 8.3540550223e+01
1.2951808879e+00 2.3139861378e-01 8.4724520544e+01
1.3576265118e+00 2.3841557336e-01 8.4596641686e+01
1.2426469545e+00 2.2548959520e-01 8.4628613906e+01
1.1579446408e+00 2.1539502178e-01 8.5491263175e+01
1.2897093865e+00 2.3078309102e-01 8.4724520544e+01
1.2589880589e+00 2.2733616351e-01 8.4660584449e+01
1.3464624419e+00 2.3730763237e-01 8.4308814530e+01
1.3435753585e+00 2.3706142326e-01 8.4148848738e+01
1.3584927267e+00 2.3841557336e-01 8.4820412361e+01
1.3198357378e+00 2.3447622763e-01 8.4020843204e+01
1.2167617147e+00 2.2241198135e-01 8.4916289633e+01
1.2443026129e+00 2.2548959520e-01 8.5108001638e+01
1.3627329691e+00 2.3915420068e-01 8.4212840476e+01
1.2447179725e+00 2.2548959520e-01 8.5235779013e+01
1.3212770668e+00 2.3423001852e-01 8.4948245538e+01
1.3124618657e+00 2.3324518209e-01 8.4948245538e+01
1.3420573013e+00 2.3693831871e-01 8.4052847370e+01
1.1726490800e+00 2.1724159008e-01 8.5108001638e+01
1.2707614146e+00 2.2856720904e-01 8.4916289633e+01
1.1871931994e+00 2.1896505384e-01 8.5012152633e+01
1.3403328580e+00 2.3656900505e-01 8.4436755064e+01
1.2064801689e+00 2.2118093581e-01 8.5044103843e+01
1.3205714763e+00 2.3435312308e-01 8.4468735825e+01
1.3313528218e+00 2.3558416862e-01 8.4404772564e+01
1.3758126658e+00 2.4050835077e-01 8.4404772564e+01
1.2463437308e+00 2.2585890886e-01 8.4756486116e+01
1.2633465830e+00 2.2758237261e-01 8.5299658755e+01
1.1596920733e+00 2.1588743999e-01 8.4692553325e+01
1.2982187129e+00 2.3189103200e-01 8.4372788316e+01
1.2415787096e+00 2.2512028154e-01 8.5267719621e+01
1.2118283315e+00 2.2179645858e-01 8.5044103843e+01
1.2282994441e+00 2.2388923600e-01 8.4532692172e+01
1.2860755417e+00 2.3041377735e-01 8.4628613906e+01
1.2783048657e+00 2.2967515003e-01 8.4308814530e+01
1.3133604470e+00 2.3349139120e-01 8.4596641686e+01
1.2897158415e+00 2.3090619557e-01 8.4436755064e+01
1.2081690301e+00 2.2155024947e-01 8.4596641686e+01
1.2917209137e+00 2.3090619557e-01 8.4980199868e+01
1.2639405002e+00 2.2795168628e-01 8.4532692172e+01
1.3845599349e+00 2.4137008265e-01 8.4628613906e+01
1.3909012970e+00 2.4210870998e-01 8.4532692172e+01
1.3056667827e+00 2.3262965932e-01 8.4596641686e+01
1.2877381855e+00 2.3078309102e-01 8.4212840476e+01
1.2764290924e+00 2.2918273181e-01 8.4980199868e+01
1.3910317595e+00 2.4210870998e-01 8.4564667778e+01
1.2083042539e+00 2.2142714492e-01 8.4948245538e+01
1.3242421524e+00 2.3496864585e-01 8.4020843204e+01
1.3177294812e+00 2.3410691397e-01 8.4308814530e+01
1.3008959238e+00 2.3201413655e-01 8.4788450052e+01
1.2535803345e+00 2.2647443163e-01 8.5299658755e+01
1.3958674985e+00 2.4284733730e-01 8.4116850127e+01
1.2384477018e+00 2.2499717698e-01 8.4660584449e+01
1.3096411267e+00 2.3324518209e-01 8.4212840476e+01
1.2714259494e+00 2.2881341815e-01 8.4500714858e+01
1.2731393332e+00 2.2869031360e-01 8.5299658755e+01
1.2561504436e+00 2.2672064074e-01 8.5427400756e+01
1.2987027367e+00 2.3176792745e-01 8.4788450052e+01
1.2351998701e+00 2.2487407243e-01 8.4084849675e+01
1.3840419966e+00 2.4137008265e-01 8.4500714858e+01
1.2990600826e+00 2.3201413655e-01 8.4308814530e+01
1.3104139347e+00 2.3324518209e-01 8.4404772564e+01
1.3562659105e+00 2.3816936425e-01 8.4820412361e+01
1.2905592962e+00 2.3102930012e-01 8.4372788316e+01
1.2512269983e+00 2.2635132707e-01 8.4916289633e+01
1.3203334709e+00 2.3423001852e-01 8.4692553325e+01
1.3600953912e+00 2.3890799157e-01 8.4116850127e+01
1.4518500656e+00 2.4887946044e-01 8.4244833624e+01
1.2727543580e+00 2.2893652271e-01 8.4564667778e+01
1.2997991683e+00 2.3189103200e-01 8.4788450052e+01
1.4753915732e+00 2.5146465607e-01 8.4148848738e+01
1.3552734518e+00 2.3804625970e-01 8.4852373054e+01
1.3261529853e+00 2.3509175040e-01 8.4212840476e+01
1.3345699797e+00 2.3583037773e-01 8.4660584449e+01
1.3346695664e+00 2.3595348228e-01 8.4404772564e+01
1.2700047350e+00 2.2844410449e-01 8.5012152633e+01
1.2965449369e+00 2.3139861378e-01 8.5108001638e+01
1.2297545163e+00 2.2388923600e-01 8.4948245538e+01
1.3213147529e+00 2.3435312308e-01 8.4660584449e+01
1.2578368582e+00 2.2708995440e-01 8.4948245538e+01
1.3023743426e+00 2.3226034566e-01 8.4596641686e+01
1.3737095653e+00 2.4026214167e-01 8.4436755064e+01
1.3575711981e+00 2.3853867791e-01 8.4308814530e+01
1.2078759639e+00 2.2142714492e-01 8.4820412361e+01
1.4427293574e+00 2.4777151945e-01 8.4500714858e+01
1.2892337064e+00 2.3078309102e-01 8.4596641686e+01
1.2746585960e+00 2.2930583637e-01 8.4212840476e+01
1.1941827403e+00 2.1970368116e-01 8.5203836921e+01
1.2332886799e+00 2.2438165421e-01 8.4724520544e+01
1.3133604470e+00 2.3349139120e-01 8.4596641686e+01
1.4257413662e+00 2.4604805570e-01 8.4244833624e+01
1.3122288080e+00 2.3349139120e-01 8.4308814530e+01
1.1422578261e+00 2.1354845347e-01 8.5523192275e+01
1.4022725316e+00 2.4333975551e-01 8.4564667778e+01
1.2772915823e+00 2.2918273181e-01 8.5235779013e+01
1.3543975119e+00 2.3829246880e-01 8.4084849675e+01
1.2737036012e+00 2.2881341815e-01 8.5139948243e+01
1.3195902173e+00 2.3410691397e-01 8.4788450052e+01
1.4501312407e+00 2.4875635589e-01 8.4116850127e+01
1.2046709122e+00 2.2105783126e-01 8.4820412361e+01
1.2285419374e+00 2.2364302689e-01 8.5235779013e+01
1.2320994583e+00 2.2425854966e-01 8.4692553325e+01
1.3052144651e+00 2.3238345022e-01 8.5076053508e+01
1.3238791848e+00 2.3472243674e-01 8.4468735825e+01
1.4348038692e+00 2.4703289213e-01 8.4244833624e+01
1.2923656365e+00 2.3127550923e-01 8.4276824972e+01
1.1361435702e+00 2.1280982614e-01 8.5587046306e+01
1.4496217056e+00 2.4912566955e-01 8.3316259486e+01
1.2807916785e+00 2.2967515003e-01 8.4980199868e+01
1.3145830372e+00 2.3361449576e-01 8.4628613906e+01
1.3677273221e+00 2.3989282800e-01 8.3828778522e+01
1.3326444430e+00 2.3583037773e-01 8.4180845518e+01
1.3882617563e+00 2.4186250087e-01 8.4436755064e+01
1.2123454474e+00 2.2216577224e-01 8.4276824972e+01
1.2646767828e+00 2.2782858172e-01 8.5044103843e+01
1.3256055781e+00 2.3484554129e-01 8.4628613906e+01
1.2505547065e+00 2.2635132707e-01 8.4724520544e+01
1.2085520736e+00 2.2130404036e-01 8.5363532643e+01
1.2878988345e+00 2.3065998646e-01 8.4532692172e+01
1.2682483087e+00 2.2832099994e-01 8.4820412361e+01
1.3398125261e+00 2.3656900505e-01 8.4308814530e+01
1.2502092123e+00 2.2635132707e-01 8.4628613906e+01
1.3289267572e+00 2.3546106406e-01 8.4084849675e+01
1.3256117667e+00 2.3521485496e-01 8.3828778522e+01
1.3577322390e+00 2.3866178247e-01 8.4084849675e+01
1.2923620301e+00 2.3102930012e-01 8.4852373054e+01
1.3020902869e+00 2.3238345022e-01 8.4244833624e+01
1.3442445238e+00 2.3706142326e-01 8.4308814530e+01
1.2220922966e+00 2.2290439956e-01 8.5235779013e+01
1.1849014902e+00 2.1859574018e-01 8.5299658755e+01
1.3692427646e+00 2.3976972345e-01 8.4436755064e+01
1.2401914916e+00 2.2499717698e-01 8.5171893334e+01
1.2026160714e+00 2.2105783126e-01 8.4244833624e+01
1.3683057059e+00 2.3976972345e-01 8.4212840476e+01
1.2825607714e+00 2.3004446369e-01 8.4564667778e+01
1.3286931257e+00 2.3496864585e-01 8.5171893334e+01
1.2628552308e+00 2.2782858172e-01 8.4532692172e+01
1.2895915360e+00 2.3078309102e-01 8.4692553325e+01
1.3566253601e+00 2.3816936425e-01 8.4916289633e+01
1.3278168714e+00 2.3546106406e-01 8.3828778522e+01
1.4166989510e+00 2.4506321927e-01 8.4244833624e+01
1.3081755999e+00 2.3275276388e-01 8.4980199868e+01
1.2599576066e+00 2.2758237261e-01 8.4340802307e+01
1.2591039761e+00 2.2733616351e-01 8.4692553325e+01
1.3105441556e+00 2.3312207754e-01 8.4724520544e+01
1.2178336448e+00 2.2253508590e-01 8.4916289633e+01
1.2620686147e+00 2.2795168628e-01 8.4052847370e+01
1.2955315599e+00 2.3139861378e-01 8.4820412361e+01
1.2406371807e+00 2.2512028154e-01 8.4980199868e+01
1.2535020584e+00 2.2659753618e-01 8.4948245538e+01
1.3006614795e+00 2.3213724111e-01 8.4436755064e+01
1.3170136647e+00 2.3398380942e-01 8.4404772564e+01
1.3514764333e+00 2.3804625970e-01 8.3924819428e+01
1.4491470108e+00 2.4900256499e-01 8.3444437996e+01
1.2514194532e+00 2.2659753618e-01 8.4372788316e+01
1.3453533229e+00 2.3718452782e-01 8.4308814530e+01
1.3829217608e+00 2.4124697810e-01 8.4500714858e+01
1.2979535598e+00 2.3164482289e-01 8.4884332141e+01
1.2918483507e+00 2.3127550923e-01 8.4148848738e+01
1.2254538930e+00 2.2339681778e-01 8.4948245538e+01
1.2351048270e+00 2.2438165421e-01 8.5267719621e+01
1.2414995842e+00 2.2524338609e-01 8.4916289633e+01
1.1956400144e+00 2.1982678572e-01 8.5331596426e+01
1.2306139533e+00 2.2401234055e-01 8.4884332141e+01
1.2327169377e+00 2.2438165421e-01 8.4564667778e+01
1.3034387203e+00 2.3226034566e-01 8.4884332141e+01
1.3718804239e+00 2.3989282800e-01 8.4820412361e+01
1.2606536449e+00 2.2733616351e-01 8.5139948243e+01
1.3762577556e+00 2.4063145533e-01 8.4244833624e+01
1.3543677472e+00 2.3816936425e-01 8.4340802307e+01
1.2875306010e+00 2.3065998646e-01 8.4436755064e+01
1.1964352254e+00 2.2019609938e-01 8.4596641686e+01
1.2225494878e+00 2.2302750412e-01 8.5044103843e+01
1.1954454048e+00 2.1982678572e-01 8.5267719621e+01
1.2836794902e+00 2.3041377735e-01 8.4020843204e+01
1.2300177615e+00 2.2376613144e-01 8.5363532643e+01
1.3312188183e+00 2.3533795951e-01 8.4948245538e+01
1.2731117258e+00 2.2905962726e-01 8.4372788316e+01
1.4234494544e+00 2.4567874204e-01 8.4500714858e+01
1.2162168178e+00 2.2228887680e-01 8.5076053508e+01
1.3053804026e+00 2.3275276388e-01 8.4244833624e+01
1.2902879455e+00 2.3078309102e-01 8.4884332141e+01
1.3952954924e+00 2.4284733730e-01 8.3988837165e+01
1.4045749671e+00 2.4383217373e-01 8.4052847370e+01
1.1972745058e+00 2.1994989027e-01 8.5523192275e+01
1.3142142443e+00 2.3361449576e-01 8.4532692172e+01
1.2506684862e+00 2.2635132707e-01 8.4756486116e+01
1.1339622866e+00 2.1256361704e-01 8.5555119982e+01
1.3106082204e+00 2.3336828665e-01 8.4180845518e+01
1.2525281997e+00 2.2647443163e-01 8.4980199868e+01
1.2595682735e+00 2.2721305895e-01 8.5139948243e+01
1.2830370085e+00 2.3004446369e-01 8.4692553325e+01
1.2686967550e+00 2.2832099994e-01 8.4948245538e+01
1.2791372134e+00 2.2955204548e-01 8.4820412361e+01
1.3000705737e+00 2.3226034566e-01 8.4020843204e+01
1.3350554575e+00 2.3583037773e-01 8.4788450052e+01
1.3059089263e+00 2.3262965932e-01 8.4660584449e+01
1.2122410713e+00 2.2167335403e-01 8.5523192275e+01
1.3224448599e+00 2.3472243674e-01 8.4116850127e+01
1.2733798944e+00 2.2881341815e-01 8.5044103843e+01
1.4118821393e+00 2.4444769650e-01 8.4436755064e+01
1.4015364793e+00 2.4321665096e-01 8.4660584449e+01
1.3401066391e+00 2.3644590050e-01 8.4660584449e+01
1.3327222032e+00 2.3558416862e-01 8.4756486116e+01
1.2556206537e+00 2.2696684984e-01 8.4628613906e+01
1.2175090011e+00 2.2253508590e-01 8.4820412361e+01
1.3618896328e+00 2.3903109613e-01 8.4276824972e+01
1.3362478706e+00 2.3632279594e-01 8.3988837165e+01
1.4194728362e+00 2.4555563748e-01 8.3860794078e+01
1.1979439744e+00 2.2031920393e-01 8.4724520544e+01
1.2601884158e+00 2.2745926806e-01 8.4692553325e+01
1.2592479569e+00 2.2721305895e-01 8.5044103843e+01
1.2782770063e+00 2.2930583637e-01 8.5203836921e+01
1.2096880721e+00 2.2155024947e-01 8.5044103843e+01
1.4214974751e+00 2.4555563748e-01 8.4308814530e+01
1.3052861813e+00 2.3250655477e-01 8.4788450052e+01
1.2294903362e+00 2.2401234055e-01 8.4564667778e+01
1.3115747017e+00 2.3349139120e-01 8.4148848738e+01
1.3238283514e+00 2.3496864585e-01 8.3924819428e+01
1.2273409145e+00 2.2376613144e-01 8.4564667778e+01
1.2547694872e+00 2.2684374529e-01 8.4692553325e+01
1.3169066390e+00 2.3386070486e-01 8.4660584449e+01
1.3573131510e+00 2.3866178247e-01 8.3988837165e+01
1.2421422093e+00 2.2524338609e-01 8.5108001638e+01
1.3471140452e+00 2.3730763237e-01 8.4468735825e+01
1.2632104081e+00 2.2782858172e-01 8.4628613906e+01
1.4145413033e+00 2.4469390561e-01 8.4532692172e+01
1.1821874332e+00 2.1834953107e-01 8.5108001638e+01
1.1658308907e+00 2.1637985821e-01 8.5299658755e+01
1.2786097342e+00 2.2942894092e-01 8.4980199868e+01
1.2999369403e+00 2.3201413655e-01 8.4532692172e+01
1.3826937319e+00 2.4137008265e-01 8.4180845518e+01
1.4374861309e+00 2.4740220579e-01 8.4084849675e+01
1.3070072449e+00 2.3275276388e-01 8.4660584449e+01
1.2224442987e+00 2.2302750412e-01 8.5012152633e+01
1.2673866548e+00 2.2819789538e-01 8.4884332141e+01
1.2843349521e+00 2.3041377735e-01 8.4180845518e+01
1.2323245519e+00 2.2425854966e-01 8.4756486116e+01
1.3562595829e+00 2.3829246880e-01 8.4532692172e+01
1.3628283146e+00 2.3890799157e-01 8.4788450052e+01
1.2080914485e+00 2.2142714492e-01 8.4884332141e+01
1.2582847801e+00 2.2684374529e-01 8.5778575774e+01
1.3498174796e+00 2.3780005059e-01 8.4052847370e+01
1.3044127497e+00 2.3262965932e-01 8.4276824972e+01
1.3111606435e+00 2.3324518209e-01 8.4596641686e+01
1.2654353548e+00 2.2795168628e-01 8.4948245538e+01
1.2180466999e+00 2.2253508590e-01 8.4980199868e+01
1.2387069972e+00 2.2512028154e-01 8.4436755064e+01
1.2840105283e+00 2.3016756825e-01 8.4660584449e+01
1.2148123584e+00 2.2228887680e-01 8.4660584449e+01
1.2299681574e+00 2.2388923600e-01 8.5012152633e+01
1.2764290924e+00 2.2918273181e-01 8.4980199868e+01
1.2863128110e+00 2.3041377735e-01 8.4692553325e+01
1.3872729128e+00 2.4173939631e-01 8.4468735825e+01
1.4217741719e+00 2.4555563748e-01 8.4372788316e+01
1.3882617563e+00 2.4186250087e-01 8.4436755064e+01
1.2177261050e+00 2.2253508590e-01 8.4884332141e+01
1.2189846943e+00 2.2278129501e-01 8.4628613906e+01
1.3338285374e+00 2.3570727317e-01 8.4756486116e+01
1.3774553708e+00 2.4063145533e-01 8.4532692172e+01
1.3106082204e+00 2.3336828665e-01 8.4180845518e+01
1.3697676411e+00 2.3964661890e-01 8.4852373054e+01
1.2553351003e+00 2.2672064074e-01 8.5171893334e+01
1.2829749247e+00 2.2992135914e-01 8.4980199868e+01
1.2447179725e+00 2.2548959520e-01 8.5235779013e+01
1.3542887785e+00 2.3804625970e-01 8.4596641686e+01
1.2022076088e+00 2.2068851759e-01 8.5044103843e+01
1.3353856509e+00 2.3607658683e-01 8.4308814530e+01
1.3265472890e+00 2.3509175040e-01 8.4308814530e+01
1.1951485255e+00 2.1982678572e-01 8.5171893334e+01
1.2029137287e+00 2.2068851759e-01 8.5267719621e+01
1.2939106586e+00 2.3115240468e-01 8.4980199868e+01
1.2582705539e+00 2.2708995440e-01 8.5076053508e+01
1.3126242430e+00 2.3336828665e-01 8.4692553325e+01
1.2973173951e+00 2.3189103200e-01 8.4148848738e+01
1.1882826047e+00 2.1896505384e-01 8.5363532643e+01
1.2640174454e+00 2.2770547717e-01 8.5171893334e+01
1.4048872651e+00 2.4407838284e-01 8.3636644199e+01
1.2686414580e+00 2.2844410449e-01 8.4628613906e+01
1.3043241433e+00 2.3250655477e-01 8.4532692172e+01
1.3309985123e+00 2.3570727317e-01 8.4052847370e+01
1.2318723326e+00 2.2401234055e-01 8.5267719621e+01
1.3734814754e+00 2.4001593256e-01 8.4948245538e+01
1.2832442780e+00 2.3029067280e-01 8.4180845518e+01
1.4048611604e+00 2.4383217373e-01 8.4116850127e+01
1.2275669570e+00 2.2351992233e-01 8.5267719621e+01
1.3222649282e+00 2.3435312308e-01 8.4916289633e+01
1.2595606742e+00 2.2733616351e-01 8.4820412361e+01
1.2671129006e+00 2.2795168628e-01 8.5459332672e+01
1.2250198756e+00 2.2339681778e-01 8.4820412361e+01
1.3208221546e+00 2.3435312308e-01 8.4532692172e+01
1.2890956070e+00 2.3053688191e-01 8.5171893334e+01
1.3658960039e+00 2.3940040979e-01 8.4436755064e+01
1.3458756869e+00 2.3718452782e-01 8.4436755064e+01
1.2759898324e+00 2.2905962726e-01 8.5171893334e+01
1.3467647699e+00 2.3743073693e-01 8.4116850127e+01
1.3300236035e+00 2.3533795951e-01 8.4628613906e+01
1.3656783191e+00 2.3927730524e-01 8.4660584449e+01
1.2659648684e+00 2.2832099994e-01 8.4212840476e+01
1.2942034517e+00 2.3127550923e-01 8.4756486116e+01
1.3660756568e+00 2.3952351434e-01 8.4212840476e+01
1.3379032329e+00 2.3644590050e-01 8.4116850127e+01
1.2414768400e+00 2.2512028154e-01 8.5235779013e+01
1.2453833077e+00 2.2561269975e-01 8.5108001638e+01
1.2247367635e+00 2.2315060867e-01 8.5395467416e+01
1.2396207824e+00 2.2487407243e-01 8.5331596426e+01
1.2638206115e+00 2.2795168628e-01 8.4500714858e+01
1.2686389449e+00 2.2856720904e-01 8.4340802307e+01
1.2993258039e+00 2.3189103200e-01 8.4660584449e+01
1.2631401896e+00 2.2758237261e-01 8.5235779013e+01
1.3311250506e+00 2.3521485496e-01 8.5235779013e+01
1.3318610773e+00 2.3558416862e-01 8.4532692172e+01
1.2939106586e+00 2.3115240468e-01 8.4980199868e+01
1.2577266956e+00 2.2708995440e-01 8.4916289633e+01
1.3405382061e+00 2.3632279594e-01 8.5076053508e+01
1.2165461394e+00 2.2241198135e-01 8.4852373054e+01
1.3710061458e+00 2.3989282800e-01 8.4596641686e+01
1.4653988316e+00 2.5060292419e-01 8.3732720205e+01
1.3631957825e+00 2.3903109613e-01 8.4596641686e+01
1.2627190342e+00 2.2758237261e-01 8.5108001638e+01
1.3250499440e+00 2.3496864585e-01 8.4212840476e+01
1.3144332981e+00 2.3349139120e-01 8.4884332141e+01
1.2817092150e+00 2.2992135914e-01 8.4628613906e+01
1.3198019186e+00 2.3435312308e-01 8.4276824972e+01
1.2990499442e+00 2.3176792745e-01 8.4884332141e+01
1.2544207802e+00 2.2684374529e-01 8.4596641686e+01
1.2611570768e+00 2.2758237261e-01 8.4660584449e+01
1.2526987891e+00 2.2635132707e-01 8.5363532643e+01
1.2708726539e+00 2.2856720904e-01 8.4948245538e+01
1.2887703696e+00 2.3053688191e-01 8.5076053508e+01
1.3024556153e+00 2.3213724111e-01 8.4916289633e+01
1.3052144651e+00 2.3238345022e-01 8.5076053508e+01
1.2088399160e+00 2.2130404036e-01 8.5459332672e+01
1.2168684909e+00 2.2241198135e-01 8.4948245538e+01
1.1881868585e+00 2.1896505384e-01 8.5331596426e+01
1.2566425941e+00 2.2696684984e-01 8.4916289633e+01
1.2384477018e+00 2.2499717698e-01 8.4660584449e+01
1.3051684501e+00 2.3250655477e-01 8.4756486116e+01
1.2652639655e+00 2.2807479083e-01 8.4596641686e+01
1.3688917161e+00 2.3952351434e-01 8.4916289633e+01
1.3596779112e+00 2.3890799157e-01 8.4020843204e+01
1.2222923591e+00 2.2290439956e-01 8.5299658755e+01
1.3560025574e+00 2.3829246880e-01 8.4468735825e+01
1.3098327221e+00 2.3287586843e-01 8.5139948243e+01
1.3819909673e+00 2.4137008265e-01 8.4020843204e+01
1.2368553240e+00 2.2475096787e-01 8.4820412361e+01
1.2685143507e+00 2.2856720904e-01 8.4308814530e+01
1.3796931861e+00 2.4087766444e-01 8.4532692172e+01
1.1643896518e+00 2.1625675365e-01 8.5171893334e+01
1.3070072449e+00 2.3275276388e-01 8.4660584449e+01
1.2398664401e+00 2.2512028154e-01 8.4756486116e+01
1.3034444926e+00 2.3250655477e-01 8.4308814530e+01
1.3670112725e+00 2.3952351434e-01 8.4436755064e+01
1.2600806975e+00 2.2758237261e-01 8.4372788316e+01
1.2843783340e+00 2.3029067280e-01 8.4468735825e+01
1.2944602152e+00 2.3139861378e-01 8.4532692172e+01
1.3480103873e+00 2.3755384148e-01 8.4148848738e+01
1.2916602219e+00 2.3102930012e-01 8.4660584449e+01
1.3684463549e+00 2.3989282800e-01 8.3988837165e+01
1.3053804026e+00 2.3275276388e-01 8.4244833624e+01
1.3513400123e+00 2.3792315514e-01 8.4148848738e+01
1.3511658052e+00 2.3780005059e-01 8.4372788316e+01
1.3258497257e+00 2.3484554129e-01 8.4692553325e+01
1.3771005857e+00 2.4050835077e-01 8.4724520544e+01
1.3178538212e+00 2.3386070486e-01 8.4916289633e+01
1.3602295723e+00 2.3866178247e-01 8.4692553325e+01
1.3613354479e+00 2.3915420068e-01 8.3892807710e+01
1.2777006528e+00 2.2942894092e-01 8.4724520544e+01
1.2992056674e+00 2.3189103200e-01 8.4628613906e+01
1.2090279802e+00 2.2142714492e-01 8.5171893334e+01
1.2848638670e+00 2.3029067280e-01 8.4596641686e+01
1.2639405002e+00 2.2795168628e-01 8.4532692172e+01
1.3773253411e+00 2.4063145533e-01 8.4500714858e+01
1.2731117258e+00 2.2905962726e-01 8.4372788316e+01
1.2632437349e+00 2.2758237261e-01 8.5267719621e+01
1.3460193879e+00 2.3706142326e-01 8.4756486116e+01
1.3065016575e+00 2.3262965932e-01 8.4820412361e+01
1.2228609943e+00 2.2302750412e-01 8.5139948243e+01
1.3683057059e+00 2.3976972345e-01 8.4212840476e+01
1.3418235559e+00 2.3669210960e-01 8.4532692172e+01
1.3857524618e+00 2.4161629176e-01 8.4372788316e+01
1.3643856816e+00 2.3952351434e-01 8.3828778522e+01
1.2569707284e+00 2.2696684984e-01 8.5012152633e+01
1.3248667119e+00 2.3472243674e-01 8.4724520544e+01
1.3056667827e+00 2.3262965932e-01 8.4596641686e+01
1.3529280824e+00 2.3780005059e-01 8.4820412361e+01
1.3318277776e+00 2.3583037773e-01 8.3988837165e+01
1.2788026195e+00 2.2967515003e-01 8.4436755064e+01
1.3040764219e+00 2.3250655477e-01 8.4468735825e+01
1.2867788145e+00 2.3041377735e-01 8.4820412361e+01
1.3087065132e+00 2.3324518209e-01 8.3988837165e+01
1.3681268594e+00 2.3964661890e-01 8.4436755064e+01
1.2665853372e+00 2.2819789538e-01 8.4660584449e+01
1.1180716695e+00 2.1084015328e-01 8.5108001638e+01
1.2943202492e+00 2.3127550923e-01 8.4788450052e+01
1.2023298171e+00 2.2056541304e-01 8.5427400756e+01
1.2392322195e+00 2.2499717698e-01 8.4884332141e+01
1.1899659441e+00 2.1933436750e-01 8.4884332141e+01
1.2212425346e+00 2.2302750412e-01 8.4660584449e+01
1.2855924656e+00 2.3041377735e-01 8.4500714858e+01
1.3996596268e+00 2.4321665096e-01 8.4212840476e+01
1.3206279895e+00 2.3410691397e-01 8.5076053508e+01
1.2664680592e+00 2.2819789538e-01 8.4628613906e+01
1.2267894753e+00 2.2339681778e-01 8.5363532643e+01
1.2436103132e+00 2.2561269975e-01 8.4596641686e+01
1.4214891638e+00 2.4567874204e-01 8.4052847370e+01
1.2932363054e+00 2.3152171834e-01 8.3956829243e+01
1.3698276514e+00 2.3989282800e-01 8.4308814530e+01
1.3490754447e+00 2.3755384148e-01 8.4404772564e+01
1.2704360381e+00 2.2881341815e-01 8.4244833624e+01
1.3363297820e+00 2.3583037773e-01 8.5139948243e+01
1.3903972599e+00 2.4223181453e-01 8.4148848738e+01
1.2810122397e+00 2.2967515003e-01 8.5044103843e+01
1.2211507813e+00 2.2315060867e-01 8.4340802307e+01
1.4103457728e+00 2.4432459195e-01 8.4340802307e+01
1.2066986254e+00 2.2130404036e-01 8.4788450052e+01
1.3268064892e+00 2.3509175040e-01 8.4372788316e+01
1.3027950258e+00 2.3213724111e-01 8.5012152633e+01
1.3539679202e+00 2.3816936425e-01 8.4244833624e+01
1.3691111662e+00 2.3976972345e-01 8.4404772564e+01
1.2891130035e+00 2.3078309102e-01 8.4564667778e+01
1.4570533767e+00 2.4961808776e-01 8.3892807710e+01
1.2982804334e+00 2.3201413655e-01 8.4116850127e+01
1.2856861820e+00 2.3029067280e-01 8.4820412361e+01
1.3480103873e+00 2.3755384148e-01 8.4148848738e+01
1.2570511104e+00 2.2708995440e-01 8.4724520544e+01
1.3535613579e+00 2.3816936425e-01 8.4148848738e+01
1.2826382366e+00 2.2992135914e-01 8.4884332141e+01
1.3736777955e+00 2.4063145533e-01 8.3668671517e+01
1.2707533128e+00 2.2844410449e-01 8.5235779013e+01
1.1961149564e+00 2.1982678572e-01 8.5491263175e+01
1.2870075495e+00 2.3041377735e-01 8.4884332141e+01
1.2566274127e+00 2.2684374529e-01 8.5235779013e+01
1.3573722830e+00 2.3841557336e-01 8.4532692172e+01
1.4010156725e+00 2.4321665096e-01 8.4532692172e+01
1.2881006901e+00 2.3053688191e-01 8.4884332141e+01
1.2466154096e+00 2.2598201341e-01 8.4532692172e+01
1.2715115580e+00 2.2869031360e-01 8.4820412361e+01
1.3260859316e+00 2.3496864585e-01 8.4468735825e+01
1.2510056704e+00 2.2635132707e-01 8.4852373054e+01
1.2946808451e+00 2.3152171834e-01 8.4308814530e+01
1.2545852671e+00 2.2672064074e-01 8.4948245538e+01
1.4259808743e+00 2.4592495115e-01 8.4564667778e+01
1.2520205043e+00 2.2659753618e-01 8.4532692172e+01
1.2552300622e+00 2.2672064074e-01 8.5139948243e+01
1.3156571933e+00 2.3386070486e-01 8.4340802307e+01
1.2473109265e+00 2.2598201341e-01 8.4724520544e+01
1.2911525915e+00 2.3090619557e-01 8.4820412361e+01
1.2705787350e+00 2.2869031360e-01 8.4564667778e+01
1.3691111662e+00 2.3976972345e-01 8.4404772564e+01
1.2463549322e+00 2.2610511797e-01 8.4180845518e+01
1.3063959876e+00 2.3275276388e-01 8.4500714858e+01
1.3982553096e+00 2.4309354641e-01 8.4148848738e+01
1.2679380009e+00 2.2819789538e-01 8.5044103843e+01
1.3392252526e+00 2.3644590050e-01 8.4436755064e+01
1.2528328302e+00 2.2659753618e-01 8.4756486116e+01
1.3051684501e+00 2.3250655477e-01 8.4756486116e+01
1.2191191374e+00 2.2265819046e-01 8.4980199868e+01
1.1555614246e+00 2.1527191722e-01 8.5044103843e+01
1.3318554202e+00 2.3546106406e-01 8.4820412361e+01
1.4492803176e+00 2.4851014678e-01 8.4436755064e+01
1.3782060795e+00 2.4100076899e-01 8.3924819428e+01
1.2549984842e+00 2.2684374529e-01 8.4756486116e+01
1.2202975961e+00 2.2278129501e-01 8.5012152633e+01
1.3134825550e+00 2.3349139120e-01 8.4628613906e+01
1.2084547891e+00 2.2130404036e-01 8.5331596426e+01
1.3111606435e+00 2.3324518209e-01 8.4596641686e+01
1.3004221823e+00 2.3201413655e-01 8.4660584449e+01
1.3377294370e+00 2.3632279594e-01 8.4340802307e+01
1.3905053104e+00 2.4210870998e-01 8.4436755064e+01
1.2968934105e+00 2.3164482289e-01 8.4596641686e+01
1.3630167680e+00 2.3927730524e-01 8.4020843204e+01
1.2981097083e+00 2.3176792745e-01 8.4628613906e+01
1.2579134259e+00 2.2733616351e-01 8.4372788316e+01
1.3041881318e+00 2.3238345022e-01 8.4788450052e+01
1.3310942789e+00 2.3558416862e-01 8.4340802307e+01
1.4272886029e+00 2.4629426481e-01 8.4084849675e+01
1.2659255381e+00 2.2782858172e-01 8.5427400756e+01
1.2705429407e+00 2.2844410449e-01 8.5171893334e+01
1.2433278037e+00 2.2548959520e-01 8.4820412361e+01
1.1806172249e+00 2.1822642652e-01 8.4948245538e+01
1.2226540001e+00 2.2302750412e-01 8.5076053508e+01
1.2754898091e+00 2.2942894092e-01 8.4148848738e+01
1.2785562056e+00 2.2955204548e-01 8.4660584449e+01
1.4738685211e+00 2.5146465607e-01 8.3828778522e+01
1.3510477398e+00 2.3804625970e-01 8.3828778522e+01
1.3884332964e+00 2.4198560542e-01 8.4212840476e+01
1.1555628163e+00 2.1514881267e-01 8.5395467416e+01
1.2616173097e+00 2.2758237261e-01 8.4788450052e+01
1.2300606675e+00 2.2401234055e-01 8.4724520544e+01
1.3964271720e+00 2.4284733730e-01 8.4244833624e+01
1.3737489745e+00 2.4038524622e-01 8.4180845518e+01
1.2752283657e+00 2.2905962726e-01 8.4948245538e+01
1.2873453198e+00 2.3041377735e-01 8.4980199868e+01
1.1460963734e+00 2.1404087168e-01 8.5395467416e+01
1.3211632046e+00 2.3447622763e-01 8.4340802307e+01
1.3944604662e+00 2.4272423274e-01 8.4052847370e+01
1.3093251262e+00 2.3299897299e-01 8.4692553325e+01
1.3262121313e+00 2.3496864585e-01 8.4500714858e+01
1.2663422612e+00 2.2832099994e-01 8.4308814530e+01
1.1947660792e+00 2.1970368116e-01 8.5395467416e+01
1.3622076721e+00 2.3890799157e-01 8.4628613906e+01
1.3646498604e+00 2.3927730524e-01 8.4404772564e+01
1.2372932937e+00 2.2475096787e-01 8.4948245538e+01
1.2312484553e+00 2.2413544510e-01 8.4756486116e+01
1.3001809991e+00 2.3201413655e-01 8.4596641686e+01
1.4187152452e+00 2.4506321927e-01 8.4724520544e+01
1.3260859316e+00 2.3496864585e-01 8.4468735825e+01
1.2953071104e+00 2.3115240468e-01 8.5395467416e+01
1.2395258214e+00 2.2512028154e-01 8.4660584449e+01
1.1492488209e+00 2.1441018535e-01 8.5395467416e+01
1.3299000441e+00 2.3533795951e-01 8.4596641686e+01
1.3598532632e+00 2.3866178247e-01 8.4596641686e+01
1.3081470300e+00 2.3312207754e-01 8.4116850127e+01
1.3817035647e+00 2.4100076899e-01 8.4756486116e+01
1.3395479162e+00 2.3656900505e-01 8.4244833624e+01
1.2637946928e+00 2.2807479083e-01 8.4212840476e+01
1.1885613645e+00 2.1908815839e-01 8.5108001638e+01
1.3575711981e+00 2.3853867791e-01 8.4308814530e+01
1.3030904056e+00 2.3226034566e-01 8.4788450052e+01
1.2951846139e+00 2.3152171834e-01 8.4436755064e+01
1.4019734759e+00 2.4370906918e-01 8.3732720205e+01
1.2281332970e+00 2.2376613144e-01 8.4788450052e+01
1.2424646705e+00 2.2512028154e-01 8.5555119982e+01
1.2356666144e+00 2.2462786332e-01 8.4788450052e+01
1.2332886799e+00 2.2438165421e-01 8.4724520544e+01
1.2625885787e+00 2.2770547717e-01 8.4756486116e+01
1.3697030679e+00 2.4001593256e-01 8.4020843204e+01
1.2659607597e+00 2.2807479083e-01 8.4788450052e+01
1.2521990544e+00 2.2647443163e-01 8.4884332141e+01
1.3051684501e+00 2.3250655477e-01 8.4756486116e+01
1.2128947212e+00 2.2204266769e-01 8.4724520544e+01
1.3287549542e+00 2.3533795951e-01 8.4308814530e+01
1.2558526187e+00 2.2696684984e-01 8.4692553325e+01
1.3948856783e+00 2.4272423274e-01 8.4148848738e+01
1.3387363041e+00 2.3656900505e-01 8.4052847370e+01
1.3233678609e+00 2.3472243674e-01 8.4340802307e+01
1.3264623322e+00 2.3496864585e-01 8.4564667778e+01
1.2919432506e+00 2.3090619557e-01 8.5044103843e+01
1.3355164354e+00 2.3607658683e-01 8.4340802307e+01
1.4121686207e+00 2.4469390561e-01 8.3988837165e+01
1.3790588945e+00 2.4100076899e-01 8.4116850127e+01
1.2597978518e+00 2.2708995440e-01 8.5555119982e+01
1.2758671211e+00 2.2918273181e-01 8.4820412361e+01
1.1750934560e+00 2.1773400830e-01 8.4564667778e+01
1.2345911564e+00 2.2438165421e-01 8.5108001638e+01
1.2050981312e+00 2.2105783126e-01 8.4948245538e+01
1.3107905507e+00 2.3324518209e-01 8.4500714858e+01
1.3673265505e+00 2.3964661890e-01 8.4244833624e+01
1.1920529253e+00 2.1945747206e-01 8.5203836921e+01
1.2018949939e+00 2.2068851759e-01 8.4948245538e+01
1.1668370690e+00 2.1637985821e-01 8.5650894846e+01
1.2264963070e+00 2.2364302689e-01 8.4628613906e+01
1.3118812657e+00 2.3324518209e-01 8.4788450052e+01
1.3173920711e+00 2.3398380942e-01 8.4500714858e+01
1.2329476855e+00 2.2438165421e-01 8.4628613906e+01
1.2943375969e+00 2.3139861378e-01 8.4500714858e+01
1.2517682054e+00 2.2635132707e-01 8.5076053508e+01
1.3894156098e+00 2.4210870998e-01 8.4180845518e+01
1.2465684773e+00 2.2585890886e-01 8.4820412361e+01
1.3766831153e+00 2.4075455988e-01 8.4084849675e+01
1.1327397333e+00 2.1244051248e-01 8.5491263175e+01
1.2951846139e+00 2.3152171834e-01 8.4436755064e+01
1.2976066288e+00 2.3164482289e-01 8.4788450052e+01
1.2823183942e+00 2.3004446369e-01 8.4500714858e+01
1.2423533125e+00 2.2573580430e-01 8.3988837165e+01
1.2929913146e+00 2.3115240468e-01 8.4724520544e+01
1.2131717891e+00 2.2216577224e-01 8.4500714858e+01
1.2516366219e+00 2.2647443163e-01 8.4724520544e+01
1.2845938745e+00 2.3016756825e-01 8.4820412361e+01
1.1861559709e+00 2.1871884473e-01 8.5363532643e+01
1.3584853023e+00 2.3853867791e-01 8.4532692172e+01
1.3351141176e+00 2.3632279594e-01 8.3732720205e+01
1.3144332981e+00 2.3349139120e-01 8.4884332141e+01
1.2944363314e+00 2.3127550923e-01 8.4820412361e+01
1.3109146397e+00 2.3324518209e-01 8.4532692172e+01
1.2674365209e+00 2.2832099994e-01 8.4596641686e+01
1.2581631731e+00 2.2708995440e-01 8.5044103843e+01
1.2569360775e+00 2.2708995440e-01 8.4692553325e+01
1.3354118338e+00 2.3583037773e-01 8.4884332141e+01
1.3040704941e+00 2.3238345022e-01 8.4756486116e+01
1.2751167667e+00 2.2905962726e-01 8.4916289633e+01
1.2841779370e+00 2.3004446369e-01 8.5012152633e+01
1.4148093434e+00 2.4506321927e-01 8.3828778522e+01
1.3460044193e+00 2.3718452782e-01 8.4468735825e+01
1.3190883579e+00 2.3423001852e-01 8.4372788316e+01
1.2350891342e+00 2.2413544510e-01 8.6001967257e+01
1.3316084211e+00 2.3558416862e-01 8.4468735825e+01
1.2040802544e+00 2.2081162215e-01 8.5299658755e+01
1.2825245899e+00 2.2992135914e-01 8.4852373054e+01
1.3249823974e+00 2.3484554129e-01 8.4468735825e+01
1.2862522334e+00 2.3029067280e-01 8.4980199868e+01
1.2951808879e+00 2.3139861378e-01 8.4724520544e+01
1.4610801129e+00 2.4998740143e-01 8.4020843204e+01
1.2739152266e+00 2.2893652271e-01 8.4884332141e+01
1.3562595829e+00 2.3829246880e-01 8.4532692172e+01
1.1953471071e+00 2.1982678572e-01 8.5235779013e+01
1.3526669696e+00 2.3792315514e-01 8.4468735825e+01
1.3649114935e+00 2.3927730524e-01 8.4468735825e+01
1.2708726539e+00 2.2856720904e-01 8.4948245538e+01
1.2427962290e+00 2.2536649064e-01 8.4980199868e+01
1.2951846139e+00 2.3152171834e-01 8.4436755064e+01
1.3597967779e+00 2.3878488702e-01 8.4308814530e+01
1.3934692071e+00 2.4247802364e-01 8.4340802307e+01
1.2758999825e+00 2.2930583637e-01 8.4532692172e+01
1.2752881236e+00 2.2930583637e-01 8.4372788316e+01
1.3139637305e+00 2.3349139120e-01 8.4756486116e+01
1.3204539715e+00 2.3423001852e-01 8.4724520544e+01
1.3972500732e+00 2.4309354641e-01 8.3924819428e+01
1.2571860102e+00 2.2696684984e-01 8.5076053508e+01
1.2841286178e+00 2.3016756825e-01 8.4692553325e+01
1.2497467810e+00 2.2598201341e-01 8.5459332672e+01
1.2282437717e+00 2.2376613144e-01 8.4820412361e+01
1.2539343442e+00 2.2659753618e-01 8.5076053508e+01
1.3924676485e+00 2.4260112819e-01 8.3860794078e+01
1.3552135146e+00 2.3829246880e-01 8.4276824972e+01
1.2682483087e+00 2.2832099994e-01 8.4820412361e+01
1.2995654594e+00 2.3201413655e-01 8.4436755064e+01
1.3069917353e+00 2.3287586843e-01 8.4372788316e+01
1.2972532462e+00 2.3164482289e-01 8.4692553325e+01
1.1824251794e+00 2.1847263562e-01 8.4852373054e+01
1.1920529253e+00 2.1945747206e-01 8.5203836921e+01
1.2772291532e+00 2.2942894092e-01 8.4596641686e+01
1.2970850217e+00 2.3152171834e-01 8.4948245538e+01
1.2576703044e+00 2.2721305895e-01 8.4596641686e+01
1.3004100297e+00 2.3213724111e-01 8.4372788316e+01
1.2885499886e+00 2.3053688191e-01 8.5012152633e+01
1.3133323867e+00 2.3336828665e-01 8.4884332141e+01
1.2438406526e+00 2.2536649064e-01 8.5299658755e+01
1.3487079248e+00 2.3767694603e-01 8.4052847370e+01
1.1535554866e+00 2.1502570811e-01 8.5076053508e+01
1.3596432725e+00 2.3903109613e-01 8.3764741596e+01
1.3416292373e+00 2.3681521416e-01 8.4212840476e+01
1.2769891622e+00 2.2942894092e-01 8.4532692172e+01
1.2788026195e+00 2.2967515003e-01 8.4436755064e+01
1.2825607714e+00 2.3004446369e-01 8.4564667778e+01
1.2586931240e+00 2.2708995440e-01 8.5203836921e+01
1.2841779370e+00 2.3004446369e-01 8.5012152633e+01
1.3057498982e+00 2.3250655477e-01 8.4916289633e+01
1.2875230567e+00 2.3053688191e-01 8.4724520544e+01
1.4042856713e+00 2.4383217373e-01 8.3988837165e+01
1.3202416554e+00 2.3447622763e-01 8.4116850127e+01
1.2899429486e+00 2.3078309102e-01 8.4788450052e+01
1.4554112233e+00 2.4924877410e-01 8.4276824972e+01
1.3022524790e+00 2.3226034566e-01 8.4564667778e+01
1.2536866829e+00 2.2672064074e-01 8.4692553325e+01
1.3652319924e+00 2.3940040979e-01 8.4276824972e+01
1.2750044631e+00 2.2905962726e-01 8.4884332141e+01
1.3026026395e+00 2.3238345022e-01 8.4372788316e+01
1.3777819398e+00 2.4075455988e-01 8.4340802307e+01
1.4061288283e+00 2.4395527828e-01 8.4148848738e+01
1.3322345441e+00 2.3558416862e-01 8.4628613906e+01
1.2591039761e+00 2.2733616351e-01 8.4692553325e+01
1.3159928578e+00 2.3361449576e-01 8.5012152633e+01
1.2544207802e+00 2.2684374529e-01 8.4596641686e+01
1.2052466097e+00 2.2093472670e-01 8.5331596426e+01
1.3928830954e+00 2.4235491908e-01 8.4468735825e+01
1.3527221049e+00 2.3804625970e-01 8.4212840476e+01
1.3377669591e+00 2.3644590050e-01 8.4084849675e+01
1.2556688034e+00 2.2684374529e-01 8.4948245538e+01
1.3737489745e+00 2.4038524622e-01 8.4180845518e+01
1.2727367347e+00 2.2905962726e-01 8.4276824972e+01
1.2836163393e+00 2.3004446369e-01 8.4852373054e+01
1.4052649403e+00 2.4395527828e-01 8.3956829243e+01
1.2280274039e+00 2.2364302689e-01 8.5076053508e+01
1.2650260960e+00 2.2807479083e-01 8.4532692172e+01
1.1684123316e+00 2.1662606732e-01 8.5459332672e+01
1.3023410407e+00 2.3213724111e-01 8.4884332141e+01
1.3181292228e+00 2.3398380942e-01 8.4692553325e+01
1.3220383028e+00 2.3472243674e-01 8.4020843204e+01
1.3022194568e+00 2.3238345022e-01 8.4276824972e+01
1.2825607714e+00 2.3004446369e-01 8.4564667778e+01
1.3916587674e+00 2.4235491908e-01 8.4180845518e+01
1.2238873051e+00 2.2339681778e-01 8.4500714858e+01
1.2720240149e+00 2.2893652271e-01 8.4372788316e+01
1.3290145617e+00 2.3533795951e-01 8.4372788316e+01
1.2510504919e+00 2.2659753618e-01 8.4276824972e+01
1.2645681789e+00 2.2782858172e-01 8.5012152633e+01
1.2883267622e+00 2.3053688191e-01 8.4948245538e+01
1.3302282863e+00 2.3521485496e-01 8.4980199868e+01
1.4110226034e+00 2.4432459195e-01 8.4500714858e+01
1.3372699195e+00 2.3607658683e-01 8.4788450052e+01
1.3155282458e+00 2.3386070486e-01 8.4308814530e+01
1.2995654594e+00 2.3201413655e-01 8.4436755064e+01
1.3613072241e+00 2.3890799157e-01 8.4404772564e+01
1.2001942023e+00 2.2031920393e-01 8.5427400756e+01
1.2689917548e+00 2.2844410449e-01 8.4724520544e+01
1.2523949774e+00 2.2622822252e-01 8.5618971257e+01
1.3287905980e+00 2.3546106406e-01 8.4052847370e+01
1.3013581682e+00 2.3201413655e-01 8.4916289633e+01
1.1922496859e+00 2.1945747206e-01 8.5267719621e+01
1.2728263160e+00 2.2881341815e-01 8.4884332141e+01
1.2076524415e+00 2.2130404036e-01 8.5076053508e+01
1.2543647852e+00 2.2672064074e-01 8.4884332141e+01
1.2202975961e+00 2.2278129501e-01 8.5012152633e+01
1.1950736745e+00 2.1994989027e-01 8.4820412361e+01
1.2734884999e+00 2.2881341815e-01 8.5076053508e+01
1.2806737030e+00 2.3004446369e-01 8.4084849675e+01
1.2635501873e+00 2.2758237261e-01 8.5363532643e+01
1.3605061022e+00 2.3890799157e-01 8.4212840476e+01
1.2936851091e+00 2.3115240468e-01 8.4916289633e+01
1.2707503667e+00 2.2893652271e-01 8.4052847370e+01
1.2069895705e+00 2.2118093581e-01 8.5203836921e+01
1.3617135642e+00 2.3878488702e-01 8.4788450052e+01
1.3280584796e+00 2.3509175040e-01 8.4692553325e+01
1.1980428901e+00 2.2019609938e-01 8.5076053508e+01
1.3192161516e+00 2.3423001852e-01 8.4404772564e+01
1.3293984619e+00 2.3533795951e-01 8.4468735825e+01
1.3048109309e+00 2.3250655477e-01 8.4660584449e+01
1.2787853665e+00 2.2992135914e-01 8.3892807710e+01
1.3926580538e+00 2.4210870998e-01 8.4980199868e+01
1.2480644342e+00 2.2585890886e-01 8.5267719621e+01
1.3442728979e+00 2.3718452782e-01 8.4052847370e+01
1.4340841362e+00 2.4703289213e-01 8.4084849675e+01
1.2521990544e+00 2.2647443163e-01 8.4884332141e+01
1.2692415361e+00 2.2832099994e-01 8.5108001638e+01
1.3771945518e+00 2.4063145533e-01 8.4468735825e+01
1.2831651061e+00 2.2979825458e-01 8.5363532643e+01
1.2146996060e+00 2.2228887680e-01 8.4628613906e+01
1.2808590922e+00 2.2992135914e-01 8.4404772564e+01
1.3320688593e+00 2.3570727317e-01 8.4308814530e+01
1.2108615980e+00 2.2167335403e-01 8.5076053508e+01
1.3187234981e+00 2.3398380942e-01 8.4852373054e+01
1.4483468051e+00 2.4826393767e-01 8.4756486116e+01
1.3223941994e+00 2.3459933219e-01 8.4372788316e+01
1.0393835995e+00 2.0136110263e-01 8.5267719621e+01
1.1970962278e+00 2.2019609938e-01 8.4788450052e+01
1.1944326311e+00 2.1982678572e-01 8.4948245538e+01
1.3388750690e+00 2.3632279594e-01 8.4628613906e+01
1.2992428647e+00 2.3213724111e-01 8.4084849675e+01
1.3743582183e+00 2.4026214167e-01 8.4596641686e+01
1.4477954630e+00 2.4863325133e-01 8.3860794078e+01
1.2592434950e+00 2.2770547717e-01 8.3892807710e+01
1.2554394450e+00 2.2672064074e-01 8.5203836921e+01
1.1764804447e+00 2.1773400830e-01 8.4980199868e+01
1.2641224706e+00 2.2770547717e-01 8.5203836921e+01
1.2310235471e+00 2.2413544510e-01 8.4692553325e+01
1.2279224586e+00 2.2364302689e-01 8.5044103843e+01
1.3404610896e+00 2.3656900505e-01 8.4468735825e+01
1.2794088747e+00 2.2967515003e-01 8.4596641686e+01
1.3516842333e+00 2.3780005059e-01 8.4500714858e+01
1.2027153102e+00 2.2068851759e-01 8.5203836921e+01
1.3476549044e+00 2.3780005059e-01 8.3572583562e+01
1.2883267622e+00 2.3053688191e-01 8.4948245538e+01
1.2572790885e+00 2.2708995440e-01 8.4788450052e+01
1.2191191374e+00 2.2265819046e-01 8.4980199868e+01
1.3177294812e+00 2.3410691397e-01 8.4308814530e+01
1.3307557391e+00 2.3546106406e-01 8.4532692172e+01
1.2682848404e+00 2.2844410449e-01 8.4532692172e+01
1.1730418596e+00 2.1724159008e-01 8.5235779013e+01
1.1537514416e+00 2.1502570811e-01 8.5139948243e+01
1.2761397805e+00 2.2930583637e-01 8.4596641686e+01
1.3245018755e+00 2.3472243674e-01 8.4628613906e+01
1.3183691162e+00 2.3398380942e-01 8.4756486116e+01
1.1827346164e+00 2.1822642652e-01 8.5650894846e+01
1.3126242430e+00 2.3336828665e-01 8.4692553325e+01
1.2577120568e+00 2.2696684984e-01 8.5235779013e+01
1.3264472859e+00 2.3521485496e-01 8.4020843204e+01
1.3333404960e+00 2.3570727317e-01 8.4628613906e+01
1.2597201840e+00 2.2745926806e-01 8.4564667778e+01
1.3402295931e+00 2.3644590050e-01 8.4692553325e+01
1.2590027525e+00 2.2708995440e-01 8.5299658755e+01
1.3063959876e+00 2.3275276388e-01 8.4500714858e+01
1.3695574452e+00 2.3989282800e-01 8.4244833624e+01
1.2810122397e+00 2.2967515003e-01 8.5044103843e+01
1.2318877786e+00 2.2438165421e-01 8.4340802307e+01
1.2212650039e+00 2.2290439956e-01 8.4980199868e+01
1.2441833209e+00 2.2561269975e-01 8.4756486116e+01
1.3100315896e+00 2.3299897299e-01 8.4884332141e+01
1.2976066288e+00 2.3164482289e-01 8.4788450052e+01
1.3463511561e+00 2.3743073693e-01 8.4020843204e+01
1.3651030547e+00 2.3952351434e-01 8.3988837165e+01
1.3346542820e+00 2.3570727317e-01 8.4980199868e+01
1.2530944004e+00 2.2635132707e-01 8.5491263175e+01
1.2977229892e+00 2.3164482289e-01 8.4820412361e+01
1.3728754119e+00 2.4001593256e-01 8.4788450052e+01
1.2146188466e+00 2.2216577224e-01 8.4916289633e+01
1.2469662775e+00 2.2598201341e-01 8.4628613906e+01
1.2299681574e+00 2.2388923600e-01 8.5012152633e+01
1.3227762936e+00 2.3459933219e-01 8.4468735825e+01
1.1736306214e+00 2.1748779919e-01 8.4756486116e+01
1.3957883590e+00 2.4247802364e-01 8.4916289633e+01
1.2323656875e+00 2.2438165421e-01 8.4468735825e+01
1.2653218297e+00 2.2832099994e-01 8.4052847370e+01
1.2135158278e+00 2.2216577224e-01 8.4596641686e+01
1.3313740213e+00 2.3546106406e-01 8.4692553325e+01
1.3707630297e+00 2.3976972345e-01 8.4820412361e+01
1.2650362951e+00 2.2770547717e-01 8.5491263175e+01
1.3088396852e+00 2.3299897299e-01 8.4564667778e+01
1.4229181344e+00 2.4604805570e-01 8.3636644199e+01
1.0969292073e+00 2.0825495765e-01 8.5331596426e+01
1.4271133051e+00 2.4604805570e-01 8.4564667778e+01
1.2577905347e+00 2.2733616351e-01 8.4340802307e+01
1.2354644531e+00 2.2425854966e-01 8.5746657535e+01
1.3863255193e+00 2.4186250087e-01 8.3988837165e+01
1.2029623745e+00 2.2081162215e-01 8.4948245538e+01
1.2384794473e+00 2.2487407243e-01 8.4980199868e+01
1.2323245519e+00 2.2425854966e-01 8.4756486116e+01
1.3388750690e+00 2.3632279594e-01 8.4628613906e+01
1.2886160593e+00 2.3065998646e-01 8.4724520544e+01
1.2291369602e+00 2.2364302689e-01 8.5427400756e+01
1.3359609516e+00 2.3619969139e-01 8.4180845518e+01
1.3096914259e+00 2.3312207754e-01 8.4500714858e+01
1.3121376473e+00 2.3336828665e-01 8.4564667778e+01
1.3164155925e+00 2.3386070486e-01 8.4532692172e+01
1.3233678609e+00 2.3472243674e-01 8.4340802307e+01
1.2844786254e+00 2.3016756825e-01 8.4788450052e+01
1.2518636738e+00 2.2647443163e-01 8.4788450052e+01
1.2659607597e+00 2.2807479083e-01 8.4788450052e+01
1.2759809259e+00 2.2918273181e-01 8.4852373054e+01
1.4316848051e+00 2.4666357847e-01 8.4308814530e+01
1.2446898850e+00 2.2573580430e-01 8.4596641686e+01
1.3178586323e+00 2.3410691397e-01 8.4340802307e+01
1.3045689795e+00 2.3250655477e-01 8.4596641686e+01
1.3091614913e+00 2.3287586843e-01 8.4948245538e+01
1.3022257471e+00 2.3213724111e-01 8.4852373054e+01
1.1434379954e+00 2.1354845347e-01 8.5970057995e+01
1.2816595685e+00 2.2979825458e-01 8.4916289633e+01
1.2830370085e+00 2.3004446369e-01 8.4692553325e+01
1.4111891902e+00 2.4420148739e-01 8.4820412361e+01
1.3357757893e+00 2.3607658683e-01 8.4404772564e+01
1.3838132533e+00 2.4149318721e-01 8.4180845518e+01
1.3138445250e+00 2.3349139120e-01 8.4724520544e+01
1.3817126835e+00 2.4124697810e-01 8.4212840476e+01
1.3597263269e+00 2.3866178247e-01 8.4564667778e+01
1.3187005989e+00 2.3423001852e-01 8.4276824972e+01
1.2908030382e+00 2.3090619557e-01 8.4724520544e+01
1.3366227760e+00 2.3619969139e-01 8.4340802307e+01
1.3302685194e+00 2.3533795951e-01 8.4692553325e+01
1.1855525794e+00 2.1847263562e-01 8.5906235703e+01
1.2601884158e+00 2.2745926806e-01 8.4692553325e+01
1.3763938632e+00 2.4063145533e-01 8.4276824972e+01
1.3314809894e+00 2.3558416862e-01 8.4436755064e+01
1.3609305656e+00 2.3903109613e-01 8.4052847370e+01
1.2263818425e+00 2.2364302689e-01 8.4596641686e+01
1.3009100502e+00 2.3213724111e-01 8.4500714858e+01
1.4124041309e+00 2.4481701016e-01 8.3796761031e+01
1.2519798441e+00 2.2635132707e-01 8.5139948243e+01
1.3479950485e+00 2.3730763237e-01 8.4692553325e+01
1.2764141131e+00 2.2893652271e-01 8.5650894846e+01
1.3258864463e+00 2.3509175040e-01 8.4148848738e+01
1.1788176397e+00 2.1785711285e-01 8.5395467416e+01
1.2888494345e+00 2.3065998646e-01 8.4788450052e+01
1.2366322292e+00 2.2475096787e-01 8.4756486116e+01
1.3427478292e+00 2.3706142326e-01 8.3956829243e+01
1.4165582850e+00 2.4506321927e-01 8.4212840476e+01
1.3093777219e+00 2.3324518209e-01 8.4148848738e+01
1.1784967806e+00 2.1798021741e-01 8.4948245538e+01
1.3175167500e+00 2.3398380942e-01 8.4532692172e+01
1.3384409234e+00 2.3644590050e-01 8.4244833624e+01
1.2888302598e+00 2.3090619557e-01 8.4212840476e+01
1.3487079248e+00 2.3767694603e-01 8.4052847370e+01
1.2187711432e+00 2.2253508590e-01 8.5203836921e+01
1.2721388030e+00 2.2881341815e-01 8.4692553325e+01
1.2470842574e+00 2.2573580430e-01 8.5299658755e+01
1.2941333512e+00 2.3115240468e-01 8.5044103843e+01
1.2377099708e+00 2.2487407243e-01 8.4756486116e+01
1.2824296764e+00 2.2979825458e-01 8.5139948243e+01
1.4193751204e+00 2.4567874204e-01 8.3604614884e+01
1.3161056249e+00 2.3361449576e-01 8.5044103843e+01
1.2658715214e+00 2.2795168628e-01 8.5076053508e+01
1.3840327409e+00 2.4173939631e-01 8.3732720205e+01
1.3649114935e+00 2.3927730524e-01 8.4468735825e+01
1.1154098354e+00 2.1059394417e-01 8.4916289633e+01
1.2265285541e+00 2.2351992233e-01 8.4948245538e+01
1.2695599929e+00 2.2832099994e-01 8.5203836921e+01
1.1958134611e+00 2.2007299482e-01 8.4724520544e+01
1.2541415275e+00 2.2672064074e-01 8.4820412361e+01
1.3230273671e+00 2.3459933219e-01 8.4532692172e+01
1.3351749859e+00 2.3583037773e-01 8.4820412361e+01
1.2103983319e+00 2.2155024947e-01 8.5267719621e+01
1.3244724149e+00 2.3459933219e-01 8.4916289633e+01
1.4003473000e+00 2.4321665096e-01 8.4372788316e+01
1.3275519730e+00 2.3496864585e-01 8.4852373054e+01
1.3580980419e+00 2.3853867791e-01 8.4436755064e+01
1.1604113980e+00 2.1564123088e-01 8.5618971257e+01
1.2388260338e+00 2.2512028154e-01 8.4468735825e+01
1.2942436262e+00 2.3115240468e-01 8.5076053508e+01
1.2886160593e+00 2.3065998646e-01 8.4724520544e+01
1.2491279063e+00 2.2622822252e-01 8.4628613906e+01
1.2533371233e+00 2.2684374529e-01 8.4308814530e+01
1.3325554824e+00 2.3546106406e-01 8.5012152633e+01
1.2898394965e+00 2.3090619557e-01 8.4468735825e+01
1.3826787954e+00 2.4149318721e-01 8.3924819428e+01
1.3001466526e+00 2.3189103200e-01 8.4884332141e+01
1.2745482007e+00 2.2905962726e-01 8.4756486116e+01
1.3146052255e+00 2.3386070486e-01 8.4084849675e+01
1.3655244146e+00 2.3952351434e-01 8.4084849675e+01
1.4465718777e+00 2.4838704222e-01 8.4084849675e+01
1.3273886199e+00 2.3521485496e-01 8.4244833624e+01
1.2903325727e+00 2.3053688191e-01 8.5555119982e+01
1.3238830989e+00 2.3459933219e-01 8.4756486116e+01
1.2017637992e+00 2.2081162215e-01 8.4596641686e+01
1.3149391295e+00 2.3373760031e-01 8.4436755064e+01
1.2097915477e+00 2.2155024947e-01 8.5076053508e+01
1.2112622999e+00 2.2191956313e-01 8.4564667778e+01
1.3989603472e+00 2.4346286007e-01 8.3572583562e+01
1.3073653322e+00 2.3275276388e-01 8.4756486116e+01
1.2454879246e+00 2.2573580430e-01 8.4820412361e+01
1.3031034557e+00 2.3238345022e-01 8.4500714858e+01
1.2642381741e+00 2.2782858172e-01 8.4916289633e+01
1.3100612257e+00 2.3312207754e-01 8.4596641686e+01
1.1851705582e+00 2.1871884473e-01 8.5044103843e+01
1.2366419994e+00 2.2462786332e-01 8.5076053508e+01
1.3610431903e+00 2.3890799157e-01 8.4340802307e+01
1.2658463785e+00 2.2807479083e-01 8.4756486116e+01
1.2384412216e+00 2.2475096787e-01 8.5299658755e+01
1.2498146717e+00 2.2610511797e-01 8.5139948243e+01
1.2769734354e+00 2.2918273181e-01 8.5139948243e+01
1.1504828293e+00 2.1453328990e-01 8.5459332672e+01
1.3263375982e+00 2.3496864585e-01 8.4532692172e+01
1.2418212923e+00 2.2548959520e-01 8.4404772564e+01
1.3044538099e+00 2.3275276388e-01 8.4020843204e+01
1.3171405285e+00 2.3398380942e-01 8.4436755064e+01
1.3504448411e+00 2.3767694603e-01 8.4468735825e+01
1.2910153801e+00 2.3115240468e-01 8.4212840476e+01
1.2499192824e+00 2.2610511797e-01 8.5171893334e+01
1.2359793969e+00 2.2450475877e-01 8.5203836921e+01
1.2232750654e+00 2.2327371323e-01 8.4628613906e+01
1.3347980355e+00 2.3595348228e-01 8.4436755064e+01
1.4042985038e+00 2.4370906918e-01 8.4244833624e+01
1.4186751310e+00 2.4530942838e-01 8.4180845518e+01
1.3655425179e+00 2.3915420068e-01 8.4916289633e+01
1.2667418216e+00 2.2807479083e-01 8.5012152633e+01
1.3445389503e+00 2.3730763237e-01 8.3860794078e+01
1.1915494660e+00 2.1945747206e-01 8.5044103843e+01
1.3147045155e+00 2.3361449576e-01 8.4660584449e+01
1.2478715257e+00 2.2598201341e-01 8.4884332141e+01
1.3139647501e+00 2.3361449576e-01 8.4468735825e+01
1.3807295650e+00 2.4124697810e-01 8.3988837165e+01
1.2777130836e+00 2.2955204548e-01 8.4436755064e+01
1.3800191746e+00 2.4100076899e-01 8.4340802307e+01
1.2714259494e+00 2.2881341815e-01 8.4500714858e+01
1.2795280013e+00 2.2967515003e-01 8.4628613906e+01
1.2451500459e+00 2.2573580430e-01 8.4724520544e+01
1.2947842912e+00 2.3115240468e-01 8.5235779013e+01
1.3420573013e+00 2.3693831871e-01 8.4052847370e+01
1.3248555645e+00 2.3484554129e-01 8.4436755064e+01
1.2095839264e+00 2.2155024947e-01 8.5012152633e+01
1.2919898093e+00 2.3152171834e-01 8.3668671517e+01
1.4398579130e+00 2.4740220579e-01 8.4628613906e+01
1.3752837192e+00 2.4063145533e-01 8.4020843204e+01
1.2231664108e+00 2.2302750412e-01 8.5235779013e+01
1.2314706343e+00 2.2413544510e-01 8.4820412361e+01
1.3862834195e+00 2.4161629176e-01 8.4500714858e+01
1.2375099234e+00 2.2499717698e-01 8.4404772564e+01
1.4574171223e+00 2.4974119232e-01 8.3732720205e+01
1.2532719641e+00 2.2647443163e-01 8.5203836921e+01
1.2812039303e+00 2.2979825458e-01 8.4788450052e+01
1.3573032766e+00 2.3853867791e-01 8.4244833624e+01
1.3692427646e+00 2.3976972345e-01 8.4436755064e+01
1.3843024915e+00 2.4137008265e-01 8.4564667778e+01
1.2923934995e+00 2.3115240468e-01 8.4564667778e+01
1.3996596268e+00 2.4321665096e-01 8.4212840476e+01
1.2987179381e+00 2.3189103200e-01 8.4500714858e+01
1.3039521360e+00 2.3238345022e-01 8.4724520544e+01
1.3073653322e+00 2.3275276388e-01 8.4756486116e+01
1.3573131510e+00 2.3866178247e-01 8.3988837165e+01
1.3085429117e+00 2.3312207754e-01 8.4212840476e+01
1.3028545973e+00 2.3226034566e-01 8.4724520544e+01
1.3283600309e+00 2.3533795951e-01 8.4212840476e+01
1.2556206537e+00 2.2696684984e-01 8.4628613906e+01
1.2917789751e+00 2.3102930012e-01 8.4692553325e+01
1.2931483256e+00 2.3102930012e-01 8.5076053508e+01
1.3639892569e+00 2.3940040979e-01 8.3988837165e+01
1.2074451662e+00 2.2130404036e-01 8.5012152633e+01
1.3020299857e+00 2.3201413655e-01 8.5108001638e+01
1.3012436848e+00 2.3201413655e-01 8.4884332141e+01
1.1896248536e+00 2.1921126295e-01 8.5108001638e+01
1.2212650039e+00 2.2290439956e-01 8.4980199868e+01
1.3056667827e+00 2.3262965932e-01 8.4596641686e+01
1.2640174454e+00 2.2770547717e-01 8.5171893334e+01
1.3720754797e+00 2.4026214167e-01 8.4052847370e+01
1.3921544130e+00 2.4223181453e-01 8.4564667778e+01
1.2120349566e+00 2.2179645858e-01 8.5108001638e+01
1.2493587400e+00 2.2622822252e-01 8.4692553325e+01
1.2969716185e+00 2.3152171834e-01 8.4916289633e+01
1.3220317609e+00 2.3435312308e-01 8.4852373054e+01
1.3424198558e+00 2.3681521416e-01 8.4404772564e+01
1.2406000069e+00 2.2499717698e-01 8.5299658755e+01
1.2135913473e+00 2.2179645858e-01 8.5618971257e+01
1.2498121036e+00 2.2622822252e-01 8.4820412361e+01
1.3819322712e+00 2.4112387354e-01 8.4532692172e+01
1.3217427476e+00 2.3459933219e-01 8.4212840476e+01
1.3341483131e+00 2.3595348228e-01 8.4276824972e+01
1.3071273295e+00 2.3275276388e-01 8.4692553325e+01
1.3507691474e+00 2.3780005059e-01 8.4276824972e+01
1.2451713269e+00 2.2561269975e-01 8.5044103843e+01
1.3465942506e+00 2.3730763237e-01 8.4340802307e+01
1.1862328762e+00 2.1884194929e-01 8.5044103843e+01
1.3719343762e+00 2.4026214167e-01 8.4020843204e+01
1.3507044621e+00 2.3755384148e-01 8.4820412361e+01
1.2684044153e+00 2.2844410449e-01 8.4564667778e+01
1.3539192491e+00 2.3792315514e-01 8.4788450052e+01
1.3413379829e+00 2.3656900505e-01 8.4692553325e+01
1.2768422238e+00 2.2930583637e-01 8.4788450052e+01
1.2394194320e+00 2.2487407243e-01 8.5267719621e+01
1.2044667616e+00 2.2081162215e-01 8.5427400756e+01
1.2662313997e+00 2.2819789538e-01 8.4564667778e+01
1.2127945518e+00 2.2191956313e-01 8.5012152633e+01
1.3232382001e+00 2.3472243674e-01 8.4308814530e+01
1.3125036817e+00 2.3336828665e-01 8.4660584449e+01
1.4531021392e+00 2.4912566955e-01 8.4020843204e+01
1.3635731914e+00 2.3927730524e-01 8.4148848738e+01
1.2276035451e+00 2.2364302689e-01 8.4948245538e+01
1.3614381136e+00 2.3890799157e-01 8.4436755064e+01
1.2666323416e+00 2.2807479083e-01 8.4980199868e+01
1.2723707891e+00 2.2881341815e-01 8.4756486116e+01
1.1700594260e+00 2.1687227642e-01 8.5299658755e+01
1.3146637301e+00 2.3349139120e-01 8.4948245538e+01
1.2605322640e+00 2.2745926806e-01 8.4788450052e+01
1.2619551544e+00 2.2758237261e-01 8.4884332141e+01
1.1695745687e+00 2.1687227642e-01 8.5139948243e+01
1.3276509611e+00 2.3521485496e-01 8.4308814530e+01
1.4085227213e+00 2.4420148739e-01 8.4180845518e+01
1.2681645629e+00 2.2844410449e-01 8.4500714858e+01
1.3045689795e+00 2.3250655477e-01 8.4596641686e+01
1.2984676779e+00 2.3176792745e-01 8.4724520544e+01
1.2368512257e+00 2.2462786332e-01 8.5139948243e+01
1.3652319924e+00 2.3940040979e-01 8.4276824972e+01
1.1777436774e+00 2.1785711285e-01 8.5044103843e+01
1.2683664688e+00 2.2819789538e-01 8.5171893334e+01
1.2551119406e+00 2.2684374529e-01 8.4788450052e+01
1.2335125919e+00 2.2438165421e-01 8.4788450052e+01
1.3462596543e+00 2.3718452782e-01 8.4532692172e+01
1.2409821101e+00 2.2536649064e-01 8.4468735825e+01
1.3472421339e+00 2.3730763237e-01 8.4500714858e+01
1.3230273671e+00 2.3459933219e-01 8.4532692172e+01
1.2179129267e+00 2.2265819046e-01 8.4628613906e+01
1.3477286536e+00 2.3718452782e-01 8.4916289633e+01
1.2341679281e+00 2.2438165421e-01 8.4980199868e+01
1.2725137297e+00 2.2893652271e-01 8.4500714858e+01
1.4838054665e+00 2.5244949250e-01 8.3988837165e+01
1.3674618233e+00 2.3964661890e-01 8.4276824972e+01
1.2119866460e+00 2.2155024947e-01 8.5810492699e+01
1.3276509611e+00 2.3521485496e-01 8.4308814530e+01
1.2227622415e+00 2.2315060867e-01 8.4788450052e+01
1.4089001039e+00 2.4407838284e-01 8.4532692172e+01
1.3647810536e+00 2.3927730524e-01 8.4436755064e+01
1.1977724853e+00 2.2007299482e-01 8.5331596426e+01
1.3118899982e+00 2.3336828665e-01 8.4500714858e+01
1.2755214740e+00 2.2918273181e-01 8.4724520544e+01
1.2468803709e+00 2.2573580430e-01 8.5235779013e+01
1.2564689855e+00 2.2708995440e-01 8.4564667778e+01
1.5682703542e+00 2.6180543860e-01 8.3316259486e+01
1.3232382001e+00 2.3472243674e-01 8.4308814530e+01
1.3220644604e+00 2.3423001852e-01 8.5171893334e+01
1.1510364983e+00 2.1441018535e-01 8.6065782067e+01
1.2836286995e+00 2.3029067280e-01 8.4276824972e+01
1.3971033790e+00 2.4309354641e-01 8.3892807710e+01
1.3118812657e+00 2.3324518209e-01 8.4788450052e+01
1.2692217752e+00 2.2844410449e-01 8.4788450052e+01
1.2776667299e+00 2.2967515003e-01 8.4148848738e+01
1.3762091048e+00 2.4087766444e-01 8.3732720205e+01
1.3560025574e+00 2.3829246880e-01 8.4468735825e+01
1.3199320039e+00 2.3435312308e-01 8.4308814530e+01
1.3855592030e+00 2.4137008265e-01 8.4884332141e+01
1.2559507674e+00 2.2672064074e-01 8.5363532643e+01
1.2391222041e+00 2.2499717698e-01 8.4852373054e+01
1.3641832637e+00 2.3915420068e-01 8.4564667778e+01
1.2299681574e+00 2.2388923600e-01 8.5012152633e+01
1.1899244427e+00 2.1921126295e-01 8.5203836921e+01
1.3334345585e+00 2.3583037773e-01 8.4372788316e+01
1.3196365050e+00 2.3398380942e-01 8.5108001638e+01
1.3467612066e+00 2.3718452782e-01 8.4660584449e+01
1.3523154808e+00 2.3780005059e-01 8.4660584449e+01
1.2854699176e+00 2.3041377735e-01 8.4468735825e+01
1.2898265240e+00 2.3078309102e-01 8.4756486116e+01
1.2431036081e+00 2.2548959520e-01 8.4756486116e+01
1.3747276772e+00 2.4050835077e-01 8.4148848738e+01
1.2926894881e+00 2.3152171834e-01 8.3828778522e+01
1.1520107023e+00 2.1453328990e-01 8.6033875278e+01
1.2667019141e+00 2.2819789538e-01 8.4692553325e+01
1.2194339212e+00 2.2265819046e-01 8.5076053508e+01
1.3213430970e+00 2.3459933219e-01 8.4116850127e+01
1.2591397928e+00 2.2721305895e-01 8.5012152633e+01
1.3306298776e+00 2.3546106406e-01 8.4500714858e+01
1.3055194812e+00 2.3250655477e-01 8.4852373054e+01
1.2458195973e+00 2.2573580430e-01 8.4916289633e+01
1.2706977997e+00 2.2869031360e-01 8.4596641686e+01
1.3121156782e+00 2.3324518209e-01 8.4852373054e+01
1.2238357929e+00 2.2327371323e-01 8.4788450052e+01
1.1175996044e+00 2.1059394417e-01 8.5682817082e+01
1.2395581496e+00 2.2499717698e-01 8.4980199868e+01
1.2231608843e+00 2.2327371323e-01 8.4596641686e+01
1.1621517007e+00 2.1576433544e-01 8.5874322654e+01
1.2889915874e+00 2.3078309102e-01 8.4532692172e+01
1.1733040281e+00 2.1736469464e-01 8.4980199868e+01
1.1567083789e+00 2.1527191722e-01 8.5427400756e+01
1.3467647699e+00 2.3743073693e-01 8.4116850127e+01
1.2310443137e+00 2.2401234055e-01 8.5012152633e+01
1.3055446283e+00 2.3262965932e-01 8.4564667778e+01
1.3630034343e+00 2.3915420068e-01 8.4276824972e+01
1.1707304804e+00 2.1699538098e-01 8.5171893334e+01
1.2672742835e+00 2.2819789538e-01 8.4852373054e+01
1.2441833209e+00 2.2561269975e-01 8.4756486116e+01
1.2050265374e+00 2.2081162215e-01 8.5618971257e+01
1.3107812774e+00 2.3312207754e-01 8.4788450052e+01
1.3263375982e+00 2.3496864585e-01 8.4532692172e+01
1.2738023093e+00 2.2893652271e-01 8.4852373054e+01
1.3801772519e+00 2.4112387354e-01 8.4116850127e+01
1.3890456342e+00 2.4186250087e-01 8.4628613906e+01
1.2713105883e+00 2.2856720904e-01 8.5076053508e+01
1.2916602219e+00 2.3102930012e-01 8.4660584449e+01
1.2447391015e+00 2.2561269975e-01 8.4916289633e+01
1.3238791848e+00 2.3472243674e-01 8.4468735825e+01
1.2238319420e+00 2.2315060867e-01 8.5108001638e+01
1.2784871591e+00 2.2930583637e-01 8.5267719621e+01
1.2853466579e+00 2.3041377735e-01 8.4436755064e+01
1.2891941554e+00 2.3065998646e-01 8.4884332141e+01
1.3383204924e+00 2.3656900505e-01 8.3956829243e+01
1.3382459991e+00 2.3632279594e-01 8.4468735825e+01
1.2780640321e+00 2.2930583637e-01 8.5139948243e+01
1.3047672346e+00 2.3226034566e-01 8.5267719621e+01
1.2396654210e+00 2.2499717698e-01 8.5012152633e+01
1.2623582756e+00 2.2770547717e-01 8.4692553325e+01
1.2573144753e+00 2.2721305895e-01 8.4500714858e+01
1.2521990544e+00 2.2647443163e-01 8.4884332141e+01
1.3365361359e+00 2.3607658683e-01 8.4596641686e+01
1.2831542936e+00 2.3004446369e-01 8.4724520544e+01
1.2223384328e+00 2.2302750412e-01 8.4980199868e+01
1.2568328021e+00 2.2684374529e-01 8.5299658755e+01
1.2274958811e+00 2.2364302689e-01 8.4916289633e+01
1.2211585493e+00 2.2290439956e-01 8.4948245538e+01
1.3205737430e+00 2.3423001852e-01 8.4756486116e+01
1.2729384386e+00 2.2881341815e-01 8.4916289633e+01
1.3390098057e+00 2.3656900505e-01 8.4116850127e+01
1.2609227709e+00 2.2758237261e-01 8.4596641686e+01
1.3754251481e+00 2.4063145533e-01 8.4052847370e+01
1.4143232990e+00 2.4457080105e-01 8.4756486116e+01
1.2435345423e+00 2.2536649064e-01 8.5203836921e+01
1.1750624363e+00 2.1748779919e-01 8.5203836921e+01
1.2908858041e+00 2.3115240468e-01 8.4180845518e+01
1.2708726539e+00 2.2856720904e-01 8.4948245538e+01
1.3182417112e+00 2.3410691397e-01 8.4436755064e+01
1.2727543580e+00 2.2893652271e-01 8.4564667778e+01
1.2855924656e+00 2.3041377735e-01 8.4500714858e+01
1.2681344437e+00 2.2832099994e-01 8.4788450052e+01
1.3413117108e+00 2.3669210960e-01 8.4404772564e+01
1.2731100154e+00 2.2893652271e-01 8.4660584449e+01
1.2614990298e+00 2.2782858172e-01 8.4180845518e+01
1.2109644892e+00 2.2167335403e-01 8.5108001638e+01
1.2961017011e+00 2.3139861378e-01 8.4980199868e+01
1.3829694919e+00 2.4137008265e-01 8.4244833624e+01
1.3359910711e+00 2.3583037773e-01 8.5044103843e+01
1.3126868969e+00 2.3373760031e-01 8.3892807710e+01
1.2830857369e+00 2.2992135914e-01 8.5012152633e+01
1.2966499342e+00 2.3164482289e-01 8.4532692172e+01
1.2374010739e+00 2.2475096787e-01 8.4980199868e+01
1.4296464480e+00 2.4666357847e-01 8.3860794078e+01
1.3653021488e+00 2.3915420068e-01 8.4852373054e+01
1.3357992402e+00 2.3595348228e-01 8.4692553325e+01
1.2458859548e+00 2.2585890886e-01 8.4628613906e+01
1.2050041946e+00 2.2068851759e-01 8.6001967257e+01
1.4083641137e+00 2.4407838284e-01 8.4404772564e+01
1.1942221285e+00 2.1982678572e-01 8.4884332141e+01
1.2747777415e+00 2.2905962726e-01 8.4820412361e+01
1.3200587301e+00 2.3410691397e-01 8.4916289633e+01
1.2161471842e+00 2.2216577224e-01 8.5395467416e+01
1.2722551480e+00 2.2881341815e-01 8.4724520544e+01
1.3046604803e+00 2.3226034566e-01 8.5235779013e+01
1.3910502493e+00 2.4247802364e-01 8.3796761031e+01
1.2979647881e+00 2.3189103200e-01 8.4308814530e+01
1.3975411444e+00 2.4309354641e-01 8.3988837165e+01
1.2641781771e+00 2.2795168628e-01 8.4596641686e+01
1.3402524434e+00 2.3669210960e-01 8.4148848738e+01
1.3399437200e+00 2.3656900505e-01 8.4340802307e+01
1.3978291267e+00 2.4309354641e-01 8.4052847370e+01
1.3103750604e+00 2.3299897299e-01 8.4980199868e+01
1.2906844794e+00 2.3102930012e-01 8.4404772564e+01
1.2545377108e+00 2.2684374529e-01 8.4628613906e+01
1.3032375108e+00 2.3213724111e-01 8.5139948243e+01
1.2250198756e+00 2.2339681778e-01 8.4820412361e+01
1.3420750330e+00 2.3669210960e-01 8.4596641686e+01
1.2682604024e+00 2.2819789538e-01 8.5139948243e+01
1.4080914624e+00 2.4407838284e-01 8.4340802307e+01
1.2593337191e+00 2.2733616351e-01 8.4756486116e+01
1.3005416957e+00 2.3201413655e-01 8.4692553325e+01
1.3063474491e+00 2.3287586843e-01 8.4212840476e+01
1.3287744824e+00 2.3509175040e-01 8.4884332141e+01
1.2285423349e+00 2.2401234055e-01 8.4308814530e+01
1.2577266956e+00 2.2708995440e-01 8.4916289633e+01
1.2645294419e+00 2.2795168628e-01 8.4692553325e+01
1.3801772519e+00 2.4112387354e-01 8.4116850127e+01
1.2860275273e+00 2.3016756825e-01 8.5235779013e+01
1.3680172068e+00 2.3989282800e-01 8.3892807710e+01
1.2992428647e+00 2.3213724111e-01 8.4084849675e+01
1.2511166805e+00 2.2635132707e-01 8.4884332141e+01
1.1610178272e+00 2.1576433544e-01 8.5459332672e+01
1.3615682517e+00 2.3890799157e-01 8.4468735825e+01
1.2805682877e+00 2.2967515003e-01 8.4916289633e+01
1.3156838417e+00 2.3373760031e-01 8.4628613906e+01
1.2104433264e+00 2.2167335403e-01 8.4948245538e+01
1.2093281074e+00 2.2142714492e-01 8.5267719621e+01
1.2687628356e+00 2.2856720904e-01 8.4372788316e+01
1.3072443862e+00 2.3287586843e-01 8.4436755064e+01
1.2923934995e+00 2.3115240468e-01 8.4564667778e+01
1.3182495334e+00 2.3398380942e-01 8.4724520544e+01
1.2383332430e+00 2.2462786332e-01 8.5618971257e+01
1.2678291329e+00 2.2819789538e-01 8.5012152633e+01
1.2054400249e+00 2.2093472670e-01 8.5395467416e+01
1.3738275933e+00 2.4063145533e-01 8.3700696849e+01
1.2768422238e+00 2.2930583637e-01 8.4788450052e+01
1.2750044631e+00 2.2905962726e-01 8.4884332141e+01
1.2437679341e+00 2.2548959520e-01 8.4948245538e+01
1.2895914724e+00 2.3090619557e-01 8.4404772564e+01
1.1710834273e+00 2.1724159008e-01 8.4628613906e+01
1.2286788658e+00 2.2376613144e-01 8.4948245538e+01
1.3659389787e+00 2.3952351434e-01 8.4180845518e+01
1.3107905507e+00 2.3324518209e-01 8.4500714858e+01
1.2940902116e+00 2.3139861378e-01 8.4436755064e+01
1.4299719171e+00 2.4641736936e-01 8.4436755064e+01
1.2996639064e+00 2.3226034566e-01 8.3924819428e+01
1.2993824106e+00 2.3164482289e-01 8.5299658755e+01
1.2198441819e+00 2.2265819046e-01 8.5203836921e+01
1.2358881570e+00 2.2462786332e-01 8.4852373054e+01
1.4492369299e+00 2.4875635589e-01 8.3924819428e+01
1.2940349981e+00 2.3152171834e-01 8.4148848738e+01
1.3859139015e+00 2.4173939631e-01 8.4148848738e+01
1.2385618346e+00 2.2499717698e-01 8.4692553325e+01
1.3057594549e+00 2.3238345022e-01 8.5235779013e+01
1.2561113568e+00 2.2708995440e-01 8.4468735825e+01
1.1659255927e+00 2.1637985821e-01 8.5331596426e+01
1.3913595339e+00 2.4223181453e-01 8.4372788316e+01
1.3912243687e+00 2.4223181453e-01 8.4340802307e+01
1.2654990323e+00 2.2807479083e-01 8.4660584449e+01
1.2421365737e+00 2.2536649064e-01 8.4788450052e+01
1.1411197540e+00 2.1342534891e-01 8.5491263175e+01
1.3783566547e+00 2.4087766444e-01 8.4212840476e+01
1.3905182319e+00 2.4235491908e-01 8.3924819428e+01
1.2445116684e+00 2.2548959520e-01 8.5171893334e+01
1.2551243305e+00 2.2672064074e-01 8.5108001638e+01
1.2671982661e+00 2.2832099994e-01 8.4532692172e+01
1.2873678916e+00 2.3090619557e-01 8.3860794078e+01
1.2681363473e+00 2.2856720904e-01 8.4212840476e+01
1.3096816121e+00 2.3299897299e-01 8.4788450052e+01
1.1982459551e+00 2.2019609938e-01 8.5139948243e+01
1.2566425941e+00 2.2696684984e-01 8.4916289633e+01
1.4237497329e+00 2.4592495115e-01 8.4052847370e+01
1.3134570423e+00 2.3361449576e-01 8.4340802307e+01
1.2619551544e+00 2.2758237261e-01 8.4884332141e+01
1.2840670358e+00 2.3004446369e-01 8.4980199868e+01
1.2544753731e+00 2.2672064074e-01 8.4916289633e+01
1.3365239055e+00 2.3632279594e-01 8.4052847370e+01
1.2803792921e+00 2.2979825458e-01 8.4564667778e+01
1.2728263160e+00 2.2881341815e-01 8.4884332141e+01
1.2316900844e+00 2.2413544510e-01 8.4884332141e+01
1.2847084137e+00 2.3016756825e-01 8.4852373054e+01
1.2750044631e+00 2.2905962726e-01 8.4884332141e+01
1.3488574897e+00 2.3743073693e-01 8.4628613906e+01
1.3625823105e+00 2.3890799157e-01 8.4724520544e+01
1.3391215238e+00 2.3632279594e-01 8.4692553325e+01
1.2883202519e+00 2.3041377735e-01 8.5267719621e+01
1.3653663026e+00 2.3940040979e-01 8.4308814530e+01
1.2889915874e+00 2.3078309102e-01 8.4532692172e+01
1.3356910477e+00 2.3619969139e-01 8.4116850127e+01
1.3090606075e+00 2.3312207754e-01 8.4340802307e+01
1.3794750139e+00 2.4100076899e-01 8.4212840476e+01
1.2518636738e+00 2.2647443163e-01 8.4788450052e+01
1.2617393435e+00 2.2745926806e-01 8.5139948243e+01
1.2473109265e+00 2.2598201341e-01 8.4724520544e+01
1.1593709758e+00 2.1576433544e-01 8.4916289633e+01
1.2051489018e+00 2.2093472670e-01 8.5299658755e+01
1.3754762118e+00 2.4038524622e-01 8.4596641686e+01
1.3926902689e+00 2.4272423274e-01 8.3668671517e+01
1.2210514182e+00 2.2290439956e-01 8.4916289633e+01
1.3959099065e+00 2.4247802364e-01 8.4948245538e+01
1.3642517609e+00 2.3927730524e-01 8.4308814530e+01
1.2878717717e+00 2.3053688191e-01 8.4820412361e+01
1.3023743426e+00 2.3226034566e-01 8.4596641686e+01
1.2847084137e+00 2.3016756825e-01 8.4852373054e+01
1.3776598467e+00 2.4087766444e-01 8.4052847370e+01
1.3136051700e+00 2.3398380942e-01 8.3604614884e+01
1.4094733473e+00 2.4444769650e-01 8.3892807710e+01
1.4384439523e+00 2.4777151945e-01 8.3572583562e+01
1.3203334709e+00 2.3423001852e-01 8.4692553325e+01
1.2936087358e+00 2.3127550923e-01 8.4596641686e+01
1.2622420758e+00 2.2770547717e-01 8.4660584449e+01
1.1722708923e+00 2.1711848553e-01 8.5331596426e+01
1.4006980247e+00 2.4358596462e-01 8.3700696849e+01
1.3602295723e+00 2.3866178247e-01 8.4692553325e+01
1.1602338924e+00 2.1564123088e-01 8.5555119982e+01
1.2623958435e+00 2.2758237261e-01 8.5012152633e+01
1.2246872348e+00 2.2339681778e-01 8.4724520544e+01
1.3199675946e+00 2.3423001852e-01 8.4596641686e+01
1.2691352214e+00 2.2881341815e-01 8.3924819428e+01
1.1847579914e+00 2.1871884473e-01 8.4916289633e+01
1.4289751688e+00 2.4629426481e-01 8.4468735825e+01
1.3931467215e+00 2.4235491908e-01 8.4532692172e+01
1.3027950258e+00 2.3213724111e-01 8.5012152633e+01
1.2587001760e+00 2.2721305895e-01 8.4884332141e+01
1.3080136196e+00 2.3312207754e-01 8.4084849675e+01
1.2674885848e+00 2.2807479083e-01 8.5235779013e+01
1.2641781771e+00 2.2795168628e-01 8.4596641686e+01
1.2409572001e+00 2.2512028154e-01 8.5076053508e+01
1.2353522337e+00 2.2450475877e-01 8.5012152633e+01
1.3086734226e+00 2.3312207754e-01 8.4244833624e+01
1.1832736258e+00 2.1859574018e-01 8.4788450052e+01
1.2618892833e+00 2.2770547717e-01 8.4564667778e+01
1.3938730155e+00 2.4247802364e-01 8.4436755064e+01
1.2791549546e+00 2.2942894092e-01 8.5139948243e+01
1.1987994527e+00 2.2031920393e-01 8.4980199868e+01
1.2510568622e+00 2.2647443163e-01 8.4564667778e+01
1.4211871951e+00 2.4543253293e-01 8.4500714858e+01
1.3131140536e+00 2.3349139120e-01 8.4532692172e+01
1.2637000225e+00 2.2795168628e-01 8.4468735825e+01
1.3725923883e+00 2.4013903711e-01 8.4436755064e+01
1.3500931188e+00 2.3780005059e-01 8.4116850127e+01
1.1105815216e+00 2.0985531685e-01 8.5395467416e+01
1.2468803709e+00 2.2573580430e-01 8.5235779013e+01
1.1803039300e+00 2.1822642652e-01 8.4852373054e+01
1.2897544486e+00 2.3065998646e-01 8.5044103843e+01
1.3179870543e+00 2.3410691397e-01 8.4372788316e+01
1.2734593320e+00 2.2893652271e-01 8.4756486116e+01
1.2397588018e+00 2.2536649064e-01 8.4148848738e+01
1.2821038775e+00 2.2979825458e-01 8.5044103843e+01
1.3706768101e+00 2.4013903711e-01 8.3988837165e+01
1.3656633576e+00 2.3952351434e-01 8.4116850127e+01
1.2622867179e+00 2.2758237261e-01 8.4980199868e+01
1.2741422475e+00 2.2930583637e-01 8.4084849675e+01
1.3409310086e+00 2.3693831871e-01 8.3796761031e+01
1.2247987940e+00 2.2339681778e-01 8.4756486116e+01
1.3039514791e+00 2.3250655477e-01 8.4436755064e+01
1.2450360404e+00 2.2573580430e-01 8.4692553325e+01
1.2492812565e+00 2.2610511797e-01 8.4980199868e+01
1.3663204355e+00 2.3976972345e-01 8.3764741596e+01
1.3568548373e+00 2.3841557336e-01 8.4404772564e+01
1.3790331906e+00 2.4112387354e-01 8.3860794078e+01
1.4223181676e+00 2.4555563748e-01 8.4500714858e+01
1.2716663836e+00 2.2881341815e-01 8.4564667778e+01
1.3141682374e+00 2.3373760031e-01 8.4244833624e+01
1.3102869462e+00 2.3324518209e-01 8.4372788316e+01
1.3077446237e+00 2.3312207754e-01 8.4020843204e+01
1.3011557424e+00 2.3213724111e-01 8.4564667778e+01
1.2815467212e+00 2.2979825458e-01 8.4884332141e+01
1.2643488746e+00 2.2782858172e-01 8.4948245538e+01
1.3348551283e+00 2.3607658683e-01 8.4180845518e+01
1.2449213451e+00 2.2573580430e-01 8.4660584449e+01
1.3723554107e+00 2.4026214167e-01 8.4116850127e+01
1.2470096895e+00 2.2585890886e-01 8.4948245538e+01
1.2754494499e+00 2.2905962726e-01 8.5012152633e+01
1.2307845955e+00 2.2376613144e-01 8.5618971257e+01
1.3402524434e+00 2.3669210960e-01 8.4148848738e+01
1.3723330562e+00 2.4038524622e-01 8.3860794078e+01
1.3590803930e+00 2.3866178247e-01 8.4404772564e+01
1.2921493691e+00 2.3115240468e-01 8.4500714858e+01
1.2687589258e+00 2.2844410449e-01 8.4660584449e+01
1.3163684181e+00 2.3398380942e-01 8.4244833624e+01
1.1294919396e+00 2.1194809427e-01 8.5842408323e+01
1.1593077918e+00 2.1564123088e-01 8.5235779013e+01
1.4152678388e+00 2.4481701016e-01 8.4436755064e+01
1.2185254212e+00 2.2278129501e-01 8.4500714858e+01
1.3904232176e+00 2.4198560542e-01 8.4692553325e+01
1.2932017956e+00 2.3139861378e-01 8.4212840476e+01
1.2274611669e+00 2.2339681778e-01 8.5587046306e+01
1.2741389488e+00 2.2893652271e-01 8.4948245538e+01
1.3168860725e+00 2.3398380942e-01 8.4372788316e+01
1.2909202694e+00 2.3090619557e-01 8.4756486116e+01
1.3291968678e+00 2.3546106406e-01 8.4148848738e+01
1.2383402869e+00 2.2475096787e-01 8.5267719621e+01
1.3563864742e+00 2.3816936425e-01 8.4852373054e+01
1.3586838287e+00 2.3866178247e-01 8.4308814530e+01
1.3248667119e+00 2.3472243674e-01 8.4724520544e+01
1.3299000441e+00 2.3533795951e-01 8.4596641686e+01
1.2352153146e+00 2.2462786332e-01 8.4660584449e+01
1.2988409480e+00 2.3189103200e-01 8.4532692172e+01
1.3591107385e+00 2.3890799157e-01 8.3892807710e+01
1.2709831909e+00 2.2856720904e-01 8.4980199868e+01
1.2701137793e+00 2.2844410449e-01 8.5044103843e+01
1.3308808655e+00 2.3546106406e-01 8.4564667778e+01
1.2441833209e+00 2.2561269975e-01 8.4756486116e+01
1.2535803345e+00 2.2647443163e-01 8.5299658755e+01
1.3660756568e+00 2.3952351434e-01 8.4212840476e+01
1.3233678609e+00 2.3472243674e-01 8.4340802307e+01
1.3408332729e+00 2.3644590050e-01 8.4852373054e+01
1.2821793971e+00 2.2992135914e-01 8.4756486116e+01
1.4195870789e+00 2.4518632382e-01 8.4660584449e+01
1.2913998147e+00 2.3115240468e-01 8.4308814530e+01
1.3655425179e+00 2.3915420068e-01 8.4916289633e+01
1.4100695994e+00 2.4432459195e-01 8.4276824972e+01
1.3210337477e+00 2.3447622763e-01 8.4308814530e+01
1.2924764993e+00 2.3102930012e-01 8.4884332141e+01
1.2402571834e+00 2.2524338609e-01 8.4564667778e+01
1.2535712362e+00 2.2672064074e-01 8.4660584449e+01
1.3760763207e+00 2.4050835077e-01 8.4468735825e+01
1.3609305656e+00 2.3903109613e-01 8.4052847370e+01
1.2591039761e+00 2.2733616351e-01 8.4692553325e+01
1.3341146091e+00 2.3558416862e-01 8.5139948243e+01
1.2461379092e+00 2.2598201341e-01 8.4404772564e+01
1.2932577990e+00 2.3102930012e-01 8.5108001638e+01
1.2702173192e+00 2.2869031360e-01 8.4468735825e+01
1.3281668317e+00 2.3521485496e-01 8.4436755064e+01
1.2435492455e+00 2.2548959520e-01 8.4884332141e+01
1.3810032668e+00 2.4112387354e-01 8.4308814530e+01
1.3406552290e+00 2.3669210960e-01 8.4244833624e+01
1.1791046506e+00 2.1798021741e-01 8.5139948243e+01
1.2979535598e+00 2.3164482289e-01 8.4884332141e+01
1.3623333026e+00 2.3890799157e-01 8.4660584449e+01
1.3428708146e+00 2.3693831871e-01 8.4244833624e+01
1.3333404960e+00 2.3570727317e-01 8.4628613906e+01
1.3197084378e+00 2.3410691397e-01 8.4820412361e+01
1.3254439381e+00 2.3496864585e-01 8.4308814530e+01
1.3006614795e+00 2.3213724111e-01 8.4436755064e+01
1.2806098150e+00 2.2992135914e-01 8.4340802307e+01
1.2766109006e+00 2.2930583637e-01 8.4724520544e+01
1.2985431950e+00 2.3201413655e-01 8.4180845518e+01
1.3168668855e+00 2.3373760031e-01 8.4948245538e+01
1.3129897681e+00 2.3349139120e-01 8.4500714858e+01
1.3447473915e+00 2.3681521416e-01 8.5012152633e+01
1.3212770668e+00 2.3423001852e-01 8.4948245538e+01
1.3752762464e+00 2.4050835077e-01 8.4276824972e+01
1.3359609516e+00 2.3619969139e-01 8.4180845518e+01
1.3493342562e+00 2.3755384148e-01 8.4468735825e+01
1.2871679353e+00 2.3053688191e-01 8.4628613906e+01
1.3143379016e+00 2.3361449576e-01 8.4564667778e+01
1.3346542820e+00 2.3570727317e-01 8.4980199868e+01
1.2558526187e+00 2.2696684984e-01 8.4692553325e+01
1.2745482007e+00 2.2905962726e-01 8.4756486116e+01
1.2482775733e+00 2.2610511797e-01 8.4692553325e+01
1.2923620301e+00 2.3102930012e-01 8.4852373054e+01
1.3838132533e+00 2.4149318721e-01 8.4180845518e+01
1.3412239110e+00 2.3681521416e-01 8.4116850127e+01
1.2025142278e+00 2.2068851759e-01 8.5139948243e+01
1.2406371807e+00 2.2512028154e-01 8.4980199868e+01
1.3179870543e+00 2.3410691397e-01 8.4372788316e+01
1.4261571111e+00 2.4617116025e-01 8.4084849675e+01
1.3308808655e+00 2.3546106406e-01 8.4564667778e+01
1.1872955276e+00 2.1896505384e-01 8.5044103843e+01
1.2570385332e+00 2.2733616351e-01 8.4148848738e+01
1.4411320649e+00 2.4789462401e-01 8.3892807710e+01
1.2470096895e+00 2.2585890886e-01 8.4948245538e+01
1.3515557457e+00 2.3780005059e-01 8.4468735825e+01
1.2996384013e+00 2.3213724111e-01 8.4180845518e+01
1.1930103199e+00 2.1945747206e-01 8.5523192275e+01
1.2739152266e+00 2.2893652271e-01 8.4884332141e+01
1.3183062715e+00 2.3423001852e-01 8.4180845518e+01
1.2848222430e+00 2.3016756825e-01 8.4884332141e+01
1.2929913146e+00 2.3115240468e-01 8.4724520544e+01
1.2937291097e+00 2.3127550923e-01 8.4628613906e+01
1.2803420669e+00 2.2967515003e-01 8.4852373054e+01
1.4692238674e+00 2.5084913330e-01 8.4052847370e+01
1.3070494510e+00 2.3299897299e-01 8.4116850127e+01
1.2625831998e+00 2.2795168628e-01 8.4180845518e+01
1.2527188649e+00 2.2659753618e-01 8.4724520544e+01
1.2125590448e+00 2.2204266769e-01 8.4628613906e+01
1.3275664836e+00 2.3509175040e-01 8.4564667778e+01
1.3172226069e+00 2.3423001852e-01 8.3924819428e+01
1.2392240685e+00 2.2475096787e-01 8.5555119982e+01
1.3361047106e+00 2.3583037773e-01 8.5076053508e+01
1.2528979776e+00 2.2635132707e-01 8.5427400756e+01
1.2687837321e+00 2.2819789538e-01 8.5299658755e+01
1.3819867066e+00 2.4124697810e-01 8.4276824972e+01
1.2644588762e+00 2.2782858172e-01 8.4980199868e+01
1.3131140536e+00 2.3349139120e-01 8.4532692172e+01
1.3766831153e+00 2.4075455988e-01 8.4084849675e+01
1.3516113809e+00 2.3792315514e-01 8.4212840476e+01
1.2263851769e+00 2.2327371323e-01 8.5587046306e+01
1.3454850292e+00 2.3718452782e-01 8.4340802307e+01
1.2762586199e+00 2.2930583637e-01 8.4628613906e+01
1.2295164014e+00 2.2376613144e-01 8.5203836921e+01
1.2779321623e+00 2.2942894092e-01 8.4788450052e+01
1.3552135146e+00 2.3829246880e-01 8.4276824972e+01
1.2948935103e+00 2.3127550923e-01 8.4948245538e+01
1.3120141854e+00 2.3336828665e-01 8.4532692172e+01
1.3554795238e+00 2.3829246880e-01 8.4340802307e+01
1.2490630539e+00 2.2610511797e-01 8.4916289633e+01
1.2158536245e+00 2.2216577224e-01 8.5299658755e+01
1.3663467488e+00 2.3952351434e-01 8.4276824972e+01
1.1762193035e+00 2.1761090375e-01 8.5235779013e+01
1.2864736818e+00 2.3029067280e-01 8.5044103843e+01
1.2241640889e+00 2.2327371323e-01 8.4884332141e+01
1.2777392798e+00 2.2930583637e-01 8.5044103843e+01
1.3150039395e+00 2.3349139120e-01 8.5044103843e+01
1.1822873635e+00 2.1834953107e-01 8.5139948243e+01
1.3388364184e+00 2.3644590050e-01 8.4340802307e+01
1.1968404597e+00 2.1982678572e-01 8.5746657535e+01
1.2745779450e+00 2.2893652271e-01 8.5076053508e+01
1.1873971974e+00 2.1896505384e-01 8.5076053508e+01
1.2814995166e+00 2.3016756825e-01 8.4020843204e+01
1.2394232432e+00 2.2524338609e-01 8.4340802307e+01
1.3340161552e+00 2.3595348228e-01 8.4244833624e+01
1.3071773653e+00 2.3250655477e-01 8.5331596426e+01
1.2411689961e+00 2.2524338609e-01 8.4820412361e+01
1.4408275558e+00 2.4789462401e-01 8.3828778522e+01
1.3567236030e+00 2.3841557336e-01 8.4372788316e+01
1.2646640358e+00 2.2807479083e-01 8.4436755064e+01
1.2592191961e+00 2.2733616351e-01 8.4724520544e+01
1.2962229395e+00 2.3176792745e-01 8.4148848738e+01
1.3634034851e+00 2.3915420068e-01 8.4372788316e+01
1.2974209353e+00 2.3152171834e-01 8.5044103843e+01
1.3135687712e+00 2.3324518209e-01 8.5267719621e+01
1.3353045366e+00 2.3595348228e-01 8.4564667778e+01
1.2848465010e+00 2.3041377735e-01 8.4308814530e+01
1.3438554624e+00 2.3718452782e-01 8.3956829243e+01
1.4244460284e+00 2.4580184659e-01 8.4468735825e+01
1.2924764993e+00 2.3102930012e-01 8.4884332141e+01
1.4343273772e+00 2.4715599669e-01 8.3892807710e+01
1.3666388551e+00 2.3964661890e-01 8.4084849675e+01
1.3044127497e+00 2.3262965932e-01 8.4276824972e+01
1.4924507019e+00 2.5331122438e-01 8.4116850127e+01
1.2681344437e+00 2.2832099994e-01 8.4788450052e+01
1.3384409234e+00 2.3644590050e-01 8.4244833624e+01
1.1668875215e+00 2.1650296276e-01 8.5299658755e+01
1.2916525272e+00 2.3115240468e-01 8.4372788316e+01
1.1834863046e+00 2.1859574018e-01 8.4852373054e+01
1.3403518077e+00 2.3644590050e-01 8.4724520544e+01
1.2721475010e+00 2.2893652271e-01 8.4404772564e+01
1.4268730813e+00 2.4617116025e-01 8.4244833624e+01
1.2481625964e+00 2.2610511797e-01 8.4660584449e+01
1.3689872703e+00 2.4001593256e-01 8.3860794078e+01
1.2785551595e+00 2.2967515003e-01 8.4372788316e+01
1.3599298194e+00 2.3878488702e-01 8.4340802307e+01
1.2253156307e+00 2.2327371323e-01 8.5235779013e+01
1.4137296010e+00 2.4469390561e-01 8.4340802307e+01
1.3276509611e+00 2.3521485496e-01 8.4308814530e+01
1.3163978548e+00 2.3410691397e-01 8.3988837165e+01
1.2696103808e+00 2.2856720904e-01 8.4596641686e+01
1.2871679353e+00 2.3053688191e-01 8.4628613906e+01
1.2683614723e+00 2.2832099994e-01 8.4852373054e+01
1.2928731811e+00 2.3115240468e-01 8.4692553325e+01
1.3280930731e+00 2.3533795951e-01 8.4148848738e+01
1.2144822973e+00 2.2204266769e-01 8.5203836921e+01
1.2064801689e+00 2.2118093581e-01 8.5044103843e+01
1.2164227847e+00 2.2228887680e-01 8.5139948243e+01
1.3743393358e+00 2.4075455988e-01 8.3572583562e+01
1.3251084980e+00 2.3484554129e-01 8.4500714858e+01
1.2562083059e+00 2.2684374529e-01 8.5108001638e+01
1.3236249866e+00 2.3472243674e-01 8.4404772564e+01
1.3314054195e+00 2.3570727317e-01 8.4148848738e+01
1.3168860725e+00 2.3398380942e-01 8.4372788316e+01
1.2984697627e+00 2.3189103200e-01 8.4436755064e+01
1.3297757503e+00 2.3533795951e-01 8.4564667778e+01
1.2857073275e+00 2.3016756825e-01 8.5139948243e+01
1.3551529815e+00 2.3804625970e-01 8.4820412361e+01
1.2821539282e+00 2.3016756825e-01 8.4180845518e+01
1.4190841678e+00 2.4543253293e-01 8.4020843204e+01
1.2545852671e+00 2.2672064074e-01 8.4948245538e+01
1.2593337191e+00 2.2733616351e-01 8.4756486116e+01
1.2673177445e+00 2.2832099994e-01 8.4564667778e+01
1.2011664558e+00 2.2044230849e-01 8.5395467416e+01
1.3074450191e+00 2.3299897299e-01 8.4212840476e+01
1.2163201379e+00 2.2228887680e-01 8.5108001638e+01
1.3600854974e+00 2.3853867791e-01 8.4948245538e+01
1.2991642455e+00 2.3176792745e-01 8.4916289633e+01
1.2720217542e+00 2.2881341815e-01 8.4660584449e+01
1.1370156994e+00 2.1293293070e-01 8.5523192275e+01
1.2930381386e+00 2.3102930012e-01 8.5044103843e+01
1.3295249592e+00 2.3533795951e-01 8.4500714858e+01
1.3274338314e+00 2.3496864585e-01 8.4820412361e+01
1.3593410173e+00 2.3866178247e-01 8.4468735825e+01
1.4643530182e+00 2.5035671509e-01 8.3988837165e+01
1.2752875149e+00 2.2918273181e-01 8.4660584449e+01
1.2433278037e+00 2.2548959520e-01 8.4820412361e+01
1.2315669340e+00 2.2401234055e-01 8.5171893334e+01
1.2857273171e+00 2.3065998646e-01 8.3988837165e+01
1.2897931855e+00 2.3102930012e-01 8.4180845518e+01
1.3959807277e+00 2.4297044185e-01 8.3892807710e+01
1.2555430962e+00 2.2672064074e-01 8.5235779013e+01
1.3681610133e+00 2.3989282800e-01 8.3924819428e+01
1.3039521360e+00 2.3238345022e-01 8.4724520544e+01
1.2439789451e+00 2.2573580430e-01 8.4404772564e+01
1.2492483033e+00 2.2598201341e-01 8.5299658755e+01
1.2454882653e+00 2.2561269975e-01 8.5139948243e+01
1.3525376354e+00 2.3792315514e-01 8.4436755064e+01
1.3008644395e+00 2.3226034566e-01 8.4212840476e+01
1.2952984943e+00 2.3139861378e-01 8.4756486116e+01
1.2309377457e+00 2.2401234055e-01 8.4980199868e+01
1.2877768028e+00 2.3065998646e-01 8.4500714858e+01
1.5003529421e+00 2.5417295626e-01 8.4084849675e+01
1.3291633388e+00 2.3521485496e-01 8.4692553325e+01
1.2806184456e+00 2.2979825458e-01 8.4628613906e+01
1.2997991683e+00 2.3189103200e-01 8.4788450052e+01
1.2480469281e+00 2.2610511797e-01 8.4628613906e+01
1.3184221828e+00 2.3386070486e-01 8.5076053508e+01
1.2876400068e+00 2.3053688191e-01 8.4756486116e+01
1.3150051752e+00 2.3386070486e-01 8.4180845518e+01
1.2906139038e+00 2.3065998646e-01 8.5299658755e+01
1.3156502022e+00 2.3361449576e-01 8.4916289633e+01
1.1125851112e+00 2.1022463051e-01 8.5012152633e+01
1.2746902670e+00 2.2918273181e-01 8.4500714858e+01
1.2164227847e+00 2.2228887680e-01 8.5139948243e+01
1.1833489357e+00 2.1847263562e-01 8.5139948243e+01
1.3413597620e+00 2.3681521416e-01 8.4148848738e+01
1.2741389488e+00 2.2893652271e-01 8.4948245538e+01
1.2692217752e+00 2.2844410449e-01 8.4788450052e+01
1.3721872875e+00 2.4038524622e-01 8.3828778522e+01
1.3531238651e+00 2.3804625970e-01 8.4308814530e+01
1.2966499342e+00 2.3164482289e-01 8.4532692172e+01
1.4369300508e+00 2.4727910124e-01 8.4212840476e+01
1.2501331485e+00 2.2598201341e-01 8.5587046306e+01
1.2842551731e+00 2.3029067280e-01 8.4436755064e+01
1.3210455406e+00 2.3423001852e-01 8.4884332141e+01
1.2826433370e+00 2.2979825458e-01 8.5203836921e+01
1.2936851091e+00 2.3115240468e-01 8.4916289633e+01
1.2662964991e+00 2.2795168628e-01 8.5203836921e+01
1.2760202347e+00 2.2930583637e-01 8.4564667778e+01
1.2807369594e+00 2.2979825458e-01 8.4660584449e+01
1.4125547300e+00 2.4481701016e-01 8.3828778522e+01
1.2610913949e+00 2.2745926806e-01 8.4948245538e+01
1.3464897726e+00 2.3743073693e-01 8.4052847370e+01
1.3622893748e+00 2.3903109613e-01 8.4372788316e+01
1.2133098657e+00 2.2191956313e-01 8.5171893334e+01
1.3066426577e+00 2.3275276388e-01 8.4564667778e+01
1.3049230278e+00 2.3262965932e-01 8.4404772564e+01
1.3688999895e+00 2.3964661890e-01 8.4628613906e+01
1.2863128110e+00 2.3041377735e-01 8.4692553325e+01
1.2916602219e+00 2.3102930012e-01 8.4660584449e+01
1.3411818969e+00 2.3669210960e-01 8.4372788316e+01
1.2896234484e+00 2.3053688191e-01 8.5331596426e+01
1.3507044621e+00 2.3755384148e-01 8.4820412361e+01
1.3658960039e+00 2.3940040979e-01 8.4436755064e+01
1.2910557413e+00 2.3102930012e-01 8.4500714858e+01
1.3542352198e+00 2.3816936425e-01 8.4308814530e+01
1.2605660738e+00 2.2758237261e-01 8.4500714858e+01
1.2227622415e+00 2.2315060867e-01 8.4788450052e+01
1.3857447272e+00 2.4186250087e-01 8.3860794078e+01
1.3359210732e+00 2.3595348228e-01 8.4724520544e+01
1.3029259586e+00 2.3250655477e-01 8.4180845518e+01
1.2637000225e+00 2.2795168628e-01 8.4468735825e+01
1.2214758842e+00 2.2290439956e-01 8.5044103843e+01
1.3691464619e+00 2.3989282800e-01 8.4148848738e+01
1.2286428059e+00 2.2364302689e-01 8.5267719621e+01
1.4313770351e+00 2.4678668302e-01 8.3988837165e+01
1.3872400614e+00 2.4210870998e-01 8.3700696849e+01
1.4078157064e+00 2.4407838284e-01 8.4276824972e+01
1.3441121770e+00 2.3706142326e-01 8.4276824972e+01
1.3433983045e+00 2.3693831871e-01 8.4372788316e+01
1.2896438138e+00 2.3065998646e-01 8.5012152633e+01
1.2270584264e+00 2.2364302689e-01 8.4788450052e+01
1.3448190613e+00 2.3718452782e-01 8.4180845518e+01
1.3344398743e+00 2.3619969139e-01 8.3828778522e+01
1.3104139347e+00 2.3324518209e-01 8.4404772564e+01
1.2361829843e+00 2.2450475877e-01 8.5267719621e+01
1.2273647077e+00 2.2351992233e-01 8.5203836921e+01
1.2334253369e+00 2.2462786332e-01 8.4180845518e+01
1.2774081772e+00 2.2930583637e-01 8.4948245538e+01
1.2697286465e+00 2.2856720904e-01 8.4628613906e+01
1.2396654210e+00 2.2499717698e-01 8.5012152633e+01
1.3572577538e+00 2.3829246880e-01 8.4788450052e+01
1.2628160871e+00 2.2770547717e-01 8.4820412361e+01
1.2807741977e+00 2.2955204548e-01 8.5299658755e+01
1.3746949548e+00 2.4038524622e-01 8.4404772564e+01
1.2982940406e+00 2.3164482289e-01 8.4980199868e+01
1.2002780565e+00 2.2044230849e-01 8.5108001638e+01
1.3017573821e+00 2.3213724111e-01 8.4724520544e+01
1.3067337001e+00 2.3262965932e-01 8.4884332141e+01
1.3017578228e+00 2.3226034566e-01 8.4436755064e+01
1.4079521426e+00 2.4420148739e-01 8.4052847370e+01
1.2520072252e+00 2.2672064074e-01 8.4244833624e+01
1.2807741977e+00 2.2955204548e-01 8.5299658755e+01
1.2464564491e+00 2.2585890886e-01 8.4788450052e+01
1.3696330266e+00 2.3976972345e-01 8.4532692172e+01
1.3414184743e+00 2.3644590050e-01 8.5012152633e+01
1.3407153317e+00 2.3656900505e-01 8.4532692172e+01
1.3068864381e+00 2.3275276388e-01 8.4628613906e+01
1.3510951777e+00 2.3743073693e-01 8.5235779013e+01
1.2688756914e+00 2.2844410449e-01 8.4692553325e+01
1.3251062796e+00 2.3472243674e-01 8.4788450052e+01
1.2621251773e+00 2.2770547717e-01 8.4628613906e+01
1.3201899834e+00 2.3435312308e-01 8.4372788316e+01
1.3039514791e+00 2.3250655477e-01 8.4436755064e+01
1.2209436107e+00 2.2290439956e-01 8.4884332141e+01
1.2950625656e+00 2.3139861378e-01 8.4692553325e+01
1.2192247405e+00 2.2265819046e-01 8.5012152633e+01
1.3755459746e+00 2.4050835077e-01 8.4340802307e+01
1.2204026111e+00 2.2278129501e-01 8.5044103843e+01
1.3131988277e+00 2.3361449576e-01 8.4276824972e+01
1.4340919963e+00 2.4690978758e-01 8.4340802307e+01
1.3475718804e+00 2.3743073693e-01 8.4308814530e+01
1.3262104577e+00 2.3484554129e-01 8.4788450052e+01
1.2887008907e+00 2.3090619557e-01 8.4180845518e+01
1.3370670952e+00 2.3632279594e-01 8.4180845518e+01
1.2397720067e+00 2.2499717698e-01 8.5044103843e+01
1.3373925815e+00 2.3619969139e-01 8.4532692172e+01
1.2493493785e+00 2.2598201341e-01 8.5331596426e+01
1.3594702040e+00 2.3866178247e-01 8.4500714858e+01
1.3107812774e+00 2.3312207754e-01 8.4788450052e+01
1.2532719641e+00 2.2647443163e-01 8.5203836921e+01
1.3063845543e+00 2.3262965932e-01 8.4788450052e+01
1.3291968678e+00 2.3546106406e-01 8.4148848738e+01
1.3031279675e+00 2.3213724111e-01 8.5108001638e+01
1.2932254375e+00 2.3115240468e-01 8.4788450052e+01
1.3262602561e+00 2.3472243674e-01 8.5108001638e+01
1.3252072511e+00 2.3509175040e-01 8.3988837165e+01
1.3614785908e+00 2.3915420068e-01 8.3924819428e+01
1.2943202492e+00 2.3127550923e-01 8.4788450052e+01
1.0985729449e+00 2.0837806220e-01 8.5555119982e+01
1.2245923225e+00 2.2327371323e-01 8.5012152633e+01
1.3593410173e+00 2.3866178247e-01 8.4468735825e+01
1.3346924539e+00 2.3583037773e-01 8.4692553325e+01
1.3139647501e+00 2.3361449576e-01 8.4468735825e+01
1.2017470343e+00 2.2056541304e-01 8.5235779013e+01
1.2960286897e+00 2.3164482289e-01 8.4372788316e+01
1.3387053269e+00 2.3644590050e-01 8.4308814530e+01
1.2318716327e+00 2.2425854966e-01 8.4628613906e+01
1.2005096000e+00 2.2056541304e-01 8.4852373054e+01
1.2862568087e+00 2.3065998646e-01 8.4116850127e+01
1.1503003112e+00 2.1453328990e-01 8.5395467416e+01
1.2580193501e+00 2.2696684984e-01 8.5331596426e+01
1.2860755417e+00 2.3041377735e-01 8.4628613906e+01
1.3297757503e+00 2.3533795951e-01 8.4564667778e+01
1.3423235471e+00 2.3669210960e-01 8.4660584449e+01
1.2980921099e+00 2.3189103200e-01 8.4340802307e+01
1.2813189022e+00 2.2979825458e-01 8.4820412361e+01
1.3153985704e+00 2.3386070486e-01 8.4276824972e+01
1.3585501395e+00 2.3866178247e-01 8.4276824972e+01
1.3539072002e+00 2.3804625970e-01 8.4500714858e+01
1.2686967550e+00 2.2832099994e-01 8.4948245538e+01
1.2823183942e+00 2.3004446369e-01 8.4500714858e+01
1.2918483507e+00 2.3127550923e-01 8.4148848738e+01
1.2923620301e+00 2.3102930012e-01 8.4852373054e+01
1.3435283210e+00 2.3693831871e-01 8.4404772564e+01
1.3143379016e+00 2.3361449576e-01 8.4564667778e+01
1.4377283142e+00 2.4752531035e-01 8.3892807710e+01
1.3529233978e+00 2.3792315514e-01 8.4532692172e+01
1.2021382169e+00 2.2056541304e-01 8.5363532643e+01
1.3808268139e+00 2.4137008265e-01 8.3764741596e+01
1.3760763207e+00 2.4050835077e-01 8.4468735825e+01
1.2351007780e+00 2.2462786332e-01 8.4628613906e+01
1.3712111700e+00 2.4001593256e-01 8.4372788316e+01
1.2218895301e+00 2.2290439956e-01 8.5171893334e+01
1.3049876306e+00 2.3275276388e-01 8.4148848738e+01
1.2183612226e+00 2.2253508590e-01 8.5076053508e+01
1.2030119391e+00 2.2068851759e-01 8.5299658755e+01
1.2922717918e+00 2.3115240468e-01 8.4532692172e+01
1.2585885314e+00 2.2721305895e-01 8.4852373054e+01
1.2734428180e+00 2.2918273181e-01 8.4180845518e+01
1.2108615980e+00 2.2167335403e-01 8.5076053508e+01
1.4968259319e+00 2.5404985170e-01 8.3604614884e+01
1.3284203620e+00 2.3521485496e-01 8.4500714858e+01
1.2728263160e+00 2.2881341815e-01 8.4884332141e+01
1.3214360781e+00 2.3435312308e-01 8.4692553325e+01
1.2823217845e+00 2.2979825458e-01 8.5108001638e+01
1.2961577439e+00 2.3152171834e-01 8.4692553325e+01
1.2915265286e+00 2.3115240468e-01 8.4340802307e+01
1.2654353548e+00 2.2795168628e-01 8.4948245538e+01
1.1946404838e+00 2.1982678572e-01 8.5012152633e+01
1.4354607101e+00 2.4727910124e-01 8.3892807710e+01
1.3263375982e+00 2.3496864585e-01 8.4532692172e+01
1.3344467690e+00 2.3583037773e-01 8.4628613906e+01
1.1943277110e+00 2.1982678572e-01 8.4916289633e+01
1.2248023712e+00 2.2327371323e-01 8.5076053508e+01
1.1778653624e+00 2.1798021741e-01 8.4756486116e+01
1.3390963812e+00 2.3644590050e-01 8.4404772564e+01
1.2641781771e+00 2.2795168628e-01 8.4596641686e+01
1.3472508718e+00 2.3718452782e-01 8.4788450052e+01
1.3645179139e+00 2.3927730524e-01 8.4372788316e+01
1.3123823954e+00 2.3336828665e-01 8.4628613906e+01
1.3146637301e+00 2.3349139120e-01 8.4948245538e+01
1.2949341635e+00 2.3152171834e-01 8.4372788316e+01
1.2646451302e+00 2.2795168628e-01 8.4724520544e+01
1.3252338663e+00 2.3484554129e-01 8.4532692172e+01
1.2592191961e+00 2.2733616351e-01 8.4724520544e+01
1.1850684026e+00 2.1871884473e-01 8.5012152633e+01
1.1534568039e+00 2.1490260356e-01 8.5395467416e+01
1.2364300369e+00 2.2462786332e-01 8.5012152633e+01
1.3137899879e+00 2.3336828665e-01 8.5012152633e+01
1.2309100693e+00 2.2413544510e-01 8.4660584449e+01
1.3444176564e+00 2.3693831871e-01 8.4628613906e+01
1.2547868644e+00 2.2696684984e-01 8.4404772564e+01
1.3060846697e+00 2.3287586843e-01 8.4148848738e+01
1.1611261658e+00 2.1588743999e-01 8.5139948243e+01
1.3390963812e+00 2.3644590050e-01 8.4404772564e+01
1.2819457241e+00 2.2992135914e-01 8.4692553325e+01
1.3400741732e+00 2.3656900505e-01 8.4372788316e+01
1.2712669705e+00 2.2844410449e-01 8.5395467416e+01
1.2365363603e+00 2.2462786332e-01 8.5044103843e+01
1.3507008714e+00 2.3767694603e-01 8.4532692172e+01
1.3812959262e+00 2.4124697810e-01 8.4116850127e+01
1.3408413423e+00 2.3656900505e-01 8.4564667778e+01
1.3874503218e+00 2.4186250087e-01 8.4244833624e+01
1.3099156535e+00 2.3299897299e-01 8.4852373054e+01
1.2824399378e+00 2.3004446369e-01 8.4532692172e+01
1.2383328825e+00 2.2499717698e-01 8.4628613906e+01
1.2510568622e+00 2.2647443163e-01 8.4564667778e+01
1.3279103649e+00 2.3521485496e-01 8.4372788316e+01
1.3927501307e+00 2.4235491908e-01 8.4436755064e+01
1.2628552308e+00 2.2782858172e-01 8.4532692172e+01
1.3212770668e+00 2.3423001852e-01 8.4948245538e+01
1.3332291115e+00 2.3546106406e-01 8.5203836921e+01
1.2123398610e+00 2.2179645858e-01 8.5203836921e+01
1.2766109006e+00 2.2930583637e-01 8.4724520544e+01
1.2429904776e+00 2.2548959520e-01 8.4724520544e+01
1.2489529161e+00 2.2610511797e-01 8.4884332141e+01
1.3524505256e+00 2.3804625970e-01 8.4148848738e+01
1.2674922681e+00 2.2856720904e-01 8.4052847370e+01
1.1965113103e+00 2.1994989027e-01 8.5267719621e+01
1.3357757893e+00 2.3607658683e-01 8.4404772564e+01
1.3170275820e+00 2.3386070486e-01 8.4692553325e+01
1.4079512800e+00 2.4444769650e-01 8.3572583562e+01
1.3697616032e+00 2.3976972345e-01 8.4564667778e+01
1.2996900055e+00 2.3201413655e-01 8.4468735825e+01
1.3215566736e+00 2.3435312308e-01 8.4724520544e+01
1.2558498895e+00 2.2672064074e-01 8.5331596426e+01
1.3291633388e+00 2.3521485496e-01 8.4692553325e+01
1.2399831205e+00 2.2499717698e-01 8.5108001638e+01
1.3484796233e+00 2.3743073693e-01 8.4532692172e+01
1.3592536604e+00 2.3890799157e-01 8.3924819428e+01
1.2763767530e+00 2.2930583637e-01 8.4660584449e+01
1.2760202347e+00 2.2930583637e-01 8.4564667778e+01
1.2790224262e+00 2.2955204548e-01 8.4788450052e+01
1.2804841120e+00 2.2992135914e-01 8.4308814530e+01
1.3738863909e+00 2.4038524622e-01 8.4212840476e+01
1.2968934105e+00 2.3164482289e-01 8.4596641686e+01
1.2439561854e+00 2.2561269975e-01 8.4692553325e+01
1.4338114280e+00 2.4690978758e-01 8.4276824972e+01
1.2588111244e+00 2.2721305895e-01 8.4916289633e+01
1.2330838905e+00 2.2450475877e-01 8.4372788316e+01
1.3643856816e+00 2.3952351434e-01 8.3828778522e+01
1.3352806465e+00 2.3619969139e-01 8.4020843204e+01
1.2077672167e+00 2.2142714492e-01 8.4788450052e+01
1.3980322383e+00 2.4284733730e-01 8.4628613906e+01
1.2987027367e+00 2.3176792745e-01 8.4788450052e+01
1.2962135830e+00 2.3139861378e-01 8.5012152633e+01
1.2963537519e+00 2.3176792745e-01 8.4180845518e+01
1.3026026395e+00 2.3238345022e-01 8.4372788316e+01
1.3019930029e+00 2.3213724111e-01 8.4788450052e+01
1.3468556359e+00 2.3730763237e-01 8.4404772564e+01
1.1627464797e+00 2.1625675365e-01 8.4660584449e+01
1.2060606162e+00 2.2118093581e-01 8.4916289633e+01
1.2769568263e+00 2.2930583637e-01 8.4820412361e+01
1.2184089116e+00 2.2278129501e-01 8.4468735825e+01
1.2327464158e+00 2.2413544510e-01 8.5203836921e+01
1.3074941442e+00 2.3287586843e-01 8.4500714858e+01
1.3603699505e+00 2.3890799157e-01 8.4180845518e+01
1.4156978825e+00 2.4506321927e-01 8.4020843204e+01
1.2252143343e+00 2.2327371323e-01 8.5203836921e+01
1.2848638670e+00 2.3029067280e-01 8.4596641686e+01
1.2355640220e+00 2.2450475877e-01 8.5076053508e+01
1.2686804665e+00 2.2819789538e-01 8.5267719621e+01
1.2771839134e+00 2.2930583637e-01 8.4884332141e+01
1.3137729699e+00 2.3373760031e-01 8.4148848738e+01
1.2575426590e+00 2.2733616351e-01 8.4276824972e+01
1.2998984911e+00 2.3213724111e-01 8.4244833624e+01
1.3346924539e+00 2.3583037773e-01 8.4692553325e+01
1.3517459443e+00 2.3792315514e-01 8.4244833624e+01
1.2366799975e+00 2.2450475877e-01 8.5427400756e+01
1.1508495791e+00 2.1477949901e-01 8.4884332141e+01
1.2878940545e+00 2.3041377735e-01 8.5139948243e+01
1.2685232878e+00 2.2844410449e-01 8.4596641686e+01
1.3010332561e+00 2.3213724111e-01 8.4532692172e+01
1.2735743620e+00 2.2893652271e-01 8.4788450052e+01
1.3641832637e+00 2.3915420068e-01 8.4564667778e+01
1.3413379829e+00 2.3656900505e-01 8.4692553325e+01
1.3313528218e+00 2.3558416862e-01 8.4404772564e+01
1.3588444520e+00 2.3878488702e-01 8.4084849675e+01
1.3475718804e+00 2.3743073693e-01 8.4308814530e+01
1.3407880079e+00 2.3669210960e-01 8.4276824972e+01
1.1765077932e+00 2.1761090375e-01 8.5331596426e+01
1.2023104812e+00 2.2068851759e-01 8.5076053508e+01
1.2226515445e+00 2.2315060867e-01 8.4756486116e+01
1.3046514803e+00 2.3238345022e-01 8.4916289633e+01
1.1998659247e+00 2.2044230849e-01 8.4980199868e+01
1.2045486472e+00 2.2093472670e-01 8.5108001638e+01
1.2016475753e+00 2.2056541304e-01 8.5203836921e+01
1.3336152535e+00 2.3595348228e-01 8.4148848738e+01
1.3382570845e+00 2.3619969139e-01 8.4756486116e+01
1.2183610063e+00 2.2265819046e-01 8.4756486116e+01
1.2445188560e+00 2.2561269975e-01 8.4852373054e+01
1.3286569808e+00 2.3509175040e-01 8.4852373054e+01
1.3319376449e+00 2.3570727317e-01 8.4276824972e+01
1.2515537988e+00 2.2635132707e-01 8.5012152633e+01
1.2922717918e+00 2.3115240468e-01 8.4532692172e+01
1.2374839498e+00 2.2487407243e-01 8.4692553325e+01
1.4264458589e+00 2.4617116025e-01 8.4148848738e+01
1.3829694919e+00 2.4137008265e-01 8.4244833624e+01
1.3314492457e+00 2.3521485496e-01 8.5331596426e+01
1.4262524229e+00 2.4629426481e-01 8.3860794078e+01
1.3860194692e+00 2.4161629176e-01 8.4436755064e+01
1.2212650039e+00 2.2290439956e-01 8.4980199868e+01
1.3235469440e+00 2.3484554129e-01 8.4116850127e+01
1.3085926237e+00 2.3299897299e-01 8.4500714858e+01
1.3529233978e+00 2.3792315514e-01 8.4532692172e+01
1.2671770473e+00 2.2844410449e-01 8.4244833624e+01
1.3323575620e+00 2.3558416862e-01 8.4660584449e+01
1.2962793399e+00 2.3164482289e-01 8.4436755064e+01
1.3023743426e+00 2.3226034566e-01 8.4596641686e+01
1.3271897871e+00 2.3509175040e-01 8.4468735825e+01
1.1981544031e+00 2.2007299482e-01 8.5459332672e+01
1.2579134259e+00 2.2733616351e-01 8.4372788316e+01
1.2379332489e+00 2.2487407243e-01 8.4820412361e+01
1.2297545163e+00 2.2388923600e-01 8.4948245538e+01
1.2929913146e+00 2.3115240468e-01 8.4724520544e+01
1.2206691852e+00 2.2302750412e-01 8.4500714858e+01
1.3204024695e+00 2.3410691397e-01 8.5012152633e+01
1.3936588497e+00 2.4284733730e-01 8.3636644199e+01
1.2413900754e+00 2.2524338609e-01 8.4884332141e+01
1.4116104247e+00 2.4444769650e-01 8.4372788316e+01
1.3600621098e+00 2.3878488702e-01 8.4372788316e+01
1.3500928117e+00 2.3755384148e-01 8.4660584449e+01
1.2802462029e+00 2.2955204548e-01 8.5139948243e+01
1.2951808879e+00 2.3139861378e-01 8.4724520544e+01
1.3204450421e+00 2.3435312308e-01 8.4436755064e+01
1.3121376473e+00 2.3336828665e-01 8.4564667778e+01
1.4061288283e+00 2.4395527828e-01 8.4148848738e+01
1.3837318402e+00 2.4173939631e-01 8.3668671517e+01
1.3000315424e+00 2.3189103200e-01 8.4852373054e+01
1.2658463785e+00 2.2807479083e-01 8.4756486116e+01
1.3603535089e+00 2.3866178247e-01 8.4724520544e+01
1.3180081843e+00 2.3398380942e-01 8.4660584449e+01
1.3798958135e+00 2.4112387354e-01 8.4052847370e+01
1.3706768101e+00 2.4013903711e-01 8.3988837165e+01
1.2947033034e+00 2.3139861378e-01 8.4596641686e+01
1.3184221828e+00 2.3386070486e-01 8.5076053508e+01
1.1998659247e+00 2.2044230849e-01 8.4980199868e+01
1.3493984181e+00 2.3780005059e-01 8.3956829243e+01
1.3699840837e+00 2.4001593256e-01 8.4084849675e+01
1.2033782095e+00 2.2081162215e-01 8.5076053508e+01
1.2443375204e+00 2.2573580430e-01 8.4500714858e+01
1.3055446283e+00 2.3262965932e-01 8.4564667778e+01
1.2300739567e+00 2.2388923600e-01 8.5044103843e+01
1.3574998161e+00 2.3829246880e-01 8.4852373054e+01
1.2513366239e+00 2.2635132707e-01 8.4948245538e+01
1.3065196839e+00 2.3275276388e-01 8.4532692172e+01
1.3911986953e+00 2.4247802364e-01 8.3828778522e+01
1.3245096953e+00 2.3509175040e-01 8.3828778522e+01
1.2277105293e+00 2.2364302689e-01 8.4980199868e+01
1.1845477633e+00 2.1871884473e-01 8.4852373054e+01
1.2463031452e+00 2.2561269975e-01 8.5395467416e+01
1.1511535612e+00 2.1477949901e-01 8.4980199868e+01
1.1852890106e+00 2.1884194929e-01 8.4756486116e+01
1.3574376124e+00 2.3853867791e-01 8.4276824972e+01
1.2968934105e+00 2.3164482289e-01 8.4596641686e+01
1.3159928578e+00 2.3361449576e-01 8.5012152633e+01
1.3418235559e+00 2.3669210960e-01 8.4532692172e+01
1.3112468369e+00 2.3312207754e-01 8.4916289633e+01
1.2691071160e+00 2.2844410449e-01 8.4756486116e+01
1.2135479088e+00 2.2204266769e-01 8.4916289633e+01
1.4387609578e+00 2.4777151945e-01 8.3636644199e+01
1.2158275948e+00 2.2204266769e-01 8.5650894846e+01
1.3327829619e+00 2.3546106406e-01 8.5076053508e+01
1.2895915360e+00 2.3078309102e-01 8.4692553325e+01
1.4823509137e+00 2.5232638795e-01 8.3924819428e+01
1.2609177421e+00 2.2770547717e-01 8.4308814530e+01
1.2622867179e+00 2.2758237261e-01 8.4980199868e+01
1.2657097608e+00 2.2832099994e-01 8.4148848738e+01
1.2754048472e+00 2.2918273181e-01 8.4692553325e+01
1.3428051515e+00 2.3681521416e-01 8.4500714858e+01
1.2957617630e+00 2.3139861378e-01 8.4884332141e+01
1.2169745930e+00 2.2241198135e-01 8.4980199868e+01
1.4736477275e+00 2.5134155152e-01 8.4020843204e+01
1.4619189162e+00 2.5011050598e-01 8.3956829243e+01
1.3016384929e+00 2.3213724111e-01 8.4692553325e+01
1.2691339820e+00 2.2832099994e-01 8.5076053508e+01
1.3403874468e+00 2.3669210960e-01 8.4180845518e+01
1.2895915360e+00 2.3078309102e-01 8.4692553325e+01
1.3577040339e+00 2.3853867791e-01 8.4340802307e+01
1.2057189201e+00 2.2105783126e-01 8.5139948243e+01
1.3506354351e+00 2.3780005059e-01 8.4244833624e+01
1.2568203486e+00 2.2708995440e-01 8.4660584449e+01
1.3011557424e+00 2.3213724111e-01 8.4564667778e+01
1.1894218305e+00 2.1921126295e-01 8.5044103843e+01
1.2413900754e+00 2.2524338609e-01 8.4884332141e+01
1.3835062825e+00 2.4161629176e-01 8.3860794078e+01
1.2344253198e+00 2.2425854966e-01 8.5395467416e+01
1.3164155925e+00 2.3386070486e-01 8.4532692172e+01
1.2687837321e+00 2.2819789538e-01 8.5299658755e+01
1.2746859343e+00 2.2893652271e-01 8.5108001638e+01
1.2660744405e+00 2.2807479083e-01 8.4820412361e+01
1.2264963070e+00 2.2364302689e-01 8.4628613906e+01
1.3571719526e+00 2.3866178247e-01 8.3956829243e+01
1.2633274015e+00 2.2782858172e-01 8.4660584449e+01
1.2979647881e+00 2.3189103200e-01 8.4308814530e+01
1.3023562003e+00 2.3201413655e-01 8.5203836921e+01
1.1991092894e+00 2.2031920393e-01 8.5076053508e+01
1.3172076331e+00 2.3373760031e-01 8.5044103843e+01
1.3642517609e+00 2.3927730524e-01 8.4308814530e+01
1.2789069320e+00 2.2955204548e-01 8.4756486116e+01
1.4691642141e+00 2.5109534241e-01 8.3572583562e+01
1.2919432506e+00 2.3090619557e-01 8.5044103843e+01
1.2486183555e+00 2.2610511797e-01 8.4788450052e+01
1.3078506457e+00 2.3262965932e-01 8.5203836921e+01
1.2630408011e+00 2.2770547717e-01 8.4884332141e+01
1.3248667119e+00 2.3472243674e-01 8.4724520544e+01
1.3104139347e+00 2.3324518209e-01 8.4404772564e+01
1.2188708907e+00 2.2278129501e-01 8.4596641686e+01
1.4314890983e+00 2.4703289213e-01 8.3540550223e+01
1.4289956194e+00 2.4641736936e-01 8.4212840476e+01
1.4075160464e+00 2.4420148739e-01 8.3956829243e+01
1.2884987895e+00 2.3078309102e-01 8.4404772564e+01
1.2245404312e+00 2.2315060867e-01 8.5331596426e+01
1.4355038388e+00 2.4703289213e-01 8.4404772564e+01
1.3711333096e+00 2.3989282800e-01 8.4628613906e+01
1.3076004467e+00 2.3275276388e-01 8.4820412361e+01
1.2795280013e+00 2.2967515003e-01 8.4628613906e+01
1.4640993760e+00 2.5047981964e-01 8.3700696849e+01
1.2908030382e+00 2.3090619557e-01 8.4724520544e+01
1.4950167674e+00 2.5380364260e-01 8.3700696849e+01
1.3497917161e+00 2.3767694603e-01 8.4308814530e+01
1.3188401700e+00 2.3398380942e-01 8.4884332141e+01
1.3166360890e+00 2.3373760031e-01 8.4884332141e+01
1.1416211882e+00 2.1354845347e-01 8.5299658755e+01
1.2988409480e+00 2.3189103200e-01 8.4532692172e+01
1.2521386324e+00 2.2659753618e-01 8.4564667778e+01
1.3527955571e+00 2.3792315514e-01 8.4500714858e+01
1.2602248159e+00 2.2733616351e-01 8.5012152633e+01
1.2541415275e+00 2.2672064074e-01 8.4820412361e+01
1.2843976123e+00 2.3004446369e-01 8.5076053508e+01
1.3578704329e+00 2.3866178247e-01 8.4116850127e+01
1.4264371542e+00 2.4604805570e-01 8.4404772564e+01
1.2557780925e+00 2.2684374529e-01 8.4980199868e+01
1.2490630539e+00 2.2610511797e-01 8.4916289633e+01
1.2791372134e+00 2.2955204548e-01 8.4820412361e+01
1.2474398633e+00 2.2585890886e-01 8.5076053508e+01
1.3359043590e+00 2.3607658683e-01 8.4436755064e+01
1.3487079248e+00 2.3767694603e-01 8.4052847370e+01
1.3349351927e+00 2.3583037773e-01 8.4756486116e+01
1.2757526108e+00 2.2918273181e-01 8.4788450052e+01
1.2549080644e+00 2.2696684984e-01 8.4436755064e+01
1.2486273623e+00 2.2598201341e-01 8.5108001638e+01
1.3176407007e+00 2.3398380942e-01 8.4564667778e+01
1.2932433210e+00 2.3127550923e-01 8.4500714858e+01
1.4199465161e+00 2.4543253293e-01 8.4212840476e+01
1.3881310082e+00 2.4210870998e-01 8.3892807710e+01
1.2988191899e+00 2.3176792745e-01 8.4820412361e+01
1.4232569732e+00 2.4617116025e-01 8.3476477450e+01
1.2633274015e+00 2.2782858172e-01 8.4660584449e+01
1.2731100154e+00 2.2893652271e-01 8.4660584449e+01
1.3854369631e+00 2.4137008265e-01 8.4852373054e+01
1.1493494317e+00 2.1453328990e-01 8.5076053508e+01
1.4198047491e+00 2.4543253293e-01 8.4180845518e+01
1.2960386108e+00 2.3152171834e-01 8.4660584449e+01
1.2418212923e+00 2.2548959520e-01 8.4404772564e+01
1.2258770520e+00 2.2339681778e-01 8.5076053508e+01
1.3322345441e+00 2.3558416862e-01 8.4628613906e+01
1.3258932137e+00 2.3521485496e-01 8.3892807710e+01
1.2391790198e+00 2.2512028154e-01 8.4564667778e+01
1.3021264974e+00 2.3250655477e-01 8.3988837165e+01
1.2621983124e+00 2.2795168628e-01 8.4084849675e+01
1.2945516986e+00 2.3127550923e-01 8.4852373054e+01
1.2577120568e+00 2.2696684984e-01 8.5235779013e+01
1.3271953514e+00 2.3496864585e-01 8.4756486116e+01
1.2795892914e+00 2.2955204548e-01 8.4948245538e+01
1.3332166457e+00 2.3570727317e-01 8.4596641686e+01
1.3300306608e+00 2.3558416862e-01 8.4084849675e+01
1.1824852575e+00 2.1834953107e-01 8.5203836921e+01
1.3136039373e+00 2.3349139120e-01 8.4660584449e+01
1.4078991304e+00 2.4432459195e-01 8.3796761031e+01
1.2089265992e+00 2.2142714492e-01 8.5139948243e+01
1.2615301995e+00 2.2770547717e-01 8.4468735825e+01
1.2557474608e+00 2.2708995440e-01 8.4372788316e+01
1.1976455578e+00 2.2044230849e-01 8.4340802307e+01
1.3037132587e+00 2.3238345022e-01 8.4660584449e+01
1.1926201833e+00 2.1970368116e-01 8.4724520544e+01
1.2144036292e+00 2.2216577224e-01 8.4852373054e+01
1.3321993369e+00 2.3570727317e-01 8.4340802307e+01
1.2345911564e+00 2.2438165421e-01 8.5108001638e+01
1.3030904056e+00 2.3226034566e-01 8.4788450052e+01
1.2309377457e+00 2.2401234055e-01 8.4980199868e+01
1.2679046092e+00 2.2832099994e-01 8.4724520544e+01
1.2851594720e+00 2.3016756825e-01 8.4980199868e+01
1.2906139038e+00 2.3065998646e-01 8.5299658755e+01
1.2472261560e+00 2.2585890886e-01 8.5012152633e+01
1.3548903756e+00 2.3816936425e-01 8.4468735825e+01
1.4280582163e+00 2.4654047392e-01 8.3764741596e+01
1.2817000264e+00 2.3004446369e-01 8.4340802307e+01
1.2530169677e+00 2.2696684984e-01 8.3956829243e+01
1.2978386329e+00 2.3164482289e-01 8.4852373054e+01
1.4014492234e+00 2.4358596462e-01 8.3860794078e+01
1.2223913765e+00 2.2290439956e-01 8.5331596426e+01
1.2988191899e+00 2.3176792745e-01 8.4820412361e+01
1.2671612114e+00 2.2819789538e-01 8.4820412361e+01
1.3001557004e+00 2.3213724111e-01 8.4308814530e+01
1.3185982763e+00 2.3435312308e-01 8.3988837165e+01
1.3009323277e+00 2.3189103200e-01 8.5108001638e+01
1.3312188183e+00 2.3533795951e-01 8.4948245538e+01
1.2332886799e+00 2.2438165421e-01 8.4724520544e+01
1.2220878910e+00 2.2315060867e-01 8.4596641686e+01
1.2581631731e+00 2.2708995440e-01 8.5044103843e+01
1.2665853372e+00 2.2819789538e-01 8.4660584449e+01
1.3800369140e+00 2.4112387354e-01 8.4084849675e+01
1.3181292228e+00 2.3398380942e-01 8.4692553325e+01
1.3220489422e+00 2.3447622763e-01 8.4564667778e+01
1.1327924039e+00 2.1231740793e-01 8.5906235703e+01
1.3356766701e+00 2.3595348228e-01 8.4660584449e+01
1.2692217752e+00 2.2844410449e-01 8.4788450052e+01
1.2950597472e+00 2.3152171834e-01 8.4404772564e+01
1.3161657785e+00 2.3373760031e-01 8.4756486116e+01
1.2423592098e+00 2.2536649064e-01 8.4852373054e+01
1.2876766927e+00 2.3041377735e-01 8.5076053508e+01
1.3186060985e+00 2.3398380942e-01 8.4820412361e+01
1.2490114514e+00 2.2622822252e-01 8.4596641686e+01
1.2626120016e+00 2.2758237261e-01 8.5076053508e+01
1.2520879538e+00 2.2647443163e-01 8.4852373054e+01
1.2480909311e+00 2.2598201341e-01 8.4948245538e+01
1.2667418216e+00 2.2807479083e-01 8.5012152633e+01
1.2320994583e+00 2.2425854966e-01 8.4692553325e+01
1.3248555645e+00 2.3484554129e-01 8.4436755064e+01
1.2161068968e+00 2.2241198135e-01 8.4724520544e+01
1.3209368597e+00 2.3459933219e-01 8.4020843204e+01
1.2734593320e+00 2.2893652271e-01 8.4756486116e+01
1.3751415298e+00 2.4063145533e-01 8.3988837165e+01
1.1782416396e+00 2.1785711285e-01 8.5203836921e+01
1.2557474608e+00 2.2708995440e-01 8.4372788316e+01
1.2843626663e+00 2.3016756825e-01 8.4756486116e+01
1.2963537519e+00 2.3176792745e-01 8.4180845518e+01
1.3224951786e+00 2.3435312308e-01 8.4980199868e+01
1.3790344319e+00 2.4087766444e-01 8.4372788316e+01
1.3206409915e+00 2.3447622763e-01 8.4212840476e+01
1.2683664688e+00 2.2819789538e-01 8.5171893334e+01
1.2505547065e+00 2.2635132707e-01 8.4724520544e+01
1.3038930665e+00 2.3226034566e-01 8.5012152633e+01
1.3057666677e+00 2.3275276388e-01 8.4340802307e+01
1.2520879538e+00 2.2647443163e-01 8.4852373054e+01
1.3258497257e+00 2.3484554129e-01 8.4692553325e+01
1.2976066288e+00 2.3164482289e-01 8.4788450052e+01
1.2221246701e+00 2.2302750412e-01 8.4916289633e+01
1.2485387092e+00 2.2622822252e-01 8.4468735825e+01
1.4355038388e+00 2.4703289213e-01 8.4404772564e+01
1.3872846121e+00 2.4223181453e-01 8.3476477450e+01
1.3041881318e+00 2.3238345022e-01 8.4788450052e+01
1.3831062266e+00 2.4137008265e-01 8.4276824972e+01
1.2503632430e+00 2.2622822252e-01 8.4980199868e+01
1.2959591588e+00 2.3176792745e-01 8.4084849675e+01
1.1921516358e+00 2.1945747206e-01 8.5235779013e+01
1.3153985704e+00 2.3386070486e-01 8.4276824972e+01
1.3507691474e+00 2.3780005059e-01 8.4276824972e+01
1.3287951526e+00 2.3521485496e-01 8.4596641686e+01
1.2962135830e+00 2.3139861378e-01 8.5012152633e+01
1.2475372383e+00 2.2598201341e-01 8.4788450052e+01
1.3119234722e+00 2.3312207754e-01 8.5108001638e+01
1.2893536960e+00 2.3078309102e-01 8.4628613906e+01
1.2485214567e+00 2.2598201341e-01 8.5076053508e+01
1.2411671147e+00 2.2512028154e-01 8.5139948243e+01
1.3005416957e+00 2.3201413655e-01 8.4692553325e+01
1.3286709563e+00 2.3521485496e-01 8.4564667778e+01
1.3435753585e+00 2.3706142326e-01 8.4148848738e+01
1.3873124026e+00 2.4186250087e-01 8.4212840476e+01
1.2136291601e+00 2.2216577224e-01 8.4628613906e+01
1.3858863477e+00 2.4161629176e-01 8.4404772564e+01
1.2857563966e+00 2.3004446369e-01 8.5491263175e+01
1.2849834728e+00 2.3029067280e-01 8.4628613906e+01
1.4443864309e+00 2.4826393767e-01 8.3860794078e+01
1.2160500034e+00 2.2216577224e-01 8.5363532643e+01
1.2253078601e+00 2.2351992233e-01 8.4596641686e+01
1.2716316665e+00 2.2856720904e-01 8.5171893334e+01
1.2582207402e+00 2.2696684984e-01 8.5395467416e+01
1.2595527312e+00 2.2696684984e-01 8.5842408323e+01
1.3090838526e+00 2.3299897299e-01 8.4628613906e+01
1.3129377054e+00 2.3361449576e-01 8.4212840476e+01
1.3465942506e+00 2.3730763237e-01 8.4340802307e+01
1.3094412716e+00 2.3312207754e-01 8.4436755064e+01
1.2988471789e+00 2.3164482289e-01 8.5139948243e+01
1.3599794495e+00 2.3866178247e-01 8.4628613906e+01
1.3010332561e+00 2.3213724111e-01 8.4532692172e+01
1.3416292373e+00 2.3681521416e-01 8.4212840476e+01
1.3672718009e+00 2.3952351434e-01 8.4500714858e+01
1.2238357929e+00 2.2327371323e-01 8.4788450052e+01
1.1618164348e+00 2.1564123088e-01 8.6161495142e+01
1.3435557238e+00 2.3681521416e-01 8.4692553325e+01
1.3148912614e+00 2.3349139120e-01 8.5012152633e+01
1.3270992592e+00 2.3546106406e-01 8.3668671517e+01
1.2001852612e+00 2.2056541304e-01 8.4756486116e+01
1.3723769524e+00 2.4001593256e-01 8.4660584449e+01
1.3105401983e+00 2.3324518209e-01 8.4436755064e+01
1.3249171459e+00 2.3496864585e-01 8.4180845518e+01
1.2413900754e+00 2.2524338609e-01 8.4884332141e+01
1.2438415839e+00 2.2561269975e-01 8.4660584449e+01
1.1805134486e+00 2.1822642652e-01 8.4916289633e+01
1.3030177056e+00 2.3213724111e-01 8.5076053508e+01
1.3475718804e+00 2.3743073693e-01 8.4308814530e+01
1.2093736244e+00 2.2155024947e-01 8.4948245538e+01
1.4135870653e+00 2.4481701016e-01 8.4052847370e+01
1.4127384710e+00 2.4457080105e-01 8.4372788316e+01
1.2575523915e+00 2.2721305895e-01 8.4564667778e+01
1.2674983253e+00 2.2819789538e-01 8.4916289633e+01
1.2644130537e+00 2.2795168628e-01 8.4660584449e+01
1.3431837736e+00 2.3681521416e-01 8.4596641686e+01
1.2208159144e+00 2.2278129501e-01 8.5171893334e+01
1.2335125919e+00 2.2438165421e-01 8.4788450052e+01
1.2215131901e+00 2.2278129501e-01 8.5395467416e+01
1.2047787192e+00 2.2105783126e-01 8.4852373054e+01
1.2701946810e+00 2.2856720904e-01 8.4756486116e+01
1.2011422350e+00 2.2068851759e-01 8.4724520544e+01
1.3049876306e+00 2.3275276388e-01 8.4148848738e+01
1.1783091095e+00 2.1773400830e-01 8.5587046306e+01
1.2779575136e+00 2.2955204548e-01 8.4500714858e+01
1.2517153109e+00 2.2622822252e-01 8.5395467416e+01
1.3156571933e+00 2.3386070486e-01 8.4340802307e+01
1.2715230194e+00 2.2893652271e-01 8.4244833624e+01
1.2712021581e+00 2.2856720904e-01 8.5044103843e+01
1.2439838699e+00 2.2548959520e-01 8.5012152633e+01
1.1763776724e+00 2.1773400830e-01 8.4948245538e+01
1.1966675057e+00 2.2007299482e-01 8.4980199868e+01
1.3505009761e+00 2.3780005059e-01 8.4212840476e+01
1.2305697387e+00 2.2425854966e-01 8.4276824972e+01
1.3106082204e+00 2.3336828665e-01 8.4180845518e+01
1.2677995152e+00 2.2844410449e-01 8.4404772564e+01
1.3692758625e+00 2.4001593256e-01 8.3924819428e+01
1.2436103132e+00 2.2561269975e-01 8.4596641686e+01
1.3740248740e+00 2.4050835077e-01 8.3988837165e+01
1.3020065913e+00 2.3226034566e-01 8.4500714858e+01
1.3696929265e+00 2.3989282800e-01 8.4276824972e+01
1.1786282518e+00 2.1785711285e-01 8.5331596426e+01
1.1380634483e+00 2.1305603525e-01 8.5523192275e+01
1.2243795619e+00 2.2327371323e-01 8.4948245538e+01
1.2164227847e+00 2.2228887680e-01 8.5139948243e+01
1.2124773020e+00 2.2191956313e-01 8.4916289633e+01
1.2855708404e+00 2.3029067280e-01 8.4788450052e+01
1.2356688908e+00 2.2450475877e-01 8.5108001638e+01
1.2641781771e+00 2.2795168628e-01 8.4596641686e+01
1.3004100297e+00 2.3213724111e-01 8.4372788316e+01
1.2722551480e+00 2.2881341815e-01 8.4724520544e+01
1.2680198772e+00 2.2832099994e-01 8.4756486116e+01
1.3188305816e+00 2.3423001852e-01 8.4308814530e+01
1.3707495505e+00 2.3989282800e-01 8.4532692172e+01
1.2606454850e+00 2.2745926806e-01 8.4820412361e+01
1.4182454553e+00 2.4530942838e-01 8.4084849675e+01
1.3831062266e+00 2.4137008265e-01 8.4276824972e+01
1.3024556153e+00 2.3213724111e-01 8.4916289633e+01
1.3873124026e+00 2.4186250087e-01 8.4212840476e+01
1.2610913949e+00 2.2745926806e-01 8.4948245538e+01
1.2840105283e+00 2.3016756825e-01 8.4660584449e+01
1.2664112816e+00 2.2807479083e-01 8.4916289633e+01
1.2855708404e+00 2.3029067280e-01 8.4788450052e+01
1.2355548164e+00 2.2462786332e-01 8.4756486116e+01
1.3033233350e+00 2.3226034566e-01 8.4852373054e+01
1.2315669340e+00 2.2401234055e-01 8.5171893334e+01
1.2469004214e+00 2.2585890886e-01 8.4916289633e+01
1.4345183481e+00 2.4703289213e-01 8.4180845518e+01
1.2855708404e+00 2.3029067280e-01 8.4788450052e+01
1.2882140819e+00 2.3053688191e-01 8.4916289633e+01
1.2382630243e+00 2.2487407243e-01 8.4916289633e+01
1.2149366245e+00 2.2216577224e-01 8.5012152633e+01
1.3924676485e+00 2.4260112819e-01 8.3860794078e+01
1.3252072511e+00 2.3509175040e-01 8.3988837165e+01
1.3306975663e+00 2.3583037773e-01 8.3732720205e+01
1.1902796472e+00 2.1933436750e-01 8.4980199868e+01
1.2813204834e+00 2.3004446369e-01 8.4244833624e+01
1.2038830027e+00 2.2081162215e-01 8.5235779013e+01
1.3261481472e+00 2.3472243674e-01 8.5076053508e+01
1.2929913146e+00 2.3115240468e-01 8.4724520544e+01
1.4144079668e+00 2.4469390561e-01 8.4500714858e+01
1.2679046092e+00 2.2832099994e-01 8.4724520544e+01
1.3096677837e+00 2.3336828665e-01 8.3956829243e+01
1.1813253160e+00 2.1822642652e-01 8.5171893334e+01
1.2968698542e+00 2.3139861378e-01 8.5203836921e+01
1.2374839498e+00 2.2487407243e-01 8.4692553325e+01
1.2678291329e+00 2.2819789538e-01 8.5012152633e+01
1.3833774057e+00 2.4137008265e-01 8.4340802307e+01
1.5100550202e+00 2.5503468814e-01 8.4436755064e+01
1.3554795238e+00 2.3829246880e-01 8.4340802307e+01
1.3344467690e+00 2.3583037773e-01 8.4628613906e+01
1.2985942097e+00 2.3189103200e-01 8.4468735825e+01
1.2017894564e+00 2.2068851759e-01 8.4916289633e+01
1.2444077000e+00 2.2561269975e-01 8.4820412361e+01
1.3934806101e+00 2.4260112819e-01 8.4084849675e+01
1.2065833859e+00 2.2118093581e-01 8.5076053508e+01
1.2325469139e+00 2.2425854966e-01 8.4820412361e+01
1.4706659661e+00 2.5097223786e-01 8.4116850127e+01
1.2226540001e+00 2.2302750412e-01 8.5076053508e+01
1.3660515683e+00 2.3927730524e-01 8.4756486116e+01
1.2732271587e+00 2.2893652271e-01 8.4692553325e+01
1.3410873179e+00 2.3681521416e-01 8.4084849675e+01
1.4638098515e+00 2.5023361053e-01 8.4116850127e+01
1.3745620908e+00 2.4038524622e-01 8.4372788316e+01
1.4216362151e+00 2.4555563748e-01 8.4340802307e+01
1.2159953999e+00 2.2241198135e-01 8.4692553325e+01
1.3843930891e+00 2.4186250087e-01 8.3572583562e+01
1.3280389654e+00 2.3521485496e-01 8.4404772564e+01
1.3844166786e+00 2.4198560542e-01 8.3348307238e+01
1.2603330679e+00 2.2733616351e-01 8.5044103843e+01
1.2177992174e+00 2.2265819046e-01 8.4596641686e+01
1.2786792437e+00 2.2967515003e-01 8.4404772564e+01
1.2579463253e+00 2.2708995440e-01 8.4980199868e+01
1.2691339820e+00 2.2832099994e-01 8.5076053508e+01
1.2571654474e+00 2.2708995440e-01 8.4756486116e+01
1.3230273671e+00 2.3459933219e-01 8.4532692172e+01
1.2487305669e+00 2.2610511797e-01 8.4820412361e+01
1.3328406775e+00 2.3570727317e-01 8.4500714858e+01
1.2050981312e+00 2.2105783126e-01 8.4948245538e+01
1.3692763666e+00 2.3964661890e-01 8.4724520544e+01
1.2691071160e+00 2.2844410449e-01 8.4756486116e+01
1.2421422093e+00 2.2524338609e-01 8.5108001638e+01
1.3203178778e+00 2.3435312308e-01 8.4404772564e+01
1.2512163872e+00 2.2610511797e-01 8.5587046306e+01
1.3097989943e+00 2.3299897299e-01 8.4820412361e+01
1.2219081993e+00 2.2302750412e-01 8.4852373054e+01
1.3528710104e+00 2.3767694603e-01 8.5108001638e+01
1.3571681907e+00 2.3853867791e-01 8.4212840476e+01
1.2847435502e+00 2.3029067280e-01 8.4564667778e+01
1.2617519120e+00 2.2782858172e-01 8.4244833624e+01
1.2390620450e+00 2.2512028154e-01 8.4532692172e+01
1.4124594515e+00 2.4469390561e-01 8.4052847370e+01
1.2480909311e+00 2.2598201341e-01 8.4948245538e+01
1.2545852671e+00 2.2672064074e-01 8.4948245538e+01
1.2064099808e+00 2.2142714492e-01 8.4404772564e+01
1.3359609516e+00 2.3619969139e-01 8.4180845518e+01
1.3652319924e+00 2.3940040979e-01 8.4276824972e+01
1.2516619561e+00 2.2659753618e-01 8.4436755064e+01
1.2799209275e+00 2.2955204548e-01 8.5044103843e+01
1.2408628782e+00 2.2536649064e-01 8.4436755064e+01
1.2339089405e+00 2.2450475877e-01 8.4596641686e+01
1.2347530590e+00 2.2462786332e-01 8.4532692172e+01
1.2725137297e+00 2.2893652271e-01 8.4500714858e+01
1.2914205727e+00 2.3102930012e-01 8.4596641686e+01
1.3923198596e+00 2.4260112819e-01 8.3828778522e+01
1.3260859316e+00 2.3496864585e-01 8.4468735825e+01
1.2584761905e+00 2.2721305895e-01 8.4820412361e+01
1.3233685105e+00 2.3447622763e-01 8.4916289633e+01
1.2425568887e+00 2.2524338609e-01 8.5235779013e+01
1.3152800104e+00 2.3410691397e-01 8.3732720205e+01
1.2435345423e+00 2.2536649064e-01 8.5203836921e+01
1.2361486946e+00 2.2499717698e-01 8.4052847370e+01
1.2829190137e+00 2.3004446369e-01 8.4660584449e+01
1.2567526671e+00 2.2696684984e-01 8.4948245538e+01
1.2954153850e+00 2.3139861378e-01 8.4788450052e+01
1.4145811648e+00 2.4481701016e-01 8.4276824972e+01
1.2754048472e+00 2.2918273181e-01 8.4692553325e+01
1.2283535659e+00 2.2376613144e-01 8.4852373054e+01
1.2233885679e+00 2.2327371323e-01 8.4660584449e+01
1.1698329646e+00 2.1674917187e-01 8.5587046306e+01
1.3057666677e+00 2.3275276388e-01 8.4340802307e+01
1.2392153421e+00 2.2487407243e-01 8.5203836921e+01
1.2437324603e+00 2.2512028154e-01 8.6001967257e+01
1.3349257670e+00 2.3595348228e-01 8.4468735825e+01
1.2254538930e+00 2.2339681778e-01 8.4948245538e+01
1.3777819398e+00 2.4075455988e-01 8.4340802307e+01
1.4150404013e+00 2.4530942838e-01 8.3412396483e+01
1.3359609516e+00 2.3619969139e-01 8.4180845518e+01
1.2395204497e+00 2.2487407243e-01 8.5299658755e+01
1.2704234821e+00 2.2856720904e-01 8.4820412361e+01
1.4180924801e+00 2.4494011472e-01 8.4852373054e+01
1.2704589667e+00 2.2869031360e-01 8.4532692172e+01
1.3473694789e+00 2.3730763237e-01 8.4532692172e+01
1.2856833554e+00 2.3053688191e-01 8.4244833624e+01
1.3381179676e+00 2.3632279594e-01 8.4436755064e+01
1.3491904349e+00 2.3730763237e-01 8.5012152633e+01
1.4434536414e+00 2.4789462401e-01 8.4404772564e+01
1.2942034517e+00 2.3127550923e-01 8.4756486116e+01
1.3400741732e+00 2.3656900505e-01 8.4372788316e+01
1.3567438496e+00 2.3866178247e-01 8.3860794078e+01
1.3403328580e+00 2.3656900505e-01 8.4436755064e+01
1.2998984911e+00 2.3213724111e-01 8.4244833624e+01
1.1499629691e+00 2.1441018535e-01 8.5650894846e+01
1.3072443862e+00 2.3287586843e-01 8.4436755064e+01
1.3170275820e+00 2.3386070486e-01 8.4692553325e+01
1.3681268594e+00 2.3964661890e-01 8.4436755064e+01
1.2442958549e+00 2.2561269975e-01 8.4788450052e+01
1.2781708719e+00 2.2930583637e-01 8.5171893334e+01
1.2452756632e+00 2.2598201341e-01 8.4180845518e+01
1.3759448728e+00 2.4050835077e-01 8.4436755064e+01
1.3608400829e+00 2.3878488702e-01 8.4564667778e+01
1.3242104130e+00 2.3484554129e-01 8.4276824972e+01
1.3069161462e+00 2.3299897299e-01 8.4084849675e+01
1.2826382366e+00 2.2992135914e-01 8.4884332141e+01
1.3459308342e+00 2.3743073693e-01 8.3924819428e+01
1.2425310694e+00 2.2548959520e-01 8.4596641686e+01
1.2094629680e+00 2.2167335403e-01 8.4660584449e+01
1.3896868887e+00 2.4223181453e-01 8.3988837165e+01
1.3741589471e+00 2.4038524622e-01 8.4276824972e+01
1.2942034517e+00 2.3127550923e-01 8.4756486116e+01
1.2328482993e+00 2.2413544510e-01 8.5235779013e+01
1.1539448342e+00 2.1502570811e-01 8.5203836921e+01
1.2335125919e+00 2.2438165421e-01 8.4788450052e+01
1.2642381741e+00 2.2782858172e-01 8.4916289633e+01
1.3099016301e+00 2.3324518209e-01 8.4276824972e+01
1.2821038775e+00 2.2979825458e-01 8.5044103843e+01
1.2879865867e+00 2.3053688191e-01 8.4852373054e+01
1.4177377655e+00 2.4543253293e-01 8.3732720205e+01
1.2539343442e+00 2.2659753618e-01 8.5076053508e+01
1.2576703044e+00 2.2721305895e-01 8.4596641686e+01
1.2440991604e+00 2.2573580430e-01 8.4436755064e+01
1.2153122510e+00 2.2241198135e-01 8.4500714858e+01
1.2191191374e+00 2.2265819046e-01 8.4980199868e+01
1.2168266390e+00 2.2228887680e-01 8.5267719621e+01
1.3643105931e+00 2.3915420068e-01 8.4596641686e+01
1.3036673323e+00 2.3226034566e-01 8.4948245538e+01
1.1896462982e+00 2.1933436750e-01 8.4788450052e+01
1.3402295931e+00 2.3644590050e-01 8.4692553325e+01
1.2802305767e+00 2.2992135914e-01 8.4244833624e+01
1.2848465010e+00 2.3041377735e-01 8.4308814530e+01
1.3165196011e+00 2.3373760031e-01 8.4852373054e+01
1.2704367026e+00 2.2844410449e-01 8.5139948243e+01
1.2774663166e+00 2.2942894092e-01 8.4660584449e+01
1.1807870723e+00 2.1798021741e-01 8.5714737975e+01
1.3877316753e+00 2.4198560542e-01 8.4052847370e+01
1.1701544514e+00 2.1687227642e-01 8.5331596426e+01
1.2657243965e+00 2.2782858172e-01 8.5363532643e+01
1.2711670243e+00 2.2869031360e-01 8.4724520544e+01
1.3073138874e+00 2.3299897299e-01 8.4180845518e+01
1.3087165162e+00 2.3299897299e-01 8.4532692172e+01
1.2933665590e+00 2.3102930012e-01 8.5139948243e+01
1.2227578356e+00 2.2302750412e-01 8.5108001638e+01
1.2738426580e+00 2.2905962726e-01 8.4564667778e+01
1.3189598346e+00 2.3423001852e-01 8.4340802307e+01
1.3575932941e+00 2.3866178247e-01 8.4052847370e+01
1.3065196839e+00 2.3275276388e-01 8.4532692172e+01
1.2918970142e+00 2.3102930012e-01 8.4724520544e+01
1.1883585124e+00 2.1908815839e-01 8.5044103843e+01
1.3540331358e+00 2.3866178247e-01 8.3284209632e+01
1.2645294419e+00 2.2795168628e-01 8.4692553325e+01
1.3432675456e+00 2.3693831871e-01 8.4340802307e+01
1.3079623049e+00 2.3299897299e-01 8.4340802307e+01
1.3192311858e+00 2.3410691397e-01 8.4692553325e+01
1.1548496918e+00 2.1527191722e-01 8.4820412361e+01
1.3248555645e+00 2.3484554129e-01 8.4436755064e+01
1.2878988345e+00 2.3065998646e-01 8.4532692172e+01
1.3604766957e+00 2.3866178247e-01 8.4756486116e+01
1.2620663734e+00 2.2758237261e-01 8.4916289633e+01
1.4006440397e+00 2.4333975551e-01 8.4180845518e+01
1.2371848286e+00 2.2475096787e-01 8.4916289633e+01
1.3378596866e+00 2.3632279594e-01 8.4372788316e+01
1.3459308342e+00 2.3743073693e-01 8.3924819428e+01
1.2877562451e+00 2.3053688191e-01 8.4788450052e+01
1.2108855663e+00 2.2155024947e-01 8.5427400756e+01
1.2456961151e+00 2.2561269975e-01 8.5203836921e+01
1.3410513418e+00 2.3669210960e-01 8.4340802307e+01
1.3558997353e+00 2.3816936425e-01 8.4724520544e+01
1.3742940870e+00 2.4038524622e-01 8.4308814530e+01
1.2396326824e+00 2.2536649064e-01 8.4116850127e+01
1.2739620113e+00 2.2905962726e-01 8.4596641686e+01
1.3746123761e+00 2.4026214167e-01 8.4660584449e+01
1.2113560621e+00 2.2155024947e-01 8.5587046306e+01
1.2799974284e+00 2.2967515003e-01 8.4756486116e+01
1.2902969453e+00 2.3065998646e-01 8.5203836921e+01
1.2462521765e+00 2.2573580430e-01 8.5044103843e+01
1.3460044193e+00 2.3718452782e-01 8.4468735825e+01
1.2996819044e+00 2.3189103200e-01 8.4756486116e+01
1.2397588018e+00 2.2536649064e-01 8.4148848738e+01
1.2814477081e+00 2.3004446369e-01 8.4276824972e+01
1.2588111244e+00 2.2721305895e-01 8.4916289633e+01
1.2389001150e+00 2.2499717698e-01 8.4788450052e+01
1.2899624375e+00 2.3090619557e-01 8.4500714858e+01
1.2541704246e+00 2.2696684984e-01 8.4244833624e+01
1.3821225738e+00 2.4124697810e-01 8.4308814530e+01
1.1849655896e+00 2.1871884473e-01 8.4980199868e+01
1.3471140452e+00 2.3730763237e-01 8.4468735825e+01
1.3329616209e+00 2.3558416862e-01 8.4820412361e+01
1.2796464199e+00 2.2967515003e-01 8.4660584449e+01
1.3042833745e+00 2.3262965932e-01 8.4244833624e+01
1.2870075495e+00 2.3041377735e-01 8.4884332141e+01
1.1922192232e+00 2.1933436750e-01 8.5618971257e+01
1.3750034808e+00 2.4050835077e-01 8.4212840476e+01
1.3657647094e+00 2.3940040979e-01 8.4404772564e+01
1.2340604134e+00 2.2438165421e-01 8.4948245538e+01
1.2331498603e+00 2.2413544510e-01 8.5331596426e+01
1.2605474823e+00 2.2733616351e-01 8.5108001638e+01
1.3705370267e+00 2.4001593256e-01 8.4212840476e+01
1.2210514182e+00 2.2290439956e-01 8.4916289633e+01
1.2814698693e+00 2.2992135914e-01 8.4564667778e+01
1.2261872974e+00 2.2339681778e-01 8.5171893334e+01
1.2261872974e+00 2.2339681778e-01 8.5171893334e+01
1.3275519730e+00 2.3496864585e-01 8.4852373054e+01
1.2036830852e+00 2.2081162215e-01 8.5171893334e+01
1.3779158704e+00 2.4075455988e-01 8.4372788316e+01
1.2533371233e+00 2.2684374529e-01 8.4308814530e+01
1.3274416515e+00 2.3509175040e-01 8.4532692172e+01
1.3230173891e+00 2.3447622763e-01 8.4820412361e+01
1.2556688034e+00 2.2684374529e-01 8.4948245538e+01
1.4380647938e+00 2.4740220579e-01 8.4212840476e+01
1.2519016823e+00 2.2659753618e-01 8.4500714858e+01
1.3550317645e+00 2.3804625970e-01 8.4788450052e+01
1.2298616773e+00 2.2388923600e-01 8.4980199868e+01
1.2334009777e+00 2.2438165421e-01 8.4756486116e+01
1.3279584914e+00 2.3533795951e-01 8.4116850127e+01
1.3507008714e+00 2.3767694603e-01 8.4532692172e+01
1.3826584154e+00 2.4124697810e-01 8.4436755064e+01
1.3161657785e+00 2.3373760031e-01 8.4756486116e+01
1.2197130672e+00 2.2290439956e-01 8.4532692172e+01
1.2976412983e+00 2.3152171834e-01 8.5108001638e+01
1.2777006528e+00 2.2942894092e-01 8.4724520544e+01
1.4363518197e+00 2.4727910124e-01 8.4084849675e+01
1.3075754267e+00 2.3299897299e-01 8.4244833624e+01
1.2177992174e+00 2.2265819046e-01 8.4596641686e+01
1.2269520630e+00 2.2351992233e-01 8.5076053508e+01
1.3011232947e+00 2.3226034566e-01 8.4276824972e+01
1.3807309780e+00 2.4112387354e-01 8.4244833624e+01
1.2837722187e+00 2.3016756825e-01 8.4596641686e+01
1.3606415019e+00 2.3890799157e-01 8.4244833624e+01
1.2071006634e+00 2.2142714492e-01 8.4596641686e+01
1.3676550043e+00 2.3940040979e-01 8.4884332141e+01
1.3249868613e+00 2.3472243674e-01 8.4756486116e+01
1.3960400292e+00 2.4260112819e-01 8.4692553325e+01
1.2742497537e+00 2.2893652271e-01 8.4980199868e+01
1.2502543984e+00 2.2622822252e-01 8.4948245538e+01
1.3597263269e+00 2.3866178247e-01 8.4564667778e+01
1.2734593320e+00 2.2893652271e-01 8.4756486116e+01
1.2355548164e+00 2.2462786332e-01 8.4756486116e+01
1.3356464815e+00 2.3607658683e-01 8.4372788316e+01
1.2461450656e+00 2.2573580430e-01 8.5012152633e+01
1.2197487476e+00 2.2253508590e-01 8.5523192275e+01
1.2355034756e+00 2.2438165421e-01 8.5395467416e+01
1.3462596543e+00 2.3718452782e-01 8.4532692172e+01
1.4147200590e+00 2.4481701016e-01 8.4308814530e+01
1.3378910132e+00 2.3619969139e-01 8.4660584449e+01
1.3784937324e+00 2.4087766444e-01 8.4244833624e+01
1.3661563314e+00 2.3940040979e-01 8.4500714858e+01
1.2744323729e+00 2.2905962726e-01 8.4724520544e+01
1.3983958267e+00 2.4309354641e-01 8.4180845518e+01
1.3367969802e+00 2.3632279594e-01 8.4116850127e+01
1.1810257787e+00 2.1822642652e-01 8.5076053508e+01
1.3027356135e+00 2.3226034566e-01 8.4692553325e+01
1.2694914122e+00 2.2856720904e-01 8.4564667778e+01
1.2471967344e+00 2.2598201341e-01 8.4692553325e+01
1.2619551544e+00 2.2758237261e-01 8.4884332141e+01
1.3477037918e+00 2.3743073693e-01 8.4340802307e+01
1.2843678141e+00 2.3053688191e-01 8.3924819428e+01
1.2943202492e+00 2.3127550923e-01 8.4788450052e+01
1.3505079666e+00 2.3792315514e-01 8.3956829243e+01
1.3254601474e+00 2.3472243674e-01 8.4884332141e+01
1.3435753585e+00 2.3706142326e-01 8.4148848738e+01
1.1775399189e+00 2.1785711285e-01 8.4980199868e+01
1.2121540043e+00 2.2191956313e-01 8.4820412361e+01
1.4813589067e+00 2.5220328340e-01 8.3956829243e+01
1.3805936902e+00 2.4112387354e-01 8.4212840476e+01
1.2458859548e+00 2.2585890886e-01 8.4628613906e+01
1.2437393030e+00 2.2536649064e-01 8.5267719621e+01
1.2788299408e+00 2.2942894092e-01 8.5044103843e+01
1.2951846139e+00 2.3152171834e-01 8.4436755064e+01
1.3113614179e+00 2.3312207754e-01 8.4948245538e+01
1.2762522184e+00 2.2942894092e-01 8.4340802307e+01
1.2187982765e+00 2.2265819046e-01 8.4884332141e+01
1.2942142624e+00 2.3139861378e-01 8.4468735825e+01
1.2735707413e+00 2.2918273181e-01 8.4212840476e+01
1.1975497771e+00 2.1994989027e-01 8.5618971257e+01
1.1607457225e+00 2.1601054455e-01 8.4692553325e+01
1.3465942506e+00 2.3730763237e-01 8.4340802307e+01
1.2956473325e+00 2.3164482289e-01 8.4276824972e+01
1.1624721586e+00 2.1601054455e-01 8.5235779013e+01
1.2774065140e+00 2.2967515003e-01 8.4084849675e+01
1.1885613645e+00 2.1908815839e-01 8.5108001638e+01
1.1354273190e+00 2.1280982614e-01 8.5331596426e+01
1.2327665448e+00 2.2425854966e-01 8.4884332141e+01
1.4039932042e+00 2.4358596462e-01 8.4436755064e+01
1.2990634200e+00 2.3164482289e-01 8.5203836921e+01
1.3133604470e+00 2.3349139120e-01 8.4596641686e+01
1.3149391295e+00 2.3373760031e-01 8.4436755064e+01
1.3200613588e+00 2.3435312308e-01 8.4340802307e+01
1.3111296398e+00 2.3336828665e-01 8.4308814530e+01
1.3943171882e+00 2.4272423274e-01 8.4020843204e+01
1.3666585985e+00 2.3927730524e-01 8.4916289633e+01
1.3595986405e+00 2.3866178247e-01 8.4532692172e+01
1.2720217542e+00 2.2881341815e-01 8.4660584449e+01
1.2874564881e+00 2.3041377735e-01 8.5012152633e+01
1.3677749980e+00 2.3940040979e-01 8.4916289633e+01
1.2645681789e+00 2.2782858172e-01 8.5012152633e+01
1.4048487648e+00 2.4370906918e-01 8.4372788316e+01
1.1595743818e+00 2.1576433544e-01 8.4980199868e+01
1.1596751186e+00 2.1576433544e-01 8.5012152633e+01
1.2919023786e+00 2.3115240468e-01 8.4436755064e+01
1.2399786060e+00 2.2512028154e-01 8.4788450052e+01
1.3190060667e+00 2.3435312308e-01 8.4084849675e+01
1.3324406413e+00 2.3546106406e-01 8.4980199868e+01
1.2463437308e+00 2.2585890886e-01 8.4756486116e+01
1.3939031899e+00 2.4260112819e-01 8.4180845518e+01
1.4323942099e+00 2.4678668302e-01 8.4212840476e+01
1.1186287619e+00 2.1096325784e-01 8.4948245538e+01
1.2314637724e+00 2.2401234055e-01 8.5139948243e+01
1.2176178905e+00 2.2253508590e-01 8.4852373054e+01
1.3445417365e+00 2.3693831871e-01 8.4660584449e+01
1.3492557899e+00 2.3767694603e-01 8.4180845518e+01
1.2438287395e+00 2.2524338609e-01 8.5650894846e+01
1.3345403597e+00 2.3595348228e-01 8.4372788316e+01
1.3537785130e+00 2.3804625970e-01 8.4468735825e+01
1.2816318215e+00 2.3016756825e-01 8.4052847370e+01
1.4138318110e+00 2.4494011472e-01 8.3860794078e+01
1.2969767299e+00 2.3139861378e-01 8.5235779013e+01
1.2766238727e+00 2.2942894092e-01 8.4436755064e+01
1.3861518265e+00 2.4161629176e-01 8.4468735825e+01
1.2349204535e+00 2.2450475877e-01 8.4884332141e+01
1.2821793971e+00 2.2992135914e-01 8.4756486116e+01
1.3822576782e+00 2.4124697810e-01 8.4340802307e+01
1.3072466919e+00 2.3275276388e-01 8.4724520544e+01
1.3080898163e+00 2.3299897299e-01 8.4372788316e+01
1.2163278669e+00 2.2241198135e-01 8.4788450052e+01
1.2395258214e+00 2.2512028154e-01 8.4660584449e+01
1.2179405097e+00 2.2253508590e-01 8.4948245538e+01
1.4113321522e+00 2.4457080105e-01 8.4052847370e+01
1.2675526366e+00 2.2844410449e-01 8.4340802307e+01
1.4609976509e+00 2.5035671509e-01 8.3316259486e+01
1.2872263843e+00 2.3029067280e-01 8.5267719621e+01
1.2037833772e+00 2.2081162215e-01 8.5203836921e+01
1.1637928540e+00 2.1625675365e-01 8.4980199868e+01
1.2674983253e+00 2.2819789538e-01 8.4916289633e+01
1.2703094328e+00 2.2856720904e-01 8.4788450052e+01
1.4727540257e+00 2.5146465607e-01 8.3604614884e+01
1.4150031399e+00 2.4494011472e-01 8.4116850127e+01
1.4166097024e+00 2.4530942838e-01 8.3732720205e+01
1.3020959384e+00 2.3189103200e-01 8.5459332672e+01
1.4167623227e+00 2.4530942838e-01 8.3764741596e+01
1.3391457130e+00 2.3669210960e-01 8.3892807710e+01
1.2538257012e+00 2.2684374529e-01 8.4436755064e+01
1.2200452627e+00 2.2265819046e-01 8.5267719621e+01
1.2253156307e+00 2.2327371323e-01 8.5235779013e+01
1.2810882502e+00 2.2979825458e-01 8.4756486116e+01
1.2490114514e+00 2.2622822252e-01 8.4596641686e+01
1.3237524516e+00 2.3472243674e-01 8.4436755064e+01
1.2298345808e+00 2.2401234055e-01 8.4660584449e+01
1.2791409947e+00 2.2979825458e-01 8.4244833624e+01
1.2869276278e+00 2.3053688191e-01 8.4564667778e+01
1.3086734226e+00 2.3312207754e-01 8.4244833624e+01
1.2510568622e+00 2.2647443163e-01 8.4564667778e+01
1.2629287933e+00 2.2770547717e-01 8.4852373054e+01
1.2707533128e+00 2.2844410449e-01 8.5235779013e+01
1.3599569834e+00 2.3890799157e-01 8.4084849675e+01
1.3596779112e+00 2.3890799157e-01 8.4020843204e+01
1.3033233350e+00 2.3226034566e-01 8.4852373054e+01
1.3914932786e+00 2.4247802364e-01 8.3892807710e+01
1.3136766744e+00 2.3336828665e-01 8.4980199868e+01
1.2570511104e+00 2.2708995440e-01 8.4724520544e+01
1.3398585127e+00 2.3644590050e-01 8.4596641686e+01
1.2198707784e+00 2.2278129501e-01 8.4884332141e+01
1.3516842333e+00 2.3780005059e-01 8.4500714858e+01
1.3464624419e+00 2.3730763237e-01 8.4308814530e+01
1.2841779370e+00 2.3004446369e-01 8.5012152633e+01
1.2585174182e+00 2.2733616351e-01 8.4532692172e+01
1.3510793257e+00 2.3767694603e-01 8.4628613906e+01
1.2853380255e+00 2.3029067280e-01 8.4724520544e+01
1.3079623049e+00 2.3299897299e-01 8.4340802307e+01
1.3899665951e+00 2.4210870998e-01 8.4308814530e+01
1.3372699195e+00 2.3607658683e-01 8.4788450052e+01
1.3232382001e+00 2.3472243674e-01 8.4308814530e+01
1.3084642579e+00 2.3287586843e-01 8.4756486116e+01
1.3372010429e+00 2.3632279594e-01 8.4212840476e+01
1.3184934523e+00 2.3410691397e-01 8.4500714858e+01
1.3575932941e+00 2.3866178247e-01 8.4052847370e+01
1.1401952285e+00 2.1342534891e-01 8.5171893334e+01
1.1986948446e+00 2.2031920393e-01 8.4948245538e+01
1.2075491384e+00 2.2130404036e-01 8.5044103843e+01
1.2561953509e+00 2.2696684984e-01 8.4788450052e+01
1.3439790872e+00 2.3706142326e-01 8.4244833624e+01
1.2834123181e+00 2.3041377735e-01 8.3956829243e+01
1.2411006536e+00 2.2536649064e-01 8.4500714858e+01
1.3444176564e+00 2.3693831871e-01 8.4628613906e+01
1.2361778174e+00 2.2475096787e-01 8.4628613906e+01
1.3036256609e+00 2.3262965932e-01 8.4084849675e+01
1.3829694919e+00 2.4137008265e-01 8.4244833624e+01
1.2434936438e+00 2.2561269975e-01 8.4564667778e+01
1.3728608679e+00 2.4050835077e-01 8.3732720205e+01
1.2847084137e+00 2.3016756825e-01 8.4852373054e+01
1.1825552179e+00 2.1822642652e-01 8.5587046306e+01
1.3416967061e+00 2.3669210960e-01 8.4500714858e+01
1.2888694580e+00 2.3078309102e-01 8.4500714858e+01
1.3092048511e+00 2.3299897299e-01 8.4660584449e+01
1.2613885896e+00 2.2758237261e-01 8.4724520544e+01
1.3975507008e+00 2.4297044185e-01 8.4244833624e+01
1.4512359451e+00 2.4863325133e-01 8.4628613906e+01
1.2847084137e+00 2.3016756825e-01 8.4852373054e+01
1.2518636738e+00 2.2647443163e-01 8.4788450052e+01
1.3052861813e+00 2.3250655477e-01 8.4788450052e+01
1.2633340533e+00 2.2795168628e-01 8.4372788316e+01
1.3181733691e+00 2.3423001852e-01 8.4148848738e+01
1.3490613931e+00 2.3792315514e-01 8.3636644199e+01
1.3835118502e+00 2.4137008265e-01 8.4372788316e+01
1.2099635754e+00 2.2179645858e-01 8.4500714858e+01
1.4268492511e+00 2.4629426481e-01 8.3988837165e+01
1.3280172177e+00 2.3496864585e-01 8.4980199868e+01
1.4209008487e+00 2.4567874204e-01 8.3924819428e+01
1.2422469093e+00 2.2524338609e-01 8.5139948243e+01
1.2785551595e+00 2.2967515003e-01 8.4372788316e+01
1.3780490407e+00 2.4075455988e-01 8.4404772564e+01
1.3535514029e+00 2.3792315514e-01 8.4692553325e+01
1.2437679341e+00 2.2548959520e-01 8.4948245538e+01
1.2829157566e+00 2.3016756825e-01 8.4372788316e+01
1.2600724045e+00 2.2745926806e-01 8.4660584449e+01
1.2665903448e+00 2.2832099994e-01 8.4372788316e+01
1.3074832504e+00 2.3275276388e-01 8.4788450052e+01
1.3225789140e+00 2.3472243674e-01 8.4148848738e+01
1.1866352657e+00 2.1884194929e-01 8.5171893334e+01
1.2122410713e+00 2.2167335403e-01 8.5523192275e+01
1.3602295723e+00 2.3866178247e-01 8.4692553325e+01
1.2376145800e+00 2.2475096787e-01 8.5044103843e+01
1.2999369403e+00 2.3201413655e-01 8.4532692172e+01
1.2255607006e+00 2.2339681778e-01 8.4980199868e+01
1.3116394475e+00 2.3336828665e-01 8.4436755064e+01
1.2838917287e+00 2.3016756825e-01 8.4628613906e+01
1.3006614795e+00 2.3213724111e-01 8.4436755064e+01
1.3713853702e+00 2.3989282800e-01 8.4692553325e+01
1.2677995152e+00 2.2844410449e-01 8.4404772564e+01
1.2505788576e+00 2.2622822252e-01 8.5044103843e+01
1.3662115802e+00 2.3952351434e-01 8.4244833624e+01
1.4369300508e+00 2.4727910124e-01 8.4212840476e+01
1.2542535033e+00 2.2672064074e-01 8.4852373054e+01
1.1787232722e+00 2.1785711285e-01 8.5363532643e+01
1.1792438059e+00 2.1810332196e-01 8.4852373054e+01
1.3077410100e+00 2.3287586843e-01 8.4564667778e+01
1.2486579332e+00 2.2622822252e-01 8.4500714858e+01
1.2715667518e+00 2.2844410449e-01 8.5491263175e+01
1.2351377110e+00 2.2450475877e-01 8.4948245538e+01
1.2734459192e+00 2.2869031360e-01 8.5395467416e+01
1.2649984019e+00 2.2782858172e-01 8.5139948243e+01
1.3430583077e+00 2.3681521416e-01 8.4564667778e+01
1.2540288575e+00 2.2672064074e-01 8.4788450052e+01
1.3486850370e+00 2.3780005059e-01 8.3796761031e+01
1.3155345322e+00 2.3361449576e-01 8.4884332141e+01
1.2814477081e+00 2.3004446369e-01 8.4276824972e+01
1.2110667099e+00 2.2167335403e-01 8.5139948243e+01
1.3254871740e+00 2.3459933219e-01 8.5203836921e+01
1.3196711030e+00 2.3435312308e-01 8.4244833624e+01
1.3176211784e+00 2.3435312308e-01 8.3764741596e+01
1.3940425108e+00 2.4260112819e-01 8.4212840476e+01
1.2835219014e+00 2.2992135914e-01 8.5139948243e+01
1.2329632880e+00 2.2450475877e-01 8.4340802307e+01
1.2423509225e+00 2.2524338609e-01 8.5171893334e+01
1.3700948321e+00 2.3989282800e-01 8.4372788316e+01
1.3166360890e+00 2.3373760031e-01 8.4884332141e+01
1.3804556399e+00 2.4112387354e-01 8.4180845518e+01
1.3424198558e+00 2.3681521416e-01 8.4404772564e+01
1.3366365949e+00 2.3595348228e-01 8.4916289633e+01
1.2882481096e+00 2.3078309102e-01 8.4340802307e+01
1.2403039399e+00 2.2487407243e-01 8.5555119982e+01
1.3858863477e+00 2.4161629176e-01 8.4404772564e+01
1.3943173599e+00 2.4297044185e-01 8.3540550223e+01
1.4029829021e+00 2.4395527828e-01 8.3476477450e+01
1.3051738339e+00 2.3262965932e-01 8.4468735825e+01
1.3692758625e+00 2.4001593256e-01 8.3924819428e+01
1.2890799606e+00 2.3065998646e-01 8.4852373054e+01
1.3382459991e+00 2.3632279594e-01 8.4468735825e+01
1.3012516414e+00 2.3226034566e-01 8.4308814530e+01
1.2787201906e+00 2.2942894092e-01 8.5012152633e+01
1.3034444926e+00 2.3250655477e-01 8.4308814530e+01
1.3787656042e+00 2.4087766444e-01 8.4308814530e+01
1.2273409145e+00 2.2376613144e-01 8.4564667778e+01
1.3145569567e+00 2.3373760031e-01 8.4340802307e+01
1.2566425941e+00 2.2696684984e-01 8.4916289633e+01
1.3370670952e+00 2.3632279594e-01 8.4180845518e+01
1.3649610909e+00 2.3952351434e-01 8.3956829243e+01
1.2453833077e+00 2.2561269975e-01 8.5108001638e+01
1.3923585625e+00 2.4247802364e-01 8.4084849675e+01
1.2895915360e+00 2.3078309102e-01 8.4692553325e+01
1.2643670068e+00 2.2819789538e-01 8.4084849675e+01
1.3290072875e+00 2.3509175040e-01 8.4948245538e+01
1.2839554254e+00 2.3004446369e-01 8.4948245538e+01
1.2898394965e+00 2.3090619557e-01 8.4468735825e+01
1.2815512658e+00 2.2967515003e-01 8.5203836921e+01
1.2833867353e+00 2.3004446369e-01 8.4788450052e+01
1.2797641306e+00 2.2967515003e-01 8.4692553325e+01
1.2952984943e+00 2.3139861378e-01 8.4756486116e+01
1.3637104126e+00 2.3927730524e-01 8.4180845518e+01
1.3136039373e+00 2.3349139120e-01 8.4660584449e+01
1.3276509611e+00 2.3521485496e-01 8.4308814530e+01
1.2393177295e+00 2.2487407243e-01 8.5235779013e+01
1.3068864381e+00 2.3275276388e-01 8.4628613906e+01
1.3123600982e+00 2.3312207754e-01 8.5235779013e+01
1.1746663824e+00 2.1748779919e-01 8.5076053508e+01
1.3910884361e+00 2.4223181453e-01 8.4308814530e+01
1.3944558571e+00 2.4260112819e-01 8.4308814530e+01
1.2629287933e+00 2.2770547717e-01 8.4852373054e+01
1.2973096800e+00 2.3152171834e-01 8.5012152633e+01
1.3600621098e+00 2.3878488702e-01 8.4372788316e+01
1.1866352657e+00 2.1884194929e-01 8.5171893334e+01
1.2536111697e+00 2.2659753618e-01 8.4980199868e+01
1.2636741854e+00 2.2782858172e-01 8.4756486116e+01
1.3157854127e+00 2.3386070486e-01 8.4372788316e+01
1.3938827317e+00 2.4272423274e-01 8.3924819428e+01
1.3764008014e+00 2.4075455988e-01 8.4020843204e+01
1.2295381517e+00 2.2388923600e-01 8.4884332141e+01
1.2735743620e+00 2.2893652271e-01 8.4788450052e+01
1.2640465824e+00 2.2807479083e-01 8.4276824972e+01
1.3150645932e+00 2.3361449576e-01 8.4756486116e+01
1.2516366219e+00 2.2647443163e-01 8.4724520544e+01
1.2356688908e+00 2.2450475877e-01 8.5108001638e+01
1.3434324817e+00 2.3681521416e-01 8.4660584449e+01
1.2615032987e+00 2.2758237261e-01 8.4756486116e+01
1.2977229892e+00 2.3164482289e-01 8.4820412361e+01
1.3145569567e+00 2.3373760031e-01 8.4340802307e+01
1.2487952977e+00 2.2573580430e-01 8.5874322654e+01
1.3321107907e+00 2.3558416862e-01 8.4596641686e+01
1.2571654474e+00 2.2708995440e-01 8.4756486116e+01
1.3771008796e+00 2.4075455988e-01 8.4180845518e+01
1.2342747597e+00 2.2438165421e-01 8.5012152633e+01
1.2460372655e+00 2.2573580430e-01 8.4980199868e+01
1.3765423388e+00 2.4075455988e-01 8.4052847370e+01
1.2613101662e+00 2.2745926806e-01 8.5012152633e+01
1.1583892493e+00 2.1539502178e-01 8.5650894846e+01
1.2473383932e+00 2.2610511797e-01 8.4436755064e+01
1.2055146619e+00 2.2105783126e-01 8.5076053508e+01
1.2387069972e+00 2.2512028154e-01 8.4436755064e+01
1.3754114901e+00 2.4050835077e-01 8.4308814530e+01
1.3580078759e+00 2.3866178247e-01 8.4148848738e+01
1.3190883579e+00 2.3423001852e-01 8.4372788316e+01
1.1946705094e+00 2.1970368116e-01 8.5363532643e+01
1.2778167609e+00 2.2942894092e-01 8.4756486116e+01
1.4421727940e+00 2.4789462401e-01 8.4116850127e+01
1.3168668855e+00 2.3373760031e-01 8.4948245538e+01
1.3078340695e+00 2.3299897299e-01 8.4308814530e+01
1.1751280423e+00 2.1736469464e-01 8.5587046306e+01
1.2402008774e+00 2.2512028154e-01 8.4852373054e+01
1.3263292382e+00 2.3484554129e-01 8.4820412361e+01
1.3187005989e+00 2.3423001852e-01 8.4276824972e+01
1.3115747017e+00 2.3349139120e-01 8.4148848738e+01
1.3135058195e+00 2.3373760031e-01 8.4084849675e+01
1.3535545354e+00 2.3829246880e-01 8.3892807710e+01
1.3041825592e+00 2.3275276388e-01 8.3956829243e+01
1.3701234554e+00 2.4001593256e-01 8.4116850127e+01
1.1737041863e+00 2.1724159008e-01 8.5459332672e+01
1.2617702878e+00 2.2770547717e-01 8.4532692172e+01
1.2908486872e+00 2.3078309102e-01 8.5044103843e+01
1.2689917548e+00 2.2844410449e-01 8.4724520544e+01
1.2982940406e+00 2.3164482289e-01 8.4980199868e+01
1.3375984479e+00 2.3632279594e-01 8.4308814530e+01
1.2696103808e+00 2.2856720904e-01 8.4596641686e+01
1.3274128106e+00 2.3533795951e-01 8.3988837165e+01
1.2022076088e+00 2.2068851759e-01 8.5044103843e+01
1.3592570999e+00 2.3878488702e-01 8.4180845518e+01
1.2987379840e+00 2.3164482289e-01 8.5108001638e+01
1.3387363041e+00 2.3656900505e-01 8.4052847370e+01
1.2563082045e+00 2.2696684984e-01 8.4820412361e+01
1.2750044631e+00 2.2905962726e-01 8.4884332141e+01
1.1783091095e+00 2.1773400830e-01 8.5587046306e+01
1.2747932198e+00 2.2893652271e-01 8.5139948243e+01
1.2439838699e+00 2.2548959520e-01 8.5012152633e+01
1.3292712299e+00 2.3533795951e-01 8.4436755064e+01
1.3004221823e+00 2.3201413655e-01 8.4660584449e+01
1.3155345322e+00 2.3361449576e-01 8.4884332141e+01
1.2799974284e+00 2.2967515003e-01 8.4756486116e+01
1.2313599296e+00 2.2401234055e-01 8.5108001638e+01
1.2200288863e+00 2.2253508590e-01 8.5618971257e+01
1.2581349898e+00 2.2721305895e-01 8.4724520544e+01
1.3227796583e+00 2.3447622763e-01 8.4756486116e+01
1.2359793969e+00 2.2450475877e-01 8.5203836921e+01
1.4329382537e+00 2.4715599669e-01 8.3604614884e+01
1.2895324672e+00 2.3065998646e-01 8.4980199868e+01
1.3344467690e+00 2.3583037773e-01 8.4628613906e+01
1.2727134898e+00 2.2881341815e-01 8.4852373054e+01
1.2725137297e+00 2.2893652271e-01 8.4500714858e+01
1.2719610928e+00 2.2869031360e-01 8.4948245538e+01
1.3115242146e+00 2.3324518209e-01 8.4692553325e+01
1.2841313010e+00 2.3029067280e-01 8.4404772564e+01
1.1892923982e+00 2.1896505384e-01 8.5714737975e+01
1.3571681907e+00 2.3853867791e-01 8.4212840476e+01
1.3829694919e+00 2.4137008265e-01 8.4244833624e+01
1.3206279895e+00 2.3410691397e-01 8.5076053508e+01
1.3553468936e+00 2.3829246880e-01 8.4308814530e+01
1.2744464267e+00 2.2918273181e-01 8.4436755064e+01
1.3326444430e+00 2.3583037773e-01 8.4180845518e+01
1.2703094328e+00 2.2856720904e-01 8.4788450052e+01
1.4533993046e+00 2.4912566955e-01 8.4084849675e+01
1.4148093434e+00 2.4506321927e-01 8.3828778522e+01
1.3095635067e+00 2.3299897299e-01 8.4756486116e+01
1.2646451302e+00 2.2795168628e-01 8.4724520544e+01
1.3631375374e+00 2.3915420068e-01 8.4308814530e+01
1.3712174769e+00 2.4026214167e-01 8.3860794078e+01
1.3805834983e+00 2.4087766444e-01 8.4756486116e+01
1.3383732914e+00 2.3632279594e-01 8.4500714858e+01
1.2624931534e+00 2.2807479083e-01 8.3892807710e+01
1.2402946487e+00 2.2499717698e-01 8.5203836921e+01
1.2914205727e+00 2.3102930012e-01 8.4596641686e+01
1.2854259506e+00 2.3053688191e-01 8.4180845518e+01
1.2429904776e+00 2.2548959520e-01 8.4724520544e+01
1.2888794932e+00 2.3053688191e-01 8.5108001638e+01
1.2573985128e+00 2.2696684984e-01 8.5139948243e+01
1.3706768101e+00 2.4013903711e-01 8.3988837165e+01
1.1822873635e+00 2.1834953107e-01 8.5139948243e+01
1.4368073016e+00 2.4752531035e-01 8.3700696849e+01
1.3825547065e+00 2.4137008265e-01 8.4148848738e+01
1.2585174182e+00 2.2733616351e-01 8.4532692172e+01
1.3171405285e+00 2.3398380942e-01 8.4436755064e+01
1.2641781771e+00 2.2795168628e-01 8.4596641686e+01
1.1983770321e+00 2.2031920393e-01 8.4852373054e+01
1.2882606534e+00 2.3065998646e-01 8.4628613906e+01
1.3340727165e+00 2.3583037773e-01 8.4532692172e+01
1.3625966069e+00 2.3915420068e-01 8.4180845518e+01
1.1799650439e+00 2.1810332196e-01 8.5076053508e+01
1.1926352839e+00 2.1945747206e-01 8.5395467416e+01
1.2627354392e+00 2.2782858172e-01 8.4500714858e+01
1.1457050371e+00 2.1428708079e-01 8.4596641686e+01
1.2374839498e+00 2.2487407243e-01 8.4692553325e+01
1.2288425052e+00 2.2364302689e-01 8.5331596426e+01
1.2562312626e+00 2.2708995440e-01 8.4500714858e+01
1.2506684862e+00 2.2635132707e-01 8.4756486116e+01
1.3899895707e+00 2.4247802364e-01 8.3572583562e+01
1.1301976913e+00 2.1219430337e-01 8.5331596426e+01
1.2758671211e+00 2.2918273181e-01 8.4820412361e+01
1.3554795238e+00 2.3829246880e-01 8.4340802307e+01
1.2806184456e+00 2.2979825458e-01 8.4628613906e+01
1.3281796458e+00 2.3509175040e-01 8.4724520544e+01
1.3629405685e+00 2.3903109613e-01 8.4532692172e+01
1.3817045141e+00 2.4137008265e-01 8.3956829243e+01
1.3307557391e+00 2.3546106406e-01 8.4532692172e+01
1.4892346595e+00 2.5306501527e-01 8.3924819428e+01
1.3067649090e+00 2.3275276388e-01 8.4596641686e+01
1.2272785136e+00 2.2364302689e-01 8.4852373054e+01
1.3234967897e+00 2.3472243674e-01 8.4372788316e+01
1.2476508119e+00 2.2585890886e-01 8.5139948243e+01
1.2325610975e+00 2.2401234055e-01 8.5491263175e+01
1.3183679462e+00 2.3410691397e-01 8.4468735825e+01
1.2927543329e+00 2.3115240468e-01 8.4660584449e+01
1.2437262932e+00 2.2561269975e-01 8.4628613906e+01
1.2373699107e+00 2.2487407243e-01 8.4660584449e+01
1.3712111700e+00 2.4001593256e-01 8.4372788316e+01
1.2327665448e+00 2.2425854966e-01 8.4884332141e+01
1.2959022883e+00 2.3164482289e-01 8.4340802307e+01
1.2735743620e+00 2.2893652271e-01 8.4788450052e+01
1.2799209275e+00 2.2955204548e-01 8.5044103843e+01
1.2290972501e+00 2.2388923600e-01 8.4756486116e+01
1.2931087334e+00 2.3115240468e-01 8.4756486116e+01
1.4137314200e+00 2.4481701016e-01 8.4084849675e+01
1.1941680531e+00 2.1958057661e-01 8.5555119982e+01
1.2897544486e+00 2.3065998646e-01 8.5044103843e+01
1.3516113809e+00 2.3792315514e-01 8.4212840476e+01
1.3831946748e+00 2.4112387354e-01 8.4852373054e+01
1.2926347700e+00 2.3115240468e-01 8.4628613906e+01
1.2606454850e+00 2.2745926806e-01 8.4820412361e+01
1.1841254400e+00 2.1847263562e-01 8.5395467416e+01
1.2866844720e+00 2.3053688191e-01 8.4500714858e+01
1.3877238626e+00 2.4186250087e-01 8.4308814530e+01
1.3621961898e+00 2.3878488702e-01 8.4916289633e+01
1.3457747459e+00 2.3706142326e-01 8.4692553325e+01
1.3580980419e+00 2.3853867791e-01 8.4436755064e+01
1.1951806720e+00 2.1994989027e-01 8.4852373054e+01
1.3086734226e+00 2.3312207754e-01 8.4244833624e+01
1.1670979141e+00 2.1637985821e-01 8.5746657535e+01
1.2994401941e+00 2.3201413655e-01 8.4404772564e+01
1.2345911564e+00 2.2438165421e-01 8.5108001638e+01
1.2995654594e+00 2.3201413655e-01 8.4436755064e+01
1.3103750604e+00 2.3299897299e-01 8.4980199868e+01
1.3083426675e+00 2.3299897299e-01 8.4436755064e+01
1.2973717573e+00 2.3164482289e-01 8.4724520544e+01
1.2711670243e+00 2.2869031360e-01 8.4724520544e+01
1.2723993810e+00 2.2869031360e-01 8.5076053508e+01
1.3477366676e+00 2.3755384148e-01 8.4084849675e+01
1.3781430946e+00 2.4112387354e-01 8.3668671517e+01
1.3520652198e+00 2.3780005059e-01 8.4596641686e+01
1.2980147927e+00 2.3201413655e-01 8.4052847370e+01
1.2940859391e+00 2.3127550923e-01 8.4724520544e+01
1.2552247023e+00 2.2684374529e-01 8.4820412361e+01
1.3701428013e+00 2.3976972345e-01 8.4660584449e+01
1.1830024933e+00 2.1871884473e-01 8.4404772564e+01
1.3061481834e+00 2.3262965932e-01 8.4724520544e+01
1.2798924805e+00 2.2979825458e-01 8.4436755064e+01
1.2123318956e+00 2.2204266769e-01 8.4564667778e+01
1.4424629896e+00 2.4789462401e-01 8.4180845518e+01
1.2871559515e+00 2.3065998646e-01 8.4340802307e+01
1.2830857369e+00 2.2992135914e-01 8.5012152633e+01
1.2925931509e+00 2.3090619557e-01 8.5235779013e+01
1.2662997015e+00 2.2807479083e-01 8.4884332141e+01
1.3099156535e+00 2.3299897299e-01 8.4852373054e+01
1.3050499981e+00 2.3250655477e-01 8.4724520544e+01
1.3093251262e+00 2.3299897299e-01 8.4692553325e+01
1.2567304543e+00 2.2684374529e-01 8.5267719621e+01
1.2177991458e+00 2.2241198135e-01 8.5235779013e+01
1.3049876306e+00 2.3275276388e-01 8.4148848738e+01
1.2480909311e+00 2.2598201341e-01 8.4948245538e+01
1.2794736143e+00 2.2942894092e-01 8.5235779013e+01
1.3746429706e+00 2.4075455988e-01 8.3636644199e+01
1.3295249221e+00 2.3521485496e-01 8.4788450052e+01
1.4196225488e+00 2.4555563748e-01 8.3892807710e+01
1.2635592901e+00 2.2782858172e-01 8.4724520544e+01
1.3093151080e+00 2.3312207754e-01 8.4404772564e+01
1.4188661424e+00 2.4555563748e-01 8.3732720205e+01
1.2211585493e+00 2.2290439956e-01 8.4948245538e+01
1.3452208731e+00 2.3718452782e-01 8.4276824972e+01
1.2744692518e+00 2.2893652271e-01 8.5044103843e+01
1.2713046759e+00 2.2881341815e-01 8.4468735825e+01
1.3157854127e+00 2.3386070486e-01 8.4372788316e+01
1.2618773029e+00 2.2782858172e-01 8.4276824972e+01
1.2893536960e+00 2.3078309102e-01 8.4628613906e+01
1.2055146619e+00 2.2105783126e-01 8.5076053508e+01
1.3304350399e+00 2.3558416862e-01 8.4180845518e+01
1.2888302598e+00 2.3090619557e-01 8.4212840476e+01
1.3672905051e+00 2.3940040979e-01 8.4788450052e+01
1.2454171320e+00 2.2585890886e-01 8.4500714858e+01
1.2022343496e+00 2.2056541304e-01 8.5395467416e+01
1.2045486472e+00 2.2093472670e-01 8.5108001638e+01
1.2454171320e+00 2.2585890886e-01 8.4500714858e+01
1.3847938532e+00 2.4161629176e-01 8.4148848738e+01
1.3017578228e+00 2.3226034566e-01 8.4436755064e+01
1.3216737241e+00 2.3447622763e-01 8.4468735825e+01
1.2327464158e+00 2.2413544510e-01 8.5203836921e+01
1.2519761603e+00 2.2647443163e-01 8.4820412361e+01
1.2919432506e+00 2.3090619557e-01 8.5044103843e+01
1.2725071962e+00 2.2869031360e-01 8.5108001638e+01
1.3394856649e+00 2.3632279594e-01 8.4788450052e+01
1.2780468571e+00 2.2942894092e-01 8.4820412361e+01
1.3749584072e+00 2.4038524622e-01 8.4468735825e+01
1.2671727421e+00 2.2807479083e-01 8.5139948243e+01
1.4335635641e+00 2.4715599669e-01 8.3732720205e+01
1.2632627212e+00 2.2770547717e-01 8.4948245538e+01
1.2397847736e+00 2.2524338609e-01 8.4436755064e+01
1.3752837192e+00 2.4063145533e-01 8.4020843204e+01
1.3668798768e+00 2.3952351434e-01 8.4404772564e+01
1.2960286897e+00 2.3164482289e-01 8.4372788316e+01
1.3366602775e+00 2.3607658683e-01 8.4628613906e+01
1.2697845413e+00 2.2844410449e-01 8.4948245538e+01
1.2705368287e+00 2.2856720904e-01 8.4852373054e+01
1.2910557413e+00 2.3102930012e-01 8.4500714858e+01
1.3895160359e+00 2.4198560542e-01 8.4468735825e+01
1.1858199610e+00 2.1884194929e-01 8.4916289633e+01
1.2706494729e+00 2.2856720904e-01 8.4884332141e+01
1.1789046431e+00 2.1798021741e-01 8.5076053508e+01
1.1944326311e+00 2.1982678572e-01 8.4948245538e+01
1.2385618346e+00 2.2499717698e-01 8.4692553325e+01
1.3764661107e+00 2.4050835077e-01 8.4564667778e+01
1.4225854676e+00 2.4555563748e-01 8.4564667778e+01
1.2546944673e+00 2.2672064074e-01 8.4980199868e+01
1.3206927857e+00 2.3423001852e-01 8.4788450052e+01
1.3537785130e+00 2.3804625970e-01 8.4468735825e+01
1.4056509263e+00 2.4370906918e-01 8.4564667778e+01
1.4475166243e+00 2.4887946044e-01 8.3348307238e+01
1.2824399378e+00 2.3004446369e-01 8.4532692172e+01
1.3057498982e+00 2.3250655477e-01 8.4916289633e+01
1.2087446369e+00 2.2130404036e-01 8.5427400756e+01
1.1870271326e+00 2.1884194929e-01 8.5299658755e+01
1.4049148141e+00 2.4358596462e-01 8.4660584449e+01
1.1896248536e+00 2.1921126295e-01 8.5108001638e+01
1.2764941799e+00 2.2930583637e-01 8.4692553325e+01
1.3477470515e+00 2.3730763237e-01 8.4628613906e+01
1.2400900851e+00 2.2512028154e-01 8.4820412361e+01
1.3743595356e+00 2.4013903711e-01 8.4884332141e+01
1.3652982947e+00 2.3927730524e-01 8.4564667778e+01
1.3007861247e+00 2.3213724111e-01 8.4468735825e+01
1.1711173980e+00 2.1699538098e-01 8.5299658755e+01
1.4266191170e+00 2.4641736936e-01 8.3700696849e+01
1.3243409085e+00 2.3484554129e-01 8.4308814530e+01
1.2758671211e+00 2.2918273181e-01 8.4820412361e+01
1.3237524516e+00 2.3472243674e-01 8.4436755064e+01
1.2608698346e+00 2.2745926806e-01 8.4884332141e+01
1.3100315896e+00 2.3299897299e-01 8.4884332141e+01
1.3620436261e+00 2.3915420068e-01 8.4052847370e+01
1.4007839973e+00 2.4333975551e-01 8.4212840476e+01
1.2230902660e+00 2.2315060867e-01 8.4884332141e+01
1.3160463844e+00 2.3373760031e-01 8.4724520544e+01
1.3311289132e+00 2.3546106406e-01 8.4628613906e+01
1.2425354655e+00 2.2561269975e-01 8.4308814530e+01
1.2552674896e+00 2.2696684984e-01 8.4532692172e+01
1.4018906438e+00 2.4358596462e-01 8.3956829243e+01
1.2934876464e+00 2.3127550923e-01 8.4564667778e+01
1.2589213766e+00 2.2721305895e-01 8.4948245538e+01
1.3554795238e+00 2.3829246880e-01 8.4340802307e+01
1.2552300622e+00 2.2672064074e-01 8.5139948243e+01
1.2729384386e+00 2.2881341815e-01 8.4916289633e+01
1.2852704623e+00 2.3016756825e-01 8.5012152633e+01
1.4165582850e+00 2.4506321927e-01 8.4212840476e+01
1.3867530662e+00 2.4186250087e-01 8.4084849675e+01
1.2683614723e+00 2.2832099994e-01 8.4852373054e+01
1.3341146091e+00 2.3558416862e-01 8.5139948243e+01
1.3103041385e+00 2.3312207754e-01 8.4660584449e+01
1.2274561544e+00 2.2376613144e-01 8.4596641686e+01
1.2799974284e+00 2.2967515003e-01 8.4756486116e+01
1.3500552035e+00 2.3767694603e-01 8.4372788316e+01
1.2965271201e+00 2.3164482289e-01 8.4500714858e+01
1.3999274457e+00 2.4358596462e-01 8.3540550223e+01
1.3539192491e+00 2.3792315514e-01 8.4788450052e+01
1.2411671147e+00 2.2512028154e-01 8.5139948243e+01
1.2646451302e+00 2.2795168628e-01 8.4724520544e+01
1.3551529815e+00 2.3804625970e-01 8.4820412361e+01
1.3209035600e+00 2.3447622763e-01 8.4276824972e+01
1.3206927857e+00 2.3423001852e-01 8.4788450052e+01
1.2187982765e+00 2.2265819046e-01 8.4884332141e+01
1.1895361005e+00 2.1908815839e-01 8.5427400756e+01
1.2672742835e+00 2.2819789538e-01 8.4852373054e+01
1.3197084378e+00 2.3410691397e-01 8.4820412361e+01
1.3518677205e+00 2.3816936425e-01 8.3764741596e+01
1.2892025972e+00 2.3053688191e-01 8.5203836921e+01
1.2143811654e+00 2.2204266769e-01 8.5171893334e+01
1.2947033034e+00 2.3139861378e-01 8.4596641686e+01
1.3671419139e+00 2.3952351434e-01 8.4468735825e+01
1.2633274015e+00 2.2782858172e-01 8.4660584449e+01
1.2830370085e+00 2.3004446369e-01 8.4692553325e+01
1.2411006536e+00 2.2536649064e-01 8.4500714858e+01
1.3835062825e+00 2.4161629176e-01 8.3860794078e+01
1.3631570048e+00 2.3927730524e-01 8.4052847370e+01
1.1492526880e+00 2.1428708079e-01 8.5778575774e+01
1.3177379683e+00 2.3386070486e-01 8.4884332141e+01
1.3192311858e+00 2.3410691397e-01 8.4692553325e+01
1.3564588864e+00 2.3841557336e-01 8.4308814530e+01
1.4044372308e+00 2.4370906918e-01 8.4276824972e+01
1.2453688318e+00 2.2536649064e-01 8.5810492699e+01
1.2780640321e+00 2.2930583637e-01 8.5139948243e+01
1.2692217752e+00 2.2844410449e-01 8.4788450052e+01
1.3026826078e+00 2.3213724111e-01 8.4980199868e+01
1.3330920591e+00 2.3570727317e-01 8.4564667778e+01
1.3609014967e+00 2.3915420068e-01 8.3796761031e+01
1.2536111697e+00 2.2659753618e-01 8.4980199868e+01
1.3182495334e+00 2.3398380942e-01 8.4724520544e+01
1.3111315324e+00 2.3312207754e-01 8.4884332141e+01
1.2394109079e+00 2.2512028154e-01 8.4628613906e+01
1.3002610450e+00 2.3189103200e-01 8.4916289633e+01
1.1602338924e+00 2.1564123088e-01 8.5555119982e+01
1.3046514803e+00 2.3238345022e-01 8.4916289633e+01
1.3701234554e+00 2.4001593256e-01 8.4116850127e+01
1.4871602405e+00 2.5257259706e-01 8.4468735825e+01
1.2200855389e+00 2.2278129501e-01 8.4948245538e+01
1.3107812774e+00 2.3312207754e-01 8.4788450052e+01
1.4897544039e+00 2.5318811983e-01 8.3796761031e+01
1.4036085402e+00 2.4395527828e-01 8.3604614884e+01
1.3051738339e+00 2.3262965932e-01 8.4468735825e+01
1.2993906965e+00 2.3176792745e-01 8.4980199868e+01
1.4139809610e+00 2.4494011472e-01 8.3892807710e+01
1.2416084059e+00 2.2524338609e-01 8.4948245538e+01
1.3461324084e+00 2.3718452782e-01 8.4500714858e+01
1.3170727866e+00 2.3410691397e-01 8.4148848738e+01
1.2221246701e+00 2.2302750412e-01 8.4916289633e+01
1.2194339212e+00 2.2265819046e-01 8.5076053508e+01
1.3199320039e+00 2.3435312308e-01 8.4308814530e+01
1.2865172732e+00 2.3065998646e-01 8.4180845518e+01
1.3377701995e+00 2.3595348228e-01 8.5235779013e+01
1.3075231320e+00 2.3262965932e-01 8.5108001638e+01
1.2843976123e+00 2.3004446369e-01 8.5076053508e+01
1.2768422238e+00 2.2930583637e-01 8.4788450052e+01
1.3123823954e+00 2.3336828665e-01 8.4628613906e+01
1.3876889906e+00 2.4210870998e-01 8.3796761031e+01
1.2738023093e+00 2.2893652271e-01 8.4852373054e+01
1.2246073626e+00 2.2351992233e-01 8.4404772564e+01
1.4139375955e+00 2.4457080105e-01 8.4660584449e+01
1.2860275273e+00 2.3016756825e-01 8.5235779013e+01
1.3269349887e+00 2.3509175040e-01 8.4404772564e+01
1.2934876464e+00 2.3127550923e-01 8.4564667778e+01
1.2128346159e+00 2.2179645858e-01 8.5363532643e+01
1.1912263136e+00 2.1958057661e-01 8.4628613906e+01
1.3757057249e+00 2.4063145533e-01 8.4116850127e+01
1.2457082348e+00 2.2548959520e-01 8.5555119982e+01
1.2693483892e+00 2.2832099994e-01 8.5139948243e+01
1.1469512251e+00 2.1428708079e-01 8.4980199868e+01
1.3013581682e+00 2.3201413655e-01 8.4916289633e+01
1.3469852125e+00 2.3730763237e-01 8.4436755064e+01
1.2948237735e+00 2.3139861378e-01 8.4628613906e+01
1.2760940254e+00 2.2918273181e-01 8.4884332141e+01
1.2334824464e+00 2.2475096787e-01 8.3924819428e+01
1.3171477977e+00 2.3386070486e-01 8.4724520544e+01
1.3323575620e+00 2.3558416862e-01 8.4660584449e+01
1.3242104130e+00 2.3484554129e-01 8.4276824972e+01
1.4037358487e+00 2.4370906918e-01 8.4116850127e+01
1.2798811334e+00 2.2967515003e-01 8.4724520544e+01
1.2246389358e+00 2.2315060867e-01 8.5363532643e+01
1.2395581496e+00 2.2499717698e-01 8.4980199868e+01
1.3250499440e+00 2.3496864585e-01 8.4212840476e+01
1.2623718658e+00 2.2782858172e-01 8.4404772564e+01
1.2823217845e+00 2.2979825458e-01 8.5108001638e+01
1.2994401941e+00 2.3201413655e-01 8.4404772564e+01
1.2531705648e+00 2.2659753618e-01 8.4852373054e+01
1.2321207996e+00 2.2413544510e-01 8.5012152633e+01
1.2728263160e+00 2.2881341815e-01 8.4884332141e+01
1.2540658183e+00 2.2684374529e-01 8.4500714858e+01
1.2575037221e+00 2.2696684984e-01 8.5171893334e+01
1.2507815733e+00 2.2635132707e-01 8.4788450052e+01
1.2895914724e+00 2.3090619557e-01 8.4404772564e+01
1.3750034808e+00 2.4050835077e-01 8.4212840476e+01
1.2860279440e+00 2.3029067280e-01 8.4916289633e+01
1.2789252870e+00 2.2967515003e-01 8.4468735825e+01
1.3580980419e+00 2.3853867791e-01 8.4436755064e+01
1.2584193532e+00 2.2696684984e-01 8.5459332672e+01
1.3091114153e+00 2.3324518209e-01 8.4084849675e+01
1.2768352807e+00 2.2955204548e-01 8.4212840476e+01
1.2481625964e+00 2.2610511797e-01 8.4660584449e+01
1.2014466612e+00 2.2056541304e-01 8.5139948243e+01
1.2947033034e+00 2.3139861378e-01 8.4596641686e+01
1.1858199610e+00 2.1884194929e-01 8.4916289633e+01
1.3040704941e+00 2.3238345022e-01 8.4756486116e+01
1.3866736138e+00 2.4161629176e-01 8.4596641686e+01
1.2498121036e+00 2.2622822252e-01 8.4820412361e+01
1.3532675466e+00 2.3829246880e-01 8.3828778522e+01
1.2917778105e+00 2.3115240468e-01 8.4404772564e+01
1.4050433792e+00 2.4358596462e-01 8.4692553325e+01
1.2498146717e+00 2.2610511797e-01 8.5139948243e+01
1.2280221417e+00 2.2376613144e-01 8.4756486116e+01
1.2530586801e+00 2.2659753618e-01 8.4820412361e+01
1.2202122766e+00 2.2253508590e-01 8.5682817082e+01
1.2460027272e+00 2.2561269975e-01 8.5299658755e+01
1.3018542323e+00 2.3250655477e-01 8.3924819428e+01
1.2120349566e+00 2.2179645858e-01 8.5108001638e+01
1.2594475452e+00 2.2733616351e-01 8.4788450052e+01
1.3433084983e+00 2.3681521416e-01 8.4628613906e+01
1.2974209353e+00 2.3152171834e-01 8.5044103843e+01
1.2496998005e+00 2.2622822252e-01 8.4788450052e+01
1.3022481800e+00 2.3201413655e-01 8.5171893334e+01
1.4431623786e+00 2.4801772856e-01 8.4084849675e+01
1.3055194812e+00 2.3250655477e-01 8.4852373054e+01
1.3251084980e+00 2.3484554129e-01 8.4500714858e+01
1.2727543580e+00 2.2893652271e-01 8.4564667778e+01
1.2600062222e+00 2.2733616351e-01 8.4948245538e+01
1.2706977997e+00 2.2869031360e-01 8.4596641686e+01
1.3491199430e+00 2.3767694603e-01 8.4148848738e+01
1.2237280205e+00 2.2315060867e-01 8.5076053508e+01
1.2782741271e+00 2.2942894092e-01 8.4884332141e+01
1.3327222032e+00 2.3558416862e-01 8.4756486116e+01
1.3716498931e+00 2.4026214167e-01 8.3956829243e+01
1.4257180887e+00 2.4617116025e-01 8.3988837165e+01
1.2542535033e+00 2.2672064074e-01 8.4852373054e+01
1.4270211093e+00 2.4592495115e-01 8.4820412361e+01
1.2105321844e+00 2.2179645858e-01 8.4660584449e+01
1.2256154543e+00 2.2327371323e-01 8.5331596426e+01
1.2719040014e+00 2.2881341815e-01 8.4628613906e+01
1.2809718617e+00 2.2979825458e-01 8.4724520544e+01
1.2087218288e+00 2.2142714492e-01 8.5076053508e+01
1.2266354500e+00 2.2351992233e-01 8.4980199868e+01
1.2991875058e+00 2.3201413655e-01 8.4340802307e+01
1.2347169001e+00 2.2425854966e-01 8.5491263175e+01
1.3269121660e+00 2.3484554129e-01 8.4980199868e+01
1.1963227323e+00 2.2019609938e-01 8.4564667778e+01
1.4258820951e+00 2.4604805570e-01 8.4276824972e+01
1.2475819206e+00 2.2573580430e-01 8.5459332672e+01
1.2596731064e+00 2.2733616351e-01 8.4852373054e+01
1.2331976149e+00 2.2425854966e-01 8.5012152633e+01
1.3171477977e+00 2.3386070486e-01 8.4724520544e+01
1.2323245519e+00 2.2425854966e-01 8.4756486116e+01
1.2865172732e+00 2.3065998646e-01 8.4180845518e+01
1.2489529161e+00 2.2610511797e-01 8.4884332141e+01
1.2591039761e+00 2.2733616351e-01 8.4692553325e+01
1.2479815736e+00 2.2598201341e-01 8.4916289633e+01
1.3194072803e+00 2.3435312308e-01 8.4180845518e+01
1.3394144999e+00 2.3656900505e-01 8.4212840476e+01
1.2355943820e+00 2.2475096787e-01 8.4468735825e+01
1.2361069619e+00 2.2462786332e-01 8.4916289633e+01
1.3356766701e+00 2.3595348228e-01 8.4660584449e+01
1.2528511109e+00 2.2647443163e-01 8.5076053508e+01
1.3219246000e+00 2.3447622763e-01 8.4532692172e+01
1.2528328302e+00 2.2659753618e-01 8.4756486116e+01
1.2515220564e+00 2.2647443163e-01 8.4692553325e+01
1.2855991755e+00 2.3016756825e-01 8.5108001638e+01
1.3256055781e+00 2.3484554129e-01 8.4628613906e+01
1.3259589989e+00 2.3496864585e-01 8.4436755064e+01
1.4302446192e+00 2.4666357847e-01 8.3988837165e+01
1.3977812906e+00 2.4321665096e-01 8.3796761031e+01
1.2956769122e+00 2.3152171834e-01 8.4564667778e+01
1.2598958804e+00 2.2733616351e-01 8.4916289633e+01
1.2733798944e+00 2.2881341815e-01 8.5044103843e+01
1.3160396680e+00 2.3386070486e-01 8.4436755064e+01
1.3854823966e+00 2.4161629176e-01 8.4308814530e+01
1.2866633804e+00 2.3041377735e-01 8.4788450052e+01
1.3265472890e+00 2.3509175040e-01 8.4308814530e+01
1.2316447194e+00 2.2438165421e-01 8.4276824972e+01
1.3179040054e+00 2.3435312308e-01 8.3828778522e+01
1.2379332489e+00 2.2487407243e-01 8.4820412361e+01
1.2200855389e+00 2.2278129501e-01 8.4948245538e+01
1.2416084059e+00 2.2524338609e-01 8.4948245538e+01
1.2502289706e+00 2.2610511797e-01 8.5267719621e+01
1.2633274015e+00 2.2782858172e-01 8.4660584449e+01
1.2961543736e+00 2.3164482289e-01 8.4404772564e+01
1.2136109945e+00 2.2191956313e-01 8.5267719621e+01
1.3180081843e+00 2.3398380942e-01 8.4660584449e+01
1.3494625443e+00 2.3755384148e-01 8.4500714858e+01
1.3835118502e+00 2.4137008265e-01 8.4372788316e+01
1.2086184395e+00 2.2142714492e-01 8.5044103843e+01
1.2901736593e+00 2.3078309102e-01 8.4852373054e+01
1.2786738217e+00 2.2955204548e-01 8.4692553325e+01
1.2861896132e+00 2.3053688191e-01 8.4372788316e+01
1.2557780925e+00 2.2684374529e-01 8.4980199868e+01
1.4602379562e+00 2.4986429687e-01 8.4084849675e+01
1.2156545556e+00 2.2216577224e-01 8.5235779013e+01
1.3870108835e+00 2.4198560542e-01 8.3892807710e+01
1.2403109831e+00 2.2512028154e-01 8.4884332141e+01
1.2617702878e+00 2.2770547717e-01 8.4532692172e+01
1.2547868644e+00 2.2696684984e-01 8.4404772564e+01
1.3476219376e+00 2.3730763237e-01 8.4596641686e+01
1.3349351927e+00 2.3583037773e-01 8.4756486116e+01
1.3068864381e+00 2.3275276388e-01 8.4628613906e+01
1.3374667192e+00 2.3632279594e-01 8.4276824972e+01
1.3370110030e+00 2.3619969139e-01 8.4436755064e+01
1.1935755872e+00 2.1970368116e-01 8.5012152633e+01
1.3004221823e+00 2.3201413655e-01 8.4660584449e+01
1.2947802880e+00 2.3127550923e-01 8.4916289633e+01
1.3050499981e+00 2.3250655477e-01 8.4724520544e+01
1.3927808206e+00 2.4247802364e-01 8.4180845518e+01
1.3926408369e+00 2.4247802364e-01 8.4148848738e+01
1.3373896351e+00 2.3607658683e-01 8.4820412361e+01
1.3766831153e+00 2.4075455988e-01 8.4084849675e+01
1.2821878361e+00 2.3029067280e-01 8.3924819428e+01
1.3176344582e+00 2.3423001852e-01 8.4020843204e+01
1.3495700894e+00 2.3804625970e-01 8.3508514856e+01
1.3729981364e+00 2.4001593256e-01 8.4820412361e+01
1.3388008275e+00 2.3681521416e-01 8.3572583562e+01
1.3741010303e+00 2.4026214167e-01 8.4532692172e+01
1.3248555645e+00 2.3484554129e-01 8.4436755064e+01
1.3480062981e+00 2.3767694603e-01 8.3892807710e+01
1.2109749782e+00 2.2179645858e-01 8.4788450052e+01
1.2965271201e+00 2.3164482289e-01 8.4500714858e+01
1.2893076381e+00 2.3065998646e-01 8.4916289633e+01
1.2929272381e+00 2.3102930012e-01 8.5012152633e+01
1.3923466297e+00 2.4235491908e-01 8.4340802307e+01
1.2994401941e+00 2.3201413655e-01 8.4404772564e+01
1.3715966149e+00 2.4038524622e-01 8.3700696849e+01
1.2526199429e+00 2.2696684984e-01 8.3860794078e+01
1.3536490783e+00 2.3804625970e-01 8.4436755064e+01
1.3387507332e+00 2.3632279594e-01 8.4596641686e+01
1.3271897871e+00 2.3509175040e-01 8.4468735825e+01
1.3359043590e+00 2.3607658683e-01 8.4436755064e+01
1.2252382418e+00 2.2339681778e-01 8.4884332141e+01
1.2641267745e+00 2.2782858172e-01 8.4884332141e+01
1.3333047158e+00 2.3583037773e-01 8.4340802307e+01
1.3019907261e+00 2.3250655477e-01 8.3956829243e+01
1.2908089480e+00 2.3102930012e-01 8.4436755064e+01
1.3631570048e+00 2.3927730524e-01 8.4052847370e+01
1.3609671174e+00 2.3878488702e-01 8.4596641686e+01
1.3769623856e+00 2.4075455988e-01 8.4148848738e+01
1.3409200455e+00 2.3669210960e-01 8.4308814530e+01
1.2238357929e+00 2.2327371323e-01 8.4788450052e+01
1.3264472859e+00 2.3521485496e-01 8.4020843204e+01
1.2350294242e+00 2.2450475877e-01 8.4916289633e+01
1.2358298126e+00 2.2475096787e-01 8.4532692172e+01
1.3603659665e+00 2.3903109613e-01 8.3924819428e+01
1.2716249962e+00 2.2869031360e-01 8.4852373054e+01
1.2804992232e+00 2.2979825458e-01 8.4596641686e+01
1.2290394877e+00 2.2364302689e-01 8.5395467416e+01
1.3519845961e+00 2.3755384148e-01 8.5171893334e+01
1.3408332729e+00 2.3644590050e-01 8.4852373054e+01
1.3495900875e+00 2.3755384148e-01 8.4532692172e+01
1.2790472462e+00 2.2967515003e-01 8.4500714858e+01
1.4330970794e+00 2.4678668302e-01 8.4372788316e+01
1.3272563476e+00 2.3521485496e-01 8.4212840476e+01
1.2708726539e+00 2.2856720904e-01 8.4948245538e+01
1.3149452934e+00 2.3361449576e-01 8.4724520544e+01
1.2240553352e+00 2.2327371323e-01 8.4852373054e+01
1.3117069759e+00 2.3349139120e-01 8.4180845518e+01
1.3250499440e+00 2.3496864585e-01 8.4212840476e+01
1.2948078628e+00 2.3152171834e-01 8.4340802307e+01
1.2726343962e+00 2.2893652271e-01 8.4532692172e+01
1.2507917065e+00 2.2622822252e-01 8.5108001638e+01
1.1773335464e+00 2.1785711285e-01 8.4916289633e+01
1.2818251201e+00 2.3004446369e-01 8.4372788316e+01
1.3086995589e+00 2.3287586843e-01 8.4820412361e+01
1.2729384386e+00 2.2881341815e-01 8.4916289633e+01
1.2806098150e+00 2.2992135914e-01 8.4340802307e+01
1.3307495408e+00 2.3533795951e-01 8.4820412361e+01
1.3385734953e+00 2.3644590050e-01 8.4276824972e+01
1.2611570768e+00 2.2758237261e-01 8.4660584449e+01
1.2361917878e+00 2.2487407243e-01 8.4340802307e+01
1.2725137297e+00 2.2893652271e-01 8.4500714858e+01
1.3199675946e+00 2.3423001852e-01 8.4596641686e+01
1.2963938609e+00 2.3152171834e-01 8.4756486116e+01
1.3176344582e+00 2.3423001852e-01 8.4020843204e+01
1.1891123493e+00 2.1921126295e-01 8.4948245538e+01
1.3066426577e+00 2.3275276388e-01 8.4564667778e+01
1.2105952346e+00 2.2155024947e-01 8.5331596426e+01
1.1642762001e+00 2.1613364910e-01 8.5491263175e+01
1.4052533294e+00 2.4370906918e-01 8.4468735825e+01
1.3052144651e+00 2.3238345022e-01 8.5076053508e+01
1.2168266390e+00 2.2228887680e-01 8.5267719621e+01
1.3798842769e+00 2.4100076899e-01 8.4308814530e+01
1.2952984943e+00 2.3139861378e-01 8.4756486116e+01
1.2469800397e+00 2.2561269975e-01 8.5618971257e+01
1.4002380036e+00 2.4358596462e-01 8.3604614884e+01
1.2631401896e+00 2.2758237261e-01 8.5235779013e+01
1.3885713209e+00 2.4198560542e-01 8.4244833624e+01
1.3300306608e+00 2.3558416862e-01 8.4084849675e+01
1.2545852671e+00 2.2672064074e-01 8.4948245538e+01
1.2469004214e+00 2.2585890886e-01 8.4916289633e+01
1.2762586199e+00 2.2930583637e-01 8.4628613906e+01
1.3248555645e+00 2.3484554129e-01 8.4436755064e+01
1.2571656116e+00 2.2733616351e-01 8.4180845518e+01
1.2726343962e+00 2.2893652271e-01 8.4532692172e+01
1.3305700701e+00 2.3521485496e-01 8.5076053508e+01
1.3096914259e+00 2.3312207754e-01 8.4500714858e+01
1.2947802880e+00 2.3127550923e-01 8.4916289633e+01
1.4066816238e+00 2.4407838284e-01 8.4020843204e+01
1.3835342254e+00 2.4149318721e-01 8.4116850127e+01
1.2744323729e+00 2.2905962726e-01 8.4724520544e+01
1.2356688908e+00 2.2450475877e-01 8.5108001638e+01
1.2606856713e+00 2.2758237261e-01 8.4532692172e+01
1.2670132964e+00 2.2795168628e-01 8.5427400756e+01
1.2531677894e+00 2.2647443163e-01 8.5171893334e+01
1.2124401537e+00 2.2179645858e-01 8.5235779013e+01
1.2639405002e+00 2.2795168628e-01 8.4532692172e+01
1.2039243727e+00 2.2093472670e-01 8.4916289633e+01
1.2838415876e+00 2.2992135914e-01 8.5235779013e+01
1.2185805799e+00 2.2241198135e-01 8.5491263175e+01
1.3802967782e+00 2.4124697810e-01 8.3892807710e+01
1.2876089200e+00 2.3078309102e-01 8.4180845518e+01
1.3172666640e+00 2.3398380942e-01 8.4468735825e+01
1.2256154543e+00 2.2327371323e-01 8.5331596426e+01
1.1804605785e+00 2.1810332196e-01 8.5235779013e+01
1.2899624375e+00 2.3090619557e-01 8.4500714858e+01
1.3085926237e+00 2.3299897299e-01 8.4500714858e+01
1.3026159098e+00 2.3226034566e-01 8.4660584449e+01
1.3055194812e+00 2.3250655477e-01 8.4852373054e+01
1.3754251481e+00 2.4063145533e-01 8.4052847370e+01
1.2717372885e+00 2.2856720904e-01 8.5203836921e+01
1.3159928578e+00 2.3361449576e-01 8.5012152633e+01
1.3472421339e+00 2.3730763237e-01 8.4500714858e+01
1.2837300772e+00 2.3004446369e-01 8.4884332141e+01
1.2660854086e+00 2.2795168628e-01 8.5139948243e+01
1.3290145617e+00 2.3533795951e-01 8.4372788316e+01
1.2898394965e+00 2.3090619557e-01 8.4468735825e+01
1.3142142443e+00 2.3361449576e-01 8.4532692172e+01
1.3575932941e+00 2.3866178247e-01 8.4052847370e+01
1.2255607006e+00 2.2339681778e-01 8.4980199868e+01
1.2360702011e+00 2.2487407243e-01 8.4308814530e+01
1.2954321966e+00 2.3152171834e-01 8.4500714858e+01
1.1870271326e+00 2.1884194929e-01 8.5299658755e+01
1.4383493708e+00 2.4740220579e-01 8.4276824972e+01
1.2033857880e+00 2.2093472670e-01 8.4756486116e+01
1.2615261489e+00 2.2745926806e-01 8.5076053508e+01
1.2790472462e+00 2.2967515003e-01 8.4500714858e+01
1.2284626797e+00 2.2376613144e-01 8.4884332141e+01
1.4323611835e+00 2.4690978758e-01 8.3956829243e+01
1.3463511561e+00 2.3743073693e-01 8.4020843204e+01
1.2314836911e+00 2.2388923600e-01 8.5491263175e+01
1.2063762835e+00 2.2118093581e-01 8.5012152633e+01
1.2526042059e+00 2.2659753618e-01 8.4692553325e+01
1.3023410407e+00 2.3213724111e-01 8.4884332141e+01
1.1890569655e+00 2.1908815839e-01 8.5267719621e+01
1.2228609943e+00 2.2302750412e-01 8.5139948243e+01
1.1715864388e+00 2.1699538098e-01 8.5459332672e+01
1.3241304559e+00 2.3472243674e-01 8.4532692172e+01
1.2653218297e+00 2.2832099994e-01 8.4052847370e+01
1.3586128899e+00 2.3853867791e-01 8.4564667778e+01
1.3310942789e+00 2.3558416862e-01 8.4340802307e+01
1.3035533860e+00 2.3226034566e-01 8.4916289633e+01
1.2058468283e+00 2.2118093581e-01 8.4852373054e+01
1.3731770015e+00 2.4026214167e-01 8.4308814530e+01
1.1875985619e+00 2.1896505384e-01 8.5139948243e+01
1.3729061711e+00 2.4026214167e-01 8.4244833624e+01
1.2644588762e+00 2.2782858172e-01 8.4980199868e+01
1.3301464286e+00 2.3533795951e-01 8.4660584449e+01
1.4069087728e+00 2.4383217373e-01 8.4596641686e+01
1.3748371952e+00 2.4013903711e-01 8.5012152633e+01
1.1681306520e+00 2.1687227642e-01 8.4692553325e+01
1.3505009761e+00 2.3780005059e-01 8.4212840476e+01
1.2028567486e+00 2.2081162215e-01 8.4916289633e+01
1.3063474491e+00 2.3287586843e-01 8.4212840476e+01
1.3023958731e+00 2.3250655477e-01 8.4052847370e+01
1.3364112565e+00 2.3607658683e-01 8.4564667778e+01
1.3077051102e+00 2.3299897299e-01 8.4276824972e+01
1.2831542936e+00 2.3004446369e-01 8.4724520544e+01
1.3005999156e+00 2.3189103200e-01 8.5012152633e+01
1.2888494345e+00 2.3065998646e-01 8.4788450052e+01
1.3177294812e+00 2.3410691397e-01 8.4308814530e+01
1.3844974501e+00 2.4149318721e-01 8.4340802307e+01
1.2992056674e+00 2.3189103200e-01 8.4628613906e+01
1.2305655409e+00 2.2413544510e-01 8.4564667778e+01
1.3810032668e+00 2.4112387354e-01 8.4308814530e+01
1.3096816121e+00 2.3299897299e-01 8.4788450052e+01
1.3142985380e+00 2.3373760031e-01 8.4276824972e+01
1.3988127472e+00 2.4309354641e-01 8.4276824972e+01
1.3285460261e+00 2.3521485496e-01 8.4532692172e+01
1.3245018755e+00 2.3472243674e-01 8.4628613906e+01
1.3435283210e+00 2.3693831871e-01 8.4404772564e+01
1.3009100502e+00 2.3213724111e-01 8.4500714858e+01
1.3165394454e+00 2.3386070486e-01 8.4564667778e+01
1.3150645932e+00 2.3361449576e-01 8.4756486116e+01
1.3417628618e+00 2.3681521416e-01 8.4244833624e+01
1.4529523549e+00 2.4912566955e-01 8.3988837165e+01
1.2575037221e+00 2.2696684984e-01 8.5171893334e+01
1.3484295139e+00 2.3767694603e-01 8.3988837165e+01
1.4262524229e+00 2.4629426481e-01 8.3860794078e+01
1.3359609516e+00 2.3619969139e-01 8.4180845518e+01
1.3814953929e+00 2.4149318721e-01 8.3668671517e+01
1.3859695521e+00 2.4198560542e-01 8.3668671517e+01
1.3573131510e+00 2.3866178247e-01 8.3988837165e+01
1.3874456595e+00 2.4198560542e-01 8.3988837165e+01
1.3279365804e+00 2.3509175040e-01 8.4660584449e+01
1.2528374172e+00 2.2684374529e-01 8.4180845518e+01
1.2578368582e+00 2.2708995440e-01 8.4948245538e+01
1.3111296398e+00 2.3336828665e-01 8.4308814530e+01
1.2479620628e+00 2.2585890886e-01 8.5235779013e+01
1.3557761820e+00 2.3816936425e-01 8.4692553325e+01
1.2754494499e+00 2.2905962726e-01 8.5012152633e+01
1.3275201577e+00 2.3521485496e-01 8.4276824972e+01
1.2401914916e+00 2.2499717698e-01 8.5171893334e+01
1.3425690987e+00 2.3669210960e-01 8.4724520544e+01
1.3160463844e+00 2.3373760031e-01 8.4724520544e+01
1.1908892301e+00 2.1933436750e-01 8.5171893334e+01
1.0751991544e+00 2.0566976202e-01 8.5299658755e+01
1.2799974284e+00 2.2967515003e-01 8.4756486116e+01
1.2799209275e+00 2.2955204548e-01 8.5044103843e+01
1.3373342509e+00 2.3632279594e-01 8.4244833624e+01
1.2957751693e+00 2.3164482289e-01 8.4308814530e+01
1.3116394475e+00 2.3336828665e-01 8.4436755064e+01
1.2841313010e+00 2.3029067280e-01 8.4404772564e+01
1.3509539197e+00 2.3767694603e-01 8.4596641686e+01
1.3033495389e+00 2.3238345022e-01 8.4564667778e+01
1.2341385098e+00 2.2450475877e-01 8.4660584449e+01
1.2919432506e+00 2.3090619557e-01 8.5044103843e+01
1.4135870653e+00 2.4481701016e-01 8.4052847370e+01
1.3978291267e+00 2.4309354641e-01 8.4052847370e+01
1.3891047658e+00 2.4223181453e-01 8.3860794078e+01
1.2303872704e+00 2.2388923600e-01 8.5139948243e+01
1.2246389358e+00 2.2315060867e-01 8.5363532643e+01
1.3168668855e+00 2.3373760031e-01 8.4948245538e+01
1.4182454553e+00 2.4530942838e-01 8.4084849675e+01
1.4193756100e+00 2.4530942838e-01 8.4340802307e+01
1.3531480586e+00 2.3816936425e-01 8.4052847370e+01
1.2012517717e+00 2.2068851759e-01 8.4756486116e+01
1.3633222618e+00 2.3903109613e-01 8.4628613906e+01
1.2784871591e+00 2.2930583637e-01 8.5267719621e+01
1.2122624423e+00 2.2191956313e-01 8.4852373054e+01
1.2044532936e+00 2.2105783126e-01 8.4756486116e+01
1.2730357332e+00 2.2869031360e-01 8.5267719621e+01
1.2340240673e+00 2.2450475877e-01 8.4628613906e+01
1.3225222954e+00 2.3459933219e-01 8.4404772564e+01
1.3101592326e+00 2.3324518209e-01 8.4340802307e+01
1.2107580361e+00 2.2167335403e-01 8.5044103843e+01
1.2694489874e+00 2.2844410449e-01 8.4852373054e+01
1.3496785396e+00 2.3780005059e-01 8.4020843204e+01
1.3240823454e+00 2.3509175040e-01 8.3732720205e+01
1.1894218305e+00 2.1921126295e-01 8.5044103843e+01
1.2925902546e+00 2.3102930012e-01 8.4916289633e+01
1.3557425379e+00 2.3829246880e-01 8.4404772564e+01
1.2339089405e+00 2.2450475877e-01 8.4596641686e+01
1.2461162234e+00 2.2585890886e-01 8.4692553325e+01
1.3410513418e+00 2.3669210960e-01 8.4340802307e+01
1.3341981374e+00 2.3583037773e-01 8.4564667778e+01
1.2567039237e+00 2.2708995440e-01 8.4628613906e+01
1.2496998005e+00 2.2622822252e-01 8.4788450052e+01
1.2791372134e+00 2.2955204548e-01 8.4820412361e+01
1.3101830441e+00 2.3312207754e-01 8.4628613906e+01
1.2541463284e+00 2.2659753618e-01 8.5139948243e+01
1.2815742223e+00 2.3004446369e-01 8.4308814530e+01
1.2801130156e+00 2.2967515003e-01 8.4788450052e+01
1.3709595583e+00 2.4013903711e-01 8.4052847370e+01
1.3044469220e+00 2.3250655477e-01 8.4564667778e+01
1.3295249592e+00 2.3533795951e-01 8.4500714858e+01
1.2713105883e+00 2.2856720904e-01 8.5076053508e+01
1.2419793282e+00 2.2512028154e-01 8.5395467416e+01
1.2899624375e+00 2.3090619557e-01 8.4500714858e+01
1.1412970621e+00 2.1342534891e-01 8.5555119982e+01
1.3731917185e+00 2.4038524622e-01 8.4052847370e+01
1.3840861879e+00 2.4161629176e-01 8.3988837165e+01
1.3260328344e+00 2.3521485496e-01 8.3924819428e+01
1.1653476838e+00 2.1637985821e-01 8.5139948243e+01
1.2185675318e+00 2.2253508590e-01 8.5139948243e+01
1.3756796998e+00 2.4050835077e-01 8.4372788316e+01
1.3650594145e+00 2.3964661890e-01 8.3732720205e+01
1.3046903158e+00 2.3250655477e-01 8.4628613906e+01
1.3885713209e+00 2.4198560542e-01 8.4244833624e+01
1.2632104081e+00 2.2782858172e-01 8.4628613906e+01
1.2575523915e+00 2.2721305895e-01 8.4564667778e+01
1.3154385124e+00 2.3373760031e-01 8.4564667778e+01
1.2955187779e+00 2.3164482289e-01 8.4244833624e+01
1.3198019186e+00 2.3435312308e-01 8.4276824972e+01
1.2372932937e+00 2.2475096787e-01 8.4948245538e+01
1.3805860663e+00 2.4124697810e-01 8.3956829243e+01
1.2616173097e+00 2.2758237261e-01 8.4788450052e+01
1.2014466612e+00 2.2056541304e-01 8.5139948243e+01
1.2795892914e+00 2.2955204548e-01 8.4948245538e+01
1.3405940188e+00 2.3644590050e-01 8.4788450052e+01
1.2365196541e+00 2.2475096787e-01 8.4724520544e+01
1.3187422781e+00 2.3410691397e-01 8.4564667778e+01
1.2592191961e+00 2.2733616351e-01 8.4724520544e+01
1.3239472239e+00 2.3484554129e-01 8.4212840476e+01
1.4052533294e+00 2.4370906918e-01 8.4468735825e+01
1.3581259836e+00 2.3841557336e-01 8.4724520544e+01
1.2343760819e+00 2.2475096787e-01 8.4148848738e+01
1.2712825720e+00 2.2869031360e-01 8.4756486116e+01
1.3014719334e+00 2.3201413655e-01 8.4948245538e+01
1.3329323205e+00 2.3595348228e-01 8.3988837165e+01
1.3206623747e+00 2.3459933219e-01 8.3956829243e+01
1.2500232024e+00 2.2610511797e-01 8.5203836921e+01
1.3295249221e+00 2.3521485496e-01 8.4788450052e+01
1.2954321966e+00 2.3152171834e-01 8.4500714858e+01
1.3979304155e+00 2.4321665096e-01 8.3828778522e+01
1.1732750828e+00 2.1711848553e-01 8.5682817082e+01
1.2604183455e+00 2.2745926806e-01 8.4756486116e+01
1.3166625708e+00 2.3386070486e-01 8.4596641686e+01
1.3852056954e+00 2.4173939631e-01 8.3988837165e+01
1.3225222954e+00 2.3459933219e-01 8.4404772564e+01
1.3262104577e+00 2.3484554129e-01 8.4788450052e+01
1.4714248950e+00 2.5121844696e-01 8.3796761031e+01
1.2300966124e+00 2.2413544510e-01 8.4436755064e+01
1.2383715785e+00 2.2487407243e-01 8.4948245538e+01
1.3472421339e+00 2.3730763237e-01 8.4500714858e+01
1.2628253693e+00 2.2758237261e-01 8.5139948243e+01
1.2922717918e+00 2.3115240468e-01 8.4532692172e+01
1.2531705648e+00 2.2659753618e-01 8.4852373054e+01
1.2605474823e+00 2.2733616351e-01 8.5108001638e+01
1.2597848418e+00 2.2733616351e-01 8.4884332141e+01
1.2457097292e+00 2.2573580430e-01 8.4884332141e+01
1.4216362151e+00 2.4555563748e-01 8.4340802307e+01
1.4868112985e+00 2.5306501527e-01 8.3444437996e+01
1.2594621971e+00 2.2721305895e-01 8.5108001638e+01
1.3573032766e+00 2.3853867791e-01 8.4244833624e+01
1.3942950493e+00 2.4235491908e-01 8.4820412361e+01
1.2831958406e+00 2.2992135914e-01 8.5044103843e+01
1.1877972933e+00 2.1896505384e-01 8.5203836921e+01
1.1781433537e+00 2.1785711285e-01 8.5171893334e+01
1.3764661107e+00 2.4050835077e-01 8.4564667778e+01
1.3366602775e+00 2.3607658683e-01 8.4628613906e+01
1.3763938632e+00 2.4063145533e-01 8.4276824972e+01
1.3463511561e+00 2.3743073693e-01 8.4020843204e+01
1.2485054528e+00 2.2610511797e-01 8.4756486116e+01
1.3916394160e+00 2.4247802364e-01 8.3924819428e+01
1.2918970142e+00 2.3102930012e-01 8.4724520544e+01
1.2721816425e+00 2.2869031360e-01 8.5012152633e+01
1.3199320039e+00 2.3435312308e-01 8.4308814530e+01
1.2503632430e+00 2.2622822252e-01 8.4980199868e+01
1.2978674734e+00 2.3176792745e-01 8.4564667778e+01
1.2667133332e+00 2.2832099994e-01 8.4404772564e+01
1.2486183555e+00 2.2610511797e-01 8.4788450052e+01
1.1896299521e+00 2.1908815839e-01 8.5459332672e+01
1.2500926622e+00 2.2635132707e-01 8.4596641686e+01
1.3507044621e+00 2.3755384148e-01 8.4820412361e+01
1.3431360444e+00 2.3693831871e-01 8.4308814530e+01
1.3742940870e+00 2.4038524622e-01 8.4308814530e+01
1.3254601474e+00 2.3472243674e-01 8.4884332141e+01
1.3298592684e+00 2.3546106406e-01 8.4308814530e+01
1.2366419994e+00 2.2462786332e-01 8.5076053508e+01
1.3005361145e+00 2.3213724111e-01 8.4404772564e+01
1.3194712685e+00 2.3410691397e-01 8.4756486116e+01
1.1934644969e+00 2.1982678572e-01 8.4660584449e+01
1.3467612066e+00 2.3718452782e-01 8.4660584449e+01
1.1918535231e+00 2.1945747206e-01 8.5139948243e+01
1.2152483460e+00 2.2216577224e-01 8.5108001638e+01
1.2188708907e+00 2.2278129501e-01 8.4596641686e+01
1.2415787096e+00 2.2512028154e-01 8.5267719621e+01
1.2994401941e+00 2.3201413655e-01 8.4404772564e+01
1.2461162234e+00 2.2585890886e-01 8.4692553325e+01
1.3988089307e+00 2.4321665096e-01 8.4020843204e+01
1.2569360775e+00 2.2708995440e-01 8.4692553325e+01
1.3091882200e+00 2.3312207754e-01 8.4372788316e+01
1.2715465186e+00 2.2881341815e-01 8.4532692172e+01
1.2608045703e+00 2.2758237261e-01 8.4564667778e+01
1.3620862589e+00 2.3940040979e-01 8.3572583562e+01
1.2123398610e+00 2.2179645858e-01 8.5203836921e+01
1.3045367234e+00 2.3238345022e-01 8.4884332141e+01
1.2670474385e+00 2.2819789538e-01 8.4788450052e+01
1.3767976264e+00 2.4063145533e-01 8.4372788316e+01
1.3445474676e+00 2.3718452782e-01 8.4116850127e+01
1.2579040403e+00 2.2721305895e-01 8.4660584449e+01
1.2007224961e+00 2.2056541304e-01 8.4916289633e+01
1.2995654594e+00 2.3201413655e-01 8.4436755064e+01
1.1740683564e+00 2.1724159008e-01 8.5587046306e+01
1.2602913279e+00 2.2721305895e-01 8.5363532643e+01
1.2531025056e+00 2.2672064074e-01 8.4532692172e+01
1.3004100297e+00 2.3213724111e-01 8.4372788316e+01
1.3272442550e+00 2.3546106406e-01 8.3700696849e+01
1.2139651157e+00 2.2216577224e-01 8.4724520544e+01
1.3147045155e+00 2.3361449576e-01 8.4660584449e+01
1.2576703044e+00 2.2721305895e-01 8.4596641686e+01
1.3406552290e+00 2.3669210960e-01 8.4244833624e+01
1.2848465010e+00 2.3041377735e-01 8.4308814530e+01
1.2904333983e+00 2.3102930012e-01 8.4340802307e+01
1.3173376525e+00 2.3410691397e-01 8.4212840476e+01
1.4233145287e+00 2.4567874204e-01 8.4468735825e+01
1.3587397280e+00 2.3853867791e-01 8.4596641686e+01
1.3534272948e+00 2.3792315514e-01 8.4660584449e+01
1.2895915360e+00 2.3078309102e-01 8.4692553325e+01
1.2279224586e+00 2.2364302689e-01 8.5044103843e+01
1.2967720310e+00 2.3164482289e-01 8.4564667778e+01
1.3515734973e+00 2.3767694603e-01 8.4756486116e+01
1.2171847749e+00 2.2241198135e-01 8.5044103843e+01
1.2709831909e+00 2.2856720904e-01 8.4980199868e+01
1.2906844794e+00 2.3102930012e-01 8.4404772564e+01
1.2239459032e+00 2.2327371323e-01 8.4820412361e+01
1.3465470286e+00 2.3767694603e-01 8.3572583562e+01
1.3007927299e+00 2.3176792745e-01 8.5395467416e+01
1.2712825720e+00 2.2869031360e-01 8.4756486116e+01
1.1834863046e+00 2.1859574018e-01 8.4852373054e+01
1.2146825448e+00 2.2204266769e-01 8.5267719621e+01
1.3302478820e+00 2.3546106406e-01 8.4404772564e+01
1.2336766342e+00 2.2450475877e-01 8.4532692172e+01
1.3049230278e+00 2.3262965932e-01 8.4404772564e+01
1.2151451117e+00 2.2216577224e-01 8.5076053508e+01
1.3439139171e+00 2.3693831871e-01 8.4500714858e+01
1.2913196041e+00 2.3127550923e-01 8.4020843204e+01
1.3359279837e+00 2.3644590050e-01 8.3668671517e+01
1.2452776616e+00 2.2561269975e-01 8.5076053508e+01
1.4309292560e+00 2.4678668302e-01 8.3892807710e+01
1.3136039373e+00 2.3349139120e-01 8.4660584449e+01
1.2184647144e+00 2.2253508590e-01 8.5108001638e+01
1.2770707228e+00 2.2930583637e-01 8.4852373054e+01
1.3256055781e+00 2.3484554129e-01 8.4628613906e+01
1.3875355352e+00 2.4173939631e-01 8.4532692172e+01
1.2937716376e+00 2.3152171834e-01 8.4084849675e+01
1.3953934120e+00 2.4260112819e-01 8.4532692172e+01
1.2370236778e+00 2.2487407243e-01 8.4564667778e+01
1.3644102920e+00 2.3940040979e-01 8.4084849675e+01
1.3136766744e+00 2.3336828665e-01 8.4980199868e+01
1.3388734255e+00 2.3656900505e-01 8.4084849675e+01
1.2504713961e+00 2.2622822252e-01 8.5012152633e+01
1.2545377108e+00 2.2684374529e-01 8.4628613906e+01
1.4320616501e+00 2.4690978758e-01 8.3892807710e+01
1.2111478109e+00 2.2191956313e-01 8.4532692172e+01
1.3110380039e+00 2.3324518209e-01 8.4564667778e+01
1.2442958549e+00 2.2561269975e-01 8.4788450052e+01
1.3497168858e+00 2.3755384148e-01 8.4564667778e+01
1.3463298889e+00 2.3730763237e-01 8.4276824972e+01
1.1037720251e+00 2.0887048042e-01 8.5970057995e+01
1.3269895992e+00 2.3521485496e-01 8.4148848738e+01
1.3359043590e+00 2.3607658683e-01 8.4436755064e+01
1.2037109417e+00 2.2093472670e-01 8.4852373054e+01
1.3793002159e+00 2.4087766444e-01 8.4436755064e+01
1.2123398610e+00 2.2179645858e-01 8.5203836921e+01
1.3847938532e+00 2.4161629176e-01 8.4148848738e+01
1.3706201189e+00 2.3989282800e-01 8.4500714858e+01
1.2808547648e+00 2.2979825458e-01 8.4692553325e+01
1.2091286919e+00 2.2142714492e-01 8.5203836921e+01
1.3106630784e+00 2.3312207754e-01 8.4756486116e+01
1.2733444261e+00 2.2869031360e-01 8.5363532643e+01
1.2399786060e+00 2.2512028154e-01 8.4788450052e+01
1.2656155148e+00 2.2807479083e-01 8.4692553325e+01
1.3996257560e+00 2.4309354641e-01 8.4468735825e+01
1.2613885896e+00 2.2758237261e-01 8.4724520544e+01
1.2657635288e+00 2.2795168628e-01 8.5044103843e+01
1.1842195520e+00 2.1847263562e-01 8.5427400756e+01
1.3158792682e+00 2.3349139120e-01 8.5299658755e+01
1.4781461183e+00 2.5208017884e-01 8.3540550223e+01
1.3528070534e+00 2.3780005059e-01 8.4788450052e+01
1.4461967477e+00 2.4851014678e-01 8.3764741596e+01
1.2617306226e+00 2.2758237261e-01 8.4820412361e+01
1.3276509611e+00 2.3521485496e-01 8.4308814530e+01
1.3436699017e+00 2.3730763237e-01 8.3668671517e+01
1.3269539419e+00 2.3496864585e-01 8.4692553325e+01
1.2431167736e+00 2.2536649064e-01 8.5076053508e+01
1.2271688100e+00 2.2364302689e-01 8.4820412361e+01
1.3614352052e+00 2.3866178247e-01 8.5012152633e+01
1.3439139171e+00 2.3693831871e-01 8.4500714858e+01
1.1948456872e+00 2.1982678572e-01 8.5076053508e+01
1.3215471903e+00 2.3447622763e-01 8.4436755064e+01
1.2347004608e+00 2.2450475877e-01 8.4820412361e+01
1.4350044578e+00 2.4727910124e-01 8.3796761031e+01
1.2544207802e+00 2.2684374529e-01 8.4596641686e+01
1.3268321383e+00 2.3496864585e-01 8.4660584449e+01
1.1997612289e+00 2.2044230849e-01 8.4948245538e+01
1.3209286844e+00 2.3423001852e-01 8.4852373054e+01
1.3282365998e+00 2.3484554129e-01 8.5363532643e+01
1.4141389574e+00 2.4469390561e-01 8.4436755064e+01
1.2436141575e+00 2.2573580430e-01 8.4308814530e+01
1.2667019141e+00 2.2819789538e-01 8.4692553325e+01
1.3510343324e+00 2.3780005059e-01 8.4340802307e+01
1.4141598026e+00 2.4481701016e-01 8.4180845518e+01
1.4333727032e+00 2.4678668302e-01 8.4436755064e+01
1.3286569808e+00 2.3509175040e-01 8.4852373054e+01
1.2591039761e+00 2.2733616351e-01 8.4692553325e+01
1.2618448953e+00 2.2745926806e-01 8.5171893334e+01
1.2429904776e+00 2.2548959520e-01 8.4724520544e+01
1.3237524516e+00 2.3472243674e-01 8.4436755064e+01
1.4135870653e+00 2.4481701016e-01 8.4052847370e+01
1.3616976384e+00 2.3890799157e-01 8.4500714858e+01
1.2922468471e+00 2.3102930012e-01 8.4820412361e+01
1.2477607872e+00 2.2598201341e-01 8.4852373054e+01
1.2668356195e+00 2.2832099994e-01 8.4436755064e+01
1.3675293122e+00 2.3952351434e-01 8.4564667778e+01
1.3039514791e+00 2.3250655477e-01 8.4436755064e+01
1.3576265118e+00 2.3841557336e-01 8.4596641686e+01
1.2990848126e+00 2.3189103200e-01 8.4596641686e+01
1.3574997719e+00 2.3841557336e-01 8.4564667778e+01
1.3018297832e+00 2.3238345022e-01 8.4180845518e+01
1.3567584317e+00 2.3853867791e-01 8.4116850127e+01
1.2992056674e+00 2.3189103200e-01 8.4628613906e+01
1.3395425195e+00 2.3619969139e-01 8.5108001638e+01
1.2268472044e+00 2.2351992233e-01 8.5044103843e+01
1.2821793971e+00 2.2992135914e-01 8.4756486116e+01
1.3501858284e+00 2.3767694603e-01 8.4404772564e+01
1.4080492754e+00 2.4432459195e-01 8.3828778522e+01
1.3007589080e+00 2.3238345022e-01 8.3924819428e+01
1.2909586981e+00 2.3078309102e-01 8.5076053508e+01
1.2406042695e+00 2.2524338609e-01 8.4660584449e+01
1.2566425941e+00 2.2696684984e-01 8.4916289633e+01
1.3919199188e+00 2.4272423274e-01 8.3508514856e+01
1.3993578387e+00 2.4309354641e-01 8.4404772564e+01
1.2545619814e+00 2.2659753618e-01 8.5267719621e+01
1.3067821171e+00 2.3299897299e-01 8.4052847370e+01
1.3063845543e+00 2.3262965932e-01 8.4788450052e+01
1.3327779723e+00 2.3583037773e-01 8.4212840476e+01
1.3997264683e+00 2.4346286007e-01 8.3732720205e+01
1.3004876764e+00 2.3189103200e-01 8.4980199868e+01
1.3024954862e+00 2.3226034566e-01 8.4628613906e+01
1.2256807662e+00 2.2364302689e-01 8.4404772564e+01
1.2825368605e+00 2.2979825458e-01 8.5171893334e+01
1.2019439561e+00 2.2056541304e-01 8.5299658755e+01
1.3249307205e+00 2.3459933219e-01 8.5044103843e+01
1.2538273125e+00 2.2659753618e-01 8.5044103843e+01
1.3181970185e+00 2.3386070486e-01 8.5012152633e+01
1.2428606885e+00 2.2524338609e-01 8.5331596426e+01
1.3858085593e+00 2.4149318721e-01 8.4660584449e+01
1.4355083038e+00 2.4715599669e-01 8.4148848738e+01
1.3462117942e+00 2.3743073693e-01 8.3988837165e+01
1.3940060815e+00 2.4247802364e-01 8.4468735825e+01
1.2336235228e+00 2.2438165421e-01 8.4820412361e+01
1.2841549005e+00 2.2992135914e-01 8.5331596426e+01
1.3578361197e+00 2.3853867791e-01 8.4372788316e+01
1.1613782890e+00 2.1576433544e-01 8.5587046306e+01
1.4343273772e+00 2.4715599669e-01 8.3892807710e+01
1.2807916785e+00 2.2967515003e-01 8.4980199868e+01
1.3104760507e+00 2.3336828665e-01 8.4148848738e+01
1.2103370816e+00 2.2167335403e-01 8.4916289633e+01
1.3436575952e+00 2.3693831871e-01 8.4436755064e+01
1.2608638809e+00 2.2733616351e-01 8.5203836921e+01
1.2606536449e+00 2.2733616351e-01 8.5139948243e+01
1.3049308250e+00 2.3250655477e-01 8.4692553325e+01
1.2074369555e+00 2.2142714492e-01 8.4692553325e+01
1.3554010370e+00 2.3816936425e-01 8.4596641686e+01
1.3187422781e+00 2.3410691397e-01 8.4564667778e+01
1.2935042854e+00 2.3164482289e-01 8.3764741596e+01
1.2561113568e+00 2.2708995440e-01 8.4468735825e+01
1.2182570563e+00 2.2253508590e-01 8.5044103843e+01
1.4578085378e+00 2.4961808776e-01 8.4052847370e+01
1.2888494345e+00 2.3065998646e-01 8.4788450052e+01
1.2496033782e+00 2.2610511797e-01 8.5076053508e+01
1.2097559525e+00 2.2130404036e-01 8.5778575774e+01
1.3809421380e+00 2.4100076899e-01 8.4564667778e+01
1.3757305649e+00 2.4038524622e-01 8.4660584449e+01
1.2880201534e+00 2.3065998646e-01 8.4564667778e+01
1.3508277683e+00 2.3767694603e-01 8.4564667778e+01
1.4015364793e+00 2.4321665096e-01 8.4660584449e+01
1.4149593878e+00 2.4506321927e-01 8.3860794078e+01
1.3491153078e+00 2.3780005059e-01 8.3892807710e+01
1.1467218639e+00 2.1404087168e-01 8.5618971257e+01
1.4410292193e+00 2.4801772856e-01 8.3636644199e+01
1.2086184395e+00 2.2142714492e-01 8.5044103843e+01
1.3712392742e+00 2.4013903711e-01 8.4116850127e+01
1.2677995152e+00 2.2844410449e-01 8.4404772564e+01
1.2500926622e+00 2.2635132707e-01 8.4596641686e+01
1.2630408011e+00 2.2770547717e-01 8.4884332141e+01
1.2860755417e+00 2.3041377735e-01 8.4628613906e+01
1.2716663836e+00 2.2881341815e-01 8.4564667778e+01
1.3094412716e+00 2.3312207754e-01 8.4436755064e+01
1.3626823471e+00 2.3903109613e-01 8.4468735825e+01
1.2899624375e+00 2.3090619557e-01 8.4500714858e+01
1.2992056674e+00 2.3189103200e-01 8.4628613906e+01
1.2426880058e+00 2.2536649064e-01 8.4948245538e+01
1.3769135377e+00 2.4112387354e-01 8.3412396483e+01
1.3751415298e+00 2.4063145533e-01 8.3988837165e+01
1.3286240481e+00 2.3533795951e-01 8.4276824972e+01
1.3454022155e+00 2.3706142326e-01 8.4596641686e+01
1.1447688678e+00 2.1391776713e-01 8.5299658755e+01
1.3423314435e+00 2.3693831871e-01 8.4116850127e+01
1.4026108522e+00 2.4358596462e-01 8.4116850127e+01
1.4408610269e+00 2.4752531035e-01 8.4596641686e+01
1.2515410518e+00 2.2659753618e-01 8.4404772564e+01
1.3504448411e+00 2.3767694603e-01 8.4468735825e+01
1.2966499342e+00 2.3164482289e-01 8.4532692172e+01
1.3514510722e+00 2.3767694603e-01 8.4724520544e+01
1.3201070809e+00 2.3447622763e-01 8.4084849675e+01
1.3738360438e+00 2.4001593256e-01 8.5044103843e+01
1.3825729914e+00 2.4112387354e-01 8.4692553325e+01
1.3125405687e+00 2.3361449576e-01 8.4116850127e+01
1.2697255789e+00 2.2869031360e-01 8.4340802307e+01
1.1782693507e+00 2.1810332196e-01 8.4564667778e+01
1.1605527721e+00 2.1576433544e-01 8.5299658755e+01
1.3503157076e+00 2.3767694603e-01 8.4436755064e+01
1.4420381533e+00 2.4777151945e-01 8.4340802307e+01
1.2810825182e+00 2.2955204548e-01 8.5395467416e+01
1.2266100913e+00 2.2364302689e-01 8.4660584449e+01
1.2964035887e+00 2.3164482289e-01 8.4468735825e+01
1.3142359973e+00 2.3336828665e-01 8.5139948243e+01
1.4156978825e+00 2.4506321927e-01 8.4020843204e+01
1.2013452059e+00 2.2056541304e-01 8.5108001638e+01
1.3518983907e+00 2.3804625970e-01 8.4020843204e+01
1.1239333216e+00 2.1145567605e-01 8.5331596426e+01
1.2681363473e+00 2.2856720904e-01 8.4212840476e+01
1.2295164014e+00 2.2376613144e-01 8.5203836921e+01
1.3388524409e+00 2.3619969139e-01 8.4916289633e+01
1.2903067855e+00 2.3102930012e-01 8.4308814530e+01
1.2384794473e+00 2.2487407243e-01 8.4980199868e+01
1.2460014343e+00 2.2585890886e-01 8.4660584449e+01
1.3774553708e+00 2.4063145533e-01 8.4532692172e+01
1.2208351267e+00 2.2290439956e-01 8.4852373054e+01
1.4333446315e+00 2.4703289213e-01 8.3924819428e+01
1.3320688593e+00 2.3570727317e-01 8.4308814530e+01
1.1945742783e+00 2.1970368116e-01 8.5331596426e+01
1.3102869462e+00 2.3324518209e-01 8.4372788316e+01
1.3952954924e+00 2.4284733730e-01 8.3988837165e+01
1.3208221546e+00 2.3435312308e-01 8.4532692172e+01
1.3338982733e+00 2.3607658683e-01 8.3956829243e+01
1.3209608109e+00 2.3410691397e-01 8.5171893334e+01
1.3654242005e+00 2.3976972345e-01 8.3572583562e+01
1.3860194692e+00 2.4161629176e-01 8.4436755064e+01
1.3067649090e+00 2.3275276388e-01 8.4596641686e+01
1.2776296179e+00 2.2930583637e-01 8.5012152633e+01
1.2652567053e+00 2.2819789538e-01 8.4308814530e+01
1.3794750139e+00 2.4100076899e-01 8.4212840476e+01
1.1967712750e+00 2.2007299482e-01 8.5012152633e+01
1.2350023445e+00 2.2425854966e-01 8.5587046306e+01
1.3634479894e+00 2.3903109613e-01 8.4660584449e+01
1.2795280013e+00 2.2967515003e-01 8.4628613906e+01
1.2844786254e+00 2.3016756825e-01 8.4788450052e+01
1.2814331658e+00 2.2979825458e-01 8.4852373054e+01
1.2778167609e+00 2.2942894092e-01 8.4756486116e+01
1.3016984493e+00 2.3238345022e-01 8.4148848738e+01
1.2571654474e+00 2.2708995440e-01 8.4756486116e+01
1.2724857264e+00 2.2881341815e-01 8.4788450052e+01
1.3759818859e+00 2.4038524622e-01 8.4724520544e+01
1.2620668235e+00 2.2733616351e-01 8.5587046306e+01
1.3273149576e+00 2.3496864585e-01 8.4788450052e+01
1.3794105838e+00 2.4124697810e-01 8.3700696849e+01
1.2763768105e+00 2.2942894092e-01 8.4372788316e+01
1.3350527609e+00 2.3595348228e-01 8.4500714858e+01
1.2541415275e+00 2.2672064074e-01 8.4820412361e+01
1.3772326236e+00 2.4087766444e-01 8.3956829243e+01
1.3672718009e+00 2.3952351434e-01 8.4500714858e+01
1.3184879712e+00 2.3398380942e-01 8.4788450052e+01
1.3087165162e+00 2.3299897299e-01 8.4532692172e+01
1.2402563901e+00 2.2536649064e-01 8.4276824972e+01
1.3063845543e+00 2.3262965932e-01 8.4788450052e+01
1.2427962290e+00 2.2536649064e-01 8.4980199868e+01
1.3415691153e+00 2.3669210960e-01 8.4468735825e+01
1.2634115980e+00 2.2807479083e-01 8.4116850127e+01
1.2429037647e+00 2.2536649064e-01 8.5012152633e+01
1.3492557899e+00 2.3767694603e-01 8.4180845518e+01
1.4798931166e+00 2.5244949250e-01 8.3220103581e+01
1.3641175542e+00 2.3927730524e-01 8.4276824972e+01
1.3290413438e+00 2.3521485496e-01 8.4660584449e+01
1.1828731812e+00 2.1834953107e-01 8.5331596426e+01
1.2912996766e+00 2.3102930012e-01 8.4564667778e+01
1.2954229724e+00 2.3176792745e-01 8.3956829243e+01
1.3752188260e+00 2.4038524622e-01 8.4532692172e+01
1.1794396367e+00 2.1822642652e-01 8.4596641686e+01
1.1780444146e+00 2.1785711285e-01 8.5139948243e+01
1.3669893549e+00 2.3989282800e-01 8.3668671517e+01
1.3179689472e+00 2.3386070486e-01 8.4948245538e+01
1.2596736540e+00 2.2721305895e-01 8.5171893334e+01
1.3283584650e+00 2.3496864585e-01 8.5076053508e+01
1.3371494663e+00 2.3607658683e-01 8.4756486116e+01
1.3308808655e+00 2.3546106406e-01 8.4564667778e+01
1.2238873051e+00 2.2339681778e-01 8.4500714858e+01
1.2414571013e+00 2.2548959520e-01 8.4308814530e+01
1.2570511104e+00 2.2708995440e-01 8.4724520544e+01
1.2947802880e+00 2.3127550923e-01 8.4916289633e+01
1.2396400479e+00 2.2512028154e-01 8.4692553325e+01
1.3185698863e+00 2.3423001852e-01 8.4244833624e+01
1.2594621971e+00 2.2721305895e-01 8.5108001638e+01
1.1661059645e+00 2.1650296276e-01 8.5044103843e+01
1.2489529161e+00 2.2610511797e-01 8.4884332141e+01
1.2024126876e+00 2.2068851759e-01 8.5108001638e+01
1.3319863018e+00 2.3558416862e-01 8.4564667778e+01
1.3077410100e+00 2.3287586843e-01 8.4564667778e+01
1.2810122397e+00 2.2967515003e-01 8.5044103843e+01
1.3136039373e+00 2.3349139120e-01 8.4660584449e+01
1.3621830012e+00 2.3915420068e-01 8.4084849675e+01
1.3061481834e+00 2.3262965932e-01 8.4724520544e+01
1.1643896518e+00 2.1625675365e-01 8.5171893334e+01
1.3249868613e+00 2.3472243674e-01 8.4756486116e+01
1.3911098141e+00 2.4260112819e-01 8.3572583562e+01
1.2304493329e+00 2.2413544510e-01 8.4532692172e+01
1.3083426675e+00 2.3299897299e-01 8.4436755064e+01
1.2845921508e+00 2.3041377735e-01 8.4244833624e+01
1.2376145800e+00 2.2475096787e-01 8.5044103843e+01
1.2377299546e+00 2.2512028154e-01 8.4180845518e+01
1.3510656540e+00 2.3792315514e-01 8.4084849675e+01
1.3162176665e+00 2.3361449576e-01 8.5076053508e+01
1.2669572037e+00 2.2832099994e-01 8.4468735825e+01
1.2251213062e+00 2.2315060867e-01 8.5523192275e+01
1.2096222116e+00 2.2142714492e-01 8.5363532643e+01
1.2945821174e+00 2.3139861378e-01 8.4564667778e+01
1.2869540493e+00 2.3090619557e-01 8.3764741596e+01
1.3539793963e+00 2.3829246880e-01 8.3988837165e+01
1.3182417112e+00 2.3410691397e-01 8.4436755064e+01
1.3248555645e+00 2.3484554129e-01 8.4436755064e+01
1.4155517470e+00 2.4506321927e-01 8.3988837165e+01
1.3534114158e+00 2.3829246880e-01 8.3860794078e+01
1.2511166805e+00 2.2635132707e-01 8.4884332141e+01
1.1939830025e+00 2.1970368116e-01 8.5139948243e+01
1.2963938609e+00 2.3152171834e-01 8.4756486116e+01
1.3235207418e+00 2.3459933219e-01 8.4660584449e+01
1.2615301995e+00 2.2770547717e-01 8.4468735825e+01
1.2258770520e+00 2.2339681778e-01 8.5076053508e+01
1.2370236778e+00 2.2487407243e-01 8.4564667778e+01
1.2061194242e+00 2.2105783126e-01 8.5267719621e+01
1.2424694962e+00 2.2536649064e-01 8.4884332141e+01
1.2481995980e+00 2.2598201341e-01 8.4980199868e+01
1.2952984943e+00 2.3139861378e-01 8.4756486116e+01
1.4168388359e+00 2.4506321927e-01 8.4276824972e+01
1.3252338663e+00 2.3484554129e-01 8.4532692172e+01
1.1961387057e+00 2.2007299482e-01 8.4820412361e+01
1.3421996604e+00 2.3669210960e-01 8.4628613906e+01
1.3125405687e+00 2.3361449576e-01 8.4116850127e+01
1.2646451302e+00 2.2795168628e-01 8.4724520544e+01
1.2865472351e+00 2.3041377735e-01 8.4756486116e+01
1.1963444573e+00 2.2031920393e-01 8.4276824972e+01
1.2931087334e+00 2.3115240468e-01 8.4756486116e+01
1.2702221219e+00 2.2844410449e-01 8.5076053508e+01
1.2628552308e+00 2.2782858172e-01 8.4532692172e+01
1.3144332981e+00 2.3349139120e-01 8.4884332141e+01
1.2661120180e+00 2.2819789538e-01 8.4532692172e+01
1.2652130747e+00 2.2795168628e-01 8.4884332141e+01
1.2731100154e+00 2.2893652271e-01 8.4660584449e+01
1.3211790534e+00 2.3410691397e-01 8.5235779013e+01
1.2203944245e+00 2.2290439956e-01 8.4724520544e+01
1.3034714994e+00 2.3238345022e-01 8.4596641686e+01
1.3500552035e+00 2.3767694603e-01 8.4372788316e+01
1.2478715257e+00 2.2598201341e-01 8.4884332141e+01
1.2102988759e+00 2.2155024947e-01 8.5235779013e+01
1.2820244683e+00 2.3016756825e-01 8.4148848738e+01
1.3118125079e+00 2.3312207754e-01 8.5076053508e+01
1.2715230194e+00 2.2893652271e-01 8.4244833624e+01
1.3294051279e+00 2.3521485496e-01 8.4756486116e+01
1.2988030779e+00 2.3201413655e-01 8.4244833624e+01
1.2522921135e+00 2.2635132707e-01 8.5235779013e+01
1.3319657328e+00 2.3583037773e-01 8.4020843204e+01
1.2676004415e+00 2.2795168628e-01 8.5618971257e+01
1.1656395475e+00 2.1637985821e-01 8.5235779013e+01
1.2621768946e+00 2.2758237261e-01 8.4948245538e+01
1.1997110232e+00 2.2031920393e-01 8.5267719621e+01
1.1676560115e+00 2.1662606732e-01 8.5203836921e+01
1.2669586816e+00 2.2807479083e-01 8.5076053508e+01
1.2200567920e+00 2.2290439956e-01 8.4628613906e+01
1.4100277134e+00 2.4420148739e-01 8.4532692172e+01
1.3443976699e+00 2.3681521416e-01 8.4916289633e+01
1.3236422583e+00 2.3459933219e-01 8.4692553325e+01
1.2490114514e+00 2.2622822252e-01 8.4596641686e+01
1.2615301995e+00 2.2770547717e-01 8.4468735825e+01
1.4861640889e+00 2.5294191072e-01 8.3540550223e+01
1.2685232878e+00 2.2844410449e-01 8.4596641686e+01
1.2364300369e+00 2.2462786332e-01 8.5012152633e+01
1.3311289132e+00 2.3546106406e-01 8.4628613906e+01
1.2782741271e+00 2.2942894092e-01 8.4884332141e+01
1.4557607844e+00 2.4949498321e-01 8.3860794078e+01
1.3342797331e+00 2.3595348228e-01 8.4308814530e+01
1.3388524409e+00 2.3619969139e-01 8.4916289633e+01
1.1662953528e+00 2.1625675365e-01 8.5842408323e+01
1.2957617630e+00 2.3139861378e-01 8.4884332141e+01
1.2540804424e+00 2.2647443163e-01 8.5459332672e+01
1.3278231743e+00 2.3533795951e-01 8.4084849675e+01
1.2036830852e+00 2.2081162215e-01 8.5171893334e+01
1.2254538930e+00 2.2339681778e-01 8.4948245538e+01
1.1713908127e+00 2.1711848553e-01 8.5044103843e+01
1.2214758842e+00 2.2290439956e-01 8.5044103843e+01
1.3430038008e+00 2.3693831871e-01 8.4276824972e+01
1.2120448943e+00 2.2191956313e-01 8.4788450052e+01
1.2597201840e+00 2.2745926806e-01 8.4564667778e+01
1.3596779112e+00 2.3890799157e-01 8.4020843204e+01
1.1427630066e+00 2.1367155802e-01 8.5331596426e+01
1.1889591627e+00 2.1908815839e-01 8.5235779013e+01
1.2932577990e+00 2.3102930012e-01 8.5108001638e+01
1.2565318260e+00 2.2696684984e-01 8.4884332141e+01
1.3195395569e+00 2.3435312308e-01 8.4212840476e+01
1.3170727866e+00 2.3410691397e-01 8.4148848738e+01
1.2565868027e+00 2.2708995440e-01 8.4596641686e+01
1.2501264318e+00 2.2610511797e-01 8.5235779013e+01
1.1233381292e+00 2.1133257150e-01 8.5491263175e+01
1.3470367867e+00 2.3743073693e-01 8.4180845518e+01
1.3013985565e+00 2.3213724111e-01 8.4628613906e+01
1.2452633618e+00 2.2573580430e-01 8.4756486116e+01
1.1673945080e+00 2.1674917187e-01 8.4788450052e+01
1.3435557238e+00 2.3681521416e-01 8.4692553325e+01
1.3009100502e+00 2.3213724111e-01 8.4500714858e+01
1.3683875887e+00 2.3964661890e-01 8.4500714858e+01
1.2322123466e+00 2.2425854966e-01 8.4724520544e+01
1.2341679281e+00 2.2438165421e-01 8.4980199868e+01
1.2612433464e+00 2.2782858172e-01 8.4116850127e+01
1.2946663508e+00 2.3127550923e-01 8.4884332141e+01
1.2809023128e+00 2.2967515003e-01 8.5012152633e+01
1.3216765397e+00 2.3435312308e-01 8.4756486116e+01
1.2994401941e+00 2.3201413655e-01 8.4404772564e+01
1.2485214567e+00 2.2598201341e-01 8.5076053508e+01
1.3323751719e+00 2.3583037773e-01 8.4116850127e+01
1.3318554202e+00 2.3546106406e-01 8.4820412361e+01
1.2526226622e+00 2.2672064074e-01 8.4404772564e+01
1.2571860102e+00 2.2696684984e-01 8.5076053508e+01
1.3233678609e+00 2.3472243674e-01 8.4340802307e+01
1.3215471903e+00 2.3447622763e-01 8.4436755064e+01
1.1902796472e+00 2.1933436750e-01 8.4980199868e+01
1.1246427472e+00 2.1145567605e-01 8.5587046306e+01
1.2929961331e+00 2.3127550923e-01 8.4436755064e+01
1.2945821174e+00 2.3139861378e-01 8.4564667778e+01
1.3387053269e+00 2.3644590050e-01 8.4308814530e+01
1.3126890372e+00 2.3324518209e-01 8.5012152633e+01
1.2415787096e+00 2.2512028154e-01 8.5267719621e+01
1.2264209790e+00 2.2351992233e-01 8.4916289633e+01
1.2772291532e+00 2.2942894092e-01 8.4596641686e+01
1.3632708877e+00 2.3915420068e-01 8.4340802307e+01
1.2673866548e+00 2.2819789538e-01 8.4884332141e+01
1.2514067977e+00 2.2647443163e-01 8.4660584449e+01
1.2502543984e+00 2.2622822252e-01 8.4948245538e+01
1.2126894738e+00 2.2191956313e-01 8.4980199868e+01
1.3341981374e+00 2.3583037773e-01 8.4564667778e+01
1.3726003433e+00 2.3989282800e-01 8.5012152633e+01
1.4697596792e+00 2.5097223786e-01 8.3924819428e+01
1.2936087358e+00 2.3127550923e-01 8.4596641686e+01
1.3408413423e+00 2.3656900505e-01 8.4564667778e+01
1.3819867066e+00 2.4124697810e-01 8.4276824972e+01
1.3076004467e+00 2.3275276388e-01 8.4820412361e+01
1.2853380255e+00 2.3029067280e-01 8.4724520544e+01
1.3553700390e+00 2.3841557336e-01 8.4052847370e+01
1.1960127825e+00 2.1994989027e-01 8.5108001638e+01
1.4743850022e+00 2.5171086518e-01 8.3476477450e+01
1.4603192484e+00 2.4998740143e-01 8.3860794078e+01
1.3253585023e+00 2.3484554129e-01 8.4564667778e+01
1.3071184224e+00 2.3287586843e-01 8.4404772564e+01
1.2589002380e+00 2.2708995440e-01 8.5267719621e+01
1.2777130836e+00 2.2955204548e-01 8.4436755064e+01
1.1281082116e+00 2.1194809427e-01 8.5331596426e+01
1.1885613645e+00 2.1908815839e-01 8.5108001638e+01
1.4633623359e+00 2.5023361053e-01 8.4020843204e+01
1.2491725007e+00 2.2610511797e-01 8.4948245538e+01
1.3365361359e+00 2.3607658683e-01 8.4596641686e+01
1.3404610896e+00 2.3656900505e-01 8.4468735825e+01
1.3319863018e+00 2.3558416862e-01 8.4564667778e+01
1.2938487682e+00 2.3127550923e-01 8.4660584449e+01
1.2963247496e+00 2.3139861378e-01 8.5044103843e+01
1.2865472351e+00 2.3041377735e-01 8.4756486116e+01
1.3071184224e+00 2.3287586843e-01 8.4404772564e+01
1.2789069320e+00 2.2955204548e-01 8.4756486116e+01
1.2449565916e+00 2.2561269975e-01 8.4980199868e+01
1.3208221546e+00 2.3435312308e-01 8.4532692172e+01
1.2698949890e+00 2.2844410449e-01 8.4980199868e+01
1.3181733691e+00 2.3423001852e-01 8.4148848738e+01
1.4442766084e+00 2.4851014678e-01 8.3380352901e+01
1.4037358487e+00 2.4370906918e-01 8.4116850127e+01
1.3736107991e+00 2.4038524622e-01 8.4148848738e+01
1.2900329262e+00 2.3053688191e-01 8.5459332672e+01
1.3601048859e+00 2.3866178247e-01 8.4660584449e+01
1.2325406041e+00 2.2413544510e-01 8.5139948243e+01
1.2405291347e+00 2.2512028154e-01 8.4948245538e+01
1.3052502016e+00 2.3275276388e-01 8.4212840476e+01
1.2162177191e+00 2.2241198135e-01 8.4756486116e+01
1.2472261560e+00 2.2585890886e-01 8.5012152633e+01
1.2576158374e+00 2.2708995440e-01 8.4884332141e+01
1.3426073049e+00 2.3706142326e-01 8.3924819428e+01
1.2478135166e+00 2.2610511797e-01 8.4564667778e+01
1.2585885243e+00 2.2708995440e-01 8.5171893334e+01
1.3199426941e+00 2.3410691397e-01 8.4884332141e+01
1.3284924070e+00 2.3533795951e-01 8.4244833624e+01
1.3624211176e+00 2.3903109613e-01 8.4404772564e+01
1.4044372308e+00 2.4370906918e-01 8.4276824972e+01
1.3135058195e+00 2.3373760031e-01 8.4084849675e+01
1.2432160501e+00 2.2548959520e-01 8.4788450052e+01
1.3100315896e+00 2.3299897299e-01 8.4884332141e+01
1.2769891622e+00 2.2942894092e-01 8.4532692172e+01
1.3518797605e+00 2.3792315514e-01 8.4276824972e+01
1.2613101662e+00 2.2745926806e-01 8.5012152633e+01
1.2669329647e+00 2.2819789538e-01 8.4756486116e+01
1.1813113272e+00 2.1810332196e-01 8.5523192275e+01
1.2777130836e+00 2.2955204548e-01 8.4436755064e+01
1.2158275948e+00 2.2204266769e-01 8.5650894846e+01
1.3860532461e+00 2.4173939631e-01 8.4180845518e+01
1.2784378822e+00 2.2955204548e-01 8.4628613906e+01
1.3269539419e+00 2.3496864585e-01 8.4692553325e+01
1.2543647852e+00 2.2672064074e-01 8.4884332141e+01
1.2884400091e+00 2.3090619557e-01 8.4116850127e+01
1.3571150584e+00 2.3841557336e-01 8.4468735825e+01
1.3487322785e+00 2.3743073693e-01 8.4596641686e+01
1.2458859548e+00 2.2585890886e-01 8.4628613906e+01
1.3332166457e+00 2.3570727317e-01 8.4596641686e+01
1.2928731811e+00 2.3115240468e-01 8.4692553325e+01
1.4364975654e+00 2.4727910124e-01 8.4116850127e+01
1.2329476855e+00 2.2438165421e-01 8.4628613906e+01
1.3137899879e+00 2.3336828665e-01 8.5012152633e+01
1.3672718009e+00 2.3952351434e-01 8.4500714858e+01
1.3418957444e+00 2.3681521416e-01 8.4276824972e+01
1.2748373968e+00 2.2955204548e-01 8.3732720205e+01
1.4072372251e+00 2.4395527828e-01 8.4404772564e+01
1.3212054059e+00 2.3472243674e-01 8.3828778522e+01
1.2522999543e+00 2.2622822252e-01 8.5587046306e+01
1.3133604470e+00 2.3349139120e-01 8.4596641686e+01
1.3062715689e+00 2.3275276388e-01 8.4468735825e+01
1.2130585261e+00 2.2167335403e-01 8.5810492699e+01
1.3354293183e+00 2.3595348228e-01 8.4596641686e+01
1.3072466919e+00 2.3275276388e-01 8.4724520544e+01
1.2527188649e+00 2.2659753618e-01 8.4724520544e+01
1.2641267745e+00 2.2782858172e-01 8.4884332141e+01
1.3505009761e+00 2.3780005059e-01 8.4212840476e+01
1.1885833533e+00 2.1921126295e-01 8.4788450052e+01
1.3296881215e+00 2.3509175040e-01 8.5139948243e+01
1.2752881236e+00 2.2930583637e-01 8.4372788316e+01
1.2682483087e+00 2.2832099994e-01 8.4820412361e+01
1.3411818969e+00 2.3669210960e-01 8.4372788316e+01
1.2594621971e+00 2.2721305895e-01 8.5108001638e+01
1.1907095759e+00 2.1945747206e-01 8.4788450052e+01
1.2557474608e+00 2.2708995440e-01 8.4372788316e+01
1.1761701687e+00 2.1773400830e-01 8.4884332141e+01
1.4038459092e+00 2.4383217373e-01 8.3892807710e+01
1.3014336171e+00 2.3238345022e-01 8.4084849675e+01
1.2728624374e+00 2.2905962726e-01 8.4308814530e+01
1.3019198115e+00 2.3201413655e-01 8.5076053508e+01
1.3787776716e+00 2.4100076899e-01 8.4052847370e+01
1.3011232947e+00 2.3226034566e-01 8.4276824972e+01
1.3577322390e+00 2.3866178247e-01 8.4084849675e+01
1.3231078072e+00 2.3472243674e-01 8.4276824972e+01
1.2878988345e+00 2.3065998646e-01 8.4532692172e+01
1.2114688880e+00 2.2167335403e-01 8.5267719621e+01
1.3143379016e+00 2.3361449576e-01 8.4564667778e+01
1.2645419472e+00 2.2807479083e-01 8.4404772564e+01
1.2955549128e+00 2.3152171834e-01 8.4532692172e+01
1.2672742835e+00 2.2819789538e-01 8.4852373054e+01
1.4384053104e+00 2.4764841490e-01 8.3796761031e+01
1.3254811320e+00 2.3509175040e-01 8.4052847370e+01
1.2621768946e+00 2.2758237261e-01 8.4948245538e+01
1.3206409915e+00 2.3447622763e-01 8.4212840476e+01
1.3468976074e+00 2.3755384148e-01 8.3892807710e+01
1.2518743707e+00 2.2635132707e-01 8.5108001638e+01
1.3592570999e+00 2.3878488702e-01 8.4180845518e+01
1.3534243401e+00 2.3816936425e-01 8.4116850127e+01
1.3364918892e+00 2.3619969139e-01 8.4308814530e+01
1.3664811627e+00 2.3952351434e-01 8.4308814530e+01
1.3144608326e+00 2.3361449576e-01 8.4596641686e+01
1.2809826665e+00 2.2992135914e-01 8.4436755064e+01
1.2377484881e+00 2.2499717698e-01 8.4468735825e+01
1.2317712141e+00 2.2401234055e-01 8.5235779013e+01
1.2935712629e+00 2.3115240468e-01 8.4884332141e+01
1.2908030382e+00 2.3090619557e-01 8.4724520544e+01
1.2929913146e+00 2.3115240468e-01 8.4724520544e+01
1.4165582850e+00 2.4506321927e-01 8.4212840476e+01
1.3255738030e+00 2.3496864585e-01 8.4340802307e+01
1.2745686999e+00 2.2918273181e-01 8.4468735825e+01
1.2923620301e+00 2.3102930012e-01 8.4852373054e+01
1.3169392595e+00 2.3410691397e-01 8.4116850127e+01
1.2294289479e+00 2.2388923600e-01 8.4852373054e+01
1.3306298776e+00 2.3546106406e-01 8.4500714858e+01
1.4020362345e+00 2.4358596462e-01 8.3988837165e+01
1.2767578131e+00 2.2918273181e-01 8.5076053508e+01
1.3420750330e+00 2.3669210960e-01 8.4596641686e+01
1.3557478669e+00 2.3804625970e-01 8.4980199868e+01
1.3412149329e+00 2.3656900505e-01 8.4660584449e+01
1.3854232437e+00 2.4149318721e-01 8.4564667778e+01
1.3520652198e+00 2.3780005059e-01 8.4596641686e+01
1.3361087428e+00 2.3632279594e-01 8.3956829243e+01
1.3356910477e+00 2.3619969139e-01 8.4116850127e+01
1.2680198772e+00 2.2832099994e-01 8.4756486116e+01
1.2086184395e+00 2.2142714492e-01 8.5044103843e+01
1.1272374926e+00 2.1170188516e-01 8.5778575774e+01
1.3870342665e+00 2.4186250087e-01 8.4148848738e+01
1.2526365293e+00 2.2647443163e-01 8.5012152633e+01
1.1428634239e+00 2.1354845347e-01 8.5746657535e+01
1.2795280013e+00 2.2967515003e-01 8.4628613906e+01
1.3568548373e+00 2.3841557336e-01 8.4404772564e+01
1.3329667364e+00 2.3570727317e-01 8.4532692172e+01
1.3632708877e+00 2.3915420068e-01 8.4340802307e+01
1.3631375374e+00 2.3915420068e-01 8.4308814530e+01
1.2868064060e+00 2.3053688191e-01 8.4532692172e+01
1.2031716256e+00 2.2081162215e-01 8.5012152633e+01
1.3591203021e+00 2.3878488702e-01 8.4148848738e+01
1.3527221049e+00 2.3804625970e-01 8.4212840476e+01
1.2570511104e+00 2.2708995440e-01 8.4724520544e+01
1.2702487309e+00 2.2819789538e-01 8.5778575774e+01
1.3056667827e+00 2.3262965932e-01 8.4596641686e+01
1.4117466709e+00 2.4444769650e-01 8.4404772564e+01
1.2951808879e+00 2.3139861378e-01 8.4724520544e+01
1.2604183455e+00 2.2745926806e-01 8.4756486116e+01
1.3954418461e+00 2.4272423274e-01 8.4276824972e+01
1.2546539464e+00 2.2684374529e-01 8.4660584449e+01
1.2876400068e+00 2.3053688191e-01 8.4756486116e+01
1.2841779370e+00 2.3004446369e-01 8.5012152633e+01
1.3314954731e+00 2.3546106406e-01 8.4724520544e+01
1.2526365293e+00 2.2647443163e-01 8.5012152633e+01
1.3147772134e+00 2.3336828665e-01 8.5299658755e+01
1.3956660440e+00 2.4247802364e-01 8.4884332141e+01
1.2047787192e+00 2.2105783126e-01 8.4852373054e+01
1.2874064308e+00 2.3065998646e-01 8.4404772564e+01
1.3294051279e+00 2.3521485496e-01 8.4756486116e+01
1.2092674681e+00 2.2155024947e-01 8.4916289633e+01
1.3067821171e+00 2.3299897299e-01 8.4052847370e+01
1.2729240587e+00 2.2918273181e-01 8.4052847370e+01
1.3424198558e+00 2.3681521416e-01 8.4404772564e+01
1.2076746700e+00 2.2118093581e-01 8.5427400756e+01
1.3153147573e+00 2.3373760031e-01 8.4532692172e+01
1.2545852671e+00 2.2672064074e-01 8.4948245538e+01
1.2807741977e+00 2.2955204548e-01 8.5299658755e+01
1.3460625501e+00 2.3730763237e-01 8.4212840476e+01
1.3303898760e+00 2.3533795951e-01 8.4724520544e+01
1.3365361359e+00 2.3607658683e-01 8.4596641686e+01
1.3822576782e+00 2.4124697810e-01 8.4340802307e+01
1.3070072449e+00 2.3275276388e-01 8.4660584449e+01
1.4424184472e+00 2.4801772856e-01 8.3924819428e+01
1.2102850395e+00 2.2142714492e-01 8.5587046306e+01
1.3449537423e+00 2.3718452782e-01 8.4212840476e+01
1.3230173891e+00 2.3447622763e-01 8.4820412361e+01
1.1639943714e+00 2.1625675365e-01 8.5044103843e+01
1.2727134898e+00 2.2881341815e-01 8.4852373054e+01
1.2736886878e+00 2.2893652271e-01 8.4820412361e+01
1.3978291267e+00 2.4309354641e-01 8.4052847370e+01
1.1965630729e+00 2.2007299482e-01 8.4948245538e+01
1.3822576782e+00 2.4124697810e-01 8.4340802307e+01
1.2944602152e+00 2.3139861378e-01 8.4532692172e+01
1.2484187928e+00 2.2622822252e-01 8.4436755064e+01
1.2942142624e+00 2.3139861378e-01 8.4468735825e+01
1.2631536701e+00 2.2745926806e-01 8.5587046306e+01
1.3531238651e+00 2.3804625970e-01 8.4308814530e+01
1.1747663734e+00 2.1748779919e-01 8.5108001638e+01
1.2216247627e+00 2.2315060867e-01 8.4468735825e+01
1.3533879668e+00 2.3804625970e-01 8.4372788316e+01
1.2273875373e+00 2.2364302689e-01 8.4884332141e+01
1.3377294370e+00 2.3632279594e-01 8.4340802307e+01
1.1454589325e+00 2.1379466258e-01 8.5938147480e+01
1.3097889912e+00 2.3349139120e-01 8.3732720205e+01
1.2988030779e+00 2.3201413655e-01 8.4244833624e+01
1.3828319937e+00 2.4137008265e-01 8.4212840476e+01
1.2931087334e+00 2.3115240468e-01 8.4756486116e+01
1.2311502003e+00 2.2401234055e-01 8.5044103843e+01
1.3166700165e+00 2.3410691397e-01 8.4052847370e+01
1.2147254456e+00 2.2216577224e-01 8.4948245538e+01
1.4523892399e+00 2.4924877410e-01 8.3636644199e+01
1.2689167707e+00 2.2832099994e-01 8.5012152633e+01
1.3233678609e+00 2.3472243674e-01 8.4340802307e+01
1.3466180054e+00 2.3706142326e-01 8.4916289633e+01
1.3420607451e+00 2.3656900505e-01 8.4884332141e+01
1.3026159098e+00 2.3226034566e-01 8.4660584449e+01
1.2812299717e+00 2.2967515003e-01 8.5108001638e+01
1.2343809082e+00 2.2438165421e-01 8.5044103843e+01
1.1500217486e+00 2.1453328990e-01 8.5299658755e+01
1.3382570845e+00 2.3619969139e-01 8.4756486116e+01
1.3127440792e+00 2.3336828665e-01 8.4724520544e+01
1.3404610896e+00 2.3656900505e-01 8.4468735825e+01
1.3100315896e+00 2.3299897299e-01 8.4884332141e+01
1.2348716331e+00 2.2475096787e-01 8.4276824972e+01
1.2460027272e+00 2.2561269975e-01 8.5299658755e+01
1.2519798441e+00 2.2635132707e-01 8.5139948243e+01
1.2890799606e+00 2.3065998646e-01 8.4852373054e+01
1.2973717573e+00 2.3164482289e-01 8.4724520544e+01
1.2180972353e+00 2.2241198135e-01 8.5331596426e+01
1.3148124659e+00 2.3373760031e-01 8.4404772564e+01
1.4220649277e+00 2.4567874204e-01 8.4180845518e+01
1.2957617630e+00 2.3139861378e-01 8.4884332141e+01
1.3555268330e+00 2.3816936425e-01 8.4628613906e+01
1.2877768028e+00 2.3065998646e-01 8.4500714858e+01
1.2433270326e+00 2.2536649064e-01 8.5139948243e+01
1.2933665590e+00 2.3102930012e-01 8.5139948243e+01
1.3468556359e+00 2.3730763237e-01 8.4404772564e+01
1.2134991027e+00 2.2179645858e-01 8.5587046306e+01
1.2347986730e+00 2.2438165421e-01 8.5171893334e+01
1.3217956762e+00 2.3435312308e-01 8.4788450052e+01
1.3188305816e+00 2.3423001852e-01 8.4308814530e+01
1.4326208435e+00 2.4715599669e-01 8.3540550223e+01
1.3027356135e+00 2.3226034566e-01 8.4692553325e+01
1.3973959949e+00 2.4309354641e-01 8.3956829243e+01
1.3398429833e+00 2.3669210960e-01 8.4052847370e+01
1.3189539430e+00 2.3459933219e-01 8.3572583562e+01
1.2979889497e+00 2.3176792745e-01 8.4596641686e+01
1.3309856473e+00 2.3533795951e-01 8.4884332141e+01
1.2145115745e+00 2.2216577224e-01 8.4884332141e+01
1.2476508119e+00 2.2585890886e-01 8.5139948243e+01
1.3776472488e+00 2.4075455988e-01 8.4308814530e+01
1.2646640358e+00 2.2807479083e-01 8.4436755064e+01
1.3063959876e+00 2.3275276388e-01 8.4500714858e+01
1.2226515445e+00 2.2315060867e-01 8.4756486116e+01
1.2775192504e+00 2.2930583637e-01 8.4980199868e+01
1.2875230567e+00 2.3053688191e-01 8.4724520544e+01
1.3404610896e+00 2.3656900505e-01 8.4468735825e+01
1.2642267979e+00 2.2770547717e-01 8.5235779013e+01
1.2698462093e+00 2.2856720904e-01 8.4660584449e+01
1.2279224586e+00 2.2364302689e-01 8.5044103843e+01
1.2315807004e+00 2.2413544510e-01 8.4852373054e+01
1.2751636318e+00 2.2930583637e-01 8.4340802307e+01
1.3818500765e+00 2.4124697810e-01 8.4244833624e+01
1.3401940046e+00 2.3632279594e-01 8.4980199868e+01
1.4689821596e+00 2.5097223786e-01 8.3764741596e+01
1.2497093703e+00 2.2610511797e-01 8.5108001638e+01
1.3036673323e+00 2.3226034566e-01 8.4948245538e+01
1.2701137793e+00 2.2844410449e-01 8.5044103843e+01
1.3173606211e+00 2.3423001852e-01 8.3956829243e+01
1.2752875149e+00 2.2918273181e-01 8.4660584449e+01
1.2305697387e+00 2.2425854966e-01 8.4276824972e+01
1.4137314200e+00 2.4481701016e-01 8.4084849675e+01
1.3805281317e+00 2.4137008265e-01 8.3700696849e+01
1.3594702040e+00 2.3866178247e-01 8.4500714858e+01
1.3074450191e+00 2.3299897299e-01 8.4212840476e+01
1.3082166038e+00 2.3299897299e-01 8.4404772564e+01
1.3583569651e+00 2.3853867791e-01 8.4500714858e+01
1.3785741197e+00 2.4075455988e-01 8.4532692172e+01
1.2720217542e+00 2.2881341815e-01 8.4660584449e+01
1.3194712685e+00 2.3410691397e-01 8.4756486116e+01
1.2309377457e+00 2.2401234055e-01 8.4980199868e+01
1.4162611572e+00 2.4494011472e-01 8.4404772564e+01
1.3563869730e+00 2.3829246880e-01 8.4564667778e+01
1.3317361725e+00 2.3546106406e-01 8.4788450052e+01
1.3111606435e+00 2.3324518209e-01 8.4596641686e+01
1.4010008294e+00 2.4358596462e-01 8.3764741596e+01
1.3113614179e+00 2.3312207754e-01 8.4948245538e+01
1.1676560115e+00 2.1662606732e-01 8.5203836921e+01
1.2507006865e+00 2.2647443163e-01 8.4468735825e+01
1.3989501774e+00 2.4309354641e-01 8.4308814530e+01
1.3589827528e+00 2.3878488702e-01 8.4116850127e+01
1.3056667827e+00 2.3262965932e-01 8.4596641686e+01
1.3536976272e+00 2.3816936425e-01 8.4180845518e+01
1.2431167736e+00 2.2536649064e-01 8.5076053508e+01
1.1739481955e+00 2.1748779919e-01 8.4852373054e+01
1.3263375982e+00 2.3496864585e-01 8.4532692172e+01
1.3917978763e+00 2.4235491908e-01 8.4212840476e+01
1.3680311719e+00 2.3976972345e-01 8.4148848738e+01
1.3162910120e+00 2.3386070486e-01 8.4500714858e+01
1.3648183718e+00 2.3952351434e-01 8.3924819428e+01
1.3051192776e+00 2.3275276388e-01 8.4180845518e+01
1.2102850395e+00 2.2142714492e-01 8.5587046306e+01
1.3924676485e+00 2.4260112819e-01 8.3860794078e+01
1.2892337064e+00 2.3078309102e-01 8.4596641686e+01
1.2624737765e+00 2.2770547717e-01 8.4724520544e+01
1.3543975119e+00 2.3829246880e-01 8.4084849675e+01
1.2913820601e+00 2.3090619557e-01 8.4884332141e+01
1.3012582828e+00 2.3189103200e-01 8.5203836921e+01
1.2583749597e+00 2.2745926806e-01 8.4212840476e+01
1.2719464268e+00 2.2856720904e-01 8.5267719621e+01
1.3155615405e+00 2.3373760031e-01 8.4596641686e+01
1.3941731399e+00 2.4272423274e-01 8.3988837165e+01
1.2740209794e+00 2.2881341815e-01 8.5235779013e+01
1.3112468369e+00 2.3312207754e-01 8.4916289633e+01
1.2369068949e+00 2.2487407243e-01 8.4532692172e+01
1.2760009121e+00 2.2942894092e-01 8.4276824972e+01
1.3460716869e+00 2.3743073693e-01 8.3956829243e+01
1.3260909455e+00 2.3484554129e-01 8.4756486116e+01
1.1643668695e+00 2.1613364910e-01 8.5523192275e+01
1.3762091048e+00 2.4087766444e-01 8.3732720205e+01
1.2600724045e+00 2.2745926806e-01 8.4660584449e+01
1.3645491280e+00 2.3940040979e-01 8.4116850127e+01
1.2623582756e+00 2.2770547717e-01 8.4692553325e+01
1.2574337818e+00 2.2721305895e-01 8.4532692172e+01
1.2488420871e+00 2.2610511797e-01 8.4852373054e+01
1.3565062907e+00 2.3816936425e-01 8.4884332141e+01
1.2683614723e+00 2.2832099994e-01 8.4852373054e+01
1.3222649282e+00 2.3435312308e-01 8.4916289633e+01
1.3314094843e+00 2.3583037773e-01 8.3892807710e+01
1.3725923883e+00 2.4013903711e-01 8.4436755064e+01
1.4255998514e+00 2.4604805570e-01 8.4212840476e+01
1.2598958804e+00 2.2733616351e-01 8.4916289633e+01
1.2599556954e+00 2.2745926806e-01 8.4628613906e+01
1.2136544192e+00 2.2204266769e-01 8.4948245538e+01
1.2206106139e+00 2.2278129501e-01 8.5108001638e+01
1.2951808879e+00 2.3139861378e-01 8.4724520544e+01
1.3150645932e+00 2.3361449576e-01 8.4756486116e+01
1.3428708146e+00 2.3693831871e-01 8.4244833624e+01
1.3018755521e+00 2.3213724111e-01 8.4756486116e+01
1.3092449314e+00 2.3324518209e-01 8.4116850127e+01
1.2573985128e+00 2.2696684984e-01 8.5139948243e+01
1.2244620793e+00 2.2339681778e-01 8.4660584449e+01
1.3141999651e+00 2.3349139120e-01 8.4820412361e+01
1.3326539785e+00 2.3595348228e-01 8.3924819428e+01
1.2081690301e+00 2.2155024947e-01 8.4596641686e+01
1.2910557413e+00 2.3102930012e-01 8.4500714858e+01
1.3444105548e+00 2.3718452782e-01 8.4084849675e+01
1.2031716256e+00 2.2081162215e-01 8.5012152633e+01
1.1832489209e+00 2.1847263562e-01 8.5108001638e+01
1.2198283192e+00 2.2290439956e-01 8.4564667778e+01
1.3902959173e+00 2.4198560542e-01 8.4660584449e+01
1.3960548878e+00 2.4309354641e-01 8.3668671517e+01
1.3716344081e+00 2.3989282800e-01 8.4756486116e+01
1.1935088753e+00 2.1958057661e-01 8.5331596426e+01
1.2152566277e+00 2.2228887680e-01 8.4788450052e+01
1.3211616680e+00 2.3423001852e-01 8.4916289633e+01
1.3369063473e+00 2.3607658683e-01 8.4692553325e+01
1.4330432915e+00 2.4703289213e-01 8.3860794078e+01
1.3042833745e+00 2.3262965932e-01 8.4244833624e+01
1.4576914446e+00 2.4949498321e-01 8.4276824972e+01
1.3962884096e+00 2.4284733730e-01 8.4212840476e+01
1.3742940870e+00 2.4038524622e-01 8.4308814530e+01
1.1712125043e+00 2.1699538098e-01 8.5331596426e+01
1.2819457241e+00 2.2992135914e-01 8.4692553325e+01
1.3965624282e+00 2.4297044185e-01 8.4020843204e+01
1.3819867066e+00 2.4124697810e-01 8.4276824972e+01
1.3855976127e+00 2.4186250087e-01 8.3828778522e+01
1.3278231743e+00 2.3533795951e-01 8.4084849675e+01
1.2859147337e+00 2.3029067280e-01 8.4884332141e+01
1.3850715647e+00 2.4161629176e-01 8.4212840476e+01
1.3720407590e+00 2.4038524622e-01 8.3796761031e+01
1.1935755872e+00 2.1970368116e-01 8.5012152633e+01
1.3089322705e+00 2.3312207754e-01 8.4308814530e+01
1.2539343442e+00 2.2659753618e-01 8.5076053508e+01
1.2534550951e+00 2.2672064074e-01 8.4628613906e+01
1.2854699176e+00 2.3041377735e-01 8.4468735825e+01
1.2495868056e+00 2.2622822252e-01 8.4756486116e+01
1.3345403597e+00 2.3595348228e-01 8.4372788316e+01
1.4054108623e+00 2.4395527828e-01 8.3988837165e+01
1.3946029738e+00 2.4272423274e-01 8.4084849675e+01
1.3739527220e+00 2.4001593256e-01 8.5076053508e+01
1.3592110803e+00 2.3866178247e-01 8.4436755064e+01
1.2394109079e+00 2.2512028154e-01 8.4628613906e+01
1.3015061730e+00 2.3226034566e-01 8.4372788316e+01
1.3706201189e+00 2.3989282800e-01 8.4500714858e+01
1.3947111493e+00 2.4284733730e-01 8.3860794078e+01
1.2488420871e+00 2.2610511797e-01 8.4852373054e+01
1.3437999848e+00 2.3681521416e-01 8.4756486116e+01
1.1612728569e+00 2.1601054455e-01 8.4852373054e+01
1.2216840595e+00 2.2290439956e-01 8.5108001638e+01
1.3581259836e+00 2.3841557336e-01 8.4724520544e+01
1.2583980147e+00 2.2733616351e-01 8.4500714858e+01
1.2980921099e+00 2.3189103200e-01 8.4340802307e+01
1.2066322266e+00 2.2093472670e-01 8.5810492699e+01
1.3582489799e+00 2.3841557336e-01 8.4756486116e+01
1.2725071962e+00 2.2869031360e-01 8.5108001638e+01
1.1881530244e+00 2.1908815839e-01 8.4980199868e+01
1.4231605332e+00 2.4592495115e-01 8.3924819428e+01
1.1869865677e+00 2.1896505384e-01 8.4948245538e+01
1.2149363805e+00 2.2191956313e-01 8.5714737975e+01
1.3582837320e+00 2.3878488702e-01 8.3956829243e+01
1.2945531102e+00 2.3152171834e-01 8.4276824972e+01
1.2652639655e+00 2.2807479083e-01 8.4596641686e+01
1.2201919054e+00 2.2278129501e-01 8.4980199868e+01
1.3510793257e+00 2.3767694603e-01 8.4628613906e+01
1.3092048511e+00 2.3299897299e-01 8.4660584449e+01
1.2908030382e+00 2.3090619557e-01 8.4724520544e+01
1.3195614688e+00 2.3447622763e-01 8.3956829243e+01
1.3588167673e+00 2.3866178247e-01 8.4340802307e+01
1.2585885243e+00 2.2708995440e-01 8.5171893334e+01
1.2371469248e+00 2.2499717698e-01 8.4308814530e+01
1.1394100054e+00 2.1342534891e-01 8.4916289633e+01
1.3887096168e+00 2.4210870998e-01 8.4020843204e+01
1.2128947212e+00 2.2204266769e-01 8.4724520544e+01
1.3652991350e+00 2.3989282800e-01 8.3316259486e+01
1.2251293981e+00 2.2339681778e-01 8.4852373054e+01
1.3416967061e+00 2.3669210960e-01 8.4500714858e+01
1.2539343442e+00 2.2659753618e-01 8.5076053508e+01
1.3176213884e+00 2.3386070486e-01 8.4852373054e+01
1.3219140832e+00 2.3435312308e-01 8.4820412361e+01
1.2645294419e+00 2.2795168628e-01 8.4692553325e+01
1.3287951526e+00 2.3521485496e-01 8.4596641686e+01
1.2365819610e+00 2.2450475877e-01 8.5395467416e+01
1.4545559341e+00 2.4912566955e-01 8.4340802307e+01
1.3603535089e+00 2.3866178247e-01 8.4724520544e+01
1.1887615812e+00 2.1908815839e-01 8.5171893334e+01
1.2169544292e+00 2.2253508590e-01 8.4660584449e+01
1.2691071160e+00 2.2844410449e-01 8.4756486116e+01
1.3192311858e+00 2.3410691397e-01 8.4692553325e+01
1.3430038008e+00 2.3693831871e-01 8.4276824972e+01
1.1599734648e+00 2.1576433544e-01 8.5108001638e+01
1.2630927152e+00 2.2782858172e-01 8.4596641686e+01
1.3956660440e+00 2.4247802364e-01 8.4884332141e+01
1.3212919306e+00 2.3447622763e-01 8.4372788316e+01
1.2886605347e+00 2.3053688191e-01 8.5044103843e+01
1.2487325777e+00 2.2598201341e-01 8.5139948243e+01
1.2802305767e+00 2.2992135914e-01 8.4244833624e+01
1.2698462093e+00 2.2856720904e-01 8.4660584449e+01
1.3434052059e+00 2.3669210960e-01 8.4948245538e+01
1.3348551283e+00 2.3607658683e-01 8.4180845518e+01
1.2780517375e+00 2.2967515003e-01 8.4244833624e+01
1.2845938745e+00 2.3016756825e-01 8.4820412361e+01
1.2050505270e+00 2.2093472670e-01 8.5267719621e+01
1.3920238509e+00 2.4223181453e-01 8.4532692172e+01
1.3159928578e+00 2.3361449576e-01 8.5012152633e+01
1.3049785864e+00 2.3226034566e-01 8.5331596426e+01
1.3654992441e+00 2.3964661890e-01 8.3828778522e+01
1.1909721807e+00 2.1921126295e-01 8.5555119982e+01
1.3560604917e+00 2.3853867791e-01 8.3956829243e+01
1.2207259661e+00 2.2290439956e-01 8.4820412361e+01
1.2078759639e+00 2.2142714492e-01 8.4820412361e+01
1.4108887916e+00 2.4432459195e-01 8.4468735825e+01
1.2705429407e+00 2.2844410449e-01 8.5171893334e+01
1.4200875001e+00 2.4543253293e-01 8.4244833624e+01
1.3050499981e+00 2.3250655477e-01 8.4724520544e+01
1.3076179386e+00 2.3287586843e-01 8.4532692172e+01
1.2264914381e+00 2.2339681778e-01 8.5267719621e+01
1.2962135830e+00 2.3139861378e-01 8.5012152633e+01
1.2500926622e+00 2.2635132707e-01 8.4596641686e+01
1.2881407597e+00 2.3065998646e-01 8.4596641686e+01
1.3380137752e+00 2.3619969139e-01 8.4692553325e+01
1.3776598467e+00 2.4087766444e-01 8.4052847370e+01
1.3642517609e+00 2.3927730524e-01 8.4308814530e+01
1.3051684501e+00 2.3250655477e-01 8.4756486116e+01
1.3543677472e+00 2.3816936425e-01 8.4340802307e+01
1.2505805743e+00 2.2647443163e-01 8.4436755064e+01
1.2672787227e+00 2.2807479083e-01 8.5171893334e+01
1.1920933708e+00 2.1958057661e-01 8.4884332141e+01
1.3875890508e+00 2.4198560542e-01 8.4020843204e+01
1.2946808451e+00 2.3152171834e-01 8.4308814530e+01
1.2767463430e+00 2.2942894092e-01 8.4468735825e+01
1.2964035887e+00 2.3164482289e-01 8.4468735825e+01
1.1937005150e+00 2.1958057661e-01 8.5395467416e+01
1.3388750690e+00 2.3632279594e-01 8.4628613906e+01
1.3265839665e+00 2.3521485496e-01 8.4052847370e+01
1.2552525146e+00 2.2708995440e-01 8.4244833624e+01
1.2703384948e+00 2.2869031360e-01 8.4500714858e+01
1.1731384285e+00 2.1724159008e-01 8.5267719621e+01
1.2835012705e+00 2.3029067280e-01 8.4244833624e+01
1.3602295723e+00 2.3866178247e-01 8.4692553325e+01
1.2215803100e+00 2.2290439956e-01 8.5076053508e+01
1.2700792265e+00 2.2856720904e-01 8.4724520544e+01
1.3199675946e+00 2.3423001852e-01 8.4596641686e+01
1.1764122819e+00 2.1761090375e-01 8.5299658755e+01
1.3376432742e+00 2.3619969139e-01 8.4596641686e+01
1.3678927708e+00 2.3976972345e-01 8.4116850127e+01
1.3211632046e+00 2.3447622763e-01 8.4340802307e+01
1.2431036081e+00 2.2548959520e-01 8.4756486116e+01
1.2246976858e+00 2.2327371323e-01 8.5044103843e+01
1.2022089856e+00 2.2081162215e-01 8.4724520544e+01
1.2653245645e+00 2.2795168628e-01 8.4916289633e+01
1.3464624419e+00 2.3730763237e-01 8.4308814530e+01
1.2329495011e+00 2.2413544510e-01 8.5267719621e+01
1.2733435975e+00 2.2893652271e-01 8.4724520544e+01
1.3594702040e+00 2.3866178247e-01 8.4500714858e+01
1.2285419374e+00 2.2364302689e-01 8.5235779013e+01
1.2795892914e+00 2.2955204548e-01 8.4948245538e+01
1.3525627585e+00 2.3780005059e-01 8.4724520544e+01
1.2503250696e+00 2.2635132707e-01 8.4660584449e+01
1.1889591627e+00 2.1908815839e-01 8.5235779013e+01
1.2864303787e+00 2.3041377735e-01 8.4724520544e+01
1.3156571933e+00 2.3386070486e-01 8.4340802307e+01
1.2284626797e+00 2.2376613144e-01 8.4884332141e+01
1.3940060815e+00 2.4247802364e-01 8.4468735825e+01
1.3411818969e+00 2.3669210960e-01 8.4372788316e+01
1.3548076193e+00 2.3841557336e-01 8.3924819428e+01
1.3062715689e+00 2.3275276388e-01 8.4468735825e+01
1.2579463253e+00 2.2708995440e-01 8.4980199868e+01
1.2462303222e+00 2.2585890886e-01 8.4724520544e+01
1.4176873810e+00 2.4518632382e-01 8.4212840476e+01
1.2661120180e+00 2.2819789538e-01 8.4532692172e+01
1.4566211763e+00 2.4974119232e-01 8.3572583562e+01
1.2272625648e+00 2.2351992233e-01 8.5171893334e+01
1.3529233978e+00 2.3792315514e-01 8.4532692172e+01
1.2853466579e+00 2.3041377735e-01 8.4436755064e+01
1.3354181863e+00 2.3619969139e-01 8.4052847370e+01
1.3039514791e+00 2.3250655477e-01 8.4436755064e+01
1.2369068949e+00 2.2487407243e-01 8.4532692172e+01
1.2528511109e+00 2.2647443163e-01 8.5076053508e+01
1.2542535033e+00 2.2672064074e-01 8.4852373054e+01
1.2713974166e+00 2.2869031360e-01 8.4788450052e+01
1.1639086820e+00 2.1637985821e-01 8.4692553325e+01
1.3938827317e+00 2.4272423274e-01 8.3924819428e+01
1.3491121853e+00 2.3804625970e-01 8.3412396483e+01
1.2280221417e+00 2.2376613144e-01 8.4756486116e+01
1.3380387661e+00 2.3644590050e-01 8.4148848738e+01
1.2600806975e+00 2.2758237261e-01 8.4372788316e+01
1.2695615406e+00 2.2844410449e-01 8.4884332141e+01
1.3184934523e+00 2.3410691397e-01 8.4500714858e+01
1.3232755163e+00 2.3459933219e-01 8.4596641686e+01
1.1930514275e+00 2.1970368116e-01 8.4852373054e+01
1.2470966804e+00 2.2610511797e-01 8.4372788316e+01
1.1966675057e+00 2.2007299482e-01 8.4980199868e+01
1.3257029347e+00 2.3496864585e-01 8.4372788316e+01
1.2557483184e+00 2.2672064074e-01 8.5299658755e+01
1.3819867066e+00 2.4124697810e-01 8.4276824972e+01
1.4001768458e+00 2.4346286007e-01 8.3828778522e+01
1.2924931677e+00 2.3127550923e-01 8.4308814530e+01
1.1597788793e+00 2.1564123088e-01 8.5395467416e+01
1.2558866873e+00 2.2684374529e-01 8.5012152633e+01
1.1949660139e+00 2.1994989027e-01 8.4788450052e+01
1.2880201534e+00 2.3065998646e-01 8.4564667778e+01
1.2204351019e+00 2.2302750412e-01 8.4436755064e+01
1.2423592098e+00 2.2536649064e-01 8.4852373054e+01
1.3249868613e+00 2.3472243674e-01 8.4756486116e+01
1.3353856509e+00 2.3607658683e-01 8.4308814530e+01
1.2586361243e+00 2.2733616351e-01 8.4564667778e+01
1.3012775092e+00 2.3213724111e-01 8.4596641686e+01
1.3280389654e+00 2.3521485496e-01 8.4404772564e+01
1.2829844387e+00 2.3029067280e-01 8.4116850127e+01
1.3943171882e+00 2.4272423274e-01 8.4020843204e+01
1.3055098805e+00 2.3275276388e-01 8.4276824972e+01
1.4116104247e+00 2.4444769650e-01 8.4372788316e+01
1.3133604470e+00 2.3349139120e-01 8.4596641686e+01
1.2024275751e+00 2.2081162215e-01 8.4788450052e+01
1.3379032329e+00 2.3644590050e-01 8.4116850127e+01
1.2644333588e+00 2.2770547717e-01 8.5299658755e+01
1.3274338314e+00 2.3496864585e-01 8.4820412361e+01
1.3560025574e+00 2.3829246880e-01 8.4468735825e+01
1.3584156997e+00 2.3866178247e-01 8.4244833624e+01
1.3860194692e+00 2.4161629176e-01 8.4436755064e+01
1.3386165123e+00 2.3619969139e-01 8.4852373054e+01
1.2078570411e+00 2.2130404036e-01 8.5139948243e+01
1.3160463844e+00 2.3373760031e-01 8.4724520544e+01
1.2394501922e+00 2.2499717698e-01 8.4948245538e+01
1.3617626155e+00 2.3915420068e-01 8.3988837165e+01
1.2404892618e+00 2.2524338609e-01 8.4628613906e+01
1.3186060985e+00 2.3398380942e-01 8.4820412361e+01
1.2825245899e+00 2.2992135914e-01 8.4852373054e+01
1.3022257471e+00 2.3213724111e-01 8.4852373054e+01
1.2457697849e+00 2.2585890886e-01 8.4596641686e+01
1.4471539992e+00 2.4838704222e-01 8.4212840476e+01
1.3253585023e+00 2.3484554129e-01 8.4564667778e+01
1.3179870543e+00 2.3410691397e-01 8.4372788316e+01
1.2644588762e+00 2.2782858172e-01 8.4980199868e+01
1.1452463892e+00 2.1404087168e-01 8.5108001638e+01
1.2377203061e+00 2.2475096787e-01 8.5076053508e+01
1.3101830441e+00 2.3312207754e-01 8.4628613906e+01
1.2727207186e+00 2.2869031360e-01 8.5171893334e+01
1.2646247163e+00 2.2819789538e-01 8.4148848738e+01
1.2117634829e+00 2.2167335403e-01 8.5363532643e+01
1.2715465186e+00 2.2881341815e-01 8.4532692172e+01
1.2887008907e+00 2.3090619557e-01 8.4180845518e+01
1.3527955571e+00 2.3792315514e-01 8.4500714858e+01
1.1499006308e+00 2.1465639445e-01 8.4916289633e+01
1.2940902116e+00 2.3139861378e-01 8.4436755064e+01
1.3388364184e+00 2.3644590050e-01 8.4340802307e+01
1.3192995828e+00 2.3398380942e-01 8.5012152633e+01
1.2908486872e+00 2.3078309102e-01 8.5044103843e+01
1.3923466297e+00 2.4235491908e-01 8.4340802307e+01
1.3467647699e+00 2.3743073693e-01 8.4116850127e+01
1.4209008487e+00 2.4567874204e-01 8.3924819428e+01
1.2508939681e+00 2.2635132707e-01 8.4820412361e+01
1.3141987196e+00 2.3386070486e-01 8.3988837165e+01
1.2141257313e+00 2.2228887680e-01 8.4468735825e+01
1.3056667827e+00 2.3262965932e-01 8.4596641686e+01
1.2385866307e+00 2.2487407243e-01 8.5012152633e+01
1.1667920917e+00 2.1650296276e-01 8.5267719621e+01
1.3417801872e+00 2.3693831871e-01 8.3988837165e+01
1.2762586199e+00 2.2930583637e-01 8.4628613906e+01
1.2884983031e+00 2.3065998646e-01 8.4692553325e+01
1.3187349373e+00 2.3435312308e-01 8.4020843204e+01
1.2880201534e+00 2.3065998646e-01 8.4564667778e+01
1.1834482944e+00 2.1847263562e-01 8.5171893334e+01
1.3078326734e+00 2.3275276388e-01 8.4884332141e+01
1.2836519984e+00 2.3016756825e-01 8.4564667778e+01
1.3724942384e+00 2.4026214167e-01 8.4148848738e+01
1.2831640128e+00 2.3016756825e-01 8.4436755064e+01
1.3911986953e+00 2.4247802364e-01 8.3828778522e+01
1.3164989247e+00 2.3398380942e-01 8.4276824972e+01
1.1962141816e+00 2.1994989027e-01 8.5171893334e+01
1.2463585983e+00 2.2573580430e-01 8.5076053508e+01
1.2738244686e+00 2.2918273181e-01 8.4276824972e+01
1.2618432375e+00 2.2758237261e-01 8.4852373054e+01
1.3575711981e+00 2.3853867791e-01 8.4308814530e+01
1.2685143507e+00 2.2856720904e-01 8.4308814530e+01
1.3107905507e+00 2.3324518209e-01 8.4500714858e+01
1.2522921135e+00 2.2635132707e-01 8.5235779013e+01
1.3690079542e+00 2.3989282800e-01 8.4116850127e+01
1.3005416957e+00 2.3201413655e-01 8.4692553325e+01
1.2390085121e+00 2.2487407243e-01 8.5139948243e+01
1.2405291347e+00 2.2512028154e-01 8.4948245538e+01
1.3236422583e+00 2.3459933219e-01 8.4692553325e+01
1.2351892325e+00 2.2425854966e-01 8.5650894846e+01
1.3765945231e+00 2.4050835077e-01 8.4596641686e+01
1.3777693803e+00 2.4100076899e-01 8.3828778522e+01
1.2843976123e+00 2.3004446369e-01 8.5076053508e+01
1.3330920591e+00 2.3570727317e-01 8.4564667778e+01
1.2275544117e+00 2.2339681778e-01 8.5618971257e+01
1.2880201534e+00 2.3065998646e-01 8.4564667778e+01
1.2911780662e+00 2.3102930012e-01 8.4532692172e+01
1.3159129043e+00 2.3386070486e-01 8.4404772564e+01
1.3972435677e+00 2.4284733730e-01 8.4436755064e+01
1.2117240121e+00 2.2179645858e-01 8.5012152633e+01
1.1163656878e+00 2.1059394417e-01 8.5235779013e+01
1.4116196470e+00 2.4457080105e-01 8.4116850127e+01
1.3880146237e+00 2.4198560542e-01 8.4116850127e+01
1.3305032810e+00 2.3546106406e-01 8.4468735825e+01
1.4111556381e+00 2.4432459195e-01 8.4532692172e+01
1.2451713269e+00 2.2561269975e-01 8.5044103843e+01
1.3001809991e+00 2.3201413655e-01 8.4596641686e+01
1.3296507220e+00 2.3533795951e-01 8.4532692172e+01
1.2419307488e+00 2.2524338609e-01 8.5044103843e+01
1.3111296398e+00 2.3336828665e-01 8.4308814530e+01
1.2415787096e+00 2.2512028154e-01 8.5267719621e+01
1.3600621098e+00 2.3878488702e-01 8.4372788316e+01
1.3095635067e+00 2.3299897299e-01 8.4756486116e+01
1.3896479307e+00 2.4198560542e-01 8.4500714858e+01
1.3802064982e+00 2.4087766444e-01 8.4660584449e+01
1.3167577518e+00 2.3398380942e-01 8.4340802307e+01
1.3662853646e+00 2.3940040979e-01 8.4532692172e+01
1.1566143672e+00 2.1539502178e-01 8.5044103843e+01
1.2755349870e+00 2.2930583637e-01 8.4436755064e+01
1.3253429225e+00 2.3472243674e-01 8.4852373054e+01
1.2901794579e+00 2.3102930012e-01 8.4276824972e+01
1.2532207299e+00 2.2672064074e-01 8.4564667778e+01
1.2420242237e+00 2.2536649064e-01 8.4756486116e+01
1.1679444877e+00 2.1662606732e-01 8.5299658755e+01
1.3071273295e+00 2.3275276388e-01 8.4692553325e+01
1.3040704941e+00 2.3238345022e-01 8.4756486116e+01
1.3756796998e+00 2.4050835077e-01 8.4372788316e+01
1.3554795238e+00 2.3829246880e-01 8.4340802307e+01
1.2927543329e+00 2.3115240468e-01 8.4660584449e+01
1.2777392798e+00 2.2930583637e-01 8.5044103843e+01
1.3057882154e+00 2.3262965932e-01 8.4628613906e+01
1.2619551544e+00 2.2758237261e-01 8.4884332141e+01
1.3071273295e+00 2.3275276388e-01 8.4692553325e+01
1.1986948446e+00 2.2031920393e-01 8.4948245538e+01
1.3663584877e+00 2.3964661890e-01 8.4020843204e+01
1.3414407836e+00 2.3669210960e-01 8.4436755064e+01
1.3745998781e+00 2.4013903711e-01 8.4948245538e+01
1.2807369594e+00 2.2979825458e-01 8.4660584449e+01
1.3695574452e+00 2.3989282800e-01 8.4244833624e+01
1.2769734354e+00 2.2918273181e-01 8.5139948243e+01
1.2693357323e+00 2.2844410449e-01 8.4820412361e+01
1.3353045366e+00 2.3595348228e-01 8.4564667778e+01
1.4254575508e+00 2.4604805570e-01 8.4180845518e+01
1.2061870173e+00 2.2093472670e-01 8.5650894846e+01
1.2831542936e+00 2.3004446369e-01 8.4724520544e+01
1.4103013738e+00 2.4457080105e-01 8.3828778522e+01
1.2256668296e+00 2.2339681778e-01 8.5012152633e+01
1.3701234554e+00 2.4001593256e-01 8.4116850127e+01
1.2355943820e+00 2.2475096787e-01 8.4468735825e+01
1.3988047986e+00 2.4346286007e-01 8.3540550223e+01
1.2500232024e+00 2.2610511797e-01 8.5203836921e+01
1.2809826665e+00 2.2992135914e-01 8.4436755064e+01
1.2677195643e+00 2.2819789538e-01 8.4980199868e+01
1.2823183942e+00 2.3004446369e-01 8.4500714858e+01
1.2303104207e+00 2.2376613144e-01 8.5459332672e+01
1.3697616032e+00 2.3976972345e-01 8.4564667778e+01
1.1715864388e+00 2.1699538098e-01 8.5459332672e+01
1.3107120258e+00 2.3299897299e-01 8.5076053508e+01
1.2635787331e+00 2.2795168628e-01 8.4436755064e+01
1.2706484774e+00 2.2844410449e-01 8.5203836921e+01
1.2752881236e+00 2.2930583637e-01 8.4372788316e+01
1.2712825720e+00 2.2869031360e-01 8.4756486116e+01
1.4335928877e+00 2.4727910124e-01 8.3508514856e+01
1.2326438508e+00 2.2413544510e-01 8.5171893334e+01
1.1986948446e+00 2.2031920393e-01 8.4948245538e+01
1.3192161516e+00 2.3423001852e-01 8.4404772564e+01
1.2294950869e+00 2.2413544510e-01 8.4276824972e+01
1.2644130537e+00 2.2795168628e-01 8.4660584449e+01
1.3859695521e+00 2.4198560542e-01 8.3668671517e+01
1.4756833865e+00 2.5171086518e-01 8.3732720205e+01
1.3621568797e+00 2.3903109613e-01 8.4340802307e+01
1.2894204087e+00 2.3065998646e-01 8.4948245538e+01
1.3384598377e+00 2.3656900505e-01 8.3988837165e+01
1.3659389787e+00 2.3952351434e-01 8.4180845518e+01
1.3086227321e+00 2.3275276388e-01 8.5108001638e+01
1.3575711981e+00 2.3853867791e-01 8.4308814530e+01
1.2752153251e+00 2.2893652271e-01 8.5267719621e+01
1.4776495798e+00 2.5208017884e-01 8.3444437996e+01
1.2530629223e+00 2.2647443163e-01 8.5139948243e+01
1.2928714655e+00 2.3127550923e-01 8.4404772564e+01
1.1187248385e+00 2.1071704873e-01 8.5714737975e+01
1.2379332489e+00 2.2487407243e-01 8.4820412361e+01
1.3702620697e+00 2.4001593256e-01 8.4148848738e+01
1.4138749943e+00 2.4481701016e-01 8.4116850127e+01
1.2939677113e+00 2.3127550923e-01 8.4692553325e+01
1.2289413360e+00 2.2364302689e-01 8.5363532643e+01
1.3334345585e+00 2.3583037773e-01 8.4372788316e+01
1.2467773943e+00 2.2573580430e-01 8.5203836921e+01
1.3177639233e+00 2.3398380942e-01 8.4596641686e+01
1.3438452542e+00 2.3706142326e-01 8.4212840476e+01
1.2128989581e+00 2.2191956313e-01 8.5044103843e+01
1.2169745930e+00 2.2241198135e-01 8.4980199868e+01
1.2330620339e+00 2.2438165421e-01 8.4660584449e+01
1.3307557391e+00 2.3546106406e-01 8.4532692172e+01
1.2778356524e+00 2.2955204548e-01 8.4468735825e+01
1.3595986405e+00 2.3866178247e-01 8.4532692172e+01
1.3890456342e+00 2.4186250087e-01 8.4628613906e+01
1.3040764219e+00 2.3250655477e-01 8.4468735825e+01
1.3226496601e+00 2.3459933219e-01 8.4436755064e+01
1.2407445402e+00 2.2512028154e-01 8.5012152633e+01
1.3408413423e+00 2.3656900505e-01 8.4564667778e+01
1.2548843331e+00 2.2684374529e-01 8.4724520544e+01
1.3310942789e+00 2.3558416862e-01 8.4340802307e+01
1.4099303465e+00 2.4432459195e-01 8.4244833624e+01
1.1807870723e+00 2.1798021741e-01 8.5714737975e+01
1.2468521996e+00 2.2610511797e-01 8.4308814530e+01
1.0970180154e+00 2.0825495765e-01 8.5363532643e+01
1.2532719641e+00 2.2647443163e-01 8.5203836921e+01
1.2915854102e+00 2.3127550923e-01 8.4084849675e+01
1.4196621991e+00 2.4543253293e-01 8.4148848738e+01
1.2744323729e+00 2.2905962726e-01 8.4724520544e+01
1.2924866162e+00 2.3090619557e-01 8.5203836921e+01
1.2283488089e+00 2.2351992233e-01 8.5523192275e+01
1.2393177295e+00 2.2487407243e-01 8.5235779013e+01
1.2034805014e+00 2.2081162215e-01 8.5108001638e+01
1.2940223620e+00 2.3115240468e-01 8.5012152633e+01
1.3035927394e+00 2.3238345022e-01 8.4628613906e+01
1.3188708674e+00 2.3435312308e-01 8.4052847370e+01
1.3422899407e+00 2.3681521416e-01 8.4372788316e+01
1.3229021959e+00 2.3459933219e-01 8.4500714858e+01
1.2653818492e+00 2.2807479083e-01 8.4628613906e+01
1.2608698346e+00 2.2745926806e-01 8.4884332141e+01
1.2814331658e+00 2.2979825458e-01 8.4852373054e+01
1.3223941994e+00 2.3459933219e-01 8.4372788316e+01
1.3251820087e+00 2.3496864585e-01 8.4244833624e+01
1.4201903769e+00 2.4530942838e-01 8.4532692172e+01
1.2436372663e+00 2.2536649064e-01 8.5235779013e+01
1.1250674778e+00 2.1157878061e-01 8.5363532643e+01
1.3435753585e+00 2.3706142326e-01 8.4148848738e+01
1.2048858579e+00 2.2105783126e-01 8.4884332141e+01
1.2468803709e+00 2.2573580430e-01 8.5235779013e+01
1.3249868613e+00 2.3472243674e-01 8.4756486116e+01
1.2818278241e+00 2.2992135914e-01 8.4660584449e+01
1.2897268840e+00 2.3053688191e-01 8.5363532643e+01
1.3550793868e+00 2.3829246880e-01 8.4244833624e+01
1.2676719685e+00 2.2832099994e-01 8.4660584449e+01
1.2327464158e+00 2.2413544510e-01 8.5203836921e+01
1.2712021581e+00 2.2856720904e-01 8.5044103843e+01
1.3804556399e+00 2.4112387354e-01 8.4180845518e+01
1.2698949890e+00 2.2844410449e-01 8.4980199868e+01
1.1968785517e+00 2.2019609938e-01 8.4724520544e+01
1.3931961587e+00 2.4247802364e-01 8.4276824972e+01
1.2476957734e+00 2.2610511797e-01 8.4532692172e+01
1.2583772393e+00 2.2708995440e-01 8.5108001638e+01
1.2423509225e+00 2.2524338609e-01 8.5171893334e+01
1.3504620355e+00 2.3755384148e-01 8.4756486116e+01
1.2895915360e+00 2.3078309102e-01 8.4692553325e+01
1.3037805591e+00 2.3226034566e-01 8.4980199868e+01
1.2800300593e+00 2.2955204548e-01 8.5076053508e+01
1.3477470515e+00 2.3730763237e-01 8.4628613906e+01
1.1795490782e+00 2.1785711285e-01 8.5650894846e+01
1.3727696185e+00 2.4026214167e-01 8.4212840476e+01
1.3450306394e+00 2.3693831871e-01 8.4788450052e+01
1.2553772961e+00 2.2708995440e-01 8.4276824972e+01
1.1933679090e+00 2.1970368116e-01 8.4948245538e+01
1.2660744405e+00 2.2807479083e-01 8.4820412361e+01
1.2929961331e+00 2.3127550923e-01 8.4436755064e+01
1.2422469093e+00 2.2524338609e-01 8.5139948243e+01
1.2757526108e+00 2.2918273181e-01 8.4788450052e+01
1.2833867353e+00 2.3004446369e-01 8.4788450052e+01
1.2266908077e+00 2.2339681778e-01 8.5331596426e+01
1.2705787350e+00 2.2869031360e-01 8.4564667778e+01
1.2621259843e+00 2.2782858172e-01 8.4340802307e+01
1.4226192914e+00 2.4580184659e-01 8.4052847370e+01
1.2725071962e+00 2.2869031360e-01 8.5108001638e+01
1.2456961151e+00 2.2561269975e-01 8.5203836921e+01
1.2796448215e+00 2.2979825458e-01 8.4372788316e+01
1.2703384948e+00 2.2869031360e-01 8.4500714858e+01
1.1840065044e+00 2.1859574018e-01 8.5012152633e+01
1.3641832637e+00 2.3915420068e-01 8.4564667778e+01
1.3121376473e+00 2.3336828665e-01 8.4564667778e+01
1.3468847372e+00 2.3718452782e-01 8.4692553325e+01
1.2760202347e+00 2.2930583637e-01 8.4564667778e+01
1.1686609439e+00 2.1687227642e-01 8.4852373054e+01
1.2551243305e+00 2.2672064074e-01 8.5108001638e+01
1.2349014071e+00 2.2438165421e-01 8.5203836921e+01
1.2553351003e+00 2.2672064074e-01 8.5171893334e+01
1.3892759457e+00 2.4210870998e-01 8.4148848738e+01
1.2950625656e+00 2.3139861378e-01 8.4692553325e+01
1.2976223673e+00 2.3176792745e-01 8.4500714858e+01
1.2555036279e+00 2.2696684984e-01 8.4596641686e+01
1.3860532461e+00 2.4173939631e-01 8.4180845518e+01
1.4594857011e+00 2.4986429687e-01 8.3924819428e+01
1.3641303566e+00 2.3940040979e-01 8.4020843204e+01
1.2365196541e+00 2.2475096787e-01 8.4724520544e+01
1.3348551283e+00 2.3607658683e-01 8.4180845518e+01
1.3606703823e+00 2.3927730524e-01 8.3508514856e+01
1.3920732116e+00 2.4247802364e-01 8.4020843204e+01
1.3085926237e+00 2.3299897299e-01 8.4500714858e+01
1.3256924041e+00 2.3472243674e-01 8.4948245538e+01
1.4741796318e+00 2.5146465607e-01 8.3892807710e+01
1.4278633831e+00 2.4629426481e-01 8.4212840476e+01
1.3383776318e+00 2.3619969139e-01 8.4788450052e+01
1.2865472351e+00 2.3041377735e-01 8.4756486116e+01
1.2127945518e+00 2.2191956313e-01 8.5012152633e+01
1.2160320015e+00 2.2253508590e-01 8.4404772564e+01
1.2473333545e+00 2.2585890886e-01 8.5044103843e+01
1.4002195286e+00 2.4333975551e-01 8.4084849675e+01
1.2893076381e+00 2.3065998646e-01 8.4916289633e+01
1.3054217521e+00 2.3262965932e-01 8.4532692172e+01
1.3634352164e+00 2.3927730524e-01 8.4116850127e+01
1.3183679462e+00 2.3410691397e-01 8.4468735825e+01
1.2726343962e+00 2.2893652271e-01 8.4532692172e+01
1.3073653322e+00 2.3275276388e-01 8.4756486116e+01
1.3000593292e+00 2.3201413655e-01 8.4564667778e+01
1.2596731064e+00 2.2733616351e-01 8.4852373054e+01
1.1783091095e+00 2.1773400830e-01 8.5587046306e+01
1.2923656365e+00 2.3127550923e-01 8.4276824972e+01
1.3056386355e+00 2.3275276388e-01 8.4308814530e+01
1.4165321329e+00 2.4494011472e-01 8.4468735825e+01
1.3602330468e+00 2.3890799157e-01 8.4148848738e+01
1.2764484579e+00 2.2955204548e-01 8.4116850127e+01
1.2887008907e+00 2.3090619557e-01 8.4180845518e+01
1.3180081843e+00 2.3398380942e-01 8.4660584449e+01
1.3418957444e+00 2.3681521416e-01 8.4276824972e+01
1.3091114153e+00 2.3324518209e-01 8.4084849675e+01
1.3308808655e+00 2.3546106406e-01 8.4564667778e+01
1.3856329159e+00 2.4173939631e-01 8.4084849675e+01
1.3291633388e+00 2.3521485496e-01 8.4692553325e+01
1.4175458273e+00 2.4518632382e-01 8.4180845518e+01
1.2686414580e+00 2.2844410449e-01 8.4628613906e+01
1.2140757541e+00 2.2216577224e-01 8.4756486116e+01
1.2674365209e+00 2.2832099994e-01 8.4596641686e+01
1.3830522898e+00 2.4124697810e-01 8.4532692172e+01
1.3746949548e+00 2.4038524622e-01 8.4404772564e+01
1.3521451514e+00 2.3792315514e-01 8.4340802307e+01
1.3168860725e+00 2.3398380942e-01 8.4372788316e+01
1.4076375134e+00 2.4444769650e-01 8.3508514856e+01
1.2815898967e+00 2.2992135914e-01 8.4596641686e+01
1.3553468936e+00 2.3829246880e-01 8.4308814530e+01
1.3206354818e+00 2.3472243674e-01 8.3700696849e+01
1.2899624375e+00 2.3090619557e-01 8.4500714858e+01
1.3016384929e+00 2.3213724111e-01 8.4692553325e+01
1.3048109309e+00 2.3250655477e-01 8.4660584449e+01
1.3919199188e+00 2.4272423274e-01 8.3508514856e+01
1.2074451662e+00 2.2130404036e-01 8.5012152633e+01
1.1719366675e+00 2.1724159008e-01 8.4884332141e+01
1.2118283315e+00 2.2179645858e-01 8.5044103843e+01
1.2274611669e+00 2.2339681778e-01 8.5587046306e+01
1.3578552977e+00 2.3878488702e-01 8.3860794078e+01
1.2061665072e+00 2.2118093581e-01 8.4948245538e+01
1.2362153378e+00 2.2462786332e-01 8.4948245538e+01
1.2225873840e+00 2.2290439956e-01 8.5395467416e+01
1.2612011291e+00 2.2745926806e-01 8.4980199868e+01
1.3599794495e+00 2.3866178247e-01 8.4628613906e+01
1.3613072241e+00 2.3890799157e-01 8.4404772564e+01
1.3532866962e+00 2.3780005059e-01 8.4916289633e+01
1.1403851994e+00 2.1342534891e-01 8.5235779013e+01
1.4150404013e+00 2.4530942838e-01 8.3412396483e+01
1.3843715492e+00 2.4161629176e-01 8.4052847370e+01
1.3308327918e+00 2.3558416862e-01 8.4276824972e+01
1.3529906928e+00 2.3804625970e-01 8.4276824972e+01
1.2748111283e+00 2.2918273181e-01 8.4532692172e+01
1.3316730059e+00 2.3570727317e-01 8.4212840476e+01
1.2323245519e+00 2.2425854966e-01 8.4756486116e+01
1.3457747459e+00 2.3706142326e-01 8.4692553325e+01
1.2165291840e+00 2.2216577224e-01 8.5523192275e+01
1.2913820601e+00 2.3090619557e-01 8.4884332141e+01
1.2713046759e+00 2.2881341815e-01 8.4468735825e+01
1.2874064308e+00 2.3065998646e-01 8.4404772564e+01
1.2464999834e+00 2.2561269975e-01 8.5459332672e+01
1.2873453198e+00 2.3041377735e-01 8.4980199868e+01
1.3293419642e+00 2.3558416862e-01 8.3924819428e+01
1.3034714994e+00 2.3238345022e-01 8.4596641686e+01
1.2929272381e+00 2.3102930012e-01 8.5012152633e+01
1.1988864265e+00 2.2007299482e-01 8.5714737975e+01
1.2820731773e+00 2.3004446369e-01 8.4436755064e+01
1.3326013915e+00 2.3558416862e-01 8.4724520544e+01
1.2923240318e+00 2.3078309102e-01 8.5491263175e+01
1.3588167673e+00 2.3866178247e-01 8.4340802307e+01
1.2396207824e+00 2.2487407243e-01 8.5331596426e+01
1.2768681061e+00 2.2942894092e-01 8.4500714858e+01
1.2814331658e+00 2.2979825458e-01 8.4852373054e+01
1.2222695671e+00 2.2278129501e-01 8.5650894846e+01
1.1598729872e+00 2.1551812633e-01 8.5810492699e+01
1.3550793868e+00 2.3829246880e-01 8.4244833624e+01
1.3460044193e+00 2.3718452782e-01 8.4468735825e+01
1.3731770015e+00 2.4026214167e-01 8.4308814530e+01
1.2180648007e+00 2.2228887680e-01 8.5682817082e+01
1.3224448599e+00 2.3472243674e-01 8.4116850127e+01
1.3052981540e+00 2.3262965932e-01 8.4500714858e+01
1.2047490071e+00 2.2130404036e-01 8.4244833624e+01
1.2793646664e+00 2.2955204548e-01 8.4884332141e+01
1.4028686178e+00 2.4370906918e-01 8.3924819428e+01
1.3281668317e+00 2.3521485496e-01 8.4436755064e+01
1.1876875884e+00 2.1884194929e-01 8.5523192275e+01
1.2612433464e+00 2.2782858172e-01 8.4116850127e+01
1.4674743974e+00 2.5072602875e-01 8.3924819428e+01
1.1980428901e+00 2.2019609938e-01 8.5076053508e+01
1.2911525915e+00 2.3090619557e-01 8.4820412361e+01
1.2445188560e+00 2.2561269975e-01 8.4852373054e+01
1.3363602634e+00 2.3619969139e-01 8.4276824972e+01
1.3362821500e+00 2.3595348228e-01 8.4820412361e+01
1.3527955571e+00 2.3792315514e-01 8.4500714858e+01
1.1702488283e+00 2.1687227642e-01 8.5363532643e+01
1.3510343324e+00 2.3780005059e-01 8.4340802307e+01
1.2865618258e+00 2.3053688191e-01 8.4468735825e+01
1.2186696747e+00 2.2253508590e-01 8.5171893334e+01
1.2813189022e+00 2.2979825458e-01 8.4820412361e+01
1.3021298952e+00 2.3226034566e-01 8.4532692172e+01
1.3307557391e+00 2.3546106406e-01 8.4532692172e+01
1.3082166038e+00 2.3299897299e-01 8.4404772564e+01
1.3512039864e+00 2.3767694603e-01 8.4660584449e+01
1.3298592684e+00 2.3546106406e-01 8.4308814530e+01
1.4450800340e+00 2.4863325133e-01 8.3316259486e+01
1.2217415621e+00 2.2315060867e-01 8.4500714858e+01
1.3164023868e+00 2.3373760031e-01 8.4820412361e+01
1.3553468936e+00 2.3829246880e-01 8.4308814530e+01
1.3020065913e+00 2.3226034566e-01 8.4500714858e+01
1.3685168210e+00 2.3964661890e-01 8.4532692172e+01
1.2053077324e+00 2.2105783126e-01 8.5012152633e+01
1.3413379829e+00 2.3656900505e-01 8.4692553325e+01
1.3485690926e+00 2.3767694603e-01 8.4020843204e+01
1.3047221668e+00 2.3275276388e-01 8.4084849675e+01
1.3027356135e+00 2.3226034566e-01 8.4692553325e+01
1.3166360890e+00 2.3373760031e-01 8.4884332141e+01
1.4007839973e+00 2.4333975551e-01 8.4212840476e+01
1.3007861247e+00 2.3213724111e-01 8.4468735825e+01
1.1879933921e+00 2.1896505384e-01 8.5267719621e+01
1.3224448599e+00 2.3472243674e-01 8.4116850127e+01
1.3392803428e+00 2.3656900505e-01 8.4180845518e+01
1.3164023868e+00 2.3373760031e-01 8.4820412361e+01
1.2374010739e+00 2.2475096787e-01 8.4980199868e+01
1.3930511032e+00 2.4260112819e-01 8.3988837165e+01
1.4192298505e+00 2.4543253293e-01 8.4052847370e+01
1.3045689795e+00 2.3250655477e-01 8.4596641686e+01
1.2210514182e+00 2.2290439956e-01 8.4916289633e+01
1.3744284682e+00 2.4038524622e-01 8.4340802307e+01
1.3603244376e+00 2.3878488702e-01 8.4436755064e+01
1.4084160830e+00 2.4444769650e-01 8.3668671517e+01
1.2240553352e+00 2.2327371323e-01 8.4852373054e+01
1.3640132948e+00 2.3890799157e-01 8.5108001638e+01
1.2869276278e+00 2.3053688191e-01 8.4564667778e+01
1.2704589667e+00 2.2869031360e-01 8.4532692172e+01
1.2874789404e+00 2.3078309102e-01 8.4148848738e+01
1.3178586323e+00 2.3410691397e-01 8.4340802307e+01
1.2297189849e+00 2.2376613144e-01 8.5267719621e+01
1.3738863909e+00 2.4038524622e-01 8.4212840476e+01
1.2818278241e+00 2.2992135914e-01 8.4660584449e+01
1.2996900055e+00 2.3201413655e-01 8.4468735825e+01
1.2876766927e+00 2.3041377735e-01 8.5076053508e+01
1.3120994396e+00 2.3349139120e-01 8.4276824972e+01
1.2508297039e+00 2.2610511797e-01 8.5459332672e+01
1.3482891886e+00 2.3767694603e-01 8.3956829243e+01
1.3509273536e+00 2.3792315514e-01 8.4052847370e+01
1.2620663734e+00 2.2758237261e-01 8.4916289633e+01
1.3450306394e+00 2.3693831871e-01 8.4788450052e+01
1.2861255062e+00 2.3065998646e-01 8.4084849675e+01
1.3438452542e+00 2.3706142326e-01 8.4212840476e+01
1.2649061101e+00 2.2807479083e-01 8.4500714858e+01
1.2633726336e+00 2.2770547717e-01 8.4980199868e+01
1.2416084059e+00 2.2524338609e-01 8.4948245538e+01
1.3312188183e+00 2.3533795951e-01 8.4948245538e+01
1.2695615406e+00 2.2844410449e-01 8.4884332141e+01
1.4652404358e+00 2.5060292419e-01 8.3700696849e+01
1.2546944673e+00 2.2672064074e-01 8.4980199868e+01
1.4275339527e+00 2.4641736936e-01 8.3892807710e+01
1.1974790857e+00 2.2007299482e-01 8.5235779013e+01
1.2960914084e+00 2.3176792745e-01 8.4116850127e+01
1.4632115513e+00 2.5023361053e-01 8.3988837165e+01
1.3320688593e+00 2.3570727317e-01 8.4308814530e+01
1.2657496646e+00 2.2819789538e-01 8.4436755064e+01
1.2740753705e+00 2.2918273181e-01 8.4340802307e+01
1.3156571933e+00 2.3386070486e-01 8.4340802307e+01
1.2719610928e+00 2.2869031360e-01 8.4948245538e+01
1.4740982185e+00 2.5134155152e-01 8.4116850127e+01
1.2751694769e+00 2.2918273181e-01 8.4628613906e+01
1.3160463844e+00 2.3373760031e-01 8.4724520544e+01
1.3957836882e+00 2.4260112819e-01 8.4628613906e+01
1.2903269774e+00 2.3090619557e-01 8.4596641686e+01
1.3460625501e+00 2.3730763237e-01 8.4212840476e+01
1.3434324817e+00 2.3681521416e-01 8.4660584449e+01
1.3852092734e+00 2.4161629176e-01 8.4244833624e+01
1.2317566953e+00 2.2425854966e-01 8.4596641686e+01
1.3257029347e+00 2.3496864585e-01 8.4372788316e+01
1.2176984353e+00 2.2241198135e-01 8.5203836921e+01
1.2236234217e+00 2.2315060867e-01 8.5044103843e+01
1.4121005898e+00 2.4481701016e-01 8.3732720205e+01
1.3347980355e+00 2.3595348228e-01 8.4436755064e+01
1.3929200354e+00 2.4247802364e-01 8.4212840476e+01
1.3473058233e+00 2.3743073693e-01 8.4244833624e+01
1.2420242237e+00 2.2536649064e-01 8.4756486116e+01
1.2592056963e+00 2.2708995440e-01 8.5363532643e+01
1.3247836144e+00 2.3496864585e-01 8.4148848738e+01
1.2657312969e+00 2.2807479083e-01 8.4724520544e+01
1.3400777941e+00 2.3632279594e-01 8.4948245538e+01
1.2727543580e+00 2.2893652271e-01 8.4564667778e+01
1.3136039373e+00 2.3349139120e-01 8.4660584449e+01
1.2771839134e+00 2.2930583637e-01 8.4884332141e+01
1.2177261050e+00 2.2253508590e-01 8.4884332141e+01
1.2841286178e+00 2.3016756825e-01 8.4692553325e+01
1.3049230278e+00 2.3262965932e-01 8.4404772564e+01
1.2282437717e+00 2.2376613144e-01 8.4820412361e+01
1.2680461685e+00 2.2819789538e-01 8.5076053508e+01
1.2668356195e+00 2.2832099994e-01 8.4436755064e+01
1.1771581216e+00 2.1761090375e-01 8.5555119982e+01
1.2673840036e+00 2.2807479083e-01 8.5203836921e+01
1.3556518813e+00 2.3816936425e-01 8.4660584449e+01
1.3413379829e+00 2.3656900505e-01 8.4692553325e+01
1.2330908712e+00 2.2425854966e-01 8.4980199868e+01
1.3069917353e+00 2.3287586843e-01 8.4372788316e+01
1.2612011291e+00 2.2745926806e-01 8.4980199868e+01
1.2468803709e+00 2.2573580430e-01 8.5235779013e+01
1.2045486472e+00 2.2093472670e-01 8.5108001638e+01
1.3549445100e+00 2.3829246880e-01 8.4212840476e+01
1.2750056797e+00 2.2893652271e-01 8.5203836921e+01
1.3080136196e+00 2.3312207754e-01 8.4084849675e+01
1.3104245090e+00 2.3312207754e-01 8.4692553325e+01
1.2649061101e+00 2.2807479083e-01 8.4500714858e+01
1.4043731015e+00 2.4395527828e-01 8.3764741596e+01
1.3512965317e+00 2.3780005059e-01 8.4404772564e+01
1.3032223606e+00 2.3262965932e-01 8.3988837165e+01
1.3903972599e+00 2.4223181453e-01 8.4148848738e+01
1.2305655409e+00 2.2413544510e-01 8.4564667778e+01
1.3156838417e+00 2.3373760031e-01 8.4628613906e+01
1.3973959949e+00 2.4309354641e-01 8.3956829243e+01
1.3079849839e+00 2.3287586843e-01 8.4628613906e+01
1.2993906965e+00 2.3176792745e-01 8.4980199868e+01
1.2282352556e+00 2.2364302689e-01 8.5139948243e+01
1.3054943875e+00 2.3226034566e-01 8.5491263175e+01
1.3277810301e+00 2.3521485496e-01 8.4340802307e+01
1.3243786184e+00 2.3496864585e-01 8.4052847370e+01
1.3934072772e+00 2.4235491908e-01 8.4596641686e+01
1.3195951554e+00 2.3423001852e-01 8.4500714858e+01
1.3983731514e+00 2.4321665096e-01 8.3924819428e+01
1.3836741215e+00 2.4149318721e-01 8.4148848738e+01
1.3976887976e+00 2.4297044185e-01 8.4276824972e+01
1.3624581821e+00 2.3890799157e-01 8.4692553325e+01
1.3097717410e+00 2.3324518209e-01 8.4244833624e+01
1.2427621509e+00 2.2548959520e-01 8.4660584449e+01
1.3341483131e+00 2.3595348228e-01 8.4276824972e+01
1.2519761603e+00 2.2647443163e-01 8.4820412361e+01
1.3322345441e+00 2.3558416862e-01 8.4628613906e+01
1.2653245645e+00 2.2795168628e-01 8.4916289633e+01
1.3585315247e+00 2.3890799157e-01 8.3764741596e+01
1.3180081843e+00 2.3398380942e-01 8.4660584449e+01
1.3373896351e+00 2.3607658683e-01 8.4820412361e+01
1.3487322785e+00 2.3743073693e-01 8.4596641686e+01
1.1311679142e+00 2.1219430337e-01 8.5682817082e+01
1.2735743620e+00 2.2893652271e-01 8.4788450052e+01
1.2881837205e+00 2.3102930012e-01 8.3796761031e+01
1.2411671147e+00 2.2512028154e-01 8.5139948243e+01
1.3249307205e+00 2.3459933219e-01 8.5044103843e+01
1.1828233343e+00 2.1822642652e-01 8.5682817082e+01
1.3676136999e+00 2.3976972345e-01 8.4052847370e+01
1.3811554809e+00 2.4124697810e-01 8.4084849675e+01
1.2954153850e+00 2.3139861378e-01 8.4788450052e+01
1.4410292193e+00 2.4801772856e-01 8.3636644199e+01
1.2558526187e+00 2.2696684984e-01 8.4692553325e+01
1.1254249994e+00 2.1157878061e-01 8.5491263175e+01
1.2819457241e+00 2.2992135914e-01 8.4692553325e+01
1.3764661107e+00 2.4050835077e-01 8.4564667778e+01
1.2007230777e+00 2.2081162215e-01 8.4308814530e+01
1.3754114901e+00 2.4050835077e-01 8.4308814530e+01
1.3917978763e+00 2.4235491908e-01 8.4212840476e+01
1.3110424874e+00 2.3299897299e-01 8.5171893334e+01
1.2617702878e+00 2.2770547717e-01 8.4532692172e+01
1.2149366245e+00 2.2216577224e-01 8.5012152633e+01
1.2954321966e+00 2.3152171834e-01 8.4500714858e+01
1.2899735825e+00 2.3065998646e-01 8.5108001638e+01
1.4355178657e+00 2.4740220579e-01 8.3668671517e+01
1.3923466297e+00 2.4235491908e-01 8.4340802307e+01
1.2969716185e+00 2.3152171834e-01 8.4916289633e+01
1.2704234821e+00 2.2856720904e-01 8.4820412361e+01
1.2627026822e+00 2.2770547717e-01 8.4788450052e+01
1.3307235551e+00 2.3570727317e-01 8.3988837165e+01
1.2595606742e+00 2.2733616351e-01 8.4820412361e+01
1.1856095553e+00 2.1884194929e-01 8.4852373054e+01
1.3000593292e+00 2.3201413655e-01 8.4564667778e+01
1.3457747459e+00 2.3706142326e-01 8.4692553325e+01
1.1863344602e+00 2.1884194929e-01 8.5076053508e+01
1.2906265282e+00 2.3078309102e-01 8.4980199868e+01
1.2652639655e+00 2.2807479083e-01 8.4596641686e+01
1.4391634637e+00 2.4764841490e-01 8.3956829243e+01
1.3423314435e+00 2.3693831871e-01 8.4116850127e+01
1.2332886799e+00 2.2438165421e-01 8.4724520544e+01
1.2929272381e+00 2.3102930012e-01 8.5012152633e+01
1.4122527508e+00 2.4481701016e-01 8.3764741596e+01
1.2445188560e+00 2.2561269975e-01 8.4852373054e+01
1.1613207221e+00 2.1588743999e-01 8.5203836921e+01
1.3945921007e+00 2.4260112819e-01 8.4340802307e+01
1.3206927857e+00 2.3423001852e-01 8.4788450052e+01
1.2282437717e+00 2.2376613144e-01 8.4820412361e+01
1.2240036185e+00 2.2339681778e-01 8.4532692172e+01
1.3354293183e+00 2.3595348228e-01 8.4596641686e+01
1.2570511104e+00 2.2708995440e-01 8.4724520544e+01
1.2560830731e+00 2.2721305895e-01 8.4180845518e+01
1.3144608326e+00 2.3361449576e-01 8.4596641686e+01
1.2562492420e+00 2.2672064074e-01 8.5459332672e+01
1.2788299408e+00 2.2942894092e-01 8.5044103843e+01
1.2987179381e+00 2.3189103200e-01 8.4500714858e+01
1.2300177615e+00 2.2376613144e-01 8.5363532643e+01
1.2957981950e+00 2.3152171834e-01 8.4596641686e+01
1.1596859480e+00 2.1564123088e-01 8.5363532643e+01
1.3163978548e+00 2.3410691397e-01 8.3988837165e+01
1.1775678552e+00 2.1773400830e-01 8.5331596426e+01
1.2662997015e+00 2.2807479083e-01 8.4884332141e+01
1.3618896328e+00 2.3903109613e-01 8.4276824972e+01
1.2537922069e+00 2.2696684984e-01 8.4148848738e+01
1.3392436430e+00 2.3632279594e-01 8.4724520544e+01
1.3197084378e+00 2.3410691397e-01 8.4820412361e+01
1.3427370858e+00 2.3693831871e-01 8.4212840476e+01
1.3202416554e+00 2.3447622763e-01 8.4116850127e+01
1.2852704623e+00 2.3016756825e-01 8.5012152633e+01
1.2200855389e+00 2.2278129501e-01 8.4948245538e+01
1.2626149478e+00 2.2782858172e-01 8.4468735825e+01
1.3724942384e+00 2.4026214167e-01 8.4148848738e+01
1.3022194568e+00 2.3238345022e-01 8.4276824972e+01
1.3826134585e+00 2.4161629176e-01 8.3668671517e+01
1.3215471903e+00 2.3447622763e-01 8.4436755064e+01
1.3061481834e+00 2.3262965932e-01 8.4724520544e+01
1.2588111244e+00 2.2721305895e-01 8.4916289633e+01
1.3433084983e+00 2.3681521416e-01 8.4628613906e+01
1.2935819388e+00 2.3102930012e-01 8.5203836921e+01
1.3264165883e+00 2.3509175040e-01 8.4276824972e+01
1.3288912513e+00 2.3509175040e-01 8.4916289633e+01
1.3598475535e+00 2.3853867791e-01 8.4884332141e+01
1.2564192474e+00 2.2684374529e-01 8.5171893334e+01
1.2417974600e+00 2.2536649064e-01 8.4692553325e+01
1.2464643309e+00 2.2573580430e-01 8.5108001638e+01
1.4203593501e+00 2.4555563748e-01 8.4052847370e+01
1.3525627585e+00 2.3780005059e-01 8.4724520544e+01
1.2675924664e+00 2.2807479083e-01 8.5267719621e+01
1.3031866692e+00 2.3250655477e-01 8.4244833624e+01
1.3028544894e+00 2.3238345022e-01 8.4436755064e+01
1.2806184456e+00 2.2979825458e-01 8.4628613906e+01
1.2994452222e+00 2.3189103200e-01 8.4692553325e+01
1.2414521538e+00 2.2536649064e-01 8.4596641686e+01
1.3832421978e+00 2.4137008265e-01 8.4308814530e+01
1.2673866548e+00 2.2819789538e-01 8.4884332141e+01
1.4155700635e+00 2.4494011472e-01 8.4244833624e+01
1.2528328302e+00 2.2659753618e-01 8.4756486116e+01
1.3214199258e+00 2.3447622763e-01 8.4404772564e+01
1.2406371807e+00 2.2512028154e-01 8.4980199868e+01
1.2865472351e+00 2.3041377735e-01 8.4756486116e+01
1.2507917065e+00 2.2622822252e-01 8.5108001638e+01
1.3038330576e+00 2.3238345022e-01 8.4692553325e+01
1.3126242430e+00 2.3336828665e-01 8.4692553325e+01
1.2623958435e+00 2.2758237261e-01 8.5012152633e+01
1.3623333026e+00 2.3890799157e-01 8.4660584449e+01
1.2289853219e+00 2.2388923600e-01 8.4724520544e+01
1.2688379285e+00 2.2869031360e-01 8.4116850127e+01
1.4350044578e+00 2.4727910124e-01 8.3796761031e+01
1.1947487027e+00 2.1994989027e-01 8.4724520544e+01
1.2374624907e+00 2.2462786332e-01 8.5331596426e+01
1.1337860512e+00 2.1256361704e-01 8.5491263175e+01
1.4000764786e+00 2.4333975551e-01 8.4052847370e+01
1.3096411267e+00 2.3324518209e-01 8.4212840476e+01
1.2587001760e+00 2.2721305895e-01 8.4884332141e+01
1.2966499342e+00 2.3164482289e-01 8.4532692172e+01
1.3467612066e+00 2.3718452782e-01 8.4660584449e+01
1.4270139159e+00 2.4617116025e-01 8.4276824972e+01
1.3488396220e+00 2.3730763237e-01 8.4916289633e+01
1.3483614682e+00 2.3730763237e-01 8.4788450052e+01
1.2534782366e+00 2.2647443163e-01 8.5267719621e+01
1.2481995980e+00 2.2598201341e-01 8.4980199868e+01
1.2572919920e+00 2.2733616351e-01 8.4212840476e+01
1.2067001552e+00 2.2105783126e-01 8.5459332672e+01
1.3799513631e+00 2.4087766444e-01 8.4596641686e+01
1.2589213766e+00 2.2721305895e-01 8.4948245538e+01
1.2716316665e+00 2.2856720904e-01 8.5171893334e+01
1.4012006277e+00 2.4346286007e-01 8.4052847370e+01
1.2872815477e+00 2.3065998646e-01 8.4372788316e+01
1.3591203021e+00 2.3878488702e-01 8.4148848738e+01
1.3611755830e+00 2.3890799157e-01 8.4372788316e+01
1.3882617563e+00 2.4186250087e-01 8.4436755064e+01
1.2956470193e+00 2.3139861378e-01 8.4852373054e+01
1.3366227760e+00 2.3619969139e-01 8.4340802307e+01
1.2242408556e+00 2.2315060867e-01 8.5235779013e+01
1.2892025972e+00 2.3053688191e-01 8.5203836921e+01
1.1956020309e+00 2.1994989027e-01 8.4980199868e+01
1.2161128243e+00 2.2228887680e-01 8.5044103843e+01
1.2482981839e+00 2.2622822252e-01 8.4404772564e+01
1.2423592098e+00 2.2536649064e-01 8.4852373054e+01
1.3040704941e+00 2.3238345022e-01 8.4756486116e+01
1.2060202996e+00 2.2105783126e-01 8.5235779013e+01
1.2536866829e+00 2.2672064074e-01 8.4692553325e+01
1.2211585493e+00 2.2290439956e-01 8.4948245538e+01
1.3350554575e+00 2.3583037773e-01 8.4788450052e+01
1.1970786022e+00 2.2007299482e-01 8.5108001638e+01
1.2709338188e+00 2.2869031360e-01 8.4660584449e+01
1.2933658415e+00 2.3127550923e-01 8.4532692172e+01
1.4013360991e+00 2.4333975551e-01 8.4340802307e+01
1.3047655172e+00 2.3238345022e-01 8.4948245538e+01
1.3905497523e+00 2.4198560542e-01 8.4724520544e+01
1.3200613588e+00 2.3435312308e-01 8.4340802307e+01
1.2474398633e+00 2.2585890886e-01 8.5076053508e+01
1.2420342918e+00 2.2499717698e-01 8.5778575774e+01
1.3280584796e+00 2.3509175040e-01 8.4692553325e+01
1.3424674004e+00 2.3693831871e-01 8.4148848738e+01
1.3047655172e+00 2.3238345022e-01 8.4948245538e+01
1.4436324938e+00 2.4838704222e-01 8.3476477450e+01
1.1580609029e+00 2.1551812633e-01 8.5171893334e+01
1.3401066391e+00 2.3644590050e-01 8.4660584449e+01
1.2651042109e+00 2.2782858172e-01 8.5171893334e+01
1.2282437717e+00 2.2376613144e-01 8.4820412361e+01
1.3405217086e+00 2.3669210960e-01 8.4212840476e+01
1.2719040014e+00 2.2881341815e-01 8.4628613906e+01
1.2571654474e+00 2.2708995440e-01 8.4756486116e+01
1.3734489527e+00 2.4050835077e-01 8.3860794078e+01
1.1648692167e+00 2.1625675365e-01 8.5331596426e+01
1.4378790380e+00 2.4752531035e-01 8.3924819428e+01
1.3038330576e+00 2.3238345022e-01 8.4692553325e+01
1.2992767965e+00 2.3164482289e-01 8.5267719621e+01
1.3219140832e+00 2.3435312308e-01 8.4820412361e+01
1.3589827528e+00 2.3878488702e-01 8.4116850127e+01
1.2670474385e+00 2.2819789538e-01 8.4788450052e+01
1.2375315972e+00 2.2450475877e-01 8.5714737975e+01
1.3087065132e+00 2.3324518209e-01 8.3988837165e+01
1.3082260663e+00 2.3287586843e-01 8.4692553325e+01
1.2591397928e+00 2.2721305895e-01 8.5012152633e+01
1.1851880025e+00 2.1859574018e-01 8.5395467416e+01
1.2159953999e+00 2.2241198135e-01 8.4692553325e+01
1.3099156535e+00 2.3299897299e-01 8.4852373054e+01
1.2010704037e+00 2.2044230849e-01 8.5363532643e+01
1.3165343006e+00 2.3410691397e-01 8.4020843204e+01
1.2080589653e+00 2.2130404036e-01 8.5203836921e+01
1.2997991683e+00 2.3189103200e-01 8.4788450052e+01
1.2127019105e+00 2.2167335403e-01 8.5682817082e+01
1.3168746820e+00 2.3361449576e-01 8.5267719621e+01
1.2058200476e+00 2.2105783126e-01 8.5171893334e+01
1.3719343762e+00 2.4026214167e-01 8.4020843204e+01
1.2737036012e+00 2.2881341815e-01 8.5139948243e+01
1.1549975237e+00 2.1514881267e-01 8.5203836921e+01
1.1634742411e+00 2.1637985821e-01 8.4564667778e+01
1.2904470631e+00 2.3090619557e-01 8.4628613906e+01
1.2781608453e+00 2.2942894092e-01 8.4852373054e+01
1.2171847749e+00 2.2241198135e-01 8.5044103843e+01
1.3338196642e+00 2.3583037773e-01 8.4468735825e+01
1.4248634651e+00 2.4629426481e-01 8.3572583562e+01
1.2812039303e+00 2.2979825458e-01 8.4788450052e+01
1.2162177191e+00 2.2241198135e-01 8.4756486116e+01
1.2273647077e+00 2.2351992233e-01 8.5203836921e+01
1.2238357929e+00 2.2327371323e-01 8.4788450052e+01
1.2979535598e+00 2.3164482289e-01 8.4884332141e+01
1.2778356524e+00 2.2955204548e-01 8.4468735825e+01
1.4102021579e+00 2.4469390561e-01 8.3572583562e+01
1.3631570048e+00 2.3927730524e-01 8.4052847370e+01
1.2779321623e+00 2.2942894092e-01 8.4788450052e+01
1.2422482357e+00 2.2536649064e-01 8.4820412361e+01
1.2459012114e+00 2.2561269975e-01 8.5267719621e+01
1.3191858208e+00 2.3398380942e-01 8.4980199868e+01
1.1630671813e+00 2.1625675365e-01 8.4756486116e+01
1.1768833199e+00 2.1761090375e-01 8.5459332672e+01
1.3783131005e+00 2.4075455988e-01 8.4468735825e+01
1.3112825584e+00 2.3324518209e-01 8.4628613906e+01
1.3423240249e+00 2.3706142326e-01 8.3860794078e+01
1.2634818478e+00 2.2770547717e-01 8.5012152633e+01
1.2211292198e+00 2.2302750412e-01 8.4628613906e+01
1.2164373404e+00 2.2241198135e-01 8.4820412361e+01
1.1998549277e+00 2.2056541304e-01 8.4660584449e+01
1.3658034882e+00 2.3927730524e-01 8.4692553325e+01
1.4035932479e+00 2.4370906918e-01 8.4084849675e+01
1.2252143343e+00 2.2327371323e-01 8.5203836921e+01
1.3202416554e+00 2.3447622763e-01 8.4116850127e+01
1.3194072803e+00 2.3435312308e-01 8.4180845518e+01
1.2592434950e+00 2.2770547717e-01 8.3892807710e+01
1.3215471903e+00 2.3447622763e-01 8.4436755064e+01
1.2559945877e+00 2.2684374529e-01 8.5044103843e+01
1.3508277683e+00 2.3767694603e-01 8.4564667778e+01
1.2884987895e+00 2.3078309102e-01 8.4404772564e+01
1.3552135146e+00 2.3829246880e-01 8.4276824972e+01
1.2567304543e+00 2.2684374529e-01 8.5267719621e+01
1.3822743646e+00 2.4137008265e-01 8.4084849675e+01
1.3286240481e+00 2.3533795951e-01 8.4276824972e+01
1.3208505981e+00 2.3410691397e-01 8.5139948243e+01
1.2381537847e+00 2.2487407243e-01 8.4884332141e+01
1.2467900808e+00 2.2561269975e-01 8.5555119982e+01
1.2875306010e+00 2.3065998646e-01 8.4436755064e+01
1.4182457791e+00 2.4518632382e-01 8.4340802307e+01
1.3074941442e+00 2.3287586843e-01 8.4500714858e+01
1.2339257141e+00 2.2425854966e-01 8.5235779013e+01
1.4368947857e+00 2.4740220579e-01 8.3956829243e+01
1.4925245548e+00 2.5343432893e-01 8.3892807710e+01
1.2495868056e+00 2.2622822252e-01 8.4756486116e+01
1.2914205727e+00 2.3102930012e-01 8.4596641686e+01
1.4806702663e+00 2.5208017884e-01 8.4052847370e+01
1.3159262636e+00 2.3373760031e-01 8.4692553325e+01
1.2710930256e+00 2.2856720904e-01 8.5012152633e+01
1.2549107863e+00 2.2672064074e-01 8.5044103843e+01
1.3595986405e+00 2.3866178247e-01 8.4532692172e+01
1.2929415126e+00 2.3139861378e-01 8.4148848738e+01
1.2713046759e+00 2.2881341815e-01 8.4468735825e+01
1.3151370351e+00 2.3386070486e-01 8.4212840476e+01
1.2590309327e+00 2.2721305895e-01 8.4980199868e+01
1.2412798794e+00 2.2524338609e-01 8.4852373054e+01
1.2926347700e+00 2.3115240468e-01 8.4628613906e+01
1.3554010370e+00 2.3816936425e-01 8.4596641686e+01
1.2239351862e+00 2.2315060867e-01 8.5139948243e+01
1.3975507008e+00 2.4297044185e-01 8.4244833624e+01
1.3430583077e+00 2.3681521416e-01 8.4564667778e+01
1.2924764993e+00 2.3102930012e-01 8.4884332141e+01
1.4261611959e+00 2.4604805570e-01 8.4340802307e+01
1.1932164599e+00 2.1958057661e-01 8.5235779013e+01
1.2995072761e+00 2.3213724111e-01 8.4148848738e+01
1.2981812636e+00 2.3164482289e-01 8.4948245538e+01
1.3114752754e+00 2.3312207754e-01 8.4980199868e+01
1.2761397805e+00 2.2930583637e-01 8.4596641686e+01
1.3263375982e+00 2.3496864585e-01 8.4532692172e+01
1.3097989943e+00 2.3299897299e-01 8.4820412361e+01
1.2075788026e+00 2.2118093581e-01 8.5395467416e+01
1.3097989943e+00 2.3299897299e-01 8.4820412361e+01
1.3256055781e+00 2.3484554129e-01 8.4628613906e+01
1.2772291532e+00 2.2942894092e-01 8.4596641686e+01
1.3862709126e+00 2.4198560542e-01 8.3732720205e+01
1.3634173107e+00 2.3940040979e-01 8.3860794078e+01
1.2730498577e+00 2.2881341815e-01 8.4948245538e+01
1.3870342665e+00 2.4186250087e-01 8.4148848738e+01
1.2264914381e+00 2.2339681778e-01 8.5267719621e+01
1.2195435678e+00 2.2278129501e-01 8.4788450052e+01
1.2204026111e+00 2.2278129501e-01 8.5044103843e+01
1.2870075495e+00 2.3041377735e-01 8.4884332141e+01
1.3735775614e+00 2.4026214167e-01 8.4404772564e+01
1.2355640220e+00 2.2450475877e-01 8.5076053508e+01
1.3344467690e+00 2.3583037773e-01 8.4628613906e+01
1.2355548164e+00 2.2462786332e-01 8.4756486116e+01
1.1841085738e+00 2.1859574018e-01 8.5044103843e+01
1.3143379016e+00 2.3361449576e-01 8.4564667778e+01
1.3028544894e+00 2.3238345022e-01 8.4436755064e+01
1.2539154935e+00 2.2672064074e-01 8.4756486116e+01
1.2392322195e+00 2.2499717698e-01 8.4884332141e+01
1.2244620793e+00 2.2339681778e-01 8.4660584449e+01
1.2919787464e+00 2.3127550923e-01 8.4180845518e+01
1.2431394990e+00 2.2561269975e-01 8.4468735825e+01
1.3168668855e+00 2.3373760031e-01 8.4948245538e+01
1.2630408011e+00 2.2770547717e-01 8.4884332141e+01
1.2581571154e+00 2.2733616351e-01 8.4436755064e+01
1.2261508724e+00 2.2364302689e-01 8.4532692172e+01
1.3039521360e+00 2.3238345022e-01 8.4724520544e+01
1.3750034808e+00 2.4050835077e-01 8.4212840476e+01
1.3362278986e+00 2.3619969139e-01 8.4244833624e+01
1.2134061877e+00 2.2179645858e-01 8.5555119982e+01
1.2914528654e+00 2.3127550923e-01 8.4052847370e+01
1.2821793971e+00 2.2992135914e-01 8.4756486116e+01
1.1856523988e+00 2.1859574018e-01 8.5555119982e+01
1.2398779065e+00 2.2499717698e-01 8.5076053508e+01
1.1958134611e+00 2.2007299482e-01 8.4724520544e+01
1.3227122357e+00 2.3472243674e-01 8.4180845518e+01
1.2935868446e+00 2.3139861378e-01 8.4308814530e+01
1.2905664350e+00 2.3090619557e-01 8.4660584449e+01
1.3656783191e+00 2.3927730524e-01 8.4660584449e+01
1.3330920591e+00 2.3570727317e-01 8.4564667778e+01
1.3091882200e+00 2.3312207754e-01 8.4372788316e+01
1.2851594720e+00 2.3016756825e-01 8.4980199868e+01
1.2453759880e+00 2.2573580430e-01 8.4788450052e+01
1.2722702821e+00 2.2893652271e-01 8.4436755064e+01
1.3955789632e+00 2.4272423274e-01 8.4308814530e+01
1.2379297043e+00 2.2475096787e-01 8.5139948243e+01
1.2930720125e+00 2.3139861378e-01 8.4180845518e+01
1.3949962167e+00 2.4260112819e-01 8.4436755064e+01
1.2396649515e+00 2.2524338609e-01 8.4404772564e+01
1.2420242237e+00 2.2536649064e-01 8.4756486116e+01
1.4518814285e+00 2.4912566955e-01 8.3764741596e+01
1.4248904265e+00 2.4592495115e-01 8.4308814530e+01
1.3024954862e+00 2.3226034566e-01 8.4628613906e+01
1.4207920241e+00 2.4555563748e-01 8.4148848738e+01
1.2604457777e+00 2.2758237261e-01 8.4468735825e+01
1.2520879538e+00 2.2647443163e-01 8.4852373054e+01
1.3319376449e+00 2.3570727317e-01 8.4276824972e+01
1.2598958804e+00 2.2733616351e-01 8.4916289633e+01
1.3252249666e+00 2.3472243674e-01 8.4820412361e+01
1.2259811456e+00 2.2339681778e-01 8.5108001638e+01
1.3913463718e+00 2.4247802364e-01 8.3860794078e+01
1.2719040014e+00 2.2881341815e-01 8.4628613906e+01
1.3295249221e+00 2.3521485496e-01 8.4788450052e+01
1.2208159144e+00 2.2278129501e-01 8.5171893334e+01
1.3016384929e+00 2.3213724111e-01 8.4692553325e+01
1.2495868056e+00 2.2622822252e-01 8.4756486116e+01
1.2808547648e+00 2.2979825458e-01 8.4692553325e+01
1.3641593301e+00 2.3964661890e-01 8.3540550223e+01
1.2820726157e+00 2.2967515003e-01 8.5363532643e+01
1.2944363314e+00 2.3127550923e-01 8.4820412361e+01
1.3528968373e+00 2.3841557336e-01 8.3508514856e+01
1.3404213237e+00 2.3619969139e-01 8.5363532643e+01
1.3458756869e+00 2.3718452782e-01 8.4436755064e+01
1.2836519984e+00 2.3016756825e-01 8.4564667778e+01
1.2228609943e+00 2.2302750412e-01 8.5139948243e+01
1.3073011853e+00 2.3262965932e-01 8.5044103843e+01
1.2838415876e+00 2.2992135914e-01 8.5235779013e+01
1.3487602322e+00 2.3718452782e-01 8.5203836921e+01
1.3623216231e+00 2.3915420068e-01 8.4116850127e+01
1.2726103261e+00 2.2905962726e-01 8.4244833624e+01
1.3856178114e+00 2.4161629176e-01 8.4340802307e+01
1.2019998652e+00 2.2068851759e-01 8.4980199868e+01
1.4089424953e+00 2.4420148739e-01 8.4276824972e+01
1.2571356823e+00 2.2684374529e-01 8.5395467416e+01
1.3794679352e+00 2.4112387354e-01 8.3956829243e+01
1.4342281826e+00 2.4727910124e-01 8.3636644199e+01
1.2819495038e+00 2.3004446369e-01 8.4404772564e+01
1.2417165405e+00 2.2524338609e-01 8.4980199868e+01
1.2345911564e+00 2.2438165421e-01 8.5108001638e+01
1.2023186139e+00 2.2081162215e-01 8.4756486116e+01
1.3145488767e+00 2.3349139120e-01 8.4916289633e+01
1.3018825672e+00 2.3226034566e-01 8.4468735825e+01
1.2939036766e+00 2.3152171834e-01 8.4116850127e+01
1.3081058865e+00 2.3287586843e-01 8.4660584449e+01
1.2848638670e+00 2.3029067280e-01 8.4596641686e+01
1.3158391041e+00 2.3398380942e-01 8.4116850127e+01
1.2186752286e+00 2.2241198135e-01 8.5523192275e+01
1.2467900808e+00 2.2561269975e-01 8.5555119982e+01
1.2440412906e+00 2.2536649064e-01 8.5363532643e+01
1.3607761498e+00 2.3890799157e-01 8.4276824972e+01
1.3478637327e+00 2.3767694603e-01 8.3860794078e+01
1.3378596866e+00 2.3632279594e-01 8.4372788316e+01
1.2205709737e+00 2.2253508590e-01 8.5810492699e+01
1.3434052059e+00 2.3669210960e-01 8.4948245538e+01
1.1648692167e+00 2.1625675365e-01 8.5331596426e+01
1.2101225793e+00 2.2167335403e-01 8.4852373054e+01
1.2894204087e+00 2.3065998646e-01 8.4948245538e+01
1.2435492455e+00 2.2548959520e-01 8.4884332141e+01
1.4099303465e+00 2.4432459195e-01 8.4244833624e+01
1.2739502727e+00 2.2918273181e-01 8.4308814530e+01
1.2967622636e+00 2.3139861378e-01 8.5171893334e+01
1.4861640889e+00 2.5294191072e-01 8.3540550223e+01
1.3034714994e+00 2.3238345022e-01 8.4596641686e+01
1.2034805014e+00 2.2081162215e-01 8.5108001638e+01
1.2400876489e+00 2.2499717698e-01 8.5139948243e+01
1.2925457115e+00 2.3139861378e-01 8.4052847370e+01
1.3304076306e+00 2.3583037773e-01 8.3668671517e+01
1.2438406526e+00 2.2536649064e-01 8.5299658755e+01
1.2033782095e+00 2.2081162215e-01 8.5076053508e+01
1.2665221617e+00 2.2807479083e-01 8.4948245538e+01
1.2256668296e+00 2.2339681778e-01 8.5012152633e+01
1.3973959949e+00 2.4309354641e-01 8.3956829243e+01
1.2467904634e+00 2.2585890886e-01 8.4884332141e+01
1.3531768394e+00 2.3792315514e-01 8.4596641686e+01
1.2704589667e+00 2.2869031360e-01 8.4532692172e+01
1.1537976958e+00 2.1514881267e-01 8.4820412361e+01
1.3495900875e+00 2.3755384148e-01 8.4532692172e+01
1.2798924805e+00 2.2979825458e-01 8.4436755064e+01
1.2425790948e+00 2.2536649064e-01 8.4916289633e+01
1.2257140404e+00 2.2327371323e-01 8.5363532643e+01
1.2943375969e+00 2.3139861378e-01 8.4500714858e+01
1.4574032492e+00 2.4949498321e-01 8.4212840476e+01
1.2328482993e+00 2.2413544510e-01 8.5235779013e+01
1.2591045719e+00 2.2708995440e-01 8.5331596426e+01
1.2851656945e+00 2.3053688191e-01 8.4116850127e+01
1.2317566953e+00 2.2425854966e-01 8.4596641686e+01
1.3066180395e+00 2.3262965932e-01 8.4852373054e+01
1.3275201577e+00 2.3521485496e-01 8.4276824972e+01
1.2987179381e+00 2.3189103200e-01 8.4500714858e+01
1.2835462605e+00 2.3041377735e-01 8.3988837165e+01
1.3156838417e+00 2.3373760031e-01 8.4628613906e+01
1.2763181086e+00 2.2918273181e-01 8.4948245538e+01
1.3553468936e+00 2.3829246880e-01 8.4308814530e+01
1.3392436430e+00 2.3632279594e-01 8.4724520544e+01
1.3387053269e+00 2.3644590050e-01 8.4308814530e+01
1.2510056704e+00 2.2635132707e-01 8.4852373054e+01
1.2433762850e+00 2.2561269975e-01 8.4532692172e+01
1.3223804180e+00 2.3435312308e-01 8.4948245538e+01
1.3574997719e+00 2.3841557336e-01 8.4564667778e+01
1.2662313997e+00 2.2819789538e-01 8.4564667778e+01
1.3166700165e+00 2.3410691397e-01 8.4052847370e+01
1.3607122977e+00 2.3878488702e-01 8.4532692172e+01
1.2499192824e+00 2.2610511797e-01 8.5171893334e+01
1.3183062715e+00 2.3423001852e-01 8.4180845518e+01
1.2412185086e+00 2.2536649064e-01 8.4532692172e+01
1.2459287761e+00 2.2573580430e-01 8.4948245538e+01
1.3742724200e+00 2.4063145533e-01 8.3796761031e+01
1.3351790175e+00 2.3595348228e-01 8.4532692172e+01
1.2324834548e+00 2.2438165421e-01 8.4500714858e+01
1.1963138871e+00 2.1994989027e-01 8.5203836921e+01
1.3364010351e+00 2.3595348228e-01 8.4852373054e+01
1.3923585625e+00 2.4247802364e-01 8.4084849675e+01
1.3151902751e+00 2.3373760031e-01 8.4500714858e+01
1.2965271201e+00 2.3164482289e-01 8.4500714858e+01
1.3849330914e+00 2.4161629176e-01 8.4180845518e+01
1.3020065913e+00 2.3226034566e-01 8.4500714858e+01
1.2416798932e+00 2.2512028154e-01 8.5299658755e+01
1.1017747879e+00 2.0862427131e-01 8.6001967257e+01
1.3650587723e+00 2.3915420068e-01 8.4788450052e+01
1.3529906928e+00 2.3804625970e-01 8.4276824972e+01
1.2132871424e+00 2.2216577224e-01 8.4532692172e+01
1.2294903362e+00 2.2401234055e-01 8.4564667778e+01
1.3134825550e+00 2.3349139120e-01 8.4628613906e+01
1.3577525029e+00 2.3841557336e-01 8.4628613906e+01
1.1993125247e+00 2.2031920393e-01 8.5139948243e+01
1.3524394926e+00 2.3780005059e-01 8.4692553325e+01
1.2698495697e+00 2.2869031360e-01 8.4372788316e+01
1.2936087358e+00 2.3127550923e-01 8.4596641686e+01
1.3730090296e+00 2.4050835077e-01 8.3764741596e+01
1.2685232878e+00 2.2844410449e-01 8.4596641686e+01
1.2983490723e+00 2.3176792745e-01 8.4692553325e+01
1.2692225752e+00 2.2869031360e-01 8.4212840476e+01
1.2460168058e+00 2.2598201341e-01 8.4372788316e+01
1.3327138822e+00 2.3570727317e-01 8.4468735825e+01
1.3652982947e+00 2.3927730524e-01 8.4564667778e+01
1.2619551544e+00 2.2758237261e-01 8.4884332141e+01
1.2922714085e+00 2.3090619557e-01 8.5139948243e+01
1.3558729219e+00 2.3829246880e-01 8.4436755064e+01
1.3721872875e+00 2.4038524622e-01 8.3828778522e+01
1.3401066391e+00 2.3644590050e-01 8.4660584449e+01
1.2905089625e+00 2.3065998646e-01 8.5267719621e+01
1.1904854817e+00 2.1933436750e-01 8.5044103843e+01
1.2774081772e+00 2.2930583637e-01 8.4948245538e+01
1.2729921675e+00 2.2893652271e-01 8.4628613906e+01
1.3046903158e+00 2.3250655477e-01 8.4628613906e+01
1.3436575952e+00 2.3693831871e-01 8.4436755064e+01
1.3056350500e+00 2.3250655477e-01 8.4884332141e+01
1.4288529983e+00 2.4641736936e-01 8.4180845518e+01
1.3015188843e+00 2.3213724111e-01 8.4660584449e+01
1.1357170040e+00 2.1293293070e-01 8.5076053508e+01
1.3709595583e+00 2.4013903711e-01 8.4052847370e+01
1.2402008774e+00 2.2512028154e-01 8.4852373054e+01
1.3937391812e+00 2.4247802364e-01 8.4404772564e+01
1.2777130836e+00 2.2955204548e-01 8.4436755064e+01
1.2153509075e+00 2.2216577224e-01 8.5139948243e+01
1.3288851254e+00 2.3533795951e-01 8.4340802307e+01
1.3033495389e+00 2.3238345022e-01 8.4564667778e+01
1.3417628618e+00 2.3681521416e-01 8.4244833624e+01
1.3383204924e+00 2.3656900505e-01 8.3956829243e+01
1.1711173980e+00 2.1699538098e-01 8.5299658755e+01
1.3868644239e+00 2.4198560542e-01 8.3860794078e+01
1.3183227612e+00 2.3435312308e-01 8.3924819428e+01
1.2915407544e+00 2.3102930012e-01 8.4628613906e+01
1.3449095262e+00 2.3693831871e-01 8.4756486116e+01
1.2777392798e+00 2.2930583637e-01 8.5044103843e+01
1.2765006952e+00 2.2942894092e-01 8.4404772564e+01
1.2806700116e+00 2.2955204548e-01 8.5267719621e+01
1.2958757912e+00 2.3139861378e-01 8.4916289633e+01
1.2646451302e+00 2.2795168628e-01 8.4724520544e+01
1.3463861570e+00 2.3718452782e-01 8.4564667778e+01
1.2539154935e+00 2.2672064074e-01 8.4756486116e+01
1.2894663892e+00 2.3090619557e-01 8.4372788316e+01
1.2296180331e+00 2.2376613144e-01 8.5235779013e+01
1.2434311311e+00 2.2536649064e-01 8.5171893334e+01
1.2678291329e+00 2.2819789538e-01 8.5012152633e+01
1.4426344112e+00 2.4814083312e-01 8.3732720205e+01
1.2972532462e+00 2.3164482289e-01 8.4692553325e+01
1.2128989581e+00 2.2191956313e-01 8.5044103843e+01
1.2362924483e+00 2.2475096787e-01 8.4660584449e+01
1.2648744073e+00 2.2795168628e-01 8.4788450052e+01
1.3470367867e+00 2.3743073693e-01 8.4180845518e+01
1.2622420758e+00 2.2770547717e-01 8.4660584449e+01
1.2507006865e+00 2.2647443163e-01 8.4468735825e+01
1.2140994477e+00 2.2191956313e-01 8.5427400756e+01
1.2099053933e+00 2.2167335403e-01 8.4788450052e+01
1.3070072449e+00 2.3275276388e-01 8.4660584449e+01
1.2836286995e+00 2.3029067280e-01 8.4276824972e+01
1.3287951526e+00 2.3521485496e-01 8.4596641686e+01
1.3899295138e+00 2.4235491908e-01 8.3796761031e+01
1.3077169210e+00 2.3275276388e-01 8.4852373054e+01
1.2438171226e+00 2.2585890886e-01 8.4084849675e+01
1.3722158245e+00 2.4026214167e-01 8.4084849675e+01
1.3151831669e+00 2.3361449576e-01 8.4788450052e+01
1.5352336650e+00 2.5823540654e-01 8.3444437996e+01
1.3791677043e+00 2.4087766444e-01 8.4404772564e+01
1.3125758134e+00 2.3324518209e-01 8.4980199868e+01
1.2321281011e+00 2.2438165421e-01 8.4404772564e+01
1.2418212923e+00 2.2548959520e-01 8.4404772564e+01
1.3145488767e+00 2.3349139120e-01 8.4916289633e+01
1.1947660792e+00 2.1970368116e-01 8.5395467416e+01
1.2240553352e+00 2.2327371323e-01 8.4852373054e+01
1.2002940402e+00 2.2056541304e-01 8.4788450052e+01
1.2938487682e+00 2.3127550923e-01 8.4660584449e+01
1.2444074846e+00 2.2548959520e-01 8.5139948243e+01
1.3599569834e+00 2.3890799157e-01 8.4084849675e+01
1.4015364793e+00 2.4321665096e-01 8.4660584449e+01
1.3055194812e+00 2.3250655477e-01 8.4852373054e+01
1.2355548164e+00 2.2462786332e-01 8.4756486116e+01
1.3532865737e+00 2.3816936425e-01 8.4084849675e+01
1.1631245875e+00 2.1588743999e-01 8.5842408323e+01
1.1547062239e+00 2.1514881267e-01 8.5108001638e+01
1.3509539197e+00 2.3767694603e-01 8.4596641686e+01
1.3720602337e+00 2.4013903711e-01 8.4308814530e+01
1.2755589352e+00 2.2905962726e-01 8.5044103843e+01
1.3129133131e+00 2.3324518209e-01 8.5076053508e+01
1.3323290780e+00 2.3570727317e-01 8.4372788316e+01
1.2830857369e+00 2.2992135914e-01 8.5012152633e+01
1.3445069882e+00 2.3706142326e-01 8.4372788316e+01
1.2789203006e+00 2.2992135914e-01 8.3924819428e+01
1.3238830989e+00 2.3459933219e-01 8.4756486116e+01
1.3481481167e+00 2.3767694603e-01 8.3924819428e+01
1.2807369594e+00 2.2979825458e-01 8.4660584449e+01
1.2779564868e+00 2.2930583637e-01 8.5108001638e+01
1.3498174796e+00 2.3780005059e-01 8.4052847370e+01
1.2784985715e+00 2.2942894092e-01 8.4948245538e+01
1.2631521103e+00 2.2770547717e-01 8.4916289633e+01
1.3104245090e+00 2.3312207754e-01 8.4692553325e+01
1.2872334405e+00 2.3041377735e-01 8.4948245538e+01
1.3377294370e+00 2.3632279594e-01 8.4340802307e+01
1.2737036012e+00 2.2881341815e-01 8.5139948243e+01
1.3552744933e+00 2.3816936425e-01 8.4564667778e+01
1.3749985799e+00 2.4063145533e-01 8.3956829243e+01
1.2243413912e+00 2.2315060867e-01 8.5267719621e+01
1.3315630714e+00 2.3533795951e-01 8.5044103843e+01
1.2598338169e+00 2.2758237261e-01 8.4308814530e+01
1.3377294370e+00 2.3632279594e-01 8.4340802307e+01
1.3125405687e+00 2.3361449576e-01 8.4116850127e+01
1.3483614682e+00 2.3730763237e-01 8.4788450052e+01
1.3149391295e+00 2.3373760031e-01 8.4436755064e+01
1.3672718009e+00 2.3952351434e-01 8.4500714858e+01
1.3167518504e+00 2.3373760031e-01 8.4916289633e+01
1.3642517609e+00 2.3927730524e-01 8.4308814530e+01
1.3060289156e+00 2.3262965932e-01 8.4692553325e+01
1.3560604917e+00 2.3853867791e-01 8.3956829243e+01
1.3116394475e+00 2.3336828665e-01 8.4436755064e+01
1.2147816606e+00 2.2204266769e-01 8.5299658755e+01
1.2873453198e+00 2.3041377735e-01 8.4980199868e+01
1.2514067977e+00 2.2647443163e-01 8.4660584449e+01
1.3854823966e+00 2.4161629176e-01 8.4308814530e+01
1.3445069882e+00 2.3706142326e-01 8.4372788316e+01
1.3297282595e+00 2.3546106406e-01 8.4276824972e+01
1.2810122397e+00 2.2967515003e-01 8.5044103843e+01
1.2206106139e+00 2.2278129501e-01 8.5108001638e+01
1.3180081843e+00 2.3398380942e-01 8.4660584449e+01
1.3381179676e+00 2.3632279594e-01 8.4436755064e+01
1.2768681061e+00 2.2942894092e-01 8.4500714858e+01
1.2659607597e+00 2.2807479083e-01 8.4788450052e+01
1.2156901152e+00 2.2228887680e-01 8.4916289633e+01
1.3498323947e+00 2.3743073693e-01 8.4884332141e+01
1.2318723326e+00 2.2401234055e-01 8.5267719621e+01
1.3078340695e+00 2.3299897299e-01 8.4308814530e+01
1.2579040403e+00 2.2721305895e-01 8.4660584449e+01
1.4084950400e+00 2.4432459195e-01 8.3924819428e+01
1.3177639233e+00 2.3398380942e-01 8.4596641686e+01
1.1831663007e+00 2.1859574018e-01 8.4756486116e+01
1.2964838458e+00 2.3176792745e-01 8.4212840476e+01
1.3008644395e+00 2.3226034566e-01 8.4212840476e+01
1.2750056797e+00 2.2893652271e-01 8.5203836921e+01
1.3376299448e+00 2.3644590050e-01 8.4052847370e+01
1.3148124659e+00 2.3373760031e-01 8.4404772564e+01
1.2713974166e+00 2.2869031360e-01 8.4788450052e+01
1.2384412216e+00 2.2475096787e-01 8.5299658755e+01
1.2385618346e+00 2.2499717698e-01 8.4692553325e+01
1.2801130156e+00 2.2967515003e-01 8.4788450052e+01
1.3225390072e+00 2.3447622763e-01 8.4692553325e+01
1.2902061779e+00 2.3090619557e-01 8.4564667778e+01
1.2889650537e+00 2.3065998646e-01 8.4820412361e+01
1.2852226865e+00 2.3041377735e-01 8.4404772564e+01
1.2824102345e+00 2.2992135914e-01 8.4820412361e+01
1.4003473000e+00 2.4321665096e-01 8.4372788316e+01
1.2421422093e+00 2.2524338609e-01 8.5108001638e+01
1.2299479650e+00 2.2401234055e-01 8.4692553325e+01
1.2889650537e+00 2.3065998646e-01 8.4820412361e+01
1.2950597472e+00 2.3152171834e-01 8.4404772564e+01
1.2384477018e+00 2.2499717698e-01 8.4660584449e+01
1.2519016823e+00 2.2659753618e-01 8.4500714858e+01
1.1646793285e+00 2.1625675365e-01 8.5267719621e+01
1.3051684501e+00 2.3250655477e-01 8.4756486116e+01
1.1965733570e+00 2.1982678572e-01 8.5650894846e+01
1.3486063231e+00 2.3743073693e-01 8.4564667778e+01
1.1389332704e+00 2.1317913981e-01 8.5459332672e+01
1.3325101762e+00 2.3583037773e-01 8.4148848738e+01
1.3118125079e+00 2.3312207754e-01 8.5076053508e+01
1.3274416515e+00 2.3509175040e-01 8.4532692172e+01
1.3701234554e+00 2.4001593256e-01 8.4116850127e+01
1.3631268080e+00 2.3940040979e-01 8.3796761031e+01
1.4657131966e+00 2.5060292419e-01 8.3796761031e+01
1.2412185086e+00 2.2536649064e-01 8.4532692172e+01
1.2075477126e+00 2.2142714492e-01 8.4724520544e+01
1.2151451117e+00 2.2216577224e-01 8.5076053508e+01
1.2617702878e+00 2.2770547717e-01 8.4532692172e+01
1.2752283657e+00 2.2905962726e-01 8.4948245538e+01
1.3875874751e+00 2.4186250087e-01 8.4276824972e+01
1.3211632046e+00 2.3447622763e-01 8.4340802307e+01
1.2596013814e+00 2.2745926806e-01 8.4532692172e+01
1.3966481921e+00 2.4272423274e-01 8.4564667778e+01
1.2572926088e+00 2.2696684984e-01 8.5108001638e+01
1.2950060177e+00 2.3127550923e-01 8.4980199868e+01
1.2471182677e+00 2.2585890886e-01 8.4980199868e+01
1.2999157143e+00 2.3189103200e-01 8.4820412361e+01
1.3222954353e+00 2.3447622763e-01 8.4628613906e+01
1.3638981739e+00 2.3890799157e-01 8.5076053508e+01
1.2869276278e+00 2.3053688191e-01 8.4564667778e+01
1.3875890508e+00 2.4198560542e-01 8.4020843204e+01
1.2374010739e+00 2.2475096787e-01 8.4980199868e+01
1.2464643309e+00 2.2573580430e-01 8.5108001638e+01
1.4021864906e+00 2.4346286007e-01 8.4276824972e+01
1.2761397805e+00 2.2930583637e-01 8.4596641686e+01
1.3367836813e+00 2.3607658683e-01 8.4660584449e+01
1.2222695671e+00 2.2278129501e-01 8.5650894846e+01
1.1723898315e+00 2.1699538098e-01 8.5746657535e+01
1.3691464619e+00 2.3989282800e-01 8.4148848738e+01
1.3437861272e+00 2.3693831871e-01 8.4468735825e+01
1.3516113809e+00 2.3792315514e-01 8.4212840476e+01
1.3541623329e+00 2.3804625970e-01 8.4564667778e+01
1.2940859391e+00 2.3127550923e-01 8.4724520544e+01
1.3423235471e+00 2.3669210960e-01 8.4660584449e+01
1.1289918293e+00 2.1194809427e-01 8.5650894846e+01
1.3986541853e+00 2.4358596462e-01 8.3284209632e+01
1.3332077086e+00 2.3595348228e-01 8.4052847370e+01
1.3685772159e+00 2.3976972345e-01 8.4276824972e+01
1.3415691153e+00 2.3669210960e-01 8.4468735825e+01
1.2703384948e+00 2.2869031360e-01 8.4500714858e+01
1.1979075372e+00 2.1994989027e-01 8.5746657535e+01
1.3343228216e+00 2.3583037773e-01 8.4596641686e+01
1.4071013903e+00 2.4395527828e-01 8.4372788316e+01
1.3687730214e+00 2.3964661890e-01 8.4596641686e+01
1.2531705648e+00 2.2659753618e-01 8.4852373054e+01
1.2504713961e+00 2.2622822252e-01 8.5012152633e+01
1.3003742359e+00 2.3176792745e-01 8.5267719621e+01
1.2872870210e+00 2.3053688191e-01 8.4660584449e+01
1.2601597097e+00 2.2770547717e-01 8.4116850127e+01
1.2033025757e+00 2.2068851759e-01 8.5395467416e+01
1.2789069320e+00 2.2955204548e-01 8.4756486116e+01
1.1985455741e+00 2.2019609938e-01 8.5235779013e+01
1.4362907536e+00 2.4740220579e-01 8.3828778522e+01
1.3639825939e+00 2.3927730524e-01 8.4244833624e+01
1.3055194812e+00 2.3250655477e-01 8.4852373054e+01
1.2415787096e+00 2.2512028154e-01 8.5267719621e+01
1.3390098057e+00 2.3656900505e-01 8.4116850127e+01
1.3664811627e+00 2.3952351434e-01 8.4308814530e+01
1.1836450439e+00 2.1847263562e-01 8.5235779013e+01
1.3373896351e+00 2.3607658683e-01 8.4820412361e+01
1.3385984415e+00 2.3656900505e-01 8.4020843204e+01
1.2674983253e+00 2.2819789538e-01 8.4916289633e+01
1.2219081993e+00 2.2302750412e-01 8.4852373054e+01
1.2508556446e+00 2.2672064074e-01 8.3956829243e+01
1.1337585232e+00 2.1244051248e-01 8.5874322654e+01
1.2561953509e+00 2.2696684984e-01 8.4788450052e+01
1.1705331257e+00 2.1699538098e-01 8.5108001638e+01
1.3513400123e+00 2.3792315514e-01 8.4148848738e+01
1.3228448251e+00 2.3472243674e-01 8.4212840476e+01
1.2890799606e+00 2.3065998646e-01 8.4852373054e+01
1.3418235559e+00 2.3669210960e-01 8.4532692172e+01
1.3162844459e+00 2.3373760031e-01 8.4788450052e+01
1.2369658438e+00 2.2475096787e-01 8.4852373054e+01
1.3290621805e+00 2.3546106406e-01 8.4116850127e+01
1.2698495697e+00 2.2869031360e-01 8.4372788316e+01
1.3931432243e+00 2.4272423274e-01 8.3764741596e+01
1.2474837653e+00 2.2573580430e-01 8.5427400756e+01
1.2810122397e+00 2.2967515003e-01 8.5044103843e+01
1.3038258149e+00 2.3250655477e-01 8.4404772564e+01
1.3966481921e+00 2.4272423274e-01 8.4564667778e+01
1.3312685771e+00 2.3583037773e-01 8.3860794078e+01
1.2412798794e+00 2.2524338609e-01 8.4852373054e+01
1.3125036817e+00 2.3336828665e-01 8.4660584449e+01
1.1876875884e+00 2.1884194929e-01 8.5523192275e+01
1.2646767828e+00 2.2782858172e-01 8.5044103843e+01
1.1820868474e+00 2.1834953107e-01 8.5076053508e+01
1.3051684501e+00 2.3250655477e-01 8.4756486116e+01
1.2597319141e+00 2.2696684984e-01 8.5906235703e+01
1.2920262314e+00 2.3115240468e-01 8.4468735825e+01
1.3655754660e+00 2.3976972345e-01 8.3604614884e+01
1.3340727165e+00 2.3583037773e-01 8.4532692172e+01
1.2595606742e+00 2.2733616351e-01 8.4820412361e+01
1.1976287926e+00 2.2019609938e-01 8.4948245538e+01
1.3040764219e+00 2.3250655477e-01 8.4468735825e+01
1.3088161257e+00 2.3287586843e-01 8.4852373054e+01
1.3542887785e+00 2.3804625970e-01 8.4596641686e+01
1.3392252526e+00 2.3644590050e-01 8.4436755064e+01
1.2316694146e+00 2.2401234055e-01 8.5203836921e+01
1.3335636641e+00 2.3583037773e-01 8.4404772564e+01
1.3283777040e+00 2.3546106406e-01 8.3956829243e+01
1.1999699553e+00 2.2044230849e-01 8.5012152633e+01
1.4087672702e+00 2.4407838284e-01 8.4500714858e+01
1.3622371750e+00 2.3940040979e-01 8.3604614884e+01
1.1718862446e+00 2.1711848553e-01 8.5203836921e+01
1.3146850750e+00 2.3373760031e-01 8.4372788316e+01
1.2481477304e+00 2.2561269975e-01 8.6033875278e+01
1.3044212464e+00 2.3238345022e-01 8.4852373054e+01
1.2711826982e+00 2.2881341815e-01 8.4436755064e+01
1.3086734226e+00 2.3312207754e-01 8.4244833624e+01
1.2630408011e+00 2.2770547717e-01 8.4884332141e+01
1.2589213766e+00 2.2721305895e-01 8.4948245538e+01
1.2684718349e+00 2.2819789538e-01 8.5203836921e+01
1.2932017956e+00 2.3139861378e-01 8.4212840476e+01
1.3189598346e+00 2.3423001852e-01 8.4340802307e+01
1.3154385124e+00 2.3373760031e-01 8.4564667778e+01
1.1569806856e+00 2.1527191722e-01 8.5523192275e+01
1.3072466919e+00 2.3275276388e-01 8.4724520544e+01
1.2903067855e+00 2.3102930012e-01 8.4308814530e+01
1.2431167736e+00 2.2536649064e-01 8.5076053508e+01
1.2913916183e+00 2.3078309102e-01 8.5203836921e+01
1.3471397019e+00 2.3767694603e-01 8.3700696849e+01
1.3143233374e+00 2.3398380942e-01 8.3764741596e+01
1.1745657398e+00 2.1748779919e-01 8.5044103843e+01
1.2227806885e+00 2.2290439956e-01 8.5459332672e+01
1.4008498146e+00 2.4358596462e-01 8.3732720205e+01
1.3691516621e+00 2.3964661890e-01 8.4692553325e+01
1.4523452055e+00 2.4912566955e-01 8.3860794078e+01
1.3007785664e+00 2.3201413655e-01 8.4756486116e+01
1.3331741358e+00 2.3583037773e-01 8.4308814530e+01
1.3512039864e+00 2.3767694603e-01 8.4660584449e+01
1.3134825550e+00 2.3349139120e-01 8.4628613906e+01
1.2993142096e+00 2.3201413655e-01 8.4372788316e+01
1.2295200605e+00 2.2364302689e-01 8.5555119982e+01
1.2122388972e+00 2.2179645858e-01 8.5171893334e+01
1.3418235559e+00 2.3669210960e-01 8.4532692172e+01
1.4041398597e+00 2.4383217373e-01 8.3956829243e+01
1.2577875207e+00 2.2721305895e-01 8.4628613906e+01
1.2768659767e+00 2.2918273181e-01 8.5108001638e+01
1.3574997719e+00 2.3841557336e-01 8.4564667778e+01
1.2767269152e+00 2.2930583637e-01 8.4756486116e+01
1.4090249088e+00 2.4444769650e-01 8.3796761031e+01
1.2532817560e+00 2.2659753618e-01 8.4884332141e+01
1.3693736074e+00 2.3976972345e-01 8.4468735825e+01
1.3325863506e+00 2.3570727317e-01 8.4436755064e+01
1.2575037221e+00 2.2696684984e-01 8.5171893334e+01
1.3532865737e+00 2.3816936425e-01 8.4084849675e+01
1.3462596543e+00 2.3718452782e-01 8.4532692172e+01
1.3287951526e+00 2.3521485496e-01 8.4596641686e+01
1.4295525272e+00 2.4654047392e-01 8.4084849675e+01
1.2751167667e+00 2.2905962726e-01 8.4916289633e+01
1.2961017011e+00 2.3139861378e-01 8.4980199868e+01
1.3192161516e+00 2.3423001852e-01 8.4404772564e+01
1.2601901212e+00 2.2721305895e-01 8.5331596426e+01
1.2162436926e+00 2.2216577224e-01 8.5427400756e+01
1.2482981839e+00 2.2622822252e-01 8.4404772564e+01
1.3470075249e+00 2.3718452782e-01 8.4724520544e+01
1.3637967610e+00 2.3915420068e-01 8.4468735825e+01
1.3814150045e+00 2.4137008265e-01 8.3892807710e+01
1.2891941554e+00 2.3065998646e-01 8.4884332141e+01
1.3326013915e+00 2.3558416862e-01 8.4724520544e+01
1.3304456486e+00 2.3570727317e-01 8.3924819428e+01
1.4306267861e+00 2.4678668302e-01 8.3828778522e+01
1.3503666755e+00 2.3792315514e-01 8.3924819428e+01
1.3005999156e+00 2.3189103200e-01 8.5012152633e+01
1.2086164522e+00 2.2155024947e-01 8.4724520544e+01
1.2629287933e+00 2.2770547717e-01 8.4852373054e+01
1.2261872974e+00 2.2339681778e-01 8.5171893334e+01
1.3260909455e+00 2.3484554129e-01 8.4756486116e+01
1.3119234722e+00 2.3312207754e-01 8.5108001638e+01
1.3240051862e+00 2.3472243674e-01 8.4500714858e+01
1.3210730041e+00 2.3459933219e-01 8.4052847370e+01
1.2890868545e+00 2.3090619557e-01 8.4276824972e+01
1.3260859316e+00 2.3496864585e-01 8.4468735825e+01
1.4343744015e+00 2.4703289213e-01 8.4148848738e+01
1.2201919054e+00 2.2278129501e-01 8.4980199868e+01
1.3428051515e+00 2.3681521416e-01 8.4500714858e+01
1.3564588864e+00 2.3841557336e-01 8.4308814530e+01
1.3039521360e+00 2.3238345022e-01 8.4724520544e+01
1.3119234722e+00 2.3312207754e-01 8.5108001638e+01
1.4120220355e+00 2.4469390561e-01 8.3956829243e+01
1.3016973088e+00 2.3201413655e-01 8.5012152633e+01
1.3775117973e+00 2.4075455988e-01 8.4276824972e+01
1.3507044621e+00 2.3755384148e-01 8.4820412361e+01
1.3205714763e+00 2.3435312308e-01 8.4468735825e+01
1.1506627957e+00 2.1453328990e-01 8.5523192275e+01
1.3335636641e+00 2.3583037773e-01 8.4404772564e+01
1.2725999599e+00 2.2881341815e-01 8.4820412361e+01
1.3410513418e+00 2.3669210960e-01 8.4340802307e+01
1.2273647077e+00 2.2351992233e-01 8.5203836921e+01
1.3408332729e+00 2.3644590050e-01 8.4852373054e+01
1.2332886799e+00 2.2438165421e-01 8.4724520544e+01
1.2397204304e+00 2.2487407243e-01 8.5363532643e+01
1.3879844368e+00 2.4210870998e-01 8.3860794078e+01
1.3113614179e+00 2.3312207754e-01 8.4948245538e+01
1.2329834450e+00 2.2425854966e-01 8.4948245538e+01
1.3435753585e+00 2.3706142326e-01 8.4148848738e+01
1.3008959238e+00 2.3201413655e-01 8.4788450052e+01
1.3620436261e+00 2.3915420068e-01 8.4052847370e+01
1.2512269983e+00 2.2635132707e-01 8.4916289633e+01
1.4000764786e+00 2.4333975551e-01 8.4052847370e+01
1.3474392243e+00 2.3743073693e-01 8.4276824972e+01
1.2976109320e+00 2.3201413655e-01 8.3956829243e+01
1.3096914259e+00 2.3312207754e-01 8.4500714858e+01
1.3442445238e+00 2.3706142326e-01 8.4308814530e+01
1.2046560178e+00 2.2081162215e-01 8.5491263175e+01
1.3532562897e+00 2.3804625970e-01 8.4340802307e+01
1.3104245090e+00 2.3312207754e-01 8.4692553325e+01
1.3741669542e+00 2.4050835077e-01 8.4020843204e+01
1.3380395777e+00 2.3656900505e-01 8.3892807710e+01
1.3438554624e+00 2.3718452782e-01 8.3956829243e+01
1.3979626782e+00 2.4297044185e-01 8.4340802307e+01
1.2170820186e+00 2.2216577224e-01 8.5714737975e+01
1.3007785664e+00 2.3201413655e-01 8.4756486116e+01
1.2232521267e+00 2.2290439956e-01 8.5618971257e+01
1.3764661107e+00 2.4050835077e-01 8.4564667778e+01
1.1581576102e+00 2.1551812633e-01 8.5203836921e+01
1.3935892411e+00 2.4272423274e-01 8.3860794078e+01
1.3036684989e+00 2.3213724111e-01 8.5267719621e+01
1.3378596866e+00 2.3632279594e-01 8.4372788316e+01
1.3061481834e+00 2.3262965932e-01 8.4724520544e+01
1.3006614795e+00 2.3213724111e-01 8.4436755064e+01
1.1677172810e+00 2.1650296276e-01 8.5587046306e+01
1.2244862812e+00 2.2327371323e-01 8.4980199868e+01
1.2803420669e+00 2.2967515003e-01 8.4852373054e+01
1.2077672167e+00 2.2142714492e-01 8.4788450052e+01
1.2392322195e+00 2.2499717698e-01 8.4884332141e+01
1.3794319667e+00 2.4087766444e-01 8.4468735825e+01
1.3053804026e+00 2.3275276388e-01 8.4244833624e+01
1.1880492919e+00 2.1908815839e-01 8.4948245538e+01
1.2264209790e+00 2.2351992233e-01 8.4916289633e+01
1.2465693744e+00 2.2573580430e-01 8.5139948243e+01
1.3057666677e+00 2.3275276388e-01 8.4340802307e+01
1.4234567046e+00 2.4592495115e-01 8.3988837165e+01
1.1990097293e+00 2.2044230849e-01 8.4724520544e+01
1.3279365804e+00 2.3509175040e-01 8.4660584449e+01
1.3640551820e+00 2.3915420068e-01 8.4532692172e+01
1.3017170161e+00 2.3250655477e-01 8.3892807710e+01
1.3372661273e+00 2.3619969139e-01 8.4500714858e+01
1.3688457025e+00 2.3976972345e-01 8.4340802307e+01
1.1758255219e+00 2.1761090375e-01 8.5108001638e+01
1.2476493581e+00 2.2598201341e-01 8.4820412361e+01
1.1919873042e+00 2.1958057661e-01 8.4852373054e+01
1.2359864312e+00 2.2438165421e-01 8.5555119982e+01
1.3092751685e+00 2.3287586843e-01 8.4980199868e+01
1.3351218667e+00 2.3607658683e-01 8.4244833624e+01
1.3323751719e+00 2.3583037773e-01 8.4116850127e+01
1.3372661273e+00 2.3619969139e-01 8.4500714858e+01
1.3807076445e+00 2.4087766444e-01 8.4788450052e+01
1.2393415489e+00 2.2499717698e-01 8.4916289633e+01
1.4152881630e+00 2.4494011472e-01 8.4180845518e+01
1.3450306394e+00 2.3693831871e-01 8.4788450052e+01
1.2720217542e+00 2.2881341815e-01 8.4660584449e+01
1.2888694580e+00 2.3078309102e-01 8.4500714858e+01
1.3627340322e+00 2.3927730524e-01 8.3956829243e+01
1.2201919054e+00 2.2278129501e-01 8.4980199868e+01
1.1635786012e+00 2.1601054455e-01 8.5618971257e+01
1.3068587533e+00 2.3250655477e-01 8.5235779013e+01
1.2286788658e+00 2.2376613144e-01 8.4948245538e+01
1.2975785094e+00 2.3189103200e-01 8.4212840476e+01
1.3574535981e+00 2.3866178247e-01 8.4020843204e+01
1.3073861735e+00 2.3250655477e-01 8.5395467416e+01
1.2575523915e+00 2.2721305895e-01 8.4564667778e+01
1.3989526449e+00 2.4321665096e-01 8.4052847370e+01
1.2771839134e+00 2.2930583637e-01 8.4884332141e+01
1.2984676779e+00 2.3176792745e-01 8.4724520544e+01
1.2270584264e+00 2.2364302689e-01 8.4788450052e+01
1.3096914259e+00 2.3312207754e-01 8.4500714858e+01
1.3062715689e+00 2.3275276388e-01 8.4468735825e+01
1.3353856509e+00 2.3607658683e-01 8.4308814530e+01
1.3197084378e+00 2.3410691397e-01 8.4820412361e+01
1.3051738339e+00 2.3262965932e-01 8.4468735825e+01
1.3118385236e+00 2.3349139120e-01 8.4212840476e+01
1.3648245366e+00 2.3940040979e-01 8.4180845518e+01
1.2774081772e+00 2.2930583637e-01 8.4948245538e+01
1.2377203061e+00 2.2475096787e-01 8.5076053508e+01
1.2544753731e+00 2.2672064074e-01 8.4916289633e+01
1.3593958297e+00 2.3890799157e-01 8.3956829243e+01
1.2743234474e+00 2.2918273181e-01 8.4404772564e+01
1.1714082757e+00 2.1724159008e-01 8.4724520544e+01
1.3085926237e+00 2.3299897299e-01 8.4500714858e+01
1.2237280205e+00 2.2315060867e-01 8.5076053508e+01
1.3722158245e+00 2.4026214167e-01 8.4084849675e+01
1.1229903379e+00 2.1145567605e-01 8.5012152633e+01
1.2674885848e+00 2.2807479083e-01 8.5235779013e+01
1.1987994527e+00 2.2031920393e-01 8.4980199868e+01
1.2684959256e+00 2.2807479083e-01 8.5555119982e+01
1.2663500801e+00 2.2819789538e-01 8.4596641686e+01
1.4251705916e+00 2.4604805570e-01 8.4116850127e+01
1.2684739345e+00 2.2832099994e-01 8.4884332141e+01
1.2303104207e+00 2.2376613144e-01 8.5459332672e+01
1.3046903158e+00 2.3250655477e-01 8.4628613906e+01
1.2506684862e+00 2.2635132707e-01 8.4756486116e+01
1.3635729653e+00 2.3903109613e-01 8.4692553325e+01
1.4320616501e+00 2.4690978758e-01 8.3892807710e+01
1.3692763666e+00 2.3964661890e-01 8.4724520544e+01
1.2208225976e+00 2.2265819046e-01 8.5523192275e+01
1.2867748842e+00 2.3065998646e-01 8.4244833624e+01
1.3093251262e+00 2.3299897299e-01 8.4692553325e+01
1.3039514791e+00 2.3250655477e-01 8.4436755064e+01
1.2807348084e+00 2.2992135914e-01 8.4372788316e+01
1.1816779480e+00 2.1834953107e-01 8.4948245538e+01
1.2457697849e+00 2.2585890886e-01 8.4596641686e+01
1.2810122397e+00 2.2967515003e-01 8.5044103843e+01
1.2962793399e+00 2.3164482289e-01 8.4436755064e+01
1.2755349870e+00 2.2930583637e-01 8.4436755064e+01
1.2906850934e+00 2.3090619557e-01 8.4692553325e+01
1.2245749966e+00 2.2339681778e-01 8.4692553325e+01
1.2401330264e+00 2.2536649064e-01 8.4244833624e+01
1.3456159919e+00 2.3718452782e-01 8.4372788316e+01
1.1356101636e+00 2.1280982614e-01 8.5395467416e+01
1.3590803930e+00 2.3866178247e-01 8.4404772564e+01
1.4660243267e+00 2.5060292419e-01 8.3860794078e+01
1.4410292193e+00 2.4801772856e-01 8.3636644199e+01
1.3712174769e+00 2.4026214167e-01 8.3860794078e+01
1.1736207637e+00 2.1711848553e-01 8.5810492699e+01
1.2664680592e+00 2.2819789538e-01 8.4628613906e+01
1.2551119406e+00 2.2684374529e-01 8.4788450052e+01
1.2990600826e+00 2.3201413655e-01 8.4308814530e+01
1.2915407544e+00 2.3102930012e-01 8.4628613906e+01
1.2051175024e+00 2.2081162215e-01 8.5650894846e+01
1.3113859949e+00 2.3336828665e-01 8.4372788316e+01
1.2697845413e+00 2.2844410449e-01 8.4948245538e+01
1.2813189022e+00 2.2979825458e-01 8.4820412361e+01
1.4100277134e+00 2.4420148739e-01 8.4532692172e+01
1.2528328302e+00 2.2659753618e-01 8.4756486116e+01
1.2520879538e+00 2.2647443163e-01 8.4852373054e+01
1.3510343324e+00 2.3780005059e-01 8.4340802307e+01
1.2532817560e+00 2.2659753618e-01 8.4884332141e+01
1.2676719685e+00 2.2832099994e-01 8.4660584449e+01
1.3148124659e+00 2.3373760031e-01 8.4404772564e+01
1.2573920339e+00 2.2708995440e-01 8.4820412361e+01
1.2327464158e+00 2.2413544510e-01 8.5203836921e+01
1.3014719995e+00 2.3189103200e-01 8.5267719621e+01
1.2682010665e+00 2.2807479083e-01 8.5459332672e+01
1.2587970286e+00 2.2708995440e-01 8.5235779013e+01
1.3245018755e+00 2.3472243674e-01 8.4628613906e+01
1.2454171320e+00 2.2585890886e-01 8.4500714858e+01
1.2045486472e+00 2.2093472670e-01 8.5108001638e+01
1.3721944085e+00 2.4013903711e-01 8.4340802307e+01
1.3623333026e+00 2.3890799157e-01 8.4660584449e+01
1.3662853646e+00 2.3940040979e-01 8.4532692172e+01
1.3375984479e+00 2.3632279594e-01 8.4308814530e+01
1.2764941799e+00 2.2930583637e-01 8.4692553325e+01
1.3902254108e+00 2.4235491908e-01 8.3860794078e+01
1.3447876713e+00 2.3693831871e-01 8.4724520544e+01
1.2771839134e+00 2.2930583637e-01 8.4884332141e+01
1.5012610369e+00 2.5454226992e-01 8.3572583562e+01
1.3211616680e+00 2.3423001852e-01 8.4916289633e+01
1.3057498982e+00 2.3250655477e-01 8.4916289633e+01
1.3216737241e+00 2.3447622763e-01 8.4468735825e+01
1.4820398362e+00 2.5232638795e-01 8.3860794078e+01
1.2820731773e+00 2.3004446369e-01 8.4436755064e+01
1.1742599012e+00 2.1748779919e-01 8.4948245538e+01
1.2427962290e+00 2.2536649064e-01 8.4980199868e+01
1.3262104577e+00 2.3484554129e-01 8.4788450052e+01
1.2757526108e+00 2.2918273181e-01 8.4788450052e+01
1.3656633576e+00 2.3952351434e-01 8.4116850127e+01
1.2775898069e+00 2.2955204548e-01 8.4404772564e+01
1.3901699080e+00 2.4260112819e-01 8.3380352901e+01
1.2561113568e+00 2.2708995440e-01 8.4468735825e+01
1.1680393513e+00 2.1662606732e-01 8.5331596426e+01
1.2546649685e+00 2.2696684984e-01 8.4372788316e+01
1.2540658183e+00 2.2684374529e-01 8.4500714858e+01
1.1946390522e+00 2.1994989027e-01 8.4692553325e+01
1.3102869462e+00 2.3324518209e-01 8.4372788316e+01
1.3305032810e+00 2.3546106406e-01 8.4468735825e+01
1.2534550951e+00 2.2672064074e-01 8.4628613906e+01
1.3451501496e+00 2.3706142326e-01 8.4532692172e+01
1.3355533628e+00 2.3595348228e-01 8.4628613906e+01
1.3135850593e+00 2.3361449576e-01 8.4372788316e+01
1.3903717817e+00 2.4210870998e-01 8.4404772564e+01
1.4089424953e+00 2.4420148739e-01 8.4276824972e+01
1.3698276514e+00 2.3989282800e-01 8.4308814530e+01
1.3148912614e+00 2.3349139120e-01 8.5012152633e+01
1.3480950579e+00 2.3743073693e-01 8.4436755064e+01
1.3592006155e+00 2.3903109613e-01 8.3668671517e+01
1.3005999156e+00 2.3189103200e-01 8.5012152633e+01
1.2569360775e+00 2.2708995440e-01 8.4692553325e+01
1.3819909673e+00 2.4137008265e-01 8.4020843204e+01
1.3503157076e+00 2.3767694603e-01 8.4436755064e+01
1.2029623745e+00 2.2081162215e-01 8.4948245538e+01
1.2588739074e+00 2.2745926806e-01 8.4340802307e+01
1.3071273295e+00 2.3275276388e-01 8.4692553325e+01
1.3648183718e+00 2.3952351434e-01 8.3924819428e+01
1.2341385098e+00 2.2450475877e-01 8.4660584449e+01
1.2632627212e+00 2.2770547717e-01 8.4948245538e+01
1.2527441664e+00 2.2647443163e-01 8.5044103843e+01
1.3783566547e+00 2.4087766444e-01 8.4212840476e+01
1.3582278783e+00 2.3853867791e-01 8.4468735825e+01
1.2412185086e+00 2.2536649064e-01 8.4532692172e+01
1.1934642665e+00 2.1945747206e-01 8.5682817082e+01
1.3444176564e+00 2.3693831871e-01 8.4628613906e+01
1.3800191746e+00 2.4100076899e-01 8.4340802307e+01
1.2909202694e+00 2.3090619557e-01 8.4756486116e+01
1.3227122357e+00 2.3472243674e-01 8.4180845518e+01
1.3778409038e+00 2.4063145533e-01 8.4628613906e+01
1.2950597472e+00 2.3152171834e-01 8.4404772564e+01
1.3276905824e+00 2.3509175040e-01 8.4596641686e+01
1.4224732798e+00 2.4580184659e-01 8.4020843204e+01
1.3384598377e+00 2.3656900505e-01 8.3988837165e+01
1.1695745687e+00 2.1687227642e-01 8.5139948243e+01
1.2519761603e+00 2.2647443163e-01 8.4820412361e+01
1.3227122357e+00 2.3472243674e-01 8.4180845518e+01
1.2141951245e+00 2.2191956313e-01 8.5459332672e+01
1.3040879936e+00 2.3213724111e-01 8.5395467416e+01
1.3421592837e+00 2.3681521416e-01 8.4340802307e+01
1.2469662775e+00 2.2598201341e-01 8.4628613906e+01
1.2287834293e+00 2.2401234055e-01 8.4372788316e+01
1.2688756914e+00 2.2844410449e-01 8.4692553325e+01
1.2524553324e+00 2.2684374529e-01 8.4084849675e+01
1.2014229011e+00 2.2081162215e-01 8.4500714858e+01
1.3784937324e+00 2.4087766444e-01 8.4244833624e+01
1.2512269983e+00 2.2635132707e-01 8.4916289633e+01
1.2589880589e+00 2.2733616351e-01 8.4660584449e+01
1.1938821412e+00 2.1970368116e-01 8.5108001638e+01
1.2849834728e+00 2.3029067280e-01 8.4628613906e+01
1.3140822105e+00 2.3349139120e-01 8.4788450052e+01
1.4212176451e+00 2.4555563748e-01 8.4244833624e+01
1.2821793971e+00 2.2992135914e-01 8.4756486116e+01
1.3044469220e+00 2.3250655477e-01 8.4564667778e+01
1.2709831909e+00 2.2856720904e-01 8.4980199868e+01
1.3087327114e+00 2.3275276388e-01 8.5139948243e+01
1.2585174182e+00 2.2733616351e-01 8.4532692172e+01
1.3318277776e+00 2.3583037773e-01 8.3988837165e+01
1.3995747935e+00 2.4346286007e-01 8.3700696849e+01
1.2602913279e+00 2.2721305895e-01 8.5363532643e+01
1.2105952346e+00 2.2155024947e-01 8.5331596426e+01
1.4103581070e+00 2.4469390561e-01 8.3604614884e+01
1.3484295139e+00 2.3767694603e-01 8.3988837165e+01
1.2681536356e+00 2.2819789538e-01 8.5108001638e+01
1.2266100913e+00 2.2364302689e-01 8.4660584449e+01
1.3443761275e+00 2.3706142326e-01 8.4340802307e+01
1.2912723853e+00 2.3115240468e-01 8.4276824972e+01
1.2573985128e+00 2.2696684984e-01 8.5139948243e+01
1.3457922339e+00 2.3730763237e-01 8.4148848738e+01
1.3440412815e+00 2.3681521416e-01 8.4820412361e+01
1.3252249666e+00 2.3472243674e-01 8.4820412361e+01
1.2844618416e+00 2.2992135914e-01 8.5427400756e+01
1.2445116684e+00 2.2548959520e-01 8.5171893334e+01
1.2249303884e+00 2.2315060867e-01 8.5459332672e+01
1.3028545973e+00 2.3226034566e-01 8.4724520544e+01
1.2490440832e+00 2.2598201341e-01 8.5235779013e+01
1.3223941994e+00 2.3459933219e-01 8.4372788316e+01
1.3040764219e+00 2.3250655477e-01 8.4468735825e+01
1.4726545282e+00 2.5121844696e-01 8.4052847370e+01
1.2896234484e+00 2.3053688191e-01 8.5331596426e+01
1.3299967647e+00 2.3521485496e-01 8.4916289633e+01
1.3292020146e+00 2.3558416862e-01 8.3892807710e+01
1.2210185128e+00 2.2278129501e-01 8.5235779013e+01
1.2141857191e+00 2.2216577224e-01 8.4788450052e+01
1.1811262794e+00 2.1822642652e-01 8.5108001638e+01
1.2691071160e+00 2.2844410449e-01 8.4756486116e+01
1.3216737241e+00 2.3447622763e-01 8.4468735825e+01
1.2992767965e+00 2.3164482289e-01 8.5267719621e+01
1.1909885174e+00 2.1933436750e-01 8.5203836921e+01
1.2883202519e+00 2.3041377735e-01 8.5267719621e+01
1.2990848126e+00 2.3189103200e-01 8.4596641686e+01
1.3840419966e+00 2.4137008265e-01 8.4500714858e+01
1.2982940406e+00 2.3164482289e-01 8.4980199868e+01
1.2818942973e+00 2.3016756825e-01 8.4116850127e+01
1.2758831646e+00 2.2905962726e-01 8.5139948243e+01
1.3172666640e+00 2.3398380942e-01 8.4468735825e+01
1.2229304860e+00 2.2327371323e-01 8.4532692172e+01
1.2201447909e+00 2.2265819046e-01 8.5299658755e+01
1.1685949377e+00 2.1662606732e-01 8.5523192275e+01
1.4279777443e+00 2.4617116025e-01 8.4500714858e+01
1.2153660102e+00 2.2228887680e-01 8.4820412361e+01
1.2425568887e+00 2.2524338609e-01 8.5235779013e+01
1.2384794473e+00 2.2487407243e-01 8.4980199868e+01
1.3793389388e+00 2.4075455988e-01 8.4724520544e+01
1.2872870210e+00 2.3053688191e-01 8.4660584449e+01
1.2482775733e+00 2.2610511797e-01 8.4692553325e+01
1.3418957444e+00 2.3681521416e-01 8.4276824972e+01
1.1917590652e+00 2.1933436750e-01 8.5459332672e+01
1.2667019141e+00 2.2819789538e-01 8.4692553325e+01
1.2184713371e+00 2.2265819046e-01 8.4788450052e+01
1.4075160464e+00 2.4420148739e-01 8.3956829243e+01
1.2327200287e+00 2.2450475877e-01 8.4276824972e+01
1.4229089596e+00 2.4580184659e-01 8.4116850127e+01
1.2342747597e+00 2.2438165421e-01 8.5012152633e+01
1.4246661567e+00 2.4617116025e-01 8.3764741596e+01
1.2011402987e+00 2.2056541304e-01 8.5044103843e+01
1.2603037295e+00 2.2745926806e-01 8.4724520544e+01
1.3620236324e+00 2.3903109613e-01 8.4308814530e+01
1.3452706413e+00 2.3693831871e-01 8.4852373054e+01
1.3212770668e+00 2.3423001852e-01 8.4948245538e+01
1.1949472955e+00 2.1982678572e-01 8.5108001638e+01
1.3958674985e+00 2.4284733730e-01 8.4116850127e+01
1.2490440832e+00 2.2598201341e-01 8.5235779013e+01
1.2877562451e+00 2.3053688191e-01 8.4788450052e+01
1.3177610236e+00 2.3373760031e-01 8.5203836921e+01
1.2029623745e+00 2.2081162215e-01 8.4948245538e+01
1.3424674004e+00 2.3693831871e-01 8.4148848738e+01
1.3989501774e+00 2.4309354641e-01 8.4308814530e+01
1.2330500214e+00 2.2413544510e-01 8.5299658755e+01
1.3121376473e+00 2.3336828665e-01 8.4564667778e+01
1.1834482944e+00 2.1847263562e-01 8.5171893334e+01
1.3583712276e+00 2.3841557336e-01 8.4788450052e+01
1.2447391015e+00 2.2561269975e-01 8.4916289633e+01
1.4434543814e+00 2.4801772856e-01 8.4148848738e+01
1.2341679281e+00 2.2438165421e-01 8.4980199868e+01
1.3024954862e+00 2.3226034566e-01 8.4628613906e+01
1.2817000264e+00 2.3004446369e-01 8.4340802307e+01
1.3299895417e+00 2.3546106406e-01 8.4340802307e+01
1.2474398633e+00 2.2585890886e-01 8.5076053508e+01
1.3564815072e+00 2.3853867791e-01 8.4052847370e+01
1.3155345322e+00 2.3361449576e-01 8.4884332141e+01
1.3857524618e+00 2.4161629176e-01 8.4372788316e+01
1.2665221617e+00 2.2807479083e-01 8.4948245538e+01
1.2470096895e+00 2.2585890886e-01 8.4948245538e+01
1.3283600309e+00 2.3533795951e-01 8.4212840476e+01
1.2526042059e+00 2.2659753618e-01 8.4692553325e+01
1.2040300869e+00 2.2093472670e-01 8.4948245538e+01
1.3352937780e+00 2.3583037773e-01 8.4852373054e+01
1.2558694559e+00 2.2708995440e-01 8.4404772564e+01
1.2626120016e+00 2.2758237261e-01 8.5076053508e+01
1.2639117221e+00 2.2770547717e-01 8.5139948243e+01
1.3397247322e+00 2.3632279594e-01 8.4852373054e+01
1.3371494663e+00 2.3607658683e-01 8.4756486116e+01
1.1957737153e+00 2.1970368116e-01 8.5746657535e+01
1.3920219711e+00 2.4260112819e-01 8.3764741596e+01
1.2028305091e+00 2.2093472670e-01 8.4596641686e+01
1.2725071962e+00 2.2869031360e-01 8.5108001638e+01
1.3508277683e+00 2.3767694603e-01 8.4564667778e+01
1.3503657705e+00 2.3780005059e-01 8.4180845518e+01
1.3513279019e+00 2.3767694603e-01 8.4692553325e+01
1.2095248460e+00 2.2142714492e-01 8.5331596426e+01
1.1165494078e+00 2.1059394417e-01 8.5299658755e+01
1.3855976127e+00 2.4186250087e-01 8.3828778522e+01
1.3301661903e+00 2.3558416862e-01 8.4116850127e+01
1.3098327221e+00 2.3287586843e-01 8.5139948243e+01
1.2485054528e+00 2.2610511797e-01 8.4756486116e+01
1.1848524013e+00 2.1884194929e-01 8.4628613906e+01
1.2502092123e+00 2.2635132707e-01 8.4628613906e+01
1.4084992752e+00 2.4407838284e-01 8.4436755064e+01
1.2708161610e+00 2.2869031360e-01 8.4628613906e+01
1.2905664350e+00 2.3090619557e-01 8.4660584449e+01
1.2523785721e+00 2.2672064074e-01 8.4340802307e+01
1.3676569366e+00 2.3952351434e-01 8.4596641686e+01
1.3955939418e+00 2.4309354641e-01 8.3572583562e+01
1.3974118328e+00 2.4297044185e-01 8.4212840476e+01
1.3001557004e+00 2.3213724111e-01 8.4308814530e+01
1.3138445250e+00 2.3349139120e-01 8.4724520544e+01
1.3417026932e+00 2.3656900505e-01 8.4788450052e+01
1.3873015012e+00 2.4198560542e-01 8.3956829243e+01
1.3702470012e+00 2.4013903711e-01 8.3892807710e+01
1.3623216231e+00 2.3915420068e-01 8.4116850127e+01
1.2904470631e+00 2.3090619557e-01 8.4628613906e+01
1.1650500003e+00 2.1637985821e-01 8.5044103843e+01
1.4537888238e+00 2.4924877410e-01 8.3924819428e+01
1.2285711129e+00 2.2376613144e-01 8.4916289633e+01
1.3169066390e+00 2.3386070486e-01 8.4660584449e+01
1.2779575136e+00 2.2955204548e-01 8.4500714858e+01
1.2921627355e+00 2.3090619557e-01 8.5108001638e+01
1.2923934995e+00 2.3115240468e-01 8.4564667778e+01
1.2410574256e+00 2.2524338609e-01 8.4788450052e+01
1.3232780903e+00 2.3435312308e-01 8.5203836921e+01
1.2909327019e+00 2.3102930012e-01 8.4468735825e+01
1.2041218532e+00 2.2105783126e-01 8.4660584449e+01
1.3430266465e+00 2.3706142326e-01 8.4020843204e+01
1.3262121313e+00 2.3496864585e-01 8.4500714858e+01
1.1935060505e+00 2.1994989027e-01 8.4372788316e+01
1.2784985715e+00 2.2942894092e-01 8.4948245538e+01
1.3227762936e+00 2.3459933219e-01 8.4468735825e+01
1.3835342254e+00 2.4149318721e-01 8.4116850127e+01
1.2763056104e+00 2.2905962726e-01 8.5267719621e+01
1.2598958804e+00 2.2733616351e-01 8.4916289633e+01
1.2408322224e+00 2.2524338609e-01 8.4724520544e+01
1.3303759491e+00 2.3546106406e-01 8.4436755064e+01
1.3337496255e+00 2.3595348228e-01 8.4180845518e+01
1.2571654474e+00 2.2708995440e-01 8.4756486116e+01
1.3282454478e+00 2.3496864585e-01 8.5044103843e+01
1.2606856713e+00 2.2758237261e-01 8.4532692172e+01
1.3135850593e+00 2.3361449576e-01 8.4372788316e+01
1.4316064195e+00 2.4690978758e-01 8.3796761031e+01
1.2935054069e+00 2.3152171834e-01 8.4020843204e+01
1.4119476478e+00 2.4481701016e-01 8.3700696849e+01
1.2007782593e+00 2.2044230849e-01 8.5267719621e+01
1.2594475452e+00 2.2733616351e-01 8.4788450052e+01
1.3115242146e+00 2.3324518209e-01 8.4692553325e+01
1.2235181455e+00 2.2315060867e-01 8.5012152633e+01
1.4551234544e+00 2.4924877410e-01 8.4212840476e+01
1.2858008131e+00 2.3029067280e-01 8.4852373054e+01
1.3045883500e+00 2.3275276388e-01 8.4052847370e+01
1.2971235396e+00 2.3176792745e-01 8.4372788316e+01
1.1813253160e+00 2.1822642652e-01 8.5171893334e+01
1.4399971688e+00 2.4777151945e-01 8.3892807710e+01
1.3857737915e+00 2.4173939631e-01 8.4116850127e+01
1.3364112565e+00 2.3607658683e-01 8.4564667778e+01
1.2936851091e+00 2.3115240468e-01 8.4916289633e+01
1.3539793963e+00 2.3829246880e-01 8.3988837165e+01
1.3047655172e+00 2.3238345022e-01 8.4948245538e+01
1.4076766639e+00 2.4407838284e-01 8.4244833624e+01
1.2546944673e+00 2.2672064074e-01 8.4980199868e+01
1.2872870210e+00 2.3053688191e-01 8.4660584449e+01
1.4353094186e+00 2.4727910124e-01 8.3860794078e+01
1.2185809924e+00 2.2265819046e-01 8.4820412361e+01
1.2254538930e+00 2.2339681778e-01 8.4948245538e+01
1.3864204415e+00 2.4198560542e-01 8.3764741596e+01
1.2535828030e+00 2.2684374529e-01 8.4372788316e+01
1.3713437279e+00 2.4001593256e-01 8.4404772564e+01
1.2773411301e+00 2.2955204548e-01 8.4340802307e+01
1.4308301614e+00 2.4666357847e-01 8.4116850127e+01
1.2751167667e+00 2.2905962726e-01 8.4916289633e+01
1.4613392078e+00 2.5023361053e-01 8.3604614884e+01
1.2603037295e+00 2.2745926806e-01 8.4724520544e+01
1.2112633017e+00 2.2155024947e-01 8.5555119982e+01
1.1799650439e+00 2.1810332196e-01 8.5076053508e+01
1.3821330479e+00 2.4137008265e-01 8.4052847370e+01
1.2537195877e+00 2.2659753618e-01 8.5012152633e+01
1.2708161610e+00 2.2869031360e-01 8.4628613906e+01
1.3006027012e+00 2.3226034566e-01 8.4148848738e+01
1.2500931890e+00 2.2647443163e-01 8.4308814530e+01
1.3362176142e+00 2.3583037773e-01 8.5108001638e+01
1.3397333401e+00 2.3644590050e-01 8.4564667778e+01
1.2253156307e+00 2.2327371323e-01 8.5235779013e+01
1.2438415839e+00 2.2561269975e-01 8.4660584449e+01
1.2984697627e+00 2.3189103200e-01 8.4436755064e+01
1.2950597472e+00 2.3152171834e-01 8.4404772564e+01
1.3290621805e+00 2.3546106406e-01 8.4116850127e+01
1.2944363314e+00 2.3127550923e-01 8.4820412361e+01
1.2976066288e+00 2.3164482289e-01 8.4788450052e+01
1.2348127299e+00 2.2425854966e-01 8.5523192275e+01
1.3074727272e+00 2.3312207754e-01 8.3956829243e+01
1.1875021732e+00 2.1884194929e-01 8.5459332672e+01
1.2545377108e+00 2.2684374529e-01 8.4628613906e+01
1.3614831195e+00 2.3903109613e-01 8.4180845518e+01
1.4039932042e+00 2.4358596462e-01 8.4436755064e+01
1.3258864463e+00 2.3509175040e-01 8.4148848738e+01
1.4373193084e+00 2.4715599669e-01 8.4564667778e+01
1.2410574256e+00 2.2524338609e-01 8.4788450052e+01
1.2831640128e+00 2.3016756825e-01 8.4436755064e+01
1.3449768362e+00 2.3681521416e-01 8.5076053508e+01
1.5347587280e+00 2.5811230198e-01 8.3572583562e+01
1.3075231320e+00 2.3262965932e-01 8.5108001638e+01
1.2540406828e+00 2.2659753618e-01 8.5108001638e+01
1.3550793868e+00 2.3829246880e-01 8.4244833624e+01
1.3681268594e+00 2.3964661890e-01 8.4436755064e+01
1.2613885896e+00 2.2758237261e-01 8.4724520544e+01
1.3050499981e+00 2.3250655477e-01 8.4724520544e+01
1.3023958731e+00 2.3250655477e-01 8.4052847370e+01
1.2989349257e+00 2.3176792745e-01 8.4852373054e+01
1.3601048859e+00 2.3866178247e-01 8.4660584449e+01
1.2398842323e+00 2.2536649064e-01 8.4180845518e+01
1.3560561909e+00 2.3841557336e-01 8.4212840476e+01
1.3038258149e+00 2.3250655477e-01 8.4404772564e+01
1.3082797154e+00 2.3312207754e-01 8.4148848738e+01
1.2650260960e+00 2.2807479083e-01 8.4532692172e+01
1.2945821174e+00 2.3139861378e-01 8.4564667778e+01
1.2696103808e+00 2.2856720904e-01 8.4596641686e+01
1.3547608405e+00 2.3816936425e-01 8.4436755064e+01
1.2952288882e+00 2.3127550923e-01 8.5044103843e+01
1.5015688051e+00 2.5441916537e-01 8.3860794078e+01
1.2906844794e+00 2.3102930012e-01 8.4404772564e+01
1.2048516749e+00 2.2118093581e-01 8.4564667778e+01
1.3096816121e+00 2.3299897299e-01 8.4788450052e+01
1.3573131510e+00 2.3866178247e-01 8.3988837165e+01
1.2487764648e+00 2.2622822252e-01 8.4532692172e+01
1.2647601187e+00 2.2795168628e-01 8.4756486116e+01
1.2780092620e+00 2.2918273181e-01 8.5459332672e+01
1.2580193501e+00 2.2696684984e-01 8.5331596426e+01
1.3106630784e+00 2.3312207754e-01 8.4756486116e+01
1.2995028464e+00 2.3176792745e-01 8.5012152633e+01
1.3151902751e+00 2.3373760031e-01 8.4500714858e+01
1.3164155925e+00 2.3386070486e-01 8.4532692172e+01
1.1777570826e+00 2.1773400830e-01 8.5395467416e+01
1.3805936902e+00 2.4112387354e-01 8.4212840476e+01
1.3844974501e+00 2.4149318721e-01 8.4340802307e+01
1.3665411703e+00 2.3940040979e-01 8.4596641686e+01
1.3257046457e+00 2.3459933219e-01 8.5267719621e+01
1.2691302881e+00 2.2856720904e-01 8.4468735825e+01
1.2512971605e+00 2.2659753618e-01 8.4340802307e+01
1.2516613481e+00 2.2635132707e-01 8.5044103843e+01
1.2973096800e+00 2.3152171834e-01 8.5012152633e+01
1.3514265118e+00 2.3780005059e-01 8.4436755064e+01
1.2047377571e+00 2.2118093581e-01 8.4532692172e+01
1.2670474385e+00 2.2819789538e-01 8.4788450052e+01
1.2898265240e+00 2.3078309102e-01 8.4756486116e+01
1.2557474608e+00 2.2708995440e-01 8.4372788316e+01
1.2261508724e+00 2.2364302689e-01 8.4532692172e+01
1.2747369250e+00 2.2881341815e-01 8.5459332672e+01
1.2323245519e+00 2.2425854966e-01 8.4756486116e+01
1.3726003433e+00 2.3989282800e-01 8.5012152633e+01
1.3068643249e+00 2.3287586843e-01 8.4340802307e+01
1.2252143343e+00 2.2327371323e-01 8.5203836921e+01
1.2584761905e+00 2.2721305895e-01 8.4820412361e+01
1.2790224262e+00 2.2955204548e-01 8.4788450052e+01
1.2728263160e+00 2.2881341815e-01 8.4884332141e+01
1.2223384328e+00 2.2302750412e-01 8.4980199868e+01
1.2456529245e+00 2.2585890886e-01 8.4564667778e+01
1.3521907232e+00 2.3780005059e-01 8.4628613906e+01
1.2179405097e+00 2.2253508590e-01 8.4948245538e+01
1.4237497329e+00 2.4592495115e-01 8.4052847370e+01
1.2062717296e+00 2.2118093581e-01 8.4980199868e+01
1.4292784988e+00 2.4641736936e-01 8.4276824972e+01
1.2426469545e+00 2.2548959520e-01 8.4628613906e+01
1.3087942722e+00 2.3262965932e-01 8.5491263175e+01
1.2918483507e+00 2.3127550923e-01 8.4148848738e+01
1.2942034517e+00 2.3127550923e-01 8.4756486116e+01
1.1806542124e+00 2.1810332196e-01 8.5299658755e+01
1.2752875149e+00 2.2918273181e-01 8.4660584449e+01
1.3393650233e+00 2.3632279594e-01 8.4756486116e+01
1.4081986420e+00 2.4432459195e-01 8.3860794078e+01
1.3462596543e+00 2.3718452782e-01 8.4532692172e+01
1.2078644013e+00 2.2118093581e-01 8.5491263175e+01
1.3512032069e+00 2.3792315514e-01 8.4116850127e+01
1.3241304559e+00 2.3472243674e-01 8.4532692172e+01
1.2733581917e+00 2.2905962726e-01 8.4436755064e+01
1.3942647932e+00 2.4284733730e-01 8.3764741596e+01
1.2458195973e+00 2.2573580430e-01 8.4916289633e+01
1.2309377457e+00 2.2401234055e-01 8.4980199868e+01
1.3376299448e+00 2.3644590050e-01 8.4052847370e+01
1.3348779881e+00 2.3558416862e-01 8.5363532643e+01
1.4543131062e+00 2.4937187866e-01 8.3796761031e+01
1.3388364184e+00 2.3644590050e-01 8.4340802307e+01
1.2538014353e+00 2.2672064074e-01 8.4724520544e+01
1.2982187129e+00 2.3189103200e-01 8.4372788316e+01
1.3314809894e+00 2.3558416862e-01 8.4436755064e+01
1.2752283657e+00 2.2905962726e-01 8.4948245538e+01
1.2219909881e+00 2.2278129501e-01 8.5555119982e+01
1.1811262794e+00 2.1822642652e-01 8.5108001638e+01
1.2500232024e+00 2.2610511797e-01 8.5203836921e+01
1.2897544486e+00 2.3065998646e-01 8.5044103843e+01
1.2940859391e+00 2.3127550923e-01 8.4724520544e+01
1.3478043097e+00 2.3780005059e-01 8.3604614884e+01
1.3048788340e+00 2.3238345022e-01 8.4980199868e+01
1.3004221823e+00 2.3201413655e-01 8.4660584449e+01
1.3477470515e+00 2.3730763237e-01 8.4628613906e+01
1.3762577556e+00 2.4063145533e-01 8.4244833624e+01
1.3410911428e+00 2.3656900505e-01 8.4628613906e+01
1.2462583212e+00 2.2598201341e-01 8.4436755064e+01
1.3600791487e+00 2.3903109613e-01 8.3860794078e+01
1.2918970142e+00 2.3102930012e-01 8.4724520544e+01
1.3916587674e+00 2.4235491908e-01 8.4180845518e+01
1.2869518816e+00 2.3078309102e-01 8.4020843204e+01
1.3358263693e+00 2.3619969139e-01 8.4148848738e+01
1.2688071134e+00 2.2832099994e-01 8.4980199868e+01
1.2849834728e+00 2.3029067280e-01 8.4628613906e+01
1.2254162495e+00 2.2327371323e-01 8.5267719621e+01
1.2993906965e+00 2.3176792745e-01 8.4980199868e+01
1.3603535089e+00 2.3866178247e-01 8.4724520544e+01
1.2230902660e+00 2.2315060867e-01 8.4884332141e+01
1.3469852125e+00 2.3730763237e-01 8.4436755064e+01
1.3911986953e+00 2.4247802364e-01 8.3828778522e+01
1.1839352489e+00 2.1847263562e-01 8.5331596426e+01
1.1766026526e+00 2.1761090375e-01 8.5363532643e+01
1.3033159418e+00 2.3250655477e-01 8.4276824972e+01
1.2763767530e+00 2.2930583637e-01 8.4660584449e+01
1.2994452222e+00 2.3189103200e-01 8.4692553325e+01
1.2908030382e+00 2.3090619557e-01 8.4724520544e+01
1.3649114935e+00 2.3927730524e-01 8.4468735825e+01
1.3874456595e+00 2.4198560542e-01 8.3988837165e+01
1.3011557424e+00 2.3213724111e-01 8.4564667778e+01
1.2370756787e+00 2.2475096787e-01 8.4884332141e+01
1.2012430851e+00 2.2056541304e-01 8.5076053508e+01
1.4038776747e+00 2.4370906918e-01 8.4148848738e+01
1.2863633127e+00 2.3029067280e-01 8.5012152633e+01
1.3261529853e+00 2.3509175040e-01 8.4212840476e+01
1.3096411267e+00 2.3324518209e-01 8.4212840476e+01
1.2018949939e+00 2.2068851759e-01 8.4948245538e+01
1.2217063345e+00 2.2278129501e-01 8.5459332672e+01
1.2957617630e+00 2.3139861378e-01 8.4884332141e+01
1.2214156052e+00 2.2278129501e-01 8.5363532643e+01
1.2681645629e+00 2.2844410449e-01 8.4500714858e+01
1.3460625501e+00 2.3730763237e-01 8.4212840476e+01
1.3154385124e+00 2.3373760031e-01 8.4564667778e+01
1.4437432024e+00 2.4801772856e-01 8.4212840476e+01
1.3144608326e+00 2.3361449576e-01 8.4596641686e+01
1.2498574839e+00 2.2635132707e-01 8.4532692172e+01
1.2383402869e+00 2.2475096787e-01 8.5267719621e+01
1.0952511681e+00 2.0788564399e-01 8.5874322654e+01
1.1967687169e+00 2.2019609938e-01 8.4692553325e+01
1.3453533229e+00 2.3718452782e-01 8.4308814530e+01
1.2496195341e+00 2.2635132707e-01 8.4468735825e+01
1.2028567486e+00 2.2081162215e-01 8.4916289633e+01
1.2890799606e+00 2.3065998646e-01 8.4852373054e+01
1.4390469501e+00 2.4740220579e-01 8.4436755064e+01
1.3313343030e+00 2.3533795951e-01 8.4980199868e+01
1.2270814104e+00 2.2339681778e-01 8.5459332672e+01
1.3456559590e+00 2.3730763237e-01 8.4116850127e+01
1.2892337064e+00 2.3078309102e-01 8.4596641686e+01
1.2486273623e+00 2.2598201341e-01 8.5108001638e+01
1.2353522337e+00 2.2450475877e-01 8.5012152633e+01
1.3107812774e+00 2.3312207754e-01 8.4788450052e+01
1.2433278037e+00 2.2548959520e-01 8.4820412361e+01
1.3393533842e+00 2.3644590050e-01 8.4468735825e+01
1.2222318899e+00 2.2302750412e-01 8.4948245538e+01
1.2209175513e+00 2.2278129501e-01 8.5203836921e+01
1.3502166309e+00 2.3755384148e-01 8.4692553325e+01
1.2286788658e+00 2.2376613144e-01 8.4948245538e+01
1.3256169710e+00 2.3509175040e-01 8.4084849675e+01
1.2288425052e+00 2.2364302689e-01 8.5331596426e+01
1.4028935150e+00 2.4358596462e-01 8.4180845518e+01
1.1567452020e+00 2.1551812633e-01 8.4756486116e+01
1.2220878910e+00 2.2315060867e-01 8.4596641686e+01
1.4430002837e+00 2.4777151945e-01 8.4564667778e+01
1.3649611094e+00 2.3940040979e-01 8.4212840476e+01
1.3212919306e+00 2.3447622763e-01 8.4372788316e+01
1.2599556954e+00 2.2745926806e-01 8.4628613906e+01
1.2391122696e+00 2.2487407243e-01 8.5171893334e+01
1.3017578228e+00 2.3226034566e-01 8.4436755064e+01
1.2592479569e+00 2.2721305895e-01 8.5044103843e+01
1.2853380255e+00 2.3029067280e-01 8.4724520544e+01
1.2498146717e+00 2.2610511797e-01 8.5139948243e+01
1.2883202519e+00 2.3041377735e-01 8.5267719621e+01
1.3286709563e+00 2.3521485496e-01 8.4564667778e+01
1.3985191841e+00 2.4321665096e-01 8.3956829243e+01
1.3193432157e+00 2.3423001852e-01 8.4436755064e+01
1.4362907536e+00 2.4740220579e-01 8.3828778522e+01
1.2277105293e+00 2.2364302689e-01 8.4980199868e+01
1.2356987049e+00 2.2438165421e-01 8.5459332672e+01
1.2377099708e+00 2.2487407243e-01 8.4756486116e+01
1.2356666144e+00 2.2462786332e-01 8.4788450052e+01
1.2559675581e+00 2.2696684984e-01 8.4724520544e+01
1.2295164014e+00 2.2376613144e-01 8.5203836921e+01
1.3486816385e+00 2.3755384148e-01 8.4308814530e+01
1.3139637305e+00 2.3349139120e-01 8.4756486116e+01
1.3814356084e+00 2.4124697810e-01 8.4148848738e+01
1.4497883296e+00 2.4912566955e-01 8.3348307238e+01
1.1961149564e+00 2.1982678572e-01 8.5491263175e+01
1.1714007696e+00 2.1699538098e-01 8.5395467416e+01
1.2529633872e+00 2.2684374529e-01 8.4212840476e+01
1.2961017011e+00 2.3139861378e-01 8.4980199868e+01
1.2553772961e+00 2.2708995440e-01 8.4276824972e+01
1.2322267734e+00 2.2413544510e-01 8.5044103843e+01
1.2452776616e+00 2.2561269975e-01 8.5076053508e+01
1.2878940545e+00 2.3041377735e-01 8.5139948243e+01
1.2197623842e+00 2.2278129501e-01 8.4852373054e+01
1.3222649282e+00 2.3435312308e-01 8.4916289633e+01
1.3051684501e+00 2.3250655477e-01 8.4756486116e+01
1.3725622627e+00 2.4050835077e-01 8.3668671517e+01
1.3130826381e+00 2.3386070486e-01 8.3732720205e+01
1.3348635893e+00 2.3619969139e-01 8.3924819428e+01
1.2701946810e+00 2.2856720904e-01 8.4756486116e+01
1.3099156535e+00 2.3299897299e-01 8.4852373054e+01
1.2300606675e+00 2.2401234055e-01 8.4724520544e+01
1.2396400479e+00 2.2512028154e-01 8.4692553325e+01
1.3260859316e+00 2.3496864585e-01 8.4468735825e+01
1.2512269983e+00 2.2635132707e-01 8.4916289633e+01
1.3889943159e+00 2.4210870998e-01 8.4084849675e+01
1.2612873145e+00 2.2770547717e-01 8.4404772564e+01
1.2320994583e+00 2.2425854966e-01 8.4692553325e+01
1.4322118121e+00 2.4690978758e-01 8.3924819428e+01
1.3878594845e+00 2.4186250087e-01 8.4340802307e+01
1.2868005285e+00 2.3029067280e-01 8.5139948243e+01
1.2797005436e+00 2.2955204548e-01 8.4980199868e+01
1.1928371297e+00 2.1970368116e-01 8.4788450052e+01
1.2289980428e+00 2.2376613144e-01 8.5044103843e+01
1.2937822238e+00 2.3164482289e-01 8.3828778522e+01
1.4508255227e+00 2.4887946044e-01 8.4020843204e+01
1.3754251481e+00 2.4063145533e-01 8.4052847370e+01
1.1812585560e+00 2.1834953107e-01 8.4820412361e+01
1.3205086106e+00 2.3447622763e-01 8.4180845518e+01
1.3879844368e+00 2.4210870998e-01 8.3860794078e+01
1.3734945053e+00 2.4013903711e-01 8.4660584449e+01
1.1995131026e+00 2.2031920393e-01 8.5203836921e+01
1.1733040281e+00 2.1736469464e-01 8.4980199868e+01
1.2446151644e+00 2.2548959520e-01 8.5203836921e+01
1.3256924041e+00 2.3472243674e-01 8.4948245538e+01
1.3878735329e+00 2.4198560542e-01 8.4084849675e+01
1.2548843331e+00 2.2684374529e-01 8.4724520544e+01
1.2410574256e+00 2.2524338609e-01 8.4788450052e+01
1.2617306226e+00 2.2758237261e-01 8.4820412361e+01
1.3468556359e+00 2.3730763237e-01 8.4404772564e+01
1.2669572037e+00 2.2832099994e-01 8.4468735825e+01
1.2569360775e+00 2.2708995440e-01 8.4692553325e+01
1.2535803345e+00 2.2647443163e-01 8.5299658755e+01
1.2468500126e+00 2.2598201341e-01 8.4596641686e+01
1.2361069619e+00 2.2462786332e-01 8.4916289633e+01
1.2331498603e+00 2.2413544510e-01 8.5331596426e+01
1.3394268471e+00 2.3669210960e-01 8.3956829243e+01
1.2532207299e+00 2.2672064074e-01 8.4564667778e+01
1.2331976149e+00 2.2425854966e-01 8.5012152633e+01
1.2750044631e+00 2.2905962726e-01 8.4884332141e+01
1.3405885808e+00 2.3656900505e-01 8.4500714858e+01
1.3731770015e+00 2.4026214167e-01 8.4308814530e+01
1.2372932937e+00 2.2475096787e-01 8.4948245538e+01
1.3178864178e+00 2.3398380942e-01 8.4628613906e+01
1.2478135166e+00 2.2610511797e-01 8.4564667778e+01
1.3235989424e+00 2.3447622763e-01 8.4980199868e+01
1.3074832504e+00 2.3275276388e-01 8.4788450052e+01
1.3516113809e+00 2.3792315514e-01 8.4212840476e+01
1.2895914724e+00 2.3090619557e-01 8.4404772564e+01
1.2172888548e+00 2.2241198135e-01 8.5076053508e+01
1.2548029737e+00 2.2672064074e-01 8.5012152633e+01
1.3225222954e+00 2.3459933219e-01 8.4404772564e+01
1.3312239184e+00 2.3558416862e-01 8.4372788316e+01
1.4085227213e+00 2.4420148739e-01 8.4180845518e+01
1.2564203628e+00 2.2696684984e-01 8.4852373054e+01
1.2882481096e+00 2.3078309102e-01 8.4340802307e+01
1.1465854362e+00 2.1416397624e-01 8.5203836921e+01
1.2128947212e+00 2.2204266769e-01 8.4724520544e+01
1.3489833499e+00 2.3767694603e-01 8.4116850127e+01
1.3314054195e+00 2.3570727317e-01 8.4148848738e+01
1.2221246701e+00 2.2302750412e-01 8.4916289633e+01
1.2246976858e+00 2.2327371323e-01 8.5044103843e+01
1.3106004268e+00 2.3299897299e-01 8.5044103843e+01
1.2486183555e+00 2.2610511797e-01 8.4788450052e+01
1.3635731914e+00 2.3927730524e-01 8.4148848738e+01
1.2839554254e+00 2.3004446369e-01 8.4948245538e+01
1.2200855389e+00 2.2278129501e-01 8.4948245538e+01
1.2959187612e+00 2.3152171834e-01 8.4628613906e+01
1.3931467215e+00 2.4235491908e-01 8.4532692172e+01
1.4019086835e+00 2.4346286007e-01 8.4212840476e+01
1.2895324672e+00 2.3065998646e-01 8.4980199868e+01
1.2496033782e+00 2.2610511797e-01 8.5076053508e+01
1.2576158374e+00 2.2708995440e-01 8.4884332141e+01
1.3221358132e+00 2.3459933219e-01 8.4308814530e+01
1.2302840269e+00 2.2401234055e-01 8.4788450052e+01
1.2485214567e+00 2.2598201341e-01 8.5076053508e+01
1.3371389345e+00 2.3619969139e-01 8.4468735825e+01
1.3631957825e+00 2.3903109613e-01 8.4596641686e+01
1.3683057059e+00 2.3976972345e-01 8.4212840476e+01
1.3007785664e+00 2.3201413655e-01 8.4756486116e+01
1.2891130035e+00 2.3078309102e-01 8.4564667778e+01
1.3916587674e+00 2.4235491908e-01 8.4180845518e+01
1.4418089753e+00 2.4801772856e-01 8.3796761031e+01
1.2238357929e+00 2.2327371323e-01 8.4788450052e+01
1.3240791848e+00 2.3484554129e-01 8.4244833624e+01
1.2613885896e+00 2.2758237261e-01 8.4724520544e+01
1.2668177899e+00 2.2819789538e-01 8.4724520544e+01
1.2638206115e+00 2.2795168628e-01 8.4500714858e+01
1.3124618657e+00 2.3324518209e-01 8.4948245538e+01
1.2541415275e+00 2.2672064074e-01 8.4820412361e+01
1.3867384896e+00 2.4173939631e-01 8.4340802307e+01
1.2795892914e+00 2.2955204548e-01 8.4948245538e+01
1.2872815477e+00 2.3065998646e-01 8.4372788316e+01
1.3240051862e+00 2.3472243674e-01 8.4500714858e+01
1.2261872974e+00 2.2339681778e-01 8.5171893334e+01
1.3171405285e+00 2.3398380942e-01 8.4436755064e+01
1.4192298505e+00 2.4543253293e-01 8.4052847370e+01
1.3702468485e+00 2.3964661890e-01 8.4980199868e+01
1.2277977891e+00 2.2376613144e-01 8.4692553325e+01
1.1924076022e+00 2.1958057661e-01 8.4980199868e+01
1.2921493691e+00 2.3115240468e-01 8.4500714858e+01
1.2281316695e+00 2.2364302689e-01 8.5108001638e+01
1.1231430545e+00 2.1120946694e-01 8.5810492699e+01
1.3706201189e+00 2.3989282800e-01 8.4500714858e+01
1.3582805092e+00 2.3866178247e-01 8.4212840476e+01
1.3110380039e+00 2.3324518209e-01 8.4564667778e+01
1.2676092951e+00 2.2819789538e-01 8.4948245538e+01
1.2751167667e+00 2.2905962726e-01 8.4916289633e+01
1.2330620339e+00 2.2438165421e-01 8.4660584449e+01
1.2303946840e+00 2.2401234055e-01 8.4820412361e+01
1.3769623856e+00 2.4075455988e-01 8.4148848738e+01
1.3417628618e+00 2.3681521416e-01 8.4244833624e+01
1.3168668855e+00 2.3373760031e-01 8.4948245538e+01
1.2454879246e+00 2.2573580430e-01 8.4820412361e+01
1.3491056798e+00 2.3743073693e-01 8.4692553325e+01
1.3790344319e+00 2.4087766444e-01 8.4372788316e+01
1.3643070401e+00 2.3903109613e-01 8.4884332141e+01
1.3602229341e+00 2.3903109613e-01 8.3892807710e+01
1.3078326734e+00 2.3275276388e-01 8.4884332141e+01
1.4083472302e+00 2.4432459195e-01 8.3892807710e+01
1.3463511561e+00 2.3743073693e-01 8.4020843204e+01
1.3473694789e+00 2.3730763237e-01 8.4532692172e+01
1.3129815767e+00 2.3336828665e-01 8.4788450052e+01
1.2717749275e+00 2.2893652271e-01 8.4308814530e+01
1.3766831153e+00 2.4075455988e-01 8.4084849675e+01
1.2186899721e+00 2.2265819046e-01 8.4852373054e+01
1.2085520736e+00 2.2130404036e-01 8.5363532643e+01
1.2159028169e+00 2.2228887680e-01 8.4980199868e+01
1.3238830989e+00 2.3459933219e-01 8.4756486116e+01
1.3627340322e+00 2.3927730524e-01 8.3956829243e+01
1.3071820313e+00 2.3299897299e-01 8.4148848738e+01
1.3078326734e+00 2.3275276388e-01 8.4884332141e+01
1.3959122430e+00 2.4260112819e-01 8.4660584449e+01
1.2461379092e+00 2.2598201341e-01 8.4404772564e+01
1.2077108750e+00 2.2155024947e-01 8.4468735825e+01
1.2979889497e+00 2.3176792745e-01 8.4596641686e+01
1.3592395867e+00 2.3853867791e-01 8.4724520544e+01
1.3240051862e+00 2.3472243674e-01 8.4500714858e+01
1.2597093282e+00 2.2758237261e-01 8.4276824972e+01
1.2970140728e+00 2.3164482289e-01 8.4628613906e+01
1.3567436823e+00 2.3816936425e-01 8.4948245538e+01
1.2910367871e+00 2.3090619557e-01 8.4788450052e+01
1.3744284682e+00 2.4038524622e-01 8.4340802307e+01
1.2159953999e+00 2.2241198135e-01 8.4692553325e+01
1.3308327918e+00 2.3558416862e-01 8.4276824972e+01
1.2870481376e+00 2.3053688191e-01 8.4596641686e+01
1.3020065913e+00 2.3226034566e-01 8.4500714858e+01
1.1866240431e+00 2.1871884473e-01 8.5523192275e+01
1.3299000441e+00 2.3533795951e-01 8.4596641686e+01
1.2720717191e+00 2.2869031360e-01 8.4980199868e+01
1.3421947438e+00 2.3693831871e-01 8.4084849675e+01
1.2227578356e+00 2.2302750412e-01 8.5108001638e+01
1.2348696502e+00 2.2462786332e-01 8.4564667778e+01
1.2518636738e+00 2.2647443163e-01 8.4788450052e+01
1.4110226034e+00 2.4432459195e-01 8.4500714858e+01
1.2616330947e+00 2.2745926806e-01 8.5108001638e+01
1.3366608129e+00 2.3632279594e-01 8.4084849675e+01
1.2832708692e+00 2.3004446369e-01 8.4756486116e+01
1.3477037918e+00 2.3743073693e-01 8.4340802307e+01
1.3047655172e+00 2.3238345022e-01 8.4948245538e+01
1.2835018920e+00 2.3004446369e-01 8.4820412361e+01
1.2324360743e+00 2.2425854966e-01 8.4788450052e+01
1.4103457728e+00 2.4432459195e-01 8.4340802307e+01
1.2982940406e+00 2.3164482289e-01 8.4980199868e+01
1.3291633388e+00 2.3521485496e-01 8.4692553325e+01
1.2201919054e+00 2.2278129501e-01 8.4980199868e+01
1.2659919350e+00 2.2819789538e-01 8.4500714858e+01
1.1845477633e+00 2.1871884473e-01 8.4852373054e+01
1.3494625443e+00 2.3755384148e-01 8.4500714858e+01
1.3137123496e+00 2.3361449576e-01 8.4404772564e+01
1.4267012256e+00 2.4629426481e-01 8.3956829243e+01
1.3809421380e+00 2.4100076899e-01 8.4564667778e+01
1.3430583077e+00 2.3681521416e-01 8.4564667778e+01
1.1472484248e+00 2.1428708079e-01 8.5076053508e+01
1.2972493236e+00 2.3176792745e-01 8.4404772564e+01
1.3132376132e+00 2.3349139120e-01 8.4564667778e+01
1.2074451662e+00 2.2130404036e-01 8.5012152633e+01
1.4566109100e+00 2.4986429687e-01 8.3348307238e+01
1.3396805915e+00 2.3656900505e-01 8.4276824972e+01
1.3094446781e+00 2.3299897299e-01 8.4724520544e+01
1.3330920591e+00 2.3570727317e-01 8.4564667778e+01
1.3426026145e+00 2.3693831871e-01 8.4180845518e+01
1.3674618233e+00 2.3964661890e-01 8.4276824972e+01
1.1999657050e+00 2.2056541304e-01 8.4692553325e+01
1.2760202347e+00 2.2930583637e-01 8.4564667778e+01
1.3295249592e+00 2.3533795951e-01 8.4500714858e+01
1.3683875887e+00 2.3964661890e-01 8.4500714858e+01
1.2060202996e+00 2.2105783126e-01 8.5235779013e+01
1.1688685153e+00 2.1687227642e-01 8.4916289633e+01
1.3814527995e+00 2.4100076899e-01 8.4692553325e+01
1.2352453142e+00 2.2450475877e-01 8.4980199868e+01
1.4049707671e+00 2.4395527828e-01 8.3892807710e+01
1.2196540203e+00 2.2253508590e-01 8.5491263175e+01
1.3326695892e+00 2.3546106406e-01 8.5044103843e+01
1.3211926980e+00 2.3435312308e-01 8.4628613906e+01
1.2969970374e+00 2.3176792745e-01 8.4340802307e+01
1.3716065735e+00 2.4001593256e-01 8.4468735825e+01
1.3110003737e+00 2.3336828665e-01 8.4276824972e+01
1.2559675581e+00 2.2696684984e-01 8.4724520544e+01
1.3213147529e+00 2.3435312308e-01 8.4660584449e+01
1.2589968984e+00 2.2745926806e-01 8.4372788316e+01
1.2744323729e+00 2.2905962726e-01 8.4724520544e+01
1.2831147142e+00 2.3029067280e-01 8.4148848738e+01
1.3335473010e+00 2.3558416862e-01 8.4980199868e+01
1.3370282756e+00 2.3607658683e-01 8.4724520544e+01
1.2424144955e+00 2.2548959520e-01 8.4564667778e+01
1.3167849686e+00 2.3386070486e-01 8.4628613906e+01
1.2544753731e+00 2.2672064074e-01 8.4916289633e+01
1.3251084980e+00 2.3484554129e-01 8.4500714858e+01
1.2182570563e+00 2.2253508590e-01 8.5044103843e+01
1.2571654474e+00 2.2708995440e-01 8.4756486116e+01
1.3170136647e+00 2.3398380942e-01 8.4404772564e+01
1.3202122413e+00 2.3423001852e-01 8.4660584449e+01
1.2209436107e+00 2.2290439956e-01 8.4884332141e+01
1.2886230591e+00 2.3078309102e-01 8.4436755064e+01
1.3895425104e+00 2.4223181453e-01 8.3956829243e+01
1.2054115311e+00 2.2105783126e-01 8.5044103843e+01
1.3981140206e+00 2.4309354641e-01 8.4116850127e+01
1.2284626797e+00 2.2376613144e-01 8.4884332141e+01
1.2395204497e+00 2.2487407243e-01 8.5299658755e+01
1.2567526671e+00 2.2696684984e-01 8.4948245538e+01
1.2034930050e+00 2.2068851759e-01 8.5459332672e+01
1.2063762835e+00 2.2118093581e-01 8.5012152633e+01
1.4460041346e+00 2.4814083312e-01 8.4468735825e+01
1.3360321904e+00 2.3607658683e-01 8.4468735825e+01
1.2091286919e+00 2.2142714492e-01 8.5203836921e+01
1.2746902670e+00 2.2918273181e-01 8.4500714858e+01
1.3703931576e+00 2.3976972345e-01 8.4724520544e+01
1.3276693824e+00 2.3496864585e-01 8.4884332141e+01
1.3220489422e+00 2.3447622763e-01 8.4564667778e+01
1.3231351594e+00 2.3447622763e-01 8.4852373054e+01
1.2493893213e+00 2.2610511797e-01 8.5012152633e+01
1.3060901189e+00 2.3250655477e-01 8.5012152633e+01
1.3100315896e+00 2.3299897299e-01 8.4884332141e+01
1.2103067566e+00 2.2179645858e-01 8.4596641686e+01
1.3004707508e+00 2.3226034566e-01 8.4116850127e+01
1.2366419994e+00 2.2462786332e-01 8.5076053508e+01
1.2898265240e+00 2.3078309102e-01 8.4756486116e+01
1.1910420686e+00 2.1908815839e-01 8.5970057995e+01
1.4021864906e+00 2.4346286007e-01 8.4276824972e+01
1.2578151824e+00 2.2696684984e-01 8.5267719621e+01
1.3419496648e+00 2.3669210960e-01 8.4564667778e+01
1.1930103199e+00 2.1945747206e-01 8.5523192275e+01
1.3273886199e+00 2.3521485496e-01 8.4244833624e+01
1.3441121770e+00 2.3706142326e-01 8.4276824972e+01
1.3111296398e+00 2.3336828665e-01 8.4308814530e+01
1.4294066456e+00 2.4654047392e-01 8.4052847370e+01
1.2352453142e+00 2.2450475877e-01 8.4980199868e+01
1.2612731823e+00 2.2758237261e-01 8.4692553325e+01
1.3468556359e+00 2.3730763237e-01 8.4404772564e+01
1.3544995264e+00 2.3816936425e-01 8.4372788316e+01
1.2151714045e+00 2.2204266769e-01 8.5427400756e+01
1.3002678210e+00 2.3176792745e-01 8.5235779013e+01
1.2635787331e+00 2.2795168628e-01 8.4436755064e+01
1.2091606415e+00 2.2155024947e-01 8.4884332141e+01
1.3133323867e+00 2.3336828665e-01 8.4884332141e+01
1.3224175864e+00 2.3447622763e-01 8.4660584449e+01
1.1831572440e+00 2.1834953107e-01 8.5427400756e+01
1.2378544917e+00 2.2512028154e-01 8.4212840476e+01
1.2018458278e+00 2.2056541304e-01 8.5267719621e+01
1.2690950639e+00 2.2869031360e-01 8.4180845518e+01
1.3495252451e+00 2.3767694603e-01 8.4244833624e+01
1.2012618434e+00 2.2044230849e-01 8.5427400756e+01
1.3887874026e+00 2.4186250087e-01 8.4564667778e+01
1.3732405428e+00 2.4013903711e-01 8.4596641686e+01
1.4003254228e+00 2.4346286007e-01 8.3860794078e+01
1.3368823328e+00 2.3619969139e-01 8.4404772564e+01
1.3034919503e+00 2.3262965932e-01 8.4052847370e+01
1.3607553384e+00 2.3915420068e-01 8.3764741596e+01
1.3495252451e+00 2.3767694603e-01 8.4244833624e+01
1.2397535875e+00 2.2512028154e-01 8.4724520544e+01
1.2392322195e+00 2.2499717698e-01 8.4884332141e+01
1.3025694710e+00 2.3213724111e-01 8.4948245538e+01
1.2322267734e+00 2.2413544510e-01 8.5044103843e+01
1.3015061730e+00 2.3226034566e-01 8.4372788316e+01
1.2517153109e+00 2.2622822252e-01 8.5395467416e+01
1.3274416515e+00 2.3509175040e-01 8.4532692172e+01
1.3499556727e+00 2.3780005059e-01 8.4084849675e+01
1.2375973032e+00 2.2487407243e-01 8.4724520544e+01
1.2796825248e+00 2.2942894092e-01 8.5299658755e+01
1.2146188466e+00 2.2216577224e-01 8.4916289633e+01
1.3864688012e+00 2.4186250087e-01 8.4020843204e+01
1.2810882502e+00 2.2979825458e-01 8.4756486116e+01
1.2206161289e+00 2.2290439956e-01 8.4788450052e+01
1.1307764185e+00 2.1231740793e-01 8.5171893334e+01
1.3165343006e+00 2.3410691397e-01 8.4020843204e+01
1.2273647077e+00 2.2351992233e-01 8.5203836921e+01
1.3127390192e+00 2.3349139120e-01 8.4436755064e+01
1.2424694962e+00 2.2536649064e-01 8.4884332141e+01
1.3231351594e+00 2.3447622763e-01 8.4852373054e+01
1.2492812565e+00 2.2610511797e-01 8.4980199868e+01
1.3036256609e+00 2.3262965932e-01 8.4084849675e+01
1.2931087334e+00 2.3115240468e-01 8.4756486116e+01
1.2832442780e+00 2.3029067280e-01 8.4180845518e+01
1.1395461420e+00 2.1317913981e-01 8.5682817082e+01
1.3518797605e+00 2.3792315514e-01 8.4276824972e+01
1.2713960075e+00 2.2893652271e-01 8.4212840476e+01
1.3683875887e+00 2.3964661890e-01 8.4500714858e+01
1.2233666391e+00 2.2302750412e-01 8.5299658755e+01
1.2530586801e+00 2.2659753618e-01 8.4820412361e+01
1.3118899982e+00 2.3336828665e-01 8.4500714858e+01
1.3906760333e+00 2.4223181453e-01 8.4212840476e+01
1.3739712997e+00 2.4026214167e-01 8.4500714858e+01
1.2094629680e+00 2.2167335403e-01 8.4660584449e+01
1.3389986659e+00 2.3632279594e-01 8.4660584449e+01
1.3068643249e+00 2.3287586843e-01 8.4340802307e+01
1.3437861272e+00 2.3693831871e-01 8.4468735825e+01
1.2715465186e+00 2.2881341815e-01 8.4532692172e+01
1.2841779370e+00 2.3004446369e-01 8.5012152633e+01
1.3529906928e+00 2.3804625970e-01 8.4276824972e+01
1.3716344081e+00 2.3989282800e-01 8.4756486116e+01
1.3248172395e+00 2.3459933219e-01 8.5012152633e+01
1.3430583077e+00 2.3681521416e-01 8.4564667778e+01
1.2674365209e+00 2.2832099994e-01 8.4596641686e+01
1.3605061022e+00 2.3890799157e-01 8.4212840476e+01
1.2621573698e+00 2.2745926806e-01 8.5267719621e+01
1.2424694962e+00 2.2536649064e-01 8.4884332141e+01
1.4104924453e+00 2.4444769650e-01 8.4116850127e+01
1.3409200455e+00 2.3669210960e-01 8.4308814530e+01
1.2683614723e+00 2.2832099994e-01 8.4852373054e+01
1.3142985380e+00 2.3373760031e-01 8.4276824972e+01
1.3520375466e+00 2.3804625970e-01 8.4052847370e+01
1.3171933986e+00 2.3361449576e-01 8.5363532643e+01
1.2287594215e+00 2.2388923600e-01 8.4660584449e+01
1.2640146759e+00 2.2782858172e-01 8.4852373054e+01
1.3662853646e+00 2.3940040979e-01 8.4532692172e+01
1.2323245519e+00 2.2425854966e-01 8.4756486116e+01
1.3035927394e+00 2.3238345022e-01 8.4628613906e+01
1.3134825550e+00 2.3349139120e-01 8.4628613906e+01
1.2825607714e+00 2.3004446369e-01 8.4564667778e+01
1.2050505270e+00 2.2093472670e-01 8.5267719621e+01
1.2971340180e+00 2.3164482289e-01 8.4660584449e+01
1.3321107907e+00 2.3558416862e-01 8.4596641686e+01
1.3587397280e+00 2.3853867791e-01 8.4596641686e+01
1.3478739003e+00 2.3755384148e-01 8.4116850127e+01
1.1841085738e+00 2.1859574018e-01 8.5044103843e+01
1.2338433346e+00 2.2438165421e-01 8.4884332141e+01
1.1924438053e+00 2.1945747206e-01 8.5331596426e+01
1.2516613481e+00 2.2635132707e-01 8.5044103843e+01
1.2627026822e+00 2.2770547717e-01 8.4788450052e+01
1.2790472462e+00 2.2967515003e-01 8.4500714858e+01
1.3713437279e+00 2.4001593256e-01 8.4404772564e+01
1.3830522898e+00 2.4124697810e-01 8.4532692172e+01
1.2978674734e+00 2.3176792745e-01 8.4564667778e+01
1.2405291347e+00 2.2512028154e-01 8.4948245538e+01
1.2476493581e+00 2.2598201341e-01 8.4820412361e+01
1.1923092768e+00 2.1933436750e-01 8.5650894846e+01
1.2704367026e+00 2.2844410449e-01 8.5139948243e+01
1.2186412542e+00 2.2278129501e-01 8.4532692172e+01
1.3448624841e+00 2.3681521416e-01 8.5044103843e+01
1.3099386832e+00 2.3312207754e-01 8.4564667778e+01
1.1955430406e+00 2.1982678572e-01 8.5299658755e+01
1.3312239184e+00 2.3558416862e-01 8.4372788316e+01
1.2838814230e+00 2.3029067280e-01 8.4340802307e+01
1.2710383504e+00 2.2905962726e-01 8.3860794078e+01
1.3193432157e+00 2.3423001852e-01 8.4436755064e+01
1.2798811334e+00 2.2967515003e-01 8.4724520544e+01
1.3790588945e+00 2.4100076899e-01 8.4116850127e+01
1.3316084211e+00 2.3558416862e-01 8.4468735825e+01
1.4897544039e+00 2.5318811983e-01 8.3796761031e+01
1.2571654474e+00 2.2708995440e-01 8.4756486116e+01
1.2680461685e+00 2.2819789538e-01 8.5076053508e+01
1.3101592326e+00 2.3324518209e-01 8.4340802307e+01
1.1649494790e+00 2.1637985821e-01 8.5012152633e+01
1.2346952561e+00 2.2438165421e-01 8.5139948243e+01
1.2333036761e+00 2.2425854966e-01 8.5044103843e+01
1.3677838070e+00 2.3952351434e-01 8.4628613906e+01
1.3071273295e+00 2.3275276388e-01 8.4692553325e+01
1.2817000264e+00 2.3004446369e-01 8.4340802307e+01
1.2809826665e+00 2.2992135914e-01 8.4436755064e+01
1.2540406828e+00 2.2659753618e-01 8.5108001638e+01
1.2478590020e+00 2.2585890886e-01 8.5203836921e+01
1.3251084980e+00 2.3484554129e-01 8.4500714858e+01
1.3246242190e+00 2.3472243674e-01 8.4660584449e+01
1.3477470515e+00 2.3730763237e-01 8.4628613906e+01
1.3203178778e+00 2.3435312308e-01 8.4404772564e+01
1.2116659548e+00 2.2167335403e-01 8.5331596426e+01
1.3037132587e+00 2.3238345022e-01 8.4660584449e+01
1.3075754267e+00 2.3299897299e-01 8.4244833624e+01
1.3471140452e+00 2.3730763237e-01 8.4468735825e+01
1.2134407259e+00 2.2204266769e-01 8.4884332141e+01
1.2378219527e+00 2.2487407243e-01 8.4788450052e+01
1.3797539502e+00 2.4112387354e-01 8.4020843204e+01
1.3183062715e+00 2.3423001852e-01 8.4180845518e+01
1.2595682735e+00 2.2721305895e-01 8.5139948243e+01
1.3015061730e+00 2.3226034566e-01 8.4372788316e+01
1.4179298032e+00 2.4506321927e-01 8.4532692172e+01
1.2605660738e+00 2.2758237261e-01 8.4500714858e+01
1.2510244258e+00 2.2610511797e-01 8.5523192275e+01
1.2441970533e+00 2.2548959520e-01 8.5076053508e+01
1.3641175542e+00 2.3927730524e-01 8.4276824972e+01
1.3093881235e+00 2.3287586843e-01 8.5012152633e+01
1.3373896351e+00 2.3607658683e-01 8.4820412361e+01
1.3167518504e+00 2.3373760031e-01 8.4916289633e+01
1.3603535089e+00 2.3866178247e-01 8.4724520544e+01
1.2020986900e+00 2.2081162215e-01 8.4692553325e+01
1.1105644733e+00 2.0973221230e-01 8.5778575774e+01
1.2402571834e+00 2.2524338609e-01 8.4564667778e+01
1.2303946840e+00 2.2401234055e-01 8.4820412361e+01
1.3711261083e+00 2.3976972345e-01 8.4916289633e+01
1.3537544129e+00 2.3780005059e-01 8.5044103843e+01
1.3556114052e+00 2.3829246880e-01 8.4372788316e+01
1.2988409480e+00 2.3189103200e-01 8.4532692172e+01
1.3235989424e+00 2.3447622763e-01 8.4980199868e+01
1.2860275273e+00 2.3016756825e-01 8.5235779013e+01
1.2237280205e+00 2.2315060867e-01 8.5076053508e+01
1.2421365737e+00 2.2536649064e-01 8.4788450052e+01
1.3091882200e+00 2.3312207754e-01 8.4372788316e+01
1.2079583376e+00 2.2130404036e-01 8.5171893334e+01
1.2581631731e+00 2.2708995440e-01 8.5044103843e+01
1.2961017011e+00 2.3139861378e-01 8.4980199868e+01
1.2940859391e+00 2.3127550923e-01 8.4724520544e+01
1.3664136442e+00 2.3940040979e-01 8.4564667778e+01
1.2604183455e+00 2.2745926806e-01 8.4756486116e+01
1.2947323741e+00 2.3164482289e-01 8.4052847370e+01
1.2814477081e+00 2.3004446369e-01 8.4276824972e+01
1.1538484582e+00 2.1502570811e-01 8.5171893334e+01
1.3469682725e+00 2.3706142326e-01 8.5012152633e+01
1.1617838560e+00 2.1601054455e-01 8.5012152633e+01
1.2880433266e+00 2.3090619557e-01 8.4020843204e+01
1.3539679202e+00 2.3816936425e-01 8.4244833624e+01
1.2016475753e+00 2.2056541304e-01 8.5203836921e+01
1.2094791105e+00 2.2155024947e-01 8.4980199868e+01
1.2493788125e+00 2.2635132707e-01 8.4404772564e+01
1.1749471035e+00 2.1736469464e-01 8.5523192275e+01
1.2298580512e+00 2.2413544510e-01 8.4372788316e+01
1.1852720566e+00 2.1871884473e-01 8.5076053508e+01
1.3242421524e+00 2.3496864585e-01 8.4020843204e+01
1.3232755163e+00 2.3459933219e-01 8.4596641686e+01
1.2722268652e+00 2.2905962726e-01 8.4148848738e+01
1.2192247405e+00 2.2265819046e-01 8.5012152633e+01
1.1958087324e+00 2.1994989027e-01 8.5044103843e+01
1.3112468369e+00 2.3312207754e-01 8.4916289633e+01
1.3199320039e+00 2.3435312308e-01 8.4308814530e+01
1.3052502016e+00 2.3275276388e-01 8.4212840476e+01
1.2808547648e+00 2.2979825458e-01 8.4692553325e+01
1.3006614795e+00 2.3213724111e-01 8.4436755064e+01
1.2863128110e+00 2.3041377735e-01 8.4692553325e+01
1.3107812774e+00 2.3312207754e-01 8.4788450052e+01
1.3179053740e+00 2.3423001852e-01 8.4084849675e+01
1.3294640351e+00 2.3546106406e-01 8.4212840476e+01
1.2344863738e+00 2.2438165421e-01 8.5076053508e+01
1.2240553352e+00 2.2327371323e-01 8.4852373054e+01
1.2616173097e+00 2.2758237261e-01 8.4788450052e+01
1.2312554055e+00 2.2401234055e-01 8.5076053508e+01
1.2962761606e+00 2.3152171834e-01 8.4724520544e+01
1.2115133595e+00 2.2179645858e-01 8.4948245538e+01
1.2771095112e+00 2.2942894092e-01 8.4564667778e+01
1.3343228216e+00 2.3583037773e-01 8.4596641686e+01
1.3060205637e+00 2.3275276388e-01 8.4404772564e+01
1.2576703044e+00 2.2721305895e-01 8.4596641686e+01
1.1709252377e+00 2.1699538098e-01 8.5235779013e+01
1.2946663508e+00 2.3127550923e-01 8.4884332141e+01
1.2820731773e+00 2.3004446369e-01 8.4436755064e+01
1.3696330266e+00 2.3976972345e-01 8.4532692172e+01
1.2146996060e+00 2.2228887680e-01 8.4628613906e+01
1.2788026195e+00 2.2967515003e-01 8.4436755064e+01
1.2960386108e+00 2.3152171834e-01 8.4660584449e+01
1.3214199258e+00 2.3447622763e-01 8.4404772564e+01
1.2698949890e+00 2.2844410449e-01 8.4980199868e+01
1.3366602775e+00 2.3607658683e-01 8.4628613906e+01
1.3081564826e+00 2.3324518209e-01 8.3860794078e+01
1.2896438138e+00 2.3065998646e-01 8.5012152633e+01
1.3683057059e+00 2.3976972345e-01 8.4212840476e+01
1.3671894210e+00 2.3976972345e-01 8.3956829243e+01
1.3286537028e+00 2.3546106406e-01 8.4020843204e+01
1.2529573628e+00 2.2647443163e-01 8.5108001638e+01
1.2661913034e+00 2.2795168628e-01 8.5171893334e+01
1.3159928578e+00 2.3361449576e-01 8.5012152633e+01
1.2797690055e+00 2.2979825458e-01 8.4404772564e+01
1.3605991328e+00 2.3866178247e-01 8.4788450052e+01
1.2819938622e+00 2.2979825458e-01 8.5012152633e+01
1.3564546903e+00 2.3866178247e-01 8.3796761031e+01
1.3951653022e+00 2.4272423274e-01 8.4212840476e+01
1.3023410407e+00 2.3213724111e-01 8.4884332141e+01
1.4935425413e+00 2.5368053804e-01 8.3636644199e+01
1.1531775217e+00 2.1490260356e-01 8.5299658755e+01
1.2807916785e+00 2.2967515003e-01 8.4980199868e+01
1.3194072803e+00 2.3435312308e-01 8.4180845518e+01
1.2140757541e+00 2.2216577224e-01 8.4756486116e+01
1.3591157460e+00 2.3853867791e-01 8.4692553325e+01
1.3256924041e+00 2.3472243674e-01 8.4948245538e+01
1.3528567727e+00 2.3804625970e-01 8.4244833624e+01
1.2402571834e+00 2.2524338609e-01 8.4564667778e+01
1.3676569366e+00 2.3952351434e-01 8.4596641686e+01
1.3065016575e+00 2.3262965932e-01 8.4820412361e+01
1.3473694789e+00 2.3730763237e-01 8.4532692172e+01
1.2589880589e+00 2.2733616351e-01 8.4660584449e+01
1.2819457241e+00 2.2992135914e-01 8.4692553325e+01
1.2997991683e+00 2.3189103200e-01 8.4788450052e+01
1.4213432619e+00 2.4567874204e-01 8.4020843204e+01
1.2043432251e+00 2.2093472670e-01 8.5044103843e+01
1.2385414720e+00 2.2475096787e-01 8.5331596426e+01
1.1440875343e+00 2.1379466258e-01 8.5427400756e+01
1.4098947792e+00 2.4420148739e-01 8.4500714858e+01
1.2101987501e+00 2.2155024947e-01 8.5203836921e+01
1.3200902825e+00 2.3423001852e-01 8.4628613906e+01
1.2939677113e+00 2.3127550923e-01 8.4692553325e+01
1.2996384013e+00 2.3213724111e-01 8.4180845518e+01
1.3129133131e+00 2.3324518209e-01 8.5076053508e+01
1.2630927152e+00 2.2782858172e-01 8.4596641686e+01
1.3989501774e+00 2.4309354641e-01 8.4308814530e+01
1.2782741271e+00 2.2942894092e-01 8.4884332141e+01
1.3845463393e+00 2.4186250087e-01 8.3604614884e+01
1.2285423349e+00 2.2401234055e-01 8.4308814530e+01
1.4372144153e+00 2.4727910124e-01 8.4276824972e+01
1.3500931188e+00 2.3780005059e-01 8.4116850127e+01
1.2841286178e+00 2.3016756825e-01 8.4692553325e+01
1.3337076310e+00 2.3570727317e-01 8.4724520544e+01
1.2143573040e+00 2.2228887680e-01 8.4532692172e+01
1.2183612226e+00 2.2253508590e-01 8.5076053508e+01
1.3321107907e+00 2.3558416862e-01 8.4596641686e+01
1.4332408125e+00 2.4690978758e-01 8.4148848738e+01
1.2761269190e+00 2.2942894092e-01 8.4308814530e+01
1.2633465830e+00 2.2758237261e-01 8.5299658755e+01
1.4224732798e+00 2.4580184659e-01 8.4020843204e+01
1.3366227760e+00 2.3619969139e-01 8.4340802307e+01
1.2301790752e+00 2.2388923600e-01 8.5076053508e+01
1.3374688490e+00 2.3656900505e-01 8.3764741596e+01
1.3154385124e+00 2.3373760031e-01 8.4564667778e+01
1.2671727421e+00 2.2807479083e-01 8.5139948243e+01
1.3807309780e+00 2.4112387354e-01 8.4244833624e+01
1.2806098150e+00 2.2992135914e-01 8.4340802307e+01
1.3011284829e+00 2.3201413655e-01 8.4852373054e+01
1.3151831669e+00 2.3361449576e-01 8.4788450052e+01
1.4043731015e+00 2.4395527828e-01 8.3764741596e+01
1.3836935007e+00 2.4124697810e-01 8.4692553325e+01
1.1584438762e+00 2.1551812633e-01 8.5299658755e+01
1.2948237735e+00 2.3139861378e-01 8.4628613906e+01
1.2146634419e+00 2.2191956313e-01 8.5618971257e+01
1.3443761275e+00 2.3706142326e-01 8.4340802307e+01
1.3560025574e+00 2.3829246880e-01 8.4468735825e+01
1.2698949890e+00 2.2844410449e-01 8.4980199868e+01
1.2698949890e+00 2.2844410449e-01 8.4980199868e+01
1.2826382366e+00 2.2992135914e-01 8.4884332141e+01
1.4360797730e+00 2.4715599669e-01 8.4276824972e+01
1.2080589653e+00 2.2130404036e-01 8.5203836921e+01
1.3146850750e+00 2.3373760031e-01 8.4372788316e+01
1.2796448215e+00 2.2979825458e-01 8.4372788316e+01
1.2494683462e+00 2.2647443163e-01 8.4148848738e+01
1.3332166457e+00 2.3570727317e-01 8.4596641686e+01
1.2433270326e+00 2.2536649064e-01 8.5139948243e+01
1.3034919503e+00 2.3262965932e-01 8.4052847370e+01
1.2445116684e+00 2.2548959520e-01 8.5171893334e+01
1.3273160860e+00 2.3509175040e-01 8.4500714858e+01
1.2581349898e+00 2.2721305895e-01 8.4724520544e+01
1.3315395811e+00 2.3570727317e-01 8.4180845518e+01
1.2819457241e+00 2.2992135914e-01 8.4692553325e+01
1.2750507331e+00 2.2918273181e-01 8.4596641686e+01
1.2070894460e+00 2.2118093581e-01 8.5235779013e+01
1.2179405097e+00 2.2253508590e-01 8.4948245538e+01
1.3122288080e+00 2.3349139120e-01 8.4308814530e+01
1.4251776398e+00 2.4629426481e-01 8.3636644199e+01
1.2425790948e+00 2.2536649064e-01 8.4916289633e+01
1.3043050492e+00 2.3238345022e-01 8.4820412361e+01
1.3161657785e+00 2.3373760031e-01 8.4756486116e+01
1.2754494499e+00 2.2905962726e-01 8.5012152633e+01
1.3852092734e+00 2.4161629176e-01 8.4244833624e+01
1.2906265282e+00 2.3078309102e-01 8.4980199868e+01
1.1744644454e+00 2.1748779919e-01 8.5012152633e+01
1.1682188987e+00 2.1674917187e-01 8.5044103843e+01
1.2493587400e+00 2.2622822252e-01 8.4692553325e+01
1.3061481834e+00 2.3262965932e-01 8.4724520544e+01
1.3938730155e+00 2.4247802364e-01 8.4436755064e+01
1.3972435677e+00 2.4284733730e-01 8.4436755064e+01
1.3505009761e+00 2.3780005059e-01 8.4212840476e+01
1.2604457777e+00 2.2758237261e-01 8.4468735825e+01
1.1816189592e+00 2.1822642652e-01 8.5267719621e+01
1.2175090011e+00 2.2253508590e-01 8.4820412361e+01
1.2565318260e+00 2.2696684984e-01 8.4884332141e+01
1.3638474026e+00 2.3940040979e-01 8.3956829243e+01
1.2976412983e+00 2.3152171834e-01 8.5108001638e+01
1.2352453142e+00 2.2450475877e-01 8.4980199868e+01
1.3867530662e+00 2.4186250087e-01 8.4084849675e+01
1.3696459539e+00 2.3964661890e-01 8.4820412361e+01
1.2185809924e+00 2.2265819046e-01 8.4820412361e+01
1.3279103649e+00 2.3521485496e-01 8.4372788316e+01
1.2849353624e+00 2.3016756825e-01 8.4916289633e+01
1.2961543736e+00 2.3164482289e-01 8.4404772564e+01
1.3323575620e+00 2.3558416862e-01 8.4660584449e+01
1.3110003737e+00 2.3336828665e-01 8.4276824972e+01
1.2369548128e+00 2.2462786332e-01 8.5171893334e+01
1.4222531552e+00 2.4592495115e-01 8.3732720205e+01
1.4275224069e+00 2.4592495115e-01 8.4948245538e+01
1.3682576015e+00 2.3964661890e-01 8.4468735825e+01
1.2583980147e+00 2.2733616351e-01 8.4500714858e+01
1.2783867025e+00 2.2942894092e-01 8.4916289633e+01
1.2543555406e+00 2.2659753618e-01 8.5203836921e+01
1.3252338663e+00 2.3484554129e-01 8.4532692172e+01
1.3156502022e+00 2.3361449576e-01 8.4916289633e+01
1.2330908712e+00 2.2425854966e-01 8.4980199868e+01
1.1402547326e+00 2.1354845347e-01 8.4852373054e+01
1.3423235471e+00 2.3669210960e-01 8.4660584449e+01
1.3270627547e+00 2.3509175040e-01 8.4436755064e+01
1.4373105261e+00 2.4764841490e-01 8.3572583562e+01
1.3286537028e+00 2.3546106406e-01 8.4020843204e+01
1.2122624423e+00 2.2191956313e-01 8.4852373054e+01
1.1934644969e+00 2.1982678572e-01 8.4660584449e+01
1.2474582117e+00 2.2610511797e-01 8.4468735825e+01
1.3195902173e+00 2.3410691397e-01 8.4788450052e+01
1.3149391295e+00 2.3373760031e-01 8.4436755064e+01
1.2786738217e+00 2.2955204548e-01 8.4692553325e+01
1.2856861820e+00 2.3029067280e-01 8.4820412361e+01
1.2945531102e+00 2.3152171834e-01 8.4276824972e+01
1.2427621509e+00 2.2548959520e-01 8.4660584449e+01
1.3758270404e+00 2.4075455988e-01 8.3892807710e+01
1.2745482007e+00 2.2905962726e-01 8.4756486116e+01
1.3503666755e+00 2.3792315514e-01 8.3924819428e+01
1.2180466999e+00 2.2253508590e-01 8.4980199868e+01
1.2496033782e+00 2.2610511797e-01 8.5076053508e+01
1.3324580826e+00 2.3570727317e-01 8.4404772564e+01
1.3911614557e+00 2.4210870998e-01 8.4596641686e+01
1.2115133595e+00 2.2179645858e-01 8.4948245538e+01
1.3471716775e+00 2.3743073693e-01 8.4212840476e+01
1.3103041385e+00 2.3312207754e-01 8.4660584449e+01
1.2498121036e+00 2.2622822252e-01 8.4820412361e+01
1.2598958804e+00 2.2733616351e-01 8.4916289633e+01
1.1970152215e+00 2.1982678572e-01 8.5810492699e+01
1.2352360936e+00 2.2475096787e-01 8.4372788316e+01
1.3893665254e+00 2.4247802364e-01 8.3444437996e+01
1.3963583203e+00 2.4309354641e-01 8.3732720205e+01
1.2689917548e+00 2.2844410449e-01 8.4724520544e+01
1.2439789451e+00 2.2573580430e-01 8.4404772564e+01
1.2504713961e+00 2.2622822252e-01 8.5012152633e+01
1.3524075543e+00 2.3792315514e-01 8.4404772564e+01
1.1620731773e+00 2.1588743999e-01 8.5459332672e+01
1.3511658052e+00 2.3780005059e-01 8.4372788316e+01
1.3060846697e+00 2.3287586843e-01 8.4148848738e+01
1.3015790774e+00 2.3250655477e-01 8.3860794078e+01
1.2452756632e+00 2.2598201341e-01 8.4180845518e+01
1.2470818514e+00 2.2598201341e-01 8.4660584449e+01
1.2850980032e+00 2.3041377735e-01 8.4372788316e+01
1.4127658796e+00 2.4494011472e-01 8.3636644199e+01
1.3713437279e+00 2.4001593256e-01 8.4404772564e+01
1.3349888668e+00 2.3607658683e-01 8.4212840476e+01
1.2605322640e+00 2.2745926806e-01 8.4788450052e+01
1.2668177899e+00 2.2819789538e-01 8.4724520544e+01
1.3084116760e+00 2.3312207754e-01 8.4180845518e+01
1.2387880411e+00 2.2499717698e-01 8.4756486116e+01
1.3308679611e+00 2.3533795951e-01 8.4852373054e+01
1.3083455235e+00 2.3287586843e-01 8.4724520544e+01
1.3831946748e+00 2.4112387354e-01 8.4852373054e+01
1.2996819044e+00 2.3189103200e-01 8.4756486116e+01
1.3296439829e+00 2.3521485496e-01 8.4820412361e+01
1.2510017900e+00 2.2622822252e-01 8.5171893334e+01
1.2804555311e+00 2.2967515003e-01 8.4884332141e+01
1.3971094274e+00 2.4284733730e-01 8.4404772564e+01
1.2531705648e+00 2.2659753618e-01 8.4852373054e+01
1.2812039303e+00 2.2979825458e-01 8.4788450052e+01
1.4095079220e+00 2.4432459195e-01 8.4148848738e+01
1.2309377457e+00 2.2401234055e-01 8.4980199868e+01
1.3980322383e+00 2.4284733730e-01 8.4628613906e+01
1.2225797977e+00 2.2327371323e-01 8.4436755064e+01
1.3016973088e+00 2.3201413655e-01 8.5012152633e+01
1.1207144699e+00 2.1108636239e-01 8.5299658755e+01
1.2766489446e+00 2.2918273181e-01 8.5044103843e+01
1.3469011508e+00 2.3743073693e-01 8.4148848738e+01
1.4118821393e+00 2.4444769650e-01 8.4436755064e+01
1.2995639223e+00 2.3189103200e-01 8.4724520544e+01
1.3449537423e+00 2.3718452782e-01 8.4212840476e+01
1.4374956133e+00 2.4727910124e-01 8.4340802307e+01
1.3376432742e+00 2.3619969139e-01 8.4596641686e+01
1.3210455406e+00 2.3423001852e-01 8.4884332141e+01
1.2601901212e+00 2.2721305895e-01 8.5331596426e+01
1.3408629780e+00 2.3706142326e-01 8.3540550223e+01
1.1968982068e+00 2.1994989027e-01 8.5395467416e+01
1.2470739875e+00 2.2561269975e-01 8.5650894846e+01
1.2792512934e+00 2.2955204548e-01 8.4852373054e+01
1.2717855445e+00 2.2881341815e-01 8.4596641686e+01
1.2457725247e+00 2.2598201341e-01 8.4308814530e+01
1.3195902173e+00 2.3410691397e-01 8.4788450052e+01
1.3084680075e+00 2.3299897299e-01 8.4468735825e+01
1.2793681004e+00 2.2942894092e-01 8.5203836921e+01
1.2862568087e+00 2.3065998646e-01 8.4116850127e+01
1.3501858284e+00 2.3767694603e-01 8.4404772564e+01
1.3114037488e+00 2.3324518209e-01 8.4660584449e+01
1.3026623600e+00 2.3250655477e-01 8.4116850127e+01
1.2762586199e+00 2.2930583637e-01 8.4628613906e+01
1.3586128899e+00 2.3853867791e-01 8.4564667778e+01
1.1882560979e+00 2.1908815839e-01 8.5012152633e+01
1.2902969453e+00 2.3065998646e-01 8.5203836921e+01
1.2044532936e+00 2.2105783126e-01 8.4756486116e+01
1.2294289479e+00 2.2388923600e-01 8.4852373054e+01
1.2977229892e+00 2.3164482289e-01 8.4820412361e+01
1.3568548373e+00 2.3841557336e-01 8.4404772564e+01
1.3492052230e+00 2.3755384148e-01 8.4436755064e+01
1.2522560665e+00 2.2659753618e-01 8.4596641686e+01
1.3281316987e+00 2.3496864585e-01 8.5012152633e+01
1.3881549479e+00 2.4198560542e-01 8.4148848738e+01
1.2590027525e+00 2.2708995440e-01 8.5299658755e+01
1.2565868027e+00 2.2708995440e-01 8.4596641686e+01
1.2575042835e+00 2.2708995440e-01 8.4852373054e+01
1.3721231852e+00 2.4001593256e-01 8.4596641686e+01
1.4045751833e+00 2.4370906918e-01 8.4308814530e+01
1.1671699291e+00 2.1650296276e-01 8.5395467416e+01
1.3090838526e+00 2.3299897299e-01 8.4628613906e+01
1.2292574295e+00 2.2401234055e-01 8.4500714858e+01
1.2202436443e+00 2.2265819046e-01 8.5331596426e+01
1.3520128295e+00 2.3792315514e-01 8.4308814530e+01
1.2633274015e+00 2.2782858172e-01 8.4660584449e+01
1.2237703124e+00 2.2339681778e-01 8.4468735825e+01
1.2872815477e+00 2.3065998646e-01 8.4372788316e+01
1.2341276024e+00 2.2425854966e-01 8.5299658755e+01
1.2108652873e+00 2.2179645858e-01 8.4756486116e+01
1.2947842912e+00 2.3115240468e-01 8.5235779013e+01
1.3112825584e+00 2.3324518209e-01 8.4628613906e+01
1.2494995198e+00 2.2635132707e-01 8.4436755064e+01
1.3578361197e+00 2.3853867791e-01 8.4372788316e+01
1.3612083479e+00 2.3903109613e-01 8.4116850127e+01
1.2412885220e+00 2.2499717698e-01 8.5523192275e+01
1.2978674734e+00 2.3176792745e-01 8.4564667778e+01
1.4345410713e+00 2.4727910124e-01 8.3700696849e+01
1.4015971383e+00 2.4358596462e-01 8.3892807710e+01
1.2739152266e+00 2.2893652271e-01 8.4884332141e+01
1.3739712997e+00 2.4026214167e-01 8.4500714858e+01
1.2990499442e+00 2.3176792745e-01 8.4884332141e+01
1.2121540043e+00 2.2191956313e-01 8.4820412361e+01
1.3708782261e+00 2.3989282800e-01 8.4564667778e+01
1.2065892996e+00 2.2130404036e-01 8.4756486116e+01
1.3314954731e+00 2.3546106406e-01 8.4724520544e+01
1.5007669403e+00 2.5441916537e-01 8.3700696849e+01
1.3421996604e+00 2.3669210960e-01 8.4628613906e+01
1.2653818492e+00 2.2807479083e-01 8.4628613906e+01
1.4346615039e+00 2.4703289213e-01 8.4212840476e+01
1.3853488679e+00 2.4173939631e-01 8.4020843204e+01
1.2942954888e+00 2.3152171834e-01 8.4212840476e+01
1.1990066750e+00 2.2031920393e-01 8.5044103843e+01
1.1700594260e+00 2.1687227642e-01 8.5299658755e+01
1.3181147472e+00 2.3410691397e-01 8.4404772564e+01
1.3390963812e+00 2.3644590050e-01 8.4404772564e+01
1.3044448148e+00 2.3226034566e-01 8.5171893334e+01
1.3002832250e+00 2.3213724111e-01 8.4340802307e+01
1.4110226034e+00 2.4432459195e-01 8.4500714858e+01
1.3133604470e+00 2.3349139120e-01 8.4596641686e+01
1.3166700165e+00 2.3410691397e-01 8.4052847370e+01
1.3254824063e+00 2.3484554129e-01 8.4596641686e+01
1.3084680075e+00 2.3299897299e-01 8.4468735825e+01
1.2657635288e+00 2.2795168628e-01 8.5044103843e+01
1.3021097346e+00 2.3213724111e-01 8.4820412361e+01
1.3671905224e+00 2.3964661890e-01 8.4212840476e+01
1.3071184224e+00 2.3287586843e-01 8.4404772564e+01
1.3192742731e+00 2.3435312308e-01 8.4148848738e+01
1.3817126835e+00 2.4124697810e-01 8.4212840476e+01
1.3738863909e+00 2.4038524622e-01 8.4212840476e+01
1.2373896108e+00 2.2499717698e-01 8.4372788316e+01
1.3005849159e+00 2.3176792745e-01 8.5331596426e+01
1.2907555124e+00 2.3115240468e-01 8.4148848738e+01
1.3556518813e+00 2.3816936425e-01 8.4660584449e+01
1.3019930029e+00 2.3213724111e-01 8.4788450052e+01
1.3503397055e+00 2.3755384148e-01 8.4724520544e+01
1.2662997015e+00 2.2807479083e-01 8.4884332141e+01
1.3384998444e+00 2.3632279594e-01 8.4532692172e+01
1.1968743808e+00 2.2007299482e-01 8.5044103843e+01
1.1744644454e+00 2.1748779919e-01 8.5012152633e+01
1.2938399610e+00 2.3139861378e-01 8.4372788316e+01
1.3759832605e+00 2.4063145533e-01 8.4180845518e+01
1.3740230484e+00 2.4038524622e-01 8.4244833624e+01
1.2971340180e+00 2.3164482289e-01 8.4660584449e+01
1.2784378822e+00 2.2955204548e-01 8.4628613906e+01
1.2418212923e+00 2.2548959520e-01 8.4404772564e+01
1.2385872733e+00 2.2512028154e-01 8.4404772564e+01
1.2835310678e+00 2.3016756825e-01 8.4532692172e+01
1.2603037295e+00 2.2745926806e-01 8.4724520544e+01
1.3269349887e+00 2.3509175040e-01 8.4404772564e+01
1.2282437717e+00 2.2376613144e-01 8.4820412361e+01
1.2419141855e+00 2.2561269975e-01 8.4148848738e+01
1.3927501307e+00 2.4235491908e-01 8.4436755064e+01
1.3776598467e+00 2.4087766444e-01 8.4052847370e+01
1.3531238651e+00 2.3804625970e-01 8.4308814530e+01
1.2769568263e+00 2.2930583637e-01 8.4820412361e+01
1.3377675129e+00 2.3619969139e-01 8.4628613906e+01
1.2500346344e+00 2.2622822252e-01 8.4884332141e+01
1.2804555311e+00 2.2967515003e-01 8.4884332141e+01
1.3275664836e+00 2.3509175040e-01 8.4564667778e+01
1.2800152466e+00 2.2979825458e-01 8.4468735825e+01
1.3031034557e+00 2.3238345022e-01 8.4500714858e+01
1.1961138134e+00 2.1994989027e-01 8.5139948243e+01
1.2392322195e+00 2.2499717698e-01 8.4884332141e+01
1.2504597685e+00 2.2647443163e-01 8.4404772564e+01
1.1612728569e+00 2.1601054455e-01 8.4852373054e+01
1.2210514182e+00 2.2290439956e-01 8.4916289633e+01
1.2779575136e+00 2.2955204548e-01 8.4500714858e+01
1.3875890508e+00 2.4198560542e-01 8.4020843204e+01
1.3582837320e+00 2.3878488702e-01 8.3956829243e+01
1.3109146397e+00 2.3324518209e-01 8.4532692172e+01
1.2317987862e+00 2.2413544510e-01 8.4916289633e+01
1.3279365804e+00 2.3509175040e-01 8.4660584449e+01
1.3340371837e+00 2.3607658683e-01 8.3988837165e+01
1.2505805743e+00 2.2647443163e-01 8.4436755064e+01
1.2996819044e+00 2.3189103200e-01 8.4756486116e+01
1.3240051862e+00 2.3472243674e-01 8.4500714858e+01
1.3025694710e+00 2.3213724111e-01 8.4948245538e+01
1.3867530662e+00 2.4186250087e-01 8.4084849675e+01
1.2985942097e+00 2.3189103200e-01 8.4468735825e+01
1.3790588945e+00 2.4100076899e-01 8.4116850127e+01
1.1964630343e+00 2.2031920393e-01 8.4308814530e+01
1.2156434698e+00 2.2204266769e-01 8.5587046306e+01
1.2957617630e+00 2.3139861378e-01 8.4884332141e+01
1.4120450467e+00 2.4457080105e-01 8.4212840476e+01
1.3229766823e+00 2.3472243674e-01 8.4244833624e+01
1.2784378822e+00 2.2955204548e-01 8.4628613906e+01
1.2773480884e+00 2.2942894092e-01 8.4628613906e+01
1.1717695121e+00 2.1699538098e-01 8.5523192275e+01
1.3666679428e+00 2.3940040979e-01 8.4628613906e+01
1.2313874178e+00 2.2388923600e-01 8.5459332672e+01
1.2736886878e+00 2.2893652271e-01 8.4820412361e+01
1.3073653322e+00 2.3275276388e-01 8.4756486116e+01
1.2351377110e+00 2.2450475877e-01 8.4948245538e+01
1.3019930029e+00 2.3213724111e-01 8.4788450052e+01
1.2822951702e+00 2.2992135914e-01 8.4788450052e+01
1.3498429392e+00 2.3755384148e-01 8.4596641686e+01
1.2286788658e+00 2.2376613144e-01 8.4948245538e+01
1.3524075543e+00 2.3792315514e-01 8.4404772564e+01
1.3757305649e+00 2.4038524622e-01 8.4660584449e+01
1.3279020046e+00 2.3496864585e-01 8.4948245538e+01
1.2093281074e+00 2.2142714492e-01 8.5267719621e+01
1.4644151259e+00 2.5047981964e-01 8.3764741596e+01
1.3405335214e+00 2.3681521416e-01 8.3956829243e+01
1.4598290034e+00 2.4974119232e-01 8.4244833624e+01
1.2500346344e+00 2.2622822252e-01 8.4884332141e+01
1.2257722801e+00 2.2339681778e-01 8.5044103843e+01
1.3051033079e+00 2.3238345022e-01 8.5044103843e+01
1.2460372655e+00 2.2573580430e-01 8.4980199868e+01
1.3741010303e+00 2.4026214167e-01 8.4532692172e+01
1.3067361912e+00 2.3287586843e-01 8.4308814530e+01
1.2136109945e+00 2.2191956313e-01 8.5267719621e+01
1.2689917548e+00 2.2844410449e-01 8.4724520544e+01
1.3692842130e+00 2.3989282800e-01 8.4180845518e+01
1.2895915360e+00 2.3078309102e-01 8.4692553325e+01
1.2641267745e+00 2.2782858172e-01 8.4884332141e+01
1.3398125261e+00 2.3656900505e-01 8.4308814530e+01
1.3063845543e+00 2.3262965932e-01 8.4788450052e+01
1.2253078601e+00 2.2351992233e-01 8.4596641686e+01
1.3599298194e+00 2.3878488702e-01 8.4340802307e+01
1.2900586603e+00 2.3078309102e-01 8.4820412361e+01
1.1493364685e+00 2.1428708079e-01 8.5810492699e+01
1.2391787824e+00 2.2524338609e-01 8.4276824972e+01
1.3293510006e+00 2.3509175040e-01 8.5044103843e+01
1.3312518347e+00 2.3546106406e-01 8.4660584449e+01
1.3026826078e+00 2.3213724111e-01 8.4980199868e+01
1.2133126022e+00 2.2179645858e-01 8.5523192275e+01
1.1850931547e+00 2.1859574018e-01 8.5363532643e+01
1.4241736215e+00 2.4580184659e-01 8.4404772564e+01
1.3120141854e+00 2.3336828665e-01 8.4532692172e+01
1.3221725539e+00 2.3447622763e-01 8.4596641686e+01
1.2959187612e+00 2.3152171834e-01 8.4628613906e+01
1.3891047658e+00 2.4223181453e-01 8.3860794078e+01
1.3710997953e+00 2.4013903711e-01 8.4084849675e+01
1.2847435502e+00 2.3029067280e-01 8.4564667778e+01
1.3823875347e+00 2.4149318721e-01 8.3860794078e+01
1.2068883936e+00 2.2105783126e-01 8.5523192275e+01
1.3166700165e+00 2.3410691397e-01 8.4052847370e+01
1.4051182420e+00 2.4395527828e-01 8.3924819428e+01
1.2670660618e+00 2.2807479083e-01 8.5108001638e+01
1.3322345441e+00 2.3558416862e-01 8.4628613906e+01
1.2636741854e+00 2.2782858172e-01 8.4756486116e+01
1.1700594260e+00 2.1687227642e-01 8.5299658755e+01
1.3466483867e+00 2.3693831871e-01 8.5235779013e+01
1.2778356524e+00 2.2955204548e-01 8.4468735825e+01
1.2962793399e+00 2.3164482289e-01 8.4436755064e+01
1.2515537988e+00 2.2635132707e-01 8.5012152633e+01
1.3601048859e+00 2.3866178247e-01 8.4660584449e+01
1.2880201534e+00 2.3065998646e-01 8.4564667778e+01
1.3221725539e+00 2.3447622763e-01 8.4596641686e+01
1.3943173599e+00 2.4297044185e-01 8.3540550223e+01
1.3718663924e+00 2.4001593256e-01 8.4532692172e+01
1.3314054195e+00 2.3570727317e-01 8.4148848738e+01
1.2583631533e+00 2.2721305895e-01 8.4788450052e+01
1.4094733473e+00 2.4444769650e-01 8.3892807710e+01
1.2621251773e+00 2.2770547717e-01 8.4628613906e+01
1.2149366245e+00 2.2216577224e-01 8.5012152633e+01
1.3520128295e+00 2.3792315514e-01 8.4308814530e+01
1.4090784977e+00 2.4432459195e-01 8.4052847370e+01
1.3008959238e+00 2.3201413655e-01 8.4788450052e+01
1.3262121313e+00 2.3496864585e-01 8.4500714858e+01
1.1985895719e+00 2.2031920393e-01 8.4916289633e+01
1.3303898760e+00 2.3533795951e-01 8.4724520544e+01
1.4423214797e+00 2.4814083312e-01 8.3668671517e+01
1.2756573588e+00 2.2930583637e-01 8.4468735825e+01
1.2252143343e+00 2.2327371323e-01 8.5203836921e+01
1.3312188183e+00 2.3533795951e-01 8.4948245538e+01
1.3122603840e+00 2.3336828665e-01 8.4596641686e+01
1.2749312836e+00 2.2918273181e-01 8.4564667778e+01
1.2935712629e+00 2.3115240468e-01 8.4884332141e+01
1.2715253425e+00 2.2856720904e-01 8.5139948243e+01
1.3247836144e+00 2.3496864585e-01 8.4148848738e+01
1.3206409915e+00 2.3447622763e-01 8.4212840476e+01
1.3578361197e+00 2.3853867791e-01 8.4372788316e+01
1.2417974600e+00 2.2536649064e-01 8.4692553325e+01
1.3095003563e+00 2.3287586843e-01 8.5044103843e+01
1.3715102669e+00 2.3989282800e-01 8.4724520544e+01
1.1987972426e+00 2.2007299482e-01 8.5682817082e+01
1.3206927857e+00 2.3423001852e-01 8.4788450052e+01
1.2214156052e+00 2.2278129501e-01 8.5363532643e+01
1.3031034557e+00 2.3238345022e-01 8.4500714858e+01
1.1846532061e+00 2.1871884473e-01 8.4884332141e+01
1.2170800210e+00 2.2241198135e-01 8.5012152633e+01
1.3246242190e+00 2.3472243674e-01 8.4660584449e+01
1.2407185897e+00 2.2524338609e-01 8.4692553325e+01
1.2655811531e+00 2.2832099994e-01 8.4116850127e+01
1.3948622804e+00 2.4260112819e-01 8.4404772564e+01
1.1999699553e+00 2.2044230849e-01 8.5012152633e+01
1.3424674004e+00 2.3693831871e-01 8.4148848738e+01
1.2594818809e+00 2.2745926806e-01 8.4500714858e+01
1.2900586603e+00 2.3078309102e-01 8.4820412361e+01
1.3731201050e+00 2.4001593256e-01 8.4852373054e+01
1.2674983253e+00 2.2819789538e-01 8.4916289633e+01
1.3004100297e+00 2.3213724111e-01 8.4372788316e+01
1.3182417112e+00 2.3410691397e-01 8.4436755064e+01
1.3599298194e+00 2.3878488702e-01 8.4340802307e+01
1.1680393513e+00 2.1662606732e-01 8.5331596426e+01
1.2623958435e+00 2.2758237261e-01 8.5012152633e+01
1.1883585124e+00 2.1908815839e-01 8.5044103843e+01
1.3236889499e+00 2.3496864585e-01 8.3892807710e+01
1.3961488766e+00 2.4284733730e-01 8.4180845518e+01
1.1732015172e+00 2.1736469464e-01 8.4948245538e+01
1.3592570999e+00 2.3878488702e-01 8.4180845518e+01
1.2538014353e+00 2.2672064074e-01 8.4724520544e+01
1.3021298952e+00 2.3226034566e-01 8.4532692172e+01
1.2309377457e+00 2.2401234055e-01 8.4980199868e+01
1.3399608453e+00 2.3632279594e-01 8.4916289633e+01
1.1428553019e+00 2.1367155802e-01 8.5363532643e+01
1.3120141854e+00 2.3336828665e-01 8.4532692172e+01
1.4243263625e+00 2.4592495115e-01 8.4180845518e+01
1.2387989418e+00 2.2487407243e-01 8.5076053508e+01
1.3216737241e+00 2.3447622763e-01 8.4468735825e+01
1.2771839134e+00 2.2930583637e-01 8.4884332141e+01
1.1805134486e+00 2.1822642652e-01 8.4916289633e+01
1.3970346590e+00 2.4260112819e-01 8.4948245538e+01
1.2100979544e+00 2.2155024947e-01 8.5171893334e+01
1.3025294777e+00 2.3250655477e-01 8.4084849675e+01
1.2397720067e+00 2.2499717698e-01 8.5044103843e+01
1.2857143020e+00 2.3041377735e-01 8.4532692172e+01
1.3877316753e+00 2.4198560542e-01 8.4052847370e+01
1.2965108449e+00 2.3152171834e-01 8.4788450052e+01
1.3482811243e+00 2.3755384148e-01 8.4212840476e+01
1.3180081843e+00 2.3398380942e-01 8.4660584449e+01
1.3263375982e+00 2.3496864585e-01 8.4532692172e+01
1.2553351003e+00 2.2672064074e-01 8.5171893334e+01
1.2513366239e+00 2.2635132707e-01 8.4948245538e+01
1.3254824063e+00 2.3484554129e-01 8.4596641686e+01
1.3856329159e+00 2.4173939631e-01 8.4084849675e+01
1.2454882653e+00 2.2561269975e-01 8.5139948243e+01
1.4430978313e+00 2.4814083312e-01 8.3828778522e+01
1.2581631731e+00 2.2708995440e-01 8.5044103843e+01
1.2658463785e+00 2.2807479083e-01 8.4756486116e+01
1.3160396680e+00 2.3386070486e-01 8.4436755064e+01
1.2820731773e+00 2.3004446369e-01 8.4436755064e+01
1.2026434959e+00 2.2081162215e-01 8.4852373054e+01
1.1418977070e+00 2.1342534891e-01 8.5778575774e+01
1.2001760211e+00 2.2044230849e-01 8.5076053508e+01
1.2709831909e+00 2.2856720904e-01 8.4980199868e+01
1.3793002159e+00 2.4087766444e-01 8.4436755064e+01
1.3676569366e+00 2.3952351434e-01 8.4596641686e+01
1.2224442987e+00 2.2302750412e-01 8.5012152633e+01
1.3807295650e+00 2.4124697810e-01 8.3988837165e+01
1.3394807759e+00 2.3644590050e-01 8.4500714858e+01
1.2870075495e+00 2.3041377735e-01 8.4884332141e+01
1.2469004214e+00 2.2585890886e-01 8.4916289633e+01
1.3181733691e+00 2.3423001852e-01 8.4148848738e+01
1.2229634764e+00 2.2302750412e-01 8.5171893334e+01
1.2569707284e+00 2.2696684984e-01 8.5012152633e+01
1.2384794473e+00 2.2487407243e-01 8.4980199868e+01
1.1901631629e+00 2.1945747206e-01 8.4628613906e+01
1.3994921830e+00 2.4309354641e-01 8.4436755064e+01
1.2943375969e+00 2.3139861378e-01 8.4500714858e+01
1.3612083479e+00 2.3903109613e-01 8.4116850127e+01
1.3401166984e+00 2.3669210960e-01 8.4116850127e+01
1.2792004814e+00 2.2930583637e-01 8.5491263175e+01
1.2630408011e+00 2.2770547717e-01 8.4884332141e+01
1.1774313294e+00 2.1798021741e-01 8.4628613906e+01
1.2855550093e+00 2.3053688191e-01 8.4212840476e+01
1.4626831657e+00 2.4998740143e-01 8.4372788316e+01
1.3129377054e+00 2.3361449576e-01 8.4212840476e+01
1.3996257560e+00 2.4309354641e-01 8.4468735825e+01
1.2373623227e+00 2.2462786332e-01 8.5299658755e+01
1.2310945170e+00 2.2388923600e-01 8.5363532643e+01
1.3075231320e+00 2.3262965932e-01 8.5108001638e+01
1.2967426640e+00 2.3152171834e-01 8.4852373054e+01
1.3351218667e+00 2.3607658683e-01 8.4244833624e+01
1.2434388688e+00 2.2548959520e-01 8.4852373054e+01
1.2538014353e+00 2.2672064074e-01 8.4724520544e+01
1.3175167500e+00 2.3398380942e-01 8.4532692172e+01
1.3391215238e+00 2.3632279594e-01 8.4692553325e+01
1.2367894259e+00 2.2487407243e-01 8.4500714858e+01
1.3514265118e+00 2.3780005059e-01 8.4436755064e+01
1.3531480586e+00 2.3816936425e-01 8.4052847370e+01
1.3437999848e+00 2.3681521416e-01 8.4756486116e+01
1.2893405919e+00 2.3090619557e-01 8.4340802307e+01
1.3692758625e+00 2.4001593256e-01 8.3924819428e+01
1.1683200576e+00 2.1662606732e-01 8.5427400756e+01
1.3274416515e+00 2.3509175040e-01 8.4532692172e+01
1.2683614723e+00 2.2832099994e-01 8.4852373054e+01
1.2223426110e+00 2.2327371323e-01 8.4372788316e+01
1.4035291332e+00 2.4346286007e-01 8.4596641686e+01
1.2647846879e+00 2.2782858172e-01 8.5076053508e+01
1.3749879320e+00 2.4026214167e-01 8.4756486116e+01
1.1857433098e+00 2.1859574018e-01 8.5587046306e+01
1.2208159144e+00 2.2278129501e-01 8.5171893334e+01
1.3104139347e+00 2.3324518209e-01 8.4404772564e+01
1.2255359204e+00 2.2351992233e-01 8.4660584449e+01
1.3696929265e+00 2.3989282800e-01 8.4276824972e+01
1.3280389654e+00 2.3521485496e-01 8.4404772564e+01
1.2314706343e+00 2.2413544510e-01 8.4820412361e+01
1.3344467690e+00 2.3583037773e-01 8.4628613906e+01
1.2739152266e+00 2.2893652271e-01 8.4884332141e+01
1.3029259586e+00 2.3250655477e-01 8.4180845518e+01
1.1737371315e+00 2.1748779919e-01 8.4788450052e+01
1.2973096800e+00 2.3152171834e-01 8.5012152633e+01
1.3418957444e+00 2.3681521416e-01 8.4276824972e+01
1.4502774953e+00 2.4875635589e-01 8.4148848738e+01
1.2781608453e+00 2.2942894092e-01 8.4852373054e+01
1.3267096023e+00 2.3496864585e-01 8.4628613906e+01
1.3236422583e+00 2.3459933219e-01 8.4692553325e+01
1.3114752754e+00 2.3312207754e-01 8.4980199868e+01
1.2798110889e+00 2.2955204548e-01 8.5012152633e+01
1.3618896328e+00 2.3903109613e-01 8.4276824972e+01
1.2486183555e+00 2.2610511797e-01 8.4788450052e+01
1.1973799596e+00 2.2007299482e-01 8.5203836921e+01
1.3580078759e+00 2.3866178247e-01 8.4148848738e+01
1.2667102911e+00 2.2795168628e-01 8.5331596426e+01
1.1683190291e+00 2.1674917187e-01 8.5076053508e+01
1.2749312836e+00 2.2918273181e-01 8.4564667778e+01
1.2731393332e+00 2.2869031360e-01 8.5299658755e+01
1.2622601344e+00 2.2745926806e-01 8.5299658755e+01
1.3015188843e+00 2.3213724111e-01 8.4660584449e+01
1.3175996009e+00 2.3410691397e-01 8.4276824972e+01
1.3557761820e+00 2.3816936425e-01 8.4692553325e+01
1.3051033079e+00 2.3238345022e-01 8.5044103843e+01
1.3244706713e+00 2.3484554129e-01 8.4340802307e+01
1.2803420669e+00 2.2967515003e-01 8.4852373054e+01
1.4002113097e+00 2.4321665096e-01 8.4340802307e+01
1.3375182971e+00 2.3619969139e-01 8.4564667778e+01
1.2412798794e+00 2.2524338609e-01 8.4852373054e+01
1.2083042539e+00 2.2142714492e-01 8.4948245538e+01
1.1911541125e+00 2.1921126295e-01 8.5618971257e+01
1.3304491083e+00 2.3509175040e-01 8.5363532643e+01
1.3036673323e+00 2.3226034566e-01 8.4948245538e+01
1.2905664350e+00 2.3090619557e-01 8.4660584449e+01
1.1768850049e+00 2.1773400830e-01 8.5108001638e+01
1.2620539084e+00 2.2745926806e-01 8.5235779013e+01
1.3751415298e+00 2.4063145533e-01 8.3988837165e+01
1.2303872704e+00 2.2388923600e-01 8.5139948243e+01
1.2117135308e+00 2.2191956313e-01 8.4692553325e+01
1.3680172068e+00 2.3989282800e-01 8.3892807710e+01
1.2974895515e+00 2.3164482289e-01 8.4756486116e+01
1.2590027525e+00 2.2708995440e-01 8.5299658755e+01
1.2781708719e+00 2.2930583637e-01 8.5171893334e+01
1.2864303787e+00 2.3041377735e-01 8.4724520544e+01
1.3356464815e+00 2.3607658683e-01 8.4372788316e+01
1.4176617457e+00 2.4506321927e-01 8.4468735825e+01
1.3637967610e+00 2.3915420068e-01 8.4468735825e+01
1.3656326611e+00 2.3940040979e-01 8.4372788316e+01
1.3436699017e+00 2.3730763237e-01 8.3668671517e+01
1.2607580085e+00 2.2745926806e-01 8.4852373054e+01
1.3323250659e+00 2.3546106406e-01 8.4948245538e+01
1.3037586488e+00 2.3262965932e-01 8.4116850127e+01
1.2760940254e+00 2.2918273181e-01 8.4884332141e+01
1.3435283210e+00 2.3693831871e-01 8.4404772564e+01
1.2487325777e+00 2.2598201341e-01 8.5139948243e+01
1.3692758625e+00 2.4001593256e-01 8.3924819428e+01
1.3136039373e+00 2.3349139120e-01 8.4660584449e+01
1.3235207418e+00 2.3459933219e-01 8.4660584449e+01
1.2382630243e+00 2.2487407243e-01 8.4916289633e+01
1.3194695503e+00 2.3423001852e-01 8.4468735825e+01
1.3196711030e+00 2.3435312308e-01 8.4244833624e+01
1.2379530766e+00 2.2462786332e-01 8.5491263175e+01
1.2927460822e+00 2.3127550923e-01 8.4372788316e+01
1.3308614023e+00 2.3570727317e-01 8.4020843204e+01
1.3302685194e+00 2.3533795951e-01 8.4692553325e+01
1.3273160860e+00 2.3509175040e-01 8.4500714858e+01
1.2344760743e+00 2.2413544510e-01 8.5778575774e+01
1.2948078628e+00 2.3152171834e-01 8.4340802307e+01
1.2687589258e+00 2.2844410449e-01 8.4660584449e+01
1.2318723326e+00 2.2401234055e-01 8.5267719621e+01
1.2470818514e+00 2.2598201341e-01 8.4660584449e+01
1.1874982088e+00 2.1896505384e-01 8.5108001638e+01
1.4252719838e+00 2.4617116025e-01 8.3892807710e+01
1.3094446781e+00 2.3299897299e-01 8.4724520544e+01
1.2422890235e+00 2.2561269975e-01 8.4244833624e+01
1.2525009646e+00 2.2672064074e-01 8.4372788316e+01
1.3758270404e+00 2.4075455988e-01 8.3892807710e+01
1.2004021531e+00 2.2056541304e-01 8.4820412361e+01
1.2410625005e+00 2.2512028154e-01 8.5108001638e+01
1.4142013452e+00 2.4506321927e-01 8.3700696849e+01
1.2502092123e+00 2.2635132707e-01 8.4628613906e+01
1.3161657785e+00 2.3373760031e-01 8.4756486116e+01
1.2418212923e+00 2.2548959520e-01 8.4404772564e+01
1.2611570768e+00 2.2758237261e-01 8.4660584449e+01
1.3460625501e+00 2.3730763237e-01 8.4212840476e+01
1.2874564881e+00 2.3041377735e-01 8.5012152633e+01
1.2038179910e+00 2.2093472670e-01 8.4884332141e+01
1.3329667364e+00 2.3570727317e-01 8.4532692172e+01
1.3463807845e+00 2.3706142326e-01 8.4852373054e+01
1.3315395811e+00 2.3570727317e-01 8.4180845518e+01
1.4333846514e+00 2.4690978758e-01 8.4180845518e+01
1.3266772560e+00 2.3509175040e-01 8.4340802307e+01
1.3257280179e+00 2.3484554129e-01 8.4660584449e+01
1.2655454456e+00 2.2795168628e-01 8.4980199868e+01
1.3829694919e+00 2.4137008265e-01 8.4244833624e+01
1.1546927887e+00 2.1502570811e-01 8.5459332672e+01
1.4427184071e+00 2.4801772856e-01 8.3988837165e+01
1.3265863336e+00 2.3496864585e-01 8.4596641686e+01
1.3402521680e+00 2.3681521416e-01 8.3892807710e+01
1.2727543580e+00 2.2893652271e-01 8.4564667778e+01
1.3839423595e+00 2.4161629176e-01 8.3956829243e+01
1.2400900851e+00 2.2512028154e-01 8.4820412361e+01
1.3760763207e+00 2.4050835077e-01 8.4468735825e+01
1.2972532462e+00 2.3164482289e-01 8.4692553325e+01
1.2462521765e+00 2.2573580430e-01 8.5044103843e+01
1.4119476478e+00 2.4481701016e-01 8.3700696849e+01
1.3247458311e+00 2.3472243674e-01 8.4692553325e+01
1.2423592098e+00 2.2536649064e-01 8.4852373054e+01
1.2172197233e+00 2.2228887680e-01 8.5395467416e+01
1.3146850750e+00 2.3373760031e-01 8.4372788316e+01
1.2834094266e+00 2.3016756825e-01 8.4500714858e+01
1.3431649398e+00 2.3706142326e-01 8.4052847370e+01
1.2433532923e+00 2.2524338609e-01 8.5491263175e+01
1.2376145800e+00 2.2475096787e-01 8.5044103843e+01
1.2915854102e+00 2.3127550923e-01 8.4084849675e+01
1.3096411267e+00 2.3324518209e-01 8.4212840476e+01
1.2448481909e+00 2.2561269975e-01 8.4948245538e+01
1.3013985565e+00 2.3213724111e-01 8.4628613906e+01
1.2254044268e+00 2.2376613144e-01 8.4052847370e+01
1.2567526671e+00 2.2696684984e-01 8.4948245538e+01
1.4373394837e+00 2.4740220579e-01 8.4052847370e+01
1.3237524516e+00 2.3472243674e-01 8.4436755064e+01
1.2655045882e+00 2.2819789538e-01 8.4372788316e+01
1.2792512934e+00 2.2955204548e-01 8.4852373054e+01
1.2305046595e+00 2.2401234055e-01 8.4852373054e+01
1.2797690055e+00 2.2979825458e-01 8.4404772564e+01
1.3215566736e+00 2.3435312308e-01 8.4724520544e+01
1.2545852671e+00 2.2672064074e-01 8.4948245538e+01
1.3937630996e+00 2.4260112819e-01 8.4148848738e+01
1.3413379829e+00 2.3656900505e-01 8.4692553325e+01
1.2548664467e+00 2.2659753618e-01 8.5363532643e+01
1.2438762461e+00 2.2548959520e-01 8.4980199868e+01
1.2488420871e+00 2.2610511797e-01 8.4852373054e+01
1.4046734877e+00 2.4395527828e-01 8.3828778522e+01
1.1741006729e+00 2.1736469464e-01 8.5235779013e+01
1.1351483237e+00 2.1280982614e-01 8.5235779013e+01
1.3453811756e+00 2.3730763237e-01 8.4052847370e+01
1.2588111244e+00 2.2721305895e-01 8.4916289633e+01
1.2487764648e+00 2.2622822252e-01 8.4532692172e+01
1.2769568263e+00 2.2930583637e-01 8.4820412361e+01
1.2503250696e+00 2.2635132707e-01 8.4660584449e+01
1.2487764648e+00 2.2622822252e-01 8.4532692172e+01
1.4093552772e+00 2.4420148739e-01 8.4372788316e+01
1.2777006528e+00 2.2942894092e-01 8.4724520544e+01
1.4255998514e+00 2.4604805570e-01 8.4212840476e+01
1.2824102345e+00 2.2992135914e-01 8.4820412361e+01
1.2867748842e+00 2.3065998646e-01 8.4244833624e+01
1.3251062796e+00 2.3472243674e-01 8.4788450052e+01
1.2220922966e+00 2.2290439956e-01 8.5235779013e+01
1.3946029738e+00 2.4272423274e-01 8.4084849675e+01
1.1766465668e+00 2.1798021741e-01 8.4404772564e+01
1.2659607597e+00 2.2807479083e-01 8.4788450052e+01
1.2973173951e+00 2.3189103200e-01 8.4148848738e+01
1.2066986254e+00 2.2130404036e-01 8.4788450052e+01
1.3149391295e+00 2.3373760031e-01 8.4436755064e+01
1.3219246000e+00 2.3447622763e-01 8.4532692172e+01
1.2539818049e+00 2.2647443163e-01 8.5427400756e+01
1.2019439561e+00 2.2056541304e-01 8.5299658755e+01
1.2262666976e+00 2.2364302689e-01 8.4564667778e+01
1.3830633161e+00 2.4161629176e-01 8.3764741596e+01
1.3144332981e+00 2.3349139120e-01 8.4884332141e+01
1.2923620301e+00 2.3102930012e-01 8.4852373054e+01
1.4359098301e+00 2.4727910124e-01 8.3988837165e+01
1.3754114901e+00 2.4050835077e-01 8.4308814530e+01
1.3836455315e+00 2.4137008265e-01 8.4404772564e+01
1.2817092150e+00 2.2992135914e-01 8.4628613906e+01
1.2738100970e+00 2.2881341815e-01 8.5171893334e+01
1.2791684972e+00 2.2967515003e-01 8.4532692172e+01
1.2804555311e+00 2.2967515003e-01 8.4884332141e+01
1.3698103667e+00 2.4013903711e-01 8.3796761031e+01
1.3736107991e+00 2.4038524622e-01 8.4148848738e+01
1.3556467490e+00 2.3841557336e-01 8.4116850127e+01
1.3458974380e+00 2.3706142326e-01 8.4724520544e+01
1.1984836344e+00 2.2031920393e-01 8.4884332141e+01
1.3330075048e+00 2.3546106406e-01 8.5139948243e+01
1.3755658167e+00 2.4063145533e-01 8.4084849675e+01
1.3397333401e+00 2.3644590050e-01 8.4564667778e+01
1.3137899879e+00 2.3336828665e-01 8.5012152633e+01
1.2692415361e+00 2.2832099994e-01 8.5108001638e+01
1.2251293981e+00 2.2339681778e-01 8.4852373054e+01
1.2662760645e+00 2.2844410449e-01 8.4020843204e+01
1.3554010370e+00 2.3816936425e-01 8.4596641686e+01
1.2274561544e+00 2.2376613144e-01 8.4596641686e+01
1.3258497257e+00 2.3484554129e-01 8.4692553325e+01
1.2008279454e+00 2.2056541304e-01 8.4948245538e+01
1.1665992911e+00 2.1650296276e-01 8.5203836921e+01
1.1401599610e+00 2.1330224436e-01 8.5523192275e+01
1.3048109309e+00 2.3250655477e-01 8.4660584449e+01
1.3410513418e+00 2.3669210960e-01 8.4340802307e+01
1.3252338663e+00 2.3484554129e-01 8.4532692172e+01
1.2698949890e+00 2.2844410449e-01 8.4980199868e+01
1.2827905624e+00 2.3016756825e-01 8.4340802307e+01
1.1684507753e+00 2.1687227642e-01 8.4788450052e+01
1.2888694580e+00 2.3078309102e-01 8.4500714858e+01
1.2866633804e+00 2.3041377735e-01 8.4788450052e+01
1.3028544894e+00 2.3238345022e-01 8.4436755064e+01
1.2448059600e+00 2.2573580430e-01 8.4628613906e+01
1.3301190795e+00 2.3546106406e-01 8.4372788316e+01
1.3286709563e+00 2.3521485496e-01 8.4564667778e+01
1.4137314200e+00 2.4481701016e-01 8.4084849675e+01
1.2512908458e+00 2.2647443163e-01 8.4628613906e+01
1.2845921508e+00 2.3041377735e-01 8.4244833624e+01
1.2400152659e+00 2.2487407243e-01 8.5459332672e+01
1.3049308250e+00 2.3250655477e-01 8.4692553325e+01
1.2581631731e+00 2.2708995440e-01 8.5044103843e+01
1.3394856649e+00 2.3632279594e-01 8.4788450052e+01
1.4340479569e+00 2.4678668302e-01 8.4596641686e+01
1.2624635735e+00 2.2745926806e-01 8.5363532643e+01
1.2365363603e+00 2.2462786332e-01 8.5044103843e+01
1.3150051752e+00 2.3386070486e-01 8.4180845518e+01
1.2452981998e+00 2.2585890886e-01 8.4468735825e+01
1.2959187612e+00 2.3152171834e-01 8.4628613906e+01
1.2803420669e+00 2.2967515003e-01 8.4852373054e+01
1.2318877786e+00 2.2438165421e-01 8.4340802307e+01
1.2201919054e+00 2.2278129501e-01 8.4980199868e+01
1.1976753485e+00 2.2007299482e-01 8.5299658755e+01
1.2402008774e+00 2.2512028154e-01 8.4852373054e+01
1.2478135166e+00 2.2610511797e-01 8.4564667778e+01
1.3045883500e+00 2.3275276388e-01 8.4052847370e+01
1.3783131005e+00 2.4075455988e-01 8.4468735825e+01
1.3655244146e+00 2.3952351434e-01 8.4084849675e+01
1.2260057342e+00 2.2327371323e-01 8.5459332672e+01
1.4110226034e+00 2.4432459195e-01 8.4500714858e+01
1.2804992232e+00 2.2979825458e-01 8.4596641686e+01
1.3449634150e+00 2.3730763237e-01 8.3956829243e+01
1.2593554250e+00 2.2721305895e-01 8.5076053508e+01
1.3628118338e+00 2.3903109613e-01 8.4500714858e+01
1.2896438138e+00 2.3065998646e-01 8.5012152633e+01
1.2226515445e+00 2.2315060867e-01 8.4756486116e+01
1.2312554055e+00 2.2401234055e-01 8.5076053508e+01
1.2660744405e+00 2.2807479083e-01 8.4820412361e+01
1.4120450467e+00 2.4457080105e-01 8.4212840476e+01
1.3337496255e+00 2.3595348228e-01 8.4180845518e+01
1.3067511091e+00 2.3250655477e-01 8.5203836921e+01
1.2385618346e+00 2.2499717698e-01 8.4692553325e+01
1.1913434583e+00 2.1945747206e-01 8.4980199868e+01
1.3622893748e+00 2.3903109613e-01 8.4372788316e+01
1.2548029737e+00 2.2672064074e-01 8.5012152633e+01
1.4080914624e+00 2.4407838284e-01 8.4340802307e+01
1.1766026526e+00 2.1761090375e-01 8.5363532643e+01
1.2928714655e+00 2.3127550923e-01 8.4404772564e+01
1.2626149478e+00 2.2782858172e-01 8.4468735825e+01
1.3027289249e+00 2.3238345022e-01 8.4404772564e+01
1.2686967550e+00 2.2832099994e-01 8.4948245538e+01
1.3129627835e+00 2.3373760031e-01 8.3956829243e+01
1.2340604134e+00 2.2438165421e-01 8.4948245538e+01
1.3282939639e+00 2.3521485496e-01 8.4468735825e+01
1.2436372663e+00 2.2536649064e-01 8.5235779013e+01
1.2192683717e+00 2.2253508590e-01 8.5363532643e+01
1.2376295491e+00 2.2499717698e-01 8.4436755064e+01
1.2798924805e+00 2.2979825458e-01 8.4436755064e+01
1.2013606417e+00 2.2068851759e-01 8.4788450052e+01
1.3095635067e+00 2.3299897299e-01 8.4756486116e+01
1.1343874631e+00 2.1244051248e-01 8.6129591989e+01
1.2421365737e+00 2.2536649064e-01 8.4788450052e+01
1.3031034557e+00 2.3238345022e-01 8.4500714858e+01
1.1915703860e+00 2.1933436750e-01 8.5395467416e+01
1.2610913949e+00 2.2745926806e-01 8.4948245538e+01
1.1622230673e+00 2.1613364910e-01 8.4820412361e+01
1.3399802117e+00 2.3669210960e-01 8.4084849675e+01
1.3180397366e+00 2.3423001852e-01 8.4116850127e+01
1.2653809976e+00 2.2819789538e-01 8.4340802307e+01
1.1921516358e+00 2.1945747206e-01 8.5235779013e+01
1.1719366675e+00 2.1724159008e-01 8.4884332141e+01
1.3763369396e+00 2.4050835077e-01 8.4532692172e+01
1.1536537844e+00 2.1502570811e-01 8.5108001638e+01
1.2921493691e+00 2.3115240468e-01 8.4500714858e+01
1.2235641617e+00 2.2302750412e-01 8.5363532643e+01
1.3099420666e+00 2.3287586843e-01 8.5171893334e+01
1.3364112565e+00 2.3607658683e-01 8.4564667778e+01
1.2798110889e+00 2.2955204548e-01 8.5012152633e+01
1.3129897681e+00 2.3349139120e-01 8.4500714858e+01
1.2974987374e+00 2.3176792745e-01 8.4468735825e+01
1.2995028464e+00 2.3176792745e-01 8.5012152633e+01
1.2895914724e+00 2.3090619557e-01 8.4404772564e+01
1.3093151080e+00 2.3312207754e-01 8.4404772564e+01
1.2768422238e+00 2.2930583637e-01 8.4788450052e+01
1.3279584914e+00 2.3533795951e-01 8.4116850127e+01
1.2959891039e+00 2.3139861378e-01 8.4948245538e+01
1.2999369403e+00 2.3201413655e-01 8.4532692172e+01
1.3139647501e+00 2.3361449576e-01 8.4468735825e+01
1.2809718617e+00 2.2979825458e-01 8.4724520544e+01
1.5326089729e+00 2.5786609288e-01 8.3604614884e+01
1.2999157143e+00 2.3189103200e-01 8.4820412361e+01
1.4363360760e+00 2.4752531035e-01 8.3604614884e+01
1.2157703825e+00 2.2241198135e-01 8.4628613906e+01
1.3183062715e+00 2.3423001852e-01 8.4180845518e+01
1.3849330914e+00 2.4161629176e-01 8.4180845518e+01
1.3249868613e+00 2.3472243674e-01 8.4756486116e+01
1.2587001760e+00 2.2721305895e-01 8.4884332141e+01
1.3992377552e+00 2.4321665096e-01 8.4116850127e+01
1.1990066750e+00 2.2031920393e-01 8.5044103843e+01
1.1916650554e+00 2.1933436750e-01 8.5427400756e+01
1.2654353548e+00 2.2795168628e-01 8.4948245538e+01
1.3543779278e+00 2.3841557336e-01 8.3828778522e+01
1.3718663924e+00 2.4001593256e-01 8.4532692172e+01
1.2462583212e+00 2.2598201341e-01 8.4436755064e+01
1.3631957825e+00 2.3903109613e-01 8.4596641686e+01
1.3013792675e+00 2.3226034566e-01 8.4340802307e+01
1.2989201821e+00 2.3238345022e-01 8.3508514856e+01
1.3877950989e+00 2.4173939631e-01 8.4596641686e+01
1.3183691162e+00 2.3398380942e-01 8.4756486116e+01
1.3417607283e+00 2.3644590050e-01 8.5108001638e+01
1.2688071134e+00 2.2832099994e-01 8.4980199868e+01
1.2502543984e+00 2.2622822252e-01 8.4948245538e+01
1.3097989943e+00 2.3299897299e-01 8.4820412361e+01
1.2409451677e+00 2.2524338609e-01 8.4756486116e+01
1.2675526366e+00 2.2844410449e-01 8.4340802307e+01
1.3040048546e+00 2.3226034566e-01 8.5044103843e+01
1.2600062222e+00 2.2733616351e-01 8.4948245538e+01
1.2965108449e+00 2.3152171834e-01 8.4788450052e+01
1.3007861247e+00 2.3213724111e-01 8.4468735825e+01
1.2887466153e+00 2.3078309102e-01 8.4468735825e+01
1.3164155925e+00 2.3386070486e-01 8.4532692172e+01
1.3043241433e+00 2.3250655477e-01 8.4532692172e+01
1.3056386355e+00 2.3275276388e-01 8.4308814530e+01
1.3131988277e+00 2.3361449576e-01 8.4276824972e+01
1.3061464276e+00 2.3275276388e-01 8.4436755064e+01
1.3110380039e+00 2.3324518209e-01 8.4564667778e+01
1.1877793101e+00 2.1884194929e-01 8.5555119982e+01
1.3743082746e+00 2.4050835077e-01 8.4052847370e+01
1.2387989418e+00 2.2487407243e-01 8.5076053508e+01
1.3165196011e+00 2.3373760031e-01 8.4852373054e+01
1.3512032069e+00 2.3792315514e-01 8.4116850127e+01
1.3118385236e+00 2.3349139120e-01 8.4212840476e+01
1.3057498982e+00 2.3250655477e-01 8.4916289633e+01
1.3402038859e+00 2.3656900505e-01 8.4404772564e+01
1.1923470757e+00 2.1945747206e-01 8.5299658755e+01
1.3305104984e+00 2.3533795951e-01 8.4756486116e+01
1.2137100279e+00 2.2191956313e-01 8.5299658755e+01
1.2437262932e+00 2.2561269975e-01 8.4628613906e+01
1.3468448599e+00 2.3767694603e-01 8.3636644199e+01
1.4052533294e+00 2.4370906918e-01 8.4468735825e+01
1.3145569567e+00 2.3373760031e-01 8.4340802307e+01
1.3205086106e+00 2.3447622763e-01 8.4180845518e+01
1.3484796233e+00 2.3743073693e-01 8.4532692172e+01
1.3708089550e+00 2.4001593256e-01 8.4276824972e+01
1.2279473046e+00 2.2388923600e-01 8.4436755064e+01
1.3355533628e+00 2.3595348228e-01 8.4628613906e+01
1.2930381386e+00 2.3102930012e-01 8.5044103843e+01
1.3095667109e+00 2.3312207754e-01 8.4468735825e+01
1.3202451556e+00 2.3459933219e-01 8.3860794078e+01
1.4038584515e+00 2.4358596462e-01 8.4404772564e+01
1.4113321522e+00 2.4457080105e-01 8.4052847370e+01
1.3226925824e+00 2.3496864585e-01 8.3668671517e+01
1.2629310068e+00 2.2758237261e-01 8.5171893334e+01
1.2185232991e+00 2.2290439956e-01 8.4212840476e+01
1.2698462093e+00 2.2856720904e-01 8.4660584449e+01
1.2796464199e+00 2.2967515003e-01 8.4660584449e+01
1.3808675035e+00 2.4112387354e-01 8.4276824972e+01
1.3419496648e+00 2.3669210960e-01 8.4564667778e+01
1.2637000225e+00 2.2795168628e-01 8.4468735825e+01
1.3270750129e+00 2.3496864585e-01 8.4724520544e+01
1.3711333096e+00 2.3989282800e-01 8.4628613906e+01
1.3001809991e+00 2.3201413655e-01 8.4596641686e+01
1.3926146673e+00 2.4260112819e-01 8.3892807710e+01
1.3821330479e+00 2.4137008265e-01 8.4052847370e+01
1.3350527609e+00 2.3595348228e-01 8.4500714858e+01
1.1991268938e+00 2.2019609938e-01 8.5427400756e+01
1.3585655954e+00 2.3878488702e-01 8.4020843204e+01
1.2070225868e+00 2.2130404036e-01 8.4884332141e+01
1.2861255062e+00 2.3065998646e-01 8.4084849675e+01
1.5058631814e+00 2.5466537447e-01 8.4276824972e+01
1.1847072003e+00 2.1859574018e-01 8.5235779013e+01
1.2536866829e+00 2.2672064074e-01 8.4692553325e+01
1.2997991683e+00 2.3189103200e-01 8.4788450052e+01
1.2257140404e+00 2.2327371323e-01 8.5363532643e+01
1.1489314510e+00 2.1416397624e-01 8.6065782067e+01
1.2683614723e+00 2.2832099994e-01 8.4852373054e+01
1.3981140206e+00 2.4309354641e-01 8.4116850127e+01
1.2627026822e+00 2.2770547717e-01 8.4788450052e+01
1.3591157460e+00 2.3853867791e-01 8.4692553325e+01
1.2382173768e+00 2.2499717698e-01 8.4596641686e+01
1.1612237661e+00 2.1588743999e-01 8.5171893334e+01
1.2014588130e+00 2.2031920393e-01 8.5874322654e+01
1.2872870210e+00 2.3053688191e-01 8.4660584449e+01
1.2568203486e+00 2.2708995440e-01 8.4660584449e+01
1.3100315896e+00 2.3299897299e-01 8.4884332141e+01
1.3374688490e+00 2.3656900505e-01 8.3764741596e+01
1.3457922339e+00 2.3730763237e-01 8.4148848738e+01
1.3800793109e+00 2.4087766444e-01 8.4628613906e+01
1.3873086587e+00 2.4161629176e-01 8.4756486116e+01
1.3209035600e+00 2.3447622763e-01 8.4276824972e+01
1.2216840595e+00 2.2290439956e-01 8.5108001638e+01
1.2455925344e+00 2.2561269975e-01 8.5171893334e+01
1.2447179725e+00 2.2548959520e-01 8.5235779013e+01
1.2591191913e+00 2.2745926806e-01 8.4404772564e+01
1.3403328580e+00 2.3656900505e-01 8.4436755064e+01
1.2742497537e+00 2.2893652271e-01 8.4980199868e+01
1.3064777533e+00 2.3287586843e-01 8.4244833624e+01
1.2386931289e+00 2.2487407243e-01 8.5044103843e+01
1.3688999895e+00 2.3964661890e-01 8.4628613906e+01
1.2140737366e+00 2.2204266769e-01 8.5076053508e+01
1.3791677043e+00 2.4087766444e-01 8.4404772564e+01
1.2902061779e+00 2.3090619557e-01 8.4564667778e+01
1.2432160501e+00 2.2548959520e-01 8.4788450052e+01
1.2014688451e+00 2.2068851759e-01 8.4820412361e+01
1.3259589989e+00 2.3496864585e-01 8.4436755064e+01
1.2156568618e+00 2.2241198135e-01 8.4596641686e+01
1.2051489018e+00 2.2093472670e-01 8.5299658755e+01
1.3384998444e+00 2.3632279594e-01 8.4532692172e+01
1.3747103982e+00 2.4063145533e-01 8.3892807710e+01
1.3248667119e+00 2.3472243674e-01 8.4724520544e+01
1.3084680075e+00 2.3299897299e-01 8.4468735825e+01
1.3578349885e+00 2.3915420068e-01 8.3155989002e+01
1.3514760703e+00 2.3792315514e-01 8.4180845518e+01
1.2216840595e+00 2.2290439956e-01 8.5108001638e+01
1.2499696083e+00 2.2647443163e-01 8.4276824972e+01
1.3195614688e+00 2.3447622763e-01 8.3956829243e+01
1.3236422583e+00 2.3459933219e-01 8.4692553325e+01
1.3010332561e+00 2.3213724111e-01 8.4532692172e+01
1.2691339820e+00 2.2832099994e-01 8.5076053508e+01
1.1596175507e+00 2.1551812633e-01 8.5714737975e+01
1.2497203652e+00 2.2647443163e-01 8.4212840476e+01
1.2420368225e+00 2.2524338609e-01 8.5076053508e+01
1.2764290924e+00 2.2918273181e-01 8.4980199868e+01
1.2195374989e+00 2.2265819046e-01 8.5108001638e+01
1.3703910292e+00 2.4013903711e-01 8.3924819428e+01
1.3356464815e+00 2.3607658683e-01 8.4372788316e+01
1.2605660738e+00 2.2758237261e-01 8.4500714858e+01
1.2616258210e+00 2.2782858172e-01 8.4212840476e+01
1.2091286919e+00 2.2142714492e-01 8.5203836921e+01
1.1996558679e+00 2.2044230849e-01 8.4916289633e+01
1.3212770668e+00 2.3423001852e-01 8.4948245538e+01
1.2799974284e+00 2.2967515003e-01 8.4756486116e+01
1.3273886199e+00 2.3521485496e-01 8.4244833624e+01
1.3764754334e+00 2.4038524622e-01 8.4852373054e+01
1.4006665799e+00 2.4309354641e-01 8.4724520544e+01
1.1473288990e+00 2.1416397624e-01 8.5459332672e+01
1.2477607872e+00 2.2598201341e-01 8.4852373054e+01
1.3586838287e+00 2.3866178247e-01 8.4308814530e+01
1.2917789751e+00 2.3102930012e-01 8.4692553325e+01
1.2083042539e+00 2.2142714492e-01 8.4948245538e+01
1.2699630693e+00 2.2856720904e-01 8.4692553325e+01
1.3909517361e+00 2.4223181453e-01 8.4276824972e+01
1.2755214740e+00 2.2918273181e-01 8.4724520544e+01
1.2606454850e+00 2.2745926806e-01 8.4820412361e+01
1.3420607451e+00 2.3656900505e-01 8.4884332141e+01
1.2857273171e+00 2.3065998646e-01 8.3988837165e+01
1.3118899982e+00 2.3336828665e-01 8.4500714858e+01
1.3308414265e+00 2.3583037773e-01 8.3764741596e+01
1.1893464220e+00 2.1908815839e-01 8.5363532643e+01
1.3263098704e+00 2.3521485496e-01 8.3988837165e+01
1.2372932937e+00 2.2475096787e-01 8.4948245538e+01
1.3663467488e+00 2.3952351434e-01 8.4276824972e+01
1.2731117258e+00 2.2905962726e-01 8.4372788316e+01
1.2894729726e+00 2.3078309102e-01 8.4660584449e+01
1.3868940494e+00 2.4186250087e-01 8.4116850127e+01
1.2526042059e+00 2.2659753618e-01 8.4692553325e+01
1.2443026129e+00 2.2548959520e-01 8.5108001638e+01
1.3044212464e+00 2.3238345022e-01 8.4852373054e+01
1.2427962290e+00 2.2536649064e-01 8.4980199868e+01
1.3398125261e+00 2.3656900505e-01 8.4308814530e+01
1.2669329647e+00 2.2819789538e-01 8.4756486116e+01
1.3670112725e+00 2.3952351434e-01 8.4436755064e+01
1.3169392595e+00 2.3410691397e-01 8.4116850127e+01
1.2657496646e+00 2.2819789538e-01 8.4436755064e+01
1.3565916194e+00 2.3841557336e-01 8.4340802307e+01
1.2864303787e+00 2.3041377735e-01 8.4724520544e+01
1.1656395475e+00 2.1637985821e-01 8.5235779013e+01
1.3186444404e+00 2.3386070486e-01 8.5139948243e+01
1.3954396503e+00 2.4284733730e-01 8.4020843204e+01
1.2572926088e+00 2.2696684984e-01 8.5108001638e+01
1.2851023678e+00 2.3029067280e-01 8.4660584449e+01
1.2725999599e+00 2.2881341815e-01 8.4820412361e+01
1.2376607758e+00 2.2462786332e-01 8.5395467416e+01
1.3872400614e+00 2.4210870998e-01 8.3700696849e+01
1.5038934939e+00 2.5478847903e-01 8.3636644199e+01
1.4021864906e+00 2.4346286007e-01 8.4276824972e+01
1.3539679202e+00 2.3816936425e-01 8.4244833624e+01
1.2756373952e+00 2.2918273181e-01 8.4756486116e+01
1.2564203628e+00 2.2696684984e-01 8.4852373054e+01
1.2617306226e+00 2.2758237261e-01 8.4820412361e+01
1.2833867353e+00 2.3004446369e-01 8.4788450052e+01
1.2647601187e+00 2.2795168628e-01 8.4756486116e+01
1.3248667119e+00 2.3472243674e-01 8.4724520544e+01
1.3891047658e+00 2.4223181453e-01 8.3860794078e+01
1.2861945320e+00 2.3041377735e-01 8.4660584449e+01
1.2802586524e+00 2.2979825458e-01 8.4532692172e+01
1.2520846257e+00 2.2635132707e-01 8.5171893334e+01
1.4383673640e+00 2.4715599669e-01 8.4820412361e+01
1.2287834293e+00 2.2401234055e-01 8.4372788316e+01
1.2826382366e+00 2.2992135914e-01 8.4884332141e+01
1.2575523915e+00 2.2721305895e-01 8.4564667778e+01
1.4118217335e+00 2.4494011472e-01 8.3444437996e+01
1.2044667616e+00 2.2081162215e-01 8.5427400756e+01
1.3110003737e+00 2.3336828665e-01 8.4276824972e+01
1.3308808655e+00 2.3546106406e-01 8.4564667778e+01
1.1973112464e+00 2.2019609938e-01 8.4852373054e+01
1.2469004214e+00 2.2585890886e-01 8.4916289633e+01
1.3023743426e+00 2.3226034566e-01 8.4596641686e+01
1.2611570768e+00 2.2758237261e-01 8.4660584449e+01
1.3019930029e+00 2.3213724111e-01 8.4788450052e+01
1.2761269190e+00 2.2942894092e-01 8.4308814530e+01
1.3199675946e+00 2.3423001852e-01 8.4596641686e+01
1.2444463317e+00 2.2585890886e-01 8.4244833624e+01
1.2535803345e+00 2.2647443163e-01 8.5299658755e+01
1.3367836813e+00 2.3607658683e-01 8.4660584449e+01
1.1714939287e+00 2.1699538098e-01 8.5427400756e+01
1.3600854974e+00 2.3853867791e-01 8.4948245538e+01
1.1926201833e+00 2.1970368116e-01 8.4724520544e+01
1.0888424378e+00 2.0727012122e-01 8.5395467416e+01
1.4389118886e+00 2.4752531035e-01 8.4148848738e+01
1.2813491326e+00 2.2992135914e-01 8.4532692172e+01
1.2703297631e+00 2.2844410449e-01 8.5108001638e+01
1.5101406448e+00 2.5552710635e-01 8.3508514856e+01
1.2675545955e+00 2.2832099994e-01 8.4628613906e+01
1.4192298505e+00 2.4543253293e-01 8.4052847370e+01
1.2588739074e+00 2.2745926806e-01 8.4340802307e+01
1.3258932137e+00 2.3521485496e-01 8.3892807710e+01
1.3516842333e+00 2.3780005059e-01 8.4500714858e+01
1.3258932137e+00 2.3521485496e-01 8.3892807710e+01
1.3592536604e+00 2.3890799157e-01 8.3924819428e+01
1.2904015190e+00 2.3078309102e-01 8.4916289633e+01
1.2973717573e+00 2.3164482289e-01 8.4724520544e+01
1.3380387661e+00 2.3644590050e-01 8.4148848738e+01
1.3587053995e+00 2.3878488702e-01 8.4052847370e+01
1.2475456824e+00 2.2585890886e-01 8.5108001638e+01
1.3083455235e+00 2.3287586843e-01 8.4724520544e+01
1.2207277918e+00 2.2265819046e-01 8.5491263175e+01
1.2674983253e+00 2.2819789538e-01 8.4916289633e+01
1.3197200311e+00 2.3423001852e-01 8.4532692172e+01
1.3379891968e+00 2.3632279594e-01 8.4404772564e+01
1.3409310086e+00 2.3693831871e-01 8.3796761031e+01
1.3287744824e+00 2.3509175040e-01 8.4884332141e+01
1.3253133401e+00 2.3496864585e-01 8.4276824972e+01
1.3155615405e+00 2.3373760031e-01 8.4596641686e+01
1.2781786559e+00 2.2967515003e-01 8.4276824972e+01
1.2302840269e+00 2.2401234055e-01 8.4788450052e+01
1.4812496011e+00 2.5244949250e-01 8.3476477450e+01
1.2644333588e+00 2.2770547717e-01 8.5299658755e+01
1.3736777955e+00 2.4063145533e-01 8.3668671517e+01
1.2368553240e+00 2.2475096787e-01 8.4820412361e+01
1.2794773324e+00 2.2955204548e-01 8.4916289633e+01
1.3118125079e+00 2.3312207754e-01 8.5076053508e+01
1.2530629223e+00 2.2647443163e-01 8.5139948243e+01
1.3426774612e+00 2.3681521416e-01 8.4468735825e+01
1.3673316037e+00 2.3976972345e-01 8.3988837165e+01
1.2345894387e+00 2.2450475877e-01 8.4788450052e+01
1.3308808655e+00 2.3546106406e-01 8.4564667778e+01
1.3041825592e+00 2.3275276388e-01 8.3956829243e+01
1.3210337477e+00 2.3447622763e-01 8.4308814530e+01
1.2307225656e+00 2.2401234055e-01 8.4916289633e+01
1.3807295650e+00 2.4124697810e-01 8.3988837165e+01
1.2682483087e+00 2.2832099994e-01 8.4820412361e+01
1.2542951047e+00 2.2696684984e-01 8.4276824972e+01
1.2802278951e+00 2.2967515003e-01 8.4820412361e+01
1.2131234196e+00 2.2179645858e-01 8.5459332672e+01
1.2758999825e+00 2.2930583637e-01 8.4532692172e+01
1.3069202305e+00 2.3312207754e-01 8.3828778522e+01
1.3336920327e+00 2.3583037773e-01 8.4436755064e+01
1.2413343259e+00 2.2548959520e-01 8.4276824972e+01
1.4167999884e+00 2.4494011472e-01 8.4532692172e+01
1.2905143799e+00 2.3078309102e-01 8.4948245538e+01
1.2396400479e+00 2.2512028154e-01 8.4692553325e+01
1.3804556399e+00 2.4112387354e-01 8.4180845518e+01
1.3279365804e+00 2.3509175040e-01 8.4660584449e+01
1.2191702744e+00 2.2253508590e-01 8.5331596426e+01
1.3290613280e+00 2.3558416862e-01 8.3860794078e+01
1.2882606534e+00 2.3065998646e-01 8.4628613906e+01
1.1844058092e+00 2.1847263562e-01 8.5491263175e+01
1.4195133593e+00 2.4530942838e-01 8.4372788316e+01
1.3846253466e+00 2.4173939631e-01 8.3860794078e+01
1.2238357929e+00 2.2327371323e-01 8.4788450052e+01
1.2053077324e+00 2.2105783126e-01 8.5012152633e+01
1.3846253466e+00 2.4173939631e-01 8.3860794078e+01
1.3539072002e+00 2.3804625970e-01 8.4500714858e+01
1.2925144922e+00 2.3115240468e-01 8.4596641686e+01
1.3303055893e+00 2.3570727317e-01 8.3892807710e+01
1.2999157143e+00 2.3189103200e-01 8.4820412361e+01
1.3158793649e+00 2.3361449576e-01 8.4980199868e+01
1.1589990601e+00 2.1551812633e-01 8.5491263175e+01
1.3785741197e+00 2.4075455988e-01 8.4532692172e+01
1.2499237148e+00 2.2622822252e-01 8.4852373054e+01
1.2418239881e+00 2.2524338609e-01 8.5012152633e+01
1.3340727165e+00 2.3583037773e-01 8.4532692172e+01
1.3460625501e+00 2.3730763237e-01 8.4212840476e+01
1.1949209505e+00 2.2019609938e-01 8.4180845518e+01
1.2633274015e+00 2.2782858172e-01 8.4660584449e+01
1.3242549940e+00 2.3472243674e-01 8.4564667778e+01
1.2358298126e+00 2.2475096787e-01 8.4532692172e+01
1.3036673323e+00 2.3226034566e-01 8.4948245538e+01
1.2189720572e+00 2.2253508590e-01 8.5267719621e+01
1.2704589667e+00 2.2869031360e-01 8.4532692172e+01
1.1719833812e+00 2.1711848553e-01 8.5235779013e+01
1.2367441191e+00 2.2475096787e-01 8.4788450052e+01
1.3323726821e+00 2.3595348228e-01 8.3860794078e+01
1.2637883814e+00 2.2782858172e-01 8.4788450052e+01
1.3253585023e+00 2.3484554129e-01 8.4564667778e+01
1.2418239881e+00 2.2524338609e-01 8.5012152633e+01
1.2918970142e+00 2.3102930012e-01 8.4724520544e+01
1.2940902116e+00 2.3139861378e-01 8.4436755064e+01
1.3109146397e+00 2.3324518209e-01 8.4532692172e+01
1.2394501922e+00 2.2499717698e-01 8.4948245538e+01
1.2532817560e+00 2.2659753618e-01 8.4884332141e+01
1.3580980419e+00 2.3853867791e-01 8.4436755064e+01
1.2457697849e+00 2.2585890886e-01 8.4596641686e+01
1.3430038008e+00 2.3693831871e-01 8.4276824972e+01
1.3222954353e+00 2.3447622763e-01 8.4628613906e+01
1.3709254043e+00 2.4026214167e-01 8.3796761031e+01
1.2837722187e+00 2.3016756825e-01 8.4596641686e+01
1.2288923307e+00 2.2376613144e-01 8.5012152633e+01
1.2898265240e+00 2.3078309102e-01 8.4756486116e+01
1.2657635288e+00 2.2795168628e-01 8.5044103843e+01
1.3437148286e+00 2.3718452782e-01 8.3924819428e+01
1.2602030897e+00 2.2758237261e-01 8.4404772564e+01
1.2666664193e+00 2.2844410449e-01 8.4116850127e+01
1.2637883814e+00 2.2782858172e-01 8.4788450052e+01
1.3414602929e+00 2.3656900505e-01 8.4724520544e+01
1.2524888532e+00 2.2659753618e-01 8.4660584449e+01
1.2631521103e+00 2.2770547717e-01 8.4916289633e+01
1.3110383379e+00 2.3349139120e-01 8.4020843204e+01
1.3606497720e+00 2.3903109613e-01 8.3988837165e+01
1.3364918892e+00 2.3619969139e-01 8.4308814530e+01
1.2497093703e+00 2.2610511797e-01 8.5108001638e+01
1.2248339143e+00 2.2315060867e-01 8.5427400756e+01
1.2067001552e+00 2.2105783126e-01 8.5459332672e+01
1.2615261489e+00 2.2745926806e-01 8.5076053508e+01
1.2914957245e+00 2.3090619557e-01 8.4916289633e+01
1.2313599296e+00 2.2401234055e-01 8.5108001638e+01
1.2662313997e+00 2.2819789538e-01 8.4564667778e+01
1.2036032248e+00 2.2093472670e-01 8.4820412361e+01
1.3778369259e+00 2.4050835077e-01 8.4916289633e+01
1.3211632046e+00 2.3447622763e-01 8.4340802307e+01
1.3354118338e+00 2.3583037773e-01 8.4884332141e+01
1.2789069320e+00 2.2955204548e-01 8.4756486116e+01
1.3028544894e+00 2.3238345022e-01 8.4436755064e+01
1.3329107642e+00 2.3583037773e-01 8.4244833624e+01
1.1946390522e+00 2.1994989027e-01 8.4692553325e+01
1.3898299993e+00 2.4210870998e-01 8.4276824972e+01
1.3413117108e+00 2.3669210960e-01 8.4404772564e+01
1.3565136148e+00 2.3829246880e-01 8.4596641686e+01
1.3028544894e+00 2.3238345022e-01 8.4436755064e+01
1.4373105261e+00 2.4764841490e-01 8.3572583562e+01
1.3170275820e+00 2.3386070486e-01 8.4692553325e+01
1.2655454456e+00 2.2795168628e-01 8.4980199868e+01
1.1965470538e+00 2.2019609938e-01 8.4628613906e+01
1.3662115802e+00 2.3952351434e-01 8.4244833624e+01
1.4057011310e+00 2.4383217373e-01 8.4308814530e+01
1.3301661903e+00 2.3558416862e-01 8.4116850127e+01
1.3507582011e+00 2.3804625970e-01 8.3764741596e+01
1.3590803930e+00 2.3866178247e-01 8.4404772564e+01
1.2849834728e+00 2.3029067280e-01 8.4628613906e+01
1.2494995198e+00 2.2635132707e-01 8.4436755064e+01
1.2226540001e+00 2.2302750412e-01 8.5076053508e+01
1.3314809894e+00 2.3558416862e-01 8.4436755064e+01
1.2995654594e+00 2.3201413655e-01 8.4436755064e+01
1.3153985704e+00 2.3386070486e-01 8.4276824972e+01
1.1875021732e+00 2.1884194929e-01 8.5459332672e+01
1.3105401983e+00 2.3324518209e-01 8.4436755064e+01
1.3527955571e+00 2.3792315514e-01 8.4500714858e+01
1.3140372092e+00 2.3373760031e-01 8.4212840476e+01
1.2992778296e+00 2.3176792745e-01 8.4948245538e+01
1.3091114153e+00 2.3324518209e-01 8.4084849675e+01
1.3795878005e+00 2.4075455988e-01 8.4788450052e+01
1.1944773859e+00 2.1970368116e-01 8.5299658755e+01
1.3304350399e+00 2.3558416862e-01 8.4180845518e+01
1.3069161462e+00 2.3299897299e-01 8.4084849675e+01
1.2749312836e+00 2.2918273181e-01 8.4564667778e+01
1.2871679353e+00 2.3053688191e-01 8.4628613906e+01
1.2536647416e+00 2.2696684984e-01 8.4116850127e+01
1.2653818492e+00 2.2807479083e-01 8.4628613906e+01
1.2502092123e+00 2.2635132707e-01 8.4628613906e+01
1.3372010429e+00 2.3632279594e-01 8.4212840476e+01
1.3893665254e+00 2.4247802364e-01 8.3444437996e+01
1.1804605785e+00 2.1810332196e-01 8.5235779013e+01
1.2228722607e+00 2.2315060867e-01 8.4820412361e+01
1.2607580085e+00 2.2745926806e-01 8.4852373054e+01
1.3593931464e+00 2.3878488702e-01 8.4212840476e+01
1.2871208505e+00 2.3041377735e-01 8.4916289633e+01
1.4010615938e+00 2.4333975551e-01 8.4276824972e+01
1.2343267626e+00 2.2425854966e-01 8.5363532643e+01
1.3316763552e+00 2.3533795951e-01 8.5076053508e+01
1.2933665590e+00 2.3102930012e-01 8.5139948243e+01
1.2799974284e+00 2.2967515003e-01 8.4756486116e+01
1.2849025868e+00 2.3053688191e-01 8.4052847370e+01
1.2309377457e+00 2.2401234055e-01 8.4980199868e+01
1.3527221049e+00 2.3804625970e-01 8.4212840476e+01
1.1853728976e+00 2.1871884473e-01 8.5108001638e+01
1.2994401941e+00 2.3201413655e-01 8.4404772564e+01
1.2251213062e+00 2.2315060867e-01 8.5523192275e+01
1.2699630693e+00 2.2856720904e-01 8.4692553325e+01
1.2532132402e+00 2.2684374529e-01 8.4276824972e+01
1.3187234981e+00 2.3398380942e-01 8.4852373054e+01
1.3095667109e+00 2.3312207754e-01 8.4468735825e+01
1.2401401127e+00 2.2524338609e-01 8.4532692172e+01
1.2780468571e+00 2.2942894092e-01 8.4820412361e+01
1.2495868056e+00 2.2622822252e-01 8.4756486116e+01
1.3381179676e+00 2.3632279594e-01 8.4436755064e+01
1.1907876137e+00 2.1921126295e-01 8.5491263175e+01
1.2144036292e+00 2.2216577224e-01 8.4852373054e+01
1.2688756914e+00 2.2844410449e-01 8.4692553325e+01
1.2270584264e+00 2.2364302689e-01 8.4788450052e+01
1.3065016575e+00 2.3262965932e-01 8.4820412361e+01
1.3542887785e+00 2.3804625970e-01 8.4596641686e+01
1.2283535659e+00 2.2376613144e-01 8.4852373054e+01
1.4414709006e+00 2.4777151945e-01 8.4212840476e+01
1.3489573026e+00 2.3730763237e-01 8.4948245538e+01
1.2801130156e+00 2.2967515003e-01 8.4788450052e+01
1.3076004467e+00 2.3275276388e-01 8.4820412361e+01
1.2823217845e+00 2.2979825458e-01 8.5108001638e+01
1.3699385916e+00 2.3952351434e-01 8.5203836921e+01
1.2186696747e+00 2.2253508590e-01 8.5171893334e+01
1.2631521103e+00 2.2770547717e-01 8.4916289633e+01
1.3464997659e+00 2.3706142326e-01 8.4884332141e+01
1.1536304620e+00 2.1477949901e-01 8.5842408323e+01
1.2144822973e+00 2.2204266769e-01 8.5203836921e+01
1.2266354500e+00 2.2351992233e-01 8.4980199868e+01
1.2923934995e+00 2.3115240468e-01 8.4564667778e+01
1.1554852676e+00 2.1502570811e-01 8.5746657535e+01
1.2535020584e+00 2.2659753618e-01 8.4948245538e+01
1.2671129006e+00 2.2795168628e-01 8.5459332672e+01
1.3287549542e+00 2.3533795951e-01 8.4308814530e+01
1.3759832605e+00 2.4063145533e-01 8.4180845518e+01
1.3019603957e+00 2.3238345022e-01 8.4212840476e+01
1.2922717918e+00 2.3115240468e-01 8.4532692172e+01
1.1086798543e+00 2.0985531685e-01 8.4756486116e+01
1.3114037488e+00 2.3324518209e-01 8.4660584449e+01
1.2713105883e+00 2.2856720904e-01 8.5076053508e+01
1.3334801434e+00 2.3595348228e-01 8.4116850127e+01
1.3734447994e+00 2.4026214167e-01 8.4372788316e+01
1.3425490293e+00 2.3681521416e-01 8.4436755064e+01
1.2745482007e+00 2.2905962726e-01 8.4756486116e+01
1.2968574994e+00 2.3152171834e-01 8.4884332141e+01
1.2722551480e+00 2.2881341815e-01 8.4724520544e+01
1.2213707822e+00 2.2290439956e-01 8.5012152633e+01
1.3073653322e+00 2.3275276388e-01 8.4756486116e+01
1.3919362168e+00 2.4235491908e-01 8.4244833624e+01
1.3544144769e+00 2.3804625970e-01 8.4628613906e+01
1.3566203447e+00 2.3853867791e-01 8.4084849675e+01
1.2794773324e+00 2.2955204548e-01 8.4916289633e+01
1.3421592837e+00 2.3681521416e-01 8.4340802307e+01
1.2874064308e+00 2.3065998646e-01 8.4404772564e+01
1.3143169943e+00 2.3349139120e-01 8.4852373054e+01
1.1761701687e+00 2.1773400830e-01 8.4884332141e+01
1.4291374529e+00 2.4641736936e-01 8.4244833624e+01
1.3471295697e+00 2.3718452782e-01 8.4756486116e+01
1.3799553967e+00 2.4075455988e-01 8.4884332141e+01
1.2560818022e+00 2.2696684984e-01 8.4756486116e+01
1.2894663892e+00 2.3090619557e-01 8.4372788316e+01
1.3654257224e+00 2.3927730524e-01 8.4596641686e+01
1.2615032987e+00 2.2758237261e-01 8.4756486116e+01
1.3264295472e+00 2.3533795951e-01 8.3764741596e+01
1.2731100154e+00 2.2893652271e-01 8.4660584449e+01
1.3070763545e+00 2.3262965932e-01 8.4980199868e+01
1.2870075495e+00 2.3041377735e-01 8.4884332141e+01
1.3049230278e+00 2.3262965932e-01 8.4404772564e+01
1.3463298889e+00 2.3730763237e-01 8.4276824972e+01
1.2767269152e+00 2.2930583637e-01 8.4756486116e+01
1.3484153745e+00 2.3755384148e-01 8.4244833624e+01
1.4794343008e+00 2.5208017884e-01 8.3796761031e+01
1.3099386832e+00 2.3312207754e-01 8.4564667778e+01
1.2828534515e+00 2.3029067280e-01 8.4084849675e+01
1.1926201833e+00 2.1970368116e-01 8.4724520544e+01
1.3664811627e+00 2.3952351434e-01 8.4308814530e+01
1.2977229892e+00 2.3164482289e-01 8.4820412361e+01
1.4515578384e+00 2.4875635589e-01 8.4436755064e+01
1.2791372134e+00 2.2955204548e-01 8.4820412361e+01
1.2428766586e+00 2.2548959520e-01 8.4692553325e+01
1.2179735939e+00 2.2228887680e-01 8.5650894846e+01
1.3269539419e+00 2.3496864585e-01 8.4692553325e+01
1.2642959654e+00 2.2795168628e-01 8.4628613906e+01
1.4115500806e+00 2.4432459195e-01 8.4628613906e+01
1.2618432375e+00 2.2758237261e-01 8.4852373054e+01
1.3755459746e+00 2.4050835077e-01 8.4340802307e+01
1.1674998272e+00 2.1674917187e-01 8.4820412361e+01
1.2365524294e+00 2.2487407243e-01 8.4436755064e+01
1.2634567434e+00 2.2795168628e-01 8.4404772564e+01
1.2853466579e+00 2.3041377735e-01 8.4436755064e+01
1.3465119166e+00 2.3718452782e-01 8.4596641686e+01
1.2959591588e+00 2.3176792745e-01 8.4084849675e+01
1.3546725092e+00 2.3829246880e-01 8.4148848738e+01
1.2905664350e+00 2.3090619557e-01 8.4660584449e+01
1.2983490723e+00 2.3176792745e-01 8.4692553325e+01
1.2346952561e+00 2.2438165421e-01 8.5139948243e+01
1.2661120180e+00 2.2819789538e-01 8.4532692172e+01
1.3800044354e+00 2.4124697810e-01 8.3828778522e+01
1.3425629555e+00 2.3718452782e-01 8.3668671517e+01
1.2948935103e+00 2.3127550923e-01 8.4948245538e+01
1.2753392601e+00 2.2905962726e-01 8.4980199868e+01
1.3972435677e+00 2.4284733730e-01 8.4436755064e+01
1.2182925936e+00 2.2241198135e-01 8.5395467416e+01
1.3367836813e+00 2.3607658683e-01 8.4660584449e+01
1.3588444520e+00 2.3878488702e-01 8.4084849675e+01
1.3345699797e+00 2.3583037773e-01 8.4660584449e+01
1.2461035547e+00 2.2561269975e-01 8.5331596426e+01
1.2627190342e+00 2.2758237261e-01 8.5108001638e+01
1.2898394965e+00 2.3090619557e-01 8.4468735825e+01
1.3150650659e+00 2.3373760031e-01 8.4468735825e+01
1.3323575620e+00 2.3558416862e-01 8.4660584449e+01
1.1145447660e+00 2.1010152596e-01 8.6129591989e+01
1.4054978219e+00 2.4407838284e-01 8.3764741596e+01
1.3104139347e+00 2.3324518209e-01 8.4404772564e+01
1.2695615406e+00 2.2844410449e-01 8.4884332141e+01
1.4118746704e+00 2.4469390561e-01 8.3924819428e+01
1.3262602561e+00 2.3472243674e-01 8.5108001638e+01
1.1716900218e+00 2.1711848553e-01 8.5139948243e+01
1.3264472869e+00 2.3484554129e-01 8.4852373054e+01
1.2479620628e+00 2.2585890886e-01 8.5235779013e+01
1.2260845607e+00 2.2339681778e-01 8.5139948243e+01
1.3285460261e+00 2.3521485496e-01 8.4532692172e+01
1.3694212074e+00 2.3989282800e-01 8.4212840476e+01
1.1919873042e+00 2.1958057661e-01 8.4852373054e+01
1.3661744793e+00 2.3927730524e-01 8.4788450052e+01
1.1793488039e+00 2.1810332196e-01 8.4884332141e+01
1.2434936438e+00 2.2561269975e-01 8.4564667778e+01
1.2645294419e+00 2.2795168628e-01 8.4692553325e+01
1.2326438508e+00 2.2413544510e-01 8.5171893334e+01
1.3579749675e+00 2.3829246880e-01 8.4980199868e+01
1.2947365623e+00 2.3176792745e-01 8.3796761031e+01
1.2532817560e+00 2.2659753618e-01 8.4884332141e+01
1.3649114935e+00 2.3927730524e-01 8.4468735825e+01
1.2205524824e+00 2.2302750412e-01 8.4468735825e+01
1.2659919350e+00 2.2819789538e-01 8.4500714858e+01
1.3033495389e+00 2.3238345022e-01 8.4564667778e+01
1.2124773020e+00 2.2191956313e-01 8.4916289633e+01
1.2240377532e+00 2.2315060867e-01 8.5171893334e+01
1.2736018356e+00 2.2905962726e-01 8.4500714858e+01
1.3972435677e+00 2.4284733730e-01 8.4436755064e+01
1.2931200849e+00 2.3127550923e-01 8.4468735825e+01
1.2084096520e+00 2.2142714492e-01 8.4980199868e+01
1.2928102959e+00 2.3139861378e-01 8.4116850127e+01
1.2552525146e+00 2.2708995440e-01 8.4244833624e+01
1.2725999599e+00 2.2881341815e-01 8.4820412361e+01
1.3544144769e+00 2.3804625970e-01 8.4628613906e+01
1.2386410381e+00 2.2475096787e-01 8.5363532643e+01
1.2751108542e+00 2.2893652271e-01 8.5235779013e+01
1.3364918892e+00 2.3619969139e-01 8.4308814530e+01
1.3481179318e+00 2.3730763237e-01 8.4724520544e+01
1.3403874468e+00 2.3669210960e-01 8.4180845518e+01
1.1897535072e+00 2.1933436750e-01 8.4820412361e+01
1.3871565759e+00 2.4198560542e-01 8.3924819428e+01
1.2207852103e+00 2.2302750412e-01 8.4532692172e+01
1.2992056674e+00 2.3189103200e-01 8.4628613906e+01
1.2557474608e+00 2.2708995440e-01 8.4372788316e+01
1.3145488767e+00 2.3349139120e-01 8.4916289633e+01
1.4339521070e+00 2.4690978758e-01 8.4308814530e+01
1.3190883579e+00 2.3423001852e-01 8.4372788316e+01
1.4098947792e+00 2.4420148739e-01 8.4500714858e+01
1.2817000264e+00 2.3004446369e-01 8.4340802307e+01
1.5428913634e+00 2.5885092931e-01 8.3796761031e+01
1.2455925344e+00 2.2561269975e-01 8.5171893334e+01
1.2531025056e+00 2.2672064074e-01 8.4532692172e+01
1.3556327199e+00 2.3853867791e-01 8.3860794078e+01
1.4289956194e+00 2.4641736936e-01 8.4212840476e+01
1.2601884158e+00 2.2745926806e-01 8.4692553325e+01
1.4200875001e+00 2.4543253293e-01 8.4244833624e+01
1.3503019965e+00 2.3743073693e-01 8.5012152633e+01
1.2769568263e+00 2.2930583637e-01 8.4820412361e+01
1.2298345808e+00 2.2401234055e-01 8.4660584449e+01
1.2240377532e+00 2.2315060867e-01 8.5171893334e+01
1.2847435502e+00 2.3029067280e-01 8.4564667778e+01
1.1927289876e+00 2.1970368116e-01 8.4756486116e+01
1.2620075798e+00 2.2770547717e-01 8.4596641686e+01
1.3406552290e+00 2.3669210960e-01 8.4244833624e+01
1.3083455235e+00 2.3287586843e-01 8.4724520544e+01
1.4203534591e+00 2.4592495115e-01 8.3348307238e+01
1.2646247163e+00 2.2819789538e-01 8.4148848738e+01
1.4731154737e+00 2.5109534241e-01 8.4404772564e+01
1.2585174182e+00 2.2733616351e-01 8.4532692172e+01
1.3122603840e+00 2.3336828665e-01 8.4596641686e+01
1.1261111101e+00 2.1170188516e-01 8.5363532643e+01
1.3327222032e+00 2.3558416862e-01 8.4756486116e+01
1.2952288882e+00 2.3127550923e-01 8.5044103843e+01
1.4184936032e+00 2.4543253293e-01 8.3892807710e+01
1.2317712141e+00 2.2401234055e-01 8.5235779013e+01
1.2928102959e+00 2.3139861378e-01 8.4116850127e+01
1.3985355720e+00 2.4309354641e-01 8.4212840476e+01
1.4075065682e+00 2.4395527828e-01 8.4468735825e+01
1.1609261032e+00 2.1576433544e-01 8.5427400756e+01
1.2123702081e+00 2.2191956313e-01 8.4884332141e+01
1.3420278850e+00 2.3681521416e-01 8.4308814530e+01
1.2368553240e+00 2.2475096787e-01 8.4820412361e+01
1.2900820818e+00 2.3065998646e-01 8.5139948243e+01
1.1914467925e+00 2.1945747206e-01 8.5012152633e+01
1.4393127117e+00 2.4764841490e-01 8.3988837165e+01
1.2540288575e+00 2.2672064074e-01 8.4788450052e+01
1.1708281837e+00 2.1699538098e-01 8.5203836921e+01
1.2977452793e+00 2.3176792745e-01 8.4532692172e+01
1.2271597431e+00 2.2351992233e-01 8.5139948243e+01
1.3218745010e+00 2.3459933219e-01 8.4244833624e+01
1.2995072761e+00 2.3213724111e-01 8.4148848738e+01
1.3172076331e+00 2.3373760031e-01 8.5044103843e+01
1.1886618023e+00 2.1908815839e-01 8.5139948243e+01
1.3312239184e+00 2.3558416862e-01 8.4372788316e+01
1.2611144541e+00 2.2782858172e-01 8.4084849675e+01
1.2946663508e+00 2.3127550923e-01 8.4884332141e+01
1.2906265282e+00 2.3078309102e-01 8.4980199868e+01
1.3111315324e+00 2.3312207754e-01 8.4884332141e+01
1.3010416968e+00 2.3189103200e-01 8.5139948243e+01
1.2025187569e+00 2.2056541304e-01 8.5491263175e+01
1.2932017956e+00 2.3139861378e-01 8.4212840476e+01
1.4236036116e+00 2.4592495115e-01 8.4020843204e+01
1.2774658225e+00 2.2955204548e-01 8.4372788316e+01
1.3438452542e+00 2.3706142326e-01 8.4212840476e+01
1.2994401941e+00 2.3201413655e-01 8.4404772564e+01
1.2546641625e+00 2.2659753618e-01 8.5299658755e+01
1.3224175864e+00 2.3447622763e-01 8.4660584449e+01
1.2613101662e+00 2.2745926806e-01 8.5012152633e+01
1.3630685514e+00 2.3903109613e-01 8.4564667778e+01
1.2938487682e+00 2.3127550923e-01 8.4660584449e+01
1.2492574121e+00 2.2635132707e-01 8.4372788316e+01
1.3660265445e+00 2.3940040979e-01 8.4468735825e+01
1.2930381386e+00 2.3102930012e-01 8.5044103843e+01
1.2801434862e+00 2.3004446369e-01 8.3956829243e+01
1.2593707736e+00 2.2696684984e-01 8.5778575774e+01
1.3852932784e+00 2.4149318721e-01 8.4532692172e+01
1.2452981998e+00 2.2585890886e-01 8.4468735825e+01
1.2621768946e+00 2.2758237261e-01 8.4948245538e+01
1.3151831669e+00 2.3361449576e-01 8.4788450052e+01
1.3870342665e+00 2.4186250087e-01 8.4148848738e+01
1.2113963700e+00 2.2204266769e-01 8.4308814530e+01
1.1789046431e+00 2.1798021741e-01 8.5076053508e+01
1.2403735664e+00 2.2524338609e-01 8.4596641686e+01
1.3831062266e+00 2.4137008265e-01 8.4276824972e+01
1.3917604256e+00 2.4223181453e-01 8.4468735825e+01
1.2298616773e+00 2.2388923600e-01 8.4980199868e+01
1.3204450421e+00 2.3435312308e-01 8.4436755064e+01
1.2268356191e+00 2.2364302689e-01 8.4724520544e+01
1.3338832593e+00 2.3595348228e-01 8.4212840476e+01
1.1435008561e+00 2.1391776713e-01 8.4884332141e+01
1.3170136647e+00 2.3398380942e-01 8.4404772564e+01
1.3389667698e+00 2.3644590050e-01 8.4372788316e+01
1.2055211309e+00 2.2118093581e-01 8.4756486116e+01
1.2043432251e+00 2.2093472670e-01 8.5044103843e+01
1.2678999139e+00 2.2807479083e-01 8.5363532643e+01
1.2416830461e+00 2.2536649064e-01 8.4660584449e+01
1.2113000215e+00 2.2179645858e-01 8.4884332141e+01
1.3057882154e+00 2.3262965932e-01 8.4628613906e+01
1.2903269774e+00 2.3090619557e-01 8.4596641686e+01
1.3026759540e+00 2.3201413655e-01 8.5299658755e+01
1.3922162716e+00 2.4247802364e-01 8.4052847370e+01
1.3759448728e+00 2.4050835077e-01 8.4436755064e+01
1.2545852671e+00 2.2672064074e-01 8.4948245538e+01
1.2325469139e+00 2.2425854966e-01 8.4820412361e+01
1.1823732020e+00 2.1822642652e-01 8.5523192275e+01
1.2904015190e+00 2.3078309102e-01 8.4916289633e+01
1.3829694919e+00 2.4137008265e-01 8.4244833624e+01
1.3451501496e+00 2.3706142326e-01 8.4532692172e+01
1.2272785136e+00 2.2364302689e-01 8.4852373054e+01
1.2252382418e+00 2.2339681778e-01 8.4884332141e+01
1.3357992402e+00 2.3595348228e-01 8.4692553325e+01
1.2153660102e+00 2.2228887680e-01 8.4820412361e+01
1.2665853372e+00 2.2819789538e-01 8.4660584449e+01
1.3494723847e+00 2.3743073693e-01 8.4788450052e+01
1.1034398829e+00 2.0911668953e-01 8.5076053508e+01
1.2716249962e+00 2.2869031360e-01 8.4852373054e+01
1.3353045366e+00 2.3595348228e-01 8.4564667778e+01
1.2360625013e+00 2.2475096787e-01 8.4596641686e+01
1.3713779953e+00 2.4013903711e-01 8.4148848738e+01
1.3154181364e+00 2.3361449576e-01 8.4852373054e+01
1.2225494878e+00 2.2302750412e-01 8.5044103843e+01
1.2444077000e+00 2.2561269975e-01 8.4820412361e+01
1.3746429706e+00 2.4075455988e-01 8.3636644199e+01
1.3531238651e+00 2.3804625970e-01 8.4308814530e+01
1.2336388339e+00 2.2413544510e-01 8.5491263175e+01
1.3550191627e+00 2.3816936425e-01 8.4500714858e+01
1.2230688684e+00 2.2278129501e-01 8.5938147480e+01
1.2423592098e+00 2.2536649064e-01 8.4852373054e+01
1.2691071160e+00 2.2844410449e-01 8.4756486116e+01
1.3002678210e+00 2.3176792745e-01 8.5235779013e+01
1.1811268500e+00 2.1810332196e-01 8.5459332672e+01
1.3005361145e+00 2.3213724111e-01 8.4404772564e+01
1.2684044153e+00 2.2844410449e-01 8.4564667778e+01
1.2840511709e+00 2.2992135914e-01 8.5299658755e+01
1.2329834450e+00 2.2425854966e-01 8.4948245538e+01
1.2392953074e+00 2.2512028154e-01 8.4596641686e+01
1.2568203486e+00 2.2708995440e-01 8.4660584449e+01
1.3388364184e+00 2.3644590050e-01 8.4340802307e+01
1.2822131849e+00 2.2979825458e-01 8.5076053508e+01
1.2760940254e+00 2.2918273181e-01 8.4884332141e+01
1.1886618023e+00 2.1908815839e-01 8.5139948243e+01
1.2351892325e+00 2.2425854966e-01 8.5650894846e+01
1.4235360968e+00 2.4604805570e-01 8.3764741596e+01
1.2843349521e+00 2.3041377735e-01 8.4180845518e+01
1.2957617630e+00 2.3139861378e-01 8.4884332141e+01
1.1977234556e+00 2.2031920393e-01 8.4660584449e+01
1.4763879391e+00 2.5158776063e-01 8.4116850127e+01
1.2820731773e+00 2.3004446369e-01 8.4436755064e+01
1.3264472859e+00 2.3521485496e-01 8.4020843204e+01
1.3372699195e+00 2.3607658683e-01 8.4788450052e+01
1.2869276278e+00 2.3053688191e-01 8.4564667778e+01
1.2696733919e+00 2.2844410449e-01 8.4916289633e+01
1.2836163393e+00 2.3004446369e-01 8.4852373054e+01
1.3592570999e+00 2.3878488702e-01 8.4180845518e+01
1.2909327019e+00 2.3102930012e-01 8.4468735825e+01
1.2029623745e+00 2.2081162215e-01 8.4948245538e+01
1.3594702040e+00 2.3866178247e-01 8.4500714858e+01
1.2836291717e+00 2.2992135914e-01 8.5171893334e+01
1.3035723216e+00 2.3250655477e-01 8.4340802307e+01
1.3486063231e+00 2.3743073693e-01 8.4564667778e+01
1.2353522337e+00 2.2450475877e-01 8.5012152633e+01
1.3655244146e+00 2.3952351434e-01 8.4084849675e+01
1.2320141438e+00 2.2413544510e-01 8.4980199868e+01
1.3621568797e+00 2.3903109613e-01 8.4340802307e+01
1.1931176663e+00 2.1958057661e-01 8.5203836921e+01
1.2949341635e+00 2.3152171834e-01 8.4372788316e+01
1.2317712141e+00 2.2401234055e-01 8.5235779013e+01
1.3022524790e+00 2.3226034566e-01 8.4564667778e+01
1.2562492420e+00 2.2672064074e-01 8.5459332672e+01
1.3736004206e+00 2.4001593256e-01 8.4980199868e+01
1.3015061730e+00 2.3226034566e-01 8.4372788316e+01
1.2557780925e+00 2.2684374529e-01 8.4980199868e+01
1.2472261560e+00 2.2585890886e-01 8.5012152633e+01
1.3702620697e+00 2.4001593256e-01 8.4148848738e+01
1.3178538212e+00 2.3386070486e-01 8.4916289633e+01
1.2908089480e+00 2.3102930012e-01 8.4436755064e+01
1.2599556954e+00 2.2745926806e-01 8.4628613906e+01
1.2855708404e+00 2.3029067280e-01 8.4788450052e+01
1.2689917548e+00 2.2844410449e-01 8.4724520544e+01
1.2869276278e+00 2.3053688191e-01 8.4564667778e+01
1.2887466153e+00 2.3078309102e-01 8.4468735825e+01
1.1829496789e+00 2.1859574018e-01 8.4692553325e+01
1.1974790857e+00 2.2007299482e-01 8.5235779013e+01
1.2427601085e+00 2.2524338609e-01 8.5299658755e+01
1.3959314591e+00 2.4321665096e-01 8.3412396483e+01
1.3025294777e+00 2.3250655477e-01 8.4084849675e+01
1.2344253198e+00 2.2425854966e-01 8.5395467416e+01
1.3191858208e+00 2.3398380942e-01 8.4980199868e+01
1.2869276278e+00 2.3053688191e-01 8.4564667778e+01
1.2598958804e+00 2.2733616351e-01 8.4916289633e+01
1.4071686163e+00 2.4383217373e-01 8.4660584449e+01
1.3151831669e+00 2.3361449576e-01 8.4788450052e+01
1.3131140536e+00 2.3349139120e-01 8.4532692172e+01
1.2294140897e+00 2.2376613144e-01 8.5171893334e+01
1.2148123584e+00 2.2228887680e-01 8.4660584449e+01
1.2093736244e+00 2.2155024947e-01 8.4948245538e+01
1.2109749782e+00 2.2179645858e-01 8.4788450052e+01
1.1862508989e+00 2.1871884473e-01 8.5395467416e+01
1.2455353735e+00 2.2585890886e-01 8.4532692172e+01
1.2209436107e+00 2.2290439956e-01 8.4884332141e+01
1.2446293232e+00 2.2561269975e-01 8.4884332141e+01
1.3110424874e+00 2.3299897299e-01 8.5171893334e+01
1.2112691398e+00 2.2167335403e-01 8.5203836921e+01
1.2508939681e+00 2.2635132707e-01 8.4820412361e+01
1.2944602152e+00 2.3139861378e-01 8.4532692172e+01
1.3096411267e+00 2.3324518209e-01 8.4212840476e+01
1.2434936438e+00 2.2561269975e-01 8.4564667778e+01
1.2958757912e+00 2.3139861378e-01 8.4916289633e+01
1.3206971805e+00 2.3435312308e-01 8.4500714858e+01
1.1870902128e+00 2.1896505384e-01 8.4980199868e+01
1.3327138822e+00 2.3570727317e-01 8.4468735825e+01
1.4396088258e+00 2.4764841490e-01 8.4052847370e+01
1.3383776318e+00 2.3619969139e-01 8.4788450052e+01
1.2818251201e+00 2.3004446369e-01 8.4372788316e+01
1.2601597097e+00 2.2770547717e-01 8.4116850127e+01
1.2173922608e+00 2.2241198135e-01 8.5108001638e+01
1.2324360743e+00 2.2425854966e-01 8.4788450052e+01
1.2741389488e+00 2.2893652271e-01 8.4948245538e+01
1.3580980419e+00 2.3853867791e-01 8.4436755064e+01
1.4075065682e+00 2.4395527828e-01 8.4468735825e+01
1.3489819568e+00 2.3743073693e-01 8.4660584449e+01
1.2526226622e+00 2.2672064074e-01 8.4404772564e+01
1.3308679611e+00 2.3533795951e-01 8.4852373054e+01
1.2500926622e+00 2.2635132707e-01 8.4596641686e+01
1.3279103649e+00 2.3521485496e-01 8.4372788316e+01
1.2750044631e+00 2.2905962726e-01 8.4884332141e+01
1.3441608185e+00 2.3681521416e-01 8.4852373054e+01
1.2565840000e+00 2.2721305895e-01 8.4308814530e+01
1.3925000842e+00 2.4247802364e-01 8.4116850127e+01
1.2624937567e+00 2.2782858172e-01 8.4436755064e+01
1.2899624375e+00 2.3090619557e-01 8.4500714858e+01
1.2422482357e+00 2.2536649064e-01 8.4820412361e+01
1.3621595099e+00 2.3927730524e-01 8.3828778522e+01
1.3307495408e+00 2.3533795951e-01 8.4820412361e+01
1.3478349584e+00 2.3743073693e-01 8.4372788316e+01
1.2997991683e+00 2.3189103200e-01 8.4788450052e+01
1.2685232878e+00 2.2844410449e-01 8.4596641686e+01
1.2826646573e+00 2.3016756825e-01 8.4308814530e+01
1.2828003093e+00 2.3004446369e-01 8.4628613906e+01
1.2458195973e+00 2.2573580430e-01 8.4916289633e+01
1.2131151413e+00 2.2204266769e-01 8.4788450052e+01
1.2689917548e+00 2.2844410449e-01 8.4724520544e+01
1.3775117973e+00 2.4075455988e-01 8.4276824972e+01
1.3543975119e+00 2.3829246880e-01 8.4084849675e+01
1.3731770015e+00 2.4026214167e-01 8.4308814530e+01
1.2926347700e+00 2.3115240468e-01 8.4628613906e+01
1.2299506247e+00 2.2425854966e-01 8.4116850127e+01
1.3479950485e+00 2.3730763237e-01 8.4692553325e+01
1.2747777415e+00 2.2905962726e-01 8.4820412361e+01
1.2190128590e+00 2.2265819046e-01 8.4948245538e+01
1.2763056104e+00 2.2905962726e-01 8.5267719621e+01
1.3417801872e+00 2.3693831871e-01 8.3988837165e+01
1.4335635641e+00 2.4715599669e-01 8.3732720205e+01
1.3131140536e+00 2.3349139120e-01 8.4532692172e+01
1.2788299408e+00 2.2942894092e-01 8.5044103843e+01
1.1429469629e+00 2.1367155802e-01 8.5395467416e+01
1.2662997015e+00 2.2807479083e-01 8.4884332141e+01
1.3191100517e+00 2.3410691397e-01 8.4660584449e+01
1.3784937324e+00 2.4087766444e-01 8.4244833624e+01
1.2705368287e+00 2.2856720904e-01 8.4852373054e+01
1.3102869462e+00 2.3324518209e-01 8.4372788316e+01
1.3240024232e+00 2.3459933219e-01 8.4788450052e+01
1.4657396599e+00 2.5072602875e-01 8.3572583562e+01
1.2025187569e+00 2.2056541304e-01 8.5491263175e+01
1.2930381386e+00 2.3102930012e-01 8.5044103843e+01
1.3165196011e+00 2.3373760031e-01 8.4852373054e+01
1.2508201052e+00 2.2647443163e-01 8.4500714858e+01
1.2947033034e+00 2.3139861378e-01 8.4596641686e+01
1.3211632046e+00 2.3447622763e-01 8.4340802307e+01
1.3723769524e+00 2.4001593256e-01 8.4660584449e+01
1.3531238651e+00 2.3804625970e-01 8.4308814530e+01
1.3341868419e+00 2.3570727317e-01 8.4852373054e+01
1.3349351927e+00 2.3583037773e-01 8.4756486116e+01
1.2794088747e+00 2.2967515003e-01 8.4596641686e+01
1.1733624768e+00 2.1711848553e-01 8.5714737975e+01
1.2854699176e+00 2.3041377735e-01 8.4468735825e+01
1.2304493329e+00 2.2413544510e-01 8.4532692172e+01
1.3491153078e+00 2.3780005059e-01 8.3892807710e+01
1.3482891886e+00 2.3767694603e-01 8.3956829243e+01
1.2968934105e+00 2.3164482289e-01 8.4596641686e+01
1.3069917353e+00 2.3287586843e-01 8.4372788316e+01
1.3157854127e+00 2.3386070486e-01 8.4372788316e+01
1.2880201534e+00 2.3065998646e-01 8.4564667778e+01
1.3349888668e+00 2.3607658683e-01 8.4212840476e+01
1.2977452793e+00 2.3176792745e-01 8.4532692172e+01
1.4240362416e+00 2.4580184659e-01 8.4372788316e+01
1.3489819568e+00 2.3743073693e-01 8.4660584449e+01
1.2527441664e+00 2.2647443163e-01 8.5044103843e+01
1.2921309502e+00 2.3102930012e-01 8.4788450052e+01
1.2527188649e+00 2.2659753618e-01 8.4724520544e+01
1.2346357829e+00 2.2462786332e-01 8.4500714858e+01
1.2422972328e+00 2.2548959520e-01 8.4532692172e+01
1.2209436107e+00 2.2290439956e-01 8.4884332141e+01
1.3742300031e+00 2.4026214167e-01 8.4564667778e+01
1.2621259843e+00 2.2782858172e-01 8.4340802307e+01
1.2412710426e+00 2.2512028154e-01 8.5171893334e+01
1.2616173097e+00 2.2758237261e-01 8.4788450052e+01
1.2529835867e+00 2.2672064074e-01 8.4500714858e+01
1.2641224706e+00 2.2770547717e-01 8.5203836921e+01
1.3155615405e+00 2.3373760031e-01 8.4596641686e+01
1.2269847766e+00 2.2339681778e-01 8.5427400756e+01
1.4257180887e+00 2.4617116025e-01 8.3988837165e+01
1.3886571390e+00 2.4186250087e-01 8.4532692172e+01
1.5264805110e+00 2.5725057011e-01 8.3540550223e+01
1.3310052569e+00 2.3546106406e-01 8.4596641686e+01
1.2772291532e+00 2.2942894092e-01 8.4596641686e+01
1.2572790885e+00 2.2708995440e-01 8.4788450052e+01
1.3151610591e+00 2.3398380942e-01 8.3956829243e+01
1.2919167452e+00 2.3078309102e-01 8.5363532643e+01
1.2639117221e+00 2.2770547717e-01 8.5139948243e+01
1.2700792265e+00 2.2856720904e-01 8.4724520544e+01
1.2303324422e+00 2.2413544510e-01 8.4500714858e+01
1.2452633618e+00 2.2573580430e-01 8.4756486116e+01
1.2791684972e+00 2.2967515003e-01 8.4532692172e+01
1.1884233963e+00 2.1933436750e-01 8.4436755064e+01
1.2336177653e+00 2.2425854966e-01 8.5139948243e+01
1.2857143020e+00 2.3041377735e-01 8.4532692172e+01
1.4226192914e+00 2.4580184659e-01 8.4052847370e+01
1.2310235471e+00 2.2413544510e-01 8.4692553325e+01
1.2323677114e+00 2.2401234055e-01 8.5427400756e+01
1.2178336448e+00 2.2253508590e-01 8.4916289633e+01
1.2625885787e+00 2.2770547717e-01 8.4756486116e+01
1.3493908906e+00 2.3767694603e-01 8.4212840476e+01
1.2889915874e+00 2.3078309102e-01 8.4532692172e+01
1.2921493691e+00 2.3115240468e-01 8.4500714858e+01
1.2989717003e+00 2.3226034566e-01 8.3764741596e+01
1.2655811531e+00 2.2832099994e-01 8.4116850127e+01
1.2293190631e+00 2.2388923600e-01 8.4820412361e+01
1.1815594231e+00 2.1847263562e-01 8.4596641686e+01
1.2540288575e+00 2.2672064074e-01 8.4788450052e+01
1.2554481419e+00 2.2684374529e-01 8.4884332141e+01
1.3830522898e+00 2.4124697810e-01 8.4532692172e+01
1.3856178114e+00 2.4161629176e-01 8.4340802307e+01
1.3100612257e+00 2.3312207754e-01 8.4596641686e+01
1.2460372655e+00 2.2573580430e-01 8.4980199868e+01
1.3482811243e+00 2.3755384148e-01 8.4212840476e+01
1.2575426590e+00 2.2733616351e-01 8.4276824972e+01
1.2006795484e+00 2.2044230849e-01 8.5235779013e+01
1.1809246229e+00 2.1822642652e-01 8.5044103843e+01
1.2939677113e+00 2.3127550923e-01 8.4692553325e+01
1.2450360404e+00 2.2573580430e-01 8.4692553325e+01
1.3007861247e+00 2.3213724111e-01 8.4468735825e+01
1.2336235228e+00 2.2438165421e-01 8.4820412361e+01
1.1931176663e+00 2.1958057661e-01 8.5203836921e+01
1.2299479650e+00 2.2401234055e-01 8.4692553325e+01
1.1964129300e+00 2.1994989027e-01 8.5235779013e+01
1.3772386128e+00 2.4075455988e-01 8.4212840476e+01
1.3799513631e+00 2.4087766444e-01 8.4596641686e+01
1.3423314435e+00 2.3693831871e-01 8.4116850127e+01
1.2329632880e+00 2.2450475877e-01 8.4340802307e+01
1.2699747909e+00 2.2832099994e-01 8.5331596426e+01
1.4781461183e+00 2.5208017884e-01 8.3540550223e+01
1.4158488421e+00 2.4494011472e-01 8.4308814530e+01
1.3048663297e+00 2.3287586843e-01 8.3860794078e+01
1.3210337477e+00 2.3447622763e-01 8.4308814530e+01
1.3882945054e+00 2.4198560542e-01 8.4180845518e+01
1.1930182118e+00 2.1958057661e-01 8.5171893334e+01
1.2014588130e+00 2.2031920393e-01 8.5874322654e+01
1.2374839498e+00 2.2487407243e-01 8.4692553325e+01
1.3058640256e+00 2.3250655477e-01 8.4948245538e+01
1.3207396577e+00 2.3410691397e-01 8.5108001638e+01
1.3000593292e+00 2.3201413655e-01 8.4564667778e+01
1.2511057949e+00 2.2622822252e-01 8.5203836921e+01
1.2397204304e+00 2.2487407243e-01 8.5363532643e+01
1.4027926356e+00 2.4383217373e-01 8.3668671517e+01
1.3916275623e+00 2.4223181453e-01 8.4436755064e+01
1.3277810301e+00 2.3521485496e-01 8.4340802307e+01
1.3276871219e+00 2.3533795951e-01 8.4052847370e+01
1.3854912747e+00 2.4173939631e-01 8.4052847370e+01
1.2565868027e+00 2.2708995440e-01 8.4596641686e+01
1.1515499149e+00 2.1477949901e-01 8.5108001638e+01
1.2195971382e+00 2.2290439956e-01 8.4500714858e+01
1.4048225157e+00 2.4395527828e-01 8.3860794078e+01
1.3908142685e+00 2.4223181453e-01 8.4244833624e+01
1.1419887829e+00 2.1354845347e-01 8.5427400756e+01
1.3131988277e+00 2.3361449576e-01 8.4276824972e+01
1.2389040695e+00 2.2487407243e-01 8.5108001638e+01
1.2480469281e+00 2.2610511797e-01 8.4628613906e+01
1.2661120180e+00 2.2819789538e-01 8.4532692172e+01
1.2865833408e+00 2.3029067280e-01 8.5076053508e+01
1.3424198558e+00 2.3681521416e-01 8.4404772564e+01
1.1625338042e+00 2.1613364910e-01 8.4916289633e+01
1.3966481921e+00 2.4272423274e-01 8.4564667778e+01
1.2541415275e+00 2.2672064074e-01 8.4820412361e+01
1.2199784966e+00 2.2278129501e-01 8.4916289633e+01
1.2791372134e+00 2.2955204548e-01 8.4820412361e+01
1.3209463989e+00 2.3435312308e-01 8.4564667778e+01
1.1803039300e+00 2.1822642652e-01 8.4852373054e+01
1.2554481419e+00 2.2684374529e-01 8.4884332141e+01
1.3733679025e+00 2.4013903711e-01 8.4628613906e+01
1.2206161289e+00 2.2290439956e-01 8.4788450052e+01
1.2031716256e+00 2.2081162215e-01 8.5012152633e+01
1.3082260663e+00 2.3287586843e-01 8.4692553325e+01
1.3408119046e+00 2.3681521416e-01 8.4020843204e+01
1.3978291267e+00 2.4309354641e-01 8.4052847370e+01
1.2778167609e+00 2.2942894092e-01 8.4756486116e+01
1.2231982522e+00 2.2315060867e-01 8.4916289633e+01
1.4434027941e+00 2.4814083312e-01 8.3892807710e+01
1.3793237834e+00 2.4112387354e-01 8.3924819428e+01
1.2467289211e+00 2.2610511797e-01 8.4276824972e+01
1.2783188513e+00 2.2955204548e-01 8.4596641686e+01
1.2419307488e+00 2.2524338609e-01 8.5044103843e+01
1.3822576782e+00 2.4124697810e-01 8.4340802307e+01
1.3749584072e+00 2.4038524622e-01 8.4468735825e+01
1.2921084260e+00 2.3127550923e-01 8.4212840476e+01
1.3189561144e+00 2.3398380942e-01 8.4916289633e+01
1.2991875058e+00 2.3201413655e-01 8.4340802307e+01
1.3134825550e+00 2.3349139120e-01 8.4628613906e+01
1.3667939619e+00 2.3940040979e-01 8.4660584449e+01
1.2683614723e+00 2.2832099994e-01 8.4852373054e+01
1.2837300772e+00 2.3004446369e-01 8.4884332141e+01
1.2902879455e+00 2.3078309102e-01 8.4884332141e+01
1.3096816121e+00 2.3299897299e-01 8.4788450052e+01
1.3498174796e+00 2.3780005059e-01 8.4052847370e+01
1.3633222618e+00 2.3903109613e-01 8.4628613906e+01
1.3705370267e+00 2.4001593256e-01 8.4212840476e+01
1.2606454850e+00 2.2745926806e-01 8.4820412361e+01
1.3808268139e+00 2.4137008265e-01 8.3764741596e+01
1.3149452934e+00 2.3361449576e-01 8.4724520544e+01
1.2662313997e+00 2.2819789538e-01 8.4564667778e+01
1.3585655954e+00 2.3878488702e-01 8.4020843204e+01
1.3422899407e+00 2.3681521416e-01 8.4372788316e+01
1.2383402869e+00 2.2475096787e-01 8.5267719621e+01
1.3301190795e+00 2.3546106406e-01 8.4372788316e+01
1.2879945751e+00 2.3078309102e-01 8.4276824972e+01
1.3596066139e+00 2.3853867791e-01 8.4820412361e+01
1.2149366245e+00 2.2216577224e-01 8.5012152633e+01
1.3022524790e+00 2.3226034566e-01 8.4564667778e+01
1.2058052717e+00 2.2130404036e-01 8.4532692172e+01
1.3333442952e+00 2.3595348228e-01 8.4084849675e+01
1.3352937780e+00 2.3583037773e-01 8.4852373054e+01
1.2236234217e+00 2.2315060867e-01 8.5044103843e+01
1.2829749247e+00 2.2992135914e-01 8.4980199868e+01
1.2849025868e+00 2.3053688191e-01 8.4052847370e+01
1.2855991755e+00 2.3016756825e-01 8.5108001638e+01
1.2184647144e+00 2.2253508590e-01 8.5108001638e+01
1.3339465588e+00 2.3583037773e-01 8.4500714858e+01
1.2661874211e+00 2.2807479083e-01 8.4852373054e+01
1.2930381386e+00 2.3102930012e-01 8.5044103843e+01
1.3623042720e+00 2.3927730524e-01 8.3860794078e+01
1.2804555311e+00 2.2967515003e-01 8.4884332141e+01
1.3543975119e+00 2.3829246880e-01 8.4084849675e+01
1.3202886177e+00 2.3410691397e-01 8.4980199868e+01
1.1945368886e+00 2.1982678572e-01 8.4980199868e+01
1.2827217524e+00 2.3029067280e-01 8.4052847370e+01
1.3137245940e+00 2.3349139120e-01 8.4692553325e+01
1.3463298889e+00 2.3730763237e-01 8.4276824972e+01
1.3437861272e+00 2.3693831871e-01 8.4468735825e+01
1.4002195286e+00 2.4333975551e-01 8.4084849675e+01
1.2915407544e+00 2.3102930012e-01 8.4628613906e+01
1.1682413560e+00 2.1650296276e-01 8.5778575774e+01
1.3247030282e+00 2.3459933219e-01 8.4980199868e+01
1.5027421554e+00 2.5466537447e-01 8.3636644199e+01
1.3069917353e+00 2.3287586843e-01 8.4372788316e+01
1.2551483770e+00 2.2696684984e-01 8.4500714858e+01
1.3898299993e+00 2.4210870998e-01 8.4276824972e+01
1.3733112795e+00 2.4026214167e-01 8.4340802307e+01
1.1967060834e+00 2.1994989027e-01 8.5331596426e+01
1.2747369250e+00 2.2881341815e-01 8.5459332672e+01
1.3452208731e+00 2.3718452782e-01 8.4276824972e+01
1.2768681061e+00 2.2942894092e-01 8.4500714858e+01
1.3497917161e+00 2.3767694603e-01 8.4308814530e+01
1.3598178234e+00 2.3890799157e-01 8.4052847370e+01
1.3035927394e+00 2.3238345022e-01 8.4628613906e+01
1.3158447732e+00 2.3410691397e-01 8.3860794078e+01
1.1888607013e+00 2.1908815839e-01 8.5203836921e+01
1.2649879961e+00 2.2795168628e-01 8.4820412361e+01
1.4083472302e+00 2.4432459195e-01 8.3892807710e+01
1.2127370066e+00 2.2179645858e-01 8.5331596426e+01
1.1885833533e+00 2.1921126295e-01 8.4788450052e+01
1.4123144260e+00 2.4469390561e-01 8.4020843204e+01
1.4702549331e+00 2.5084913330e-01 8.4276824972e+01
1.3636971897e+00 2.3903109613e-01 8.4724520544e+01
1.2073850641e+00 2.2118093581e-01 8.5331596426e+01
1.3249823974e+00 2.3484554129e-01 8.4468735825e+01
1.3486816385e+00 2.3755384148e-01 8.4308814530e+01
1.2476508119e+00 2.2585890886e-01 8.5139948243e+01
1.2755349870e+00 2.2930583637e-01 8.4436755064e+01
1.2993258039e+00 2.3189103200e-01 8.4660584449e+01
1.2757526108e+00 2.2918273181e-01 8.4788450052e+01
1.1659255927e+00 2.1637985821e-01 8.5331596426e+01
1.2673029467e+00 2.2844410449e-01 8.4276824972e+01
1.3553700390e+00 2.3841557336e-01 8.4052847370e+01
1.3694190220e+00 2.4001593256e-01 8.3956829243e+01
1.3848143273e+00 2.4137008265e-01 8.4692553325e+01
1.2352153146e+00 2.2462786332e-01 8.4660584449e+01
1.3885713209e+00 2.4198560542e-01 8.4244833624e+01
1.3290413438e+00 2.3521485496e-01 8.4660584449e+01
1.3324580826e+00 2.3570727317e-01 8.4404772564e+01
1.2533382597e+00 2.2672064074e-01 8.4596641686e+01
1.2716663836e+00 2.2881341815e-01 8.4564667778e+01
1.3349888668e+00 2.3607658683e-01 8.4212840476e+01
1.2094791105e+00 2.2155024947e-01 8.4980199868e+01
1.2680198772e+00 2.2832099994e-01 8.4756486116e+01
1.2750507331e+00 2.2918273181e-01 8.4596641686e+01
1.2067001552e+00 2.2105783126e-01 8.5459332672e+01
1.2486400120e+00 2.2635132707e-01 8.4212840476e+01
1.1481240933e+00 2.1453328990e-01 8.4692553325e+01
1.3188401700e+00 2.3398380942e-01 8.4884332141e+01
1.1629444569e+00 2.1601054455e-01 8.5395467416e+01
1.4236036116e+00 2.4592495115e-01 8.4020843204e+01
1.2738023093e+00 2.2893652271e-01 8.4852373054e+01
1.2196540203e+00 2.2253508590e-01 8.5491263175e+01
1.2717855445e+00 2.2881341815e-01 8.4596641686e+01
1.2486273623e+00 2.2598201341e-01 8.5108001638e+01
1.4192370786e+00 2.4530942838e-01 8.4308814530e+01
1.4560666406e+00 2.4949498321e-01 8.3924819428e+01
1.1765825641e+00 2.1773400830e-01 8.5012152633e+01
1.2241396429e+00 2.2315060867e-01 8.5203836921e+01
1.4384739984e+00 2.4752531035e-01 8.4052847370e+01
1.4150031399e+00 2.4494011472e-01 8.4116850127e+01
1.3236249866e+00 2.3472243674e-01 8.4404772564e+01
1.2985975086e+00 2.3152171834e-01 8.5395467416e+01
1.3088419692e+00 2.3275276388e-01 8.5171893334e+01
1.4227645180e+00 2.4580184659e-01 8.4084849675e+01
1.3133604470e+00 2.3349139120e-01 8.4596641686e+01
1.3483521793e+00 2.3743073693e-01 8.4500714858e+01
1.4093246468e+00 2.4444769650e-01 8.3860794078e+01
1.3586128899e+00 2.3853867791e-01 8.4564667778e+01
1.3942647932e+00 2.4284733730e-01 8.3764741596e+01
1.2542535033e+00 2.2672064074e-01 8.4852373054e+01
1.2818251201e+00 2.3004446369e-01 8.4372788316e+01
1.1949660139e+00 2.1994989027e-01 8.4788450052e+01
1.2114688880e+00 2.2167335403e-01 8.5267719621e+01
1.1806172249e+00 2.1822642652e-01 8.4948245538e+01
1.2444074846e+00 2.2548959520e-01 8.5139948243e+01
1.2673866548e+00 2.2819789538e-01 8.4884332141e+01
1.2987179381e+00 2.3189103200e-01 8.4500714858e+01
1.2618432375e+00 2.2758237261e-01 8.4852373054e+01
1.2687589258e+00 2.2844410449e-01 8.4660584449e+01
1.3051738339e+00 2.3262965932e-01 8.4468735825e+01
1.3095635067e+00 2.3299897299e-01 8.4756486116e+01
1.1771581216e+00 2.1761090375e-01 8.5555119982e+01
1.3413379829e+00 2.3656900505e-01 8.4692553325e+01
1.2016508340e+00 2.2081162215e-01 8.4564667778e+01
1.1794968201e+00 2.1798021741e-01 8.5267719621e+01
1.2597201840e+00 2.2745926806e-01 8.4564667778e+01
1.2335125919e+00 2.2438165421e-01 8.4788450052e+01
1.3826937319e+00 2.4137008265e-01 8.4180845518e+01
1.2434388688e+00 2.2548959520e-01 8.4852373054e+01
1.3516951773e+00 2.3767694603e-01 8.4788450052e+01
1.2619551544e+00 2.2758237261e-01 8.4884332141e+01
1.2604406233e+00 2.2733616351e-01 8.5076053508e+01
1.2549107863e+00 2.2672064074e-01 8.5044103843e+01
1.2273647077e+00 2.2351992233e-01 8.5203836921e+01
1.2703091286e+00 2.2881341815e-01 8.4212840476e+01
1.3354019989e+00 2.3632279594e-01 8.3796761031e+01
1.2607580085e+00 2.2745926806e-01 8.4852373054e+01
1.1559031399e+00 2.1502570811e-01 8.5906235703e+01
1.3426409069e+00 2.3644590050e-01 8.5363532643e+01
1.3867384896e+00 2.4173939631e-01 8.4340802307e+01
1.2385866307e+00 2.2487407243e-01 8.5012152633e+01
1.2212650039e+00 2.2290439956e-01 8.4980199868e+01
1.4909985268e+00 2.5318811983e-01 8.4052847370e+01
1.2351007780e+00 2.2462786332e-01 8.4628613906e+01
1.2644588762e+00 2.2782858172e-01 8.4980199868e+01
1.2371397747e+00 2.2487407243e-01 8.4596641686e+01
1.1878703748e+00 2.1884194929e-01 8.5587046306e+01
1.1760069707e+00 2.1748779919e-01 8.5523192275e+01
1.3445069882e+00 2.3706142326e-01 8.4372788316e+01
1.2506856278e+00 2.2622822252e-01 8.5076053508e+01
1.3076004467e+00 2.3275276388e-01 8.4820412361e+01
1.2752283657e+00 2.2905962726e-01 8.4948245538e+01
1.2274661717e+00 2.2351992233e-01 8.5235779013e+01
1.2807916785e+00 2.2967515003e-01 8.4980199868e+01
1.3442445238e+00 2.3706142326e-01 8.4308814530e+01
1.3986484749e+00 2.4346286007e-01 8.3508514856e+01
1.2976066288e+00 2.3164482289e-01 8.4788450052e+01
1.2290972501e+00 2.2388923600e-01 8.4756486116e+01
1.2915265286e+00 2.3115240468e-01 8.4340802307e+01
1.3491056798e+00 2.3743073693e-01 8.4692553325e+01
1.2268472044e+00 2.2351992233e-01 8.5044103843e+01
1.4040696080e+00 2.4395527828e-01 8.3700696849e+01
1.3270627547e+00 2.3509175040e-01 8.4436755064e+01
1.2756186463e+00 2.2942894092e-01 8.4180845518e+01
1.2726143087e+00 2.2869031360e-01 8.5139948243e+01
1.2929961331e+00 2.3127550923e-01 8.4436755064e+01
1.3360321904e+00 2.3607658683e-01 8.4468735825e+01
1.2942954888e+00 2.3152171834e-01 8.4212840476e+01
1.2500346344e+00 2.2622822252e-01 8.4884332141e+01
1.2720217542e+00 2.2881341815e-01 8.4660584449e+01
1.4261571111e+00 2.4617116025e-01 8.4084849675e+01
1.2289853219e+00 2.2388923600e-01 8.4724520544e+01
1.2865833408e+00 2.3029067280e-01 8.5076053508e+01
1.3560561909e+00 2.3841557336e-01 8.4212840476e+01
1.1997612289e+00 2.2044230849e-01 8.4948245538e+01
1.3784934001e+00 2.4100076899e-01 8.3988837165e+01
1.2523728068e+00 2.2659753618e-01 8.4628613906e+01
1.2605474823e+00 2.2733616351e-01 8.5108001638e+01
1.2715115580e+00 2.2869031360e-01 8.4820412361e+01
1.3900778469e+00 2.4235491908e-01 8.3828778522e+01
1.3249171459e+00 2.3496864585e-01 8.4180845518e+01
1.2874564881e+00 2.3041377735e-01 8.5012152633e+01
1.3181733691e+00 2.3423001852e-01 8.4148848738e+01
1.2685232878e+00 2.2844410449e-01 8.4596641686e+01
1.3838132533e+00 2.4149318721e-01 8.4180845518e+01
1.2854903139e+00 2.3016756825e-01 8.5076053508e+01
1.2551243305e+00 2.2672064074e-01 8.5108001638e+01
1.1119714740e+00 2.0997842140e-01 8.5523192275e+01
1.3524075543e+00 2.3792315514e-01 8.4404772564e+01
1.3253429225e+00 2.3472243674e-01 8.4852373054e+01
1.3440409649e+00 2.3693831871e-01 8.4532692172e+01
1.2587541331e+00 2.2733616351e-01 8.4596641686e+01
1.2956660531e+00 2.3127550923e-01 8.5171893334e+01
1.2590309327e+00 2.2721305895e-01 8.4980199868e+01
1.3493908906e+00 2.3767694603e-01 8.4212840476e+01
1.3475718804e+00 2.3743073693e-01 8.4308814530e+01
1.3522767264e+00 2.3792315514e-01 8.4372788316e+01
1.3013985565e+00 2.3213724111e-01 8.4628613906e+01
1.2669329647e+00 2.2819789538e-01 8.4756486116e+01
1.2014506250e+00 2.2044230849e-01 8.5491263175e+01
1.4021864906e+00 2.4346286007e-01 8.4276824972e+01
1.3305032810e+00 2.3546106406e-01 8.4468735825e+01
1.2915265286e+00 2.3115240468e-01 8.4340802307e+01
1.3838826738e+00 2.4173939631e-01 8.3700696849e+01
1.1858199610e+00 2.1884194929e-01 8.4916289633e+01
1.3088032089e+00 2.3312207754e-01 8.4276824972e+01
1.1927300329e+00 2.1945747206e-01 8.5427400756e+01
1.2256778208e+00 2.2315060867e-01 8.5714737975e+01
1.2567526671e+00 2.2696684984e-01 8.4948245538e+01
1.3683040627e+00 2.3989282800e-01 8.3956829243e+01
1.2337337704e+00 2.2438165421e-01 8.4852373054e+01
1.3674730300e+00 2.3976972345e-01 8.4020843204e+01
1.3429321003e+00 2.3681521416e-01 8.4532692172e+01
1.3194712685e+00 2.3410691397e-01 8.4756486116e+01
1.2185675318e+00 2.2253508590e-01 8.5139948243e+01
1.2202975961e+00 2.2278129501e-01 8.5012152633e+01
1.2711670243e+00 2.2869031360e-01 8.4724520544e+01
1.2936851091e+00 2.3115240468e-01 8.4916289633e+01
1.2836291717e+00 2.2992135914e-01 8.5171893334e+01
1.2811055313e+00 2.2992135914e-01 8.4468735825e+01
1.3133323867e+00 2.3336828665e-01 8.4884332141e+01
1.2597201840e+00 2.2745926806e-01 8.4564667778e+01
1.3324580826e+00 2.3570727317e-01 8.4404772564e+01
1.3435753585e+00 2.3706142326e-01 8.4148848738e+01
1.0779401730e+00 2.0591597113e-01 8.5555119982e+01
1.3118899982e+00 2.3336828665e-01 8.4500714858e+01
1.2669329647e+00 2.2819789538e-01 8.4756486116e+01
1.2354423338e+00 2.2462786332e-01 8.4724520544e+01
1.2149244367e+00 2.2228887680e-01 8.4692553325e+01
1.2928731811e+00 2.3115240468e-01 8.4692553325e+01
1.3190713313e+00 2.3398380942e-01 8.4948245538e+01
1.2263127246e+00 2.2351992233e-01 8.4884332141e+01
1.2897544486e+00 2.3065998646e-01 8.5044103843e+01
1.2764941799e+00 2.2930583637e-01 8.4692553325e+01
1.2158832285e+00 2.2241198135e-01 8.4660584449e+01
1.2507815733e+00 2.2635132707e-01 8.4788450052e+01
1.2492812565e+00 2.2610511797e-01 8.4980199868e+01
1.2820731773e+00 2.3004446369e-01 8.4436755064e+01
1.4020449427e+00 2.4321665096e-01 8.4788450052e+01
1.2029623745e+00 2.2081162215e-01 8.4948245538e+01
1.4380964884e+00 2.4764841490e-01 8.3732720205e+01
1.3446836364e+00 2.3718452782e-01 8.4148848738e+01
1.3151902751e+00 2.3373760031e-01 8.4500714858e+01
1.3266772560e+00 2.3509175040e-01 8.4340802307e+01
1.1627464797e+00 2.1625675365e-01 8.4660584449e+01
1.2619704058e+00 2.2733616351e-01 8.5555119982e+01
1.2897158415e+00 2.3090619557e-01 8.4436755064e+01
1.2033782095e+00 2.2081162215e-01 8.5076053508e+01
1.3462596543e+00 2.3718452782e-01 8.4532692172e+01
1.3612189348e+00 2.3878488702e-01 8.4660584449e+01
1.3346542820e+00 2.3570727317e-01 8.4980199868e+01
1.3221725539e+00 2.3447622763e-01 8.4596641686e+01
1.2692513659e+00 2.2856720904e-01 8.4500714858e+01
1.3216765397e+00 2.3435312308e-01 8.4756486116e+01
1.2911525915e+00 2.3090619557e-01 8.4820412361e+01
1.3360421691e+00 2.3595348228e-01 8.4756486116e+01
1.1948609878e+00 2.1970368116e-01 8.5427400756e+01
1.2964352009e+00 2.3139861378e-01 8.5076053508e+01
1.3162844459e+00 2.3373760031e-01 8.4788450052e+01
1.2902061779e+00 2.3090619557e-01 8.4564667778e+01
1.3798842769e+00 2.4100076899e-01 8.4308814530e+01
1.2848611867e+00 2.2992135914e-01 8.5555119982e+01
1.3240791848e+00 2.3484554129e-01 8.4244833624e+01
1.2848222430e+00 2.3016756825e-01 8.4884332141e+01
1.3878594845e+00 2.4186250087e-01 8.4340802307e+01
1.3637104126e+00 2.3927730524e-01 8.4180845518e+01
1.3093151080e+00 2.3312207754e-01 8.4404772564e+01
1.1845894441e+00 2.1847263562e-01 8.5555119982e+01
1.4385585297e+00 2.4764841490e-01 8.3828778522e+01
1.3099016301e+00 2.3324518209e-01 8.4276824972e+01
1.2696103808e+00 2.2856720904e-01 8.4596641686e+01
1.3330428187e+00 2.3583037773e-01 8.4276824972e+01
1.2565318260e+00 2.2696684984e-01 8.4884332141e+01
1.2408322224e+00 2.2524338609e-01 8.4724520544e+01
1.1408490444e+00 2.1342534891e-01 8.5395467416e+01
1.2595606742e+00 2.2733616351e-01 8.4820412361e+01
1.2314637724e+00 2.2401234055e-01 8.5139948243e+01
1.2912676824e+00 2.3090619557e-01 8.4852373054e+01
1.3146850750e+00 2.3373760031e-01 8.4372788316e+01
1.2065833859e+00 2.2118093581e-01 8.5076053508e+01
1.3038330576e+00 2.3238345022e-01 8.4692553325e+01
1.3927808206e+00 2.4247802364e-01 8.4180845518e+01
1.3209035600e+00 2.3447622763e-01 8.4276824972e+01
1.2218967786e+00 2.2278129501e-01 8.5523192275e+01
1.3320917120e+00 2.3546106406e-01 8.4884332141e+01
1.3654992441e+00 2.3964661890e-01 8.3828778522e+01
1.3050499981e+00 2.3250655477e-01 8.4724520544e+01
1.2597848418e+00 2.2733616351e-01 8.4884332141e+01
1.2990848126e+00 2.3189103200e-01 8.4596641686e+01
1.3817035647e+00 2.4100076899e-01 8.4756486116e+01
1.3057498982e+00 2.3250655477e-01 8.4916289633e+01
1.3041881318e+00 2.3238345022e-01 8.4788450052e+01
1.3265722210e+00 2.3533795951e-01 8.3796761031e+01
1.2299479650e+00 2.2401234055e-01 8.4692553325e+01
1.4065363683e+00 2.4407838284e-01 8.3988837165e+01
1.2396654210e+00 2.2499717698e-01 8.5012152633e+01
1.3618262737e+00 2.3890799157e-01 8.4532692172e+01
1.3965651639e+00 2.4284733730e-01 8.4276824972e+01
1.2600806975e+00 2.2758237261e-01 8.4372788316e+01
1.3286569808e+00 2.3509175040e-01 8.4852373054e+01
1.2692513659e+00 2.2856720904e-01 8.4500714858e+01
1.2706484774e+00 2.2844410449e-01 8.5203836921e+01
1.2241640889e+00 2.2327371323e-01 8.4884332141e+01
1.2909202694e+00 2.3090619557e-01 8.4756486116e+01
1.3434392957e+00 2.3706142326e-01 8.4116850127e+01
1.3110003737e+00 2.3336828665e-01 8.4276824972e+01
1.2877768028e+00 2.3065998646e-01 8.4500714858e+01
1.3188655979e+00 2.3410691397e-01 8.4596641686e+01
1.4056485174e+00 2.4407838284e-01 8.3796761031e+01
1.4239913063e+00 2.4604805570e-01 8.3860794078e+01
1.3007861247e+00 2.3213724111e-01 8.4468735825e+01
1.2026037218e+00 2.2093472670e-01 8.4532692172e+01
1.2329834450e+00 2.2425854966e-01 8.4948245538e+01
1.2660744405e+00 2.2807479083e-01 8.4820412361e+01
1.3076179386e+00 2.3287586843e-01 8.4532692172e+01
1.3295249221e+00 2.3521485496e-01 8.4788450052e+01
1.2542512810e+00 2.2659753618e-01 8.5171893334e+01
1.3704899314e+00 2.3989282800e-01 8.4468735825e+01
1.2765393710e+00 2.2918273181e-01 8.5012152633e+01
1.3265472890e+00 2.3509175040e-01 8.4308814530e+01
1.3117650855e+00 2.3336828665e-01 8.4468735825e+01
1.2775192504e+00 2.2930583637e-01 8.4980199868e+01
1.2679380009e+00 2.2819789538e-01 8.5044103843e+01
1.3341868419e+00 2.3570727317e-01 8.4852373054e+01
1.2476493581e+00 2.2598201341e-01 8.4820412361e+01
1.3814527995e+00 2.4100076899e-01 8.4692553325e+01
1.3244706713e+00 2.3484554129e-01 8.4340802307e+01
1.2889589143e+00 2.3090619557e-01 8.4244833624e+01
1.1470548739e+00 2.1416397624e-01 8.5363532643e+01
1.2830370085e+00 2.3004446369e-01 8.4692553325e+01
1.2640174454e+00 2.2770547717e-01 8.5171893334e+01
1.3489833499e+00 2.3767694603e-01 8.4116850127e+01
1.2965271201e+00 2.3164482289e-01 8.4500714858e+01
1.3518161123e+00 2.3767694603e-01 8.4820412361e+01
1.3356910477e+00 2.3619969139e-01 8.4116850127e+01
1.3198019186e+00 2.3435312308e-01 8.4276824972e+01
1.2480644342e+00 2.2585890886e-01 8.5267719621e+01
1.3298592684e+00 2.3546106406e-01 8.4308814530e+01
1.2340604134e+00 2.2438165421e-01 8.4948245538e+01
1.3395425195e+00 2.3619969139e-01 8.5108001638e+01
1.3775117973e+00 2.4075455988e-01 8.4276824972e+01
1.2750044631e+00 2.2905962726e-01 8.4884332141e+01
1.3473694789e+00 2.3730763237e-01 8.4532692172e+01
1.2421792811e+00 2.2548959520e-01 8.4500714858e+01
1.4354474634e+00 2.4690978758e-01 8.4660584449e+01
1.3116394475e+00 2.3336828665e-01 8.4436755064e+01
1.2384412216e+00 2.2475096787e-01 8.5299658755e+01
1.2676719685e+00 2.2832099994e-01 8.4660584449e+01
1.2979889497e+00 2.3176792745e-01 8.4596641686e+01
1.4416139048e+00 2.4777151945e-01 8.4244833624e+01
1.2863128110e+00 2.3041377735e-01 8.4692553325e+01
1.3100612257e+00 2.3312207754e-01 8.4596641686e+01
1.3667477266e+00 2.3952351434e-01 8.4372788316e+01
1.2938399610e+00 2.3139861378e-01 8.4372788316e+01
1.2799974284e+00 2.2967515003e-01 8.4756486116e+01
1.1916650554e+00 2.1933436750e-01 8.5427400756e+01
1.1956020309e+00 2.1994989027e-01 8.4980199868e+01
1.2720240149e+00 2.2893652271e-01 8.4372788316e+01
1.3823875347e+00 2.4149318721e-01 8.3860794078e+01
1.3701428013e+00 2.3976972345e-01 8.4660584449e+01
1.3121376473e+00 2.3336828665e-01 8.4564667778e+01
1.2258770520e+00 2.2339681778e-01 8.5076053508e+01
1.2855991755e+00 2.3016756825e-01 8.5108001638e+01
1.3649610909e+00 2.3952351434e-01 8.3956829243e+01
1.2729921675e+00 2.2893652271e-01 8.4628613906e+01
1.3503397055e+00 2.3755384148e-01 8.4724520544e+01
1.3804418040e+00 2.4124697810e-01 8.3924819428e+01
1.3587397280e+00 2.3853867791e-01 8.4596641686e+01
1.1836450439e+00 2.1847263562e-01 8.5235779013e+01
1.3265863336e+00 2.3496864585e-01 8.4596641686e+01
1.2985855660e+00 2.3176792745e-01 8.4756486116e+01
1.2668119917e+00 2.2795168628e-01 8.5363532643e+01
1.4045751833e+00 2.4370906918e-01 8.4308814530e+01
1.2959187612e+00 2.3152171834e-01 8.4628613906e+01
1.3414602929e+00 2.3656900505e-01 8.4724520544e+01
1.2101923564e+00 2.2142714492e-01 8.5555119982e+01
1.3199320039e+00 2.3435312308e-01 8.4308814530e+01
1.2734803664e+00 2.2905962726e-01 8.4468735825e+01
1.4023242341e+00 2.4346286007e-01 8.4308814530e+01
1.2564203628e+00 2.2696684984e-01 8.4852373054e+01
1.2536866829e+00 2.2672064074e-01 8.4692553325e+01
1.2650260960e+00 2.2807479083e-01 8.4532692172e+01
1.2780640321e+00 2.2930583637e-01 8.5139948243e+01
1.2887703696e+00 2.3053688191e-01 8.5076053508e+01
1.3890456342e+00 2.4186250087e-01 8.4628613906e+01
1.3467647699e+00 2.3743073693e-01 8.4116850127e+01
1.3035927394e+00 2.3238345022e-01 8.4628613906e+01
1.1696728377e+00 2.1687227642e-01 8.5171893334e+01
1.3364918892e+00 2.3619969139e-01 8.4308814530e+01
1.3372661273e+00 2.3619969139e-01 8.4500714858e+01
1.3631570048e+00 2.3927730524e-01 8.4052847370e+01
1.2470966804e+00 2.2610511797e-01 8.4372788316e+01
1.3275664836e+00 2.3509175040e-01 8.4564667778e+01
1.4112878958e+00 2.4432459195e-01 8.4564667778e+01
1.3347980355e+00 2.3595348228e-01 8.4436755064e+01
1.3060901189e+00 2.3250655477e-01 8.5012152633e+01
1.3889252963e+00 2.4173939631e-01 8.4884332141e+01
1.2424694962e+00 2.2536649064e-01 8.4884332141e+01
1.3238830989e+00 2.3459933219e-01 8.4756486116e+01
1.2443026129e+00 2.2548959520e-01 8.5108001638e+01
1.2569707284e+00 2.2696684984e-01 8.5012152633e+01
1.2424694962e+00 2.2536649064e-01 8.4884332141e+01
1.3628757772e+00 2.3927730524e-01 8.3988837165e+01
1.1747663734e+00 2.1748779919e-01 8.5108001638e+01
1.2033025757e+00 2.2068851759e-01 8.5395467416e+01
1.2921493691e+00 2.3115240468e-01 8.4500714858e+01
1.1550116374e+00 2.1490260356e-01 8.5970057995e+01
1.3016973088e+00 2.3201413655e-01 8.5012152633e+01
1.2445116684e+00 2.2548959520e-01 8.5171893334e+01
1.2691071160e+00 2.2844410449e-01 8.4756486116e+01
1.2752875149e+00 2.2918273181e-01 8.4660584449e+01
1.2994401941e+00 2.3201413655e-01 8.4404772564e+01
1.2662997015e+00 2.2807479083e-01 8.4884332141e+01
1.3625966069e+00 2.3915420068e-01 8.4180845518e+01
1.2549984842e+00 2.2684374529e-01 8.4756486116e+01
1.3187005989e+00 2.3423001852e-01 8.4276824972e+01
1.3125036817e+00 2.3336828665e-01 8.4660584449e+01
1.3555087689e+00 2.3841557336e-01 8.4084849675e+01
1.3838132533e+00 2.4149318721e-01 8.4180845518e+01
1.2723993810e+00 2.2869031360e-01 8.5076053508e+01
1.4220649277e+00 2.4567874204e-01 8.4180845518e+01
1.1994085969e+00 2.2019609938e-01 8.5523192275e+01
1.3452208731e+00 2.3718452782e-01 8.4276824972e+01
1.2996819044e+00 2.3189103200e-01 8.4756486116e+01
1.2151451117e+00 2.2216577224e-01 8.5076053508e+01
1.3567584317e+00 2.3853867791e-01 8.4116850127e+01
1.3077410100e+00 2.3287586843e-01 8.4564667778e+01
1.3573131510e+00 2.3866178247e-01 8.3988837165e+01
1.3373925815e+00 2.3619969139e-01 8.4532692172e+01
1.3044212464e+00 2.3238345022e-01 8.4852373054e+01
1.3905053104e+00 2.4210870998e-01 8.4436755064e+01
1.2426880058e+00 2.2536649064e-01 8.4948245538e+01
1.2287834293e+00 2.2401234055e-01 8.4372788316e+01
1.2910557413e+00 2.3102930012e-01 8.4500714858e+01
1.3961488766e+00 2.4284733730e-01 8.4180845518e+01
1.2720499431e+00 2.2856720904e-01 8.5299658755e+01
1.2546944673e+00 2.2672064074e-01 8.4980199868e+01
1.1889027302e+00 2.1921126295e-01 8.4884332141e+01
1.1146498368e+00 2.1034773507e-01 8.5363532643e+01
1.3388364184e+00 2.3644590050e-01 8.4340802307e+01
1.3114037488e+00 2.3324518209e-01 8.4660584449e+01
1.3776472488e+00 2.4075455988e-01 8.4308814530e+01
1.1732015172e+00 2.1736469464e-01 8.4948245538e+01
1.3180833463e+00 2.3386070486e-01 8.4980199868e+01
1.2447391015e+00 2.2561269975e-01 8.4916289633e+01
1.2152483460e+00 2.2216577224e-01 8.5108001638e+01
1.2458950110e+00 2.2598201341e-01 8.4340802307e+01
1.2704367026e+00 2.2844410449e-01 8.5139948243e+01
1.3440412815e+00 2.3681521416e-01 8.4820412361e+01
1.3069917353e+00 2.3287586843e-01 8.4372788316e+01
1.3040764219e+00 2.3250655477e-01 8.4468735825e+01
1.3833935650e+00 2.4149318721e-01 8.4084849675e+01
1.2745482007e+00 2.2905962726e-01 8.4756486116e+01
1.2229634764e+00 2.2302750412e-01 8.5171893334e+01
1.2538014353e+00 2.2672064074e-01 8.4724520544e+01
1.3677838070e+00 2.3952351434e-01 8.4628613906e+01
1.3804418040e+00 2.4124697810e-01 8.3924819428e+01
1.2636981813e+00 2.2770547717e-01 8.5076053508e+01
1.2694914122e+00 2.2856720904e-01 8.4564667778e+01
1.2938399610e+00 2.3139861378e-01 8.4372788316e+01
1.4209699715e+00 2.4580184659e-01 8.3700696849e+01
1.2544591074e+00 2.2659753618e-01 8.5235779013e+01
1.3917604256e+00 2.4223181453e-01 8.4468735825e+01
1.2938487682e+00 2.3127550923e-01 8.4660584449e+01
1.5340027389e+00 2.5823540654e-01 8.3220103581e+01
1.2824399378e+00 2.3004446369e-01 8.4532692172e+01
1.4538581558e+00 2.4949498321e-01 8.3476477450e+01
1.1701544514e+00 2.1687227642e-01 8.5331596426e+01
1.2313874178e+00 2.2388923600e-01 8.5459332672e+01
1.3833774057e+00 2.4137008265e-01 8.4340802307e+01
1.1761880632e+00 2.1748779919e-01 8.5587046306e+01
1.1958087324e+00 2.1994989027e-01 8.5044103843e+01
1.3889943159e+00 2.4210870998e-01 8.4084849675e+01
1.1779448222e+00 2.1785711285e-01 8.5108001638e+01
1.3037805591e+00 2.3226034566e-01 8.4980199868e+01
1.2393415489e+00 2.2499717698e-01 8.4916289633e+01
1.1788172650e+00 2.1810332196e-01 8.4724520544e+01
1.2520879538e+00 2.2647443163e-01 8.4852373054e+01
1.3227762936e+00 2.3459933219e-01 8.4468735825e+01
1.3006604904e+00 2.3201413655e-01 8.4724520544e+01
1.2651453811e+00 2.2807479083e-01 8.4564667778e+01
1.2761269190e+00 2.2942894092e-01 8.4308814530e+01
1.1457579217e+00 2.1391776713e-01 8.5650894846e+01
1.2837554169e+00 2.3029067280e-01 8.4308814530e+01
1.3228448251e+00 2.3472243674e-01 8.4212840476e+01
1.3687118371e+00 2.3976972345e-01 8.4308814530e+01
1.2659607597e+00 2.2807479083e-01 8.4788450052e+01
1.1089631365e+00 2.0948600319e-01 8.5970057995e+01
1.3571150584e+00 2.3841557336e-01 8.4468735825e+01
1.2754119087e+00 2.2930583637e-01 8.4404772564e+01
1.2536866829e+00 2.2672064074e-01 8.4692553325e+01
1.3397333401e+00 2.3644590050e-01 8.4564667778e+01
1.2980677700e+00 2.3164482289e-01 8.4916289633e+01
1.2267416667e+00 2.2351992233e-01 8.5012152633e+01
1.2155426663e+00 2.2241198135e-01 8.4564667778e+01
1.2949341635e+00 2.3152171834e-01 8.4372788316e+01
1.2080554977e+00 2.2155024947e-01 8.4564667778e+01
1.2777392798e+00 2.2930583637e-01 8.5044103843e+01
1.2677195643e+00 2.2819789538e-01 8.4980199868e+01
1.2526042059e+00 2.2659753618e-01 8.4692553325e+01
1.2359793969e+00 2.2450475877e-01 8.5203836921e+01
1.2945821174e+00 2.3139861378e-01 8.4564667778e+01
1.3248952798e+00 2.3521485496e-01 8.3668671517e+01
1.2226973727e+00 2.2327371323e-01 8.4468735825e+01
1.2526042059e+00 2.2659753618e-01 8.4692553325e+01
1.1876277701e+00 2.1908815839e-01 8.4820412361e+01
1.3596629853e+00 2.3878488702e-01 8.4276824972e+01
1.3172076331e+00 2.3373760031e-01 8.5044103843e+01
1.2622867179e+00 2.2758237261e-01 8.4980199868e+01
1.4110576602e+00 2.4444769650e-01 8.4244833624e+01
1.2127036377e+00 2.2216577224e-01 8.4372788316e+01
1.3172055843e+00 2.3410691397e-01 8.4180845518e+01
1.2765006952e+00 2.2942894092e-01 8.4404772564e+01
1.2830370085e+00 2.3004446369e-01 8.4692553325e+01
1.2646451302e+00 2.2795168628e-01 8.4724520544e+01
1.4491363272e+00 2.4887946044e-01 8.3668671517e+01
1.1549627081e+00 2.1502570811e-01 8.5555119982e+01
1.3407153317e+00 2.3656900505e-01 8.4532692172e+01
1.2144720789e+00 2.2228887680e-01 8.4564667778e+01
1.1852977685e+00 2.1847263562e-01 8.5810492699e+01
1.2738023093e+00 2.2893652271e-01 8.4852373054e+01
1.3574997719e+00 2.3841557336e-01 8.4564667778e+01
1.1687749550e+00 2.1662606732e-01 8.5587046306e+01
1.2949341635e+00 2.3152171834e-01 8.4372788316e+01
1.3146637301e+00 2.3349139120e-01 8.4948245538e+01
1.2952984943e+00 2.3139861378e-01 8.4756486116e+01
1.2268442448e+00 2.2327371323e-01 8.5746657535e+01
1.3406730843e+00 2.3681521416e-01 8.3988837165e+01
1.4015971383e+00 2.4358596462e-01 8.3892807710e+01
1.2791372134e+00 2.2955204548e-01 8.4820412361e+01
1.3396055679e+00 2.3632279594e-01 8.4820412361e+01
1.3263375982e+00 2.3496864585e-01 8.4532692172e+01
1.3918925218e+00 2.4223181453e-01 8.4500714858e+01
1.2403735664e+00 2.2524338609e-01 8.4596641686e+01
1.3452208731e+00 2.3718452782e-01 8.4276824972e+01
1.3389667698e+00 2.3644590050e-01 8.4372788316e+01
1.1855033653e+00 2.1884194929e-01 8.4820412361e+01
1.3337076310e+00 2.3570727317e-01 8.4724520544e+01
1.1997110232e+00 2.2031920393e-01 8.5267719621e+01
1.2407185897e+00 2.2524338609e-01 8.4692553325e+01
1.2841286178e+00 2.3016756825e-01 8.4692553325e+01
1.3120141854e+00 2.3336828665e-01 8.4532692172e+01
1.3076179386e+00 2.3287586843e-01 8.4532692172e+01
1.1848524013e+00 2.1884194929e-01 8.4628613906e+01
1.3093251262e+00 2.3299897299e-01 8.4692553325e+01
1.3650411803e+00 2.3927730524e-01 8.4500714858e+01
1.3137899879e+00 2.3336828665e-01 8.5012152633e+01
1.2998138325e+00 2.3201413655e-01 8.4500714858e+01
1.2054400249e+00 2.2093472670e-01 8.5395467416e+01
1.4333446315e+00 2.4703289213e-01 8.3924819428e+01
1.3354293183e+00 2.3595348228e-01 8.4596641686e+01
1.2658715214e+00 2.2795168628e-01 8.5076053508e+01
1.2448200929e+00 2.2548959520e-01 8.5267719621e+01
1.3840861879e+00 2.4161629176e-01 8.3988837165e+01
1.3744191736e+00 2.4063145533e-01 8.3828778522e+01
1.3141682374e+00 2.3373760031e-01 8.4244833624e+01
1.2491279063e+00 2.2622822252e-01 8.4628613906e+01
1.2567039237e+00 2.2708995440e-01 8.4628613906e+01
1.1443901524e+00 2.1391776713e-01 8.5171893334e+01
1.2730498577e+00 2.2881341815e-01 8.4948245538e+01
1.4567819754e+00 2.4974119232e-01 8.3604614884e+01
1.3477037918e+00 2.3743073693e-01 8.4340802307e+01
1.2844786254e+00 2.3016756825e-01 8.4788450052e+01
1.2134407259e+00 2.2204266769e-01 8.4884332141e+01
1.3266772560e+00 2.3509175040e-01 8.4340802307e+01
1.4114734006e+00 2.4444769650e-01 8.4340802307e+01
1.2658715214e+00 2.2795168628e-01 8.5076053508e+01
1.2073850641e+00 2.2118093581e-01 8.5331596426e+01
1.2864384673e+00 2.3053688191e-01 8.4436755064e+01
1.2111923453e+00 2.2179645858e-01 8.4852373054e+01
1.3635353298e+00 2.3915420068e-01 8.4404772564e+01
1.2870481376e+00 2.3053688191e-01 8.4596641686e+01
1.2343809082e+00 2.2438165421e-01 8.5044103843e+01
1.1945697654e+00 2.2007299482e-01 8.4372788316e+01
1.2723993810e+00 2.2869031360e-01 8.5076053508e+01
1.3097989943e+00 2.3299897299e-01 8.4820412361e+01
1.2638053007e+00 2.2770547717e-01 8.5108001638e+01
1.3159129043e+00 2.3386070486e-01 8.4404772564e+01
1.2507006865e+00 2.2647443163e-01 8.4468735825e+01
1.1719833812e+00 2.1711848553e-01 8.5235779013e+01
1.3791677043e+00 2.4087766444e-01 8.4404772564e+01
1.3144704521e+00 2.3386070486e-01 8.4052847370e+01
1.3752837192e+00 2.4063145533e-01 8.4020843204e+01
1.2988191899e+00 2.3176792745e-01 8.4820412361e+01
1.2878667372e+00 2.3078309102e-01 8.4244833624e+01
1.2529461019e+00 2.2659753618e-01 8.4788450052e+01
1.4195188660e+00 2.4543253293e-01 8.4116850127e+01
1.2846225225e+00 2.3029067280e-01 8.4532692172e+01
1.2810639029e+00 2.3004446369e-01 8.4180845518e+01
1.3787656042e+00 2.4087766444e-01 8.4308814530e+01
1.2963537519e+00 2.3176792745e-01 8.4180845518e+01
1.3388734255e+00 2.3656900505e-01 8.4084849675e+01
1.3314054195e+00 2.3570727317e-01 8.4148848738e+01
1.2755245167e+00 2.2893652271e-01 8.5363532643e+01
1.2130026925e+00 2.2191956313e-01 8.5076053508e+01
1.3862834195e+00 2.4161629176e-01 8.4500714858e+01
1.3269349887e+00 2.3509175040e-01 8.4404772564e+01
1.2993258039e+00 2.3189103200e-01 8.4660584449e+01
1.3452765538e+00 2.3706142326e-01 8.4564667778e+01
1.2101923564e+00 2.2142714492e-01 8.5555119982e+01
1.0930977020e+00 2.0788564399e-01 8.5076053508e+01
1.1803039300e+00 2.1822642652e-01 8.4852373054e+01
1.2163278669e+00 2.2241198135e-01 8.4788450052e+01
1.4636119731e+00 2.5060292419e-01 8.3380352901e+01
1.1892505951e+00 2.1908815839e-01 8.5331596426e+01
1.3309639034e+00 2.3558416862e-01 8.4308814530e+01
1.2545377108e+00 2.2684374529e-01 8.4628613906e+01
1.3524505256e+00 2.3804625970e-01 8.4148848738e+01
1.2279103057e+00 2.2376613144e-01 8.4724520544e+01
1.3274338314e+00 2.3496864585e-01 8.4820412361e+01
1.3386256583e+00 2.3632279594e-01 8.4564667778e+01
1.3956852466e+00 2.4297044185e-01 8.3828778522e+01
1.4021810506e+00 2.4358596462e-01 8.4020843204e+01
1.2582484767e+00 2.2745926806e-01 8.4180845518e+01
1.2875044087e+00 2.3090619557e-01 8.3892807710e+01
1.2606536449e+00 2.2733616351e-01 8.5139948243e+01
1.3212084165e+00 2.3459933219e-01 8.4084849675e+01
1.2852205520e+00 2.3029067280e-01 8.4692553325e+01
1.2572926088e+00 2.2696684984e-01 8.5108001638e+01
1.3520128295e+00 2.3792315514e-01 8.4308814530e+01
1.2029137287e+00 2.2068851759e-01 8.5267719621e+01
1.3120994396e+00 2.3349139120e-01 8.4276824972e+01
1.3753478980e+00 2.4038524622e-01 8.4564667778e+01
1.2379297043e+00 2.2475096787e-01 8.5139948243e+01
1.3725923883e+00 2.4013903711e-01 8.4436755064e+01
1.3802263910e+00 2.4137008265e-01 8.3636644199e+01
1.2434388688e+00 2.2548959520e-01 8.4852373054e+01
1.3170947768e+00 2.3373760031e-01 8.5012152633e+01
1.2709831909e+00 2.2856720904e-01 8.4980199868e+01
1.2378219527e+00 2.2487407243e-01 8.4788450052e+01
1.2487305669e+00 2.2610511797e-01 8.4820412361e+01
1.4271429398e+00 2.4629426481e-01 8.4052847370e+01
1.3507008714e+00 2.3767694603e-01 8.4532692172e+01
1.3673316037e+00 2.3976972345e-01 8.3988837165e+01
1.4124041309e+00 2.4481701016e-01 8.3796761031e+01
1.3791677043e+00 2.4087766444e-01 8.4404772564e+01
1.3004100297e+00 2.3213724111e-01 8.4372788316e+01
1.4761568434e+00 2.5171086518e-01 8.3828778522e+01
1.3545353852e+00 2.3829246880e-01 8.4116850127e+01
1.2752881236e+00 2.2930583637e-01 8.4372788316e+01
1.2676092951e+00 2.2819789538e-01 8.4948245538e+01
1.3432675456e+00 2.3693831871e-01 8.4340802307e+01
1.3745886361e+00 2.4050835077e-01 8.4116850127e+01
1.3501857114e+00 2.3743073693e-01 8.4980199868e+01
1.3029259586e+00 2.3250655477e-01 8.4180845518e+01
1.3567646536e+00 2.3829246880e-01 8.4660584449e+01
1.2848222430e+00 2.3016756825e-01 8.4884332141e+01
1.2585174182e+00 2.2733616351e-01 8.4532692172e+01
1.2497467810e+00 2.2598201341e-01 8.5459332672e+01
1.3966586617e+00 2.4309354641e-01 8.3796761031e+01
1.3381179676e+00 2.3632279594e-01 8.4436755064e+01
1.3338285374e+00 2.3570727317e-01 8.4756486116e+01
1.4143010366e+00 2.4481701016e-01 8.4212840476e+01
1.2979889497e+00 2.3176792745e-01 8.4596641686e+01
1.3922105935e+00 2.4235491908e-01 8.4308814530e+01
1.4305516244e+00 2.4654047392e-01 8.4308814530e+01
1.3030177056e+00 2.3213724111e-01 8.5076053508e+01
1.4202999781e+00 2.4567874204e-01 8.3796761031e+01
1.1893464220e+00 2.1908815839e-01 8.5363532643e+01
1.3349257670e+00 2.3595348228e-01 8.4468735825e+01
1.2381015027e+00 2.2512028154e-01 8.4276824972e+01
1.3971094274e+00 2.4284733730e-01 8.4404772564e+01
1.2015474510e+00 2.2056541304e-01 8.5171893334e+01
1.3578361197e+00 2.3853867791e-01 8.4372788316e+01
1.4060118383e+00 2.4420148739e-01 8.3636644199e+01
1.4268492511e+00 2.4629426481e-01 8.3988837165e+01
1.2600724045e+00 2.2745926806e-01 8.4660584449e+01
1.3798336241e+00 2.4075455988e-01 8.4852373054e+01
1.2984121741e+00 2.3201413655e-01 8.4148848738e+01
1.2096143454e+00 2.2179645858e-01 8.4404772564e+01
1.3227122357e+00 2.3472243674e-01 8.4180845518e+01
1.4193747498e+00 2.4543253293e-01 8.4084849675e+01
1.2711826982e+00 2.2881341815e-01 8.4436755064e+01
1.2530586801e+00 2.2659753618e-01 8.4820412361e+01
1.3869299233e+00 2.4161629176e-01 8.4660584449e+01
1.2687589258e+00 2.2844410449e-01 8.4660584449e+01
1.2279224586e+00 2.2364302689e-01 8.5044103843e+01
1.2617306226e+00 2.2758237261e-01 8.4820412361e+01
1.2523728068e+00 2.2659753618e-01 8.4628613906e+01
1.3567584317e+00 2.3853867791e-01 8.4116850127e+01
1.3169392595e+00 2.3410691397e-01 8.4116850127e+01
1.3198259301e+00 2.3410691397e-01 8.4852373054e+01
1.3072466919e+00 2.3275276388e-01 8.4724520544e+01
1.2744692518e+00 2.2893652271e-01 8.5044103843e+01
1.3878735329e+00 2.4198560542e-01 8.4084849675e+01
1.3818500765e+00 2.4124697810e-01 8.4244833624e+01
1.3091882200e+00 2.3312207754e-01 8.4372788316e+01
1.1835268235e+00 2.1834953107e-01 8.5555119982e+01
1.1927300329e+00 2.1945747206e-01 8.5427400756e+01
1.1761218362e+00 2.1761090375e-01 8.5203836921e+01
1.3088032089e+00 2.3312207754e-01 8.4276824972e+01
1.2854903139e+00 2.3016756825e-01 8.5076053508e+01
1.4238495309e+00 2.4567874204e-01 8.4596641686e+01
1.3045414026e+00 2.3262965932e-01 8.4308814530e+01
1.3134825550e+00 2.3349139120e-01 8.4628613906e+01
1.2464564491e+00 2.2585890886e-01 8.4788450052e+01
1.2744323729e+00 2.2905962726e-01 8.4724520544e+01
1.3853462173e+00 2.4161629176e-01 8.4276824972e+01
1.2186412542e+00 2.2278129501e-01 8.4532692172e+01
1.2261968100e+00 2.2327371323e-01 8.5523192275e+01
1.2463437308e+00 2.2585890886e-01 8.4756486116e+01
1.3023958731e+00 2.3250655477e-01 8.4052847370e+01
1.2947802880e+00 2.3127550923e-01 8.4916289633e+01
1.2364300369e+00 2.2462786332e-01 8.5012152633e+01
1.2616505932e+00 2.2770547717e-01 8.4500714858e+01
1.2171027670e+00 2.2265819046e-01 8.4404772564e+01
1.2314626326e+00 2.2450475877e-01 8.3956829243e+01
1.2892140803e+00 2.3090619557e-01 8.4308814530e+01
1.3920732116e+00 2.4247802364e-01 8.4020843204e+01
1.2446151644e+00 2.2548959520e-01 8.5203836921e+01
1.2303872704e+00 2.2388923600e-01 8.5139948243e+01
1.2368553240e+00 2.2475096787e-01 8.4820412361e+01
1.4448406281e+00 2.4826393767e-01 8.3956829243e+01
1.3115130840e+00 2.3336828665e-01 8.4404772564e+01
1.3723278258e+00 2.4013903711e-01 8.4372788316e+01
1.2143811654e+00 2.2204266769e-01 8.5171893334e+01
1.4902271075e+00 2.5318811983e-01 8.3892807710e+01
1.2571654474e+00 2.2708995440e-01 8.4756486116e+01
1.3245018755e+00 2.3472243674e-01 8.4628613906e+01
1.2161128243e+00 2.2228887680e-01 8.5044103843e+01
1.2597783388e+00 2.2721305895e-01 8.5203836921e+01
1.3241210169e+00 2.3459933219e-01 8.4820412361e+01
1.3158054161e+00 2.3373760031e-01 8.4660584449e+01
1.2577266956e+00 2.2708995440e-01 8.4916289633e+01
1.2064801689e+00 2.2118093581e-01 8.5044103843e+01
1.2767269152e+00 2.2930583637e-01 8.4756486116e+01
1.2864736818e+00 2.3029067280e-01 8.5044103843e+01
1.2489529161e+00 2.2610511797e-01 8.4884332141e+01
1.2384794473e+00 2.2487407243e-01 8.4980199868e+01
1.3108703818e+00 2.3336828665e-01 8.4244833624e+01
1.2877857289e+00 2.3041377735e-01 8.5108001638e+01
1.3242549940e+00 2.3472243674e-01 8.4564667778e+01
1.3017578228e+00 2.3226034566e-01 8.4436755064e+01
1.3563869730e+00 2.3829246880e-01 8.4564667778e+01
1.3754251481e+00 2.4063145533e-01 8.4052847370e+01
1.2914205727e+00 2.3102930012e-01 8.4596641686e+01
1.4203234351e+00 2.4530942838e-01 8.4564667778e+01
1.3614677502e+00 2.3878488702e-01 8.4724520544e+01
1.3174689913e+00 2.3410691397e-01 8.4244833624e+01
1.3388364184e+00 2.3644590050e-01 8.4340802307e+01
1.2022525273e+00 2.2105783126e-01 8.4148848738e+01
1.3264623322e+00 2.3496864585e-01 8.4564667778e+01
1.2317665911e+00 2.2438165421e-01 8.4308814530e+01
1.2728263160e+00 2.2881341815e-01 8.4884332141e+01
1.3138445250e+00 2.3349139120e-01 8.4724520544e+01
1.2483075746e+00 2.2598201341e-01 8.5012152633e+01
1.3105401983e+00 2.3324518209e-01 8.4436755064e+01
1.2573920339e+00 2.2708995440e-01 8.4820412361e+01
1.2462521765e+00 2.2573580430e-01 8.5044103843e+01
1.3063474491e+00 2.3287586843e-01 8.4212840476e+01
1.3794679352e+00 2.4112387354e-01 8.3956829243e+01
1.2807741977e+00 2.2955204548e-01 8.5299658755e+01
1.3373925815e+00 2.3619969139e-01 8.4532692172e+01
1.2797005436e+00 2.2955204548e-01 8.4980199868e+01
1.4435540806e+00 2.4814083312e-01 8.3924819428e+01
1.3666888645e+00 2.3989282800e-01 8.3604614884e+01
1.3610469009e+00 2.3915420068e-01 8.3828778522e+01
1.2636509437e+00 2.2758237261e-01 8.5395467416e+01
1.3106630784e+00 2.3312207754e-01 8.4756486116e+01
1.4054108623e+00 2.4395527828e-01 8.3988837165e+01
1.3046514803e+00 2.3238345022e-01 8.4916289633e+01
1.1986948446e+00 2.2031920393e-01 8.4948245538e+01
1.3699840837e+00 2.4001593256e-01 8.4084849675e+01
1.2468500126e+00 2.2598201341e-01 8.4596641686e+01
1.3940283211e+00 2.4272423274e-01 8.3956829243e+01
1.2941656021e+00 2.3152171834e-01 8.4180845518e+01
1.2001760211e+00 2.2044230849e-01 8.5076053508e+01
1.2779575136e+00 2.2955204548e-01 8.4500714858e+01
1.3929930102e+00 2.4272423274e-01 8.3732720205e+01
1.3491199430e+00 2.3767694603e-01 8.4148848738e+01
1.4033983474e+00 2.4346286007e-01 8.4564667778e+01
1.3879237339e+00 2.4173939631e-01 8.4628613906e+01
1.1967712750e+00 2.2007299482e-01 8.5012152633e+01
1.3036684989e+00 2.3213724111e-01 8.5267719621e+01
1.2511742007e+00 2.2647443163e-01 8.4596641686e+01
1.1642277157e+00 2.1637985821e-01 8.4788450052e+01
1.2875306010e+00 2.3065998646e-01 8.4436755064e+01
1.3652319924e+00 2.3940040979e-01 8.4276824972e+01
1.3339465588e+00 2.3583037773e-01 8.4500714858e+01
1.3924818980e+00 2.4235491908e-01 8.4372788316e+01
1.2170820186e+00 2.2216577224e-01 8.5714737975e+01
1.3075754267e+00 2.3299897299e-01 8.4244833624e+01
1.2831958406e+00 2.2992135914e-01 8.5044103843e+01
1.2989319400e+00 2.3201413655e-01 8.4276824972e+01
1.2750044631e+00 2.2905962726e-01 8.4884332141e+01
1.3148252675e+00 2.3361449576e-01 8.4692553325e+01
1.2836291717e+00 2.2992135914e-01 8.5171893334e+01
1.3574376124e+00 2.3853867791e-01 8.4276824972e+01
1.2470096895e+00 2.2585890886e-01 8.4948245538e+01
1.3253585023e+00 2.3484554129e-01 8.4564667778e+01
1.4020170049e+00 2.4383217373e-01 8.3508514856e+01
1.3432675456e+00 2.3693831871e-01 8.4340802307e+01
1.3810142723e+00 2.4124697810e-01 8.4052847370e+01
1.2146188466e+00 2.2216577224e-01 8.4916289633e+01
1.2545377108e+00 2.2684374529e-01 8.4628613906e+01
1.2691071160e+00 2.2844410449e-01 8.4756486116e+01
1.3741669542e+00 2.4050835077e-01 8.4020843204e+01
1.2693717406e+00 2.2856720904e-01 8.4532692172e+01
1.3393533842e+00 2.3644590050e-01 8.4468735825e+01
1.1856523988e+00 2.1859574018e-01 8.5555119982e+01
1.5128450569e+00 2.5601952457e-01 8.3155989002e+01
1.2361069619e+00 2.2462786332e-01 8.4916289633e+01
1.2540406828e+00 2.2659753618e-01 8.5108001638e+01
1.2639405002e+00 2.2795168628e-01 8.4532692172e+01
1.2178991826e+00 2.2241198135e-01 8.5267719621e+01
1.1769129576e+00 2.1785711285e-01 8.4788450052e+01
1.4306746018e+00 2.4690978758e-01 8.3604614884e+01
1.3148252675e+00 2.3361449576e-01 8.4692553325e+01
1.3606415019e+00 2.3890799157e-01 8.4244833624e+01
1.3698276514e+00 2.3989282800e-01 8.4308814530e+01
1.2478722555e+00 2.2573580430e-01 8.5555119982e+01
1.3610431903e+00 2.3890799157e-01 8.4340802307e+01
1.3460193879e+00 2.3706142326e-01 8.4756486116e+01
1.3294641066e+00 2.3509175040e-01 8.5076053508e+01
1.3464624419e+00 2.3730763237e-01 8.4308814530e+01
1.1842274890e+00 2.1871884473e-01 8.4756486116e+01
1.3127440792e+00 2.3336828665e-01 8.4724520544e+01
1.2950625656e+00 2.3139861378e-01 8.4692553325e+01
1.2956769122e+00 2.3152171834e-01 8.4564667778e+01
1.2001263972e+00 2.2068851759e-01 8.4436755064e+01
1.3629405685e+00 2.3903109613e-01 8.4532692172e+01
1.4196621991e+00 2.4543253293e-01 8.4148848738e+01
1.2699630693e+00 2.2856720904e-01 8.4692553325e+01
1.2461450656e+00 2.2573580430e-01 8.5012152633e+01
1.2348107991e+00 2.2450475877e-01 8.4852373054e+01
1.2474398633e+00 2.2585890886e-01 8.5076053508e+01
1.2951846139e+00 2.3152171834e-01 8.4436755064e+01
1.1855726083e+00 2.1871884473e-01 8.5171893334e+01
1.3138389132e+00 2.3361449576e-01 8.4436755064e+01
1.3144332981e+00 2.3349139120e-01 8.4884332141e+01
1.3924818980e+00 2.4235491908e-01 8.4372788316e+01
1.3151831669e+00 2.3361449576e-01 8.4788450052e+01
1.3916587674e+00 2.4235491908e-01 8.4180845518e+01
1.3645179139e+00 2.3927730524e-01 8.4372788316e+01
1.4285641499e+00 2.4629426481e-01 8.4372788316e+01
1.2430106129e+00 2.2536649064e-01 8.5044103843e+01
1.2439561854e+00 2.2561269975e-01 8.4692553325e+01
1.2747777415e+00 2.2905962726e-01 8.4820412361e+01
1.2413900754e+00 2.2524338609e-01 8.4884332141e+01
1.2326438508e+00 2.2413544510e-01 8.5171893334e+01
1.3767221767e+00 2.4050835077e-01 8.4628613906e+01
1.2267416667e+00 2.2351992233e-01 8.5012152633e+01
1.2345911564e+00 2.2438165421e-01 8.5108001638e+01
1.2571860102e+00 2.2696684984e-01 8.5076053508e+01
1.2551243305e+00 2.2672064074e-01 8.5108001638e+01
1.3324798444e+00 2.3558416862e-01 8.4692553325e+01
1.1725492589e+00 2.1724159008e-01 8.5076053508e+01
1.2974895515e+00 2.3164482289e-01 8.4756486116e+01
1.2808547648e+00 2.2979825458e-01 8.4692553325e+01
1.3506354351e+00 2.3780005059e-01 8.4244833624e+01
1.3193432157e+00 2.3423001852e-01 8.4436755064e+01
1.3073696268e+00 2.3287586843e-01 8.4468735825e+01
1.3510343324e+00 2.3780005059e-01 8.4340802307e+01
1.2893536960e+00 2.3078309102e-01 8.4628613906e+01
1.4047184515e+00 2.4383217373e-01 8.4084849675e+01
1.2843783340e+00 2.3029067280e-01 8.4468735825e+01
1.3265646040e+00 2.3484554129e-01 8.4884332141e+01
1.1860603862e+00 2.1871884473e-01 8.5331596426e+01
1.3380387661e+00 2.3644590050e-01 8.4148848738e+01
1.2689167707e+00 2.2832099994e-01 8.5012152633e+01
1.2955500122e+00 2.3189103200e-01 8.3732720205e+01
1.2233885679e+00 2.2327371323e-01 8.4660584449e+01
1.3991569877e+00 2.4297044185e-01 8.4628613906e+01
1.2453833077e+00 2.2561269975e-01 8.5108001638e+01
1.1975236081e+00 2.2019609938e-01 8.4916289633e+01
1.2741253660e+00 2.2881341815e-01 8.5267719621e+01
1.3614831195e+00 2.3903109613e-01 8.4180845518e+01
1.2143811654e+00 2.2204266769e-01 8.5171893334e+01
1.3698276514e+00 2.3989282800e-01 8.4308814530e+01
1.3130686301e+00 2.3361449576e-01 8.4244833624e+01
1.3175167500e+00 2.3398380942e-01 8.4532692172e+01
1.1210998320e+00 2.1120946694e-01 8.5076053508e+01
1.2518743707e+00 2.2635132707e-01 8.5108001638e+01
1.3294640351e+00 2.3546106406e-01 8.4212840476e+01
1.2592191961e+00 2.2733616351e-01 8.4724520544e+01
1.2099964888e+00 2.2155024947e-01 8.5139948243e+01
1.2096880721e+00 2.2155024947e-01 8.5044103843e+01
1.2197426292e+00 2.2265819046e-01 8.5171893334e+01
1.2868935375e+00 2.3041377735e-01 8.4852373054e+01
1.2919167452e+00 2.3078309102e-01 8.5363532643e+01
1.3675963409e+00 2.3964661890e-01 8.4308814530e+01
1.3529280824e+00 2.3780005059e-01 8.4820412361e+01
1.3060901189e+00 2.3250655477e-01 8.5012152633e+01
1.2840670358e+00 2.3004446369e-01 8.4980199868e+01
1.3715065133e+00 2.4026214167e-01 8.3924819428e+01
1.3325554824e+00 2.3546106406e-01 8.5012152633e+01
1.2602913279e+00 2.2721305895e-01 8.5363532643e+01
1.3074832504e+00 2.3275276388e-01 8.4788450052e+01
1.3878594845e+00 2.4186250087e-01 8.4340802307e+01
1.2079583376e+00 2.2130404036e-01 8.5171893334e+01
1.3797539502e+00 2.4112387354e-01 8.4020843204e+01
1.3105441556e+00 2.3312207754e-01 8.4724520544e+01
1.3088032089e+00 2.3312207754e-01 8.4276824972e+01
1.2357124401e+00 2.2475096787e-01 8.4500714858e+01
1.2094791105e+00 2.2155024947e-01 8.4980199868e+01
1.2950060177e+00 2.3127550923e-01 8.4980199868e+01
1.2579176134e+00 2.2696684984e-01 8.5299658755e+01
1.3580078759e+00 2.3866178247e-01 8.4148848738e+01
1.3373925815e+00 2.3619969139e-01 8.4532692172e+01
1.2367441191e+00 2.2475096787e-01 8.4788450052e+01
1.3048109309e+00 2.3250655477e-01 8.4660584449e+01
1.4265524124e+00 2.4629426481e-01 8.3924819428e+01
1.3033495389e+00 2.3238345022e-01 8.4564667778e+01
1.4010566953e+00 2.4346286007e-01 8.4020843204e+01
1.2841779370e+00 2.3004446369e-01 8.5012152633e+01
1.3112468369e+00 2.3312207754e-01 8.4916289633e+01
1.1242040383e+00 2.1145567605e-01 8.5427400756e+01
1.2886160593e+00 2.3065998646e-01 8.4724520544e+01
1.2357777279e+00 2.2462786332e-01 8.4820412361e+01
1.2754494499e+00 2.2905962726e-01 8.5012152633e+01
1.2672787227e+00 2.2807479083e-01 8.5171893334e+01
1.2984676779e+00 2.3176792745e-01 8.4724520544e+01
1.1883585124e+00 2.1908815839e-01 8.5044103843e+01
1.3654998589e+00 2.3940040979e-01 8.4340802307e+01
1.3525866892e+00 2.3804625970e-01 8.4180845518e+01
1.2624635735e+00 2.2745926806e-01 8.5363532643e+01
1.3874503218e+00 2.4186250087e-01 8.4244833624e+01
1.1391997203e+00 2.1317913981e-01 8.5555119982e+01
1.3096411267e+00 2.3324518209e-01 8.4212840476e+01
1.4483138365e+00 2.4875635589e-01 8.3732720205e+01
1.2746633236e+00 2.2905962726e-01 8.4788450052e+01
1.3088419692e+00 2.3275276388e-01 8.5171893334e+01
1.3526852788e+00 2.3780005059e-01 8.4756486116e+01
1.2771862381e+00 2.2918273181e-01 8.5203836921e+01
1.2425354655e+00 2.2561269975e-01 8.4308814530e+01
1.3937391812e+00 2.4247802364e-01 8.4404772564e+01
1.1692758684e+00 2.1687227642e-01 8.5044103843e+01
1.3691296282e+00 2.3952351434e-01 8.4980199868e+01
1.2113560621e+00 2.2155024947e-01 8.5587046306e+01
1.3230173891e+00 2.3447622763e-01 8.4820412361e+01
1.3271233407e+00 2.3521485496e-01 8.4180845518e+01
1.3231518072e+00 2.3459933219e-01 8.4564667778e+01
1.3494723847e+00 2.3743073693e-01 8.4788450052e+01
1.2719610928e+00 2.2869031360e-01 8.4948245538e+01
1.2192102724e+00 2.2278129501e-01 8.4692553325e+01
1.2886605347e+00 2.3053688191e-01 8.5044103843e+01
1.3501858284e+00 2.3767694603e-01 8.4404772564e+01
1.3062020848e+00 2.3250655477e-01 8.5044103843e+01
1.2997991683e+00 2.3189103200e-01 8.4788450052e+01
1.1346538006e+00 2.1268672159e-01 8.5427400756e+01
1.3348551283e+00 2.3607658683e-01 8.4180845518e+01
1.3096816121e+00 2.3299897299e-01 8.4788450052e+01
1.2960914084e+00 2.3176792745e-01 8.4116850127e+01
1.4132273969e+00 2.4494011472e-01 8.3732720205e+01
1.2716493261e+00 2.2893652271e-01 8.4276824972e+01
1.3155345322e+00 2.3361449576e-01 8.4884332141e+01
1.2825607714e+00 2.3004446369e-01 8.4564667778e+01
1.3824149174e+00 2.4137008265e-01 8.4116850127e+01
1.2430200717e+00 2.2561269975e-01 8.4436755064e+01
1.2424542489e+00 2.2524338609e-01 8.5203836921e+01
1.2268472044e+00 2.2351992233e-01 8.5044103843e+01
1.3166287025e+00 2.3398380942e-01 8.4308814530e+01
1.2799974284e+00 2.2967515003e-01 8.4756486116e+01
1.2777130836e+00 2.2955204548e-01 8.4436755064e+01
1.3449095262e+00 2.3693831871e-01 8.4756486116e+01
1.2253464067e+00 2.2339681778e-01 8.4916289633e+01
1.3193515913e+00 2.3410691397e-01 8.4724520544e+01
1.2169544292e+00 2.2253508590e-01 8.4660584449e+01
1.2584832294e+00 2.2708995440e-01 8.5139948243e+01
1.1697432030e+00 2.1674917187e-01 8.5555119982e+01
1.3395479162e+00 2.3656900505e-01 8.4244833624e+01
1.2875383233e+00 2.3029067280e-01 8.5363532643e+01
1.2461162234e+00 2.2585890886e-01 8.4692553325e+01
1.3304350399e+00 2.3558416862e-01 8.4180845518e+01
1.2294950869e+00 2.2413544510e-01 8.4276824972e+01
1.2964838458e+00 2.3176792745e-01 8.4212840476e+01
1.2850477721e+00 2.3016756825e-01 8.4948245538e+01
1.2583980147e+00 2.2733616351e-01 8.4500714858e+01
1.2910557413e+00 2.3102930012e-01 8.4500714858e+01
1.3754780717e+00 2.4026214167e-01 8.4884332141e+01
1.2063762835e+00 2.2118093581e-01 8.5012152633e+01
1.2564203628e+00 2.2696684984e-01 8.4852373054e+01
1.2750044631e+00 2.2905962726e-01 8.4884332141e+01
1.2856861820e+00 2.3029067280e-01 8.4820412361e+01
1.2504402344e+00 2.2635132707e-01 8.4692553325e+01
1.2420606405e+00 2.2548959520e-01 8.4468735825e+01
1.3378596866e+00 2.3632279594e-01 8.4372788316e+01
1.3023743426e+00 2.3226034566e-01 8.4596641686e+01
1.3836455315e+00 2.4137008265e-01 8.4404772564e+01
1.2425790948e+00 2.2536649064e-01 8.4916289633e+01
1.2744464267e+00 2.2918273181e-01 8.4436755064e+01
1.5151951223e+00 2.5577331546e-01 8.4052847370e+01
1.2872334405e+00 2.3041377735e-01 8.4948245538e+01
1.3784937324e+00 2.4087766444e-01 8.4244833624e+01
1.3244724149e+00 2.3459933219e-01 8.4916289633e+01
1.2720499431e+00 2.2856720904e-01 8.5299658755e+01
1.2853466579e+00 2.3041377735e-01 8.4436755064e+01
1.2599014341e+00 2.2770547717e-01 8.4052847370e+01
1.3242549940e+00 2.3472243674e-01 8.4564667778e+01
1.2943375969e+00 2.3139861378e-01 8.4500714858e+01
1.4128898498e+00 2.4469390561e-01 8.4148848738e+01
1.3892499481e+00 2.4198560542e-01 8.4404772564e+01
1.1961138134e+00 2.1994989027e-01 8.5139948243e+01
1.2863128110e+00 2.3041377735e-01 8.4692553325e+01
1.3620436261e+00 2.3915420068e-01 8.4052847370e+01
1.3089621306e+00 2.3299897299e-01 8.4596641686e+01
1.3393533842e+00 2.3644590050e-01 8.4468735825e+01
1.2741986023e+00 2.2905962726e-01 8.4660584449e+01
1.2062178813e+00 2.2105783126e-01 8.5299658755e+01
1.3017578228e+00 2.3226034566e-01 8.4436755064e+01
1.2754048472e+00 2.2918273181e-01 8.4692553325e+01
1.3355291534e+00 2.3583037773e-01 8.4916289633e+01
1.3478349584e+00 2.3743073693e-01 8.4372788316e+01
1.2500232024e+00 2.2610511797e-01 8.5203836921e+01
1.3467551528e+00 2.3755384148e-01 8.3860794078e+01
1.1567083789e+00 2.1527191722e-01 8.5427400756e+01
1.4109175239e+00 2.4444769650e-01 8.4212840476e+01
1.3545394283e+00 2.3804625970e-01 8.4660584449e+01
1.3545394283e+00 2.3804625970e-01 8.4660584449e+01
1.2657312969e+00 2.2807479083e-01 8.4724520544e+01
1.3247458311e+00 2.3472243674e-01 8.4692553325e+01
1.2791549546e+00 2.2942894092e-01 8.5139948243e+01
1.2745779450e+00 2.2893652271e-01 8.5076053508e+01
1.3036994291e+00 2.3250655477e-01 8.4372788316e+01
1.3357757893e+00 2.3607658683e-01 8.4404772564e+01
1.2767269152e+00 2.2930583637e-01 8.4756486116e+01
1.3961197341e+00 2.4272423274e-01 8.4436755064e+01
1.2429904776e+00 2.2548959520e-01 8.4724520544e+01
1.1747663734e+00 2.1748779919e-01 8.5108001638e+01
1.3111606435e+00 2.3324518209e-01 8.4596641686e+01
1.2825607714e+00 2.3004446369e-01 8.4564667778e+01
1.2444765616e+00 2.2512028154e-01 8.6289095936e+01
1.2552300622e+00 2.2672064074e-01 8.5139948243e+01
1.2719040014e+00 2.2881341815e-01 8.4628613906e+01
1.1481976678e+00 2.1428708079e-01 8.5395467416e+01
1.2557474608e+00 2.2708995440e-01 8.4372788316e+01
1.2789069320e+00 2.2955204548e-01 8.4756486116e+01
1.3909516973e+00 2.4235491908e-01 8.4020843204e+01
1.3703589878e+00 2.3989282800e-01 8.4436755064e+01
1.3021150801e+00 2.3262965932e-01 8.3732720205e+01
1.4058439704e+00 2.4395527828e-01 8.4084849675e+01
1.2301790752e+00 2.2388923600e-01 8.5076053508e+01
1.3175996009e+00 2.3410691397e-01 8.4276824972e+01
1.2292074264e+00 2.2376613144e-01 8.5108001638e+01
1.2352453142e+00 2.2450475877e-01 8.4980199868e+01
1.2858109887e+00 2.3053688191e-01 8.4276824972e+01
1.3313528218e+00 2.3558416862e-01 8.4404772564e+01
1.2613101662e+00 2.2745926806e-01 8.5012152633e+01
1.3420750330e+00 2.3669210960e-01 8.4596641686e+01
1.3366227760e+00 2.3619969139e-01 8.4340802307e+01
1.3254439381e+00 2.3496864585e-01 8.4308814530e+01
1.1942221285e+00 2.1982678572e-01 8.4884332141e+01
1.3967059242e+00 2.4297044185e-01 8.4052847370e+01
1.1840306724e+00 2.1847263562e-01 8.5363532643e+01
1.3062715689e+00 2.3275276388e-01 8.4468735825e+01
1.3216102625e+00 2.3459933219e-01 8.4180845518e+01
1.2686414580e+00 2.2844410449e-01 8.4628613906e+01
1.2500566247e+00 2.2672064074e-01 8.3764741596e+01
1.3382570845e+00 2.3619969139e-01 8.4756486116e+01
1.3225390072e+00 2.3447622763e-01 8.4692553325e+01
1.3139054534e+00 2.3373760031e-01 8.4180845518e+01
1.3804556399e+00 2.4112387354e-01 8.4180845518e+01
1.2221926658e+00 2.2290439956e-01 8.5267719621e+01
1.2445731201e+00 2.2573580430e-01 8.4564667778e+01
1.2010320316e+00 2.2068851759e-01 8.4692553325e+01
1.3243786184e+00 2.3496864585e-01 8.4052847370e+01
1.2920533495e+00 2.3090619557e-01 8.5076053508e+01
1.1816699412e+00 2.1847263562e-01 8.4628613906e+01
1.3417801872e+00 2.3693831871e-01 8.3988837165e+01
1.4248187944e+00 2.4617116025e-01 8.3796761031e+01
1.2399831205e+00 2.2499717698e-01 8.5108001638e+01
1.3584156997e+00 2.3866178247e-01 8.4244833624e+01
1.3046693332e+00 2.3262965932e-01 8.4340802307e+01
1.2280274039e+00 2.2364302689e-01 8.5076053508e+01
1.3188637917e+00 2.3386070486e-01 8.5203836921e+01
1.2660913684e+00 2.2832099994e-01 8.4244833624e+01
1.1945301952e+00 2.1958057661e-01 8.5682817082e+01
1.2711670243e+00 2.2869031360e-01 8.4724520544e+01
1.2456123022e+00 2.2548959520e-01 8.5523192275e+01
1.1983464918e+00 2.2019609938e-01 8.5171893334e+01
1.1713908127e+00 2.1711848553e-01 8.5044103843e+01
1.2558866873e+00 2.2684374529e-01 8.5012152633e+01
1.1924438053e+00 2.1945747206e-01 8.5331596426e+01
1.3267970435e+00 2.3484554129e-01 8.4948245538e+01
1.3541195175e+00 2.3829246880e-01 8.4020843204e+01
1.2152483460e+00 2.2216577224e-01 8.5108001638e+01
1.2465973704e+00 2.2561269975e-01 8.5491263175e+01
1.3408413423e+00 2.3656900505e-01 8.4564667778e+01
1.2963938609e+00 2.3152171834e-01 8.4756486116e+01
1.2478715257e+00 2.2598201341e-01 8.4884332141e+01
1.1468690084e+00 2.1416397624e-01 8.5299658755e+01
1.4114387603e+00 2.4420148739e-01 8.4884332141e+01
1.2742497537e+00 2.2893652271e-01 8.4980199868e+01
1.3145830372e+00 2.3361449576e-01 8.4628613906e+01
1.3539679202e+00 2.3816936425e-01 8.4244833624e+01
1.2351152926e+00 2.2475096787e-01 8.4340802307e+01
1.2303946840e+00 2.2401234055e-01 8.4820412361e+01
1.5261355828e+00 2.5700436100e-01 8.3924819428e+01
1.1881868585e+00 2.1896505384e-01 8.5331596426e+01
1.3122603840e+00 2.3336828665e-01 8.4596641686e+01
1.2274958811e+00 2.2364302689e-01 8.4916289633e+01
1.2422482357e+00 2.2536649064e-01 8.4820412361e+01
1.4474879938e+00 2.4863325133e-01 8.3796761031e+01
1.2481625964e+00 2.2610511797e-01 8.4660584449e+01
1.2347986730e+00 2.2438165421e-01 8.5171893334e+01
1.3003019502e+00 2.3201413655e-01 8.4628613906e+01
1.3619563772e+00 2.3878488702e-01 8.4852373054e+01
1.4075160464e+00 2.4420148739e-01 8.3956829243e+01
1.2688756914e+00 2.2844410449e-01 8.4692553325e+01
1.3853462173e+00 2.4161629176e-01 8.4276824972e+01
1.2906850934e+00 2.3090619557e-01 8.4692553325e+01
1.3346695664e+00 2.3595348228e-01 8.4404772564e+01
1.2263907361e+00 2.2339681778e-01 8.5235779013e+01
1.2382630243e+00 2.2487407243e-01 8.4916289633e+01
1.2983445971e+00 2.3189103200e-01 8.4404772564e+01
1.3203178778e+00 2.3435312308e-01 8.4404772564e+01
1.2804992232e+00 2.2979825458e-01 8.4596641686e+01
1.2710507732e+00 2.2869031360e-01 8.4692553325e+01
1.1904854817e+00 2.1933436750e-01 8.5044103843e+01
1.3573791589e+00 2.3829246880e-01 8.4820412361e+01
1.2907379639e+00 2.3078309102e-01 8.5012152633e+01
1.3046693332e+00 2.3262965932e-01 8.4340802307e+01
1.3596779112e+00 2.3890799157e-01 8.4020843204e+01
1.3389667698e+00 2.3644590050e-01 8.4372788316e+01
1.3207726412e+00 2.3447622763e-01 8.4244833624e+01
1.2528328302e+00 2.2659753618e-01 8.4756486116e+01
1.3532562897e+00 2.3804625970e-01 8.4340802307e+01
1.3249823974e+00 2.3484554129e-01 8.4468735825e+01
1.3574200949e+00 2.3878488702e-01 8.3764741596e+01
1.2768422238e+00 2.2930583637e-01 8.4788450052e+01
1.3242104130e+00 2.3484554129e-01 8.4276824972e+01
1.2916525272e+00 2.3115240468e-01 8.4372788316e+01
1.4202135578e+00 2.4555563748e-01 8.4020843204e+01
1.3135850593e+00 2.3361449576e-01 8.4372788316e+01
1.2942436262e+00 2.3115240468e-01 8.5076053508e+01
1.3547608405e+00 2.3816936425e-01 8.4436755064e+01
1.3148847364e+00 2.3398380942e-01 8.3892807710e+01
1.2808547648e+00 2.2979825458e-01 8.4692553325e+01
1.2905143799e+00 2.3078309102e-01 8.4948245538e+01
1.2875230567e+00 2.3053688191e-01 8.4724520544e+01
1.3654998589e+00 2.3940040979e-01 8.4340802307e+01
1.3846319975e+00 2.4149318721e-01 8.4372788316e+01
1.2226515445e+00 2.2315060867e-01 8.4756486116e+01
1.3444176564e+00 2.3693831871e-01 8.4628613906e+01
1.2145861795e+00 2.2228887680e-01 8.4596641686e+01
1.2876400068e+00 2.3053688191e-01 8.4756486116e+01
1.3047965416e+00 2.3262965932e-01 8.4372788316e+01
1.3061464276e+00 2.3275276388e-01 8.4436755064e+01
1.2539343442e+00 2.2659753618e-01 8.5076053508e+01
1.3574535981e+00 2.3866178247e-01 8.4020843204e+01
1.2916525272e+00 2.3115240468e-01 8.4372788316e+01
1.2968934105e+00 2.3164482289e-01 8.4596641686e+01
1.2169843256e+00 2.2265819046e-01 8.4372788316e+01
1.2104433264e+00 2.2167335403e-01 8.4948245538e+01
1.3139637305e+00 2.3349139120e-01 8.4756486116e+01
1.2044462697e+00 2.2093472670e-01 8.5076053508e+01
1.4011510690e+00 2.4358596462e-01 8.3796761031e+01
1.2994452222e+00 2.3189103200e-01 8.4692553325e+01
1.2661120180e+00 2.2819789538e-01 8.4532692172e+01
1.2907379639e+00 2.3078309102e-01 8.5012152633e+01
1.2591045719e+00 2.2708995440e-01 8.5331596426e+01
1.2706484774e+00 2.2844410449e-01 8.5203836921e+01
1.2238553731e+00 2.2302750412e-01 8.5459332672e+01
1.3682576015e+00 2.3964661890e-01 8.4468735825e+01
1.2450582633e+00 2.2585890886e-01 8.4404772564e+01
1.2892337064e+00 2.3078309102e-01 8.4596641686e+01
1.4106349165e+00 2.4444769650e-01 8.4148848738e+01
1.3084116760e+00 2.3312207754e-01 8.4180845518e+01
1.4391163321e+00 2.4727910124e-01 8.4724520544e+01
1.2629287933e+00 2.2770547717e-01 8.4852373054e+01
1.1958087324e+00 2.1994989027e-01 8.5044103843e+01
1.3055436180e+00 2.3238345022e-01 8.5171893334e+01
1.3179870543e+00 2.3410691397e-01 8.4372788316e+01
1.2289413360e+00 2.2364302689e-01 8.5363532643e+01
1.1931176663e+00 2.1958057661e-01 8.5203836921e+01
1.2321207996e+00 2.2413544510e-01 8.5012152633e+01
1.3048732699e+00 2.3226034566e-01 8.5299658755e+01
1.2474398633e+00 2.2585890886e-01 8.5076053508e+01
1.3532562897e+00 2.3804625970e-01 8.4340802307e+01
1.1997110232e+00 2.2031920393e-01 8.5267719621e+01
1.2889879057e+00 2.3053688191e-01 8.5139948243e+01
1.3563254041e+00 2.3841557336e-01 8.4276824972e+01
1.4558051032e+00 2.4974119232e-01 8.3412396483e+01
1.2073850641e+00 2.2118093581e-01 8.5331596426e+01
1.3489726316e+00 2.3780005059e-01 8.3860794078e+01
1.2725137297e+00 2.2893652271e-01 8.4500714858e+01
1.2820726157e+00 2.2967515003e-01 8.5363532643e+01
1.3290621805e+00 2.3546106406e-01 8.4116850127e+01
1.3402295931e+00 2.3644590050e-01 8.4692553325e+01
1.3089319699e+00 2.3287586843e-01 8.4884332141e+01
1.3748659588e+00 2.4050835077e-01 8.4180845518e+01
1.3080136196e+00 2.3312207754e-01 8.4084849675e+01
1.3219246000e+00 2.3447622763e-01 8.4532692172e+01
1.2781608453e+00 2.2942894092e-01 8.4852373054e+01
1.2349204535e+00 2.2450475877e-01 8.4884332141e+01
1.3667779052e+00 2.3964661890e-01 8.4116850127e+01
1.3222649282e+00 2.3435312308e-01 8.4916289633e+01
1.3994921830e+00 2.4309354641e-01 8.4436755064e+01
1.2582494198e+00 2.2721305895e-01 8.4756486116e+01
1.2962761606e+00 2.3152171834e-01 8.4724520544e+01
1.3318610773e+00 2.3558416862e-01 8.4532692172e+01
1.2473083779e+00 2.2622822252e-01 8.4148848738e+01
1.3652319924e+00 2.3940040979e-01 8.4276824972e+01
1.2149366245e+00 2.2216577224e-01 8.5012152633e+01
1.1200336345e+00 2.1096325784e-01 8.5427400756e+01
1.3029259586e+00 2.3250655477e-01 8.4180845518e+01
1.3885713209e+00 2.4198560542e-01 8.4244833624e+01
1.3565916194e+00 2.3841557336e-01 8.4340802307e+01
1.2239459032e+00 2.2327371323e-01 8.4820412361e+01
1.2555588199e+00 2.2684374529e-01 8.4916289633e+01
1.2386752810e+00 2.2499717698e-01 8.4724520544e+01
1.3637967610e+00 2.3915420068e-01 8.4468735825e+01
1.3256924041e+00 2.3472243674e-01 8.4948245538e+01
1.2580198633e+00 2.2721305895e-01 8.4692553325e+01
1.3706201189e+00 2.3989282800e-01 8.4500714858e+01
1.2117349794e+00 2.2216577224e-01 8.4116850127e+01
1.3243788005e+00 2.3472243674e-01 8.4596641686e+01
1.2571654474e+00 2.2708995440e-01 8.4756486116e+01
1.2257722801e+00 2.2339681778e-01 8.5044103843e+01
1.3225390072e+00 2.3447622763e-01 8.4692553325e+01
1.2139651157e+00 2.2216577224e-01 8.4724520544e+01
1.3020902869e+00 2.3238345022e-01 8.4244833624e+01
1.2384794473e+00 2.2487407243e-01 8.4980199868e+01
1.3050487919e+00 2.3262965932e-01 8.4436755064e+01
1.2801384844e+00 2.2955204548e-01 8.5108001638e+01
1.2359979016e+00 2.2462786332e-01 8.4884332141e+01
1.2815898967e+00 2.2992135914e-01 8.4596641686e+01
1.3472421339e+00 2.3730763237e-01 8.4500714858e+01
1.2890956070e+00 2.3053688191e-01 8.5171893334e+01
1.4062700932e+00 2.4395527828e-01 8.4180845518e+01
1.3169066390e+00 2.3386070486e-01 8.4660584449e+01
1.2704360381e+00 2.2881341815e-01 8.4244833624e+01
1.4010156725e+00 2.4321665096e-01 8.4532692172e+01
1.4574133091e+00 2.4998740143e-01 8.3284209632e+01
1.2950597472e+00 2.3152171834e-01 8.4404772564e+01
1.3859139015e+00 2.4173939631e-01 8.4148848738e+01
1.2111682601e+00 2.2167335403e-01 8.5171893334e+01
1.3143169943e+00 2.3349139120e-01 8.4852373054e+01
1.3035723216e+00 2.3250655477e-01 8.4340802307e+01
1.2701137793e+00 2.2844410449e-01 8.5044103843e+01
1.3646872095e+00 2.3940040979e-01 8.4148848738e+01
1.2774658225e+00 2.2955204548e-01 8.4372788316e+01
1.1964579766e+00 2.2007299482e-01 8.4916289633e+01
1.1919451065e+00 2.1933436750e-01 8.5523192275e+01
1.3439790872e+00 2.3706142326e-01 8.4244833624e+01
1.3294640351e+00 2.3546106406e-01 8.4212840476e+01
1.2166260582e+00 2.2228887680e-01 8.5203836921e+01
1.3225390072e+00 2.3447622763e-01 8.4692553325e+01
1.2733798944e+00 2.2881341815e-01 8.5044103843e+01
1.3083455235e+00 2.3287586843e-01 8.4724520544e+01
1.3034714994e+00 2.3238345022e-01 8.4596641686e+01
1.3706768101e+00 2.4013903711e-01 8.3988837165e+01
1.2379332489e+00 2.2487407243e-01 8.4820412361e+01
1.2876540583e+00 2.3065998646e-01 8.4468735825e+01
1.3339465588e+00 2.3583037773e-01 8.4500714858e+01
1.2052032658e+00 2.2105783126e-01 8.4980199868e+01
1.2084547891e+00 2.2130404036e-01 8.5331596426e+01
1.2342798442e+00 2.2462786332e-01 8.4404772564e+01
1.1932456655e+00 2.2007299482e-01 8.4020843204e+01
1.1622787257e+00 2.1601054455e-01 8.5171893334e+01
1.2138538040e+00 2.2216577224e-01 8.4692553325e+01
1.3184879712e+00 2.3398380942e-01 8.4788450052e+01
1.3256055781e+00 2.3484554129e-01 8.4628613906e+01
1.3968486486e+00 2.4297044185e-01 8.4084849675e+01
1.3478739003e+00 2.3755384148e-01 8.4116850127e+01
1.3049308250e+00 2.3250655477e-01 8.4692553325e+01
1.2505547065e+00 2.2635132707e-01 8.4724520544e+01
1.2585176184e+00 2.2696684984e-01 8.5491263175e+01
1.3814527995e+00 2.4100076899e-01 8.4692553325e+01
1.3213147529e+00 2.3435312308e-01 8.4660584449e+01
1.2687628356e+00 2.2856720904e-01 8.4372788316e+01
1.2493587400e+00 2.2622822252e-01 8.4692553325e+01
1.3631375374e+00 2.3915420068e-01 8.4308814530e+01
1.1911851125e+00 2.1933436750e-01 8.5267719621e+01
1.2678291329e+00 2.2819789538e-01 8.5012152633e+01
1.2751636318e+00 2.2930583637e-01 8.4340802307e+01
1.2844786254e+00 2.3016756825e-01 8.4788450052e+01
1.3782188159e+00 2.4087766444e-01 8.4180845518e+01
1.3454850292e+00 2.3718452782e-01 8.4340802307e+01
1.2772915823e+00 2.2918273181e-01 8.5235779013e+01
1.2960386108e+00 2.3152171834e-01 8.4660584449e+01
1.3137729699e+00 2.3373760031e-01 8.4148848738e+01
1.3674127579e+00 2.3940040979e-01 8.4820412361e+01
1.3654998589e+00 2.3940040979e-01 8.4340802307e+01
1.2284154607e+00 2.2388923600e-01 8.4564667778e+01
1.4036085402e+00 2.4395527828e-01 8.3604614884e+01
1.3189598346e+00 2.3423001852e-01 8.4340802307e+01
1.2482775733e+00 2.2610511797e-01 8.4692553325e+01
1.3293308193e+00 2.3546106406e-01 8.4180845518e+01
1.3351218667e+00 2.3607658683e-01 8.4244833624e+01
1.2275669570e+00 2.2351992233e-01 8.5267719621e+01
1.3063474491e+00 2.3287586843e-01 8.4212840476e+01
1.2273647077e+00 2.2351992233e-01 8.5203836921e+01
1.3226596978e+00 2.3447622763e-01 8.4724520544e+01
1.4370726289e+00 2.4727910124e-01 8.4244833624e+01
1.3421592837e+00 2.3681521416e-01 8.4340802307e+01
1.3678631103e+00 2.3964661890e-01 8.4372788316e+01
1.1909721807e+00 2.1921126295e-01 8.5555119982e+01
1.2664680592e+00 2.2819789538e-01 8.4628613906e+01
1.2722908631e+00 2.2869031360e-01 8.5044103843e+01
1.3078633584e+00 2.3287586843e-01 8.4596641686e+01
1.2370756787e+00 2.2475096787e-01 8.4884332141e+01
1.2603037295e+00 2.2745926806e-01 8.4724520544e+01
1.3538331479e+00 2.3816936425e-01 8.4212840476e+01
1.4096212689e+00 2.4444769650e-01 8.3924819428e+01
1.2580550969e+00 2.2708995440e-01 8.5012152633e+01
1.3580980419e+00 2.3853867791e-01 8.4436755064e+01
1.1754821149e+00 2.1736469464e-01 8.5714737975e+01
1.1996558679e+00 2.2044230849e-01 8.4916289633e+01
1.2311717599e+00 2.2425854966e-01 8.4436755064e+01
1.2951808879e+00 2.3139861378e-01 8.4724520544e+01
1.3046903158e+00 2.3250655477e-01 8.4628613906e+01
1.3467253153e+00 2.3730763237e-01 8.4372788316e+01
1.3367969802e+00 2.3632279594e-01 8.4116850127e+01
1.2461450656e+00 2.2573580430e-01 8.5012152633e+01
1.2321207996e+00 2.2413544510e-01 8.5012152633e+01
1.2659607597e+00 2.2807479083e-01 8.4788450052e+01
1.3170275820e+00 2.3386070486e-01 8.4692553325e+01
1.2311928308e+00 2.2388923600e-01 8.5395467416e+01
1.3172226069e+00 2.3423001852e-01 8.3924819428e+01
1.2592787541e+00 2.2696684984e-01 8.5746657535e+01
1.2582705539e+00 2.2708995440e-01 8.5076053508e+01
1.2731100154e+00 2.2893652271e-01 8.4660584449e+01
1.3445417365e+00 2.3693831871e-01 8.4660584449e+01
1.1933145925e+00 2.1958057661e-01 8.5267719621e+01
1.2790224262e+00 2.2955204548e-01 8.4788450052e+01
1.2403109831e+00 2.2512028154e-01 8.4884332141e+01
1.3283600309e+00 2.3533795951e-01 8.4212840476e+01
1.3240051862e+00 2.3472243674e-01 8.4500714858e+01
1.2923934995e+00 2.3115240468e-01 8.4564667778e+01
1.2208225976e+00 2.2265819046e-01 8.5523192275e+01
1.3105401983e+00 2.3324518209e-01 8.4436755064e+01
1.3210455406e+00 2.3423001852e-01 8.4884332141e+01
1.3587053995e+00 2.3878488702e-01 8.4052847370e+01
1.2018949939e+00 2.2068851759e-01 8.4948245538e+01
1.2898265240e+00 2.3078309102e-01 8.4756486116e+01
1.3618353458e+00 2.3878488702e-01 8.4820412361e+01
1.3276509611e+00 2.3521485496e-01 8.4308814530e+01
1.3122603840e+00 2.3336828665e-01 8.4596641686e+01
1.3350554575e+00 2.3583037773e-01 8.4788450052e+01
1.2670780859e+00 2.2832099994e-01 8.4500714858e+01
1.2999369403e+00 2.3201413655e-01 8.4532692172e+01
1.3433024895e+00 2.3706142326e-01 8.4084849675e+01
1.3107812774e+00 2.3312207754e-01 8.4788450052e+01
1.3954396503e+00 2.4284733730e-01 8.4020843204e+01
1.1614791925e+00 2.1601054455e-01 8.4916289633e+01
1.3699616199e+00 2.3989282800e-01 8.4340802307e+01
1.2874053948e+00 2.3053688191e-01 8.4692553325e+01
1.2481995980e+00 2.2598201341e-01 8.4980199868e+01
1.4173649715e+00 2.4530942838e-01 8.3892807710e+01
1.2830857369e+00 2.2992135914e-01 8.5012152633e+01
1.3441121770e+00 2.3706142326e-01 8.4276824972e+01
1.1944773859e+00 2.1970368116e-01 8.5299658755e+01
1.3734447994e+00 2.4026214167e-01 8.4372788316e+01
1.3311348851e+00 2.3570727317e-01 8.4084849675e+01
1.2953087637e+00 2.3152171834e-01 8.4468735825e+01
1.2961017011e+00 2.3139861378e-01 8.4980199868e+01
1.3714470469e+00 2.4038524622e-01 8.3668671517e+01
1.2163278669e+00 2.2241198135e-01 8.4788450052e+01
1.2818942973e+00 2.3016756825e-01 8.4116850127e+01
1.2848222430e+00 2.3016756825e-01 8.4884332141e+01
1.3301464286e+00 2.3533795951e-01 8.4660584449e+01
1.3292846002e+00 2.3521485496e-01 8.4724520544e+01
1.4310793057e+00 2.4678668302e-01 8.3924819428e+01
1.3280584796e+00 2.3509175040e-01 8.4692553325e+01
1.3585998549e+00 2.3903109613e-01 8.3540550223e+01
1.2423592098e+00 2.2536649064e-01 8.4852373054e+01
1.3433983045e+00 2.3693831871e-01 8.4372788316e+01
1.2943202492e+00 2.3127550923e-01 8.4788450052e+01
1.3100612257e+00 2.3312207754e-01 8.4596641686e+01
1.4421779817e+00 2.4777151945e-01 8.4372788316e+01
1.3414948707e+00 2.3681521416e-01 8.4180845518e+01
1.2212650039e+00 2.2290439956e-01 8.4980199868e+01
1.3471295697e+00 2.3718452782e-01 8.4756486116e+01
1.3370110030e+00 2.3619969139e-01 8.4436755064e+01
1.1468086772e+00 2.1404087168e-01 8.5650894846e+01
1.2190715029e+00 2.2253508590e-01 8.5299658755e+01
1.2548664467e+00 2.2659753618e-01 8.5363532643e+01
1.4382074785e+00 2.4740220579e-01 8.4244833624e+01
1.2883798345e+00 2.3065998646e-01 8.4660584449e+01
1.2635903636e+00 2.2770547717e-01 8.5044103843e+01
1.4648032848e+00 2.5035671509e-01 8.4084849675e+01
1.2411689961e+00 2.2524338609e-01 8.4820412361e+01
1.3420607451e+00 2.3656900505e-01 8.4884332141e+01
1.3022524790e+00 2.3226034566e-01 8.4564667778e+01
1.2142793613e+00 2.2204266769e-01 8.5139948243e+01
1.3614381136e+00 2.3890799157e-01 8.4436755064e+01
1.2797641306e+00 2.2967515003e-01 8.4692553325e+01
1.4344777639e+00 2.4715599669e-01 8.3924819428e+01
1.2781786559e+00 2.2967515003e-01 8.4276824972e+01
1.3713779953e+00 2.4013903711e-01 8.4148848738e+01
1.3985191841e+00 2.4321665096e-01 8.3956829243e+01
1.4073722843e+00 2.4395527828e-01 8.4436755064e+01
1.2257682056e+00 2.2315060867e-01 8.5746657535e+01
1.3196711030e+00 2.3435312308e-01 8.4244833624e+01
1.3021097346e+00 2.3213724111e-01 8.4820412361e+01
1.2433278037e+00 2.2548959520e-01 8.4820412361e+01
1.3801772519e+00 2.4112387354e-01 8.4116850127e+01
1.3862709126e+00 2.4198560542e-01 8.3732720205e+01
1.2924764993e+00 2.3102930012e-01 8.4884332141e+01
1.3920732116e+00 2.4247802364e-01 8.4020843204e+01
1.3794679352e+00 2.4112387354e-01 8.3956829243e+01
1.3203178778e+00 2.3435312308e-01 8.4404772564e+01
1.3004707508e+00 2.3226034566e-01 8.4116850127e+01
1.2490630539e+00 2.2610511797e-01 8.4916289633e+01
1.3035927394e+00 2.3238345022e-01 8.4628613906e+01
1.2026151020e+00 2.2068851759e-01 8.5171893334e+01
1.3752762464e+00 2.4050835077e-01 8.4276824972e+01
1.2485054528e+00 2.2610511797e-01 8.4756486116e+01
1.4192370786e+00 2.4530942838e-01 8.4308814530e+01
1.2559945877e+00 2.2684374529e-01 8.5044103843e+01
1.3214199258e+00 2.3447622763e-01 8.4404772564e+01
1.3068864381e+00 2.3275276388e-01 8.4628613906e+01
1.3091882200e+00 2.3312207754e-01 8.4372788316e+01
1.2670660618e+00 2.2807479083e-01 8.5108001638e+01
1.3343228216e+00 2.3583037773e-01 8.4596641686e+01
1.3458756869e+00 2.3718452782e-01 8.4436755064e+01
1.3718804239e+00 2.3989282800e-01 8.4820412361e+01
1.2111682601e+00 2.2167335403e-01 8.5171893334e+01
1.3071273295e+00 2.3275276388e-01 8.4692553325e+01
1.2791372134e+00 2.2955204548e-01 8.4820412361e+01
1.3406730843e+00 2.3681521416e-01 8.3988837165e+01
1.2936851091e+00 2.3115240468e-01 8.4916289633e+01
1.3437861272e+00 2.3693831871e-01 8.4468735825e+01
1.2995028464e+00 2.3176792745e-01 8.5012152633e+01
1.2627026822e+00 2.2770547717e-01 8.4788450052e+01
1.1604249163e+00 2.1588743999e-01 8.4916289633e+01
1.2715465186e+00 2.2881341815e-01 8.4532692172e+01
1.3891157552e+00 2.4198560542e-01 8.4372788316e+01
1.2025142278e+00 2.2068851759e-01 8.5139948243e+01
1.2647601187e+00 2.2795168628e-01 8.4756486116e+01
1.4132791973e+00 2.4457080105e-01 8.4500714858e+01
1.2140089334e+00 2.2228887680e-01 8.4436755064e+01
1.2668177899e+00 2.2819789538e-01 8.4724520544e+01
1.3123471939e+00 2.3324518209e-01 8.4916289633e+01
1.2809718617e+00 2.2979825458e-01 8.4724520544e+01
1.4686168830e+00 2.5084913330e-01 8.3924819428e+01
1.2741389488e+00 2.2893652271e-01 8.4948245538e+01
1.3334345585e+00 2.3583037773e-01 8.4372788316e+01
1.2791372134e+00 2.2955204548e-01 8.4820412361e+01
1.2333036761e+00 2.2425854966e-01 8.5044103843e+01
1.2731393332e+00 2.2869031360e-01 8.5299658755e+01
1.2614091067e+00 2.2770547717e-01 8.4436755064e+01
1.3525866892e+00 2.3804625970e-01 8.4180845518e+01
1.2755589352e+00 2.2905962726e-01 8.5044103843e+01
1.2796448215e+00 2.2979825458e-01 8.4372788316e+01
1.3216737241e+00 2.3447622763e-01 8.4468735825e+01
1.3473204944e+00 2.3755384148e-01 8.3988837165e+01
1.2131460059e+00 2.2167335403e-01 8.5842408323e+01
1.2141257313e+00 2.2228887680e-01 8.4468735825e+01
1.3149391295e+00 2.3373760031e-01 8.4436755064e+01
1.1916651352e+00 2.1958057661e-01 8.4756486116e+01
1.2802278951e+00 2.2967515003e-01 8.4820412361e+01
1.3619034975e+00 2.3915420068e-01 8.4020843204e+01
1.2422972328e+00 2.2548959520e-01 8.4532692172e+01
1.2771095112e+00 2.2942894092e-01 8.4564667778e+01
1.2754494499e+00 2.2905962726e-01 8.5012152633e+01
1.2865618258e+00 2.3053688191e-01 8.4468735825e+01
1.2474244278e+00 2.2598201341e-01 8.4756486116e+01
1.2944602152e+00 2.3139861378e-01 8.4532692172e+01
1.3333152340e+00 2.3558416862e-01 8.4916289633e+01
1.2979535598e+00 2.3164482289e-01 8.4884332141e+01
1.3377669591e+00 2.3644590050e-01 8.4084849675e+01
1.3848988009e+00 2.4149318721e-01 8.4436755064e+01
1.2312904644e+00 2.2388923600e-01 8.5427400756e+01
1.2720217542e+00 2.2881341815e-01 8.4660584449e+01
1.2868064060e+00 2.3053688191e-01 8.4532692172e+01
1.3581445680e+00 2.3866178247e-01 8.4180845518e+01
1.2787907305e+00 2.2955204548e-01 8.4724520544e+01
1.3172672861e+00 2.3386070486e-01 8.4756486116e+01
1.3235207418e+00 2.3459933219e-01 8.4660584449e+01
1.2889650537e+00 2.3065998646e-01 8.4820412361e+01
1.3572440452e+00 2.3841557336e-01 8.4500714858e+01
1.2268874650e+00 2.2339681778e-01 8.5395467416e+01
1.2780786671e+00 2.2955204548e-01 8.4532692172e+01
1.2729921675e+00 2.2893652271e-01 8.4628613906e+01
1.3107812774e+00 2.3312207754e-01 8.4788450052e+01
1.3456559590e+00 2.3730763237e-01 8.4116850127e+01
1.3446650748e+00 2.3693831871e-01 8.4692553325e+01
1.3018825672e+00 2.3226034566e-01 8.4468735825e+01
1.1979647700e+00 2.2007299482e-01 8.5395467416e+01
1.1833802937e+00 2.1859574018e-01 8.4820412361e+01
1.1650500003e+00 2.1637985821e-01 8.5044103843e+01
1.2363126880e+00 2.2487407243e-01 8.4372788316e+01
1.1443448700e+00 2.1404087168e-01 8.4820412361e+01
1.2949435275e+00 2.3139861378e-01 8.4660584449e+01
1.3111606435e+00 2.3324518209e-01 8.4596641686e+01
1.3867384896e+00 2.4173939631e-01 8.4340802307e+01
1.2852704623e+00 2.3016756825e-01 8.5012152633e+01
1.3104245090e+00 2.3312207754e-01 8.4692553325e+01
1.2501448622e+00 2.2622822252e-01 8.4916289633e+01
1.2941079062e+00 2.3102930012e-01 8.5363532643e+01
1.3609100459e+00 2.3890799157e-01 8.4308814530e+01
1.3360321904e+00 2.3607658683e-01 8.4468735825e+01
1.2941937417e+00 2.3164482289e-01 8.3924819428e+01
1.2880201534e+00 2.3065998646e-01 8.4564667778e+01
1.2433270326e+00 2.2536649064e-01 8.5139948243e+01
1.2554394450e+00 2.2672064074e-01 8.5203836921e+01
1.2923934995e+00 2.3115240468e-01 8.4564667778e+01
1.3071891304e+00 2.3262965932e-01 8.5012152633e+01
1.2375081693e+00 2.2475096787e-01 8.5012152633e+01
1.3015188843e+00 2.3213724111e-01 8.4660584449e+01
1.2006163810e+00 2.2056541304e-01 8.4884332141e+01
1.4240396187e+00 2.4592495115e-01 8.4116850127e+01
1.2483918587e+00 2.2610511797e-01 8.4724520544e+01
1.3364918892e+00 2.3619969139e-01 8.4308814530e+01
1.2830402400e+00 2.3016756825e-01 8.4404772564e+01
1.3177294812e+00 2.3410691397e-01 8.4308814530e+01
1.2738023093e+00 2.2893652271e-01 8.4852373054e+01
1.3606703823e+00 2.3927730524e-01 8.3508514856e+01
1.3491153078e+00 2.3780005059e-01 8.3892807710e+01
1.3073011853e+00 2.3262965932e-01 8.5044103843e+01
1.3836455315e+00 2.4137008265e-01 8.4404772564e+01
1.2587970286e+00 2.2708995440e-01 8.5235779013e+01
1.2958757912e+00 2.3139861378e-01 8.4916289633e+01
1.2173994368e+00 2.2253508590e-01 8.4788450052e+01
1.2993906965e+00 2.3176792745e-01 8.4980199868e+01
1.2638206115e+00 2.2795168628e-01 8.4500714858e+01
1.3260859316e+00 2.3496864585e-01 8.4468735825e+01
1.3144608326e+00 2.3361449576e-01 8.4596641686e+01
1.3024635026e+00 2.3201413655e-01 8.5235779013e+01
1.2699630693e+00 2.2856720904e-01 8.4692553325e+01
1.3340727165e+00 2.3583037773e-01 8.4532692172e+01
1.3038330576e+00 2.3238345022e-01 8.4692553325e+01
1.2223384328e+00 2.2302750412e-01 8.4980199868e+01
1.2566425941e+00 2.2696684984e-01 8.4916289633e+01
1.2533922539e+00 2.2659753618e-01 8.4916289633e+01
1.3416405155e+00 2.3693831871e-01 8.3956829243e+01
1.3143233374e+00 2.3398380942e-01 8.3764741596e+01
1.2902879455e+00 2.3078309102e-01 8.4884332141e+01
1.2185675318e+00 2.2253508590e-01 8.5139948243e+01
1.2556688034e+00 2.2684374529e-01 8.4948245538e+01
1.2483918587e+00 2.2610511797e-01 8.4724520544e+01
1.1783988314e+00 2.1773400830e-01 8.5618971257e+01
1.3636494179e+00 2.3952351434e-01 8.3668671517e+01
1.2860279440e+00 2.3029067280e-01 8.4916289633e+01
1.3923585625e+00 2.4247802364e-01 8.4084849675e+01
1.2916525272e+00 2.3115240468e-01 8.4372788316e+01
1.4821957834e+00 2.5232638795e-01 8.3892807710e+01
1.3007589080e+00 2.3238345022e-01 8.3924819428e+01
1.3706201189e+00 2.3989282800e-01 8.4500714858e+01
1.3297282595e+00 2.3546106406e-01 8.4276824972e+01
1.2478135166e+00 2.2610511797e-01 8.4564667778e+01
1.3421592837e+00 2.3681521416e-01 8.4340802307e+01
1.3268064892e+00 2.3509175040e-01 8.4372788316e+01
1.2859215034e+00 2.3016756825e-01 8.5203836921e+01
1.2396649515e+00 2.2524338609e-01 8.4404772564e+01
1.2100143218e+00 2.2167335403e-01 8.4820412361e+01
1.2499192824e+00 2.2610511797e-01 8.5171893334e+01
1.2698462093e+00 2.2856720904e-01 8.4660584449e+01
1.2464564491e+00 2.2585890886e-01 8.4788450052e+01
1.2421792811e+00 2.2548959520e-01 8.4500714858e+01
1.3051033079e+00 2.3238345022e-01 8.5044103843e+01
1.4054978219e+00 2.4407838284e-01 8.3764741596e+01
1.2060606162e+00 2.2118093581e-01 8.4916289633e+01
1.3041532769e+00 2.3262965932e-01 8.4212840476e+01
1.2743598547e+00 2.2893652271e-01 8.5012152633e+01
1.3327138822e+00 2.3570727317e-01 8.4468735825e+01
1.2729921675e+00 2.2893652271e-01 8.4628613906e+01
1.3577040339e+00 2.3853867791e-01 8.4340802307e+01
1.2881216992e+00 2.3078309102e-01 8.4308814530e+01
1.3701428013e+00 2.3976972345e-01 8.4660584449e+01
1.2445188560e+00 2.2561269975e-01 8.4852373054e+01
1.2684044153e+00 2.2844410449e-01 8.4564667778e+01
1.3889169010e+00 2.4186250087e-01 8.4596641686e+01
1.3585655954e+00 2.3878488702e-01 8.4020843204e+01
1.2553859066e+00 2.2696684984e-01 8.4564667778e+01
1.2169259196e+00 2.2228887680e-01 8.5299658755e+01
1.3313528218e+00 2.3558416862e-01 8.4404772564e+01
1.3233685105e+00 2.3447622763e-01 8.4916289633e+01
1.3416967061e+00 2.3669210960e-01 8.4500714858e+01
1.2258770520e+00 2.2339681778e-01 8.5076053508e+01
1.3961488766e+00 2.4284733730e-01 8.4180845518e+01
1.2537195877e+00 2.2659753618e-01 8.5012152633e+01
1.3124853660e+00 2.3349139120e-01 8.4372788316e+01
1.3300236035e+00 2.3533795951e-01 8.4628613906e+01
1.3318056938e+00 2.3570727317e-01 8.4244833624e+01
1.3427370858e+00 2.3693831871e-01 8.4212840476e+01
1.3502246364e+00 2.3792315514e-01 8.3892807710e+01
1.2801027444e+00 2.2992135914e-01 8.4212840476e+01
1.3001809991e+00 2.3201413655e-01 8.4596641686e+01
1.2975785094e+00 2.3189103200e-01 8.4212840476e+01
1.2430106129e+00 2.2536649064e-01 8.5044103843e+01
1.2160081574e+00 2.2228887680e-01 8.5012152633e+01
1.2510017900e+00 2.2622822252e-01 8.5171893334e+01
1.3544144769e+00 2.3804625970e-01 8.4628613906e+01
1.2831147142e+00 2.3029067280e-01 8.4148848738e+01
1.2889879057e+00 2.3053688191e-01 8.5139948243e+01
1.3018825672e+00 2.3226034566e-01 8.4468735825e+01
1.3132161748e+00 2.3336828665e-01 8.4852373054e+01
1.3400741732e+00 2.3656900505e-01 8.4372788316e+01
1.4063903359e+00 2.4407838284e-01 8.3956829243e+01
1.3310052569e+00 2.3546106406e-01 8.4596641686e+01
1.3211616680e+00 2.3423001852e-01 8.4916289633e+01
1.2296057664e+00 2.2401234055e-01 8.4596641686e+01
1.1981447545e+00 2.2019609938e-01 8.5108001638e+01
1.2572790885e+00 2.2708995440e-01 8.4788450052e+01
1.3104881050e+00 2.3299897299e-01 8.5012152633e+01
1.3305104984e+00 2.3533795951e-01 8.4756486116e+01
1.2621251773e+00 2.2770547717e-01 8.4628613906e+01
1.2033250931e+00 2.2105783126e-01 8.4436755064e+01
1.2512269983e+00 2.2635132707e-01 8.4916289633e+01
1.4394846393e+00 2.4752531035e-01 8.4276824972e+01
1.3185982763e+00 2.3435312308e-01 8.3988837165e+01
1.3726223147e+00 2.4038524622e-01 8.3924819428e+01
1.2995639223e+00 2.3189103200e-01 8.4724520544e+01
1.3685168210e+00 2.3964661890e-01 8.4532692172e+01
1.2893536960e+00 2.3078309102e-01 8.4628613906e+01
1.2599856212e+00 2.2721305895e-01 8.5267719621e+01
1.3451501496e+00 2.3706142326e-01 8.4532692172e+01
1.2072352148e+00 2.2130404036e-01 8.4948245538e+01
1.1435708353e+00 2.1367155802e-01 8.5618971257e+01
1.3301190795e+00 2.3546106406e-01 8.4372788316e+01
1.2215784147e+00 2.2302750412e-01 8.4756486116e+01
1.2354584696e+00 2.2450475877e-01 8.5044103843e+01
1.2659607597e+00 2.2807479083e-01 8.4788450052e+01
1.2567074886e+00 2.2721305895e-01 8.4340802307e+01
1.2763767530e+00 2.2930583637e-01 8.4660584449e+01
1.3364112565e+00 2.3607658683e-01 8.4564667778e+01
1.3163978548e+00 2.3410691397e-01 8.3988837165e+01
1.3334636103e+00 2.3570727317e-01 8.4660584449e+01
1.3549047480e+00 2.3853867791e-01 8.3700696849e+01
1.3234120515e+00 2.3484554129e-01 8.4084849675e+01
1.3142985380e+00 2.3373760031e-01 8.4276824972e+01
1.3270265570e+00 2.3484554129e-01 8.5012152633e+01
1.2855924656e+00 2.3041377735e-01 8.4500714858e+01
1.2775838381e+00 2.2942894092e-01 8.4692553325e+01
1.3857524618e+00 2.4161629176e-01 8.4372788316e+01
1.2520846257e+00 2.2635132707e-01 8.5171893334e+01
1.2122173113e+00 2.2204266769e-01 8.4532692172e+01
1.3142359973e+00 2.3336828665e-01 8.5139948243e+01
1.2409821101e+00 2.2536649064e-01 8.4468735825e+01
1.3158054161e+00 2.3373760031e-01 8.4660584449e+01
1.3567236030e+00 2.3841557336e-01 8.4372788316e+01
1.3029498792e+00 2.3262965932e-01 8.3924819428e+01
1.4058439704e+00 2.4395527828e-01 8.4084849675e+01
1.3233984945e+00 2.3459933219e-01 8.4628613906e+01
1.3714755290e+00 2.4001593256e-01 8.4436755064e+01
1.1503918892e+00 2.1453328990e-01 8.5427400756e+01
1.2936885587e+00 2.3102930012e-01 8.5235779013e+01
1.2263818425e+00 2.2364302689e-01 8.4596641686e+01
1.2947323741e+00 2.3164482289e-01 8.4052847370e+01
1.2581571154e+00 2.2733616351e-01 8.4436755064e+01
1.2941656021e+00 2.3152171834e-01 8.4180845518e+01
1.3899733411e+00 2.4223181453e-01 8.4052847370e+01
1.3679953624e+00 2.3964661890e-01 8.4404772564e+01
1.2962793399e+00 2.3164482289e-01 8.4436755064e+01
1.4817226001e+00 2.5257259706e-01 8.3348307238e+01
1.3588226370e+00 2.3890799157e-01 8.3828778522e+01
1.2855924656e+00 2.3041377735e-01 8.4500714858e+01
1.4092184600e+00 2.4420148739e-01 8.4340802307e+01
1.2455353735e+00 2.2585890886e-01 8.4532692172e+01
1.2685856954e+00 2.2832099994e-01 8.4916289633e+01
1.3186182296e+00 2.3410691397e-01 8.4532692172e+01
1.3169066390e+00 2.3386070486e-01 8.4660584449e+01
1.3643105931e+00 2.3915420068e-01 8.4596641686e+01
1.2939654445e+00 2.3139861378e-01 8.4404772564e+01
1.3152271206e+00 2.3349139120e-01 8.5108001638e+01
1.3813262756e+00 2.4100076899e-01 8.4660584449e+01
1.2696103808e+00 2.2856720904e-01 8.4596641686e+01
1.2031094838e+00 2.2068851759e-01 8.5331596426e+01
1.2518636738e+00 2.2647443163e-01 8.4788450052e+01
1.2743234474e+00 2.2918273181e-01 8.4404772564e+01
1.1517442544e+00 2.1477949901e-01 8.5171893334e+01
1.2568620452e+00 2.2696684984e-01 8.4980199868e+01
1.3383076113e+00 2.3644590050e-01 8.4212840476e+01
1.3360321904e+00 2.3607658683e-01 8.4468735825e+01
1.1791885808e+00 2.1785711285e-01 8.5523192275e+01
1.4287255022e+00 2.4666357847e-01 8.3668671517e+01
1.2182570563e+00 2.2253508590e-01 8.5044103843e+01
1.2956769122e+00 2.3152171834e-01 8.4564667778e+01
1.2094791105e+00 2.2155024947e-01 8.4980199868e+01
1.1768708792e+00 2.1736469464e-01 8.6257197490e+01
1.1560057149e+00 2.1539502178e-01 8.4852373054e+01
1.2606678631e+00 2.2770547717e-01 8.4244833624e+01
1.1581115645e+00 2.1564123088e-01 8.4852373054e+01
1.4277498859e+00 2.4654047392e-01 8.3700696849e+01
1.2231608843e+00 2.2327371323e-01 8.4596641686e+01
1.2157968029e+00 2.2228887680e-01 8.4948245538e+01
1.2138083898e+00 2.2191956313e-01 8.5331596426e+01
1.3633222618e+00 2.3903109613e-01 8.4628613906e+01
1.3468976074e+00 2.3755384148e-01 8.3892807710e+01
1.3957153105e+00 2.4272423274e-01 8.4340802307e+01
1.3279103649e+00 2.3521485496e-01 8.4372788316e+01
1.2809023128e+00 2.2967515003e-01 8.5012152633e+01
1.2139651157e+00 2.2216577224e-01 8.4724520544e+01
1.3084116760e+00 2.3312207754e-01 8.4180845518e+01
1.3112825584e+00 2.3324518209e-01 8.4628613906e+01
1.2206161289e+00 2.2290439956e-01 8.4788450052e+01
1.3105441556e+00 2.3312207754e-01 8.4724520544e+01
1.1698219239e+00 2.1699538098e-01 8.4884332141e+01
1.2921084260e+00 2.3127550923e-01 8.4212840476e+01
1.4467186040e+00 2.4838704222e-01 8.4116850127e+01
1.2876540583e+00 2.3065998646e-01 8.4468735825e+01
1.4165321329e+00 2.4494011472e-01 8.4468735825e+01
1.3334345585e+00 2.3583037773e-01 8.4372788316e+01
1.3401166984e+00 2.3669210960e-01 8.4116850127e+01
1.2358298126e+00 2.2475096787e-01 8.4532692172e+01
1.2962135830e+00 2.3139861378e-01 8.5012152633e+01
1.3297757503e+00 2.3533795951e-01 8.4564667778e+01
1.3301464286e+00 2.3533795951e-01 8.4660584449e+01
1.2983445971e+00 2.3189103200e-01 8.4404772564e+01
1.3509021132e+00 2.3780005059e-01 8.4308814530e+01
1.2420777682e+00 2.2512028154e-01 8.5427400756e+01
1.2777006528e+00 2.2942894092e-01 8.4724520544e+01
1.3367836813e+00 2.3607658683e-01 8.4660584449e+01
1.2692217752e+00 2.2844410449e-01 8.4788450052e+01
1.2747859154e+00 2.2930583637e-01 8.4244833624e+01
1.3384998444e+00 2.3632279594e-01 8.4532692172e+01
1.3135626365e+00 2.3336828665e-01 8.4948245538e+01
1.2967720310e+00 2.3164482289e-01 8.4564667778e+01
1.2658463785e+00 2.2807479083e-01 8.4756486116e+01
1.2575037221e+00 2.2696684984e-01 8.5171893334e+01
1.2966078806e+00 2.3127550923e-01 8.5459332672e+01
1.3551529815e+00 2.3804625970e-01 8.4820412361e+01
1.2969203300e+00 2.3189103200e-01 8.4052847370e+01
1.3135058195e+00 2.3373760031e-01 8.4084849675e+01
1.3265722210e+00 2.3533795951e-01 8.3796761031e+01
1.3418957444e+00 2.3681521416e-01 8.4276824972e+01
1.2519761603e+00 2.2647443163e-01 8.4820412361e+01
1.2002780565e+00 2.2044230849e-01 8.5108001638e+01
1.2384794473e+00 2.2487407243e-01 8.4980199868e+01
1.3459277642e+00 2.3730763237e-01 8.4180845518e+01
1.2494731188e+00 2.2622822252e-01 8.4724520544e+01
1.2589880589e+00 2.2733616351e-01 8.4660584449e+01
1.4009231820e+00 2.4333975551e-01 8.4244833624e+01
1.3029728613e+00 2.3226034566e-01 8.4756486116e+01
1.2379297043e+00 2.2475096787e-01 8.5139948243e+01
1.4094913176e+00 2.4420148739e-01 8.4404772564e+01
1.2619551544e+00 2.2758237261e-01 8.4884332141e+01
1.1549627081e+00 2.1502570811e-01 8.5555119982e+01
1.2450360404e+00 2.2573580430e-01 8.4692553325e+01
1.3371389345e+00 2.3619969139e-01 8.4468735825e+01
1.3209463989e+00 2.3435312308e-01 8.4564667778e+01
1.3026159098e+00 2.3226034566e-01 8.4660584449e+01
1.4411867634e+00 2.4801772856e-01 8.3668671517e+01
1.2413356753e+00 2.2536649064e-01 8.4564667778e+01
1.3417628618e+00 2.3681521416e-01 8.4244833624e+01
1.3470393158e+00 2.3755384148e-01 8.3924819428e+01
1.3015849802e+00 2.3201413655e-01 8.4980199868e+01
1.3915188903e+00 2.4235491908e-01 8.4148848738e+01
1.3394807759e+00 2.3644590050e-01 8.4500714858e+01
1.4077947866e+00 2.4444769650e-01 8.3540550223e+01
1.3495931318e+00 2.3743073693e-01 8.4820412361e+01
1.3662853646e+00 2.3940040979e-01 8.4532692172e+01
1.2464564491e+00 2.2585890886e-01 8.4788450052e+01
1.3143379016e+00 2.3361449576e-01 8.4564667778e+01
1.3039521360e+00 2.3238345022e-01 8.4724520544e+01
1.3348551283e+00 2.3607658683e-01 8.4180845518e+01
1.2559675581e+00 2.2696684984e-01 8.4724520544e+01
1.2603330679e+00 2.2733616351e-01 8.5044103843e+01
1.3531768394e+00 2.3792315514e-01 8.4596641686e+01
1.2729921675e+00 2.2893652271e-01 8.4628613906e+01
1.3069161462e+00 2.3299897299e-01 8.4084849675e+01
1.2356666144e+00 2.2462786332e-01 8.4788450052e+01
1.3142142443e+00 2.3361449576e-01 8.4532692172e+01
1.3845599349e+00 2.4137008265e-01 8.4628613906e+01
1.3235469440e+00 2.3484554129e-01 8.4116850127e+01
1.3652319924e+00 2.3940040979e-01 8.4276824972e+01
1.2914205727e+00 2.3102930012e-01 8.4596641686e+01
1.2916086757e+00 2.3090619557e-01 8.4948245538e+01
1.3446836364e+00 2.3718452782e-01 8.4148848738e+01
1.2121020539e+00 2.2204266769e-01 8.4500714858e+01
1.2923620301e+00 2.3102930012e-01 8.4852373054e+01
1.2671727421e+00 2.2807479083e-01 8.5139948243e+01
1.2583980147e+00 2.2733616351e-01 8.4500714858e+01
1.3403932161e+00 2.3681521416e-01 8.3924819428e+01
1.3271897871e+00 2.3509175040e-01 8.4468735825e+01
1.3266811895e+00 2.3484554129e-01 8.4916289633e+01
1.3237094345e+00 2.3435312308e-01 8.5331596426e+01
1.3018755521e+00 2.3213724111e-01 8.4756486116e+01
1.3465942506e+00 2.3730763237e-01 8.4340802307e+01
1.3389667698e+00 2.3644590050e-01 8.4372788316e+01
1.3119693448e+00 2.3349139120e-01 8.4244833624e+01
1.3316161901e+00 2.3546106406e-01 8.4756486116e+01
1.1288201167e+00 2.1194809427e-01 8.5587046306e+01
1.3553437843e+00 2.3853867791e-01 8.3796761031e+01
1.3042006433e+00 2.3250655477e-01 8.4500714858e+01
1.2096880721e+00 2.2155024947e-01 8.5044103843e+01
1.3505323363e+00 2.3743073693e-01 8.5076053508e+01
1.2808547648e+00 2.2979825458e-01 8.4692553325e+01
1.3405885808e+00 2.3656900505e-01 8.4500714858e+01
1.2459287761e+00 2.2573580430e-01 8.4948245538e+01
1.2845938745e+00 2.3016756825e-01 8.4820412361e+01
1.1858029957e+00 2.1896505384e-01 8.4596641686e+01
1.2625042714e+00 2.2758237261e-01 8.5044103843e+01
1.2649879961e+00 2.2795168628e-01 8.4820412361e+01
1.2706191218e+00 2.2893652271e-01 8.4020843204e+01
1.3797486176e+00 2.4100076899e-01 8.4276824972e+01
1.2047514004e+00 2.2093472670e-01 8.5171893334e+01
1.4030974521e+00 2.4383217373e-01 8.3732720205e+01
1.3095097870e+00 2.3324518209e-01 8.4180845518e+01
1.3628332848e+00 2.3940040979e-01 8.3732720205e+01
1.2340604134e+00 2.2438165421e-01 8.4948245538e+01
1.2945701670e+00 2.3115240468e-01 8.5171893334e+01
1.3902374863e+00 2.4210870998e-01 8.4372788316e+01
1.2818942973e+00 2.3016756825e-01 8.4116850127e+01
1.2863128110e+00 2.3041377735e-01 8.4692553325e+01
1.3658960039e+00 2.3940040979e-01 8.4436755064e+01
1.2345894387e+00 2.2450475877e-01 8.4788450052e+01
1.2096855229e+00 2.2167335403e-01 8.4724520544e+01
1.3355164354e+00 2.3607658683e-01 8.4340802307e+01
1.2966499342e+00 2.3164482289e-01 8.4532692172e+01
1.3078506457e+00 2.3262965932e-01 8.5203836921e+01
1.2425790948e+00 2.2536649064e-01 8.4916289633e+01
1.3354181863e+00 2.3619969139e-01 8.4052847370e+01
1.3832521402e+00 2.4149318721e-01 8.4052847370e+01
1.4095079220e+00 2.4432459195e-01 8.4148848738e+01
1.2819938622e+00 2.2979825458e-01 8.5012152633e+01
1.4339121216e+00 2.4727910124e-01 8.3572583562e+01
1.2942142624e+00 2.3139861378e-01 8.4468735825e+01
1.2330838905e+00 2.2450475877e-01 8.4372788316e+01
1.3537945001e+00 2.3841557336e-01 8.3700696849e+01
1.3213147529e+00 2.3435312308e-01 8.4660584449e+01
1.3846875124e+00 2.4137008265e-01 8.4660584449e+01
1.3222954353e+00 2.3447622763e-01 8.4628613906e+01
1.2537045998e+00 2.2684374529e-01 8.4404772564e+01
1.2962135830e+00 2.3139861378e-01 8.5012152633e+01
1.3136039373e+00 2.3349139120e-01 8.4660584449e+01
1.1556547888e+00 2.1514881267e-01 8.5427400756e+01
1.2900846647e+00 2.3090619557e-01 8.4532692172e+01
1.1163227996e+00 2.1034773507e-01 8.6001967257e+01
1.3370744804e+00 2.3644590050e-01 8.3924819428e+01
1.3778007312e+00 2.4087766444e-01 8.4084849675e+01
1.3003019502e+00 2.3201413655e-01 8.4628613906e+01
1.2581349898e+00 2.2721305895e-01 8.4724520544e+01
1.4373105261e+00 2.4764841490e-01 8.3572583562e+01
1.2197426292e+00 2.2265819046e-01 8.5171893334e+01
1.2709831909e+00 2.2856720904e-01 8.4980199868e+01
1.1755233376e+00 2.1761090375e-01 8.5012152633e+01
1.2820731773e+00 2.3004446369e-01 8.4436755064e+01
1.2380438596e+00 2.2487407243e-01 8.4852373054e+01
1.3074941442e+00 2.3287586843e-01 8.4500714858e+01
1.3438452542e+00 2.3706142326e-01 8.4212840476e+01
1.2075491384e+00 2.2130404036e-01 8.5044103843e+01
1.3833774057e+00 2.4137008265e-01 8.4340802307e+01
1.3123471939e+00 2.3324518209e-01 8.4916289633e+01
1.2881407597e+00 2.3065998646e-01 8.4596641686e+01
1.3042006433e+00 2.3250655477e-01 8.4500714858e+01
1.3300236035e+00 2.3533795951e-01 8.4628613906e+01
1.3084642579e+00 2.3287586843e-01 8.4756486116e+01
1.2876400068e+00 2.3053688191e-01 8.4756486116e+01
1.2179735939e+00 2.2228887680e-01 8.5650894846e+01
1.3329052020e+00 2.3607658683e-01 8.3732720205e+01
1.2964352009e+00 2.3139861378e-01 8.5076053508e+01
1.1625338042e+00 2.1613364910e-01 8.4916289633e+01
1.3011232947e+00 2.3226034566e-01 8.4276824972e+01
1.3180081843e+00 2.3398380942e-01 8.4660584449e+01
1.2621768946e+00 2.2758237261e-01 8.4948245538e+01
1.2133328703e+00 2.2204266769e-01 8.4852373054e+01
1.2326570708e+00 2.2425854966e-01 8.4852373054e+01
1.1700594260e+00 2.1687227642e-01 8.5299658755e+01
1.2167161506e+00 2.2216577224e-01 8.5587046306e+01
1.2295381517e+00 2.2388923600e-01 8.4884332141e+01
1.2052032658e+00 2.2105783126e-01 8.4980199868e+01
1.2801130156e+00 2.2967515003e-01 8.4788450052e+01
1.2273875373e+00 2.2364302689e-01 8.4884332141e+01
1.2902061779e+00 2.3090619557e-01 8.4564667778e+01
1.3162910120e+00 2.3386070486e-01 8.4500714858e+01
1.3032072301e+00 2.3226034566e-01 8.4820412361e+01
1.2859147337e+00 2.3029067280e-01 8.4884332141e+01
1.2682848404e+00 2.2844410449e-01 8.4532692172e+01
1.3383076113e+00 2.3644590050e-01 8.4212840476e+01
1.3910502493e+00 2.4247802364e-01 8.3796761031e+01
1.2522560665e+00 2.2659753618e-01 8.4596641686e+01
1.4456747724e+00 2.4838704222e-01 8.3892807710e+01
1.3610934014e+00 2.3878488702e-01 8.4628613906e+01
1.4340242281e+00 2.4715599669e-01 8.3828778522e+01
1.3765423388e+00 2.4075455988e-01 8.4052847370e+01
1.2634818478e+00 2.2770547717e-01 8.5012152633e+01
1.2220167732e+00 2.2302750412e-01 8.4884332141e+01
1.1737055611e+00 2.1711848553e-01 8.5842408323e+01
1.2146825448e+00 2.2204266769e-01 8.5267719621e+01
1.1796596437e+00 2.1822642652e-01 8.4660584449e+01
1.2951808879e+00 2.3139861378e-01 8.4724520544e+01
1.3933382109e+00 2.4260112819e-01 8.4052847370e+01
1.3319739334e+00 2.3546106406e-01 8.4852373054e+01
1.2937137610e+00 2.3139861378e-01 8.4340802307e+01
1.3269539419e+00 2.3496864585e-01 8.4692553325e+01
1.1792036736e+00 2.1798021741e-01 8.5171893334e+01
1.4011470316e+00 2.4321665096e-01 8.4564667778e+01
1.3057498982e+00 2.3250655477e-01 8.4916289633e+01
1.3282269196e+00 2.3533795951e-01 8.4180845518e+01
1.5013518370e+00 2.5429606081e-01 8.4052847370e+01
1.3727235335e+00 2.4013903711e-01 8.4468735825e+01
1.2696733919e+00 2.2844410449e-01 8.4916289633e+01
1.2971977088e+00 2.3152171834e-01 8.4980199868e+01
1.2377588930e+00 2.2462786332e-01 8.5427400756e+01
1.3297623102e+00 2.3521485496e-01 8.4852373054e+01
1.2939106586e+00 2.3115240468e-01 8.4980199868e+01
1.2900586603e+00 2.3078309102e-01 8.4820412361e+01
1.2999157143e+00 2.3189103200e-01 8.4820412361e+01
1.2189059054e+00 2.2265819046e-01 8.4916289633e+01
1.2565236770e+00 2.2684374529e-01 8.5203836921e+01
1.2897158415e+00 2.3090619557e-01 8.4436755064e+01
1.3573032766e+00 2.3853867791e-01 8.4244833624e+01
1.2710507732e+00 2.2869031360e-01 8.4692553325e+01
1.3073653322e+00 2.3275276388e-01 8.4756486116e+01
1.2639405002e+00 2.2795168628e-01 8.4532692172e+01
1.3256055781e+00 2.3484554129e-01 8.4628613906e+01
1.2992056674e+00 2.3189103200e-01 8.4628613906e+01
1.2462303222e+00 2.2585890886e-01 8.4724520544e+01
1.2755589352e+00 2.2905962726e-01 8.5044103843e+01
1.4538390459e+00 2.4912566955e-01 8.4180845518e+01
1.3527221049e+00 2.3804625970e-01 8.4212840476e+01
1.3120994396e+00 2.3349139120e-01 8.4276824972e+01
1.3055446283e+00 2.3262965932e-01 8.4564667778e+01
1.3428553919e+00 2.3718452782e-01 8.3732720205e+01
1.1895361005e+00 2.1908815839e-01 8.5427400756e+01
1.3420607451e+00 2.3656900505e-01 8.4884332141e+01
1.2075491384e+00 2.2130404036e-01 8.5044103843e+01
1.3012775092e+00 2.3213724111e-01 8.4596641686e+01
1.3919288146e+00 2.4284733730e-01 8.3284209632e+01
1.2886230591e+00 2.3078309102e-01 8.4436755064e+01
1.3620436261e+00 2.3915420068e-01 8.4052847370e+01
1.3620766585e+00 2.3878488702e-01 8.4884332141e+01
1.3235207418e+00 2.3459933219e-01 8.4660584449e+01
1.1299515519e+00 2.1207119882e-01 8.5618971257e+01
1.2838917287e+00 2.3016756825e-01 8.4628613906e+01
1.3000593292e+00 2.3201413655e-01 8.4564667778e+01
1.2882606534e+00 2.3065998646e-01 8.4628613906e+01
1.3258313333e+00 2.3496864585e-01 8.4404772564e+01
1.3649114935e+00 2.3927730524e-01 8.4468735825e+01
1.2882140819e+00 2.3053688191e-01 8.4916289633e+01
1.2881837205e+00 2.3102930012e-01 8.3796761031e+01
1.2761269190e+00 2.2942894092e-01 8.4308814530e+01
1.3117069759e+00 2.3349139120e-01 8.4180845518e+01
1.3920219711e+00 2.4260112819e-01 8.3764741596e+01
1.3356869178e+00 2.3632279594e-01 8.3860794078e+01
1.3498429392e+00 2.3755384148e-01 8.4596641686e+01
1.2614778799e+00 2.2733616351e-01 8.5395467416e+01
1.3714755290e+00 2.4001593256e-01 8.4436755064e+01
1.3158793649e+00 2.3361449576e-01 8.4980199868e+01
1.3186182296e+00 2.3410691397e-01 8.4532692172e+01
1.1682271362e+00 2.1662606732e-01 8.5395467416e+01
1.3796121966e+00 2.4100076899e-01 8.4244833624e+01
1.2697845413e+00 2.2844410449e-01 8.4948245538e+01
1.3077410100e+00 2.3287586843e-01 8.4564667778e+01
1.2150358410e+00 2.2228887680e-01 8.4724520544e+01
1.2861945320e+00 2.3041377735e-01 8.4660584449e+01
1.1963138871e+00 2.1994989027e-01 8.5203836921e+01
1.2760202347e+00 2.2930583637e-01 8.4564667778e+01
1.3930584814e+00 2.4247802364e-01 8.4244833624e+01
1.3086734226e+00 2.3312207754e-01 8.4244833624e+01
1.2014466612e+00 2.2056541304e-01 8.5139948243e+01
1.2516366219e+00 2.2647443163e-01 8.4724520544e+01
1.2402571834e+00 2.2524338609e-01 8.4564667778e+01
1.3054217521e+00 2.3262965932e-01 8.4532692172e+01
1.3172055843e+00 2.3410691397e-01 8.4180845518e+01
1.3252338663e+00 2.3484554129e-01 8.4532692172e+01
1.3221745543e+00 2.3472243674e-01 8.4052847370e+01
1.2575037221e+00 2.2696684984e-01 8.5171893334e+01
1.2034805014e+00 2.2081162215e-01 8.5108001638e+01
1.3503157076e+00 2.3767694603e-01 8.4436755064e+01
1.4360579521e+00 2.4727910124e-01 8.4020843204e+01
1.2396400479e+00 2.2512028154e-01 8.4692553325e+01
1.3055446283e+00 2.3262965932e-01 8.4564667778e+01
1.2986280728e+00 2.3164482289e-01 8.5076053508e+01
1.3639892569e+00 2.3940040979e-01 8.3988837165e+01
1.2242342073e+00 2.2339681778e-01 8.4596641686e+01
1.3703589878e+00 2.3989282800e-01 8.4436755064e+01
1.3492572366e+00 2.3780005059e-01 8.3924819428e+01
1.2812039303e+00 2.2979825458e-01 8.4788450052e+01
1.2610402730e+00 2.2758237261e-01 8.4628613906e+01
1.4199196215e+00 2.4555563748e-01 8.3956829243e+01
1.2984061011e+00 2.3164482289e-01 8.5012152633e+01
1.2680435830e+00 2.2844410449e-01 8.4468735825e+01
1.3159725259e+00 2.3398380942e-01 8.4148848738e+01
1.3893284896e+00 2.4235491908e-01 8.3668671517e+01
1.3070072449e+00 2.3275276388e-01 8.4660584449e+01
1.2446151644e+00 2.2548959520e-01 8.5203836921e+01
1.3187005989e+00 2.3423001852e-01 8.4276824972e+01
1.1665992911e+00 2.1650296276e-01 8.5203836921e+01
1.3601936492e+00 2.3878488702e-01 8.4404772564e+01
1.2124274166e+00 2.2167335403e-01 8.5587046306e+01
1.2750507331e+00 2.2918273181e-01 8.4596641686e+01
1.1868325143e+00 2.1884194929e-01 8.5235779013e+01
1.3304568752e+00 2.3521485496e-01 8.5044103843e+01
1.1948456872e+00 2.1982678572e-01 8.5076053508e+01
1.2983445971e+00 2.3189103200e-01 8.4404772564e+01
1.2972532462e+00 2.3164482289e-01 8.4692553325e+01
1.3199675946e+00 2.3423001852e-01 8.4596641686e+01
1.2337210971e+00 2.2425854966e-01 8.5171893334e+01
1.3224175864e+00 2.3447622763e-01 8.4660584449e+01
1.3043050492e+00 2.3238345022e-01 8.4820412361e+01
1.3402524434e+00 2.3669210960e-01 8.4148848738e+01
1.2612011291e+00 2.2745926806e-01 8.4980199868e+01
1.2632106626e+00 2.2795168628e-01 8.4340802307e+01
1.4010156725e+00 2.4321665096e-01 8.4532692172e+01
1.3477366676e+00 2.3755384148e-01 8.4084849675e+01
1.3008644395e+00 2.3226034566e-01 8.4212840476e+01
1.4658256693e+00 2.5035671509e-01 8.4308814530e+01
1.3044212464e+00 2.3238345022e-01 8.4852373054e+01
1.4259492822e+00 2.4629426481e-01 8.3796761031e+01
1.1466344151e+00 2.1404087168e-01 8.5587046306e+01
1.2898265240e+00 2.3078309102e-01 8.4756486116e+01
1.3336920327e+00 2.3583037773e-01 8.4436755064e+01
1.2307225656e+00 2.2401234055e-01 8.4916289633e+01
1.3116394475e+00 2.3336828665e-01 8.4436755064e+01
1.2505788576e+00 2.2622822252e-01 8.5044103843e+01
1.3011284829e+00 2.3201413655e-01 8.4852373054e+01
1.1625679078e+00 2.1601054455e-01 8.5267719621e+01
1.3118899982e+00 2.3336828665e-01 8.4500714858e+01
1.3955242727e+00 2.4260112819e-01 8.4564667778e+01
1.4071686163e+00 2.4383217373e-01 8.4660584449e+01
1.2150749763e+00 2.2204266769e-01 8.5395467416e+01
1.2546641625e+00 2.2659753618e-01 8.5299658755e+01
1.1825832214e+00 2.1834953107e-01 8.5235779013e+01
1.3756796998e+00 2.4050835077e-01 8.4372788316e+01
1.2979647881e+00 2.3189103200e-01 8.4308814530e+01
1.4014861711e+00 2.4346286007e-01 8.4116850127e+01
1.3090470918e+00 2.3287586843e-01 8.4916289633e+01
1.3046693332e+00 2.3262965932e-01 8.4340802307e+01
1.1803627803e+00 2.1810332196e-01 8.5203836921e+01
1.3197473580e+00 2.3398380942e-01 8.5139948243e+01
1.2966499342e+00 2.3164482289e-01 8.4532692172e+01
1.2499061017e+00 2.2659753618e-01 8.3988837165e+01
1.3013985565e+00 2.3213724111e-01 8.4628613906e+01
1.2618448953e+00 2.2745926806e-01 8.5171893334e+01
1.2313598860e+00 2.2413544510e-01 8.4788450052e+01
1.3060205637e+00 2.3275276388e-01 8.4404772564e+01
1.3814356084e+00 2.4124697810e-01 8.4148848738e+01
1.3139054534e+00 2.3373760031e-01 8.4180845518e+01
1.4462760328e+00 2.4838704222e-01 8.4020843204e+01
1.2803420669e+00 2.2967515003e-01 8.4852373054e+01
1.1683039848e+00 2.1699538098e-01 8.4436755064e+01
1.2978674734e+00 2.3176792745e-01 8.4564667778e+01
1.3131346938e+00 2.3324518209e-01 8.5139948243e+01
1.1722708923e+00 2.1711848553e-01 8.5331596426e+01
1.2568328021e+00 2.2684374529e-01 8.5299658755e+01
1.2598382886e+00 2.2745926806e-01 8.4596641686e+01
1.3122288080e+00 2.3349139120e-01 8.4308814530e+01
1.3198213452e+00 2.3459933219e-01 8.3764741596e+01
1.2159028169e+00 2.2228887680e-01 8.4980199868e+01
1.2476508119e+00 2.2585890886e-01 8.5139948243e+01
1.1664039021e+00 2.1650296276e-01 8.5139948243e+01
1.3372699195e+00 2.3607658683e-01 8.4788450052e+01
1.2429904776e+00 2.2548959520e-01 8.4724520544e+01
1.3290621805e+00 2.3546106406e-01 8.4116850127e+01
1.2439561854e+00 2.2561269975e-01 8.4692553325e+01
1.2546539464e+00 2.2684374529e-01 8.4660584449e+01
1.1980428901e+00 2.2019609938e-01 8.5076053508e+01
1.3695154841e+00 2.4013903711e-01 8.3732720205e+01
1.2334090549e+00 2.2425854966e-01 8.5076053508e+01
1.3198259301e+00 2.3410691397e-01 8.4852373054e+01
1.2982297491e+00 2.3176792745e-01 8.4660584449e+01
1.2297075372e+00 2.2364302689e-01 8.5618971257e+01
1.3208221546e+00 2.3435312308e-01 8.4532692172e+01
1.3370282756e+00 2.3607658683e-01 8.4724520544e+01
1.3156502022e+00 2.3361449576e-01 8.4916289633e+01
1.2617519120e+00 2.2782858172e-01 8.4244833624e+01
1.3026159098e+00 2.3226034566e-01 8.4660584449e+01
1.3247458311e+00 2.3472243674e-01 8.4692553325e+01
1.3536976272e+00 2.3816936425e-01 8.4180845518e+01
1.3144281111e+00 2.3373760031e-01 8.4308814530e+01
1.2910153801e+00 2.3115240468e-01 8.4212840476e+01
1.3795629567e+00 2.4087766444e-01 8.4500714858e+01
1.2836519984e+00 2.3016756825e-01 8.4564667778e+01
1.3611915513e+00 2.3915420068e-01 8.3860794078e+01
1.2929961331e+00 2.3127550923e-01 8.4436755064e+01
1.2139699158e+00 2.2204266769e-01 8.5044103843e+01
1.3022194568e+00 2.3238345022e-01 8.4276824972e+01
1.3117629730e+00 2.3324518209e-01 8.4756486116e+01
1.2157968029e+00 2.2228887680e-01 8.4948245538e+01
1.4165330565e+00 2.4518632382e-01 8.3956829243e+01
1.2959022883e+00 2.3164482289e-01 8.4340802307e+01
1.5000066507e+00 2.5466537447e-01 8.3123928488e+01
1.3449768362e+00 2.3681521416e-01 8.5076053508e+01
1.4393854244e+00 2.4777151945e-01 8.3764741596e+01
1.3504620355e+00 2.3755384148e-01 8.4756486116e+01
1.2721816425e+00 2.2869031360e-01 8.5012152633e+01
1.2723993810e+00 2.2869031360e-01 8.5076053508e+01
1.3708782261e+00 2.3989282800e-01 8.4564667778e+01
1.3652319924e+00 2.3940040979e-01 8.4276824972e+01
1.4229181344e+00 2.4604805570e-01 8.3636644199e+01
1.3263098704e+00 2.3521485496e-01 8.3988837165e+01
1.2993142096e+00 2.3201413655e-01 8.4372788316e+01
1.2965108449e+00 2.3152171834e-01 8.4788450052e+01
1.2951846139e+00 2.3152171834e-01 8.4436755064e+01
1.3265921992e+00 2.3472243674e-01 8.5203836921e+01
1.2836519984e+00 2.3016756825e-01 8.4564667778e+01
1.2374010739e+00 2.2475096787e-01 8.4980199868e+01
1.2950625656e+00 2.3139861378e-01 8.4692553325e+01
1.3257520757e+00 2.3509175040e-01 8.4116850127e+01
1.3333352401e+00 2.3607658683e-01 8.3828778522e+01
1.3338196642e+00 2.3583037773e-01 8.4468735825e+01
1.1885658958e+00 2.1896505384e-01 8.5459332672e+01
1.3763938632e+00 2.4063145533e-01 8.4276824972e+01
1.2359793969e+00 2.2450475877e-01 8.5203836921e+01
1.3467612066e+00 2.3718452782e-01 8.4660584449e+01
1.4065502953e+00 2.4395527828e-01 8.4244833624e+01
1.2648744073e+00 2.2795168628e-01 8.4788450052e+01
1.3630167680e+00 2.3927730524e-01 8.4020843204e+01
1.2895915360e+00 2.3078309102e-01 8.4692553325e+01
1.1787020199e+00 2.1798021741e-01 8.5012152633e+01
1.3076004467e+00 2.3275276388e-01 8.4820412361e+01
1.2693357323e+00 2.2844410449e-01 8.4820412361e+01
1.2772963982e+00 2.2930583637e-01 8.4916289633e+01
1.3206927857e+00 2.3423001852e-01 8.4788450052e+01
1.2618448953e+00 2.2745926806e-01 8.5171893334e+01
1.2340604134e+00 2.2438165421e-01 8.4948245538e+01
1.1775408194e+00 2.1798021741e-01 8.4660584449e+01
1.3346924539e+00 2.3583037773e-01 8.4692553325e+01
1.2813189022e+00 2.2979825458e-01 8.4820412361e+01
1.4224522090e+00 2.4555563748e-01 8.4532692172e+01
1.3981140206e+00 2.4309354641e-01 8.4116850127e+01
1.3067649090e+00 2.3275276388e-01 8.4596641686e+01
1.2914980679e+00 2.3078309102e-01 8.5235779013e+01
1.1975775486e+00 2.2007299482e-01 8.5267719621e+01
1.2404892618e+00 2.2524338609e-01 8.4628613906e+01
1.3237630439e+00 2.3459933219e-01 8.4724520544e+01
1.3221358132e+00 2.3459933219e-01 8.4308814530e+01
1.3618353458e+00 2.3878488702e-01 8.4820412361e+01
1.2876766927e+00 2.3041377735e-01 8.5076053508e+01
1.3270750129e+00 2.3496864585e-01 8.4724520544e+01
1.2255607006e+00 2.2339681778e-01 8.4980199868e+01
1.4332408125e+00 2.4690978758e-01 8.4148848738e+01
1.3231078072e+00 2.3472243674e-01 8.4276824972e+01
1.3835342254e+00 2.4149318721e-01 8.4116850127e+01
1.3652982947e+00 2.3927730524e-01 8.4564667778e+01
1.2565840000e+00 2.2721305895e-01 8.4308814530e+01
1.3729835524e+00 2.4013903711e-01 8.4532692172e+01
1.2366712708e+00 2.2487407243e-01 8.4468735825e+01
1.2907555124e+00 2.3115240468e-01 8.4148848738e+01
1.2381363645e+00 2.2475096787e-01 8.5203836921e+01
1.4041398597e+00 2.4383217373e-01 8.3956829243e+01
1.2311928308e+00 2.2388923600e-01 8.5395467416e+01
1.3607761498e+00 2.3890799157e-01 8.4276824972e+01
1.3688418373e+00 2.4001593256e-01 8.3828778522e+01
1.2477552517e+00 2.2585890886e-01 8.5171893334e+01
1.3360947947e+00 2.3619969139e-01 8.4212840476e+01
1.4086420716e+00 2.4432459195e-01 8.3956829243e+01
1.3384998444e+00 2.3632279594e-01 8.4532692172e+01
1.2454882653e+00 2.2561269975e-01 8.5139948243e+01
1.2658463785e+00 2.2807479083e-01 8.4756486116e+01
1.2110839975e+00 2.2179645858e-01 8.4820412361e+01
1.3810032668e+00 2.4112387354e-01 8.4308814530e+01
1.2448481909e+00 2.2561269975e-01 8.4948245538e+01
1.3901154153e+00 2.4223181453e-01 8.4084849675e+01
1.3271953514e+00 2.3496864585e-01 8.4756486116e+01
1.2696733919e+00 2.2844410449e-01 8.4916289633e+01
1.2666078916e+00 2.2795168628e-01 8.5299658755e+01
1.4626682542e+00 2.5011050598e-01 8.4116850127e+01
1.3369324076e+00 2.3632279594e-01 8.4148848738e+01
1.3922842081e+00 2.4223181453e-01 8.4596641686e+01
1.2611144541e+00 2.2782858172e-01 8.4084849675e+01
1.4175842463e+00 2.4543253293e-01 8.3700696849e+01
1.2874789404e+00 2.3078309102e-01 8.4148848738e+01
1.2749312836e+00 2.2918273181e-01 8.4564667778e+01
1.1978689591e+00 2.2007299482e-01 8.5363532643e+01
1.2894204087e+00 2.3065998646e-01 8.4948245538e+01
1.3309639034e+00 2.3558416862e-01 8.4308814530e+01
1.3090838526e+00 2.3299897299e-01 8.4628613906e+01
1.3715996481e+00 2.3976972345e-01 8.5044103843e+01
1.2513366239e+00 2.2635132707e-01 8.4948245538e+01
1.3077051102e+00 2.3299897299e-01 8.4276824972e+01
1.2710930256e+00 2.2856720904e-01 8.5012152633e+01
1.3134478739e+00 2.3336828665e-01 8.4916289633e+01
1.2331498603e+00 2.2413544510e-01 8.5331596426e+01
1.3482891886e+00 2.3767694603e-01 8.3956829243e+01
1.2242721645e+00 2.2327371323e-01 8.4916289633e+01
1.3006604904e+00 2.3201413655e-01 8.4724520544e+01
1.3976887976e+00 2.4297044185e-01 8.4276824972e+01
1.3607761498e+00 2.3890799157e-01 8.4276824972e+01
1.3217956762e+00 2.3435312308e-01 8.4788450052e+01
1.3282269196e+00 2.3533795951e-01 8.4180845518e+01
1.4126036972e+00 2.4469390561e-01 8.4084849675e+01
1.3650411803e+00 2.3927730524e-01 8.4500714858e+01
1.3224951786e+00 2.3435312308e-01 8.4980199868e+01
1.3682576015e+00 2.3964661890e-01 8.4468735825e+01
1.3870342665e+00 2.4186250087e-01 8.4148848738e+01
1.3560025574e+00 2.3829246880e-01 8.4468735825e+01
1.2964838458e+00 2.3176792745e-01 8.4212840476e+01
1.2166135842e+00 2.2253508590e-01 8.4564667778e+01
1.3545219086e+00 2.3841557336e-01 8.3860794078e+01
1.3592110803e+00 2.3866178247e-01 8.4436755064e+01
1.2881216992e+00 2.3078309102e-01 8.4308814530e+01
1.3599298194e+00 2.3878488702e-01 8.4340802307e+01
1.3321107907e+00 2.3558416862e-01 8.4596641686e+01
1.3240051862e+00 2.3472243674e-01 8.4500714858e+01
1.4327799449e+00 2.4715599669e-01 8.3572583562e+01
1.2940902116e+00 2.3139861378e-01 8.4436755064e+01
1.3379032329e+00 2.3644590050e-01 8.4116850127e+01
1.3667477266e+00 2.3952351434e-01 8.4372788316e+01
1.3082260663e+00 2.3287586843e-01 8.4692553325e+01
1.2860755417e+00 2.3041377735e-01 8.4628613906e+01
1.3140617604e+00 2.3386070486e-01 8.3956829243e+01
1.2308958485e+00 2.2388923600e-01 8.5299658755e+01
1.3187544793e+00 2.3386070486e-01 8.5171893334e+01
1.3226925824e+00 2.3496864585e-01 8.3668671517e+01
1.3372661273e+00 2.3619969139e-01 8.4500714858e+01
1.2878717717e+00 2.3053688191e-01 8.4820412361e+01
1.3333404960e+00 2.3570727317e-01 8.4628613906e+01
1.2193657949e+00 2.2253508590e-01 8.5395467416e+01
1.2755589352e+00 2.2905962726e-01 8.5044103843e+01
1.3372126028e+00 2.3595348228e-01 8.5076053508e+01
1.3293984619e+00 2.3533795951e-01 8.4468735825e+01
1.3043050492e+00 2.3238345022e-01 8.4820412361e+01
1.3177639233e+00 2.3398380942e-01 8.4596641686e+01
1.2694914122e+00 2.2856720904e-01 8.4564667778e+01
1.1729945412e+00 2.1736469464e-01 8.4884332141e+01
1.2950597472e+00 2.3152171834e-01 8.4404772564e+01
1.2868064060e+00 2.3053688191e-01 8.4532692172e+01
1.3622076721e+00 2.3890799157e-01 8.4628613906e+01
1.3106006930e+00 2.3361449576e-01 8.3668671517e+01
1.2842459971e+00 2.3016756825e-01 8.4724520544e+01
1.2407445402e+00 2.2512028154e-01 8.5012152633e+01
1.3214360781e+00 2.3435312308e-01 8.4692553325e+01
1.3072443862e+00 2.3287586843e-01 8.4436755064e+01
1.3388364184e+00 2.3644590050e-01 8.4340802307e+01
1.3134478739e+00 2.3336828665e-01 8.4916289633e+01
1.4069819088e+00 2.4432459195e-01 8.3604614884e+01
1.3713623746e+00 2.4026214167e-01 8.3892807710e+01
1.3183691162e+00 2.3398380942e-01 8.4756486116e+01
1.3594850206e+00 2.3853867791e-01 8.4788450052e+01
1.2795280013e+00 2.2967515003e-01 8.4628613906e+01
1.2604183455e+00 2.2745926806e-01 8.4756486116e+01
1.4222820560e+00 2.4617116025e-01 8.3284209632e+01
1.2958261904e+00 2.3176792745e-01 8.4052847370e+01
1.2638053007e+00 2.2770547717e-01 8.5108001638e+01
1.3702683570e+00 2.3976972345e-01 8.4692553325e+01
1.2777006528e+00 2.2942894092e-01 8.4724520544e+01
1.3852056954e+00 2.4173939631e-01 8.3988837165e+01
1.3302478820e+00 2.3546106406e-01 8.4404772564e+01
1.3145569567e+00 2.3373760031e-01 8.4340802307e+01
1.2277977891e+00 2.2376613144e-01 8.4692553325e+01
1.3275519730e+00 2.3496864585e-01 8.4852373054e+01
1.3466369331e+00 2.3718452782e-01 8.4628613906e+01
1.3293419642e+00 2.3558416862e-01 8.3924819428e+01
1.3676136999e+00 2.3976972345e-01 8.4052847370e+01
1.3159262636e+00 2.3373760031e-01 8.4692553325e+01
1.2123318956e+00 2.2204266769e-01 8.4564667778e+01
1.3443761275e+00 2.3706142326e-01 8.4340802307e+01
1.4672365098e+00 2.5060292419e-01 8.4116850127e+01
1.2229634764e+00 2.2302750412e-01 8.5171893334e+01
1.3090470918e+00 2.3287586843e-01 8.4916289633e+01
1.3739712997e+00 2.4026214167e-01 8.4500714858e+01
1.3275201577e+00 2.3521485496e-01 8.4276824972e+01
1.2949435275e+00 2.3139861378e-01 8.4660584449e+01
1.2778482361e+00 2.2930583637e-01 8.5076053508e+01
1.3154181364e+00 2.3361449576e-01 8.4852373054e+01
1.3399396648e+00 2.3607658683e-01 8.5555119982e+01
1.3231518072e+00 2.3459933219e-01 8.4564667778e+01
1.2963938609e+00 2.3152171834e-01 8.4756486116e+01
1.2176959380e+00 2.2228887680e-01 8.5555119982e+01
1.2736886878e+00 2.2893652271e-01 8.4820412361e+01
1.2250097083e+00 2.2327371323e-01 8.5139948243e+01
1.2964838458e+00 2.3176792745e-01 8.4212840476e+01
1.3546725092e+00 2.3829246880e-01 8.4148848738e+01
1.2062178813e+00 2.2105783126e-01 8.5299658755e+01
1.3452706413e+00 2.3693831871e-01 8.4852373054e+01
1.2454879246e+00 2.2573580430e-01 8.4820412361e+01
1.2782770063e+00 2.2930583637e-01 8.5203836921e+01
1.2271597431e+00 2.2351992233e-01 8.5139948243e+01
1.2274661717e+00 2.2351992233e-01 8.5235779013e+01
1.3720602337e+00 2.4013903711e-01 8.4308814530e+01
1.4558252086e+00 2.4937187866e-01 8.4116850127e+01
1.2741389488e+00 2.2893652271e-01 8.4948245538e+01
1.3674344078e+00 2.3989282800e-01 8.3764741596e+01
1.2863128110e+00 2.3041377735e-01 8.4692553325e+01
1.1941938153e+00 2.1994989027e-01 8.4564667778e+01
1.3067361912e+00 2.3287586843e-01 8.4308814530e+01
1.1912440903e+00 2.1921126295e-01 8.5650894846e+01
1.1481056104e+00 2.1428708079e-01 8.5363532643e+01
1.3140898604e+00 2.3361449576e-01 8.4500714858e+01
1.3497917161e+00 2.3767694603e-01 8.4308814530e+01
1.4080959532e+00 2.4420148739e-01 8.4084849675e+01
1.2063762835e+00 2.2118093581e-01 8.5012152633e+01
1.3641303566e+00 2.3940040979e-01 8.4020843204e+01
1.2653245645e+00 2.2795168628e-01 8.4916289633e+01
1.2917789751e+00 2.3102930012e-01 8.4692553325e+01
1.2797690055e+00 2.2979825458e-01 8.4404772564e+01
1.3641175542e+00 2.3927730524e-01 8.4276824972e+01
1.3934692071e+00 2.4247802364e-01 8.4340802307e+01
1.3646880674e+00 2.3915420068e-01 8.4692553325e+01
1.3128631904e+00 2.3336828665e-01 8.4756486116e+01
1.3388734255e+00 2.3656900505e-01 8.4084849675e+01
1.3056350500e+00 2.3250655477e-01 8.4884332141e+01
1.2499754195e+00 2.2635132707e-01 8.4564667778e+01
1.2917778105e+00 2.3115240468e-01 8.4404772564e+01
1.3232755163e+00 2.3459933219e-01 8.4596641686e+01
1.3041159235e+00 2.3226034566e-01 8.5076053508e+01
1.3166287025e+00 2.3398380942e-01 8.4308814530e+01
1.3780941293e+00 2.4063145533e-01 8.4692553325e+01
1.2485387092e+00 2.2622822252e-01 8.4468735825e+01
1.2302148687e+00 2.2413544510e-01 8.4468735825e+01
1.3013985565e+00 2.3213724111e-01 8.4628613906e+01
1.2450360404e+00 2.2573580430e-01 8.4692553325e+01
1.2737225995e+00 2.2905962726e-01 8.4532692172e+01
1.2697687933e+00 2.2832099994e-01 8.5267719621e+01
1.3605061022e+00 2.3890799157e-01 8.4212840476e+01
1.3780490407e+00 2.4075455988e-01 8.4404772564e+01
1.3021394418e+00 2.3201413655e-01 8.5139948243e+01
1.2874564881e+00 2.3041377735e-01 8.5012152633e+01
1.2823183942e+00 2.3004446369e-01 8.4500714858e+01
1.2911765828e+00 2.3078309102e-01 8.5139948243e+01
1.3618896328e+00 2.3903109613e-01 8.4276824972e+01
1.2179129267e+00 2.2265819046e-01 8.4628613906e+01
1.2041351337e+00 2.2093472670e-01 8.4980199868e+01
1.3479653805e+00 2.3743073693e-01 8.4404772564e+01
1.3355291534e+00 2.3583037773e-01 8.4916289633e+01
1.3724780652e+00 2.4038524622e-01 8.3892807710e+01
1.2990634200e+00 2.3164482289e-01 8.5203836921e+01
1.3105441556e+00 2.3312207754e-01 8.4724520544e+01
1.3176407007e+00 2.3398380942e-01 8.4564667778e+01
1.4107766093e+00 2.4444769650e-01 8.4180845518e+01
1.2161471842e+00 2.2216577224e-01 8.5395467416e+01
1.3916275623e+00 2.4223181453e-01 8.4436755064e+01
1.2063762835e+00 2.2118093581e-01 8.5012152633e+01
1.3549637857e+00 2.3866178247e-01 8.3476477450e+01
1.3189881891e+00 2.3410691397e-01 8.4628613906e+01
1.3096465385e+00 2.3349139120e-01 8.3700696849e+01
1.3334316349e+00 2.3558416862e-01 8.4948245538e+01
1.2920262314e+00 2.3115240468e-01 8.4468735825e+01
1.3171405285e+00 2.3398380942e-01 8.4436755064e+01
1.2854903139e+00 2.3016756825e-01 8.5076053508e+01
1.3177379683e+00 2.3386070486e-01 8.4884332141e+01
1.1453178793e+00 2.1391776713e-01 8.5491263175e+01
1.2638053007e+00 2.2770547717e-01 8.5108001638e+01
1.1865654011e+00 2.1896505384e-01 8.4820412361e+01
1.2618071157e+00 2.2795168628e-01 8.3988837165e+01
1.2587502181e+00 2.2745926806e-01 8.4308814530e+01
1.3513400123e+00 2.3792315514e-01 8.4148848738e+01
1.1941158835e+00 2.1982678572e-01 8.4852373054e+01
1.2904015190e+00 2.3078309102e-01 8.4916289633e+01
1.3712111700e+00 2.4001593256e-01 8.4372788316e+01
1.2558526187e+00 2.2696684984e-01 8.4692553325e+01
1.2368553240e+00 2.2475096787e-01 8.4820412361e+01
1.1452279656e+00 2.1391776713e-01 8.5459332672e+01
1.3496588536e+00 2.3767694603e-01 8.4276824972e+01
1.2880201534e+00 2.3065998646e-01 8.4564667778e+01
1.3104139347e+00 2.3324518209e-01 8.4404772564e+01
1.3986745455e+00 2.4309354641e-01 8.4244833624e+01
1.2798924805e+00 2.2979825458e-01 8.4436755064e+01
1.2179985458e+00 2.2241198135e-01 8.5299658755e+01
1.2904470631e+00 2.3090619557e-01 8.4628613906e+01
1.3680352856e+00 2.3952351434e-01 8.4692553325e+01
1.2612011291e+00 2.2745926806e-01 8.4980199868e+01
1.2917209137e+00 2.3090619557e-01 8.4980199868e+01
1.3551472019e+00 2.3816936425e-01 8.4532692172e+01
1.1957057131e+00 2.1994989027e-01 8.5012152633e+01
1.2671727421e+00 2.2807479083e-01 8.5139948243e+01
1.3729835524e+00 2.4013903711e-01 8.4532692172e+01
1.2357777279e+00 2.2462786332e-01 8.4820412361e+01
1.1582536749e+00 2.1551812633e-01 8.5235779013e+01
1.3437106780e+00 2.3706142326e-01 8.4180845518e+01
1.2379843057e+00 2.2499717698e-01 8.4532692172e+01
1.3938827317e+00 2.4272423274e-01 8.3924819428e+01
1.3842260635e+00 2.4149318721e-01 8.4276824972e+01
1.3013581682e+00 2.3201413655e-01 8.4916289633e+01
1.2886230591e+00 2.3078309102e-01 8.4436755064e+01
1.3108229023e+00 2.3299897299e-01 8.5108001638e+01
1.3002832250e+00 2.3213724111e-01 8.4340802307e+01
1.3200613588e+00 2.3435312308e-01 8.4340802307e+01
1.2340604134e+00 2.2438165421e-01 8.4948245538e+01
1.2413900754e+00 2.2524338609e-01 8.4884332141e+01
1.1696728377e+00 2.1687227642e-01 8.5171893334e+01
1.2319068060e+00 2.2413544510e-01 8.4948245538e+01
1.3855524456e+00 2.4149318721e-01 8.4596641686e+01
1.3773757930e+00 2.4087766444e-01 8.3988837165e+01
1.1741973238e+00 2.1736469464e-01 8.5267719621e+01
1.3402038859e+00 2.3656900505e-01 8.4404772564e+01
1.5100928475e+00 2.5565021091e-01 8.3284209632e+01
1.1817811564e+00 2.1834953107e-01 8.4980199868e+01
1.2748914547e+00 2.2905962726e-01 8.4852373054e+01
1.2669572037e+00 2.2832099994e-01 8.4468735825e+01
1.2906265282e+00 2.3078309102e-01 8.4980199868e+01
1.3451034133e+00 2.3730763237e-01 8.3988837165e+01
1.2732353115e+00 2.2905962726e-01 8.4404772564e+01
1.2940859391e+00 2.3127550923e-01 8.4724520544e+01
1.4617706391e+00 2.4974119232e-01 8.4692553325e+01
1.2956769122e+00 2.3152171834e-01 8.4564667778e+01
1.2300739567e+00 2.2388923600e-01 8.5044103843e+01
1.2118246576e+00 2.2191956313e-01 8.4724520544e+01
1.2990848126e+00 2.3189103200e-01 8.4596641686e+01
1.3277810301e+00 2.3521485496e-01 8.4340802307e+01
1.2808590922e+00 2.2992135914e-01 8.4404772564e+01
1.2848465010e+00 2.3041377735e-01 8.4308814530e+01
1.4059867874e+00 2.4395527828e-01 8.4116850127e+01
1.2879865867e+00 2.3053688191e-01 8.4852373054e+01
1.4039932724e+00 2.4383217373e-01 8.3924819428e+01
1.3292846002e+00 2.3521485496e-01 8.4724520544e+01
1.3155282458e+00 2.3386070486e-01 8.4308814530e+01
1.3539072002e+00 2.3804625970e-01 8.4500714858e+01
1.2899624375e+00 2.3090619557e-01 8.4500714858e+01
1.4017686196e+00 2.4346286007e-01 8.4180845518e+01
1.3885661160e+00 2.4210870998e-01 8.3988837165e+01
1.3176213884e+00 2.3386070486e-01 8.4852373054e+01
1.3173920711e+00 2.3398380942e-01 8.4500714858e+01
1.1546015353e+00 2.1502570811e-01 8.5427400756e+01
1.2362924483e+00 2.2475096787e-01 8.4660584449e+01
1.2732705856e+00 2.2881341815e-01 8.5012152633e+01
1.1746888054e+00 2.1761090375e-01 8.4756486116e+01
1.3366227760e+00 2.3619969139e-01 8.4340802307e+01
1.3614831195e+00 2.3903109613e-01 8.4180845518e+01
1.2527441664e+00 2.2647443163e-01 8.5044103843e+01
1.2634436955e+00 2.2782858172e-01 8.4692553325e+01
1.2246389358e+00 2.2315060867e-01 8.5363532643e+01
1.3124067354e+00 2.3361449576e-01 8.4084849675e+01
1.3186060985e+00 2.3398380942e-01 8.4820412361e+01
1.3718804239e+00 2.3989282800e-01 8.4820412361e+01
1.2837722187e+00 2.3016756825e-01 8.4596641686e+01
1.3317361725e+00 2.3546106406e-01 8.4788450052e+01
1.2657635288e+00 2.2795168628e-01 8.5044103843e+01
1.2942034517e+00 2.3127550923e-01 8.4756486116e+01
1.2130278224e+00 2.2179645858e-01 8.5427400756e+01
1.2708809059e+00 2.2893652271e-01 8.4084849675e+01
1.4134237457e+00 2.4506321927e-01 8.3540550223e+01
1.2994401941e+00 2.3201413655e-01 8.4404772564e+01
1.3210702959e+00 2.3410691397e-01 8.5203836921e+01
1.2383457631e+00 2.2512028154e-01 8.4340802307e+01
1.1702720578e+00 2.1674917187e-01 8.5746657535e+01
1.2571944719e+00 2.2721305895e-01 8.4468735825e+01
1.1475971974e+00 2.1416397624e-01 8.5555119982e+01
1.3481179318e+00 2.3730763237e-01 8.4724520544e+01
1.2427621509e+00 2.2548959520e-01 8.4660584449e+01
1.2590309327e+00 2.2721305895e-01 8.4980199868e+01
1.3357992402e+00 2.3595348228e-01 8.4692553325e+01
1.3556114052e+00 2.3829246880e-01 8.4372788316e+01
1.2202436443e+00 2.2265819046e-01 8.5331596426e+01
1.2242408556e+00 2.2315060867e-01 8.5235779013e+01
1.3375182971e+00 2.3619969139e-01 8.4564667778e+01
1.1175901634e+00 2.1071704873e-01 8.5299658755e+01
1.1458440252e+00 2.1391776713e-01 8.5682817082e+01
1.2669572037e+00 2.2832099994e-01 8.4468735825e+01
1.2485387092e+00 2.2622822252e-01 8.4468735825e+01
1.3152681668e+00 2.3386070486e-01 8.4244833624e+01
1.3056350500e+00 2.3250655477e-01 8.4884332141e+01
1.2209436107e+00 2.2290439956e-01 8.4884332141e+01
1.3823875347e+00 2.4149318721e-01 8.3860794078e+01
1.2432222468e+00 2.2536649064e-01 8.5108001638e+01
1.3579674557e+00 2.3853867791e-01 8.4404772564e+01
1.3661563314e+00 2.3940040979e-01 8.4500714858e+01
1.3066426577e+00 2.3275276388e-01 8.4564667778e+01
1.2506856278e+00 2.2622822252e-01 8.5076053508e+01
1.2054115311e+00 2.2105783126e-01 8.5044103843e+01
1.1860121072e+00 2.1859574018e-01 8.5682817082e+01
1.2381363645e+00 2.2475096787e-01 8.5203836921e+01
1.2558284252e+00 2.2721305895e-01 8.4116850127e+01
1.2369658438e+00 2.2475096787e-01 8.4852373054e+01
1.1477728821e+00 2.1416397624e-01 8.5618971257e+01
1.2603330679e+00 2.2733616351e-01 8.5044103843e+01
1.2777130836e+00 2.2955204548e-01 8.4436755064e+01
1.2053436507e+00 2.2093472670e-01 8.5363532643e+01
1.2612433464e+00 2.2782858172e-01 8.4116850127e+01
1.3027356135e+00 2.3226034566e-01 8.4692553325e+01
1.3480062981e+00 2.3767694603e-01 8.3892807710e+01
1.2378253475e+00 2.2475096787e-01 8.5108001638e+01
1.2667418216e+00 2.2807479083e-01 8.5012152633e+01
1.3649611094e+00 2.3940040979e-01 8.4212840476e+01
1.3758126658e+00 2.4050835077e-01 8.4404772564e+01
1.3209286844e+00 2.3423001852e-01 8.4852373054e+01
1.4457278302e+00 2.4814083312e-01 8.4404772564e+01
1.3372699195e+00 2.3607658683e-01 8.4788450052e+01
1.4328914345e+00 2.4703289213e-01 8.3828778522e+01
1.2686967550e+00 2.2832099994e-01 8.4948245538e+01
1.2588714446e+00 2.2733616351e-01 8.4628613906e+01
1.3484295139e+00 2.3767694603e-01 8.3988837165e+01
1.3130686301e+00 2.3361449576e-01 8.4244833624e+01
1.2201983074e+00 2.2302750412e-01 8.4372788316e+01
1.4743339681e+00 2.5146465607e-01 8.3924819428e+01
1.2541415275e+00 2.2672064074e-01 8.4820412361e+01
1.2620075798e+00 2.2770547717e-01 8.4596641686e+01
1.3133323867e+00 2.3336828665e-01 8.4884332141e+01
1.2229712904e+00 2.2290439956e-01 8.5523192275e+01
1.2909327019e+00 2.3102930012e-01 8.4468735825e+01
1.3609671174e+00 2.3878488702e-01 8.4596641686e+01
1.3252338663e+00 2.3484554129e-01 8.4532692172e+01
1.2579040403e+00 2.2721305895e-01 8.4660584449e+01
1.1640941608e+00 2.1625675365e-01 8.5076053508e+01
1.2588714446e+00 2.2733616351e-01 8.4628613906e+01
1.2985855660e+00 2.3176792745e-01 8.4756486116e+01
1.3054217521e+00 2.3262965932e-01 8.4532692172e+01
1.3619034975e+00 2.3915420068e-01 8.4020843204e+01
1.3058236230e+00 2.3299897299e-01 8.3828778522e+01
1.1363163311e+00 2.1280982614e-01 8.5650894846e+01
1.3323290780e+00 2.3570727317e-01 8.4372788316e+01
1.3337702855e+00 2.3546106406e-01 8.5363532643e+01
1.2705368287e+00 2.2856720904e-01 8.4852373054e+01
1.2470096895e+00 2.2585890886e-01 8.4948245538e+01
1.2641781771e+00 2.2795168628e-01 8.4596641686e+01
1.2730498577e+00 2.2881341815e-01 8.4948245538e+01
1.3027811031e+00 2.3201413655e-01 8.5331596426e+01
1.2568203486e+00 2.2708995440e-01 8.4660584449e+01
1.4473619448e+00 2.4875635589e-01 8.3540550223e+01
1.2876540583e+00 2.3065998646e-01 8.4468735825e+01
1.1925398747e+00 2.1945747206e-01 8.5363532643e+01
1.3450876796e+00 2.3718452782e-01 8.4244833624e+01
1.2698949890e+00 2.2844410449e-01 8.4980199868e+01
1.4691392844e+00 2.5097223786e-01 8.3796761031e+01
1.2118603408e+00 2.2167335403e-01 8.5395467416e+01
1.2284626797e+00 2.2376613144e-01 8.4884332141e+01
1.4206485831e+00 2.4555563748e-01 8.4116850127e+01
1.1992277706e+00 2.2044230849e-01 8.4788450052e+01
1.3117629730e+00 2.3324518209e-01 8.4756486116e+01
1.4267735611e+00 2.4641736936e-01 8.3732720205e+01
1.1790968248e+00 2.1785711285e-01 8.5491263175e+01
1.2873453198e+00 2.3041377735e-01 8.4980199868e+01
1.3645491280e+00 2.3940040979e-01 8.4116850127e+01
1.2262913320e+00 2.2327371323e-01 8.5555119982e+01
1.2688379285e+00 2.2869031360e-01 8.4116850127e+01
1.3703931576e+00 2.3976972345e-01 8.4724520544e+01
1.3181733691e+00 2.3423001852e-01 8.4148848738e+01
1.2348107991e+00 2.2450475877e-01 8.4852373054e+01
1.1298260547e+00 2.1219430337e-01 8.5203836921e+01
1.2533922539e+00 2.2659753618e-01 8.4916289633e+01
1.2102988759e+00 2.2155024947e-01 8.5235779013e+01
1.2476957734e+00 2.2610511797e-01 8.4532692172e+01
1.2820629151e+00 2.2992135914e-01 8.4724520544e+01
1.3181733691e+00 2.3423001852e-01 8.4148848738e+01
1.3123471939e+00 2.3324518209e-01 8.4916289633e+01
1.3358263693e+00 2.3619969139e-01 8.4148848738e+01
1.3428708146e+00 2.3693831871e-01 8.4244833624e+01
1.2828003093e+00 2.3004446369e-01 8.4628613906e+01
1.3270750129e+00 2.3496864585e-01 8.4724520544e+01
1.2067192695e+00 2.2093472670e-01 8.5842408323e+01
1.3138445250e+00 2.3349139120e-01 8.4724520544e+01
1.3405885808e+00 2.3656900505e-01 8.4500714858e+01
1.3889807960e+00 2.4198560542e-01 8.4340802307e+01
1.2444074846e+00 2.2548959520e-01 8.5139948243e+01
1.2500926622e+00 2.2635132707e-01 8.4596641686e+01
1.4894509982e+00 2.5294191072e-01 8.4212840476e+01
1.2063686396e+00 2.2130404036e-01 8.4692553325e+01
1.3178864178e+00 2.3398380942e-01 8.4628613906e+01
1.2763372851e+00 2.2967515003e-01 8.3828778522e+01
1.2385866307e+00 2.2487407243e-01 8.5012152633e+01
1.4094733473e+00 2.4444769650e-01 8.3892807710e+01
1.1995131026e+00 2.2031920393e-01 8.5203836921e+01
1.1860121072e+00 2.1859574018e-01 8.5682817082e+01
1.1953471071e+00 2.1982678572e-01 8.5235779013e+01
1.1285275928e+00 2.1182498971e-01 8.5874322654e+01
1.2757467758e+00 2.2942894092e-01 8.4212840476e+01
1.3040764219e+00 2.3250655477e-01 8.4468735825e+01
1.3298592684e+00 2.3546106406e-01 8.4308814530e+01
1.2733465048e+00 2.2930583637e-01 8.3892807710e+01
1.2027504558e+00 2.2081162215e-01 8.4884332141e+01
1.2697944424e+00 2.2881341815e-01 8.4084849675e+01
1.1918805761e+00 2.1958057661e-01 8.4820412361e+01
1.5097280578e+00 2.5515779269e-01 8.4116850127e+01
1.3825547065e+00 2.4137008265e-01 8.4148848738e+01
1.2778167609e+00 2.2942894092e-01 8.4756486116e+01
1.3225222954e+00 2.3459933219e-01 8.4404772564e+01
1.3724942384e+00 2.4026214167e-01 8.4148848738e+01
1.2401914916e+00 2.2499717698e-01 8.5171893334e+01
1.3201740379e+00 2.3410691397e-01 8.4948245538e+01
1.3626823471e+00 2.3903109613e-01 8.4468735825e+01
1.3140898604e+00 2.3361449576e-01 8.4500714858e+01
1.3221358132e+00 2.3459933219e-01 8.4308814530e+01
1.4473502473e+00 2.4887946044e-01 8.3316259486e+01
1.2418239881e+00 2.2524338609e-01 8.5012152633e+01
1.3220317609e+00 2.3435312308e-01 8.4852373054e+01
1.3027950258e+00 2.3213724111e-01 8.5012152633e+01
1.2734884999e+00 2.2881341815e-01 8.5076053508e+01
1.3550191627e+00 2.3816936425e-01 8.4500714858e+01
1.0780948772e+00 2.0579286657e-01 8.6033875278e+01
1.2955549128e+00 2.3152171834e-01 8.4532692172e+01
1.3118812657e+00 2.3324518209e-01 8.4788450052e+01
1.3958508880e+00 2.4272423274e-01 8.4372788316e+01
1.2618432375e+00 2.2758237261e-01 8.4852373054e+01
1.3855524456e+00 2.4149318721e-01 8.4596641686e+01
1.2684739345e+00 2.2832099994e-01 8.4884332141e+01
1.3914932786e+00 2.4247802364e-01 8.3892807710e+01
1.3088419692e+00 2.3275276388e-01 8.5171893334e+01
1.2080589653e+00 2.2130404036e-01 8.5203836921e+01
1.3217956762e+00 2.3435312308e-01 8.4788450052e+01
1.3250692090e+00 2.3509175040e-01 8.3956829243e+01
1.4082619282e+00 2.4444769650e-01 8.3636644199e+01
1.2133098657e+00 2.2191956313e-01 8.5171893334e+01
1.1460044746e+00 2.1404087168e-01 8.5363532643e+01
1.4366510206e+00 2.4752531035e-01 8.3668671517e+01
1.2971340180e+00 2.3164482289e-01 8.4660584449e+01
1.2375081693e+00 2.2475096787e-01 8.5012152633e+01
1.2280653661e+00 2.2388923600e-01 8.4468735825e+01
1.2715465186e+00 2.2881341815e-01 8.4532692172e+01
1.2481661162e+00 2.2585890886e-01 8.5299658755e+01
1.2336766342e+00 2.2450475877e-01 8.4532692172e+01
1.3317361725e+00 2.3546106406e-01 8.4788450052e+01
1.2891941554e+00 2.3065998646e-01 8.4884332141e+01
1.4043928206e+00 2.4358596462e-01 8.4532692172e+01
1.2368740215e+00 2.2450475877e-01 8.5491263175e+01
1.2601884158e+00 2.2745926806e-01 8.4692553325e+01
1.2614091067e+00 2.2770547717e-01 8.4436755064e+01
1.2370577160e+00 2.2462786332e-01 8.5203836921e+01
1.4590246904e+00 2.4986429687e-01 8.3828778522e+01
1.2779575136e+00 2.2955204548e-01 8.4500714858e+01
1.2826808953e+00 2.3004446369e-01 8.4596641686e+01
1.2464019083e+00 2.2561269975e-01 8.5427400756e+01
1.3706201189e+00 2.3989282800e-01 8.4500714858e+01
1.3738275933e+00 2.4063145533e-01 8.3700696849e+01
1.2404204022e+00 2.2512028154e-01 8.4916289633e+01
1.3789599485e+00 2.4075455988e-01 8.4628613906e+01
1.2568620452e+00 2.2696684984e-01 8.4980199868e+01
1.3375182971e+00 2.3619969139e-01 8.4564667778e+01
1.2982947280e+00 2.3213724111e-01 8.3860794078e+01
1.3723769524e+00 2.4001593256e-01 8.4660584449e+01
1.1514517859e+00 2.1477949901e-01 8.5076053508e+01
1.2894663892e+00 2.3090619557e-01 8.4372788316e+01
1.2978367475e+00 2.3189103200e-01 8.4276824972e+01
1.2207259661e+00 2.2290439956e-01 8.4820412361e+01
1.2166135842e+00 2.2253508590e-01 8.4564667778e+01
1.2120349566e+00 2.2179645858e-01 8.5108001638e+01
1.2149244367e+00 2.2228887680e-01 8.4692553325e+01
1.3503666755e+00 2.3792315514e-01 8.3924819428e+01
1.3762301753e+00 2.4038524622e-01 8.4788450052e+01
1.2619382158e+00 2.2795168628e-01 8.4020843204e+01
1.3463511561e+00 2.3743073693e-01 8.4020843204e+01
1.3674618233e+00 2.3964661890e-01 8.4276824972e+01
1.4000745473e+00 2.4321665096e-01 8.4308814530e+01
1.2716249962e+00 2.2869031360e-01 8.4852373054e+01
1.2667019141e+00 2.2819789538e-01 8.4692553325e+01
1.2617702878e+00 2.2770547717e-01 8.4532692172e+01
1.3795878005e+00 2.4075455988e-01 8.4788450052e+01
1.2822951702e+00 2.2992135914e-01 8.4788450052e+01
1.3593410173e+00 2.3866178247e-01 8.4468735825e+01
1.2961017011e+00 2.3139861378e-01 8.4980199868e+01
1.2271597431e+00 2.2351992233e-01 8.5139948243e+01
1.3175418454e+00 2.3373760031e-01 8.5139948243e+01
1.3245018755e+00 2.3472243674e-01 8.4628613906e+01
1.2246976858e+00 2.2327371323e-01 8.5044103843e+01
1.3595372466e+00 2.3890799157e-01 8.3988837165e+01
1.3231518072e+00 2.3459933219e-01 8.4564667778e+01
1.2691302881e+00 2.2856720904e-01 8.4468735825e+01
1.2366419994e+00 2.2462786332e-01 8.5076053508e+01
1.4228612183e+00 2.4592495115e-01 8.3860794078e+01
1.2386752810e+00 2.2499717698e-01 8.4724520544e+01
1.3553234925e+00 2.3792315514e-01 8.5171893334e+01
1.2996900055e+00 2.3201413655e-01 8.4468735825e+01
1.1926137834e+00 2.1958057661e-01 8.5044103843e+01
1.2722548705e+00 2.2856720904e-01 8.5363532643e+01
1.3177610236e+00 2.3373760031e-01 8.5203836921e+01
1.2726343962e+00 2.2893652271e-01 8.4532692172e+01
1.2887466153e+00 2.3078309102e-01 8.4468735825e+01
1.3033495389e+00 2.3238345022e-01 8.4564667778e+01
1.4132273969e+00 2.4494011472e-01 8.3732720205e+01
1.2552300622e+00 2.2672064074e-01 8.5139948243e+01
1.2771839134e+00 2.2930583637e-01 8.4884332141e+01
1.3613437177e+00 2.3878488702e-01 8.4692553325e+01
1.3227225125e+00 2.3435312308e-01 8.5044103843e+01
1.2608638809e+00 2.2733616351e-01 8.5203836921e+01
1.3632964876e+00 2.3927730524e-01 8.4084849675e+01
1.2372932937e+00 2.2475096787e-01 8.4948245538e+01
1.3530504919e+00 2.3792315514e-01 8.4564667778e+01
1.2676092951e+00 2.2819789538e-01 8.4948245538e+01
1.2674922681e+00 2.2856720904e-01 8.4052847370e+01
1.3127390192e+00 2.3349139120e-01 8.4436755064e+01
1.3697616032e+00 2.3976972345e-01 8.4564667778e+01
1.2353562088e+00 2.2475096787e-01 8.4404772564e+01
1.3202122413e+00 2.3423001852e-01 8.4660584449e+01
1.4245127315e+00 2.4617116025e-01 8.3732720205e+01
1.1159570386e+00 2.1047083962e-01 8.5459332672e+01
1.2090325614e+00 2.2118093581e-01 8.5906235703e+01
1.3084680075e+00 2.3299897299e-01 8.4468735825e+01
1.3512965317e+00 2.3780005059e-01 8.4404772564e+01
1.4253335447e+00 2.4629426481e-01 8.3668671517e+01
1.2024893260e+00 2.2093472670e-01 8.4500714858e+01
1.2851594720e+00 2.3016756825e-01 8.4980199868e+01
1.1736115188e+00 2.1724159008e-01 8.5427400756e+01
1.4163970351e+00 2.4494011472e-01 8.4436755064e+01
1.2476493581e+00 2.2598201341e-01 8.4820412361e+01
1.3018825672e+00 2.3226034566e-01 8.4468735825e+01
1.3188655979e+00 2.3410691397e-01 8.4596641686e+01
1.3351218667e+00 2.3607658683e-01 8.4244833624e+01
1.2628160871e+00 2.2770547717e-01 8.4820412361e+01
1.2750507331e+00 2.2918273181e-01 8.4596641686e+01
1.3055436180e+00 2.3238345022e-01 8.5171893334e+01
1.3304568752e+00 2.3521485496e-01 8.5044103843e+01
1.2286454493e+00 2.2388923600e-01 8.4628613906e+01
1.2803792921e+00 2.2979825458e-01 8.4564667778e+01
1.2307959091e+00 2.2413544510e-01 8.4628613906e+01
1.2620019936e+00 2.2782858172e-01 8.4308814530e+01
1.3294497433e+00 2.3570727317e-01 8.3700696849e+01
1.3184879712e+00 2.3398380942e-01 8.4788450052e+01
1.3729085353e+00 2.4038524622e-01 8.3988837165e+01
1.4052649403e+00 2.4395527828e-01 8.3956829243e+01
1.2760202347e+00 2.2930583637e-01 8.4564667778e+01
1.2708161610e+00 2.2869031360e-01 8.4628613906e+01
1.3331741358e+00 2.3583037773e-01 8.4308814530e+01
1.1569100207e+00 2.1539502178e-01 8.5139948243e+01
1.3508245588e+00 2.3755384148e-01 8.4852373054e+01
1.3201046179e+00 2.3459933219e-01 8.3828778522e+01
1.3100612257e+00 2.3312207754e-01 8.4596641686e+01
1.1869301522e+00 2.1884194929e-01 8.5267719621e+01
1.3729061711e+00 2.4026214167e-01 8.4244833624e+01
1.2154527962e+00 2.2216577224e-01 8.5171893334e+01
1.2704360381e+00 2.2881341815e-01 8.4244833624e+01
1.3298943949e+00 2.3558416862e-01 8.4052847370e+01
1.3098154166e+00 2.3312207754e-01 8.4532692172e+01
1.3948856783e+00 2.4272423274e-01 8.4148848738e+01
1.3505009761e+00 2.3780005059e-01 8.4212840476e+01
1.3403518077e+00 2.3644590050e-01 8.4724520544e+01
1.2667418216e+00 2.2807479083e-01 8.5012152633e+01
1.2658463785e+00 2.2807479083e-01 8.4756486116e+01
1.2686414580e+00 2.2844410449e-01 8.4628613906e+01
1.2521386324e+00 2.2659753618e-01 8.4564667778e+01
1.4572060161e+00 2.4961808776e-01 8.3924819428e+01
1.2991875058e+00 2.3201413655e-01 8.4340802307e+01
1.3219140832e+00 2.3435312308e-01 8.4820412361e+01
1.2970623692e+00 2.3201413655e-01 8.3828778522e+01
1.3293308193e+00 2.3546106406e-01 8.4180845518e+01
1.3187005989e+00 2.3423001852e-01 8.4276824972e+01
1.4004732256e+00 2.4346286007e-01 8.3892807710e+01
1.2552674896e+00 2.2696684984e-01 8.4532692172e+01
1.3502166309e+00 2.3755384148e-01 8.4692553325e+01
1.3541195175e+00 2.3829246880e-01 8.4020843204e+01
1.2142793613e+00 2.2204266769e-01 8.5139948243e+01
1.3554010370e+00 2.3816936425e-01 8.4596641686e+01
1.2999369403e+00 2.3201413655e-01 8.4532692172e+01
1.2231608843e+00 2.2327371323e-01 8.4596641686e+01
1.2292574295e+00 2.2401234055e-01 8.4500714858e+01
1.2911442405e+00 2.3115240468e-01 8.4244833624e+01
1.3264623322e+00 2.3496864585e-01 8.4564667778e+01
1.2773480884e+00 2.2942894092e-01 8.4628613906e+01
1.3603244376e+00 2.3878488702e-01 8.4436755064e+01
1.3631375374e+00 2.3915420068e-01 8.4308814530e+01
1.1136099431e+00 2.1022463051e-01 8.5363532643e+01
1.2593616825e+00 2.2745926806e-01 8.4468735825e+01
1.4064105822e+00 2.4395527828e-01 8.4212840476e+01
1.3271897871e+00 2.3509175040e-01 8.4468735825e+01
1.3766831153e+00 2.4075455988e-01 8.4084849675e+01
1.3006614795e+00 2.3213724111e-01 8.4436755064e+01
1.3008644395e+00 2.3226034566e-01 8.4212840476e+01
1.2647846879e+00 2.2782858172e-01 8.5076053508e+01
1.3086995589e+00 2.3287586843e-01 8.4820412361e+01
1.4117622258e+00 2.4457080105e-01 8.4148848738e+01
1.2239351862e+00 2.2315060867e-01 8.5139948243e+01
1.2757467758e+00 2.2942894092e-01 8.4212840476e+01
1.3613354479e+00 2.3915420068e-01 8.3892807710e+01
1.3088161257e+00 2.3287586843e-01 8.4852373054e+01
1.2888694580e+00 2.3078309102e-01 8.4500714858e+01
1.2855931600e+00 2.3065998646e-01 8.3956829243e+01
1.2739502727e+00 2.2918273181e-01 8.4308814530e+01
1.3274416515e+00 2.3509175040e-01 8.4532692172e+01
1.3516951773e+00 2.3767694603e-01 8.4788450052e+01
1.3698439545e+00 2.4001593256e-01 8.4052847370e+01
1.2954229724e+00 2.3176792745e-01 8.3956829243e+01
1.2097915477e+00 2.2155024947e-01 8.5076053508e+01
1.2587970286e+00 2.2708995440e-01 8.5235779013e+01
1.2609227709e+00 2.2758237261e-01 8.4596641686e+01
1.3109146397e+00 2.3324518209e-01 8.4532692172e+01
1.2731117258e+00 2.2905962726e-01 8.4372788316e+01
1.3253585023e+00 2.3484554129e-01 8.4564667778e+01
1.2922468471e+00 2.3102930012e-01 8.4820412361e+01
1.2612731823e+00 2.2758237261e-01 8.4692553325e+01
1.2469004214e+00 2.2585890886e-01 8.4916289633e+01
1.1846090706e+00 2.1859574018e-01 8.5203836921e+01
1.2806184456e+00 2.2979825458e-01 8.4628613906e+01
1.3230273671e+00 2.3459933219e-01 8.4532692172e+01
1.3632724368e+00 2.3940040979e-01 8.3828778522e+01
1.2856861820e+00 2.3029067280e-01 8.4820412361e+01
1.2921084260e+00 2.3127550923e-01 8.4212840476e+01
1.4343744015e+00 2.4703289213e-01 8.4148848738e+01
1.2576158374e+00 2.2708995440e-01 8.4884332141e+01
1.3229766823e+00 2.3472243674e-01 8.4244833624e+01
1.5073270245e+00 2.5528089724e-01 8.3412396483e+01
1.1940089758e+00 2.1982678572e-01 8.4820412361e+01
1.3635731914e+00 2.3927730524e-01 8.4148848738e+01
1.1654233829e+00 2.1625675365e-01 8.5523192275e+01
1.3067361912e+00 2.3287586843e-01 8.4308814530e+01
1.2481995980e+00 2.2598201341e-01 8.4980199868e+01
1.2990848126e+00 2.3189103200e-01 8.4596641686e+01
1.2102850395e+00 2.2142714492e-01 8.5587046306e+01
1.2652639655e+00 2.2807479083e-01 8.4596641686e+01
1.2962761606e+00 2.3152171834e-01 8.4724520544e+01
1.3575932941e+00 2.3866178247e-01 8.4052847370e+01
1.2403971203e+00 2.2499717698e-01 8.5235779013e+01
1.2694914122e+00 2.2856720904e-01 8.4564667778e+01
1.3162176665e+00 2.3361449576e-01 8.5076053508e+01
1.2708726539e+00 2.2856720904e-01 8.4948245538e+01
1.3509033448e+00 2.3804625970e-01 8.3796761031e+01
1.2322267734e+00 2.2413544510e-01 8.5044103843e+01
1.3144608326e+00 2.3361449576e-01 8.4596641686e+01
1.2494966952e+00 2.2610511797e-01 8.5044103843e+01
1.3864666879e+00 2.4173939631e-01 8.4276824972e+01
1.3307495408e+00 2.3533795951e-01 8.4820412361e+01
1.1926352839e+00 2.1945747206e-01 8.5395467416e+01
1.2899429486e+00 2.3078309102e-01 8.4788450052e+01
1.3401103773e+00 2.3681521416e-01 8.3860794078e+01
1.3892759457e+00 2.4210870998e-01 8.4148848738e+01
1.3716531638e+00 2.4013903711e-01 8.4212840476e+01
1.4527000355e+00 2.4900256499e-01 8.4180845518e+01
1.3260200828e+00 2.3509175040e-01 8.4180845518e+01
1.3038258149e+00 2.3250655477e-01 8.4404772564e+01
1.3145488767e+00 2.3349139120e-01 8.4916289633e+01
1.3814059835e+00 2.4112387354e-01 8.4404772564e+01
1.3389667698e+00 2.3644590050e-01 8.4372788316e+01
1.3062715689e+00 2.3275276388e-01 8.4468735825e+01
1.2568302800e+00 2.2721305895e-01 8.4372788316e+01
1.3558729219e+00 2.3829246880e-01 8.4436755064e+01
1.3233678609e+00 2.3472243674e-01 8.4340802307e+01
1.3399437200e+00 2.3656900505e-01 8.4340802307e+01
1.3488136525e+00 2.3755384148e-01 8.4340802307e+01
1.4024032182e+00 2.4333975551e-01 8.4596641686e+01
1.2932254375e+00 2.3115240468e-01 8.4788450052e+01
1.3212919306e+00 2.3447622763e-01 8.4372788316e+01
1.3022524790e+00 2.3226034566e-01 8.4564667778e+01
1.4183440031e+00 2.4543253293e-01 8.3860794078e+01
1.3259589989e+00 2.3496864585e-01 8.4436755064e+01
1.3317351171e+00 2.3558416862e-01 8.4500714858e+01
1.4723519881e+00 2.5121844696e-01 8.3988837165e+01
1.2709338188e+00 2.2869031360e-01 8.4660584449e+01
1.2058200476e+00 2.2105783126e-01 8.5171893334e+01
1.2718998237e+00 2.2893652271e-01 8.4340802307e+01
1.2096880721e+00 2.2155024947e-01 8.5044103843e+01
1.3549047480e+00 2.3853867791e-01 8.3700696849e+01
1.3959807277e+00 2.4297044185e-01 8.3892807710e+01
1.4302446192e+00 2.4666357847e-01 8.3988837165e+01
1.3187234981e+00 2.3398380942e-01 8.4852373054e+01
1.2362153378e+00 2.2462786332e-01 8.4948245538e+01
1.4257413662e+00 2.4604805570e-01 8.4244833624e+01
1.2587001760e+00 2.2721305895e-01 8.4884332141e+01
1.3325101762e+00 2.3583037773e-01 8.4148848738e+01
1.3201899834e+00 2.3435312308e-01 8.4372788316e+01
1.3164023868e+00 2.3373760031e-01 8.4820412361e+01
1.3327138822e+00 2.3570727317e-01 8.4468735825e+01
1.2934592115e+00 2.3139861378e-01 8.4276824972e+01
1.2811214593e+00 2.2967515003e-01 8.5076053508e+01
1.3043050492e+00 2.3238345022e-01 8.4820412361e+01
1.2259838854e+00 2.2351992233e-01 8.4788450052e+01
1.2674281431e+00 2.2844410449e-01 8.4308814530e+01
1.3145830372e+00 2.3361449576e-01 8.4628613906e+01
1.4189576694e+00 2.4530942838e-01 8.4244833624e+01
1.3095667109e+00 2.3312207754e-01 8.4468735825e+01
1.2978367475e+00 2.3189103200e-01 8.4276824972e+01
1.3161657785e+00 2.3373760031e-01 8.4756486116e+01
1.4303211553e+00 2.4678668302e-01 8.3764741596e+01
1.4038459092e+00 2.4383217373e-01 8.3892807710e+01
1.2335424018e+00 2.2413544510e-01 8.5459332672e+01
1.2900846647e+00 2.3090619557e-01 8.4532692172e+01
1.3953039591e+00 2.4272423274e-01 8.4244833624e+01
1.2347004608e+00 2.2450475877e-01 8.4820412361e+01
1.4099303465e+00 2.4432459195e-01 8.4244833624e+01
1.2974987374e+00 2.3176792745e-01 8.4468735825e+01
1.3402038859e+00 2.3656900505e-01 8.4404772564e+01
1.3212919306e+00 2.3447622763e-01 8.4372788316e+01
1.2797690055e+00 2.2979825458e-01 8.4404772564e+01
1.2750056797e+00 2.2893652271e-01 8.5203836921e+01
1.3877316753e+00 2.4198560542e-01 8.4052847370e+01
1.2770707228e+00 2.2930583637e-01 8.4852373054e+01
1.2809718617e+00 2.2979825458e-01 8.4724520544e+01
1.2374010739e+00 2.2475096787e-01 8.4980199868e+01
1.1519360362e+00 2.1477949901e-01 8.5235779013e+01
1.2919023786e+00 2.3115240468e-01 8.4436755064e+01
1.1728283742e+00 2.1711848553e-01 8.5523192275e+01
1.3467647699e+00 2.3743073693e-01 8.4116850127e+01
1.2385866307e+00 2.2487407243e-01 8.5012152633e+01
1.2403273004e+00 2.2548959520e-01 8.4020843204e+01
1.1838391698e+00 2.1847263562e-01 8.5299658755e+01
1.2540288575e+00 2.2672064074e-01 8.4788450052e+01
1.2751694769e+00 2.2918273181e-01 8.4628613906e+01
1.3377675129e+00 2.3619969139e-01 8.4628613906e+01
1.3985011889e+00 2.4297044185e-01 8.4468735825e+01
1.2367469546e+00 2.2462786332e-01 8.5108001638e+01
1.3934692071e+00 2.4247802364e-01 8.4340802307e+01
1.2923620301e+00 2.3102930012e-01 8.4852373054e+01
1.3756037674e+00 2.4038524622e-01 8.4628613906e+01
1.3777160982e+00 2.4050835077e-01 8.4884332141e+01
1.3124067354e+00 2.3361449576e-01 8.4084849675e+01
1.2112691398e+00 2.2167335403e-01 8.5203836921e+01
1.2829190137e+00 2.3004446369e-01 8.4660584449e+01
1.2832870750e+00 2.3016756825e-01 8.4468735825e+01
1.1779448222e+00 2.1785711285e-01 8.5108001638e+01
1.2514067977e+00 2.2647443163e-01 8.4660584449e+01
1.3149452934e+00 2.3361449576e-01 8.4724520544e+01
1.2652130747e+00 2.2795168628e-01 8.4884332141e+01
1.2471182677e+00 2.2585890886e-01 8.4980199868e+01
1.4683793511e+00 2.5072602875e-01 8.4116850127e+01
1.2721475010e+00 2.2893652271e-01 8.4404772564e+01
1.3713437279e+00 2.4001593256e-01 8.4404772564e+01
1.3271897871e+00 2.3509175040e-01 8.4468735825e+01
1.2707503667e+00 2.2893652271e-01 8.4052847370e+01
1.3593410173e+00 2.3866178247e-01 8.4468735825e+01
1.2719040014e+00 2.2881341815e-01 8.4628613906e+01
1.2810882502e+00 2.2979825458e-01 8.4756486116e+01
1.2629743228e+00 2.2782858172e-01 8.4564667778e+01
1.2681344437e+00 2.2832099994e-01 8.4788450052e+01
1.2161068968e+00 2.2241198135e-01 8.4724520544e+01
1.2694754852e+00 2.2869031360e-01 8.4276824972e+01
1.2615032987e+00 2.2758237261e-01 8.4756486116e+01
1.3066426577e+00 2.3275276388e-01 8.4564667778e+01
1.2927460822e+00 2.3127550923e-01 8.4372788316e+01
1.3142142443e+00 2.3361449576e-01 8.4532692172e+01
1.4115776001e+00 2.4469390561e-01 8.3860794078e+01
1.2312901136e+00 2.2425854966e-01 8.4468735825e+01
1.2868064060e+00 2.3053688191e-01 8.4532692172e+01
1.3176407007e+00 2.3398380942e-01 8.4564667778e+01
1.2649879961e+00 2.2795168628e-01 8.4820412361e+01
1.3318056938e+00 2.3570727317e-01 8.4244833624e+01
1.2632627212e+00 2.2770547717e-01 8.4948245538e+01
1.3146850750e+00 2.3373760031e-01 8.4372788316e+01
1.3863296392e+00 2.4173939631e-01 8.4244833624e+01
1.2249063787e+00 2.2327371323e-01 8.5108001638e+01
1.2582779138e+00 2.2733616351e-01 8.4468735825e+01
1.3367969802e+00 2.3632279594e-01 8.4116850127e+01
1.2656274772e+00 2.2819789538e-01 8.4404772564e+01
1.2188719374e+00 2.2253508590e-01 8.5235779013e+01
1.2921493691e+00 2.3115240468e-01 8.4500714858e+01
1.2159953999e+00 2.2241198135e-01 8.4692553325e+01
1.3033233350e+00 2.3226034566e-01 8.4852373054e+01
1.3961488766e+00 2.4284733730e-01 8.4180845518e+01
1.2850980032e+00 2.3041377735e-01 8.4372788316e+01
1.2937137610e+00 2.3139861378e-01 8.4340802307e+01
1.1617958378e+00 2.1588743999e-01 8.5363532643e+01
1.3086227321e+00 2.3275276388e-01 8.5108001638e+01
1.3182417112e+00 2.3410691397e-01 8.4436755064e+01
1.3195249249e+00 2.3398380942e-01 8.5076053508e+01
1.3864688012e+00 2.4186250087e-01 8.4020843204e+01
1.3240024232e+00 2.3459933219e-01 8.4788450052e+01
1.2173994368e+00 2.2253508590e-01 8.4788450052e+01
1.2582494198e+00 2.2721305895e-01 8.4756486116e+01
1.3135850593e+00 2.3361449576e-01 8.4372788316e+01
1.2869080573e+00 2.3029067280e-01 8.5171893334e+01
1.2740806594e+00 2.2905962726e-01 8.4628613906e+01
1.2564689855e+00 2.2708995440e-01 8.4564667778e+01
1.3338982733e+00 2.3607658683e-01 8.3956829243e+01
1.2561953509e+00 2.2696684984e-01 8.4788450052e+01
1.3354181863e+00 2.3619969139e-01 8.4052847370e+01
1.2714183164e+00 2.2856720904e-01 8.5108001638e+01
1.2832708692e+00 2.3004446369e-01 8.4756486116e+01
1.4160872789e+00 2.4518632382e-01 8.3860794078e+01
1.3902374863e+00 2.4210870998e-01 8.4372788316e+01
1.3439790872e+00 2.3706142326e-01 8.4244833624e+01
1.3090606075e+00 2.3312207754e-01 8.4340802307e+01
1.3312705208e+00 2.3570727317e-01 8.4116850127e+01
1.3947275751e+00 2.4260112819e-01 8.4372788316e+01
1.2232750654e+00 2.2327371323e-01 8.4628613906e+01
1.2600724045e+00 2.2745926806e-01 8.4660584449e+01
1.2387989418e+00 2.2487407243e-01 8.5076053508e+01
1.2668177899e+00 2.2819789538e-01 8.4724520544e+01
1.2831640128e+00 2.3016756825e-01 8.4436755064e+01
1.3202886177e+00 2.3410691397e-01 8.4980199868e+01
1.2544591074e+00 2.2659753618e-01 8.5235779013e+01
1.3021298952e+00 2.3226034566e-01 8.4532692172e+01
1.2032760679e+00 2.2093472670e-01 8.4724520544e+01
1.3892759457e+00 2.4210870998e-01 8.4148848738e+01
1.2434936438e+00 2.2561269975e-01 8.4564667778e+01
1.3016323581e+00 2.3226034566e-01 8.4404772564e+01
1.1895361005e+00 2.1908815839e-01 8.5427400756e+01
1.3184384439e+00 2.3423001852e-01 8.4212840476e+01
1.2233443880e+00 2.2290439956e-01 8.5650894846e+01
1.3088396852e+00 2.3299897299e-01 8.4564667778e+01
1.2623718658e+00 2.2782858172e-01 8.4404772564e+01
1.3664990492e+00 2.3964661890e-01 8.4052847370e+01
1.2978367475e+00 2.3189103200e-01 8.4276824972e+01
1.2660744405e+00 2.2807479083e-01 8.4820412361e+01
1.2595606742e+00 2.2733616351e-01 8.4820412361e+01
1.3273149576e+00 2.3496864585e-01 8.4788450052e+01
1.2355640220e+00 2.2450475877e-01 8.5076053508e+01
1.3025694710e+00 2.3213724111e-01 8.4948245538e+01
1.3367969802e+00 2.3632279594e-01 8.4116850127e+01
1.3159262636e+00 2.3373760031e-01 8.4692553325e+01
1.3240051862e+00 2.3472243674e-01 8.4500714858e+01
1.2149778763e+00 2.2204266769e-01 8.5363532643e+01
1.3630034343e+00 2.3915420068e-01 8.4276824972e+01
1.2712021581e+00 2.2856720904e-01 8.5044103843e+01
1.3324580826e+00 2.3570727317e-01 8.4404772564e+01
1.2241640889e+00 2.2327371323e-01 8.4884332141e+01
1.3746949548e+00 2.4038524622e-01 8.4404772564e+01
1.3393533842e+00 2.3644590050e-01 8.4468735825e+01
1.2555588199e+00 2.2684374529e-01 8.4916289633e+01
1.3533879668e+00 2.3804625970e-01 8.4372788316e+01
1.2579463253e+00 2.2708995440e-01 8.4980199868e+01
1.3082797154e+00 2.3312207754e-01 8.4148848738e+01
1.2908486872e+00 2.3078309102e-01 8.5044103843e+01
1.3006604904e+00 2.3201413655e-01 8.4724520544e+01
1.2351377110e+00 2.2450475877e-01 8.4948245538e+01
1.4031607953e+00 2.4370906918e-01 8.3988837165e+01
1.3334345585e+00 2.3583037773e-01 8.4372788316e+01
1.3431837736e+00 2.3681521416e-01 8.4596641686e+01
1.2689167707e+00 2.2832099994e-01 8.5012152633e+01
1.2133328703e+00 2.2204266769e-01 8.4852373054e+01
1.3913463718e+00 2.4247802364e-01 8.3860794078e+01
1.2486273623e+00 2.2598201341e-01 8.5108001638e+01
1.2754221563e+00 2.2893652271e-01 8.5331596426e+01
1.3370670952e+00 2.3632279594e-01 8.4180845518e+01
1.3008959238e+00 2.3201413655e-01 8.4788450052e+01
1.2735964022e+00 2.2881341815e-01 8.5108001638e+01
1.2555013810e+00 2.2708995440e-01 8.4308814530e+01
1.3289267572e+00 2.3546106406e-01 8.4084849675e+01
1.3731201050e+00 2.4001593256e-01 8.4852373054e+01
1.2762010552e+00 2.2905962726e-01 8.5235779013e+01
1.2442958549e+00 2.2561269975e-01 8.4788450052e+01
1.3135850593e+00 2.3361449576e-01 8.4372788316e+01
1.3083426675e+00 2.3299897299e-01 8.4436755064e+01
1.3407153317e+00 2.3656900505e-01 8.4532692172e+01
1.2297545163e+00 2.2388923600e-01 8.4948245538e+01
1.1770190854e+00 2.1785711285e-01 8.4820412361e+01
1.2448957536e+00 2.2598201341e-01 8.4084849675e+01
1.3004100297e+00 2.3213724111e-01 8.4372788316e+01
1.3428051515e+00 2.3681521416e-01 8.4500714858e+01
1.3708782261e+00 2.3989282800e-01 8.4564667778e+01
1.3007339308e+00 2.3226034566e-01 8.4180845518e+01
1.1486936763e+00 2.1416397624e-01 8.5970057995e+01
1.2694489874e+00 2.2844410449e-01 8.4852373054e+01
1.3410513418e+00 2.3669210960e-01 8.4340802307e+01
1.3437861272e+00 2.3693831871e-01 8.4468735825e+01
1.3213430970e+00 2.3459933219e-01 8.4116850127e+01
1.2391222041e+00 2.2499717698e-01 8.4852373054e+01
1.1532567490e+00 2.1502570811e-01 8.4980199868e+01
1.3488136525e+00 2.3755384148e-01 8.4340802307e+01
1.2692217752e+00 2.2844410449e-01 8.4788450052e+01
1.2902879455e+00 2.3078309102e-01 8.4884332141e+01
1.2702221219e+00 2.2844410449e-01 8.5076053508e+01
1.3578361197e+00 2.3853867791e-01 8.4372788316e+01
1.3479653805e+00 2.3743073693e-01 8.4404772564e+01
1.2930720125e+00 2.3139861378e-01 8.4180845518e+01
1.2247987940e+00 2.2339681778e-01 8.4756486116e+01
1.3227122357e+00 2.3472243674e-01 8.4180845518e+01
1.3365361359e+00 2.3607658683e-01 8.4596641686e+01
1.3073011853e+00 2.3262965932e-01 8.5044103843e+01
1.3843621388e+00 2.4149318721e-01 8.4308814530e+01
1.2817092150e+00 2.2992135914e-01 8.4628613906e+01
1.3965172317e+00 2.4272423274e-01 8.4532692172e+01
1.3085822697e+00 2.3287586843e-01 8.4788450052e+01
1.2176984353e+00 2.2241198135e-01 8.5203836921e+01
1.2210185128e+00 2.2278129501e-01 8.5235779013e+01
1.3836455315e+00 2.4137008265e-01 8.4404772564e+01
1.3793002159e+00 2.4087766444e-01 8.4436755064e+01
1.3173606211e+00 2.3423001852e-01 8.3956829243e+01
1.2325469139e+00 2.2425854966e-01 8.4820412361e+01
1.2747859154e+00 2.2930583637e-01 8.4244833624e+01
1.3154385124e+00 2.3373760031e-01 8.4564667778e+01
1.1945742783e+00 2.1970368116e-01 8.5331596426e+01
1.3091614913e+00 2.3287586843e-01 8.4948245538e+01
1.2642956671e+00 2.2807479083e-01 8.4340802307e+01
1.4100695994e+00 2.4432459195e-01 8.4276824972e+01
1.3832521402e+00 2.4149318721e-01 8.4052847370e+01
1.2582705539e+00 2.2708995440e-01 8.5076053508e+01
1.3334253047e+00 2.3619969139e-01 8.3604614884e+01
1.4376272955e+00 2.4764841490e-01 8.3636644199e+01
1.2011987746e+00 2.2031920393e-01 8.5778575774e+01
1.2572926088e+00 2.2696684984e-01 8.5108001638e+01
1.1913370116e+00 2.1958057661e-01 8.4660584449e+01
1.2687628356e+00 2.2856720904e-01 8.4372788316e+01
1.2831640128e+00 2.3016756825e-01 8.4436755064e+01
1.3524394926e+00 2.3780005059e-01 8.4692553325e+01
1.4130103908e+00 2.4457080105e-01 8.4436755064e+01
1.3154181364e+00 2.3361449576e-01 8.4852373054e+01
1.4350713931e+00 2.4715599669e-01 8.4052847370e+01
1.1867342188e+00 2.1884194929e-01 8.5203836921e+01
1.3115242146e+00 2.3324518209e-01 8.4692553325e+01
1.2524888532e+00 2.2659753618e-01 8.4660584449e+01
1.1745657398e+00 2.1748779919e-01 8.5044103843e+01
1.2346357829e+00 2.2462786332e-01 8.4500714858e+01
1.3010200957e+00 2.3250655477e-01 8.3732720205e+01
1.2216100999e+00 2.2278129501e-01 8.5427400756e+01
1.2657496646e+00 2.2819789538e-01 8.4436755064e+01
1.3099386832e+00 2.3312207754e-01 8.4564667778e+01
1.2288923307e+00 2.2376613144e-01 8.5012152633e+01
1.2696733919e+00 2.2844410449e-01 8.4916289633e+01
1.4238403565e+00 2.4604805570e-01 8.3828778522e+01
1.3405217086e+00 2.3669210960e-01 8.4212840476e+01
1.2832870750e+00 2.3016756825e-01 8.4468735825e+01
1.2023186139e+00 2.2081162215e-01 8.4756486116e+01
1.3226596978e+00 2.3447622763e-01 8.4724520544e+01
1.2573920339e+00 2.2708995440e-01 8.4820412361e+01
1.3151610591e+00 2.3398380942e-01 8.3956829243e+01
1.2412108610e+00 2.2548959520e-01 8.4244833624e+01
1.3721231852e+00 2.4001593256e-01 8.4596641686e+01
1.2292074264e+00 2.2376613144e-01 8.5108001638e+01
1.3551981900e+00 2.3853867791e-01 8.3764741596e+01
1.3589712396e+00 2.3841557336e-01 8.4948245538e+01
1.2694914122e+00 2.2856720904e-01 8.4564667778e+01
1.3407153317e+00 2.3656900505e-01 8.4532692172e+01
1.3484295139e+00 2.3767694603e-01 8.3988837165e+01
1.2395258214e+00 2.2512028154e-01 8.4660584449e+01
1.2978674734e+00 2.3176792745e-01 8.4564667778e+01
1.2471967344e+00 2.2598201341e-01 8.4692553325e+01
1.2804555311e+00 2.2967515003e-01 8.4884332141e+01
1.3276905824e+00 2.3509175040e-01 8.4596641686e+01
1.3290413438e+00 2.3521485496e-01 8.4660584449e+01
1.2102301659e+00 2.2167335403e-01 8.4884332141e+01
1.2654353548e+00 2.2795168628e-01 8.4948245538e+01
1.2513117312e+00 2.2622822252e-01 8.5267719621e+01
1.2400900851e+00 2.2512028154e-01 8.4820412361e+01
1.2680461685e+00 2.2819789538e-01 8.5076053508e+01
1.2296180331e+00 2.2376613144e-01 8.5235779013e+01
1.2739152266e+00 2.2893652271e-01 8.4884332141e+01
1.1867342188e+00 2.1884194929e-01 8.5203836921e+01
1.3355164354e+00 2.3607658683e-01 8.4340802307e+01
1.3296507220e+00 2.3533795951e-01 8.4532692172e+01
1.2637000225e+00 2.2795168628e-01 8.4468735825e+01
1.2394501922e+00 2.2499717698e-01 8.4948245538e+01
1.3580980419e+00 2.3853867791e-01 8.4436755064e+01
1.3193515913e+00 2.3410691397e-01 8.4724520544e+01
1.2640596888e+00 2.2795168628e-01 8.4564667778e+01
1.2477607872e+00 2.2598201341e-01 8.4852373054e+01
1.3324406413e+00 2.3546106406e-01 8.4980199868e+01
1.3532866962e+00 2.3780005059e-01 8.4916289633e+01
1.2533922539e+00 2.2659753618e-01 8.4916289633e+01
1.3424198558e+00 2.3681521416e-01 8.4404772564e+01
1.3410911428e+00 2.3656900505e-01 8.4628613906e+01
1.3292371621e+00 2.3509175040e-01 8.5012152633e+01
1.2722702821e+00 2.2893652271e-01 8.4436755064e+01
1.3288851254e+00 2.3533795951e-01 8.4340802307e+01
1.0706005541e+00 2.0493113469e-01 8.5906235703e+01
1.3375182971e+00 2.3619969139e-01 8.4564667778e+01
1.2455991716e+00 2.2573580430e-01 8.4852373054e+01
1.1836963553e+00 2.1859574018e-01 8.4916289633e+01
1.3349351927e+00 2.3583037773e-01 8.4756486116e+01
1.3078771112e+00 2.3324518209e-01 8.3796761031e+01
1.3775117973e+00 2.4075455988e-01 8.4276824972e+01
1.2720976330e+00 2.2905962726e-01 8.4116850127e+01
1.2953087637e+00 2.3152171834e-01 8.4468735825e+01
1.2552300622e+00 2.2672064074e-01 8.5139948243e+01
1.2984676779e+00 2.3176792745e-01 8.4724520544e+01
1.2598958804e+00 2.2733616351e-01 8.4916289633e+01
1.3441344969e+00 2.3718452782e-01 8.4020843204e+01
1.2776296179e+00 2.2930583637e-01 8.5012152633e+01
1.2012430851e+00 2.2056541304e-01 8.5076053508e+01
1.2486183555e+00 2.2610511797e-01 8.4788450052e+01
1.3270750129e+00 2.3496864585e-01 8.4724520544e+01
1.2462583212e+00 2.2598201341e-01 8.4436755064e+01
1.3517459443e+00 2.3792315514e-01 8.4244833624e+01
1.3664990492e+00 2.3964661890e-01 8.4052847370e+01
1.2933414271e+00 2.3115240468e-01 8.4820412361e+01
1.2872263843e+00 2.3029067280e-01 8.5267719621e+01
1.5193733251e+00 2.5651194278e-01 8.3508514856e+01
1.2535020584e+00 2.2659753618e-01 8.4948245538e+01
1.2512908458e+00 2.2647443163e-01 8.4628613906e+01
1.3971643413e+00 2.4272423274e-01 8.4692553325e+01
1.1695745687e+00 2.1687227642e-01 8.5139948243e+01
1.2511166805e+00 2.2635132707e-01 8.4884332141e+01
1.3706768101e+00 2.4013903711e-01 8.3988837165e+01
1.2448059600e+00 2.2573580430e-01 8.4628613906e+01
1.3202416554e+00 2.3447622763e-01 8.4116850127e+01
1.2890799606e+00 2.3065998646e-01 8.4852373054e+01
1.2483075746e+00 2.2598201341e-01 8.5012152633e+01
1.3815601414e+00 2.4137008265e-01 8.3924819428e+01
1.2552247023e+00 2.2684374529e-01 8.4820412361e+01
1.2476493581e+00 2.2598201341e-01 8.4820412361e+01
1.3599668999e+00 2.3853867791e-01 8.4916289633e+01
1.3188305816e+00 2.3423001852e-01 8.4308814530e+01
1.1547668810e+00 2.1490260356e-01 8.5874322654e+01
1.3605061022e+00 2.3890799157e-01 8.4212840476e+01
1.3628283146e+00 2.3890799157e-01 8.4788450052e+01
1.3642517609e+00 2.3927730524e-01 8.4308814530e+01
1.2541783879e+00 2.2647443163e-01 8.5491263175e+01
1.2078570411e+00 2.2130404036e-01 8.5139948243e+01
1.4377283142e+00 2.4752531035e-01 8.3892807710e+01
1.1892108568e+00 2.1933436750e-01 8.4660584449e+01
1.2221926658e+00 2.2290439956e-01 8.5267719621e+01
1.2860755417e+00 2.3041377735e-01 8.4628613906e+01
1.2503382691e+00 2.2647443163e-01 8.4372788316e+01
1.2148801044e+00 2.2204266769e-01 8.5331596426e+01
1.2106538036e+00 2.2167335403e-01 8.5012152633e+01
1.3281796458e+00 2.3509175040e-01 8.4724520544e+01
1.2241396429e+00 2.2315060867e-01 8.5203836921e+01
1.3403328580e+00 2.3656900505e-01 8.4436755064e+01
1.2502092123e+00 2.2635132707e-01 8.4628613906e+01
1.2310443137e+00 2.2401234055e-01 8.5012152633e+01
1.1865356549e+00 2.1884194929e-01 8.5139948243e+01
1.3610934014e+00 2.3878488702e-01 8.4628613906e+01
1.2181383179e+00 2.2265819046e-01 8.4692553325e+01
1.3798842769e+00 2.4100076899e-01 8.4308814530e+01
1.3178538212e+00 2.3386070486e-01 8.4916289633e+01
1.3114037488e+00 2.3324518209e-01 8.4660584449e+01
1.3748270602e+00 2.4038524622e-01 8.4436755064e+01
1.3976681853e+00 2.4272423274e-01 8.4820412361e+01
1.2567526671e+00 2.2696684984e-01 8.4948245538e+01
1.3477037918e+00 2.3743073693e-01 8.4340802307e+01
1.3177610236e+00 2.3373760031e-01 8.5203836921e+01
1.3267199122e+00 2.3521485496e-01 8.4084849675e+01
1.4102647559e+00 2.4395527828e-01 8.5171893334e+01
1.3372699195e+00 2.3607658683e-01 8.4788450052e+01
1.2603037295e+00 2.2745926806e-01 8.4724520544e+01
1.2907555124e+00 2.3115240468e-01 8.4148848738e+01
1.2206659433e+00 2.2315060867e-01 8.4212840476e+01
1.4334941146e+00 2.4703289213e-01 8.3956829243e+01
1.2985942097e+00 2.3189103200e-01 8.4468735825e+01
1.2143573040e+00 2.2228887680e-01 8.4532692172e+01
1.1222374887e+00 2.1133257150e-01 8.5108001638e+01
1.3285387464e+00 2.3509175040e-01 8.4820412361e+01
1.2141768851e+00 2.2204266769e-01 8.5108001638e+01
1.2980921099e+00 2.3189103200e-01 8.4340802307e+01
1.2806700116e+00 2.2955204548e-01 8.5267719621e+01
1.3474392243e+00 2.3743073693e-01 8.4276824972e+01
1.2595606742e+00 2.2733616351e-01 8.4820412361e+01
1.3868644239e+00 2.4198560542e-01 8.3860794078e+01
1.2603330679e+00 2.2733616351e-01 8.5044103843e+01
1.1957502946e+00 2.2019609938e-01 8.4404772564e+01
1.3364010351e+00 2.3595348228e-01 8.4852373054e+01
1.2084547891e+00 2.2130404036e-01 8.5331596426e+01
1.2552300622e+00 2.2672064074e-01 8.5139948243e+01
1.2764094614e+00 2.2905962726e-01 8.5299658755e+01
1.2807916785e+00 2.2967515003e-01 8.4980199868e+01
1.2849025868e+00 2.3053688191e-01 8.4052847370e+01
1.3150650659e+00 2.3373760031e-01 8.4468735825e+01
1.2589213766e+00 2.2721305895e-01 8.4948245538e+01
1.2521990544e+00 2.2647443163e-01 8.4884332141e+01
1.2414768400e+00 2.2512028154e-01 8.5235779013e+01
1.2702221219e+00 2.2844410449e-01 8.5076053508e+01
1.3744284682e+00 2.4038524622e-01 8.4340802307e+01
1.2604457777e+00 2.2758237261e-01 8.4468735825e+01
1.2379297043e+00 2.2475096787e-01 8.5139948243e+01
1.2425568887e+00 2.2524338609e-01 8.5235779013e+01
1.3205737430e+00 2.3423001852e-01 8.4756486116e+01
1.3127440792e+00 2.3336828665e-01 8.4724520544e+01
1.3302685194e+00 2.3533795951e-01 8.4692553325e+01
1.2433278037e+00 2.2548959520e-01 8.4820412361e+01
1.2653809976e+00 2.2819789538e-01 8.4340802307e+01
1.2224519123e+00 2.2278129501e-01 8.5714737975e+01
1.3016973088e+00 2.3201413655e-01 8.5012152633e+01
1.3798958135e+00 2.4112387354e-01 8.4052847370e+01
1.2448481909e+00 2.2561269975e-01 8.4948245538e+01
1.1942816170e+00 2.1970368116e-01 8.5235779013e+01
1.2981097083e+00 2.3176792745e-01 8.4628613906e+01
1.2061453014e+00 2.2130404036e-01 8.4628613906e+01
1.2746902670e+00 2.2918273181e-01 8.4500714858e+01
1.2122624423e+00 2.2191956313e-01 8.4852373054e+01
1.2921493691e+00 2.3115240468e-01 8.4500714858e+01
1.2605322640e+00 2.2745926806e-01 8.4788450052e+01
1.2378563265e+00 2.2462786332e-01 8.5459332672e+01
1.3407153317e+00 2.3656900505e-01 8.4532692172e+01
1.3001557004e+00 2.3213724111e-01 8.4308814530e+01
1.2750056797e+00 2.2893652271e-01 8.5203836921e+01
1.3104881050e+00 2.3299897299e-01 8.5012152633e+01
1.2582705539e+00 2.2708995440e-01 8.5076053508e+01
1.2821793971e+00 2.2992135914e-01 8.4756486116e+01
1.3115130840e+00 2.3336828665e-01 8.4404772564e+01
1.2543647852e+00 2.2672064074e-01 8.4884332141e+01
1.3134570423e+00 2.3361449576e-01 8.4340802307e+01
1.3207726412e+00 2.3447622763e-01 8.4244833624e+01
1.3350033480e+00 2.3619969139e-01 8.3956829243e+01
1.3591107385e+00 2.3890799157e-01 8.3892807710e+01
1.2294289479e+00 2.2388923600e-01 8.4852373054e+01
1.2635903636e+00 2.2770547717e-01 8.5044103843e+01
1.2588111244e+00 2.2721305895e-01 8.4916289633e+01
1.3114417008e+00 2.3349139120e-01 8.4116850127e+01
1.2857073275e+00 2.3016756825e-01 8.5139948243e+01
1.3357992402e+00 2.3595348228e-01 8.4692553325e+01
1.4075368450e+00 2.4407838284e-01 8.4212840476e+01
1.3079849839e+00 2.3287586843e-01 8.4628613906e+01
1.4688209108e+00 2.5072602875e-01 8.4212840476e+01
1.2137602572e+00 2.2204266769e-01 8.4980199868e+01
1.3260909455e+00 2.3484554129e-01 8.4756486116e+01
1.2427621509e+00 2.2548959520e-01 8.4660584449e+01
1.2914205727e+00 2.3102930012e-01 8.4596641686e+01
1.3431649398e+00 2.3706142326e-01 8.4052847370e+01
1.2410625005e+00 2.2512028154e-01 8.5108001638e+01
1.3305104984e+00 2.3533795951e-01 8.4756486116e+01
1.3048109309e+00 2.3250655477e-01 8.4660584449e+01
1.4381781051e+00 2.4752531035e-01 8.3988837165e+01
1.3055098805e+00 2.3275276388e-01 8.4276824972e+01
1.3070072449e+00 2.3275276388e-01 8.4660584449e+01
1.4033117030e+00 2.4358596462e-01 8.4276824972e+01
1.2681645629e+00 2.2844410449e-01 8.4500714858e+01
1.3528070534e+00 2.3780005059e-01 8.4788450052e+01
1.2113761163e+00 2.2191956313e-01 8.4596641686e+01
1.2576703044e+00 2.2721305895e-01 8.4596641686e+01
1.2460014343e+00 2.2585890886e-01 8.4660584449e+01
1.3356457369e+00 2.3583037773e-01 8.4948245538e+01
1.3914932786e+00 2.4247802364e-01 8.3892807710e+01
1.2587001760e+00 2.2721305895e-01 8.4884332141e+01
1.4404476310e+00 2.4777151945e-01 8.3988837165e+01
1.2580356195e+00 2.2733616351e-01 8.4404772564e+01
1.2863128110e+00 2.3041377735e-01 8.4692553325e+01
1.3533024403e+00 2.3792315514e-01 8.4628613906e+01
1.2919023786e+00 2.3115240468e-01 8.4436755064e+01
1.3142142443e+00 2.3361449576e-01 8.4532692172e+01
1.2322123466e+00 2.2425854966e-01 8.4724520544e+01
1.4744874918e+00 2.5146465607e-01 8.3956829243e+01
1.3290413438e+00 2.3521485496e-01 8.4660584449e+01
1.3176407007e+00 2.3398380942e-01 8.4564667778e+01
1.3292712299e+00 2.3533795951e-01 8.4436755064e+01
1.3656783191e+00 2.3927730524e-01 8.4660584449e+01
1.2883798345e+00 2.3065998646e-01 8.4660584449e+01
1.3092751685e+00 2.3287586843e-01 8.4980199868e+01
1.3548903756e+00 2.3816936425e-01 8.4468735825e+01
1.3491056798e+00 2.3743073693e-01 8.4692553325e+01
1.3788355885e+00 2.4063145533e-01 8.4884332141e+01
1.3013792675e+00 2.3226034566e-01 8.4340802307e+01
1.2112691398e+00 2.2167335403e-01 8.5203836921e+01
1.3563254041e+00 2.3841557336e-01 8.4276824972e+01
1.3191100517e+00 2.3410691397e-01 8.4660584449e+01
1.2058468283e+00 2.2118093581e-01 8.4852373054e+01
1.3861206161e+00 2.4198560542e-01 8.3700696849e+01
1.2002940402e+00 2.2056541304e-01 8.4788450052e+01
1.2886605347e+00 2.3053688191e-01 8.5044103843e+01
1.2904470631e+00 2.3090619557e-01 8.4628613906e+01
1.2305927431e+00 2.2388923600e-01 8.5203836921e+01
1.3940283211e+00 2.4272423274e-01 8.3956829243e+01
1.3058939770e+00 2.3275276388e-01 8.4372788316e+01
1.2727543580e+00 2.2893652271e-01 8.4564667778e+01
1.2532817560e+00 2.2659753618e-01 8.4884332141e+01
1.3318056938e+00 2.3570727317e-01 8.4244833624e+01
1.3447664811e+00 2.3706142326e-01 8.4436755064e+01
1.1266933135e+00 2.1182498971e-01 8.5203836921e+01
1.4156344586e+00 2.4518632382e-01 8.3764741596e+01
1.2242721645e+00 2.2327371323e-01 8.4916289633e+01
1.4422672733e+00 2.4801772856e-01 8.3892807710e+01
1.3416967061e+00 2.3669210960e-01 8.4500714858e+01
1.2855991755e+00 2.3016756825e-01 8.5108001638e+01
1.2078644013e+00 2.2118093581e-01 8.5491263175e+01
1.2620663734e+00 2.2758237261e-01 8.4916289633e+01
1.3512965317e+00 2.3780005059e-01 8.4404772564e+01
1.3199320039e+00 2.3435312308e-01 8.4308814530e+01
1.2867748842e+00 2.3065998646e-01 8.4244833624e+01
1.4123022331e+00 2.4506321927e-01 8.3316259486e+01
1.2803576993e+00 2.2992135914e-01 8.4276824972e+01
1.3662115802e+00 2.3952351434e-01 8.4244833624e+01
1.1634311428e+00 2.1613364910e-01 8.5203836921e+01
1.3925414977e+00 2.4223181453e-01 8.4660584449e+01
1.4084950400e+00 2.4432459195e-01 8.3924819428e+01
1.3320688593e+00 2.3570727317e-01 8.4308814530e+01
1.4121005898e+00 2.4481701016e-01 8.3732720205e+01
1.4874475646e+00 2.5269570161e-01 8.4276824972e+01
1.2319068060e+00 2.2413544510e-01 8.4948245538e+01
1.3045414026e+00 2.3262965932e-01 8.4308814530e+01
1.3508277683e+00 2.3767694603e-01 8.4564667778e+01
1.2170666937e+00 2.2253508590e-01 8.4692553325e+01
1.2775001565e+00 2.2918273181e-01 8.5299658755e+01
1.3248555645e+00 2.3484554129e-01 8.4436755064e+01
1.3191100517e+00 2.3410691397e-01 8.4660584449e+01
1.3571681907e+00 2.3853867791e-01 8.4212840476e+01
1.1675585575e+00 2.1662606732e-01 8.5171893334e+01
1.3161657039e+00 2.3386070486e-01 8.4468735825e+01
1.2698949890e+00 2.2844410449e-01 8.4980199868e+01
1.3630034343e+00 2.3915420068e-01 8.4276824972e+01
1.3139647501e+00 2.3361449576e-01 8.4468735825e+01
1.2589213766e+00 2.2721305895e-01 8.4948245538e+01
1.4189020891e+00 2.4567874204e-01 8.3508514856e+01
1.2891941554e+00 2.3065998646e-01 8.4884332141e+01
1.3268553607e+00 2.3533795951e-01 8.3860794078e+01
1.2668356195e+00 2.2832099994e-01 8.4436755064e+01
1.3946029738e+00 2.4272423274e-01 8.4084849675e+01
1.2875306010e+00 2.3065998646e-01 8.4436755064e+01
1.2220878910e+00 2.2315060867e-01 8.4596641686e+01
1.2309955229e+00 2.2388923600e-01 8.5331596426e+01
1.4021810506e+00 2.4358596462e-01 8.4020843204e+01
1.3100315896e+00 2.3299897299e-01 8.4884332141e+01
1.3715159584e+00 2.4013903711e-01 8.4180845518e+01
1.1434364647e+00 2.1379466258e-01 8.5203836921e+01
1.2344777325e+00 2.2450475877e-01 8.4756486116e+01
1.2451500459e+00 2.2573580430e-01 8.4724520544e+01
1.3070718814e+00 2.3250655477e-01 8.5299658755e+01
1.1898252390e+00 2.1921126295e-01 8.5171893334e+01
1.3439790872e+00 2.3706142326e-01 8.4244833624e+01
1.2830370085e+00 2.3004446369e-01 8.4692553325e+01
1.2356688908e+00 2.2450475877e-01 8.5108001638e+01
1.3614381136e+00 2.3890799157e-01 8.4436755064e+01
1.2570354160e+00 2.2684374529e-01 8.5363532643e+01
1.3078340695e+00 2.3299897299e-01 8.4308814530e+01
1.2344777325e+00 2.2450475877e-01 8.4756486116e+01
1.3077446237e+00 2.3312207754e-01 8.4020843204e+01
1.2281827459e+00 2.2388923600e-01 8.4500714858e+01
1.3369324076e+00 2.3632279594e-01 8.4148848738e+01
1.3409517912e+00 2.3644590050e-01 8.4884332141e+01
1.2950597472e+00 2.3152171834e-01 8.4404772564e+01
1.2734593320e+00 2.2893652271e-01 8.4756486116e+01
1.2779564868e+00 2.2930583637e-01 8.5108001638e+01
1.3043241433e+00 2.3250655477e-01 8.4532692172e+01
1.3477037918e+00 2.3743073693e-01 8.4340802307e+01
1.1985656593e+00 2.2044230849e-01 8.4596641686e+01
1.2686414580e+00 2.2844410449e-01 8.4628613906e+01
1.3851625495e+00 2.4149318721e-01 8.4500714858e+01
1.3057498982e+00 2.3250655477e-01 8.4916289633e+01
1.2835219014e+00 2.2992135914e-01 8.5139948243e+01
1.1265179210e+00 2.1157878061e-01 8.5906235703e+01
1.3194126175e+00 2.3398380942e-01 8.5044103843e+01
1.3543975119e+00 2.3829246880e-01 8.4084849675e+01
1.3352541280e+00 2.3607658683e-01 8.4276824972e+01
1.2219731262e+00 2.2315060867e-01 8.4564667778e+01
1.3407153317e+00 2.3656900505e-01 8.4532692172e+01
1.2827217524e+00 2.3029067280e-01 8.4052847370e+01
1.4379408854e+00 2.4764841490e-01 8.3700696849e+01
1.2731100154e+00 2.2893652271e-01 8.4660584449e+01
1.4045751833e+00 2.4370906918e-01 8.4308814530e+01
1.2894204087e+00 2.3065998646e-01 8.4948245538e+01
1.3968486486e+00 2.4297044185e-01 8.4084849675e+01
1.3809421380e+00 2.4100076899e-01 8.4564667778e+01
1.3204450421e+00 2.3435312308e-01 8.4436755064e+01
1.2790224262e+00 2.2955204548e-01 8.4788450052e+01
1.4355083038e+00 2.4715599669e-01 8.4148848738e+01
1.2732705856e+00 2.2881341815e-01 8.5012152633e+01
1.3106630784e+00 2.3312207754e-01 8.4756486116e+01
1.1839740626e+00 2.1834953107e-01 8.5714737975e+01
1.2871208505e+00 2.3041377735e-01 8.4916289633e+01
1.3377443574e+00 2.3607658683e-01 8.4916289633e+01
1.3319863018e+00 2.3558416862e-01 8.4564667778e+01
1.2364300369e+00 2.2462786332e-01 8.5012152633e+01
1.3389986659e+00 2.3632279594e-01 8.4660584449e+01
1.1948456872e+00 2.1982678572e-01 8.5076053508e+01
1.4047123612e+00 2.4370906918e-01 8.4340802307e+01
1.3251302623e+00 2.3447622763e-01 8.5427400756e+01
1.4750934619e+00 2.5146465607e-01 8.4084849675e+01
1.3714823950e+00 2.3976972345e-01 8.5012152633e+01
1.3387053269e+00 2.3644590050e-01 8.4308814530e+01
1.2723923584e+00 2.2893652271e-01 8.4468735825e+01
1.2644588762e+00 2.2782858172e-01 8.4980199868e+01
1.2887331031e+00 2.3065998646e-01 8.4756486116e+01
1.2062717296e+00 2.2118093581e-01 8.4980199868e+01
1.2769891622e+00 2.2942894092e-01 8.4532692172e+01
1.3262851537e+00 2.3509175040e-01 8.4244833624e+01
1.2908030382e+00 2.3090619557e-01 8.4724520544e+01
1.1890248920e+00 2.1896505384e-01 8.5618971257e+01
1.3525627585e+00 2.3780005059e-01 8.4724520544e+01
1.2566274127e+00 2.2684374529e-01 8.5235779013e+01
1.2411671147e+00 2.2512028154e-01 8.5139948243e+01
1.3162844459e+00 2.3373760031e-01 8.4788450052e+01
1.2497388555e+00 2.2635132707e-01 8.4500714858e+01
1.4941894796e+00 2.5368053804e-01 8.3764741596e+01
1.2797690055e+00 2.2979825458e-01 8.4404772564e+01
1.3416473824e+00 2.3644590050e-01 8.5076053508e+01
1.2455991716e+00 2.2573580430e-01 8.4852373054e+01
1.2166135842e+00 2.2253508590e-01 8.4564667778e+01
1.2910367871e+00 2.3090619557e-01 8.4788450052e+01
1.2554394450e+00 2.2672064074e-01 8.5203836921e+01
1.3022257471e+00 2.3213724111e-01 8.4852373054e+01
1.2877857289e+00 2.3041377735e-01 8.5108001638e+01
1.2310945170e+00 2.2388923600e-01 8.5363532643e+01
1.3495900875e+00 2.3755384148e-01 8.4532692172e+01
1.2078570411e+00 2.2130404036e-01 8.5139948243e+01
1.3959807277e+00 2.4297044185e-01 8.3892807710e+01
1.4176873810e+00 2.4518632382e-01 8.4212840476e+01
1.2912723853e+00 2.3115240468e-01 8.4276824972e+01
1.2451713269e+00 2.2561269975e-01 8.5044103843e+01
1.2774658225e+00 2.2955204548e-01 8.4372788316e+01
1.2344777325e+00 2.2450475877e-01 8.4756486116e+01
1.3248555645e+00 2.3484554129e-01 8.4436755064e+01
1.3336920327e+00 2.3583037773e-01 8.4436755064e+01
1.3216737241e+00 2.3447622763e-01 8.4468735825e+01
1.2988408442e+00 2.3213724111e-01 8.3988837165e+01
1.3262851537e+00 2.3509175040e-01 8.4244833624e+01
1.3086734226e+00 2.3312207754e-01 8.4244833624e+01
1.3405335214e+00 2.3681521416e-01 8.3956829243e+01
1.3591107385e+00 2.3890799157e-01 8.3892807710e+01
1.3713437279e+00 2.4001593256e-01 8.4404772564e+01
1.3565136148e+00 2.3829246880e-01 8.4596641686e+01
1.2648744073e+00 2.2795168628e-01 8.4788450052e+01
1.2333474937e+00 2.2413544510e-01 8.5395467416e+01
1.2921084260e+00 2.3127550923e-01 8.4212840476e+01
1.2718497636e+00 2.2869031360e-01 8.4916289633e+01
1.3714755290e+00 2.4001593256e-01 8.4436755064e+01
1.2444074846e+00 2.2548959520e-01 8.5139948243e+01
1.2946808451e+00 2.3152171834e-01 8.4308814530e+01
1.2794736143e+00 2.2942894092e-01 8.5235779013e+01
1.3714755290e+00 2.4001593256e-01 8.4436755064e+01
1.2331976149e+00 2.2425854966e-01 8.5012152633e+01
1.2389443830e+00 2.2512028154e-01 8.4500714858e+01
1.4424184472e+00 2.4801772856e-01 8.3924819428e+01
1.4483185182e+00 2.4900256499e-01 8.3284209632e+01
1.2681344437e+00 2.2832099994e-01 8.4788450052e+01
1.3040764219e+00 2.3250655477e-01 8.4468735825e+01
1.1935755872e+00 2.1970368116e-01 8.5012152633e+01
1.1986948446e+00 2.2031920393e-01 8.4948245538e+01
1.3685486976e+00 2.4001593256e-01 8.3764741596e+01
1.2749312836e+00 2.2918273181e-01 8.4564667778e+01
1.2683614723e+00 2.2832099994e-01 8.4852373054e+01
1.1819856061e+00 2.1834953107e-01 8.5044103843e+01
1.2955187779e+00 2.3164482289e-01 8.4244833624e+01
1.3613406614e+00 2.3853867791e-01 8.5299658755e+01
1.1969768232e+00 2.2007299482e-01 8.5076053508e+01
1.3111511961e+00 2.3299897299e-01 8.5203836921e+01
1.3217956762e+00 2.3435312308e-01 8.4788450052e+01
1.3583569651e+00 2.3853867791e-01 8.4500714858e+01
1.3538540330e+00 2.3853867791e-01 8.3476477450e+01
1.3027356135e+00 2.3226034566e-01 8.4692553325e+01
1.3571150584e+00 2.3841557336e-01 8.4468735825e+01
1.2312554055e+00 2.2401234055e-01 8.5076053508e+01
1.2870296422e+00 2.3065998646e-01 8.4308814530e+01
1.4069087728e+00 2.4383217373e-01 8.4596641686e+01
1.3123471939e+00 2.3324518209e-01 8.4916289633e+01
1.3623457612e+00 2.3866178247e-01 8.5267719621e+01
1.3377294370e+00 2.3632279594e-01 8.4340802307e+01
1.3589489554e+00 2.3866178247e-01 8.4372788316e+01
1.2018458278e+00 2.2056541304e-01 8.5267719621e+01
1.2346952561e+00 2.2438165421e-01 8.5139948243e+01
1.2636981813e+00 2.2770547717e-01 8.5076053508e+01
1.3175996009e+00 2.3410691397e-01 8.4276824972e+01
1.2973743895e+00 2.3176792745e-01 8.4436755064e+01
1.3714755290e+00 2.4001593256e-01 8.4436755064e+01
1.4110226034e+00 2.4432459195e-01 8.4500714858e+01
1.2913998147e+00 2.3115240468e-01 8.4308814530e+01
1.2084282365e+00 2.2167335403e-01 8.4372788316e+01
1.3697030679e+00 2.4001593256e-01 8.4020843204e+01
1.4080959532e+00 2.4420148739e-01 8.4084849675e+01
1.2809718617e+00 2.2979825458e-01 8.4724520544e+01
1.2799209275e+00 2.2955204548e-01 8.5044103843e+01
1.3404610896e+00 2.3656900505e-01 8.4468735825e+01
1.3539072002e+00 2.3804625970e-01 8.4500714858e+01
1.1929446096e+00 2.1970368116e-01 8.4820412361e+01
1.4094733473e+00 2.4444769650e-01 8.3892807710e+01
1.2344777325e+00 2.2450475877e-01 8.4756486116e+01
1.3215056786e+00 2.3423001852e-01 8.5012152633e+01
1.2661874211e+00 2.2807479083e-01 8.4852373054e+01
1.2466798154e+00 2.2585890886e-01 8.4852373054e+01
1.3393533842e+00 2.3644590050e-01 8.4468735825e+01
1.2565236770e+00 2.2684374529e-01 8.5203836921e+01
1.3216737241e+00 2.3447622763e-01 8.4468735825e+01
1.2781991130e+00 2.2955204548e-01 8.4564667778e+01
1.1951485255e+00 2.1982678572e-01 8.5171893334e+01
1.2345894387e+00 2.2450475877e-01 8.4788450052e+01
1.4104826934e+00 2.4432459195e-01 8.4372788316e+01
1.1936784336e+00 2.1970368116e-01 8.5044103843e+01
1.3787395452e+00 2.4112387354e-01 8.3796761031e+01
1.3212919306e+00 2.3447622763e-01 8.4372788316e+01
1.2777130836e+00 2.2955204548e-01 8.4436755064e+01
1.2689668484e+00 2.2869031360e-01 8.4148848738e+01
1.2293190631e+00 2.2388923600e-01 8.4820412361e+01
1.2868935375e+00 2.3041377735e-01 8.4852373054e+01
1.2164986185e+00 2.2253508590e-01 8.4532692172e+01
1.3641832637e+00 2.3915420068e-01 8.4564667778e+01
1.2267894753e+00 2.2339681778e-01 8.5363532643e+01
1.3349971397e+00 2.3570727317e-01 8.5076053508e+01
1.2702173192e+00 2.2869031360e-01 8.4468735825e+01
1.2858354267e+00 2.3041377735e-01 8.4564667778e+01
1.2288923307e+00 2.2376613144e-01 8.5012152633e+01
1.3140898604e+00 2.3361449576e-01 8.4500714858e+01
1.2772291532e+00 2.2942894092e-01 8.4596641686e+01
1.4645039141e+00 2.5035671509e-01 8.4020843204e+01
1.3463861570e+00 2.3718452782e-01 8.4564667778e+01
1.3111296398e+00 2.3336828665e-01 8.4308814530e+01
1.1986948446e+00 2.2031920393e-01 8.4948245538e+01
1.2683614723e+00 2.2832099994e-01 8.4852373054e+01
1.1757304487e+00 2.1748779919e-01 8.5427400756e+01
1.3016973088e+00 2.3201413655e-01 8.5012152633e+01
1.2798811334e+00 2.2967515003e-01 8.4724520544e+01
1.2949341635e+00 2.3152171834e-01 8.4372788316e+01
1.1689023998e+00 2.1711848553e-01 8.4308814530e+01
1.3100612257e+00 2.3312207754e-01 8.4596641686e+01
1.2604457777e+00 2.2758237261e-01 8.4468735825e+01
1.3644371701e+00 2.3915420068e-01 8.4628613906e+01
1.3045689795e+00 2.3250655477e-01 8.4596641686e+01
1.3333352401e+00 2.3607658683e-01 8.3828778522e+01
1.2990600826e+00 2.3201413655e-01 8.4308814530e+01
1.3406730843e+00 2.3681521416e-01 8.3988837165e+01
1.3113859949e+00 2.3336828665e-01 8.4372788316e+01
1.1902180983e+00 2.1921126295e-01 8.5299658755e+01
1.4017922537e+00 2.4321665096e-01 8.4724520544e+01
1.3281668317e+00 2.3521485496e-01 8.4436755064e+01
1.2674365209e+00 2.2832099994e-01 8.4596641686e+01
1.2721475010e+00 2.2893652271e-01 8.4404772564e+01
1.3216737241e+00 2.3447622763e-01 8.4468735825e+01
1.1321288678e+00 2.1231740793e-01 8.5650894846e+01
1.3613354479e+00 2.3915420068e-01 8.3892807710e+01
1.3209035600e+00 2.3447622763e-01 8.4276824972e+01
1.2472853887e+00 2.2573580430e-01 8.5363532643e+01
1.1646793285e+00 2.1625675365e-01 8.5267719621e+01
1.3833935650e+00 2.4149318721e-01 8.4084849675e+01
1.3481945555e+00 2.3718452782e-01 8.5044103843e+01
1.3387053269e+00 2.3644590050e-01 8.4308814530e+01
1.2295381517e+00 2.2388923600e-01 8.4884332141e+01
1.2159028169e+00 2.2228887680e-01 8.4980199868e+01
1.2863128110e+00 2.3041377735e-01 8.4692553325e+01
1.3401066391e+00 2.3644590050e-01 8.4660584449e+01
1.2801130156e+00 2.2967515003e-01 8.4788450052e+01
1.2797641306e+00 2.2967515003e-01 8.4692553325e+01
1.3463298889e+00 2.3730763237e-01 8.4276824972e+01
1.3475718804e+00 2.3743073693e-01 8.4308814530e+01
1.2436589339e+00 2.2548959520e-01 8.4916289633e+01
1.1527460360e+00 2.1502570811e-01 8.4820412361e+01
1.3099016301e+00 2.3324518209e-01 8.4276824972e+01
1.2176984353e+00 2.2241198135e-01 8.5203836921e+01
1.3260200828e+00 2.3509175040e-01 8.4180845518e+01
1.2181383179e+00 2.2265819046e-01 8.4692553325e+01
1.2493893213e+00 2.2610511797e-01 8.5012152633e+01
1.3449634150e+00 2.3730763237e-01 8.3956829243e+01
1.2085143806e+00 2.2142714492e-01 8.5012152633e+01
1.2531677894e+00 2.2647443163e-01 8.5171893334e+01
1.3440409649e+00 2.3693831871e-01 8.4532692172e+01
1.2760257687e+00 2.2893652271e-01 8.5523192275e+01
1.2296180331e+00 2.2376613144e-01 8.5235779013e+01
1.3884218477e+00 2.4210870998e-01 8.3956829243e+01
1.2863633127e+00 2.3029067280e-01 8.5012152633e+01
1.1812168511e+00 2.1798021741e-01 8.5874322654e+01
1.3474960801e+00 2.3730763237e-01 8.4564667778e+01
1.4651088696e+00 2.5023361053e-01 8.4404772564e+01
1.4212787501e+00 2.4617116025e-01 8.3091865811e+01
1.3097717410e+00 2.3324518209e-01 8.4244833624e+01
1.2296466745e+00 2.2388923600e-01 8.4916289633e+01
1.2012618434e+00 2.2044230849e-01 8.5427400756e+01
1.3623333026e+00 2.3890799157e-01 8.4660584449e+01
1.3760763207e+00 2.4050835077e-01 8.4468735825e+01
1.4036977700e+00 2.4383217373e-01 8.3860794078e+01
1.2716249962e+00 2.2869031360e-01 8.4852373054e+01
1.2773411301e+00 2.2955204548e-01 8.4340802307e+01
1.4253144642e+00 2.4604805570e-01 8.4148848738e+01
1.3031034557e+00 2.3238345022e-01 8.4500714858e+01
1.3280584796e+00 2.3509175040e-01 8.4692553325e+01
1.3320118052e+00 2.3533795951e-01 8.5171893334e+01
1.2393177295e+00 2.2487407243e-01 8.5235779013e+01
1.2212702943e+00 2.2315060867e-01 8.4372788316e+01
1.3868732428e+00 2.4173939631e-01 8.4372788316e+01
1.2647854234e+00 2.2807479083e-01 8.4468735825e+01
1.3592110803e+00 2.3866178247e-01 8.4436755064e+01
1.3892759457e+00 2.4210870998e-01 8.4148848738e+01
1.4168363594e+00 2.4481701016e-01 8.4820412361e+01
1.2271688100e+00 2.2364302689e-01 8.4820412361e+01
1.4151086503e+00 2.4506321927e-01 8.3892807710e+01
1.2748998016e+00 2.2893652271e-01 8.5171893334e+01
1.3396805915e+00 2.3656900505e-01 8.4276824972e+01
1.3323290780e+00 2.3570727317e-01 8.4372788316e+01
1.1671699291e+00 2.1650296276e-01 8.5395467416e+01
1.3253585023e+00 2.3484554129e-01 8.4564667778e+01
1.2624737765e+00 2.2770547717e-01 8.4724520544e+01
1.3095635067e+00 2.3299897299e-01 8.4756486116e+01
1.3018755521e+00 2.3213724111e-01 8.4756486116e+01
1.3697030679e+00 2.4001593256e-01 8.4020843204e+01
1.3066426577e+00 2.3275276388e-01 8.4564667778e+01
1.2732705856e+00 2.2881341815e-01 8.5012152633e+01
1.3149391295e+00 2.3373760031e-01 8.4436755064e+01
1.2569707284e+00 2.2696684984e-01 8.5012152633e+01
1.2705622429e+00 2.2881341815e-01 8.4276824972e+01
1.3525369517e+00 2.3829246880e-01 8.3668671517e+01
1.2782741271e+00 2.2942894092e-01 8.4884332141e+01
1.3832421978e+00 2.4137008265e-01 8.4308814530e+01
1.3321107907e+00 2.3558416862e-01 8.4596641686e+01
1.2393415489e+00 2.2499717698e-01 8.4916289633e+01
1.2793646664e+00 2.2955204548e-01 8.4884332141e+01
1.3509021132e+00 2.3780005059e-01 8.4308814530e+01
1.3371494663e+00 2.3607658683e-01 8.4756486116e+01
1.3570323546e+00 2.3853867791e-01 8.4180845518e+01
1.2830402400e+00 2.3016756825e-01 8.4404772564e+01
1.2493893213e+00 2.2610511797e-01 8.5012152633e+01
1.2490114514e+00 2.2622822252e-01 8.4596641686e+01
1.2389443830e+00 2.2512028154e-01 8.4500714858e+01
1.3619034975e+00 2.3915420068e-01 8.4020843204e+01
1.3268551231e+00 2.3521485496e-01 8.4116850127e+01
1.3155615405e+00 2.3373760031e-01 8.4596641686e+01
1.3054031917e+00 2.3250655477e-01 8.4820412361e+01
1.3231518072e+00 2.3459933219e-01 8.4564667778e+01
1.3916587674e+00 2.4235491908e-01 8.4180845518e+01
1.1865317421e+00 2.1871884473e-01 8.5491263175e+01
1.2340604134e+00 2.2438165421e-01 8.4948245538e+01
1.3264472859e+00 2.3521485496e-01 8.4020843204e+01
1.2983445971e+00 2.3189103200e-01 8.4404772564e+01
1.2705787350e+00 2.2869031360e-01 8.4564667778e+01
1.2063762835e+00 2.2118093581e-01 8.5012152633e+01
1.2688756914e+00 2.2844410449e-01 8.4692553325e+01
1.4093552772e+00 2.4420148739e-01 8.4372788316e+01
1.3374688490e+00 2.3656900505e-01 8.3764741596e+01
1.2384477018e+00 2.2499717698e-01 8.4660584449e+01
1.3624594916e+00 2.3915420068e-01 8.4148848738e+01
1.3829694919e+00 2.4137008265e-01 8.4244833624e+01
1.3040704941e+00 2.3238345022e-01 8.4756486116e+01
1.2694489874e+00 2.2844410449e-01 8.4852373054e+01
1.3245018755e+00 2.3472243674e-01 8.4628613906e+01
1.3066426577e+00 2.3275276388e-01 8.4564667778e+01
1.3407153317e+00 2.3656900505e-01 8.4532692172e+01
1.2009327289e+00 2.2056541304e-01 8.4980199868e+01
1.3609100459e+00 2.3890799157e-01 8.4308814530e+01
1.2889589143e+00 2.3090619557e-01 8.4244833624e+01
1.2865470089e+00 2.3016756825e-01 8.5395467416e+01
1.3520128295e+00 2.3792315514e-01 8.4308814530e+01
1.2969716185e+00 2.3152171834e-01 8.4916289633e+01
1.2956470193e+00 2.3139861378e-01 8.4852373054e+01
1.2981097083e+00 2.3176792745e-01 8.4628613906e+01
1.2935868446e+00 2.3139861378e-01 8.4308814530e+01
1.2407185897e+00 2.2524338609e-01 8.4692553325e+01
1.2097915477e+00 2.2155024947e-01 8.5076053508e+01
1.1898600559e+00 2.1933436750e-01 8.4852373054e+01
1.3110003737e+00 2.3336828665e-01 8.4276824972e+01
1.2593061259e+00 2.2708995440e-01 8.5395467416e+01
1.3501858284e+00 2.3767694603e-01 8.4404772564e+01
1.2562083059e+00 2.2684374529e-01 8.5108001638e+01
1.3175040814e+00 2.3386070486e-01 8.4820412361e+01
1.2420777682e+00 2.2512028154e-01 8.5427400756e+01
1.2734428180e+00 2.2918273181e-01 8.4180845518e+01
1.2770896215e+00 2.2955204548e-01 8.4276824972e+01
1.3329667364e+00 2.3570727317e-01 8.4532692172e+01
1.3649114935e+00 2.3927730524e-01 8.4468735825e+01
1.3561445994e+00 2.3816936425e-01 8.4788450052e+01
1.3465942506e+00 2.3730763237e-01 8.4340802307e+01
1.2213551720e+00 2.2302750412e-01 8.4692553325e+01
1.2266908077e+00 2.2339681778e-01 8.5331596426e+01
1.2897093865e+00 2.3078309102e-01 8.4724520544e+01
1.2562093508e+00 2.2721305895e-01 8.4212840476e+01
1.3184934523e+00 2.3410691397e-01 8.4500714858e+01
1.4073691259e+00 2.4420148739e-01 8.3924819428e+01
1.1401523721e+00 2.1354845347e-01 8.4820412361e+01
1.2183892625e+00 2.2241198135e-01 8.5427400756e+01
1.2259469460e+00 2.2315060867e-01 8.5810492699e+01
1.3413117108e+00 2.3669210960e-01 8.4404772564e+01
1.2768681061e+00 2.2942894092e-01 8.4500714858e+01
1.2014688451e+00 2.2068851759e-01 8.4820412361e+01
1.2901736593e+00 2.3078309102e-01 8.4852373054e+01
1.2274611669e+00 2.2339681778e-01 8.5587046306e+01
1.2333036761e+00 2.2425854966e-01 8.5044103843e+01
1.2729384386e+00 2.2881341815e-01 8.4916289633e+01
1.2662760645e+00 2.2844410449e-01 8.4020843204e+01
1.1925107168e+00 2.1970368116e-01 8.4692553325e+01
1.2895915360e+00 2.3078309102e-01 8.4692553325e+01
1.1963003013e+00 2.1982678572e-01 8.5555119982e+01
1.2325469139e+00 2.2425854966e-01 8.4820412361e+01
1.4011470316e+00 2.4321665096e-01 8.4564667778e+01
1.2961543736e+00 2.3164482289e-01 8.4404772564e+01
1.3910482366e+00 2.4198560542e-01 8.4852373054e+01
1.3143349502e+00 2.3386070486e-01 8.4020843204e+01
1.2843976123e+00 2.3004446369e-01 8.5076053508e+01
1.3513400123e+00 2.3792315514e-01 8.4148848738e+01
1.2532817560e+00 2.2659753618e-01 8.4884332141e+01
1.3361592838e+00 2.3607658683e-01 8.4500714858e+01
1.2670660618e+00 2.2807479083e-01 8.5108001638e+01
1.3191100517e+00 2.3410691397e-01 8.4660584449e+01
1.1447688678e+00 2.1391776713e-01 8.5299658755e+01
1.4149955082e+00 2.4481701016e-01 8.4372788316e+01
1.1752565539e+00 2.1748779919e-01 8.5267719621e+01
1.3833593926e+00 2.4161629176e-01 8.3828778522e+01
1.3506354351e+00 2.3780005059e-01 8.4244833624e+01
1.3165494384e+00 2.3361449576e-01 8.5171893334e+01
1.2954488998e+00 2.3127550923e-01 8.5108001638e+01
1.3897804117e+00 2.4235491908e-01 8.3764741596e+01
1.2916602219e+00 2.3102930012e-01 8.4660584449e+01
1.4575738971e+00 2.4974119232e-01 8.3764741596e+01
1.1773335464e+00 2.1785711285e-01 8.4916289633e+01
1.3420750330e+00 2.3669210960e-01 8.4596641686e+01
1.2942034517e+00 2.3127550923e-01 8.4756486116e+01
1.1667071420e+00 2.1625675365e-01 8.6001967257e+01
1.3199426941e+00 2.3410691397e-01 8.4884332141e+01
1.1659670831e+00 2.1613364910e-01 8.6129591989e+01
1.1573899325e+00 2.1539502178e-01 8.5299658755e+01
1.1990097293e+00 2.2044230849e-01 8.4724520544e+01
1.3006614795e+00 2.3213724111e-01 8.4436755064e+01
1.2754119087e+00 2.2930583637e-01 8.4404772564e+01
1.3151902751e+00 2.3373760031e-01 8.4500714858e+01
1.3015849802e+00 2.3201413655e-01 8.4980199868e+01
1.3052861813e+00 2.3250655477e-01 8.4788450052e+01
1.3112825584e+00 2.3324518209e-01 8.4628613906e+01
1.2090279802e+00 2.2142714492e-01 8.5171893334e+01
1.4679969447e+00 2.5084913330e-01 8.3796761031e+01
1.2607591110e+00 2.2733616351e-01 8.5171893334e+01
1.4332524937e+00 2.4715599669e-01 8.3668671517e+01
1.2462303222e+00 2.2585890886e-01 8.4724520544e+01
1.2340604134e+00 2.2438165421e-01 8.4948245538e+01
1.3728539215e+00 2.4013903711e-01 8.4500714858e+01
1.1435008561e+00 2.1391776713e-01 8.4884332141e+01
1.2792512934e+00 2.2955204548e-01 8.4852373054e+01
1.3874456595e+00 2.4198560542e-01 8.3988837165e+01
1.3009942275e+00 2.3226034566e-01 8.4244833624e+01
1.2589213766e+00 2.2721305895e-01 8.4948245538e+01
1.3563254041e+00 2.3841557336e-01 8.4276824972e+01
1.1850684026e+00 2.1871884473e-01 8.5012152633e+01
1.2792890400e+00 2.2967515003e-01 8.4564667778e+01
1.2148433211e+00 2.2241198135e-01 8.4372788316e+01
1.2924764993e+00 2.3102930012e-01 8.4884332141e+01
1.3231351594e+00 2.3447622763e-01 8.4852373054e+01
1.2483075746e+00 2.2598201341e-01 8.5012152633e+01
1.3055194812e+00 2.3250655477e-01 8.4852373054e+01
1.2977462722e+00 2.3201413655e-01 8.3988837165e+01
1.3554795238e+00 2.3829246880e-01 8.4340802307e+01
1.2884983031e+00 2.3065998646e-01 8.4692553325e+01
1.2676719685e+00 2.2832099994e-01 8.4660584449e+01
1.4404781165e+00 2.4764841490e-01 8.4244833624e+01
1.2552674896e+00 2.2696684984e-01 8.4532692172e+01
1.3224448599e+00 2.3472243674e-01 8.4116850127e+01
1.3641832637e+00 2.3915420068e-01 8.4564667778e+01
1.3289186151e+00 2.3521485496e-01 8.4628613906e+01
1.3146637301e+00 2.3349139120e-01 8.4948245538e+01
1.3380137752e+00 2.3619969139e-01 8.4692553325e+01
1.2046503574e+00 2.2093472670e-01 8.5139948243e+01
1.3057666677e+00 2.3275276388e-01 8.4340802307e+01
1.2888494345e+00 2.3065998646e-01 8.4788450052e+01
1.3509021132e+00 2.3780005059e-01 8.4308814530e+01
1.1873141290e+00 2.1884194929e-01 8.5395467416e+01
1.3932926674e+00 2.4272423274e-01 8.3796761031e+01
1.4162611572e+00 2.4494011472e-01 8.4404772564e+01
1.3686452985e+00 2.3964661890e-01 8.4564667778e+01
1.3944604662e+00 2.4272423274e-01 8.4052847370e+01
1.2865172732e+00 2.3065998646e-01 8.4180845518e+01
1.2762064196e+00 2.2918273181e-01 8.4916289633e+01
1.2615261489e+00 2.2745926806e-01 8.5076053508e+01
1.4179348112e+00 2.4567874204e-01 8.3316259486e+01
1.2468521996e+00 2.2610511797e-01 8.4308814530e+01
1.3380395777e+00 2.3656900505e-01 8.3892807710e+01
1.3179053740e+00 2.3423001852e-01 8.4084849675e+01
1.3466119519e+00 2.3755384148e-01 8.3828778522e+01
1.2612011291e+00 2.2745926806e-01 8.4980199868e+01
1.1943277110e+00 2.1982678572e-01 8.4916289633e+01
1.2987379840e+00 2.3164482289e-01 8.5108001638e+01
1.3868732428e+00 2.4173939631e-01 8.4372788316e+01
1.4251677477e+00 2.4592495115e-01 8.4372788316e+01
1.4187904524e+00 2.4543253293e-01 8.3956829243e+01
1.2968574994e+00 2.3152171834e-01 8.4884332141e+01
1.2022076088e+00 2.2068851759e-01 8.5044103843e+01
1.3364918892e+00 2.3619969139e-01 8.4308814530e+01
1.3337496255e+00 2.3595348228e-01 8.4180845518e+01
1.1883585124e+00 2.1908815839e-01 8.5044103843e+01
1.2464970714e+00 2.2598201341e-01 8.4500714858e+01
1.2233443880e+00 2.2290439956e-01 8.5650894846e+01
1.2588739074e+00 2.2745926806e-01 8.4340802307e+01
1.4180424520e+00 2.4543253293e-01 8.3796761031e+01
1.2416084059e+00 2.2524338609e-01 8.4948245538e+01
1.1964579766e+00 2.2007299482e-01 8.4916289633e+01
1.3405217086e+00 2.3669210960e-01 8.4212840476e+01
1.2055357323e+00 2.2093472670e-01 8.5427400756e+01
1.2533371233e+00 2.2684374529e-01 8.4308814530e+01
1.3273886199e+00 2.3521485496e-01 8.4244833624e+01
1.3674618233e+00 2.3964661890e-01 8.4276824972e+01
1.2362153378e+00 2.2462786332e-01 8.4948245538e+01
1.2881085742e+00 2.3041377735e-01 8.5203836921e+01
1.3885103485e+00 2.4223181453e-01 8.3732720205e+01
1.2779575136e+00 2.2955204548e-01 8.4500714858e+01
1.2799209275e+00 2.2955204548e-01 8.5044103843e+01
1.1790318453e+00 2.1810332196e-01 8.4788450052e+01
1.4059867874e+00 2.4395527828e-01 8.4116850127e+01
1.3038909141e+00 2.3262965932e-01 8.4148848738e+01
1.3111606435e+00 2.3324518209e-01 8.4596641686e+01
1.1778507178e+00 2.1773400830e-01 8.5427400756e+01
1.2139651157e+00 2.2216577224e-01 8.4724520544e+01
1.1710216425e+00 2.1699538098e-01 8.5267719621e+01
1.3441121770e+00 2.3706142326e-01 8.4276824972e+01
1.2817717077e+00 2.2979825458e-01 8.4948245538e+01
1.2974895515e+00 2.3164482289e-01 8.4756486116e+01
1.3005999156e+00 2.3189103200e-01 8.5012152633e+01
1.3135687712e+00 2.3324518209e-01 8.5267719621e+01
1.3335859886e+00 2.3570727317e-01 8.4692553325e+01
1.2357952960e+00 2.2438165421e-01 8.5491263175e+01
1.4490018016e+00 2.4851014678e-01 8.4372788316e+01
1.4055630740e+00 2.4383217373e-01 8.4276824972e+01
1.3761208881e+00 2.4063145533e-01 8.4212840476e+01
1.2079840411e+00 2.2142714492e-01 8.4852373054e+01
1.3123574501e+00 2.3349139120e-01 8.4340802307e+01
1.3952362349e+00 2.4297044185e-01 8.3732720205e+01
1.3340727165e+00 2.3583037773e-01 8.4532692172e+01
1.3302478820e+00 2.3546106406e-01 8.4404772564e+01
1.2813189022e+00 2.2979825458e-01 8.4820412361e+01
1.3262602561e+00 2.3472243674e-01 8.5108001638e+01
1.2929961331e+00 2.3127550923e-01 8.4436755064e+01
1.2990848126e+00 2.3189103200e-01 8.4596641686e+01
1.2562083059e+00 2.2684374529e-01 8.5108001638e+01
1.3097717410e+00 2.3324518209e-01 8.4244833624e+01
1.3415691153e+00 2.3669210960e-01 8.4468735825e+01
1.3570323546e+00 2.3853867791e-01 8.4180845518e+01
1.2775614094e+00 2.2979825458e-01 8.3860794078e+01
1.3350527609e+00 2.3595348228e-01 8.4500714858e+01
1.3410513418e+00 2.3669210960e-01 8.4340802307e+01
1.4474402771e+00 2.4838704222e-01 8.4276824972e+01
1.2963537519e+00 2.3176792745e-01 8.4180845518e+01
1.3447664811e+00 2.3706142326e-01 8.4436755064e+01
1.3341868419e+00 2.3570727317e-01 8.4852373054e+01
1.3267096023e+00 2.3496864585e-01 8.4628613906e+01
1.2765393710e+00 2.2918273181e-01 8.5012152633e+01
1.2067878147e+00 2.2118093581e-01 8.5139948243e+01
1.2943375969e+00 2.3139861378e-01 8.4500714858e+01
1.2169259196e+00 2.2228887680e-01 8.5299658755e+01
1.3587397280e+00 2.3853867791e-01 8.4596641686e+01
1.3683875887e+00 2.3964661890e-01 8.4500714858e+01
1.1976287926e+00 2.2019609938e-01 8.4948245538e+01
1.3501858284e+00 2.3767694603e-01 8.4404772564e+01
1.4023242341e+00 2.4346286007e-01 8.4308814530e+01
1.3012436848e+00 2.3201413655e-01 8.4884332141e+01
1.2770801892e+00 2.2918273181e-01 8.5171893334e+01
1.2880201534e+00 2.3065998646e-01 8.4564667778e+01
1.3264165883e+00 2.3509175040e-01 8.4276824972e+01
1.1863451700e+00 2.1871884473e-01 8.5427400756e+01
1.2812276866e+00 2.2992135914e-01 8.4500714858e+01
1.3761064095e+00 2.4038524622e-01 8.4756486116e+01
1.3051684501e+00 2.3250655477e-01 8.4756486116e+01
1.3193432157e+00 2.3423001852e-01 8.4436755064e+01
1.3498323947e+00 2.3743073693e-01 8.4884332141e+01
1.2756373952e+00 2.2918273181e-01 8.4756486116e+01
1.4126013433e+00 2.4457080105e-01 8.4340802307e+01
1.3215566736e+00 2.3435312308e-01 8.4724520544e+01
1.3669192276e+00 2.3940040979e-01 8.4692553325e+01
1.2791372134e+00 2.2955204548e-01 8.4820412361e+01
1.4187904524e+00 2.4543253293e-01 8.3956829243e+01
1.3340161552e+00 2.3595348228e-01 8.4244833624e+01
1.2898643714e+00 2.3065998646e-01 8.5076053508e+01
1.2065833859e+00 2.2118093581e-01 8.5076053508e+01
1.2786258197e+00 2.2979825458e-01 8.4116850127e+01
1.3917847839e+00 2.4247802364e-01 8.3956829243e+01
1.3990868360e+00 2.4309354641e-01 8.4340802307e+01
1.3004221823e+00 2.3201413655e-01 8.4660584449e+01
1.3111735190e+00 2.3349139120e-01 8.4052847370e+01
1.3392252526e+00 2.3644590050e-01 8.4436755064e+01
1.1330559409e+00 2.1256361704e-01 8.5235779013e+01
1.2857143020e+00 2.3041377735e-01 8.4532692172e+01
1.2763181086e+00 2.2918273181e-01 8.4948245538e+01
1.2515410518e+00 2.2659753618e-01 8.4404772564e+01
1.3253429225e+00 2.3472243674e-01 8.4852373054e+01
1.3345403597e+00 2.3595348228e-01 8.4372788316e+01
1.3611755830e+00 2.3890799157e-01 8.4372788316e+01
1.3405940188e+00 2.3644590050e-01 8.4788450052e+01
1.2330908712e+00 2.2425854966e-01 8.4980199868e+01
1.3303898760e+00 2.3533795951e-01 8.4724520544e+01
1.2830370085e+00 2.3004446369e-01 8.4692553325e+01
1.3470367867e+00 2.3743073693e-01 8.4180845518e+01
1.2943375969e+00 2.3139861378e-01 8.4500714858e+01
1.2756186463e+00 2.2942894092e-01 8.4180845518e+01
1.3294641066e+00 2.3509175040e-01 8.5076053508e+01
1.2556688034e+00 2.2684374529e-01 8.4948245538e+01
1.2566425941e+00 2.2696684984e-01 8.4916289633e+01
1.3637104126e+00 2.3927730524e-01 8.4180845518e+01
1.4199219154e+00 2.4530942838e-01 8.4468735825e+01
1.2195374989e+00 2.2265819046e-01 8.5108001638e+01
1.2532207299e+00 2.2672064074e-01 8.4564667778e+01
1.3218745010e+00 2.3459933219e-01 8.4244833624e+01
1.1890078696e+00 2.1921126295e-01 8.4916289633e+01
1.3579674557e+00 2.3853867791e-01 8.4404772564e+01
1.2675545955e+00 2.2832099994e-01 8.4628613906e+01
1.2205069503e+00 2.2278129501e-01 8.5076053508e+01
1.2341679281e+00 2.2438165421e-01 8.4980199868e+01
1.3030904056e+00 2.3226034566e-01 8.4788450052e+01
1.3557425379e+00 2.3829246880e-01 8.4404772564e+01
1.4670878156e+00 2.5060292419e-01 8.4084849675e+01
1.3135850593e+00 2.3361449576e-01 8.4372788316e+01
1.3051738339e+00 2.3262965932e-01 8.4468735825e+01
1.3560225411e+00 2.3816936425e-01 8.4756486116e+01
1.2906844794e+00 2.3102930012e-01 8.4404772564e+01
1.3177639233e+00 2.3398380942e-01 8.4596641686e+01
1.3877316753e+00 2.4198560542e-01 8.4052847370e+01
1.2123398610e+00 2.2179645858e-01 8.5203836921e+01
1.2698462093e+00 2.2856720904e-01 8.4660584449e+01
1.1966675057e+00 2.2007299482e-01 8.4980199868e+01
1.3672718009e+00 2.3952351434e-01 8.4500714858e+01
1.3400741732e+00 2.3656900505e-01 8.4372788316e+01
1.2061665072e+00 2.2118093581e-01 8.4948245538e+01
1.3215566736e+00 2.3435312308e-01 8.4724520544e+01
1.2641442698e+00 2.2758237261e-01 8.5555119982e+01
1.3430038008e+00 2.3693831871e-01 8.4276824972e+01
1.3211632046e+00 2.3447622763e-01 8.4340802307e+01
1.3721944085e+00 2.4013903711e-01 8.4340802307e+01
1.3156571933e+00 2.3386070486e-01 8.4340802307e+01
1.2521887155e+00 2.2635132707e-01 8.5203836921e+01
1.3502166309e+00 2.3755384148e-01 8.4692553325e+01
1.2520879538e+00 2.2647443163e-01 8.4852373054e+01
1.2859147337e+00 2.3029067280e-01 8.4884332141e+01
1.2804992232e+00 2.2979825458e-01 8.4596641686e+01
1.1670615711e+00 2.1662606732e-01 8.5012152633e+01
1.2736886878e+00 2.2893652271e-01 8.4820412361e+01
1.2800152466e+00 2.2979825458e-01 8.4468735825e+01
1.2750044631e+00 2.2905962726e-01 8.4884332141e+01
1.2409821101e+00 2.2536649064e-01 8.4468735825e+01
1.3540403721e+00 2.3792315514e-01 8.4820412361e+01
1.2080589653e+00 2.2130404036e-01 8.5203836921e+01
1.3034714994e+00 2.3238345022e-01 8.4596641686e+01
1.2774081772e+00 2.2930583637e-01 8.4948245538e+01
1.3637967610e+00 2.3915420068e-01 8.4468735825e+01
1.2771839134e+00 2.2930583637e-01 8.4884332141e+01
1.3198441775e+00 2.3423001852e-01 8.4564667778e+01
1.2658463785e+00 2.2807479083e-01 8.4756486116e+01
1.3343814504e+00 2.3632279594e-01 8.3572583562e+01
1.2100979544e+00 2.2155024947e-01 8.5171893334e+01
1.3382459991e+00 2.3632279594e-01 8.4468735825e+01
1.2892337064e+00 2.3078309102e-01 8.4596641686e+01
1.2664680592e+00 2.2819789538e-01 8.4628613906e+01
1.3197200311e+00 2.3423001852e-01 8.4532692172e+01
1.2410625005e+00 2.2512028154e-01 8.5108001638e+01
1.2902334011e+00 2.3053688191e-01 8.5523192275e+01
1.3103515281e+00 2.3349139120e-01 8.3860794078e+01
1.3063845543e+00 2.3262965932e-01 8.4788450052e+01
1.1773760180e+00 2.1773400830e-01 8.5267719621e+01
1.3595986405e+00 2.3866178247e-01 8.4532692172e+01
1.2961543736e+00 2.3164482289e-01 8.4404772564e+01
1.2740274397e+00 2.2893652271e-01 8.4916289633e+01
1.2527436651e+00 2.2672064074e-01 8.4436755064e+01
1.3891763102e+00 2.4235491908e-01 8.3636644199e+01
1.4648826894e+00 2.5047981964e-01 8.3860794078e+01
1.3771008796e+00 2.4075455988e-01 8.4180845518e+01
1.2997249950e+00 2.3176792745e-01 8.5076053508e+01
1.2723923584e+00 2.2893652271e-01 8.4468735825e+01
1.2250097083e+00 2.2327371323e-01 8.5139948243e+01
1.2609809634e+00 2.2745926806e-01 8.4916289633e+01
1.1918535231e+00 2.1945747206e-01 8.5139948243e+01
1.1957737153e+00 2.1970368116e-01 8.5746657535e+01
1.3247030282e+00 2.3459933219e-01 8.4980199868e+01
1.1873141290e+00 2.1884194929e-01 8.5395467416e+01
1.2823217845e+00 2.2979825458e-01 8.5108001638e+01
1.2274958811e+00 2.2364302689e-01 8.4916289633e+01
1.3236811036e+00 2.3484554129e-01 8.4148848738e+01
1.1303918894e+00 2.1231740793e-01 8.5044103843e+01
1.2639018783e+00 2.2782858172e-01 8.4820412361e+01
1.3949215989e+00 2.4333975551e-01 8.2995664693e+01
1.2671982661e+00 2.2832099994e-01 8.4532692172e+01
1.2332490177e+00 2.2413544510e-01 8.5363532643e+01
1.2915854102e+00 2.3127550923e-01 8.4084849675e+01
1.2544591074e+00 2.2659753618e-01 8.5235779013e+01
1.3299895417e+00 2.3546106406e-01 8.4340802307e+01
1.3463807845e+00 2.3706142326e-01 8.4852373054e+01
1.3314054195e+00 2.3570727317e-01 8.4148848738e+01
1.2755589352e+00 2.2905962726e-01 8.5044103843e+01
1.4424184472e+00 2.4801772856e-01 8.3924819428e+01
1.1938529199e+00 2.1994989027e-01 8.4468735825e+01
1.2582494198e+00 2.2721305895e-01 8.4756486116e+01
1.3029793330e+00 2.3238345022e-01 8.4468735825e+01
1.3155282458e+00 2.3386070486e-01 8.4308814530e+01
1.3657647094e+00 2.3940040979e-01 8.4404772564e+01
1.2932254375e+00 2.3115240468e-01 8.4788450052e+01
1.2417974600e+00 2.2536649064e-01 8.4692553325e+01
1.3606415019e+00 2.3890799157e-01 8.4244833624e+01
1.2524191773e+00 2.2647443163e-01 8.4948245538e+01
1.3118385236e+00 2.3349139120e-01 8.4212840476e+01
1.3648981095e+00 2.3903109613e-01 8.5044103843e+01
1.3574376124e+00 2.3853867791e-01 8.4276824972e+01
1.4626398787e+00 2.5035671509e-01 8.3636644199e+01
1.3164155925e+00 2.3386070486e-01 8.4532692172e+01
1.2133098657e+00 2.2191956313e-01 8.5171893334e+01
1.4053463491e+00 2.4407838284e-01 8.3732720205e+01
1.2817092150e+00 2.2992135914e-01 8.4628613906e+01
1.3096914259e+00 2.3312207754e-01 8.4500714858e+01
1.4863288097e+00 2.5294191072e-01 8.3572583562e+01
1.3222649282e+00 2.3435312308e-01 8.4916289633e+01
1.3878735329e+00 2.4198560542e-01 8.4084849675e+01
1.1882580372e+00 2.1921126295e-01 8.4692553325e+01
1.2712682903e+00 2.2893652271e-01 8.4180845518e+01
1.4301082389e+00 2.4641736936e-01 8.4468735825e+01
1.1842099865e+00 2.1859574018e-01 8.5076053508e+01
1.3928830954e+00 2.4235491908e-01 8.4468735825e+01
1.2703094328e+00 2.2856720904e-01 8.4788450052e+01
1.1836450439e+00 2.1847263562e-01 8.5235779013e+01
1.3387053269e+00 2.3644590050e-01 8.4308814530e+01
1.3063959876e+00 2.3275276388e-01 8.4500714858e+01
1.2536111697e+00 2.2659753618e-01 8.4980199868e+01
1.2758671211e+00 2.2918273181e-01 8.4820412361e+01
1.2908030382e+00 2.3090619557e-01 8.4724520544e+01
1.3713779953e+00 2.4013903711e-01 8.4148848738e+01
1.2106538036e+00 2.2167335403e-01 8.5012152633e+01
1.3824376037e+00 2.4100076899e-01 8.4948245538e+01
1.2036830852e+00 2.2081162215e-01 8.5171893334e+01
1.3150645932e+00 2.3361449576e-01 8.4756486116e+01
1.2391790198e+00 2.2512028154e-01 8.4564667778e+01
1.4006169646e+00 2.4321665096e-01 8.4436755064e+01
1.3756796998e+00 2.4050835077e-01 8.4372788316e+01
1.3767976264e+00 2.4063145533e-01 8.4372788316e+01
1.2357952960e+00 2.2438165421e-01 8.5491263175e+01
1.3928830954e+00 2.4235491908e-01 8.4468735825e+01
1.3230029750e+00 2.3484554129e-01 8.3988837165e+01
1.2655204617e+00 2.2782858172e-01 8.5299658755e+01
1.2522921135e+00 2.2635132707e-01 8.5235779013e+01
1.2164373404e+00 2.2241198135e-01 8.4820412361e+01
1.3042006433e+00 2.3250655477e-01 8.4500714858e+01
1.2003794268e+00 2.2044230849e-01 8.5139948243e+01
1.2838431059e+00 2.3004446369e-01 8.4916289633e+01
1.4366425191e+00 2.4727910124e-01 8.4148848738e+01
1.2580193501e+00 2.2696684984e-01 8.5331596426e+01
1.1612891386e+00 2.1576433544e-01 8.5555119982e+01
1.2665853372e+00 2.2819789538e-01 8.4660584449e+01
1.2595606742e+00 2.2733616351e-01 8.4820412361e+01
1.2712825720e+00 2.2869031360e-01 8.4756486116e+01
1.3568957683e+00 2.3853867791e-01 8.4148848738e+01
1.2496033782e+00 2.2610511797e-01 8.5076053508e+01
1.3653533905e+00 2.3964661890e-01 8.3796761031e+01
1.2781991130e+00 2.2955204548e-01 8.4564667778e+01
1.2689917548e+00 2.2844410449e-01 8.4724520544e+01
1.3934806101e+00 2.4260112819e-01 8.4084849675e+01
1.3253133401e+00 2.3496864585e-01 8.4276824972e+01
1.3403328580e+00 2.3656900505e-01 8.4436755064e+01
1.3404610896e+00 2.3656900505e-01 8.4468735825e+01
1.2417165405e+00 2.2524338609e-01 8.4980199868e+01
1.2548029737e+00 2.2672064074e-01 8.5012152633e+01
1.3567584317e+00 2.3853867791e-01 8.4116850127e+01
1.1452279656e+00 2.1391776713e-01 8.5459332672e+01
1.3885261101e+00 2.4186250087e-01 8.4500714858e+01
1.3107905507e+00 2.3324518209e-01 8.4500714858e+01
1.2382173768e+00 2.2499717698e-01 8.4596641686e+01
1.1463682549e+00 2.1404087168e-01 8.5491263175e+01
1.2953895056e+00 2.3164482289e-01 8.4212840476e+01
1.3230273671e+00 2.3459933219e-01 8.4532692172e+01
1.2878988345e+00 2.3065998646e-01 8.4532692172e+01
1.2725999599e+00 2.2881341815e-01 8.4820412361e+01
1.3467253153e+00 2.3730763237e-01 8.4372788316e+01
1.3579674557e+00 2.3853867791e-01 8.4404772564e+01
1.3603659665e+00 2.3903109613e-01 8.3924819428e+01
1.4151460418e+00 2.4494011472e-01 8.4148848738e+01
1.3592060065e+00 2.3841557336e-01 8.5012152633e+01
1.2789252870e+00 2.2967515003e-01 8.4468735825e+01
1.3336182351e+00 2.3607658683e-01 8.3892807710e+01
1.3381735589e+00 2.3644590050e-01 8.4180845518e+01
1.3804192985e+00 2.4100076899e-01 8.4436755064e+01
1.3571150584e+00 2.3841557336e-01 8.4468735825e+01
1.4447453724e+00 2.4863325133e-01 8.3252157668e+01
1.2152671609e+00 2.2204266769e-01 8.5459332672e+01
1.3961488766e+00 2.4284733730e-01 8.4180845518e+01
1.1804090169e+00 2.1822642652e-01 8.4884332141e+01
1.2818278241e+00 2.2992135914e-01 8.4660584449e+01
1.2531705648e+00 2.2659753618e-01 8.4852373054e+01
1.3428708146e+00 2.3693831871e-01 8.4244833624e+01
1.3829217608e+00 2.4124697810e-01 8.4500714858e+01
1.2818831389e+00 2.2979825458e-01 8.4980199868e+01
1.2979647881e+00 2.3189103200e-01 8.4308814530e+01
1.3127390192e+00 2.3349139120e-01 8.4436755064e+01
1.1793020428e+00 2.1798021741e-01 8.5203836921e+01
1.3028544894e+00 2.3238345022e-01 8.4436755064e+01
1.3482891886e+00 2.3767694603e-01 8.3956829243e+01
1.2684044153e+00 2.2844410449e-01 8.4564667778e+01
1.3640551820e+00 2.3915420068e-01 8.4532692172e+01
1.2904333983e+00 2.3102930012e-01 8.4340802307e+01
1.2490630539e+00 2.2610511797e-01 8.4916289633e+01
1.3935364037e+00 2.4235491908e-01 8.4628613906e+01
1.2871679353e+00 2.3053688191e-01 8.4628613906e+01
1.2587502181e+00 2.2745926806e-01 8.4308814530e+01
1.3041881318e+00 2.3238345022e-01 8.4788450052e+01
1.2170245272e+00 2.2228887680e-01 8.5331596426e+01
1.3067649090e+00 2.3275276388e-01 8.4596641686e+01
1.2186899721e+00 2.2265819046e-01 8.4852373054e+01
1.4080914624e+00 2.4407838284e-01 8.4340802307e+01
1.2769891622e+00 2.2942894092e-01 8.4532692172e+01
1.2913820601e+00 2.3090619557e-01 8.4884332141e+01
1.3761154432e+00 2.4075455988e-01 8.3956829243e+01
1.3022524790e+00 2.3226034566e-01 8.4564667778e+01
1.3744488352e+00 2.4050835077e-01 8.4084849675e+01
1.2762064196e+00 2.2918273181e-01 8.4916289633e+01
1.3596779112e+00 2.3890799157e-01 8.4020843204e+01
1.3154181364e+00 2.3361449576e-01 8.4852373054e+01
1.3796113242e+00 2.4112387354e-01 8.3988837165e+01
1.2339522156e+00 2.2438165421e-01 8.4916289633e+01
1.1926352839e+00 2.1945747206e-01 8.5395467416e+01
1.2901736593e+00 2.3078309102e-01 8.4852373054e+01
1.2411671147e+00 2.2512028154e-01 8.5139948243e+01
1.2720499431e+00 2.2856720904e-01 8.5299658755e+01
1.3642399404e+00 2.3952351434e-01 8.3796761031e+01
1.2592479569e+00 2.2721305895e-01 8.5044103843e+01
1.1966981911e+00 2.2031920393e-01 8.4372788316e+01
1.2710507732e+00 2.2869031360e-01 8.4692553325e+01
1.2614091067e+00 2.2770547717e-01 8.4436755064e+01
1.3659322679e+00 2.3964661890e-01 8.3924819428e+01
1.3254601474e+00 2.3472243674e-01 8.4884332141e+01
1.3619034975e+00 2.3915420068e-01 8.4020843204e+01
1.2540288575e+00 2.2672064074e-01 8.4788450052e+01
1.2763767530e+00 2.2930583637e-01 8.4660584449e+01
1.2892025972e+00 2.3053688191e-01 8.5203836921e+01
1.2375315972e+00 2.2450475877e-01 8.5714737975e+01
1.2569707284e+00 2.2696684984e-01 8.5012152633e+01
1.3127390192e+00 2.3349139120e-01 8.4436755064e+01
1.2662171660e+00 2.2832099994e-01 8.4276824972e+01
1.1948609878e+00 2.1970368116e-01 8.5427400756e+01
1.3776472488e+00 2.4075455988e-01 8.4308814530e+01
1.4050030939e+00 2.4383217373e-01 8.4148848738e+01
1.1831572440e+00 2.1834953107e-01 8.5427400756e+01
1.3842260635e+00 2.4149318721e-01 8.4276824972e+01
1.3819512868e+00 2.4100076899e-01 8.4820412361e+01
1.2609809634e+00 2.2745926806e-01 8.4916289633e+01
1.3619541577e+00 2.3890799157e-01 8.4564667778e+01
1.2283535659e+00 2.2376613144e-01 8.4852373054e+01
1.2498574839e+00 2.2635132707e-01 8.4532692172e+01
1.2705622429e+00 2.2881341815e-01 8.4276824972e+01
1.3754251481e+00 2.4063145533e-01 8.4052847370e+01
1.2118283315e+00 2.2179645858e-01 8.5044103843e+01
1.2802586524e+00 2.2979825458e-01 8.4532692172e+01
1.4111872361e+00 2.4457080105e-01 8.4020843204e+01
1.3331741358e+00 2.3583037773e-01 8.4308814530e+01
1.3301464286e+00 2.3533795951e-01 8.4660584449e+01
1.3546305575e+00 2.3816936425e-01 8.4404772564e+01
1.3019603957e+00 2.3238345022e-01 8.4212840476e+01
1.3004839716e+00 2.3238345022e-01 8.3860794078e+01
1.3592570999e+00 2.3878488702e-01 8.4180845518e+01
1.3836455315e+00 2.4137008265e-01 8.4404772564e+01
1.3397050131e+00 2.3669210960e-01 8.4020843204e+01
1.3207726412e+00 2.3447622763e-01 8.4244833624e+01
1.2615032987e+00 2.2758237261e-01 8.4756486116e+01
1.3174979048e+00 2.3423001852e-01 8.3988837165e+01
1.2592407859e+00 2.2745926806e-01 8.4436755064e+01
1.2959891039e+00 2.3139861378e-01 8.4948245538e+01
1.2792512934e+00 2.2955204548e-01 8.4852373054e+01
1.2955315599e+00 2.3139861378e-01 8.4820412361e+01
1.3488574897e+00 2.3743073693e-01 8.4628613906e+01
1.2833731300e+00 2.3029067280e-01 8.4212840476e+01
1.3745651663e+00 2.4063145533e-01 8.3860794078e+01
1.2804992232e+00 2.2979825458e-01 8.4596641686e+01
1.3212919306e+00 2.3447622763e-01 8.4372788316e+01
1.2855550093e+00 2.3053688191e-01 8.4212840476e+01
1.1834482944e+00 2.1847263562e-01 8.5171893334e+01
1.2835018920e+00 2.3004446369e-01 8.4820412361e+01
1.3288851254e+00 2.3533795951e-01 8.4340802307e+01
1.2069895705e+00 2.2118093581e-01 8.5203836921e+01
1.2821793971e+00 2.2992135914e-01 8.4756486116e+01
1.2654174467e+00 2.2782858172e-01 8.5267719621e+01
1.2909327019e+00 2.3102930012e-01 8.4468735825e+01
1.2249096742e+00 2.2339681778e-01 8.4788450052e+01
1.2325406041e+00 2.2413544510e-01 8.5139948243e+01
1.3106630784e+00 2.3312207754e-01 8.4756486116e+01
1.2703094328e+00 2.2856720904e-01 8.4788450052e+01
1.3397247322e+00 2.3632279594e-01 8.4852373054e+01
1.1855033653e+00 2.1884194929e-01 8.4820412361e+01
1.3211926980e+00 2.3435312308e-01 8.4628613906e+01
1.3099386832e+00 2.3312207754e-01 8.4564667778e+01
1.3746123761e+00 2.4026214167e-01 8.4660584449e+01
1.3370282756e+00 2.3607658683e-01 8.4724520544e+01
1.3446371061e+00 2.3706142326e-01 8.4404772564e+01
1.3095635067e+00 2.3299897299e-01 8.4756486116e+01
1.3451501496e+00 2.3706142326e-01 8.4532692172e+01
1.3618262737e+00 2.3890799157e-01 8.4532692172e+01
1.4023295872e+00 2.4383217373e-01 8.3572583562e+01
1.3110380039e+00 2.3324518209e-01 8.4564667778e+01
1.2676956484e+00 2.2807479083e-01 8.5299658755e+01
1.2957981950e+00 2.3152171834e-01 8.4596641686e+01
1.2268472044e+00 2.2351992233e-01 8.5044103843e+01
1.2066859345e+00 2.2118093581e-01 8.5108001638e+01
1.2170666937e+00 2.2253508590e-01 8.4692553325e+01
1.2833052359e+00 2.2992135914e-01 8.5076053508e+01
1.3063845543e+00 2.3262965932e-01 8.4788450052e+01
1.3679099233e+00 2.3952351434e-01 8.4660584449e+01
1.2302840269e+00 2.2401234055e-01 8.4788450052e+01
1.3062387547e+00 2.3299897299e-01 8.3924819428e+01
1.3746123761e+00 2.4026214167e-01 8.4660584449e+01
1.3246242190e+00 2.3472243674e-01 8.4660584449e+01
1.3342797331e+00 2.3595348228e-01 8.4308814530e+01
1.3082260663e+00 2.3287586843e-01 8.4692553325e+01
1.2452633618e+00 2.2573580430e-01 8.4756486116e+01
1.3514510722e+00 2.3767694603e-01 8.4724520544e+01
1.1450505064e+00 2.1404087168e-01 8.5044103843e+01
1.3588167673e+00 2.3866178247e-01 8.4340802307e+01
1.2738023093e+00 2.2893652271e-01 8.4852373054e+01
1.3273160860e+00 2.3509175040e-01 8.4500714858e+01
1.3494625443e+00 2.3755384148e-01 8.4500714858e+01
1.4000745473e+00 2.4321665096e-01 8.4308814530e+01
1.2514455574e+00 2.2635132707e-01 8.4980199868e+01
1.2303946840e+00 2.2401234055e-01 8.4820412361e+01
1.2877562451e+00 2.3053688191e-01 8.4788450052e+01
1.2410574256e+00 2.2524338609e-01 8.4788450052e+01
1.3421947438e+00 2.3693831871e-01 8.4084849675e+01
1.2663500801e+00 2.2819789538e-01 8.4596641686e+01
1.2692513659e+00 2.2856720904e-01 8.4500714858e+01
1.4825631373e+00 2.5220328340e-01 8.4212840476e+01
1.3340681428e+00 2.3570727317e-01 8.4820412361e+01
1.3558997353e+00 2.3816936425e-01 8.4724520544e+01
1.3098154166e+00 2.3312207754e-01 8.4532692172e+01
1.2643488746e+00 2.2782858172e-01 8.4948245538e+01
1.2494966952e+00 2.2610511797e-01 8.5044103843e+01
1.3137123496e+00 2.3361449576e-01 8.4404772564e+01
1.2734593320e+00 2.2893652271e-01 8.4756486116e+01
1.3038258149e+00 2.3250655477e-01 8.4404772564e+01
1.4165330565e+00 2.4518632382e-01 8.3956829243e+01
1.3370282756e+00 2.3607658683e-01 8.4724520544e+01
1.2735707413e+00 2.2918273181e-01 8.4212840476e+01
1.2966539578e+00 2.3139861378e-01 8.5139948243e+01
1.2238319420e+00 2.2315060867e-01 8.5108001638e+01
1.4023242341e+00 2.4346286007e-01 8.4308814530e+01
1.2941656021e+00 2.3152171834e-01 8.4180845518e+01
1.3578777452e+00 2.3841557336e-01 8.4660584449e+01
1.2748111283e+00 2.2918273181e-01 8.4532692172e+01
1.2894204087e+00 2.3065998646e-01 8.4948245538e+01
1.2843976123e+00 2.3004446369e-01 8.5076053508e+01
1.3228448251e+00 2.3472243674e-01 8.4212840476e+01
1.2646451302e+00 2.2795168628e-01 8.4724520544e+01
1.2266354500e+00 2.2351992233e-01 8.4980199868e+01
1.3260859316e+00 2.3496864585e-01 8.4468735825e+01
1.2029623745e+00 2.2081162215e-01 8.4948245538e+01
1.3403328580e+00 2.3656900505e-01 8.4436755064e+01
1.1778622594e+00 2.1761090375e-01 8.5810492699e+01
1.3143169943e+00 2.3349139120e-01 8.4852373054e+01
1.3373243124e+00 2.3656900505e-01 8.3732720205e+01
1.2217989483e+00 2.2302750412e-01 8.4820412361e+01
1.2827905624e+00 2.3016756825e-01 8.4340802307e+01
1.3575711981e+00 2.3853867791e-01 8.4308814530e+01
