# mp_msun mc_msun inclination_deg
1.4946934448e+00 2.7663984274e-01 7.7365699350e+01
1.5181617388e+00 2.8174395648e-01 7.5554223768e+01
1.4720795198e+00 2.7308409226e-01 7.8161934912e+01
1.4849693389e+00 2.8093888555e-01 7.3514430919e+01
1.4837664051e+00 2.7536829573e-01 7.7365699350e+01
1.4612210759e+00 2.7494865738e-01 7.5638791445e+01
1.4716582468e+00 2.7395546572e-01 7.7365699350e+01
1.5005420718e+00 2.7667462348e-01 7.7910750187e+01
1.5241005936e+00 2.7944423683e-01 7.7868863262e+01
1.4955945110e+00 2.7664349281e-01 7.7449627715e+01
1.5569406741e+00 2.8221383176e-01 7.8747145195e+01
1.4719533658e+00 2.7321024628e-01 7.8036371717e+01
1.5051381119e+00 2.8568047188e-01 7.2142703171e+01
1.4749844423e+00 2.6972910806e-01 8.2194472172e+01
1.5018112414e+00 2.7948239015e-01 7.5807831180e+01
1.4964395511e+00 2.7987158125e-01 7.5088520605e+01
1.5286141075e+00 2.8130510205e-01 7.6777417260e+01
1.4922304187e+00 2.8272265786e-01 7.2958386597e+01
1.5246013180e+00 2.8167447120e-01 7.6145534310e+01
1.5369435880e+00 2.7935749289e-01 7.9289490537e+01
1.5006798833e+00 2.8424030479e-01 7.2658295222e+01
1.5273033961e+00 2.8170472900e-01 7.6356348960e+01
1.5124414892e+00 2.9110334126e-01 6.9803170919e+01
1.5002226725e+00 2.8107095901e-01 7.4579327351e+01
1.5201710354e+00 2.8610475378e-01 7.2915546096e+01
1.5210546533e+00 2.7885104197e-01 7.8078232563e+01
1.4895784214e+00 2.7452268175e-01 7.8705384629e+01
1.5188617052e+00 2.7695289274e-01 7.9622756324e+01
1.4806736007e+00 2.7259773581e-01 7.9581117748e+01
1.4607751592e+00 2.6955686509e-01 8.0371326592e+01
1.5740562301e+00 2.8298995398e-01 7.9872472277e+01
1.4753257296e+00 2.7794560688e-01 7.4706741043e+01
1.5444620090e+00 2.7777179609e-01 8.2029088124e+01
1.5027445089e+00 2.7447218635e-01 8.0288236411e+01
1.5241064267e+00 2.7989346783e-01 7.7491581624e+01
1.4722399066e+00 2.7382394506e-01 7.7533528720e+01
1.4868284138e+00 2.7727268938e-01 7.6145534310e+01
1.5097013169e+00 2.7884788554e-01 7.6987677568e+01
1.5312031303e+00 2.7780499481e-01 8.0205125602e+01
1.4957260491e+00 2.8284927888e-01 7.3129650743e+01
1.5080962948e+00 2.7501030768e-01 8.0371326592e+01
1.4926470881e+00 2.8321132056e-01 7.2701195268e+01
1.4940387771e+00 2.7910409699e-01 7.5427311870e+01
1.5198341712e+00 2.7507171547e-01 8.1905006284e+01
1.5080199434e+00 2.8098305860e-01 7.5257982128e+01
1.5159244976e+00 2.7989010032e-01 7.6735343529e+01
1.5077065647e+00 2.7630675380e-01 7.8997582302e+01
1.5339469371e+00 2.8554788624e-01 7.4239173069e+01
1.5309495176e+00 2.7942529153e-01 7.8580066351e+01
1.5069014576e+00 2.7529858262e-01 7.9914072577e+01
1.5206566181e+00 2.8698516692e-01 7.2443643876e+01
1.5352318148e+00 2.8471941013e-01 7.4876505650e+01
1.4499111958e+00 2.7952330120e-01 7.1884348405e+01
1.5086829439e+00 2.8168168696e-01 7.4834077304e+01
1.5257154962e+00 2.7737430834e-01 7.9997257084e+01
1.4760126853e+00 2.7906206826e-01 7.4026287672e+01
1.5264605870e+00 2.8528125024e-01 7.3855816334e+01
1.4944566235e+00 2.7325933896e-01 8.0578963045e+01
1.5354434697e+00 2.8633374308e-01 7.3855816334e+01
1.5166302624e+00 2.7509634245e-01 8.1408290413e+01
1.4891137875e+00 2.8855574690e-01 6.9672201814e+01
1.5227713340e+00 2.7440661818e-01 8.3350409892e+01
1.5012138005e+00 2.7600289475e-01 7.8580066351e+01
1.5116175052e+00 2.8010909965e-01 7.6187712450e+01
1.5096064172e+00 2.7894278529e-01 7.6903595008e+01
1.4826071119e+00 2.7066422457e-01 8.2111788416e+01
1.4628903463e+00 2.7283009980e-01 7.7449627715e+01
1.5475202904e+00 2.7928153503e-01 8.0620475268e+01
1.5003121456e+00 2.7781026638e-01 7.6945639864e+01
1.5184551119e+00 2.9191969725e-01 6.9759526825e+01
1.4637878569e+00 2.6968673482e-01 8.0620475268e+01
1.4665346981e+00 2.7413003837e-01 7.6735343529e+01
1.5363809369e+00 2.7855196983e-01 8.0038841340e+01
1.4963289216e+00 2.7998221079e-01 7.5003739865e+01
1.5206747418e+00 2.7468548130e-01 8.2566349319e+01
1.4766922609e+00 2.8650551287e-01 6.9934029987e+01
1.4752004343e+00 2.8844898490e-01 6.8927918164e+01
1.5524095038e+00 2.8125149622e-01 7.9164421908e+01
1.5217678402e+00 2.8359747636e-01 7.4579327351e+01
1.5167620515e+00 2.7859817165e-01 7.7868863262e+01
1.5100917241e+00 2.8754075616e-01 7.1452905485e+01
1.5109322952e+00 2.7489491615e-01 8.0869445111e+01
1.4953237201e+00 2.7646190635e-01 7.7575469027e+01
1.5178927728e+00 2.7655881575e-01 7.9914072577e+01
1.5492684893e+00 2.9355139587e-01 7.0760310020e+01
1.4439502070e+00 2.6756638088e-01 8.0412864007e+01
1.5124242428e+00 2.8475370943e-01 7.3172442467e+01
1.4971147012e+00 2.7738576704e-01 7.6987677568e+01
1.5328552841e+00 2.7843083891e-01 7.9747638907e+01
1.4956030927e+00 2.7392122417e-01 7.9997257084e+01
1.4812578258e+00 2.7742561531e-01 7.5554223768e+01
1.5021729858e+00 2.7549654865e-01 7.9164421908e+01
1.4829501541e+00 2.8069926509e-01 7.3514430919e+01
1.5200180682e+00 2.8307173636e-01 7.4791640439e+01
1.5033496866e+00 2.7477272536e-01 8.0038841340e+01
1.4989262228e+00 2.7874331163e-01 7.6103348511e+01
1.4705361023e+00 2.7102809960e-01 7.9997257084e+01
1.5171055306e+00 2.7552924882e-01 8.0952396196e+01
1.5062433464e+00 2.8366736973e-01 7.3386256743e+01
1.4875222549e+00 2.8245424682e-01 7.2786965387e+01
1.4789399476e+00 2.7207798686e-01 7.9914072577e+01
1.4859330808e+00 2.7907150595e-01 7.4791640439e+01
1.4907180033e+00 2.9828499867e-01 6.5641981762e+01
1.4788269305e+00 2.7444440598e-01 7.7659329379e+01
1.4843673678e+00 2.8018545787e-01 7.3941070253e+01
1.4949289208e+00 2.7957154748e-01 7.5173267951e+01
1.5244122881e+00 2.8277412677e-01 7.5342663360e+01
1.5109271222e+00 2.8352446630e-01 7.3813175613e+01
1.4660357369e+00 2.8047829255e-01 7.2443643876e+01
1.4680662602e+00 2.8700849329e-01 6.9191024681e+01
1.4897813774e+00 2.7477144826e-01 7.8496490101e+01
1.4758598112e+00 2.7245531619e-01 7.9164421908e+01
1.5073648989e+00 2.7800878166e-01 7.7449627715e+01
1.4901551686e+00 2.7710880161e-01 7.6566975496e+01
1.4966148348e+00 2.8513198183e-01 7.1884348405e+01
1.4999643742e+00 2.7498870237e-01 7.9414507550e+01
1.5363186104e+00 2.7815831467e-01 8.0454396336e+01
1.4783128803e+00 2.7946815728e-01 7.3941070253e+01
1.4935936258e+00 2.7186276050e-01 8.2194472172e+01
1.4786451683e+00 2.7507696451e-01 7.7113748025e+01
1.4727713166e+00 2.7284239590e-01 7.8454692681e+01
1.5532509008e+00 2.8498764032e-01 7.6145534310e+01
1.5179595747e+00 2.8831621449e-01 7.1539280443e+01
1.4808310726e+00 2.7424368092e-01 7.8036371717e+01
1.4941490564e+00 2.7311491382e-01 8.0703484835e+01
1.4753624167e+00 2.7655676259e-01 7.5681063290e+01
1.4871276913e+00 2.7516690734e-01 7.7868863262e+01
1.4570106498e+00 2.7377019631e-01 7.6145534310e+01
1.4980417428e+00 2.8370507380e-01 7.2786965387e+01
1.5103230793e+00 2.8094949586e-01 7.5469623924e+01
1.5014864965e+00 2.8207344480e-01 7.4026287672e+01
1.5019317371e+00 2.7664359093e-01 7.8078232563e+01
1.5269469136e+00 2.8206121145e-01 7.6061155025e+01
1.4965734117e+00 2.8109612271e-01 7.4281723271e+01
1.4955344424e+00 2.7534654468e-01 7.8580066351e+01
1.5105713839e+00 2.8842491049e-01 7.1020369769e+01
1.5020181834e+00 2.7565135105e-01 7.8997582302e+01
1.4923505453e+00 2.7175055783e-01 8.2153132349e+01
1.4976224509e+00 2.8321803394e-01 7.3044038180e+01
1.4916349950e+00 2.7924599211e-01 7.5130898438e+01
1.5254452316e+00 2.8265196194e-01 7.5511927880e+01
1.4891157826e+00 2.7995638792e-01 7.4451835457e+01
1.5333371514e+00 2.7840468587e-01 7.9830866582e+01
1.5134824306e+00 2.7597440935e-01 7.9997257084e+01
1.4900217330e+00 2.7498285377e-01 7.8329262945e+01
1.5159774477e+00 2.7529512748e-01 8.1076787034e+01
1.5130631471e+00 2.7503229421e-01 8.0993864557e+01
1.5058051856e+00 2.7277014243e-01 8.2896642113e+01
1.5196107024e+00 2.8302411457e-01 7.4791640439e+01
1.5032901959e+00 2.7347369874e-01 8.1532528898e+01
1.4783995914e+00 2.7126676555e-01 8.0744982225e+01
1.4976868779e+00 2.8315360699e-01 7.3086849324e+01
1.4938651931e+00 2.8199321555e-01 7.3514430919e+01
1.5307218797e+00 2.8010856724e-01 7.7952630554e+01
1.5137356288e+00 2.7889915056e-01 7.7323724844e+01
1.4736287504e+00 2.7423604452e-01 7.7323724844e+01
1.5363007169e+00 2.7954426776e-01 7.9039301002e+01
1.5203692575e+00 2.8090082628e-01 7.6356348960e+01
1.4338972381e+00 2.7314960013e-01 7.4621807233e+01
1.5132496499e+00 2.7484579141e-01 8.1242575657e+01
1.5213341691e+00 2.8084569851e-01 7.6482747241e+01
1.4934883637e+00 2.8237004493e-01 7.3257996956e+01
1.5354227661e+00 2.8315936858e-01 7.5976744886e+01
1.5104885528e+00 2.7942216336e-01 7.6609078524e+01
1.5314284019e+00 2.8304852320e-01 7.5723327176e+01
1.5044534502e+00 2.7910649106e-01 7.6314201186e+01
1.5102287048e+00 2.7741301379e-01 7.8245611639e+01
1.4899687430e+00 2.7593948152e-01 7.7491581624e+01
1.4708040979e+00 2.7165972431e-01 7.9372840907e+01
1.4690902354e+00 2.7292375722e-01 7.7994504389e+01
1.5358703764e+00 2.8590683634e-01 7.4154045875e+01
1.5447166466e+00 2.7934390909e-01 8.0205125602e+01
1.5283368561e+00 2.8522822023e-01 7.4026287672e+01
1.4217189500e+00 2.6348252170e-01 8.2318467199e+01
1.5103719645e+00 2.7908487546e-01 7.6861542972e+01
1.4381237478e+00 2.7115747825e-01 7.6440621960e+01
1.4732869163e+00 2.7502821109e-01 7.6651174188e+01
1.5213171098e+00 2.7358877687e-01 8.4503634743e+01
1.5141734589e+00 2.8164113904e-01 7.5300326848e+01
1.4631152946e+00 2.7080839042e-01 7.9331168577e+01
1.4950884279e+00 2.7534029724e-01 7.8538281315e+01
1.4825318444e+00 2.7885973343e-01 7.4664278454e+01
1.4950537101e+00 2.7130639107e-01 8.3267938661e+01
1.4624470326e+00 2.7012948869e-01 7.9955667504e+01
1.5045033624e+00 2.7905657887e-01 7.6356348960e+01
1.4818933922e+00 2.7363231219e-01 7.8705384629e+01
1.4629312778e+00 2.7323845551e-01 7.7113748025e+01
1.5071267075e+00 2.7734002656e-01 7.7994504389e+01
1.5050594647e+00 2.7532791192e-01 7.9664389360e+01
1.5140090559e+00 2.7635557487e-01 7.9664389360e+01
1.5018388945e+00 2.7311418211e-01 8.1780886213e+01
1.5122298689e+00 2.7405091170e-01 8.2111788416e+01
1.5192033748e+00 2.8297649278e-01 7.4791640439e+01
1.5236801943e+00 2.7849967332e-01 7.8663617982e+01
1.4838623263e+00 2.7346756748e-01 7.9081013820e+01
1.4991916219e+00 2.7395125227e-01 8.0412864007e+01
1.4826618367e+00 2.8369826452e-01 7.1755028325e+01
1.4981170589e+00 2.7683601764e-01 7.7533528720e+01
1.4453174519e+00 2.7335883446e-01 7.5427311870e+01
1.5142154524e+00 2.7478754965e-01 8.1449707735e+01
1.5187829532e+00 2.8248713059e-01 7.5088520605e+01
1.4991423020e+00 2.7762159261e-01 7.6987677568e+01
1.5102557902e+00 2.7330415105e-01 8.2855368716e+01
1.4585183223e+00 2.8979680510e-01 6.7427931188e+01
1.4787688526e+00 2.7540411516e-01 7.6861542972e+01
1.4995190699e+00 2.8177456164e-01 7.4068882767e+01
1.4928352147e+00 2.7307300981e-01 8.0578963045e+01
1.5175648558e+00 2.7688673275e-01 7.9539473606e+01
1.5090992042e+00 2.7400739831e-01 8.1698117953e+01
1.4979398772e+00 2.7158443967e-01 8.3350409892e+01
1.5045093320e+00 2.7361308003e-01 8.1532528898e+01
1.5036265209e+00 2.8810008398e-01 7.0760310020e+01
1.4785506933e+00 2.7923034431e-01 7.4111468825e+01
1.4955266667e+00 2.8712663543e-01 7.0760310020e+01
1.4774292528e+00 2.7178665565e-01 8.0038841340e+01
1.4985780126e+00 2.8362202760e-01 7.2872695748e+01
1.5423676387e+00 2.8169291703e-01 7.7743162886e+01
1.5113507499e+00 2.7946783388e-01 7.6651174188e+01
1.4696179704e+00 2.7014745551e-01 8.0869445111e+01
1.4970342054e+00 2.7701369296e-01 7.7281743419e+01
1.5163827372e+00 2.8625207973e-01 7.2572465000e+01
1.4988856836e+00 2.7380473612e-01 8.0537445831e+01
1.5186735571e+00 2.8578143983e-01 7.3001217281e+01
1.4688973944e+00 2.7266680742e-01 7.8203776466e+01
1.4927816763e+00 2.7267471008e-01 8.1035328162e+01
1.4815534460e+00 2.7893526526e-01 7.4536838781e+01
1.4852489225e+00 2.8111117867e-01 7.3428990941e+01
1.5018960488e+00 2.8438473182e-01 7.2658295222e+01
1.5105243064e+00 2.7802489604e-01 7.7743162886e+01
1.4915308080e+00 2.8930967684e-01 6.9453672823e+01
1.5685529885e+00 2.8573687299e-01 7.6903595008e+01
1.5233292559e+00 2.8021557454e-01 7.7155757380e+01
1.5297285421e+00 2.8019066752e-01 7.7785069637e+01
1.5248769622e+00 2.8003317548e-01 7.7449627715e+01
1.5162283028e+00 2.8231334858e-01 7.5003739865e+01
1.5456045501e+00 2.8074030175e-01 7.8914127157e+01
1.5232232661e+00 2.8396314874e-01 7.4451835457e+01
1.4588853400e+00 2.9123150409e-01 6.6850130873e+01
1.5135948792e+00 2.8903993776e-01 7.0890391015e+01
1.4741337834e+00 2.7688415106e-01 7.5342663360e+01
1.4782948491e+00 2.7632899220e-01 7.6103348511e+01
1.5231918180e+00 2.7625915767e-01 8.0910923055e+01
1.5102613112e+00 2.7556590012e-01 8.0038841340e+01
1.5321923325e+00 2.8319659408e-01 7.5681063290e+01
1.4869146112e+00 2.7808997549e-01 7.5554223768e+01
1.5000993180e+00 2.7304355611e-01 8.1615332242e+01
1.4739589459e+00 2.7075460448e-01 8.0744982225e+01
1.5118018098e+00 2.7447897075e-01 8.1491120555e+01
1.4724167792e+00 2.7184674810e-01 7.9372840907e+01
1.5048252485e+00 2.8054843207e-01 7.5300326848e+01
1.4968989222e+00 2.8620768027e-01 7.1323261011e+01
1.5246762498e+00 2.8569855939e-01 7.3471715656e+01
1.4873486928e+00 2.7630072641e-01 7.6945639864e+01
1.4974364382e+00 2.7525398154e-01 7.8872390662e+01
1.4611383438e+00 2.7323447335e-01 7.6945639864e+01
1.4822168946e+00 2.7285785895e-01 7.9497823876e+01
1.5047445219e+00 2.7790878026e-01 7.7281743419e+01
1.4723691157e+00 2.8000074409e-01 7.3172442467e+01
1.5024376621e+00 2.7523187232e-01 7.9456168532e+01
1.5029591694e+00 2.7606911309e-01 7.8705384629e+01
1.5178079458e+00 2.8164302988e-01 7.5596511614e+01
1.4937199904e+00 2.7128459632e-01 8.3061698879e+01
1.4974055933e+00 2.7845281535e-01 7.6187712450e+01
1.5033142535e+00 2.7571402901e-01 7.9081013820e+01
1.5356721909e+00 2.8793162001e-01 7.2915546096e+01
1.5089347750e+00 2.7553195913e-01 7.9914072577e+01
1.5133878368e+00 2.8970196775e-01 7.0543278672e+01
1.4789579754e+00 2.7431336106e-01 7.7785069637e+01
1.4784282355e+00 2.7799948636e-01 7.4918925507e+01
1.4953730127e+00 2.7234294977e-01 8.1822263856e+01
1.5067082185e+00 2.8138722286e-01 7.4876505650e+01
1.5350535490e+00 2.8352858565e-01 7.5681063290e+01
1.4963408062e+00 2.7861227033e-01 7.5976744886e+01
1.5356385549e+00 2.7929435183e-01 7.9206117227e+01
1.5096539543e+00 2.7889524823e-01 7.6945639864e+01
1.4765634266e+00 2.7310293039e-01 7.8621845231e+01
1.5167418602e+00 2.7816402648e-01 7.8245611639e+01
1.4751699127e+00 2.6999369937e-01 8.1863637206e+01
1.5186817591e+00 2.8304319749e-01 7.4706741043e+01
1.5236984339e+00 2.7984639656e-01 7.7491581624e+01
1.4739302715e+00 2.8520442931e-01 7.0412920548e+01
1.4937875915e+00 2.7483247113e-01 7.8872390662e+01
1.4643971150e+00 2.7761687766e-01 7.4068882767e+01
1.4974396654e+00 2.7706080282e-01 7.7281743419e+01
1.4951290626e+00 2.7529966254e-01 7.8580066351e+01
1.4876599522e+00 2.8050804109e-01 7.3983683510e+01
1.5191607152e+00 2.8483917940e-01 7.3599833208e+01
1.4944920544e+00 2.8046102221e-01 7.4536838781e+01
1.4554713781e+00 2.6858121640e-01 8.0786474719e+01
1.5349616577e+00 2.8316418989e-01 7.5934528179e+01
1.4621375425e+00 2.7178614255e-01 7.8287440457e+01
1.4467843289e+00 2.7144418450e-01 7.7029708145e+01
1.4907482488e+00 2.7515997572e-01 7.8245611639e+01
1.5125043236e+00 2.7559111771e-01 8.0288236411e+01
1.5256961987e+00 2.8923670803e-01 7.1539280443e+01
1.4912364751e+00 2.7512362603e-01 7.8329262945e+01
1.4869372586e+00 2.7490581033e-01 7.8078232563e+01
1.5086485057e+00 2.7672517487e-01 7.8705384629e+01
1.5327856134e+00 2.7986776696e-01 7.8371079129e+01
1.5056028324e+00 2.7795710894e-01 7.7323724844e+01
1.5363150561e+00 2.7907387050e-01 7.9497823876e+01
1.4872018617e+00 2.7915823946e-01 7.4834077304e+01
1.5168864195e+00 2.8165523185e-01 7.5511927880e+01
1.4664626921e+00 2.6880850559e-01 8.2111788416e+01
1.5333008056e+00 2.7844103162e-01 7.9789255467e+01
1.4908746152e+00 2.7277480397e-01 8.0661982523e+01
1.4668854140e+00 2.7108185565e-01 7.9497823876e+01
1.5163568228e+00 2.8764307172e-01 7.1798145674e+01
1.4878935169e+00 2.7530425691e-01 7.7826969754e+01
1.5027048650e+00 2.8085507628e-01 7.4918925507e+01
1.5319308394e+00 2.8163423694e-01 7.6819483732e+01
1.4800758602e+00 2.8492872657e-01 7.0933728582e+01
1.5348273854e+00 2.7463626278e-01 8.5531401325e+01
1.5016193287e+00 2.7469180371e-01 7.9914072577e+01
1.5078986266e+00 2.8337394857e-01 7.3685198049e+01
1.5045057846e+00 2.8222860360e-01 7.4154045875e+01
1.5042824761e+00 2.7701115544e-01 7.7994504389e+01
1.4875407199e+00 2.7565705392e-01 7.7491581624e+01
1.5356415746e+00 2.8567908396e-01 7.4281723271e+01
1.5254449121e+00 2.8083087714e-01 7.6861542972e+01
1.5539716570e+00 2.8243541117e-01 7.8245611639e+01
1.4666146108e+00 2.8440332360e-01 7.0369444415e+01
1.5034029581e+00 2.7653134867e-01 7.8329262945e+01
1.5463553769e+00 2.8318909010e-01 7.6903595008e+01
1.4923981535e+00 2.7622190911e-01 7.7491581624e+01
1.4961008131e+00 2.7523247437e-01 7.8747145195e+01
1.5349007393e+00 2.7866433705e-01 7.9747638907e+01
1.4872658486e+00 2.7999812157e-01 7.4281723271e+01
1.4745701099e+00 2.7419538866e-01 7.7449627715e+01
1.5221814537e+00 2.8045336326e-01 7.6861542972e+01
1.4856940442e+00 2.7434329162e-01 7.8454692681e+01
1.5293649548e+00 2.7736612814e-01 8.0454396336e+01
1.5285314966e+00 2.7865491826e-01 7.9039301002e+01
1.5025768659e+00 2.8052973656e-01 7.5130898438e+01
1.4590932398e+00 2.7258536633e-01 7.7281743419e+01
1.5147322786e+00 2.7881082872e-01 7.7491581624e+01
1.4863272288e+00 2.7551584013e-01 7.7491581624e+01
1.4884831698e+00 2.7426299721e-01 7.8830648187e+01
1.5195705347e+00 2.7897111662e-01 7.7826969754e+01
1.4436946110e+00 2.8035798350e-01 7.1020369769e+01
1.5155599144e+00 2.8434578080e-01 7.3642520295e+01
1.4752645311e+00 2.7260026384e-01 7.8955857695e+01
1.5039316737e+00 2.7192673498e-01 8.3927331007e+01
1.4662001326e+00 2.8211499485e-01 7.1539280443e+01
1.4840725942e+00 2.7370844337e-01 7.8872390662e+01
1.5189872530e+00 2.7773620951e-01 7.8872390662e+01
1.5305835468e+00 2.8115829043e-01 7.7071731622e+01
1.5086972337e+00 2.8075960623e-01 7.5469623924e+01
1.5458142787e+00 2.8007363763e-01 7.9581117748e+01
1.5401909117e+00 2.7747868688e-01 8.1780886213e+01
1.5376851276e+00 2.7952826027e-01 7.9206117227e+01
1.4857656923e+00 2.7156420146e-01 8.1408290413e+01
1.5107629742e+00 2.7370375992e-01 8.2359790805e+01
1.5157568583e+00 2.7824047041e-01 7.8078232563e+01
1.5191531200e+00 2.7802483225e-01 7.8621845231e+01
1.5056373305e+00 2.8064345007e-01 7.5300326848e+01
1.5355300699e+00 2.7985885668e-01 7.8663617982e+01
1.4964717630e+00 2.8300951248e-01 7.3086849324e+01
1.5072906602e+00 2.8443594470e-01 7.3001217281e+01
1.5072623165e+00 2.7856489487e-01 7.6987677568e+01
1.4838292149e+00 2.7620812099e-01 7.6693262514e+01
1.5117582309e+00 2.7542980327e-01 8.0371326592e+01
1.5085198054e+00 2.7640038277e-01 7.8997582302e+01
1.5053354826e+00 2.8593709262e-01 7.2013573065e+01
1.4916275735e+00 2.7744459700e-01 7.6440621960e+01
1.5170530619e+00 2.8285263336e-01 7.4706741043e+01
1.4792498322e+00 2.7176810224e-01 8.0288236411e+01
1.5104746675e+00 2.8488555564e-01 7.2958386597e+01
1.4785010859e+00 2.6936370905e-01 8.3350409892e+01
1.4858034966e+00 2.7062422520e-01 8.2690237632e+01
1.5159313302e+00 2.8124662200e-01 7.5723327176e+01
1.5109751833e+00 2.7802781875e-01 7.7785069637e+01
1.4793444303e+00 2.7708329150e-01 7.5638791445e+01
1.4660058363e+00 2.6881615170e-01 8.2029088124e+01
1.4952325919e+00 2.7383957857e-01 8.0038841340e+01
1.5124355998e+00 2.7565984158e-01 8.0205125602e+01
1.5153025651e+00 2.7960332160e-01 7.6903595008e+01
1.4967282283e+00 2.9136721306e-01 6.8796190524e+01
1.4540024327e+00 2.9206141893e-01 6.6269828286e+01
1.4842765965e+00 2.7801800215e-01 7.5384991691e+01
1.5128589507e+00 2.8613734366e-01 7.2400683165e+01
1.5404886052e+00 2.8357195049e-01 7.6103348511e+01
1.5111090756e+00 2.8016349953e-01 7.6103348511e+01
1.5311335238e+00 2.8562369152e-01 7.3983683510e+01
1.4969676611e+00 2.8160766688e-01 7.3983683510e+01
1.4873318499e+00 2.7767273687e-01 7.5892303678e+01
1.4742020034e+00 2.7366279147e-01 7.7868863262e+01
1.4784752996e+00 2.7975692047e-01 7.3770525678e+01
1.4866991744e+00 2.8192088821e-01 7.3044038180e+01
1.4799043127e+00 2.7697447579e-01 7.5765583130e+01
1.4653153977e+00 2.7669859495e-01 7.4749195028e+01
1.5364575789e+00 2.7665163040e-01 8.2318467199e+01
1.5029573105e+00 2.7380658407e-01 8.1076787034e+01
1.4869146112e+00 2.7808997549e-01 7.5554223768e+01
1.4858919951e+00 2.7459671620e-01 7.8245611639e+01
1.5101467475e+00 2.7658764070e-01 7.8997582302e+01
1.4958124453e+00 2.8140425001e-01 7.4026287672e+01
1.4874377529e+00 2.7350237240e-01 7.9456168532e+01
1.5208902249e+00 2.8401991272e-01 7.4239173069e+01
1.4738584858e+00 2.7941285069e-01 7.3642520295e+01
1.4993582451e+00 2.7785845020e-01 7.6819483732e+01
1.4838961982e+00 2.7568980084e-01 7.7113748025e+01
1.4926648065e+00 2.7414720992e-01 7.9414507550e+01
1.4891217897e+00 2.7407598415e-01 7.9081013820e+01
1.4723422677e+00 2.7192125961e-01 7.9289490537e+01
1.5231198036e+00 2.8179033409e-01 7.5934528179e+01
1.5111641402e+00 2.8783215418e-01 7.1366486818e+01
1.5375075087e+00 2.8381314986e-01 7.5681063290e+01
1.5239210800e+00 2.8235470924e-01 7.5596511614e+01
1.5163952997e+00 2.8032816274e-01 7.6440621960e+01
1.5124542763e+00 2.8199731224e-01 7.4918925507e+01
1.5198497803e+00 2.8506035739e-01 7.3514430919e+01
1.4813941337e+00 2.7052504564e-01 8.2111788416e+01
1.5073881359e+00 2.7571846665e-01 7.9539473606e+01
1.5347156565e+00 2.7884941980e-01 7.9539473606e+01
1.4676359388e+00 2.7617760418e-01 7.5300326848e+01
1.4509291917e+00 2.8074941446e-01 7.1280024178e+01
1.4853544562e+00 2.8010193015e-01 7.4068882767e+01
1.5481914916e+00 2.8135297540e-01 7.8621845231e+01
1.4958143435e+00 2.7506664358e-01 7.8872390662e+01
1.5152465641e+00 2.8465913111e-01 7.3428990941e+01
1.4784467282e+00 2.9333889824e-01 6.6983688174e+01
1.5384651498e+00 2.7966069771e-01 7.9164421908e+01
1.4639410445e+00 2.7222868886e-01 7.8078232563e+01
1.4888728463e+00 2.8065147054e-01 7.3983683510e+01
1.4789399476e+00 2.7207798686e-01 7.9914072577e+01
1.5221415959e+00 2.8641104422e-01 7.2872695748e+01
1.4874377529e+00 2.7350237240e-01 7.9456168532e+01
1.4909420627e+00 2.7541803846e-01 7.8036371717e+01
1.5372734570e+00 2.8130867761e-01 7.7575469027e+01
1.5193375724e+00 2.7874947423e-01 7.7994504389e+01
1.5399092535e+00 2.8415130226e-01 7.5638791445e+01
1.4974464838e+00 2.7795923961e-01 7.6566975496e+01
1.5281561210e+00 2.8632080413e-01 7.3343513034e+01
1.4870328938e+00 2.7255310525e-01 8.0412864007e+01
1.5173372650e+00 2.8256843023e-01 7.4918925507e+01
1.5027442994e+00 2.7220877721e-01 8.3226697801e+01
1.5352293549e+00 2.7924757014e-01 7.9206117227e+01
1.4832803889e+00 2.7630561016e-01 7.6566975496e+01
1.4367351282e+00 2.7165222578e-01 7.5934528179e+01
1.5188723721e+00 2.8012392225e-01 7.6819483732e+01
1.5135954096e+00 2.7994769767e-01 7.6482747241e+01
1.5166774171e+00 2.7913718078e-01 7.7407666966e+01
1.4847207786e+00 2.7892864057e-01 7.4791640439e+01
1.5192924804e+00 2.7606774272e-01 8.0620475268e+01
1.4776255217e+00 2.7925326677e-01 7.4026287672e+01
1.5012077454e+00 2.8144555674e-01 7.4409320646e+01
1.5286279592e+00 2.8630494752e-01 7.3386256743e+01
1.4843123684e+00 2.8611635672e-01 7.0586708069e+01
1.4944457833e+00 2.7733984311e-01 7.6777417260e+01
1.4798577884e+00 2.7025905569e-01 8.2235807906e+01
1.4534464665e+00 2.7598803047e-01 7.4281723271e+01
1.5019572171e+00 2.7843015952e-01 7.6609078524e+01
1.4951242107e+00 2.7801866343e-01 7.6314201186e+01
1.5114259437e+00 2.7803089618e-01 7.7826969754e+01
1.5068240843e+00 2.9399116507e-01 6.8179890150e+01
1.5317960803e+00 2.8222490135e-01 7.6356348960e+01
1.4997396224e+00 2.7702427218e-01 7.7533528720e+01
1.4747850085e+00 2.9067137788e-01 6.7914951567e+01
1.4593513538e+00 2.7816647361e-01 7.3343513034e+01
1.5292629982e+00 2.8111181096e-01 7.6987677568e+01
1.4928352558e+00 2.7352484542e-01 8.0080420295e+01
1.5127320608e+00 2.7990271861e-01 7.6440621960e+01
1.5505950893e+00 2.9405839745e-01 7.0586708069e+01
1.5064136721e+00 2.8440491169e-01 7.2958386597e+01
1.5168547734e+00 2.7532589959e-01 8.1159690671e+01
1.5214193420e+00 2.7894111110e-01 7.8036371717e+01
1.4963301067e+00 2.7907561668e-01 7.5638791445e+01
1.5116409814e+00 2.8190212591e-01 7.4918925507e+01
1.4987777975e+00 2.7436507660e-01 7.9914072577e+01
1.5375207258e+00 2.8288693889e-01 7.6356348960e+01
1.4948966216e+00 2.7372344103e-01 8.0121993975e+01
1.5265902360e+00 2.8196240420e-01 7.6103348511e+01
1.5026738033e+00 2.7635447924e-01 7.8412889032e+01
1.5077605448e+00 2.7262683186e-01 8.3474090850e+01
1.4779160178e+00 2.7265135215e-01 7.9206117227e+01
1.4614937613e+00 2.7332822672e-01 7.6903595008e+01
1.4983061174e+00 2.7800501502e-01 7.6609078524e+01
1.5506684243e+00 2.8619645510e-01 7.5088520605e+01
1.5006979277e+00 2.7923637915e-01 7.5892303678e+01
1.5224853553e+00 2.7696562030e-01 8.0038841340e+01
1.4671581136e+00 2.7710541374e-01 7.4621807233e+01
1.5736463665e+00 2.8891655507e-01 7.5046134423e+01
1.4844859850e+00 2.8187411620e-01 7.2915546096e+01
1.4737622061e+00 2.7140140599e-01 7.9997257084e+01
1.4528422764e+00 2.7300366427e-01 7.6356348960e+01
1.5161784601e+00 2.7918176305e-01 7.7323724844e+01
1.4892129744e+00 2.8302502943e-01 7.2572465000e+01
1.4957217810e+00 2.7244621232e-01 8.1739504252e+01
1.4645063899e+00 2.6627445616e-01 8.6598756865e+01
1.5429306231e+00 2.8295729328e-01 7.6777417260e+01
1.5107224733e+00 2.7691924529e-01 7.8747145195e+01
1.4966431752e+00 2.7876254816e-01 7.5892303678e+01
1.4852836624e+00 2.7024204199e-01 8.3185453415e+01
1.5365092064e+00 2.8024800886e-01 7.8412889032e+01
1.5311471279e+00 2.8515395299e-01 7.4281723271e+01
1.4708905353e+00 2.7337299203e-01 7.7785069637e+01
1.4816740677e+00 2.7700937347e-01 7.5892303678e+01
1.4876281925e+00 2.6970170126e-01 8.4627053861e+01
1.5057985925e+00 2.7685470960e-01 7.8287440457e+01
1.4762102210e+00 2.8698755284e-01 6.9672201814e+01
1.5015837760e+00 2.7472735644e-01 7.9872472277e+01
1.4851151790e+00 2.8034120734e-01 7.3898447871e+01
1.5147820820e+00 2.8239587021e-01 7.4834077304e+01
1.5149120600e+00 2.7863104727e-01 7.7659329379e+01
1.5021746215e+00 2.7730665398e-01 7.7533528720e+01
1.5159271788e+00 2.7807014990e-01 7.8245611639e+01
1.5280547978e+00 2.8277564916e-01 7.5638791445e+01
1.4899770225e+00 2.7367239670e-01 7.9581117748e+01
1.5152247571e+00 2.7513987374e-01 8.1159690671e+01
1.5322499081e+00 2.7994768163e-01 7.8245611639e+01
1.5537200663e+00 2.8131379661e-01 7.9247806762e+01
1.5069325012e+00 2.7617410125e-01 7.9039301002e+01
1.5283059678e+00 2.7705934880e-01 8.0661982523e+01
1.4927979154e+00 2.8124998295e-01 7.3898447871e+01
1.5184317738e+00 2.8056452059e-01 7.6440621960e+01
1.4911177849e+00 2.7479043960e-01 7.8621845231e+01
1.5126006963e+00 2.8139663245e-01 7.5342663360e+01
1.4464029458e+00 2.6958728621e-01 7.8621845231e+01
1.5242897591e+00 2.7834505788e-01 7.8872390662e+01
1.5147553374e+00 2.7424766465e-01 8.2235807906e+01
1.5231449274e+00 2.7812515644e-01 7.8955857695e+01
1.4923338190e+00 2.7402628218e-01 7.9497823876e+01
1.5264147549e+00 2.8669445439e-01 7.3001217281e+01
1.4389616347e+00 2.7031959129e-01 7.7197759713e+01
1.5030773381e+00 2.7413935713e-01 8.0703484835e+01
1.4998920463e+00 2.7325082784e-01 8.1325442176e+01
1.4758203942e+00 2.7474697572e-01 7.7113748025e+01
1.4916775604e+00 2.7603840206e-01 7.7575469027e+01
1.5173472465e+00 2.8164904788e-01 7.5554223768e+01
1.4853227642e+00 2.9279964776e-01 6.7560923945e+01
1.5385671310e+00 2.9052013380e-01 7.1668761497e+01
1.4839483787e+00 2.7699174655e-01 7.6103348511e+01
1.4912102641e+00 2.8238510290e-01 7.3086849324e+01
1.4685259430e+00 2.7168911878e-01 7.9081013820e+01
1.5066358234e+00 2.7511099321e-01 8.0080420295e+01
1.5049018652e+00 2.7684495143e-01 7.8203776466e+01
1.5126398734e+00 2.7636312862e-01 7.9497823876e+01
1.5291861690e+00 2.8027747923e-01 7.7659329379e+01
1.5151547975e+00 2.7793412666e-01 7.8287440457e+01
1.5349538739e+00 2.7815533540e-01 8.0288236411e+01
1.5291758726e+00 2.7801054227e-01 7.9747638907e+01
1.5298074219e+00 2.7737899299e-01 8.0495923602e+01
1.4948753467e+00 2.8596513813e-01 7.1323261011e+01
1.4683167011e+00 2.7549684188e-01 7.5850071354e+01
1.4840798215e+00 2.7550617751e-01 7.7281743419e+01
1.5048477879e+00 2.7871215340e-01 7.6651174188e+01
1.5041024716e+00 2.8127120899e-01 7.4749195028e+01
1.4709555897e+00 2.7780990891e-01 7.4451835457e+01
1.5315887868e+00 2.8106459357e-01 7.7239755051e+01
1.5101754804e+00 2.8336762688e-01 7.3855816334e+01
1.5106996728e+00 2.7784952968e-01 7.7910750187e+01
1.4963076656e+00 2.7955074309e-01 7.5300326848e+01
1.4512543177e+00 2.7862892350e-01 7.2486594398e+01
1.4855934701e+00 2.7128531836e-01 8.1739504252e+01
1.5131498592e+00 2.8448262105e-01 7.3386256743e+01
1.5177522850e+00 2.8306296436e-01 7.4621807233e+01
1.4555476927e+00 2.7702882861e-01 7.3770525678e+01
1.4640754183e+00 2.6715428839e-01 8.4339036016e+01
1.4442875157e+00 2.7438877066e-01 7.4621807233e+01
1.5379803409e+00 2.8288380167e-01 7.6398489209e+01
1.5241215607e+00 2.7578413457e-01 8.1615332242e+01
1.4813212606e+00 2.7330258070e-01 7.8955857695e+01
1.5002793331e+00 2.7603179931e-01 7.8454692681e+01
1.5449037861e+00 2.8052723299e-01 7.9039301002e+01
1.4772469499e+00 2.7061784504e-01 8.1366868568e+01
1.4929191783e+00 2.8339195414e-01 7.2615385143e+01
1.5349541460e+00 2.7952277913e-01 7.8914127157e+01
1.4816958963e+00 2.7157544019e-01 8.0827962340e+01
1.5264726095e+00 2.8344660012e-01 7.5046134423e+01
1.4996871128e+00 2.7662401958e-01 7.7868863262e+01
1.4963594731e+00 2.8448101176e-01 7.2228737805e+01
1.4821209050e+00 2.7069967379e-01 8.1987731721e+01
1.5166470796e+00 2.9418336742e-01 6.8620370565e+01
1.4696196026e+00 2.7284421958e-01 7.8120086953e+01
1.5257979641e+00 2.7911217351e-01 7.8329262945e+01
1.5033487346e+00 2.7341515997e-01 8.1615332242e+01
1.5234754839e+00 2.8188983272e-01 7.5892303678e+01
1.4683918894e+00 2.8487944703e-01 7.0238945256e+01
1.5382340282e+00 2.8354318459e-01 7.5934528179e+01
1.5146760741e+00 2.7568855667e-01 8.0454396336e+01
1.4929299776e+00 2.8021289651e-01 7.4579327351e+01
1.5160845803e+00 2.7428005053e-01 8.2401110412e+01
1.4930693886e+00 2.7600278190e-01 7.7743162886e+01
1.5512469619e+00 2.8241403815e-01 7.7994504389e+01
1.4482321087e+00 2.8748833742e-01 6.7870746947e+01
1.4937970979e+00 2.8070337034e-01 7.4324264582e+01
1.4864551681e+00 2.7177705198e-01 8.1242575657e+01
1.5001046912e+00 2.7530103222e-01 7.9122720780e+01
1.5170458122e+00 2.9014060263e-01 7.0543278672e+01
1.5047893461e+00 2.7741069404e-01 7.7701249475e+01
1.5418747135e+00 3.0048686618e-01 6.7250407519e+01
1.5436777877e+00 2.8266706416e-01 7.7071731622e+01
1.5604579268e+00 2.7915461843e-01 8.2607649278e+01
1.4791238986e+00 2.7820599512e-01 7.4834077304e+01
1.5271755353e+00 2.7955554762e-01 7.8078232563e+01
1.4927314050e+00 2.7543658828e-01 7.8203776466e+01
1.5083047743e+00 2.8342183064e-01 7.3685198049e+01
1.5152335778e+00 2.9605254523e-01 6.7738049690e+01
1.4796199999e+00 2.7184853762e-01 8.0246683597e+01
1.4577079004e+00 2.7846183292e-01 7.3044038180e+01
1.4890124580e+00 2.7463696122e-01 7.8538281315e+01
1.5114555809e+00 2.7709362156e-01 7.8663617982e+01
1.4812039924e+00 2.8696400089e-01 6.9977625389e+01
1.4678327092e+00 2.8003208576e-01 7.2829835522e+01
1.4980835353e+00 2.7460688443e-01 7.9581117748e+01
1.4859750984e+00 2.7451361289e-01 7.8329262945e+01
1.4995834832e+00 2.7853892882e-01 7.6314201186e+01
1.4865853806e+00 2.8113058191e-01 7.3514430919e+01
1.5063689618e+00 2.7628434032e-01 7.8872390662e+01
1.5053841643e+00 2.7455014253e-01 8.0537445831e+01
1.4868759568e+00 2.7767686890e-01 7.5850071354e+01
1.5203021313e+00 2.8779506216e-01 7.1970508727e+01
1.4485692354e+00 2.7145060326e-01 7.7197759713e+01
1.4704673155e+00 2.7289628182e-01 7.8161934912e+01
1.4979114367e+00 2.7839969571e-01 7.6272045862e+01
1.5100100260e+00 2.7627075455e-01 7.9289490537e+01
1.5258926986e+00 2.7628716902e-01 8.1242575657e+01
1.4630143223e+00 2.7630150644e-01 7.4834077304e+01
1.4835388319e+00 2.8056227130e-01 7.3642520295e+01
1.4957646554e+00 2.8235775655e-01 7.3428990941e+01
1.4908698426e+00 2.8227303155e-01 7.3129650743e+01
1.5180951516e+00 2.8272009777e-01 7.4876505650e+01
1.5419113615e+00 2.8214919417e-01 7.7323724844e+01
1.5006895280e+00 2.8287041325e-01 7.3471715656e+01
1.4870202212e+00 2.7888800326e-01 7.5003739865e+01
1.5339552893e+00 2.8097761745e-01 7.7533528720e+01
1.4904438613e+00 2.7682010885e-01 7.6819483732e+01
1.4969676611e+00 2.8160766688e-01 7.3983683510e+01
1.5239713803e+00 2.7547959530e-01 8.1987731721e+01
1.4957568111e+00 2.7738606301e-01 7.6861542972e+01
1.5273949828e+00 2.7888080644e-01 7.8705384629e+01
1.5126915915e+00 2.7404279668e-01 8.2194472172e+01
1.4786496013e+00 2.8183910998e-01 7.2529534762e+01
1.5376261821e+00 2.8597762880e-01 7.4239173069e+01
1.5322561682e+00 2.8267673852e-01 7.6061155025e+01
1.5181581458e+00 2.7856531669e-01 7.8036371717e+01
1.4925437787e+00 2.7788494645e-01 7.6187712450e+01
1.5166193186e+00 2.7964969246e-01 7.6987677568e+01
1.5062421867e+00 2.7550462990e-01 7.9622756324e+01
1.5189661537e+00 2.8275880289e-01 7.4918925507e+01
1.5353181920e+00 2.8326394261e-01 7.5892303678e+01
1.5178224725e+00 2.7708341419e-01 7.9372840907e+01
1.4962092994e+00 2.7602870439e-01 7.8036371717e+01
1.5150404865e+00 2.7623208864e-01 7.9914072577e+01
1.5030545197e+00 2.8095879879e-01 7.4876505650e+01
1.4614690413e+00 2.7065850302e-01 7.9289490537e+01
1.4956039205e+00 2.7482480465e-01 7.9081013820e+01
1.5116860399e+00 2.7777079997e-01 7.8078232563e+01
1.5451362048e+00 2.8166562061e-01 7.8036371717e+01
1.4697831797e+00 2.8168535781e-01 7.2013573065e+01
1.5154821440e+00 2.8078686700e-01 7.6018953826e+01
1.4825342256e+00 2.7930884333e-01 7.4366797030e+01
1.5163534966e+00 2.7946110134e-01 7.7113748025e+01
1.5128519588e+00 3.0390525652e-01 6.4603665541e+01
1.4778699169e+00 2.7720483665e-01 7.5427311870e+01
1.5207159592e+00 2.8055412456e-01 7.6651174188e+01
1.5209018912e+00 2.7854908445e-01 7.8329262945e+01
1.5386814422e+00 2.8400899332e-01 7.5638791445e+01
1.4910782957e+00 2.8659123873e-01 7.0760310020e+01
1.4960167453e+00 2.8346453015e-01 7.2786965387e+01
1.4666736347e+00 2.7848997738e-01 7.3685198049e+01
1.4792885744e+00 2.6902655298e-01 8.4092049576e+01
1.5168464969e+00 2.7578828252e-01 8.0620475268e+01
1.5152802620e+00 2.7735451738e-01 7.8830648187e+01
1.4820143225e+00 2.7892580276e-01 7.4579327351e+01
1.5060189868e+00 2.7436838983e-01 8.0827962340e+01
1.5235877430e+00 2.7904707394e-01 7.8161934912e+01
1.4973044554e+00 2.7855395324e-01 7.6103348511e+01
1.4923948056e+00 2.7080296817e-01 8.3597741274e+01
1.5375425331e+00 2.8103960158e-01 7.7826969754e+01
1.4812500423e+00 2.7472665146e-01 7.7659329379e+01
1.4943940368e+00 2.8191709556e-01 7.3599833208e+01
1.5264697922e+00 2.9439435038e-01 6.9059529216e+01
1.5016966833e+00 2.7823762353e-01 7.6735343529e+01
1.5070209163e+00 2.7336646035e-01 8.2235807906e+01
1.4847046279e+00 2.7578408335e-01 7.7113748025e+01
1.5256251203e+00 2.7519012902e-01 8.2648945375e+01
1.4567347052e+00 2.8303072067e-01 7.0456384946e+01
1.4757201231e+00 2.7574841447e-01 7.6314201186e+01
1.4915149094e+00 2.7348967734e-01 7.9955667504e+01
1.4966785060e+00 2.8008538859e-01 7.4961336903e+01
1.5493813138e+00 2.8153498817e-01 7.8580066351e+01
1.4889073195e+00 2.7338727917e-01 7.9747638907e+01
1.5192130387e+00 2.7932861264e-01 7.7491581624e+01
1.4589862947e+00 2.8617731739e-01 6.9059529216e+01
1.5239404612e+00 2.9418538640e-01 6.9015671758e+01
1.4952346176e+00 2.7338544501e-01 8.0537445831e+01
1.4872127943e+00 2.7372733097e-01 7.9206117227e+01
1.5149017569e+00 2.8318528975e-01 7.4324264582e+01
1.4934490646e+00 2.8014630242e-01 7.4664278454e+01
1.4968294082e+00 2.7767106006e-01 7.6735343529e+01
1.4679833960e+00 2.7133243268e-01 7.9372840907e+01
1.5099040943e+00 2.8273068506e-01 7.4239173069e+01
1.4920155602e+00 2.7705661033e-01 7.6777417260e+01
1.4610096373e+00 2.6977120881e-01 8.0163562403e+01
1.4941512186e+00 2.7672976852e-01 7.7239755051e+01
1.4979675294e+00 2.7562783757e-01 7.8580066351e+01
1.5103904440e+00 2.7952027222e-01 7.6524865077e+01
1.4417845190e+00 3.1689892213e-01 5.7968980615e+01
1.5226786948e+00 2.7722700048e-01 7.9789255467e+01
1.4700829876e+00 2.8363914515e-01 7.0977054822e+01
1.5005872820e+00 2.7527112667e-01 7.9206117227e+01
1.4878607758e+00 2.8256794936e-01 7.2744085313e+01
1.5035284322e+00 2.8320595601e-01 7.3471715656e+01
1.4815892572e+00 2.7303458416e-01 7.9247806762e+01
1.5106560851e+00 2.7789311734e-01 7.7868863262e+01
1.4870844455e+00 2.7611332827e-01 7.7071731622e+01
1.4668086915e+00 2.7520530112e-01 7.5934528179e+01
1.5227413300e+00 2.7852875383e-01 7.8538281315e+01
1.5187387564e+00 2.8571624054e-01 7.3044038180e+01
1.5109766034e+00 2.8756504792e-01 7.1496098411e+01
1.4722521287e+00 2.7696377975e-01 7.5130898438e+01
1.4722841391e+00 2.7377971254e-01 7.7575469027e+01
1.4596182428e+00 2.7565295490e-01 7.5003739865e+01
1.4727987590e+00 2.7551636843e-01 7.6229882959e+01
1.5268434342e+00 2.8216469084e-01 7.5976744886e+01
1.4885776127e+00 2.7371698599e-01 7.9372840907e+01
1.5302760529e+00 2.8465685383e-01 7.4536838781e+01
1.5392862081e+00 2.7838339055e-01 8.0578963045e+01
1.4870637168e+00 2.7477935214e-01 7.8203776466e+01
1.4714817047e+00 2.7503232470e-01 7.6482747241e+01
1.4736083480e+00 2.7335589790e-01 7.8078232563e+01
1.5089347750e+00 2.7553195913e-01 7.9914072577e+01
1.4798290769e+00 2.7254078285e-01 7.9539473606e+01
1.4814673876e+00 2.7721605353e-01 7.5723327176e+01
1.5131211532e+00 2.7633568672e-01 7.9581117748e+01
1.4919565081e+00 2.7440359312e-01 7.9081013820e+01
1.4657793022e+00 2.7758429511e-01 7.4196613947e+01
1.4978635000e+00 2.7256522518e-01 8.1905006284e+01
1.5193949082e+00 2.7778304400e-01 7.8872390662e+01
1.4974649940e+00 2.7160717650e-01 8.3226697801e+01
1.4906902068e+00 2.8154779701e-01 7.3557136760e+01
1.4618981619e+00 2.7561966558e-01 7.5215629171e+01
1.5086600332e+00 2.8579155536e-01 7.2314731052e+01
1.5369519542e+00 2.9442170227e-01 6.9628520827e+01
1.4690130760e+00 2.6895419362e-01 8.2318467199e+01
1.4922910265e+00 2.8673725601e-01 7.0760310020e+01
1.4870698908e+00 2.7432168704e-01 7.8621845231e+01
1.5068487961e+00 2.7716452240e-01 7.8120086953e+01
1.5179207926e+00 2.7562231473e-01 8.0952396196e+01
1.5108977019e+00 2.7402248626e-01 8.1946371115e+01
1.4945376007e+00 2.8132080798e-01 7.3983683510e+01
1.4812513133e+00 2.7517640851e-01 7.7281743419e+01
1.4683918894e+00 2.8487944703e-01 7.0238945256e+01
1.4619814957e+00 2.8498275026e-01 6.9803170919e+01
1.4835841792e+00 2.7555052163e-01 7.7197759713e+01
1.4816514426e+00 2.7387426171e-01 7.8454692681e+01
1.5052502735e+00 2.7468403334e-01 8.0371326592e+01
1.4815686347e+00 2.7350611883e-01 7.8788899706e+01
1.5297029413e+00 2.8203889596e-01 7.6314201186e+01
1.5014557851e+00 2.7621374926e-01 7.8412889032e+01
1.5026454538e+00 2.7094991324e-01 8.5654629995e+01
1.5252715888e+00 2.7736322814e-01 7.9955667504e+01
1.4950797074e+00 2.8213698783e-01 7.3514430919e+01
1.4914319669e+00 2.7538004950e-01 7.8120086953e+01
1.5038987980e+00 2.7331789726e-01 8.1822263856e+01
1.5169506161e+00 2.7613830806e-01 8.0246683597e+01
1.4935880168e+00 2.8317587777e-01 7.2786965387e+01
1.5107856348e+00 2.7640239940e-01 7.9247806762e+01
1.4890945052e+00 2.8948082283e-01 6.9234830989e+01
1.5346463679e+00 2.8211084739e-01 7.6693262514e+01
1.4768980126e+00 2.8133420745e-01 7.2701195268e+01
1.5365930468e+00 2.8244541314e-01 7.6609078524e+01
1.4773933905e+00 2.8038764709e-01 7.3300759781e+01
1.5094357414e+00 2.7865969999e-01 7.7113748025e+01
1.5374830922e+00 2.8429412050e-01 7.5342663360e+01
1.5076966749e+00 2.8448399809e-01 7.3001217281e+01
1.5360089581e+00 2.7937996856e-01 7.9164421908e+01
1.5116976409e+00 2.8320824577e-01 7.4068882767e+01
1.4990958854e+00 2.8582430268e-01 7.1668761497e+01
1.5005008694e+00 2.8305907192e-01 7.3343513034e+01
1.5174539893e+00 2.8154230500e-01 7.5638791445e+01
1.5041735000e+00 2.7666698490e-01 7.8287440457e+01
1.5187567554e+00 2.8660856116e-01 7.2529534762e+01
1.5253483309e+00 2.8092745834e-01 7.6777417260e+01
1.4751699127e+00 2.6999369937e-01 8.1863637206e+01
1.5335834920e+00 2.8043748957e-01 7.7952630554e+01
1.4853639089e+00 2.7377079194e-01 7.8955857695e+01
1.4897715708e+00 2.9061580579e-01 6.8752255227e+01
1.5038331853e+00 2.7700729956e-01 7.7952630554e+01
1.4833301140e+00 2.8574205647e-01 7.0716926810e+01
1.4934442813e+00 2.8286685105e-01 7.2958386597e+01
1.5119102148e+00 2.8572226550e-01 7.2572465000e+01
1.4759062376e+00 2.7691434122e-01 7.5469623924e+01
1.4765162731e+00 2.7360057099e-01 7.8161934912e+01
1.4912996744e+00 2.8093832944e-01 7.3983683510e+01
1.5099237095e+00 2.7499647862e-01 8.0620475268e+01
1.4755029909e+00 2.7686686881e-01 7.5469623924e+01
1.4896566567e+00 2.8212896971e-01 7.3129650743e+01
1.4727774074e+00 2.7013628301e-01 8.1325442176e+01
1.5062718335e+00 2.8636294594e-01 7.1841252357e+01
1.5273227991e+00 2.8305201006e-01 7.5384991691e+01
1.4874936947e+00 2.7931832174e-01 7.4749195028e+01
1.5020308121e+00 2.8288937601e-01 7.3557136760e+01
1.4790088760e+00 2.7471325684e-01 7.7449627715e+01
1.4858972063e+00 2.7188383133e-01 8.1035328162e+01
1.5080492125e+00 2.7369760412e-01 8.1946371115e+01
1.4591014051e+00 2.7841642231e-01 7.3172442467e+01
1.5283885376e+00 2.8700038903e-01 7.2958386597e+01
1.5133240588e+00 2.8339940365e-01 7.4068882767e+01
1.5258704578e+00 2.8131595704e-01 7.6524865077e+01
1.5097528344e+00 2.9424706019e-01 6.8223998755e+01
1.5335214153e+00 2.7776470769e-01 8.0537445831e+01
1.5239885766e+00 2.8137674001e-01 7.6314201186e+01
1.4774829494e+00 2.7669001838e-01 7.5765583130e+01
1.4868835548e+00 2.7315378104e-01 7.9747638907e+01
1.4485561811e+00 2.7191158608e-01 7.6819483732e+01
1.4978744314e+00 2.7979510298e-01 7.5257982128e+01
1.4770865429e+00 2.7303030124e-01 7.8747145195e+01
1.5083047743e+00 2.8342183064e-01 7.3685198049e+01
1.5142388269e+00 2.7431037555e-01 8.2070440348e+01
1.5021847516e+00 2.7639057641e-01 7.8329262945e+01
1.5058430519e+00 2.7635698831e-01 7.8747145195e+01
1.5018283663e+00 2.9307752033e-01 6.8312175320e+01
1.5272200667e+00 2.9410059183e-01 6.9234830989e+01
1.5605614458e+00 2.8684358287e-01 7.5427311870e+01
1.5086099122e+00 2.8039308986e-01 7.5723327176e+01
1.5371374135e+00 2.7825151308e-01 8.0454396336e+01
1.5046854500e+00 2.8159533054e-01 7.4579327351e+01
1.4969878521e+00 2.7344087305e-01 8.0703484835e+01
1.4873485954e+00 2.7855962914e-01 7.5257982128e+01
1.4924205011e+00 2.7710381579e-01 7.6777417260e+01
1.4902340624e+00 2.7883810811e-01 7.5300326848e+01
1.5141559732e+00 2.7666261066e-01 7.9372840907e+01
1.4847874328e+00 2.7795873419e-01 7.5469623924e+01
1.4824034018e+00 2.7582881827e-01 7.6861542972e+01
1.4806413440e+00 2.7353162379e-01 7.8663617982e+01
1.5100770145e+00 2.8074156935e-01 7.5596511614e+01
1.5529434428e+00 2.8300585221e-01 7.7659329379e+01
1.5109525250e+00 2.8259058225e-01 7.4409320646e+01
1.5569715896e+00 2.8630663893e-01 7.5511927880e+01
1.4700717888e+00 2.7149241303e-01 7.9456168532e+01
1.5118328090e+00 2.7807790720e-01 7.7826969754e+01
1.5145404024e+00 2.7582422841e-01 8.0288236411e+01
1.4493749922e+00 2.7378116233e-01 7.5469623924e+01
1.4732471715e+00 2.7326685790e-01 7.8120086953e+01
1.4944336977e+00 2.7418636495e-01 7.9581117748e+01
1.4556742653e+00 2.7555544145e-01 7.4749195028e+01
1.4971053872e+00 2.7603748688e-01 7.8120086953e+01
1.5523446177e+00 2.8085883749e-01 7.9539473606e+01
1.5092783011e+00 2.8835417918e-01 7.0977054822e+01
1.4915630308e+00 2.7479707037e-01 7.8663617982e+01
1.5003247525e+00 2.7734478188e-01 7.7323724844e+01
1.4802224845e+00 2.7846095661e-01 7.4749195028e+01
1.5213417570e+00 2.7947349237e-01 7.7575469027e+01
1.5361411293e+00 2.8289733057e-01 7.6229882959e+01
1.4884995335e+00 3.0595205506e-01 6.2868157875e+01
1.5091521336e+00 2.7894330775e-01 7.6861542972e+01
1.4974396654e+00 2.7706080282e-01 7.7281743419e+01
1.4934039122e+00 2.7792937529e-01 7.6229882959e+01
1.5152402793e+00 2.7739450011e-01 7.8788899706e+01
1.5161744066e+00 2.7736870065e-01 7.8914127157e+01
1.5101640960e+00 2.7520958459e-01 8.0412864007e+01
1.4999554426e+00 2.7590296605e-01 7.8538281315e+01
1.4897504614e+00 2.7706155505e-01 7.6566975496e+01
1.4638051763e+00 2.9397586136e-01 6.6001126708e+01
1.4612989314e+00 2.6858430981e-01 8.1615332242e+01
1.5198957197e+00 2.7591887825e-01 8.0869445111e+01
1.5039805348e+00 2.8230024582e-01 7.4068882767e+01
1.5402333417e+00 2.8337046917e-01 7.6229882959e+01
1.4712238012e+00 2.7484005041e-01 7.6609078524e+01
1.5057133962e+00 2.8011381517e-01 7.5681063290e+01
1.5312099934e+00 2.8144338701e-01 7.6903595008e+01
1.5175754271e+00 2.7960252511e-01 7.7113748025e+01
1.5109102537e+00 2.7537052689e-01 8.0329784068e+01
1.5318016747e+00 2.8632417283e-01 7.3599833208e+01
1.5202989095e+00 2.7960678577e-01 7.7365699350e+01
1.5039704399e+00 2.7596386686e-01 7.8914127157e+01
1.4997396224e+00 2.7702427218e-01 7.7533528720e+01
1.5181562343e+00 2.7674965233e-01 7.9747638907e+01
1.5136912227e+00 2.7712736114e-01 7.8872390662e+01
1.4940137364e+00 2.9408170491e-01 6.7472276325e+01
1.4957709942e+00 2.7330117624e-01 8.0703484835e+01
1.5486230706e+00 2.8915754522e-01 7.3086849324e+01
1.5190943355e+00 2.7444877182e-01 8.2648945375e+01
1.5116860399e+00 2.7777079997e-01 7.8078232563e+01
1.4880374586e+00 2.7787076585e-01 7.5807831180e+01
1.4730039507e+00 2.8432594307e-01 7.0803681768e+01
1.4995504604e+00 2.7993081508e-01 7.5300326848e+01
1.5155573353e+00 2.8162061694e-01 7.5427311870e+01
1.4662714550e+00 2.7844209531e-01 7.3685198049e+01
1.5099059001e+00 2.7728213408e-01 7.8329262945e+01
1.4981158184e+00 2.8453748368e-01 7.2314731052e+01
1.5127364978e+00 2.7899010711e-01 7.7155757380e+01
1.4825381497e+00 2.8337007483e-01 7.1927433851e+01
1.4899687430e+00 2.7593948152e-01 7.7491581624e+01
1.5202026993e+00 3.0431463940e-01 6.4784873432e+01
1.5308289822e+00 2.7772365800e-01 8.0246683597e+01
1.4902718293e+00 2.7292594445e-01 8.0412864007e+01
1.5120567822e+00 2.8103214200e-01 7.5554223768e+01
1.4906837562e+00 2.9242284631e-01 6.8003319346e+01
1.4831712807e+00 2.7776884456e-01 7.5469623924e+01
1.4405716348e+00 2.7676144934e-01 7.2829835522e+01
1.4863874583e+00 2.8042455807e-01 7.3941070253e+01
1.4951280692e+00 2.8299434276e-01 7.3001217281e+01
1.4705263952e+00 2.7598763418e-01 7.5681063290e+01
1.4698534588e+00 2.7306023160e-01 7.7952630554e+01
1.5347958024e+00 2.9520590476e-01 6.9147205641e+01
1.5270424138e+00 2.8242123445e-01 7.5807831180e+01
1.4918099602e+00 2.7093620680e-01 8.3267938661e+01
1.4845264375e+00 2.7190128431e-01 8.0827962340e+01
1.5253465978e+00 2.7592348602e-01 8.1615332242e+01
1.4741746694e+00 2.7864590937e-01 7.4154045875e+01
1.4904706069e+00 2.8131501954e-01 7.3685198049e+01
1.5023996717e+00 2.7753463508e-01 7.7365699350e+01
1.5037155233e+00 2.8301886488e-01 7.3599833208e+01
1.4899765930e+00 2.7954772385e-01 7.4791640439e+01
1.4714470263e+00 2.7011717557e-01 8.1159690671e+01
1.4426712282e+00 2.6482240965e-01 8.4092049576e+01
1.4883063988e+00 2.6947463878e-01 8.5284881255e+01
1.5486074028e+00 2.8230889917e-01 7.7826969754e+01
1.5133566958e+00 2.7791587941e-01 7.8120086953e+01
1.5122267676e+00 2.8040801175e-01 7.6018953826e+01
1.5514687707e+00 2.8585395786e-01 7.5384991691e+01
1.5118713463e+00 2.8030932671e-01 7.6061155025e+01
1.5292492044e+00 2.7839258071e-01 7.9372840907e+01
1.4914442638e+00 2.7356032289e-01 7.9872472277e+01
1.5270139726e+00 2.7698592194e-01 8.0578963045e+01
1.5051134681e+00 2.8388953391e-01 7.3172442467e+01
1.4990777651e+00 2.7859176932e-01 7.6229882959e+01
1.5222489516e+00 2.9359603309e-01 6.9191024681e+01
1.5644009304e+00 2.9034822339e-01 7.3471715656e+01
1.5161337167e+00 2.7877217001e-01 7.7659329379e+01
1.4932489505e+00 2.7265927400e-01 8.1118241196e+01
1.5411910229e+00 2.8423999617e-01 7.5681063290e+01
1.4973815279e+00 2.7440409850e-01 7.9706016880e+01
1.5204748121e+00 2.7988564101e-01 7.7155757380e+01
1.4830022724e+00 2.8561779018e-01 7.0760310020e+01
1.4865740649e+00 2.7978603625e-01 7.4366797030e+01
1.5070977907e+00 2.8099765060e-01 7.5173267951e+01
1.4808877999e+00 3.0357893425e-01 6.3327406548e+01
1.5184559225e+00 2.7826753993e-01 7.8329262945e+01
1.4752638416e+00 2.7350165696e-01 7.8120086953e+01
1.5168233472e+00 2.9081843785e-01 7.0195421835e+01
1.4568528270e+00 2.6944154741e-01 7.9997257084e+01
1.4964627113e+00 2.7577529255e-01 7.8287440457e+01
1.5396299614e+00 2.8945730335e-01 7.2314731052e+01
1.4753043871e+00 2.8789338670e-01 6.9191024681e+01
1.5170736967e+00 2.7556108273e-01 8.0910923055e+01
1.5110118533e+00 2.7617618091e-01 7.9497823876e+01
1.5124241264e+00 2.7975654654e-01 7.6524865077e+01
1.4764570087e+00 2.9397171650e-01 6.6627238716e+01
1.5104903132e+00 2.9032493613e-01 7.0064779975e+01
1.4809577038e+00 2.7411704972e-01 7.8161934912e+01
1.5225573423e+00 2.8098748811e-01 7.6482747241e+01
1.5047012372e+00 2.7885870412e-01 7.6524865077e+01
1.5218814055e+00 2.7802428976e-01 7.8914127157e+01
1.4809285593e+00 2.7549916253e-01 7.6987677568e+01
1.5365520656e+00 2.7792485946e-01 8.0744982225e+01
1.5273448709e+00 2.8257433868e-01 7.5723327176e+01
1.4992930255e+00 2.7520744277e-01 7.9122720780e+01
1.4853014474e+00 2.7157734107e-01 8.1325442176e+01
1.4980895625e+00 2.8909847167e-01 6.9934029987e+01
1.4824505728e+00 2.7578164727e-01 7.6903595008e+01
1.5347604025e+00 2.8290919613e-01 7.6103348511e+01
1.4689817074e+00 2.7213274241e-01 7.8705384629e+01
1.5369033635e+00 2.7757356156e-01 8.1201135484e+01
1.5133037954e+00 2.7660692075e-01 7.9331168577e+01
1.4889782528e+00 2.7241332508e-01 8.0827962340e+01
1.5127364978e+00 2.7899010711e-01 7.7155757380e+01
1.5091387296e+00 2.9986939547e-01 6.5911435049e+01
1.4933257976e+00 2.7710292760e-01 7.6861542972e+01
1.5263275964e+00 2.7994819284e-01 7.7659329379e+01
1.4730035779e+00 2.7170997247e-01 7.9581117748e+01
1.5158901403e+00 2.8537994350e-01 7.3044038180e+01
1.5025604606e+00 2.8281321999e-01 7.3642520295e+01
1.5404452156e+00 2.7722438299e-01 8.2153132349e+01
1.4969282260e+00 2.7938290641e-01 7.5469623924e+01
1.5018848529e+00 2.7216304545e-01 8.3144205481e+01
1.4914740500e+00 2.7443417452e-01 7.8997582302e+01
1.4971082055e+00 2.9007982865e-01 6.9409929629e+01
1.5434907135e+00 2.7828649925e-01 8.1242575657e+01
1.4874255481e+00 2.7396602970e-01 7.8997582302e+01
1.4940122495e+00 2.8139347383e-01 7.3898447871e+01
1.4588613827e+00 2.7191946334e-01 7.7826969754e+01
1.5110859694e+00 2.7610206479e-01 7.9581117748e+01
1.5074544635e+00 2.7338602132e-01 8.2277139574e+01
1.5194963374e+00 2.8313847956e-01 7.4706741043e+01
1.4897210008e+00 2.7889906183e-01 7.5215629171e+01
1.5088219005e+00 2.7972730196e-01 7.6229882959e+01
1.4826800262e+00 2.7464986751e-01 7.7868863262e+01
1.5255554229e+00 2.8026511092e-01 7.7323724844e+01
1.4921764078e+00 2.8322931554e-01 7.2658295222e+01
1.5316150275e+00 2.8514218775e-01 7.4324264582e+01
1.5299260459e+00 2.8455087914e-01 7.4579327351e+01
1.4964395511e+00 2.7987158125e-01 7.5088520605e+01
1.4901015093e+00 2.7625859189e-01 7.7239755051e+01
1.5210829831e+00 2.7700406357e-01 7.9830866582e+01
1.4877978163e+00 2.8127435418e-01 7.3514430919e+01
1.4994810982e+00 2.7909422985e-01 7.5892303678e+01
1.4907302055e+00 2.8829807702e-01 6.9890422465e+01
1.5187362079e+00 2.7571538063e-01 8.0952396196e+01
1.4830416047e+00 2.7564183648e-01 7.7071731622e+01
1.5007360353e+00 2.9598742718e-01 6.7028177859e+01
1.5305827113e+00 2.7796992887e-01 7.9955667504e+01
1.5084871818e+00 2.9596781513e-01 6.7427931188e+01
1.4936053516e+00 2.7591896527e-01 7.7868863262e+01
1.5196030765e+00 2.7712038597e-01 7.9539473606e+01
1.5169663436e+00 2.8430374022e-01 7.3770525678e+01
1.5147525748e+00 2.7742809821e-01 7.8705384629e+01
1.4636169391e+00 2.8244691252e-01 7.1193517300e+01
1.5086485057e+00 2.7672517487e-01 7.8705384629e+01
1.4893609430e+00 2.7293365573e-01 8.0288236411e+01
1.4897859280e+00 2.7567045834e-01 7.7701249475e+01
1.5022115289e+00 3.0770768069e-01 6.2868157875e+01
1.4769173377e+00 3.0936344285e-01 6.1338902413e+01
1.4938300750e+00 2.8157564837e-01 7.3770525678e+01
1.5065349032e+00 2.7657169932e-01 7.8621845231e+01
1.4775609886e+00 2.7075413883e-01 8.1242575657e+01
1.4753705047e+00 2.7925333667e-01 7.3855816334e+01
1.5455831461e+00 2.8670533355e-01 7.4366797030e+01
1.5016705767e+00 2.7781069872e-01 7.7071731622e+01
1.4934752534e+00 2.7424070908e-01 7.9414507550e+01
1.5074892950e+00 2.8650803377e-01 7.1841252357e+01
1.4796595260e+00 2.8037780987e-01 7.3471715656e+01
1.4776522106e+00 2.6886181878e-01 8.4050874581e+01
1.5228153379e+00 2.8118455665e-01 7.6356348960e+01
1.5253747573e+00 2.9594590129e-01 6.8312175320e+01
1.5120628699e+00 2.7830176087e-01 7.7659329379e+01
1.5035228259e+00 2.7459958605e-01 8.0246683597e+01
1.5082061508e+00 2.8125068908e-01 7.5088520605e+01
1.4930157063e+00 2.9281150505e-01 6.7959142354e+01
1.5079353612e+00 2.7245201537e-01 8.3803759085e+01
1.4892882376e+00 2.7842772490e-01 7.5511927880e+01
1.4932972534e+00 2.8256115521e-01 7.3129650743e+01
1.5146573806e+00 2.8115721727e-01 7.5681063290e+01
1.5439313521e+00 2.7921575207e-01 8.0246683597e+01
1.4818380526e+00 2.7955352524e-01 7.4154045875e+01
1.5446894179e+00 2.8028474196e-01 7.9247806762e+01
1.4956134549e+00 2.7752941919e-01 7.6735343529e+01
1.4700024626e+00 2.7066227384e-01 8.0329784068e+01
1.5310338666e+00 2.7751877361e-01 8.0495923602e+01
1.4651480208e+00 2.7461740509e-01 7.6229882959e+01
1.5601943211e+00 2.8170899116e-01 7.9581117748e+01
1.5148729968e+00 2.7730767616e-01 7.8830648187e+01
1.5168136531e+00 2.7900094482e-01 7.7533528720e+01
1.5153025651e+00 2.7960332160e-01 7.6903595008e+01
1.5024669472e+00 2.7474974808e-01 7.9955667504e+01
1.4944129372e+00 2.9050725094e-01 6.9059529216e+01
1.4665116157e+00 2.7325381014e-01 7.7449627715e+01
1.4932580139e+00 2.8395868137e-01 7.2314731052e+01
1.4771111213e+00 2.7210478719e-01 7.9664389360e+01
1.4804503309e+00 2.7733070671e-01 7.5554223768e+01
1.5181733967e+00 2.7627819188e-01 8.0246683597e+01
1.5272821066e+00 2.7808321002e-01 7.9456168532e+01
1.5148303525e+00 2.8371129884e-01 7.3983683510e+01
1.5093681958e+00 2.7464512271e-01 8.0952396196e+01
1.5062273070e+00 2.7914637350e-01 7.6440621960e+01
1.5116956076e+00 2.7685359493e-01 7.8914127157e+01
1.4744171310e+00 2.6894646633e-01 8.3267938661e+01
1.4947013012e+00 2.7211071518e-01 8.2029088124e+01
1.5318602841e+00 2.8033730562e-01 7.7868863262e+01
1.5167412084e+00 2.7634771575e-01 7.9997257084e+01
1.5309834441e+00 2.7893576547e-01 7.9039301002e+01
1.5120929492e+00 2.7781776702e-01 7.8078232563e+01
1.5113402730e+00 2.9265962152e-01 6.9015671758e+01
1.5250547256e+00 2.7758009129e-01 7.9706016880e+01
1.5250292876e+00 2.8397883747e-01 7.4579327351e+01
1.4548021204e+00 2.7149225396e-01 7.7785069637e+01
1.4929671526e+00 2.7565290997e-01 7.8036371717e+01
1.5448240783e+00 2.8609222365e-01 7.4706741043e+01
1.5374539742e+00 2.8386668438e-01 7.5638791445e+01
1.5137109728e+00 2.7619974337e-01 7.9789255467e+01
1.4980848811e+00 2.7596301725e-01 7.8287440457e+01
1.4942809010e+00 2.7388709229e-01 7.9872472277e+01
1.5097354898e+00 2.7972135015e-01 7.6314201186e+01
1.5027970930e+00 2.7623118952e-01 7.8538281315e+01
1.4733091432e+00 2.7365510274e-01 7.7785069637e+01
1.5071632293e+00 2.7594337321e-01 7.9289490537e+01
1.4883946127e+00 2.7570649042e-01 7.7533528720e+01
1.4739589459e+00 2.7075460448e-01 8.0744982225e+01
1.4870675859e+00 2.7071345168e-01 8.2772810718e+01
1.4675943939e+00 2.8657857384e-01 6.9366173885e+01
1.5001274373e+00 2.8252586484e-01 7.3642520295e+01
1.4955294067e+00 2.7806596028e-01 7.6314201186e+01
1.4565186086e+00 2.8369645316e-01 7.0108339229e+01
1.5235984547e+00 2.7858141287e-01 7.8580066351e+01
1.5012659282e+00 2.8138737393e-01 7.4451835457e+01
1.4990499373e+00 2.7318806650e-01 8.1284011213e+01
1.5006652918e+00 2.8561548879e-01 7.1884348405e+01
1.5205360382e+00 2.7846025613e-01 7.8371079129e+01
1.5026069898e+00 2.7460970551e-01 8.0121993975e+01
1.4567657140e+00 2.7670887771e-01 7.4068882767e+01
1.4400314336e+00 3.0198255901e-01 6.2129397874e+01
1.5190162735e+00 2.7861620675e-01 7.8078232563e+01
1.5315216096e+00 2.7930883741e-01 7.8747145195e+01
1.5301992601e+00 2.8154257710e-01 7.6735343529e+01
1.4831049156e+00 2.7873815341e-01 7.4791640439e+01
1.5181355179e+00 2.8586437664e-01 7.2915546096e+01
1.5001888092e+00 2.7204919463e-01 8.3020440166e+01
1.5060100093e+00 2.8253919317e-01 7.4068882767e+01
1.5291229100e+00 2.9311089511e-01 6.9803170919e+01
1.5362981792e+00 2.7726689709e-01 8.1491120555e+01
1.4822950205e+00 2.7413270137e-01 7.8287440457e+01
1.4786496013e+00 2.8183910998e-01 7.2529534762e+01
1.4899143778e+00 2.7238022084e-01 8.0993864557e+01
1.4814211069e+00 2.7049807241e-01 8.2153132349e+01
1.5104005386e+00 2.7542667275e-01 8.0205125602e+01
1.5290724785e+00 2.8996598143e-01 7.1366486818e+01
1.5249664645e+00 2.8358617563e-01 7.4834077304e+01
1.4752647839e+00 2.7079906775e-01 8.0869445111e+01
1.5277576917e+00 2.7760762484e-01 7.9997257084e+01
1.5224074741e+00 2.7613417721e-01 8.0952396196e+01
1.5045118104e+00 2.8176897019e-01 7.4451835457e+01
1.4832383694e+00 2.7725034188e-01 7.5850071354e+01
1.4807885302e+00 2.7428622329e-01 7.7994504389e+01
1.5049624974e+00 2.8358670507e-01 7.3343513034e+01
1.4910590413e+00 2.7213873251e-01 8.1449707735e+01
1.4980718583e+00 2.8820892231e-01 7.0369444415e+01
1.4859175619e+00 2.7592550712e-01 7.7113748025e+01
1.5127543949e+00 2.7261928560e-01 8.4503634743e+01
1.5106499740e+00 2.9016527537e-01 7.0151886504e+01
1.5360808603e+00 2.8797969543e-01 7.2915546096e+01
1.4550570488e+00 2.7123732560e-01 7.8036371717e+01
1.4910036304e+00 2.7354919522e-01 7.9830866582e+01
1.5129171506e+00 2.8198873607e-01 7.4961336903e+01
1.5252600835e+00 2.8374804159e-01 7.4749195028e+01
1.4993163406e+00 2.7292166323e-01 8.1656727290e+01
1.5038127639e+00 2.8201444747e-01 7.4239173069e+01
1.4842986466e+00 2.8296532356e-01 7.2271739586e+01
1.4973678865e+00 2.8483215363e-01 7.2099670255e+01
1.4955652442e+00 2.7486348095e-01 7.9039301002e+01
1.4810114743e+00 2.7722074574e-01 7.5681063290e+01
1.4706257519e+00 2.6913967403e-01 8.2318467199e+01
1.5003364494e+00 2.7144917698e-01 8.4050874581e+01
1.5004589875e+00 2.8355433098e-01 7.3044038180e+01
1.4786768941e+00 2.7729979966e-01 7.5427311870e+01
1.4933482092e+00 2.9066510933e-01 6.8927918164e+01
1.4919284579e+00 2.7126931585e-01 8.2772810718e+01
1.4776271781e+00 2.7564415838e-01 7.6566975496e+01
1.4975523089e+00 2.8147597363e-01 7.4111468825e+01
1.5054233414e+00 2.8267209993e-01 7.3941070253e+01
1.5299120791e+00 2.7545323749e-01 8.2979177816e+01
1.5362379080e+00 2.7732716834e-01 8.1408290413e+01
1.5137081573e+00 2.8483349407e-01 7.3215224529e+01
1.4869613037e+00 2.8437198378e-01 7.1668761497e+01
1.5204748121e+00 2.7988564101e-01 7.7155757380e+01
1.4927042194e+00 2.7682009747e-01 7.7029708145e+01
1.5388415724e+00 2.8384886318e-01 7.5765583130e+01
1.4807742754e+00 2.8016584985e-01 7.3685198049e+01
1.4975619187e+00 2.7558095542e-01 7.8580066351e+01
1.5007520162e+00 2.8280792510e-01 7.3514430919e+01
1.5023602526e+00 2.7485644271e-01 7.9830866582e+01
1.4944920544e+00 2.8046102221e-01 7.4536838781e+01
1.4793420972e+00 2.7392923927e-01 7.8161934912e+01
1.4974423947e+00 2.8113293332e-01 7.4324264582e+01
1.4930254450e+00 2.7604672552e-01 7.7701249475e+01
1.5155967570e+00 2.8885823994e-01 7.1106965919e+01
1.5179844773e+00 2.9968512137e-01 6.6403971187e+01
1.4795588081e+00 2.7010754884e-01 8.2401110412e+01
1.5025486817e+00 2.7512085268e-01 7.9581117748e+01
1.4800240138e+00 2.7189516556e-01 8.0246683597e+01
1.4544470904e+00 2.7319281785e-01 7.6356348960e+01
1.5093661074e+00 2.7918309509e-01 7.6693262514e+01
1.5110244579e+00 2.8524455316e-01 7.2786965387e+01
1.5144358337e+00 2.8319664662e-01 7.4281723271e+01
1.5023599313e+00 2.7984010883e-01 7.5596511614e+01
1.5359254963e+00 2.7627209341e-01 8.2772810718e+01
1.5040624302e+00 2.7541884528e-01 7.9456168532e+01
1.5114889775e+00 2.8114580185e-01 7.5427311870e+01
1.5262787578e+00 2.8227388240e-01 7.5850071354e+01
1.5231198036e+00 2.8179033409e-01 7.5934528179e+01
1.4907654925e+00 2.7830667794e-01 7.5723327176e+01
1.5054182347e+00 2.7814170658e-01 7.7155757380e+01
1.5101140003e+00 2.7435273382e-01 8.1408290413e+01
1.5044033601e+00 2.7915658118e-01 7.6272045862e+01
1.5400147315e+00 2.8267570405e-01 7.6735343529e+01
1.5035228259e+00 2.7459958605e-01 8.0246683597e+01
1.4958992121e+00 2.7543407537e-01 7.8538281315e+01
1.5076231239e+00 2.9956329102e-01 6.5956288709e+01
1.4938589841e+00 2.7792664230e-01 7.6272045862e+01
1.4786180328e+00 2.7375182692e-01 7.8245611639e+01
1.5177391271e+00 2.8671586990e-01 7.2400683165e+01
1.5161445110e+00 2.8057895144e-01 7.6229882959e+01
1.4899149087e+00 2.8911337379e-01 6.9453672823e+01
1.4765568986e+00 2.7987082325e-01 7.3557136760e+01
1.4768488125e+00 2.7732415530e-01 7.5257982128e+01
1.4966905159e+00 2.8097901854e-01 7.4366797030e+01
1.5203083548e+00 2.8050689453e-01 7.6651174188e+01
1.5215791748e+00 2.8287582221e-01 7.5046134423e+01
1.4883102931e+00 2.7308128478e-01 7.9997257084e+01
1.4696745887e+00 2.7503896167e-01 7.6314201186e+01
1.4881934028e+00 2.7500437099e-01 7.8120086953e+01
1.4570829869e+00 2.8808062513e-01 6.8091632103e+01
1.4916271485e+00 2.7834935327e-01 7.5765583130e+01
1.5003958754e+00 2.9133072953e-01 6.9015671758e+01
1.5046834819e+00 2.8205090630e-01 7.4281723271e+01
1.5107611939e+00 2.7733424747e-01 7.8371079129e+01
1.4688276420e+00 2.7768638742e-01 7.4366797030e+01
1.4477534767e+00 2.7988643154e-01 7.1539280443e+01
1.4929891977e+00 2.7743952750e-01 7.6566975496e+01
1.4979727231e+00 2.7471769666e-01 7.9456168532e+01
1.5099174211e+00 2.7908558089e-01 7.6819483732e+01
1.4877954124e+00 2.7224192344e-01 8.0869445111e+01
1.5190900468e+00 2.8354477018e-01 7.4409320646e+01
1.4980484024e+00 2.7554696464e-01 7.8663617982e+01
1.4838247609e+00 2.7260296089e-01 7.9955667504e+01
1.4942043592e+00 2.7758126717e-01 7.6566975496e+01
1.5149461892e+00 2.8541426399e-01 7.2958386597e+01
1.4868498740e+00 2.7634789985e-01 7.6861542972e+01
1.4948353097e+00 3.1280647534e-01 6.1011674745e+01
1.4984094118e+00 2.7926012255e-01 7.5681063290e+01
1.4923143444e+00 2.8354406425e-01 7.2486594398e+01
1.4900364951e+00 2.8174913134e-01 7.3386256743e+01
1.4970491993e+00 2.7473642709e-01 7.9331168577e+01
1.4839159602e+00 2.7973345903e-01 7.4196613947e+01
1.4937083102e+00 2.7807731616e-01 7.6145534310e+01
1.5535361791e+00 2.8332870029e-01 7.7449627715e+01
1.4902700007e+00 2.8649389387e-01 7.0760310020e+01
1.4804618911e+00 2.7190796866e-01 8.0288236411e+01
1.4790013221e+00 2.7427001443e-01 7.7826969754e+01
1.5229416655e+00 2.7605462882e-01 8.1118241196e+01
1.4786768941e+00 2.7729979966e-01 7.5427311870e+01
1.5013754421e+00 2.7312502614e-01 8.1698117953e+01
1.4988243006e+00 2.7884523384e-01 7.6018953826e+01
1.5335541410e+00 2.7909923941e-01 7.9164421908e+01
1.4943015201e+00 2.7251049632e-01 8.1449707735e+01
1.5208151672e+00 2.7772648412e-01 7.9081013820e+01
1.4995979428e+00 2.7264006102e-01 8.2070440348e+01
1.5000295262e+00 2.7628160617e-01 7.8203776466e+01
1.5201428693e+00 2.7658059321e-01 8.0163562403e+01
1.5059495731e+00 2.8577703181e-01 7.2142703171e+01
1.4846257049e+00 2.8354228840e-01 7.1970508727e+01
1.4970710526e+00 2.8558224953e-01 7.1668761497e+01
1.5149028486e+00 2.8454812706e-01 7.3471715656e+01
1.4683811285e+00 2.7093470026e-01 7.9830866582e+01
1.4834869795e+00 2.7745314579e-01 7.5723327176e+01
1.5341555572e+00 2.7895365208e-01 7.9372840907e+01
1.5120441898e+00 2.8558829045e-01 7.2658295222e+01
1.5078726745e+00 2.7704751364e-01 7.8329262945e+01
1.4767510103e+00 2.7516816898e-01 7.6861542972e+01
1.4791448287e+00 2.7322503103e-01 7.8788899706e+01
1.5231198036e+00 2.8179033409e-01 7.5934528179e+01
1.5079056136e+00 2.9381934299e-01 6.8312175320e+01
1.4711587590e+00 2.7265478393e-01 7.8454692681e+01
1.4976000369e+00 2.8006949749e-01 7.5046134423e+01
1.4852480963e+00 2.8472840546e-01 7.1366486818e+01
1.4812710781e+00 2.7650995949e-01 7.6229882959e+01
1.5085269071e+00 2.7684677341e-01 7.8580066351e+01
1.5273223528e+00 2.7576745176e-01 8.2111788416e+01
1.5222604783e+00 2.8492593661e-01 7.3770525678e+01
1.4793343518e+00 2.7123301811e-01 8.0910923055e+01
1.4739591074e+00 2.6985443557e-01 8.1863637206e+01
1.5273126326e+00 2.9537780290e-01 6.8664345286e+01
1.4765234171e+00 2.7134137783e-01 8.0412864007e+01
1.5305138918e+00 2.8624332351e-01 7.3557136760e+01
1.5074838506e+00 2.7516945150e-01 8.0121993975e+01
1.5002465498e+00 2.9102602534e-01 6.9147205641e+01
1.4920351351e+00 2.8291794142e-01 7.2829835522e+01
1.4857984070e+00 2.8553488048e-01 7.0977054822e+01
1.4793027882e+00 2.7667390559e-01 7.5934528179e+01
1.4584669781e+00 2.7410954321e-01 7.6018953826e+01
1.5003740981e+00 2.8318584318e-01 7.3257996956e+01
1.5136701158e+00 2.8578085984e-01 7.2658295222e+01
1.5365864368e+00 2.7743454477e-01 8.1325442176e+01
1.4821167362e+00 2.7611548391e-01 7.6609078524e+01
1.4823718925e+00 2.7540914514e-01 7.7197759713e+01
1.4556243243e+00 2.6977322164e-01 7.9497823876e+01
1.5042933679e+00 2.8652521593e-01 7.1625611953e+01
1.4887948541e+00 2.9249877747e-01 6.7870746947e+01
1.4758240831e+00 2.7068994632e-01 8.1076787034e+01
1.4771345908e+00 2.7613674568e-01 7.6145534310e+01
1.4945451279e+00 2.7588359731e-01 7.7994504389e+01
1.5445318115e+00 2.8638449050e-01 7.4494341492e+01
1.4837871893e+00 2.7850740934e-01 7.5003739865e+01
1.5269453976e+00 2.8160724255e-01 7.6398489209e+01
1.4903652882e+00 2.7554293630e-01 7.7868863262e+01
1.5406684887e+00 2.8750448605e-01 7.3514430919e+01
1.4781938674e+00 2.7417599239e-01 7.7826969754e+01
1.4699187645e+00 2.7479478584e-01 7.6524865077e+01
1.5061195380e+00 2.8016124254e-01 7.5681063290e+01
1.5320313440e+00 2.7652129616e-01 8.1822263856e+01
1.4598418452e+00 2.7767598219e-01 7.3685198049e+01
1.4954120237e+00 2.7546896341e-01 7.8454692681e+01
1.5238833180e+00 2.8193721582e-01 7.5892303678e+01
1.4868295327e+00 2.7185390840e-01 8.1201135484e+01
1.4896047191e+00 2.7630350543e-01 7.7155757380e+01
1.5253967096e+00 2.8087907960e-01 7.6819483732e+01
1.4866256074e+00 2.7747549576e-01 7.5976744886e+01
1.4965868614e+00 2.7791360685e-01 7.6524865077e+01
1.4653678963e+00 2.7035254983e-01 8.0080420295e+01
1.5028693055e+00 2.7570602257e-01 7.9039301002e+01
1.5467633993e+00 2.9559818043e-01 6.9628520827e+01
1.4937992669e+00 2.7753402061e-01 7.6566975496e+01
1.4787172355e+00 2.8493218373e-01 7.0847042089e+01
1.4844625548e+00 2.7196516701e-01 8.0744982225e+01
1.5272537980e+00 2.8950341730e-01 7.1496098411e+01
1.4876553655e+00 2.7373621234e-01 7.9247806762e+01
1.4760873862e+00 2.9208060704e-01 6.7383571780e+01
1.4922924827e+00 2.7497148750e-01 7.8580066351e+01
1.4863868263e+00 2.8494646116e-01 7.1323261011e+01
1.4570829869e+00 2.8808062513e-01 6.8091632103e+01
1.4800597039e+00 2.7636801791e-01 7.6229882959e+01
1.4741772024e+00 2.6963634056e-01 8.2194472172e+01
1.4794051074e+00 2.7431702545e-01 7.7826969754e+01
1.4917241070e+00 2.7508790937e-01 7.8412889032e+01
1.5335834920e+00 2.8043748957e-01 7.7952630554e+01
1.4990776596e+00 2.7497023880e-01 7.9331168577e+01
1.5319974980e+00 2.8111171124e-01 7.7239755051e+01
1.5446483127e+00 2.7895549813e-01 8.0620475268e+01
1.4906084747e+00 2.7710748774e-01 7.6609078524e+01
1.4920022059e+00 2.7390601863e-01 7.9581117748e+01
1.5185053981e+00 2.7367527488e-01 8.3762562043e+01
1.4955945110e+00 2.7664349281e-01 7.7449627715e+01
1.5499141515e+00 2.8420443144e-01 7.6440621960e+01
1.5102287048e+00 2.7741301379e-01 7.8245611639e+01
1.5248547906e+00 2.8142099863e-01 7.6356348960e+01
1.5087807219e+00 2.7341931828e-01 8.2442426045e+01
1.5185263098e+00 2.7410846954e-01 8.3061698879e+01
1.4771119026e+00 2.7390603188e-01 7.7952630554e+01
1.5272447042e+00 2.8768820252e-01 7.2486594398e+01
1.4955791328e+00 2.7801623417e-01 7.6356348960e+01
1.4778664433e+00 2.7134946519e-01 8.0578963045e+01
1.5163065287e+00 2.7950806916e-01 7.7071731622e+01
1.4880852198e+00 2.9139605563e-01 6.8312175320e+01
1.5611224781e+00 2.8215575042e-01 7.9247806762e+01
1.5186883165e+00 2.8121737870e-01 7.5976744886e+01
1.4966646508e+00 2.8191067719e-01 7.3770525678e+01
1.5256015217e+00 2.8021901210e-01 7.7365699350e+01
1.5207538345e+00 2.8461148206e-01 7.3855816334e+01
1.5271330935e+00 2.7777704413e-01 7.9747638907e+01
1.4608489050e+00 2.7038080172e-01 7.9497823876e+01
1.5238397126e+00 2.8289137032e-01 7.5215629171e+01
1.5149128084e+00 2.7726786461e-01 7.8872390662e+01
1.4942095382e+00 2.7395845512e-01 7.9789255467e+01
1.4871798347e+00 2.7330887658e-01 7.9622756324e+01
1.4948620720e+00 2.7330592125e-01 8.0578963045e+01
1.4964874553e+00 2.7891826809e-01 7.5765583130e+01
1.4763613431e+00 2.7465659132e-01 7.7239755051e+01
1.5404298378e+00 2.8637198757e-01 7.4196613947e+01
1.4859750984e+00 2.7451361289e-01 7.8329262945e+01
1.4926845976e+00 2.7864868986e-01 7.5638791445e+01
1.4937156716e+00 2.7264442957e-01 8.1201135484e+01
1.4880342742e+00 2.8963526019e-01 6.9103373832e+01
1.5070898800e+00 2.7828380055e-01 7.7197759713e+01
1.5042002672e+00 2.8071992092e-01 7.5130898438e+01
1.5200749755e+00 2.8301482903e-01 7.4834077304e+01
1.5035724228e+00 2.8089431127e-01 7.4961336903e+01
1.4863456319e+00 2.7143540567e-01 8.1656727290e+01
1.4755140108e+00 2.7145023510e-01 8.0163562403e+01
1.5119681886e+00 2.7658101393e-01 7.9206117227e+01
1.4869918576e+00 2.8298464416e-01 7.2443643876e+01
1.5095637390e+00 2.8080089177e-01 7.5511927880e+01
1.5345251150e+00 2.9044904480e-01 7.1452905485e+01
1.4993773422e+00 2.7919798586e-01 7.5807831180e+01
1.5013970459e+00 2.7672536613e-01 7.7952630554e+01
1.5461013373e+00 2.8572971175e-01 7.5046134423e+01
1.5204748121e+00 2.7988564101e-01 7.7155757380e+01
1.5279680542e+00 2.7739726243e-01 8.0246683597e+01
1.5078569358e+00 2.7978478275e-01 7.6103348511e+01
1.4874958595e+00 2.7570191429e-01 7.7449627715e+01
1.5003080147e+00 2.7419245351e-01 8.0288236411e+01
1.4720861702e+00 2.7262738012e-01 7.8580066351e+01
1.5147774806e+00 2.7876562664e-01 7.7533528720e+01
1.5214702419e+00 2.7661680478e-01 8.0288236411e+01
1.4769942391e+00 2.8349447222e-01 7.1496098411e+01
1.5217446381e+00 2.7998031850e-01 7.7197759713e+01
1.4830253610e+00 2.7295133281e-01 7.9497823876e+01
1.4935154270e+00 2.8596584847e-01 7.1236776285e+01
1.5357061350e+00 2.7740307426e-01 8.1242575657e+01
1.4874344725e+00 2.8028148995e-01 7.4111468825e+01
1.4912283112e+00 2.7784385929e-01 7.6103348511e+01
1.4813548690e+00 2.7146570976e-01 8.0910923055e+01
1.4977824480e+00 2.8033996401e-01 7.4876505650e+01
1.5359939182e+00 2.8076329707e-01 7.7910750187e+01
1.5136114756e+00 2.7720710825e-01 7.8788899706e+01
1.5114010738e+00 2.7306566034e-01 8.3432867286e+01
1.5209291818e+00 2.7988606750e-01 7.7197759713e+01
1.5237151356e+00 2.7891968137e-01 7.8287440457e+01
1.4889179362e+00 2.7518316695e-01 7.8036371717e+01
1.4541615860e+00 2.7482420566e-01 7.5130898438e+01
1.4939177302e+00 2.7199049426e-01 8.2070440348e+01
1.4919286792e+00 2.7397954525e-01 7.9497823876e+01
1.5271127684e+00 2.8508482134e-01 7.4026287672e+01
1.4924848879e+00 2.7658728260e-01 7.7197759713e+01
1.4660574997e+00 2.7280877061e-01 7.7785069637e+01
1.5186670660e+00 2.7896541424e-01 7.7743162886e+01
1.4874144789e+00 2.8753859765e-01 7.0064779975e+01
1.5295845432e+00 2.7805724189e-01 7.9747638907e+01
1.4957261331e+00 2.7696428659e-01 7.7197759713e+01
1.5297550250e+00 2.7970862316e-01 7.8203776466e+01
1.4995968159e+00 2.8804490264e-01 7.0543278672e+01
1.5030472573e+00 2.8504818408e-01 7.2357712234e+01
1.4987621774e+00 2.7936023457e-01 7.5638791445e+01
1.4686707480e+00 2.7514279494e-01 7.6145534310e+01
1.4874026794e+00 2.7850554512e-01 7.5300326848e+01
1.5284053078e+00 2.7650482989e-01 8.1325442176e+01
1.4963436513e+00 2.8087304398e-01 7.4409320646e+01
1.4868075944e+00 2.7142462563e-01 8.1739504252e+01
1.5229412517e+00 2.7878370489e-01 7.8329262945e+01
1.5305233017e+00 2.7757389181e-01 8.0371326592e+01
1.5056916448e+00 2.8058913578e-01 7.5342663360e+01
1.5042319950e+00 2.7479628751e-01 8.0121993975e+01
1.4782368738e+00 2.7187997033e-01 8.0038841340e+01
1.5079020213e+00 2.7928601285e-01 7.6482747241e+01
1.5136661201e+00 2.7397559847e-01 8.2442426045e+01
1.5016472023e+00 2.8735579968e-01 7.1020369769e+01
1.5249050861e+00 2.7681987050e-01 8.0495923602e+01
1.4882238967e+00 2.7181343917e-01 8.1449707735e+01
1.5201080005e+00 2.7661546197e-01 8.0121993975e+01
1.4674988927e+00 2.7586470467e-01 7.5511927880e+01
1.5059632758e+00 2.8349356409e-01 7.3471715656e+01
1.5009404530e+00 2.7310744542e-01 8.1656727290e+01
1.4800099724e+00 2.7235988738e-01 7.9747638907e+01
1.4704307800e+00 2.7518293249e-01 7.6272045862e+01
1.5007671428e+00 2.8007334208e-01 7.5300326848e+01
1.5062957093e+00 2.8270729267e-01 7.3983683510e+01
1.4972589681e+00 2.8267533872e-01 7.3343513034e+01
1.4870809421e+00 2.7747188356e-01 7.6018953826e+01
1.4830032284e+00 2.7522899171e-01 7.7407666966e+01
1.5173435843e+00 2.8347166507e-01 7.4324264582e+01
1.5055896959e+00 2.7253271606e-01 8.3226697801e+01
1.4822368831e+00 2.7013297663e-01 8.2814091592e+01
1.5130398525e+00 2.7596314954e-01 7.9955667504e+01
1.4900377496e+00 2.8039097560e-01 7.4239173069e+01
1.4888898798e+00 2.7475953940e-01 7.8412889032e+01
1.5240531939e+00 2.7767176263e-01 7.9497823876e+01
1.4757154120e+00 2.7755592453e-01 7.5003739865e+01
1.4783656520e+00 2.8302592588e-01 7.1841252357e+01
1.5608893392e+00 2.8789197306e-01 7.4749195028e+01
1.4680996069e+00 2.7886463900e-01 7.3557136760e+01
1.5306088039e+00 2.7703298113e-01 8.0993864557e+01
1.5321449048e+00 2.7640773540e-01 8.1987731721e+01
1.5134930419e+00 2.8459400472e-01 7.3343513034e+01
1.4742001879e+00 2.7952194487e-01 7.3599833208e+01
1.4997373929e+00 2.8019691392e-01 7.5130898438e+01
1.4859516696e+00 2.7273177152e-01 8.0080420295e+01
1.4852614556e+00 2.7703314310e-01 7.6187712450e+01
1.4678192100e+00 2.6969861739e-01 8.1159690671e+01
1.5148476315e+00 2.7960395704e-01 7.6861542972e+01
1.4865927016e+00 2.7525036734e-01 7.7743162886e+01
1.4880023793e+00 2.8514049487e-01 7.1323261011e+01
1.4780519915e+00 2.7026313588e-01 8.1946371115e+01
1.4866105582e+00 2.8065341196e-01 7.3813175613e+01
1.4686537125e+00 2.7605983789e-01 7.5469623924e+01
1.5252119139e+00 2.7696795374e-01 8.0371326592e+01
1.4890546606e+00 2.7956540203e-01 7.4706741043e+01
1.5396047111e+00 2.7760867679e-01 8.1532528898e+01
1.4547286562e+00 2.7919502883e-01 7.2400683165e+01
1.5051961214e+00 2.8426071851e-01 7.2958386597e+01
1.4663315423e+00 2.6983819103e-01 8.0786474719e+01
1.4836219750e+00 2.8816365143e-01 6.9541121708e+01
1.4767801925e+00 2.7243571600e-01 7.9289490537e+01
1.4788990166e+00 2.7843087710e-01 7.4664278454e+01
1.5152295662e+00 2.8194838601e-01 7.5173267951e+01
1.4942588644e+00 2.8024160383e-01 7.4664278454e+01
1.4995869334e+00 2.8669384717e-01 7.1236776285e+01
1.5491967105e+00 2.7806212657e-01 8.2359790805e+01
1.4629324649e+00 2.7503480471e-01 7.5723327176e+01
1.5007011205e+00 2.7515728817e-01 7.9331168577e+01
1.5314809255e+00 2.7843828411e-01 7.9581117748e+01
1.5066913276e+00 2.7278994779e-01 8.3020440166e+01
1.4593495854e+00 2.7682014794e-01 7.4196613947e+01
1.4819231772e+00 2.7721152363e-01 7.5765583130e+01
1.4869820488e+00 2.7395807643e-01 7.8955857695e+01
1.4998289514e+00 2.7693494320e-01 7.7617402571e+01
1.5637029435e+00 2.8783196049e-01 7.5003739865e+01
1.5199732835e+00 2.7993241177e-01 7.7071731622e+01
1.5088881633e+00 2.7875355532e-01 7.6987677568e+01
1.5096742743e+00 2.8205233055e-01 7.4664278454e+01
1.4927733261e+00 2.7539466718e-01 7.8245611639e+01
1.5241242957e+00 2.8078584195e-01 7.6777417260e+01
1.5422233677e+00 2.8138044320e-01 7.7994504389e+01
1.5039962011e+00 2.7956374021e-01 7.5934528179e+01
1.5343575947e+00 2.8057531208e-01 7.7910750187e+01
1.5012077454e+00 2.8144555674e-01 7.4409320646e+01
1.5033946285e+00 2.7382206675e-01 8.1118241196e+01
1.5087669710e+00 2.8023603106e-01 7.5850071354e+01
1.4851931938e+00 2.7303902624e-01 7.9664389360e+01
1.4738416300e+00 2.7357287109e-01 7.7910750187e+01
1.4976638719e+00 2.7276485322e-01 8.1615332242e+01
1.5033823718e+00 2.7972423075e-01 7.5765583130e+01
1.4935534953e+00 2.7777979219e-01 7.6356348960e+01
1.4737556299e+00 2.7365887115e-01 7.7826969754e+01
1.4946581333e+00 2.7757987052e-01 7.6609078524e+01
1.5198140530e+00 2.7372905432e-01 8.3927331007e+01
1.5325539827e+00 2.7645414241e-01 8.1987731721e+01
1.5467528311e+00 2.8690816887e-01 7.4324264582e+01
1.5073847238e+00 2.7390890769e-01 8.1573932786e+01
1.4584686145e+00 2.7231223162e-01 7.7449627715e+01
1.4981609116e+00 2.7905578371e-01 7.5807831180e+01
1.5157721488e+00 2.8140580342e-01 7.5596511614e+01
1.5190943355e+00 2.7444877182e-01 8.2648945375e+01
1.4649312263e+00 2.8293356862e-01 7.1020369769e+01
1.5138405723e+00 2.7970253502e-01 7.6693262514e+01
1.4781486277e+00 2.7827909412e-01 7.4706741043e+01
1.4936797501e+00 2.8082071815e-01 7.4239173069e+01
1.5113507499e+00 2.7946783388e-01 7.6651174188e+01
1.5402843596e+00 2.8331945123e-01 7.6272045862e+01
1.5000736430e+00 2.7804876904e-01 7.6735343529e+01
1.4724974279e+00 2.7581769952e-01 7.5976744886e+01
1.4730977919e+00 3.0230793150e-01 6.3419033617e+01
1.4691041949e+00 2.8011171358e-01 7.2872695748e+01
1.5068559508e+00 2.7851772975e-01 7.6987677568e+01
1.4534464665e+00 2.7598803047e-01 7.4281723271e+01
1.4711226264e+00 2.7629187471e-01 7.5511927880e+01
1.5077401803e+00 2.7899420785e-01 7.6693262514e+01
1.4954274995e+00 2.7862039886e-01 7.5892303678e+01
1.4995303919e+00 2.8402954935e-01 7.2701195268e+01
1.4780276336e+00 2.7118827488e-01 8.0786474719e+01
1.4913674374e+00 2.8313303085e-01 7.2658295222e+01
1.4850121115e+00 2.7908899169e-01 7.4706741043e+01
1.5009000137e+00 2.8220658885e-01 7.3898447871e+01
1.5191109833e+00 2.7988531100e-01 7.7029708145e+01
1.5297413505e+00 2.8291202987e-01 7.5681063290e+01
1.5155065612e+00 2.9259063228e-01 6.9278624601e+01
1.4829016191e+00 2.7578182205e-01 7.6945639864e+01
1.4793067500e+00 2.6855804491e-01 8.5038273669e+01
1.5318081578e+00 2.7947796517e-01 7.8621845231e+01
1.5284438010e+00 2.7965339251e-01 7.8120086953e+01
1.4588801737e+00 2.7145185055e-01 7.8245611639e+01
1.5053014823e+00 2.7417979318e-01 8.0952396196e+01
1.4787265913e+00 2.7409398749e-01 7.7952630554e+01
1.4843765624e+00 2.7611214883e-01 7.6819483732e+01
1.4656345854e+00 2.7413084053e-01 7.6651174188e+01
1.5021351799e+00 2.8142476139e-01 7.4494341492e+01
1.4532389284e+00 2.8023566328e-01 7.1711900276e+01
1.4944893984e+00 2.7322656402e-01 8.0620475268e+01
1.4746346350e+00 2.7998920631e-01 7.3343513034e+01
1.5286198695e+00 2.7811121341e-01 7.9581117748e+01
1.4883450955e+00 2.7756312901e-01 7.6061155025e+01
1.4767510103e+00 2.7516816898e-01 7.6861542972e+01
1.5079023707e+00 2.7157890476e-01 8.5572479821e+01
1.5471929965e+00 2.8463805249e-01 7.5892303678e+01
1.4836289911e+00 2.7370090263e-01 7.8830648187e+01
1.5022938523e+00 2.7809352433e-01 7.6903595008e+01
1.5167527088e+00 2.8042524337e-01 7.6398489209e+01
1.5198610652e+00 2.8095418415e-01 7.6272045862e+01
1.4723564919e+00 2.7325722058e-01 7.8036371717e+01
1.5036962275e+00 2.9211837045e-01 6.8840112753e+01
1.4613229267e+00 2.7304989049e-01 7.7113748025e+01
1.4785416848e+00 2.7337749448e-01 7.8580066351e+01
1.4691488325e+00 2.7961666608e-01 7.3172442467e+01
1.5139599977e+00 2.7595071851e-01 8.0080420295e+01
1.5316634580e+00 2.8554992985e-01 7.4068882767e+01
1.5090306960e+00 2.9087499921e-01 6.9715870468e+01
1.5057060596e+00 2.7286926845e-01 8.2731526072e+01
1.4981153823e+00 2.8408465789e-01 7.2572465000e+01
1.4948693873e+00 2.7691623915e-01 7.7155757380e+01
1.5139036397e+00 2.9100649797e-01 6.9934029987e+01
1.5109751833e+00 2.7802781875e-01 7.7785069637e+01
1.5102162716e+00 2.8923470400e-01 7.0586708069e+01
1.4875322560e+00 2.7521391096e-01 7.7868863262e+01
1.4998136079e+00 2.7513946868e-01 7.9247806762e+01
1.4706409057e+00 2.7677359538e-01 7.5130898438e+01
1.5089742605e+00 2.7685295085e-01 7.8621845231e+01
1.4614712555e+00 2.8369235659e-01 7.0412920548e+01
1.5124057833e+00 2.7932082163e-01 7.6861542972e+01
1.4653075147e+00 3.0738290508e-01 6.1478829927e+01
1.4809772510e+00 2.7454845332e-01 7.7785069637e+01
1.4897425090e+00 2.7616571552e-01 7.7281743419e+01
1.5413046234e+00 2.7590876446e-01 8.4380190038e+01
1.5436693918e+00 2.8130476806e-01 7.8203776466e+01
1.5320532481e+00 2.8926741048e-01 7.1927433851e+01
1.4724453357e+00 2.7541945920e-01 7.6272045862e+01
1.4996159369e+00 2.9211066797e-01 6.8620370565e+01
1.4966431752e+00 2.7876254816e-01 7.5892303678e+01
1.4933536962e+00 2.7797959127e-01 7.6187712450e+01
1.5074420694e+00 2.8564685478e-01 7.2314731052e+01
1.5291931281e+00 2.8209299495e-01 7.6229882959e+01
1.4883567385e+00 2.7213197274e-01 8.1076787034e+01
1.4730907313e+00 2.7027286607e-01 8.1201135484e+01
1.4705336012e+00 2.7553025040e-01 7.6018953826e+01
1.4907180033e+00 2.9828499867e-01 6.5641981762e+01
1.4906883790e+00 2.7612363740e-01 7.7407666966e+01
1.4631583429e+00 2.7301139041e-01 7.7323724844e+01
1.4804894694e+00 2.7278186704e-01 7.9372840907e+01
1.5002445918e+00 2.7244582795e-01 8.2442426045e+01
1.4966998927e+00 2.7599052707e-01 7.8120086953e+01
1.5389267777e+00 2.8011168222e-01 7.8788899706e+01
1.5039652157e+00 2.7823482450e-01 7.6945639864e+01
1.4748651466e+00 2.7615278788e-01 7.5934528179e+01
1.5059229235e+00 2.7990428782e-01 7.5850071354e+01
1.4942279281e+00 2.7936743896e-01 7.5257982128e+01
1.5249061388e+00 2.8865893749e-01 7.1798145674e+01
1.4544000072e+00 2.7503448978e-01 7.5003739865e+01
1.4903084874e+00 2.7831157520e-01 7.5681063290e+01
1.5004606464e+00 2.8763479491e-01 7.0803681768e+01
1.4862755688e+00 2.7601902991e-01 7.7071731622e+01
1.5270390180e+00 2.7605078649e-01 8.1698117953e+01
1.4902573630e+00 2.7068276229e-01 8.3391640307e+01
1.5003657642e+00 2.7458731242e-01 7.9872472277e+01
1.4870378762e+00 2.7615989763e-01 7.7029708145e+01
1.5574840671e+00 2.8075447408e-01 8.0246683597e+01
1.4962228570e+00 2.7556276940e-01 7.8454692681e+01
1.4303685093e+00 2.7310533541e-01 7.4366797030e+01
1.5226550430e+00 2.7952482462e-01 7.7659329379e+01
1.4770097971e+00 2.7716317061e-01 7.5384991691e+01
1.5308467300e+00 2.8545435091e-01 7.4068882767e+01
1.5122267676e+00 2.8040801175e-01 7.6018953826e+01
1.5581396693e+00 2.8422191038e-01 7.7155757380e+01
1.5007504423e+00 2.7873083310e-01 7.6272045862e+01
1.5057620875e+00 2.7553154407e-01 7.9539473606e+01
1.5450961862e+00 2.8536279938e-01 7.5215629171e+01
1.5049213203e+00 2.7727871983e-01 7.7826969754e+01
1.5324633292e+00 2.7700031906e-01 8.1284011213e+01
1.5380730760e+00 2.7640384913e-01 8.2937911806e+01
1.4868699291e+00 2.7677949012e-01 7.6524865077e+01
1.5099175861e+00 2.8998810913e-01 7.0195421835e+01
1.5219330548e+00 2.8434273447e-01 7.4111468825e+01
1.5038882038e+00 2.7740542778e-01 7.7617402571e+01
1.4549321623e+00 2.8213626171e-01 7.0803681768e+01
1.5073474848e+00 2.8664984390e-01 7.1755028325e+01
1.4535467387e+00 2.7319610815e-01 7.6272045862e+01
1.4932580139e+00 2.8395868137e-01 7.2314731052e+01
1.4922173224e+00 2.7640274026e-01 7.7323724844e+01
1.5224496797e+00 2.8200531724e-01 7.5723327176e+01
1.4645764666e+00 2.7249195739e-01 7.7910750187e+01
1.5482790932e+00 2.8675476964e-01 7.4536838781e+01
1.5112767113e+00 2.7409696924e-01 8.1905006284e+01
1.4939547634e+00 2.7421322989e-01 7.9497823876e+01
1.4996933141e+00 2.7299710563e-01 8.1615332242e+01
1.4705782741e+00 2.7593575531e-01 7.5723327176e+01
1.4741966414e+00 2.8268214703e-01 7.1755028325e+01
1.5311875303e+00 2.7554355265e-01 8.3061698879e+01
1.4855098866e+00 2.8265810665e-01 7.2529534762e+01
1.4983306318e+00 2.8976480955e-01 6.9628520827e+01
1.4912648812e+00 2.7373970553e-01 7.9664389360e+01
1.4794316463e+00 2.9144934073e-01 6.7826528454e+01
1.5087927668e+00 2.8293383810e-01 7.4026287672e+01
1.5184559225e+00 2.7826753993e-01 7.8329262945e+01
1.5198903614e+00 2.7501552525e-01 8.1987731721e+01
1.5230974610e+00 2.8317832824e-01 7.4961336903e+01
1.5292580492e+00 2.9023677413e-01 7.1236776285e+01
1.4781952902e+00 2.7507604633e-01 7.7071731622e+01
1.4759545791e+00 2.7281091955e-01 7.8830648187e+01
1.4995132998e+00 2.8676748082e-01 7.1193517300e+01
1.5248044555e+00 2.8147133372e-01 7.6314201186e+01
1.4894591274e+00 2.7961304306e-01 7.4706741043e+01
1.4632878848e+00 2.6973765229e-01 8.0495923602e+01
1.5050887040e+00 2.8346049853e-01 7.3428990941e+01
1.4920630610e+00 2.8017494278e-01 7.4536838781e+01
1.4994649226e+00 2.7548815399e-01 7.8872390662e+01
1.5204102668e+00 2.7676768545e-01 7.9997257084e+01
1.5065693721e+00 2.7699056915e-01 7.8245611639e+01
1.4949838997e+00 2.7137620146e-01 8.3144205481e+01
1.5424123162e+00 2.8164823953e-01 7.7785069637e+01
1.5361811222e+00 2.8103226564e-01 7.7701249475e+01
1.5207935456e+00 2.7911214968e-01 7.7826969754e+01
1.5287775847e+00 2.8159722442e-01 7.6566975496e+01
1.5196752046e+00 2.9206663265e-01 6.9759526825e+01
1.4851089007e+00 2.7583122461e-01 7.7113748025e+01
1.4985478148e+00 2.8591891931e-01 7.1582451612e+01
1.4965786645e+00 2.9514794036e-01 6.7161559243e+01
1.5294269412e+00 2.7867025227e-01 7.9122720780e+01
1.5154469351e+00 2.8900806184e-01 7.1020369769e+01
1.4821403797e+00 2.7564065786e-01 7.6987677568e+01
1.5035284322e+00 2.8320595601e-01 7.3471715656e+01
1.4922837048e+00 2.7091406905e-01 8.3391640307e+01
1.5537195397e+00 2.8314533967e-01 7.7617402571e+01
1.5022520350e+00 2.7677624750e-01 7.7994504389e+01
1.5107856348e+00 2.7640239940e-01 7.9247806762e+01
1.4682395667e+00 2.7422425546e-01 7.6819483732e+01
1.4931469587e+00 2.8225876469e-01 7.3300759781e+01
1.4959734746e+00 2.7581215178e-01 7.8203776466e+01
1.4771545454e+00 2.7386338899e-01 7.7994504389e+01
1.4687564621e+00 2.7685725040e-01 7.4918925507e+01
1.4846261998e+00 2.8489811706e-01 7.1236776285e+01
1.4984905198e+00 2.7600994843e-01 7.8287440457e+01
1.5040474083e+00 2.7905919420e-01 7.6314201186e+01
1.4922518964e+00 2.7501207376e-01 7.8538281315e+01
1.4898141121e+00 2.7202895685e-01 8.1408290413e+01
1.5168136531e+00 2.7900094482e-01 7.7533528720e+01
1.5334877881e+00 2.7779833486e-01 8.0495923602e+01
1.5205633818e+00 2.9117845547e-01 7.0238945256e+01
1.5247599680e+00 2.7560048518e-01 8.1946371115e+01
1.5002345005e+00 2.7381339789e-01 8.0703484835e+01
1.5234414999e+00 2.7691895326e-01 8.0205125602e+01
1.4868892592e+00 2.9395122568e-01 6.7161559243e+01
1.5311455432e+00 2.8424338337e-01 7.4876505650e+01
1.5105987260e+00 2.7976590480e-01 7.6356348960e+01
1.4884391494e+00 2.7566195381e-01 7.7575469027e+01
1.5298457043e+00 2.9558531475e-01 6.8708306827e+01
1.5181734801e+00 2.7809553093e-01 7.8454692681e+01
1.5136607474e+00 2.8533554694e-01 7.2915546096e+01
1.4834920412e+00 2.7564265959e-01 7.7113748025e+01
1.4783792998e+00 2.7353987952e-01 7.8412889032e+01
1.5330602858e+00 2.7594783931e-01 8.2772810718e+01
1.4893459679e+00 2.8017834893e-01 7.4324264582e+01
1.5026331149e+00 2.7594221313e-01 7.8788899706e+01
1.4930213769e+00 2.7514661638e-01 7.8496490101e+01
1.5002678279e+00 2.7332753916e-01 8.1284011213e+01
1.5111850545e+00 2.8235805276e-01 7.4579327351e+01
1.4876816817e+00 2.9134660078e-01 6.8312175320e+01
1.4807403490e+00 2.7568737282e-01 7.6819483732e+01
1.4929813325e+00 2.7609083795e-01 7.7659329379e+01
1.4846509166e+00 2.8035367010e-01 7.3855816334e+01
1.5141811091e+00 2.8754384742e-01 7.1711900276e+01
1.5409341620e+00 2.8038649661e-01 7.8747145195e+01
1.5328736493e+00 2.7795679770e-01 8.0246683597e+01
1.4642203933e+00 2.7644434309e-01 7.4834077304e+01
1.5296628418e+00 2.7706824114e-01 8.0827962340e+01
1.5030545197e+00 2.8095879879e-01 7.4876505650e+01
1.5036252316e+00 2.8628548459e-01 7.1711900276e+01
1.4628873478e+00 2.7597892248e-01 7.5046134423e+01
1.5131563326e+00 2.8311267844e-01 7.4239173069e+01
1.5136705186e+00 2.8350743363e-01 7.4026287672e+01
1.5226994206e+00 2.7993539635e-01 7.7323724844e+01
1.4922523218e+00 2.8768198501e-01 7.0282456804e+01
1.5112167610e+00 2.8141801838e-01 7.5215629171e+01
1.5098894761e+00 2.7548420446e-01 8.0080420295e+01
1.4856960238e+00 2.7524410151e-01 7.7659329379e+01
1.4909995874e+00 2.7219818641e-01 8.1366868568e+01
1.4855184277e+00 2.7542169760e-01 7.7491581624e+01
1.5002034853e+00 2.8517019528e-01 7.2099670255e+01
1.5295845432e+00 2.7805724189e-01 7.9747638907e+01
1.4850831594e+00 2.7450283961e-01 7.8245611639e+01
1.5452230806e+00 2.8157874485e-01 7.8120086953e+01
1.4911311424e+00 2.7658482006e-01 7.7071731622e+01
1.5370886260e+00 2.9108434873e-01 7.1280024178e+01
1.5208175662e+00 2.7863340942e-01 7.8245611639e+01
1.4650800545e+00 2.7648414732e-01 7.4876505650e+01
1.4785560632e+00 2.7877383054e-01 7.4409320646e+01
1.5025408674e+00 2.8147245109e-01 7.4494341492e+01
1.4801472363e+00 2.8395386683e-01 7.1452905485e+01
1.5144317888e+00 2.8229167369e-01 7.4876505650e+01
1.5092150296e+00 2.7661218175e-01 7.8872390662e+01
1.5008216092e+00 2.7730080278e-01 7.7407666966e+01
1.4942343489e+00 2.8252954568e-01 7.3215224529e+01
1.5019493256e+00 2.8070397652e-01 7.4961336903e+01
1.5174526542e+00 2.7699893433e-01 7.9414507550e+01
1.4743223961e+00 2.7939973672e-01 7.3685198049e+01
1.4730519212e+00 2.7571357744e-01 7.6103348511e+01
1.4946479347e+00 2.7668535275e-01 7.7323724844e+01
1.5137109477e+00 2.7665368309e-01 7.9331168577e+01
1.4618447424e+00 2.6714104921e-01 8.3886143545e+01
1.5091271083e+00 2.7987589368e-01 7.6145534310e+01
1.4898335138e+00 2.7607471074e-01 7.7365699350e+01
1.5041490993e+00 2.9575659597e-01 6.7294809986e+01
1.5230717099e+00 2.8138328706e-01 7.6229882959e+01
1.4744074234e+00 3.0099829994e-01 6.3921683928e+01
1.5133367357e+00 2.7385129844e-01 8.2566349319e+01
1.5394999449e+00 2.8410386595e-01 7.5638791445e+01
1.5067944188e+00 2.8856580430e-01 7.0716926810e+01
1.4957070705e+00 2.8060406193e-01 7.4536838781e+01
1.5061457736e+00 2.7786754488e-01 7.7449627715e+01
1.4972080592e+00 2.8046147525e-01 7.4749195028e+01
1.4795462466e+00 2.7462672111e-01 7.7575469027e+01
1.4845412117e+00 2.7639891358e-01 7.6609078524e+01
1.4940043942e+00 2.7868602556e-01 7.5723327176e+01
1.5144491989e+00 2.7682337630e-01 7.9247806762e+01
1.4911606730e+00 2.8288722539e-01 7.2786965387e+01
1.4987005303e+00 2.7670519308e-01 7.7701249475e+01
1.4770559732e+00 2.6945805623e-01 8.2937911806e+01
1.4933864380e+00 2.7613787886e-01 7.7659329379e+01
1.4670918514e+00 2.7357288506e-01 7.7239755051e+01
1.4504613126e+00 2.7493623329e-01 7.4749195028e+01
1.4959517390e+00 2.8217067297e-01 7.3557136760e+01
1.4985405986e+00 2.8139370822e-01 7.4239173069e+01
1.5153473447e+00 2.7501728610e-01 8.1325442176e+01
1.4929393539e+00 2.7522863935e-01 7.8412889032e+01
1.4623726038e+00 2.7110198788e-01 7.8955857695e+01
1.4985692621e+00 2.8544405636e-01 7.1841252357e+01
1.5201700423e+00 2.7837160905e-01 7.8412889032e+01
1.4887892725e+00 2.8435360162e-01 7.1798145674e+01
1.5095328511e+00 2.7810886745e-01 7.7575469027e+01
1.4733724003e+00 2.7314162911e-01 7.8245611639e+01
1.5001429521e+00 2.7888533042e-01 7.6103348511e+01
1.4934252895e+00 2.8152778711e-01 7.3770525678e+01
1.4618100149e+00 2.6897083120e-01 8.1201135484e+01
1.5608893392e+00 2.8789197306e-01 7.4749195028e+01
1.4791725369e+00 2.7545130439e-01 7.6861542972e+01
1.5440881385e+00 2.8499912633e-01 7.5384991691e+01
1.4844368362e+00 2.7063791734e-01 8.2442426045e+01
1.5158697517e+00 2.8494549765e-01 7.3300759781e+01
1.5202262116e+00 2.8240860534e-01 7.5257982128e+01
1.5116165029e+00 2.7738649914e-01 7.8412889032e+01
1.5010763017e+00 2.7795198084e-01 7.6903595008e+01
1.4824451441e+00 2.7804356716e-01 7.5215629171e+01
1.4628113892e+00 2.7830306053e-01 7.3514430919e+01
1.5082560569e+00 2.8029314556e-01 7.5765583130e+01
1.5004773999e+00 2.7628649475e-01 7.8245611639e+01
1.4745368867e+00 2.7693165087e-01 7.5342663360e+01
1.5309976231e+00 2.8986651940e-01 7.1539280443e+01
1.5126006963e+00 2.8139663245e-01 7.5342663360e+01
1.5029339088e+00 2.8334687182e-01 7.3343513034e+01
1.5094507126e+00 2.7501602154e-01 8.0537445831e+01
1.4926158338e+00 2.8143206459e-01 7.3770525678e+01
1.5467508103e+00 2.8599513812e-01 7.4918925507e+01
1.5217594459e+00 2.7860100722e-01 7.8371079129e+01
1.5109685478e+00 2.7894216838e-01 7.7029708145e+01
1.4915128222e+00 2.7439540227e-01 7.9039301002e+01
1.5171599569e+00 2.8047252333e-01 7.6398489209e+01
1.4899118914e+00 2.8594651726e-01 7.1020369769e+01
1.4585950451e+00 2.7577777205e-01 7.4834077304e+01
1.5003270929e+00 2.7281578120e-01 8.1946371115e+01
1.5135964901e+00 2.7676814068e-01 7.9206117227e+01
1.5057040155e+00 2.9056499553e-01 6.9672201814e+01
1.5350092528e+00 2.7673258444e-01 8.1987731721e+01
1.4701265468e+00 2.7503706527e-01 7.6356348960e+01
1.5375709622e+00 2.8511947335e-01 7.4791640439e+01
1.5117168203e+00 2.8046385263e-01 7.5934528179e+01
1.4259291369e+00 2.7843772221e-01 7.0890391015e+01
1.4944872477e+00 2.8227664690e-01 7.3386256743e+01
1.4789823821e+00 2.7564145925e-01 7.6693262514e+01
1.5257822481e+00 2.8368140007e-01 7.4834077304e+01
1.4873597027e+00 2.7312900853e-01 7.9830866582e+01
1.5000307359e+00 2.7446973236e-01 7.9955667504e+01
1.5011212067e+00 2.8334552740e-01 7.3215224529e+01
1.4889410779e+00 2.7109625801e-01 8.2525045476e+01
1.4904131802e+00 2.7730278229e-01 7.6440621960e+01
1.4492586598e+00 2.6807442433e-01 8.0537445831e+01
1.5197808277e+00 2.8285398922e-01 7.4918925507e+01
1.4900036653e+00 2.7545272102e-01 7.7910750187e+01
1.5186151761e+00 2.8265490769e-01 7.4961336903e+01
1.4937992669e+00 2.7753402061e-01 7.6566975496e+01
1.5337847579e+00 2.7750136513e-01 8.0869445111e+01
1.4731306815e+00 2.7248303105e-01 7.8830648187e+01
1.5373463501e+00 2.8397430852e-01 7.5554223768e+01
1.4842249571e+00 2.7084979646e-01 8.2111788416e+01
1.5334883618e+00 2.7870922786e-01 7.9539473606e+01
1.5025820891e+00 2.7372904333e-01 8.1118241196e+01
1.5063403456e+00 2.8084768860e-01 7.5215629171e+01
1.5113507499e+00 2.7946783388e-01 7.6651174188e+01
1.4791020330e+00 2.7642367139e-01 7.6103348511e+01
1.4877317502e+00 2.7230558566e-01 8.0786474719e+01
1.5058534812e+00 2.8042729938e-01 7.5469623924e+01
1.5087897399e+00 2.7613044826e-01 7.9289490537e+01
1.4866868422e+00 2.7560775644e-01 7.7449627715e+01
1.5165885831e+00 2.8286239251e-01 7.4664278454e+01
1.4863177679e+00 2.8320654897e-01 7.2271739586e+01
1.4906220946e+00 2.7528612987e-01 7.8120086953e+01
1.5000322225e+00 2.8307438005e-01 7.3300759781e+01
1.5079225103e+00 2.7473079183e-01 8.0661982523e+01
1.5007884294e+00 2.7823985311e-01 7.6651174188e+01
1.5051221052e+00 2.8070510615e-01 7.5215629171e+01
1.4742003156e+00 2.7141339693e-01 8.0038841340e+01
1.5239291111e+00 2.8098102652e-01 7.6609078524e+01
1.4866441638e+00 2.7203927735e-01 8.0952396196e+01
1.5069285884e+00 2.8388999542e-01 7.3300759781e+01
1.4937685375e+00 2.7937433665e-01 7.5215629171e+01
1.5056605595e+00 2.8016665190e-01 7.5638791445e+01
1.4535990427e+00 2.6686872449e-01 8.2772810718e+01
1.4868256198e+00 2.9084391464e-01 6.8488366950e+01
1.5336271518e+00 2.8039382983e-01 7.7994504389e+01
1.5031109193e+00 2.7365297535e-01 8.1284011213e+01
1.5111015924e+00 2.8062501254e-01 7.5765583130e+01
1.4845631537e+00 2.7276674008e-01 7.9872472277e+01
1.5131939037e+00 2.8034920356e-01 7.6145534310e+01
1.4918426904e+00 2.8356303299e-01 7.2443643876e+01
1.4895584461e+00 2.7634977843e-01 7.7113748025e+01
1.4997396224e+00 2.7702427218e-01 7.7533528720e+01
1.4788659754e+00 2.7756174642e-01 7.5257982128e+01
1.4495867531e+00 2.7088101409e-01 7.7785069637e+01
1.5057625761e+00 2.7643746408e-01 7.8663617982e+01
1.4974684136e+00 2.7612695345e-01 7.8078232563e+01
1.5128378573e+00 2.8025106688e-01 7.6187712450e+01
1.4646314926e+00 2.7693270926e-01 7.4536838781e+01
1.4932666932e+00 2.7128613247e-01 8.2979177816e+01
1.5200117662e+00 2.8080348310e-01 7.6398489209e+01
1.4907747949e+00 2.8101083147e-01 7.3898447871e+01
1.4974691105e+00 2.7974758475e-01 7.5257982128e+01
1.4779700401e+00 2.8793818436e-01 6.9322405554e+01
1.4985124546e+00 2.7417796510e-01 8.0080420295e+01
1.4784955966e+00 2.7657915692e-01 7.5934528179e+01
1.5330919459e+00 2.8092903567e-01 7.7491581624e+01
1.5202810429e+00 2.8235377402e-01 7.5300326848e+01
1.5181733967e+00 2.7627819188e-01 8.0246683597e+01
1.4978591972e+00 2.7890469745e-01 7.5892303678e+01
1.5190799275e+00 2.9311766226e-01 6.9234830989e+01
1.5164089719e+00 2.7713413536e-01 7.9164421908e+01
1.4898545796e+00 2.7515000717e-01 7.8161934912e+01
1.5102381386e+00 2.8148846629e-01 7.5088520605e+01
1.5020338202e+00 2.8470056795e-01 7.2486594398e+01
1.5111065749e+00 2.8152820447e-01 7.5130898438e+01
1.4929958161e+00 2.7246057020e-01 8.1325442176e+01
1.5173850646e+00 2.7524971482e-01 8.1325442176e+01
1.5086662321e+00 2.7761454844e-01 7.7910750187e+01
1.5046729878e+00 2.7480828768e-01 8.0163562403e+01
1.4932749294e+00 2.8077296898e-01 7.4239173069e+01
1.5106583442e+00 2.8197643517e-01 7.4791640439e+01
1.4862669840e+00 2.8054503244e-01 7.3855816334e+01
1.5329284530e+00 2.7881338424e-01 7.9372840907e+01
1.5108936415e+00 2.8219528266e-01 7.4664278454e+01
1.5053249000e+00 2.7823504133e-01 7.7071731622e+01
1.4967795447e+00 2.8814064341e-01 7.0325956512e+01
1.5548417862e+00 2.8522883637e-01 7.6103348511e+01
1.5247941089e+00 2.8102642485e-01 7.6651174188e+01
1.5034335348e+00 2.8284724580e-01 7.3685198049e+01
1.5013600274e+00 2.7902734921e-01 7.6103348511e+01
1.4967101503e+00 2.7552785351e-01 7.8538281315e+01
1.5393248598e+00 2.7697622110e-01 8.2318467199e+01
1.5047038391e+00 2.7613664580e-01 7.8830648187e+01
1.4852767649e+00 2.8063145957e-01 7.3727866500e+01
1.4759152513e+00 2.7285024729e-01 7.8788899706e+01
1.5032773515e+00 2.7982925097e-01 7.5681063290e+01
1.5222137108e+00 2.7632794057e-01 8.0703484835e+01
1.4972098566e+00 2.7638551041e-01 7.7826969754e+01
1.5302172575e+00 2.7833538271e-01 7.9539473606e+01
1.5023968976e+00 2.7708437784e-01 7.7743162886e+01
1.4941295077e+00 2.8444582033e-01 7.2099670255e+01
1.5305835468e+00 2.8115829043e-01 7.7071731622e+01
1.5330793400e+00 2.7866249722e-01 7.9539473606e+01
1.5155847759e+00 2.8068423509e-01 7.6103348511e+01
1.4805011910e+00 2.7592653080e-01 7.6609078524e+01
1.5157568583e+00 2.7824047041e-01 7.8078232563e+01
1.5009183479e+00 2.8128169228e-01 7.4494341492e+01
1.4826984030e+00 2.6967145674e-01 8.3638951400e+01
1.5108846619e+00 2.8311266683e-01 7.4068882767e+01
1.5105519341e+00 2.8526266378e-01 7.2744085313e+01
1.5188368800e+00 2.7425204420e-01 8.2896642113e+01
1.4860985167e+00 2.7439019461e-01 7.8454692681e+01
1.5107158586e+00 2.7601852962e-01 7.9622756324e+01
1.5421142130e+00 2.8788749419e-01 7.3386256743e+01
1.4830537038e+00 2.7924089492e-01 7.4451835457e+01
1.4692267692e+00 2.7728726022e-01 7.4664278454e+01
1.5452344193e+00 2.8065349712e-01 7.8955857695e+01
1.4962175468e+00 2.8009358563e-01 7.4918925507e+01
1.5224857112e+00 2.7787474198e-01 7.9122720780e+01
1.5140893937e+00 2.8445225770e-01 7.3471715656e+01
1.4881240055e+00 2.8049605709e-01 7.4026287672e+01
1.4680639161e+00 2.7484977426e-01 7.6314201186e+01
1.5440989668e+00 2.8224588500e-01 7.7449627715e+01
1.4957764597e+00 2.7374785717e-01 8.0205125602e+01
1.4808433856e+00 2.7378045572e-01 7.8454692681e+01
1.4877876196e+00 2.7766876669e-01 7.5934528179e+01
1.5002225551e+00 2.7654133955e-01 7.7994504389e+01
1.5007140009e+00 2.7423907565e-01 8.0288236411e+01
1.4878564911e+00 2.8528638303e-01 7.1236776285e+01
1.5331770926e+00 2.8129983246e-01 7.7197759713e+01
1.5219758176e+00 2.7338440548e-01 8.5079381209e+01
1.4801583574e+00 2.7176082194e-01 8.0412864007e+01
1.5239780289e+00 2.7774692762e-01 7.9414507550e+01
1.5239115067e+00 2.7644894647e-01 8.0786474719e+01
1.5441749679e+00 2.8399800686e-01 7.6103348511e+01
1.4755500948e+00 2.7907374657e-01 7.3983683510e+01
1.5012451035e+00 2.7551879110e-01 7.9039301002e+01
1.5404048316e+00 2.7908999176e-01 7.9955667504e+01
1.4972604222e+00 2.7407286527e-01 8.0038841340e+01
1.5181594590e+00 2.8311062477e-01 7.4621807233e+01
1.5099780262e+00 2.7222201394e-01 8.4668187983e+01
1.5288237278e+00 2.7927346574e-01 7.8496490101e+01
1.5126398734e+00 2.7636312862e-01 7.9497823876e+01
1.4736771308e+00 2.7689023916e-01 7.5300326848e+01
1.4693454326e+00 2.8257374676e-01 7.1496098411e+01
1.5400936408e+00 2.8168357196e-01 7.7533528720e+01
1.5273405584e+00 2.8121208175e-01 7.6735343529e+01
1.5143423861e+00 2.8556330912e-01 7.2829835522e+01
1.5233017524e+00 2.7796833142e-01 7.9122720780e+01
1.4825000396e+00 2.7122209322e-01 8.1366868568e+01
1.5018813160e+00 2.7533537929e-01 7.9289490537e+01
1.4931559358e+00 2.7682056595e-01 7.7071731622e+01
1.5544104370e+00 2.8932617298e-01 7.3386256743e+01
1.4802632942e+00 2.8248287274e-01 7.2271739586e+01
1.4843953781e+00 2.7654474715e-01 7.6482747241e+01
1.4829360003e+00 2.7439389342e-01 7.8120086953e+01
1.5329589579e+00 2.8516688966e-01 7.4409320646e+01
1.4942095382e+00 2.7395845512e-01 7.9789255467e+01
1.4940126548e+00 2.7686833225e-01 7.7113748025e+01
1.4473209081e+00 2.7493896179e-01 7.4494341492e+01
1.5159643818e+00 2.8166809845e-01 7.5427311870e+01
1.4914955562e+00 2.7079904244e-01 8.3432867286e+01
1.5057686501e+00 2.8278055239e-01 7.3898447871e+01
1.5332238609e+00 2.8125306423e-01 7.7239755051e+01
1.4990777651e+00 2.7859176932e-01 7.6229882959e+01
1.4831142001e+00 2.8414977005e-01 7.1539280443e+01
1.4793677556e+00 2.7480521217e-01 7.7407666966e+01
1.5429358782e+00 2.8432295886e-01 7.5765583130e+01
1.4743479278e+00 2.6901566948e-01 8.3144205481e+01
1.5022911378e+00 2.7220933039e-01 8.3144205481e+01
1.5276103774e+00 2.9097175721e-01 7.0760310020e+01
1.5103306252e+00 2.7504305532e-01 8.0620475268e+01
1.4996268995e+00 2.8302640268e-01 7.3300759781e+01
1.4938317621e+00 2.7524040841e-01 7.8496490101e+01
1.5138186534e+00 2.7609206274e-01 7.9914072577e+01
1.5243289284e+00 2.8240215453e-01 7.5596511614e+01
1.4801109450e+00 2.7135759253e-01 8.0869445111e+01
1.4862547151e+00 2.7649145185e-01 7.6693262514e+01
1.4787014591e+00 2.7321772023e-01 7.8747145195e+01
1.4870981475e+00 2.7384197774e-01 7.9081013820e+01
1.5085269071e+00 2.7684677341e-01 7.8580066351e+01
1.5092721057e+00 2.9108834748e-01 6.9628520827e+01
1.4716817031e+00 2.7078211902e-01 8.0412864007e+01
1.4693054775e+00 2.9524734816e-01 6.5776779671e+01
1.5335389981e+00 2.8139390861e-01 7.7155757380e+01
1.5032943361e+00 2.7799929543e-01 7.7071731622e+01
1.5013970459e+00 2.7672536613e-01 7.7952630554e+01
1.4902147751e+00 2.7027393616e-01 8.4092049576e+01
1.5355847801e+00 2.8071630082e-01 7.7910750187e+01
1.5518031224e+00 2.8185787762e-01 7.8538281315e+01
1.5264605870e+00 2.8528125024e-01 7.3855816334e+01
1.4751579228e+00 2.8172086572e-01 7.2357712234e+01
1.4980098205e+00 2.7468059918e-01 7.9497823876e+01
1.5128604448e+00 2.7614255718e-01 7.9747638907e+01
1.4752924350e+00 2.6897109225e-01 8.3391640307e+01
1.4863186777e+00 2.7507290010e-01 7.7868863262e+01
1.5282524154e+00 2.7893399943e-01 7.8747145195e+01
1.5568168992e+00 2.7959016903e-01 8.1491120555e+01
1.5223400467e+00 2.7574700000e-01 8.1408290413e+01
1.5110843876e+00 2.7746481490e-01 7.8287440457e+01
1.4942109719e+00 2.7440909070e-01 7.9331168577e+01
1.5349147613e+00 2.7773861907e-01 8.0744982225e+01
1.4678406908e+00 2.8137521768e-01 7.2056626897e+01
1.5058440326e+00 2.8679074677e-01 7.1582451612e+01
1.4952098393e+00 2.7521888589e-01 7.8663617982e+01
1.4964888726e+00 2.8480475893e-01 7.2056626897e+01
1.4892882376e+00 2.7842772490e-01 7.5511927880e+01
1.4909363412e+00 2.8130166266e-01 7.3727866500e+01
1.4951824051e+00 2.8022331827e-01 7.4749195028e+01
1.4926691204e+00 2.7323910411e-01 8.0371326592e+01
1.4991916219e+00 2.7395125227e-01 8.0412864007e+01
1.5122687608e+00 2.8354583712e-01 7.3898447871e+01
1.5023602526e+00 2.7485644271e-01 7.9830866582e+01
1.5036962275e+00 2.9211837045e-01 6.8840112753e+01
1.4941241884e+00 2.7088039836e-01 8.3803759085e+01
1.5148181192e+00 2.7690848574e-01 7.9206117227e+01
1.4479873370e+00 2.7292839751e-01 7.5976744886e+01
1.4881106421e+00 2.7644218358e-01 7.6903595008e+01
1.5051221052e+00 2.8070510615e-01 7.5215629171e+01
1.5179451185e+00 2.7923283374e-01 7.7449627715e+01
1.4967846090e+00 2.7409637807e-01 7.9955667504e+01
1.5152966546e+00 2.8597342922e-01 7.2658295222e+01
1.5036818578e+00 2.8350617642e-01 7.3300759781e+01
1.4775500121e+00 2.7256683205e-01 7.9247806762e+01
1.5123416670e+00 2.8983820057e-01 7.0412920548e+01
1.5258641369e+00 2.7950117965e-01 7.7994504389e+01
1.4813098201e+00 2.6925754986e-01 8.4092049576e+01
1.5100770145e+00 2.8074156935e-01 7.5596511614e+01
1.4903160192e+00 2.8599511320e-01 7.1020369769e+01
1.5193631335e+00 2.8964499154e-01 7.0933728582e+01
1.4883946127e+00 2.7570649042e-01 7.7533528720e+01
1.4799307768e+00 2.8417032632e-01 7.1323261011e+01
1.5060359997e+00 2.7707060277e-01 7.8120086953e+01
1.5041224977e+00 2.8442670475e-01 7.2786965387e+01
1.5120824720e+00 2.7601296935e-01 7.9789255467e+01
1.4482726073e+00 2.7219515980e-01 7.6566975496e+01
1.5169128912e+00 2.8208340313e-01 7.5215629171e+01
1.5086296284e+00 2.7810475974e-01 7.7491581624e+01
1.4739485740e+00 2.7526733447e-01 7.6524865077e+01
1.5281081266e+00 2.8272232040e-01 7.5681063290e+01
1.4694369148e+00 2.8203162273e-01 7.1798145674e+01
1.5343575947e+00 2.8057531208e-01 7.7910750187e+01
1.4727665344e+00 2.7239707765e-01 7.8872390662e+01
1.4385234707e+00 2.7120474982e-01 7.6440621960e+01
1.5314736690e+00 2.8163554030e-01 7.6777417260e+01
1.4647451070e+00 2.7951842027e-01 7.2915546096e+01
1.4872658486e+00 2.7999812157e-01 7.4281723271e+01
1.4989196865e+00 2.7920272549e-01 7.5765583130e+01
1.5140602114e+00 2.7539662847e-01 8.0703484835e+01
1.4997076667e+00 2.7615074196e-01 7.8287440457e+01
1.4718930582e+00 2.7552144284e-01 7.6145534310e+01
1.5336468372e+00 2.7946237204e-01 7.8830648187e+01
1.4875322560e+00 2.7521391096e-01 7.7868863262e+01
1.5137781888e+00 2.7477101368e-01 8.1408290413e+01
1.5221543451e+00 2.8139048528e-01 7.6145534310e+01
1.4949014119e+00 2.7281455051e-01 8.1159690671e+01
1.4838875815e+00 2.8337638870e-01 7.2013573065e+01
1.5129039003e+00 2.8973091663e-01 7.0499837642e+01
1.5274232792e+00 2.8887780164e-01 7.1841252357e+01
1.5197354674e+00 2.8017022785e-01 7.6861542972e+01
1.4904131346e+00 2.7413969109e-01 7.9164421908e+01
1.4946305410e+00 2.7579818415e-01 7.8078232563e+01
1.5000284279e+00 2.8217161229e-01 7.3855816334e+01
1.4668619743e+00 2.8460656324e-01 7.0282456804e+01
1.5194113877e+00 2.8231356889e-01 7.5257982128e+01
1.5036920339e+00 2.7443037807e-01 8.0454396336e+01
1.5331425658e+00 2.7677664375e-01 8.1656727290e+01
1.5196602212e+00 2.8524991640e-01 7.3386256743e+01
1.5320016090e+00 2.8065177139e-01 7.7617402571e+01
1.5179044200e+00 2.8518538452e-01 7.3300759781e+01
1.5120618261e+00 2.7875675770e-01 7.7281743419e+01
1.5513816661e+00 2.7907731944e-01 8.1366868568e+01
1.4850186980e+00 2.7501863784e-01 7.7785069637e+01
1.5061195380e+00 2.8016124254e-01 7.5681063290e+01
1.4902718293e+00 2.7292594445e-01 8.0412864007e+01
1.4798210241e+00 2.7299955467e-01 7.9081013820e+01
1.5017066554e+00 2.7958697616e-01 7.5723327176e+01
1.5277125189e+00 2.7947389597e-01 7.8203776466e+01
1.5229711298e+00 2.7784411950e-01 7.9206117227e+01
1.5198007561e+00 2.7919553823e-01 7.7659329379e+01
1.4929005648e+00 2.7300765967e-01 8.0661982523e+01
1.5028792075e+00 2.9839087628e-01 6.6180322978e+01
1.4782200618e+00 2.7730564254e-01 7.5384991691e+01
1.4541013794e+00 2.7353852893e-01 7.6061155025e+01
1.4957189788e+00 2.7470974641e-01 7.9206117227e+01
1.4803521867e+00 2.7517351765e-01 7.7197759713e+01
1.5044036175e+00 2.7462466502e-01 8.0329784068e+01
1.4888170876e+00 2.7257449022e-01 8.0620475268e+01
1.5239291111e+00 2.8098102652e-01 7.6609078524e+01
1.5050172027e+00 2.7763609942e-01 7.7533528720e+01
1.4840994954e+00 2.8090509135e-01 7.3471715656e+01
1.4642276828e+00 2.8048586749e-01 7.2314731052e+01
1.5065465546e+00 2.7746676392e-01 7.7826969754e+01
1.5189377054e+00 2.7960394600e-01 7.7239755051e+01
1.5224665967e+00 2.8016822019e-01 7.7113748025e+01
1.5049948662e+00 2.8310057514e-01 7.3642520295e+01
1.5008054132e+00 2.8547536739e-01 7.1970508727e+01
1.5077443839e+00 2.8125861813e-01 7.5046134423e+01
1.4904622673e+00 2.7725369518e-01 7.6482747241e+01
1.4937992669e+00 2.7753402061e-01 7.6566975496e+01
1.4968989222e+00 2.8620768027e-01 7.1323261011e+01
1.5296523249e+00 2.8208951235e-01 7.6272045862e+01
1.5099342264e+00 2.8043040444e-01 7.5807831180e+01
1.5059075207e+00 2.7719908180e-01 7.7994504389e+01
1.4892928818e+00 2.7300171692e-01 8.0205125602e+01
1.4651191267e+00 2.9040657762e-01 6.7516607231e+01
1.4917804413e+00 2.7186897788e-01 8.1905006284e+01
1.5041805279e+00 2.7847277424e-01 7.6777417260e+01
1.5037464291e+00 2.7709405579e-01 7.7868863262e+01
1.4303535342e+00 2.6598181425e-01 8.0412864007e+01
1.5111539983e+00 2.8057260658e-01 7.5807831180e+01
1.4924428471e+00 2.7798587808e-01 7.6103348511e+01
1.5160040530e+00 2.8344692265e-01 7.4239173069e+01
1.4876847337e+00 2.7777165269e-01 7.5850071354e+01
1.5135048102e+00 2.8230978771e-01 7.4791640439e+01
1.4886301056e+00 2.8813378897e-01 6.9846802787e+01
1.5281229725e+00 2.7860811040e-01 7.9039301002e+01
1.4847700653e+00 2.7210872322e-01 8.0620475268e+01
1.5421154860e+00 2.7920517258e-01 8.0038841340e+01
1.4802189571e+00 2.8388214610e-01 7.1496098411e+01
1.5132953529e+00 2.8024775442e-01 7.6229882959e+01
1.4539993288e+00 2.7139821706e-01 7.7785069637e+01
1.5298564687e+00 2.8234112097e-01 7.6103348511e+01
1.5048099940e+00 2.7467128139e-01 8.0329784068e+01
1.4964187174e+00 2.8215661063e-01 7.3599833208e+01
1.5147433571e+00 2.8152565392e-01 7.5427311870e+01
1.4950513950e+00 2.7628189251e-01 7.7701249475e+01
1.4843563345e+00 2.7026750681e-01 8.2979177816e+01
1.5003328149e+00 2.7507290846e-01 7.9372840907e+01
1.5231889064e+00 2.8263162736e-01 7.5342663360e+01
1.4904445020e+00 2.7998422316e-01 7.4536838781e+01
1.5209498778e+00 2.7441034534e-01 8.3020440166e+01
1.4749092398e+00 2.7295555516e-01 7.8580066351e+01
1.5068010715e+00 2.8401751235e-01 7.3215224529e+01
1.4828021866e+00 2.8355791458e-01 7.1841252357e+01
1.4779334473e+00 2.7308448713e-01 7.8788899706e+01
1.5140978140e+00 2.7853696544e-01 7.7659329379e+01
1.5146043404e+00 2.8348270622e-01 7.4111468825e+01
1.4846889631e+00 2.8076742323e-01 7.3599833208e+01
1.5220981887e+00 2.8281194892e-01 7.5130898438e+01
1.5141771464e+00 2.7391829492e-01 8.2607649278e+01
1.5067945788e+00 2.7585872329e-01 7.9331168577e+01
1.5001216924e+00 2.7800071960e-01 7.6777417260e+01
1.5021867110e+00 2.8091989148e-01 7.4834077304e+01
1.4666315084e+00 2.7268432037e-01 7.7952630554e+01
1.5188559166e+00 2.9607699012e-01 6.7914951567e+01
1.4877013732e+00 2.8091868947e-01 7.3727866500e+01
1.5214193420e+00 2.7894111110e-01 7.8036371717e+01
1.4805880721e+00 2.7764414793e-01 7.5342663360e+01
1.5155391500e+00 2.8254789666e-01 7.4791640439e+01
1.4996230449e+00 2.8212377170e-01 7.3855816334e+01
1.4818322415e+00 2.8407598303e-01 7.1496098411e+01
1.4904913672e+00 2.7677260296e-01 7.6861542972e+01
1.5432332083e+00 2.8219781078e-01 7.7407666966e+01
1.5068433591e+00 2.8806252759e-01 7.0977054822e+01
1.5532652006e+00 2.8955468452e-01 7.3172442467e+01
1.5057566096e+00 2.7689669257e-01 7.8245611639e+01
1.5205360382e+00 2.7846025613e-01 7.8371079129e+01
1.5198386948e+00 2.7643031622e-01 8.0288236411e+01
1.4613412547e+00 2.6943959141e-01 8.0578963045e+01
1.4919482108e+00 2.7621978247e-01 7.7449627715e+01
1.4887306380e+00 2.7220948729e-01 8.1035328162e+01
1.5109211958e+00 2.7672052273e-01 7.8955857695e+01
1.4996145423e+00 2.7352833184e-01 8.0952396196e+01
1.5208534893e+00 2.7677899094e-01 8.0038841340e+01
1.4662438824e+00 2.7891972972e-01 7.3386256743e+01
1.4910391841e+00 2.7351364155e-01 7.9872472277e+01
1.4954567005e+00 2.7632892590e-01 7.7701249475e+01
1.4693959979e+00 2.7081906389e-01 8.0080420295e+01
1.4810114743e+00 2.7722074574e-01 7.5681063290e+01
1.5151557450e+00 2.8565950431e-01 7.2829835522e+01
1.5214487345e+00 2.8255116001e-01 7.5257982128e+01
1.4847600652e+00 2.7843770856e-01 7.5130898438e+01
1.5064154210e+00 2.7805131310e-01 7.7323724844e+01
1.4662056455e+00 2.7490880430e-01 7.6103348511e+01
1.5143098949e+00 2.9105542172e-01 6.9934029987e+01
1.5157956632e+00 2.9457914596e-01 6.8400297950e+01
1.5308996614e+00 2.8905156350e-01 7.1970508727e+01
1.5404788372e+00 2.8403850146e-01 7.5765583130e+01
1.4962374737e+00 2.7193051955e-01 8.2525045476e+01
1.4974176551e+00 2.7436797134e-01 7.9747638907e+01
1.4868649802e+00 2.7091605743e-01 8.2442426045e+01
1.4861813124e+00 2.8108265782e-01 7.3514430919e+01
1.5034906507e+00 2.7916265148e-01 7.6187712450e+01
1.4523276647e+00 2.8249432337e-01 7.0456384946e+01
1.4741263995e+00 2.8275238895e-01 7.1711900276e+01
1.4891217897e+00 2.7407598415e-01 7.9081013820e+01
1.4883257665e+00 2.8119855035e-01 7.3599833208e+01
1.5225612687e+00 2.8280404788e-01 7.5173267951e+01
1.4753705047e+00 2.7925333667e-01 7.3855816334e+01
1.4909244058e+00 2.7769565682e-01 7.6187712450e+01
1.5122836202e+00 2.8307660290e-01 7.4196613947e+01
1.5092947209e+00 2.7880072043e-01 7.6987677568e+01
1.4845984527e+00 2.7273144107e-01 7.9914072577e+01
1.5251898063e+00 2.7881008823e-01 7.8538281315e+01
1.4908993382e+00 2.7546076301e-01 7.7994504389e+01
1.4701715782e+00 2.8219828156e-01 7.1755028325e+01
1.4767026280e+00 2.8468894981e-01 7.0847042089e+01
1.5016705767e+00 2.7781069872e-01 7.7071731622e+01
1.4891241447e+00 2.8220914281e-01 7.3044038180e+01
1.4892289881e+00 2.9478433043e-01 6.6939183810e+01
1.4714134331e+00 2.7825292389e-01 7.4196613947e+01
1.5274887905e+00 2.7696620652e-01 8.0661982523e+01
1.5108101821e+00 2.8137049090e-01 7.5215629171e+01
1.4787623016e+00 2.7225563279e-01 7.9706016880e+01
1.4912149664e+00 2.8871934041e-01 6.9715870468e+01
1.4967450494e+00 2.7142294393e-01 8.3391640307e+01
1.4769271447e+00 2.7138798273e-01 8.0412864007e+01
1.4964512930e+00 2.7352520872e-01 8.0537445831e+01
1.5197464982e+00 2.7743145405e-01 7.9247806762e+01
1.5157573780e+00 2.7960284509e-01 7.6945639864e+01
1.4987097314e+00 2.8802465680e-01 7.0499837642e+01
1.4920324483e+00 2.7749186857e-01 7.6440621960e+01
1.5034069822e+00 2.8196669830e-01 7.4239173069e+01
1.4957709942e+00 2.7330117624e-01 8.0703484835e+01
1.5512100002e+00 2.8290858269e-01 7.7575469027e+01
1.5140023679e+00 2.7999496088e-01 7.6482747241e+01
1.4597104643e+00 2.7062155992e-01 7.9122720780e+01
1.4838669583e+00 2.8791866806e-01 6.9672201814e+01
1.4968991097e+00 2.7850661365e-01 7.6103348511e+01
1.5140908096e+00 2.8126941350e-01 7.5554223768e+01
1.4982916338e+00 2.7575626458e-01 7.8496490101e+01
1.5061323526e+00 2.8150936597e-01 7.4749195028e+01
1.4955731797e+00 2.8662686050e-01 7.1020369769e+01
1.4680584682e+00 2.7575507472e-01 7.5638791445e+01
1.5291861690e+00 2.8027747923e-01 7.7659329379e+01
1.5364299865e+00 2.7987109438e-01 7.8747145195e+01
1.5342206329e+00 2.7980034871e-01 7.8580066351e+01
1.5116492704e+00 2.8234805829e-01 7.4621807233e+01
1.4821950753e+00 2.7513481848e-01 7.7407666966e+01
1.4869786517e+00 2.7712245149e-01 7.6272045862e+01
1.5011819759e+00 2.7739335208e-01 7.7365699350e+01
1.5033892549e+00 2.7926404719e-01 7.6103348511e+01
1.5249394197e+00 2.7906047490e-01 7.8287440457e+01
1.4736022700e+00 2.7831690937e-01 7.4324264582e+01
1.4898879358e+00 2.8325493832e-01 7.2486594398e+01
1.4738052913e+00 2.8081855000e-01 7.2786965387e+01
1.5059485793e+00 2.7851815481e-01 7.6903595008e+01
1.5174768668e+00 2.9107577335e-01 7.0108339229e+01
1.5055129809e+00 2.7759362162e-01 7.7617402571e+01
1.4732925423e+00 2.8764758297e-01 6.9191024681e+01
1.5158645517e+00 2.7586205320e-01 8.0412864007e+01
1.5210254167e+00 2.8069953986e-01 7.6566975496e+01
1.5004311128e+00 2.7814421525e-01 7.6693262514e+01
1.5153395656e+00 2.8183838664e-01 7.5257982128e+01
1.4868521219e+00 2.7499094712e-01 7.7994504389e+01
1.4996269852e+00 2.8030732162e-01 7.5046134423e+01
1.5123438002e+00 2.7620540224e-01 7.9622756324e+01
1.4892129744e+00 2.8302502943e-01 7.2572465000e+01
1.5153395656e+00 2.8183838664e-01 7.5257982128e+01
1.4857800157e+00 2.8284004695e-01 7.2443643876e+01
1.4847014519e+00 2.7669012594e-01 7.6398489209e+01
1.5170094335e+00 2.8062304676e-01 7.6272045862e+01
1.4890243798e+00 2.8909803215e-01 6.9409929629e+01
1.5002364274e+00 2.7833890062e-01 7.6524865077e+01
1.4800097700e+00 2.7641795179e-01 7.6187712450e+01
1.4800462913e+00 2.8134528650e-01 7.2915546096e+01
1.5003104117e+00 2.8324952955e-01 7.3215224529e+01
1.4956132238e+00 2.7436327797e-01 7.9539473606e+01
1.4933230897e+00 2.8117737853e-01 7.3983683510e+01
1.4848025386e+00 2.7388090257e-01 7.8788899706e+01
1.4822460820e+00 2.7914549585e-01 7.4451835457e+01
1.5183888346e+00 2.8288124919e-01 7.4791640439e+01
1.4865384395e+00 2.7395027177e-01 7.8914127157e+01
1.4962092994e+00 2.7602870439e-01 7.8036371717e+01
1.5040892128e+00 2.7992410570e-01 7.5681063290e+01
1.4717474608e+00 2.6756836789e-01 8.5325973885e+01
1.5344497147e+00 2.7911536167e-01 7.9247806762e+01
1.5025414405e+00 2.7195902769e-01 8.3597741274e+01
1.4877761461e+00 2.7813207836e-01 7.5596511614e+01
1.4947815420e+00 2.8062418139e-01 7.4451835457e+01
1.4893492862e+00 2.8334113352e-01 7.2400683165e+01
1.4964872918e+00 2.8344701496e-01 7.2829835522e+01
1.5270270986e+00 2.7879343519e-01 7.8747145195e+01
1.5270485648e+00 2.9107728272e-01 7.0673532104e+01
1.4947993665e+00 2.7562935865e-01 7.8245611639e+01
1.4764276666e+00 2.7594219317e-01 7.6229882959e+01
1.4954646647e+00 2.7451183709e-01 7.9372840907e+01
1.4782368738e+00 2.7187997033e-01 8.0038841340e+01
1.4977069039e+00 2.7724617269e-01 7.7155757380e+01
1.5148476315e+00 2.7960395704e-01 7.6861542972e+01
1.5146670979e+00 2.8023878875e-01 7.6356348960e+01
1.4804351998e+00 2.7328693296e-01 7.8872390662e+01
1.4410958119e+00 2.7042077595e-01 7.7323724844e+01
1.4795691128e+00 2.9402625425e-01 6.6761018718e+01
1.4857424709e+00 2.7564910696e-01 7.7323724844e+01
1.5110908191e+00 2.8790547523e-01 7.1323261011e+01
1.4850121115e+00 2.7908899169e-01 7.4706741043e+01
1.5046780019e+00 2.8114920949e-01 7.4876505650e+01
1.4710952617e+00 2.7181842866e-01 7.9247806762e+01
1.5270020103e+00 2.8063977481e-01 7.7155757380e+01
1.4805733187e+00 2.7450143487e-01 7.7785069637e+01
1.5162982756e+00 2.7633650383e-01 7.9955667504e+01
1.5190453290e+00 2.7722368203e-01 7.9372840907e+01
1.4941735029e+00 2.7942186414e-01 7.5215629171e+01
1.4783873326e+00 2.8029610852e-01 7.3428990941e+01
1.4912280343e+00 2.7603593586e-01 7.7533528720e+01
1.4705935018e+00 2.7232018863e-01 7.8705384629e+01
1.5136855080e+00 2.7531749401e-01 8.0744982225e+01
1.5474927232e+00 2.8022316365e-01 7.9622756324e+01
1.4916543097e+00 2.7335027704e-01 8.0121993975e+01
1.5039601987e+00 2.8368151987e-01 7.3215224529e+01
1.4683811285e+00 2.7093470026e-01 7.9830866582e+01
1.4899025643e+00 2.7194050464e-01 8.1532528898e+01
1.4762807105e+00 2.8285399025e-01 7.1798145674e+01
1.5401802760e+00 2.7794557152e-01 8.1201135484e+01
1.4885934993e+00 2.7957449398e-01 7.4664278454e+01
1.5221825030e+00 2.7681379130e-01 8.0163562403e+01
1.5068894038e+00 2.7395108108e-01 8.1449707735e+01
1.4888193050e+00 2.7934868832e-01 7.4834077304e+01
1.4898735271e+00 2.7558285926e-01 7.7785069637e+01
1.5084808269e+00 2.8097601306e-01 7.5300326848e+01
1.4827810591e+00 2.7364666273e-01 7.8788899706e+01
1.5352695882e+00 2.9839141182e-01 6.7782296048e+01
1.5203135415e+00 2.8641754138e-01 7.2744085313e+01
1.5010821130e+00 2.8066470362e-01 7.4918925507e+01
1.5200108356e+00 2.7716711661e-01 7.9539473606e+01
1.5269491402e+00 2.8388130680e-01 7.4791640439e+01
1.5221165252e+00 2.7778917004e-01 7.9164421908e+01
1.5170976427e+00 2.8008030950e-01 7.6693262514e+01
1.4952002188e+00 2.7930024945e-01 7.5384991691e+01
1.5284320141e+00 2.7829906882e-01 7.9372840907e+01
1.4800396746e+00 2.7503507893e-01 7.7281743419e+01
1.4921566258e+00 2.7149279336e-01 8.2483737725e+01
1.4978199229e+00 2.7984961147e-01 7.5215629171e+01
1.5270597803e+00 2.7785035735e-01 7.9664389360e+01
1.5108657672e+00 2.8358582131e-01 7.3770525678e+01
1.5423067581e+00 2.7992704698e-01 7.9331168577e+01
1.5137487761e+00 2.7661585472e-01 7.9372840907e+01
1.4877876196e+00 2.7766876669e-01 7.5934528179e+01
1.4791020330e+00 2.7642367139e-01 7.6103348511e+01
1.5241422276e+00 2.7485406680e-01 8.2896642113e+01
1.4764363315e+00 2.7277957694e-01 7.8914127157e+01
1.4803597415e+00 2.7697015227e-01 7.5807831180e+01
1.5294010164e+00 2.8690006445e-01 7.3086849324e+01
1.5122359978e+00 2.7903657737e-01 7.7071731622e+01
1.4839637093e+00 2.7246401256e-01 8.0121993975e+01
1.5064726070e+00 2.7890107352e-01 7.6651174188e+01
1.4917551468e+00 2.8727313567e-01 7.0456384946e+01
1.5001871217e+00 2.8881588035e-01 7.0195421835e+01
1.5142004524e+00 2.8979944217e-01 7.0543278672e+01
1.5256905927e+00 2.8286204750e-01 7.5384991691e+01
1.4942713138e+00 2.7480085666e-01 7.8955857695e+01
1.4937896122e+00 2.8977032909e-01 6.9366173885e+01
1.5167230010e+00 2.7909159696e-01 7.7449627715e+01
1.5257371480e+00 2.8965177862e-01 7.1323261011e+01
1.4617595672e+00 2.7710670313e-01 7.4196613947e+01
1.4948902050e+00 2.8006287158e-01 7.4834077304e+01
1.4958803146e+00 2.8088357996e-01 7.4366797030e+01
1.5072709337e+00 2.8400164144e-01 7.3257996956e+01
1.4863215837e+00 2.7281311711e-01 8.0038841340e+01
1.5226904158e+00 2.7539663087e-01 8.1905006284e+01
1.4903481215e+00 2.7465646519e-01 7.8663617982e+01
1.5150027693e+00 2.7899455943e-01 7.7365699350e+01
1.5254678554e+00 2.8672973433e-01 7.2915546096e+01
1.5461869740e+00 2.8015787783e-01 7.9539473606e+01
1.5102032081e+00 2.7426352601e-01 8.1532528898e+01
1.4890421188e+00 2.7912587446e-01 7.5003739865e+01
1.5018294468e+00 2.8445133378e-01 7.2615385143e+01
1.4977033978e+00 2.7906049679e-01 7.5765583130e+01
1.4746597830e+00 2.7635815140e-01 7.5765583130e+01
1.4820794815e+00 2.8247334417e-01 7.2400683165e+01
1.4926962484e+00 2.7999417133e-01 7.4706741043e+01
1.4462695864e+00 2.7195892702e-01 7.6566975496e+01
1.4820654751e+00 2.7752052390e-01 7.5554223768e+01
1.4934324553e+00 2.7654404650e-01 7.7323724844e+01
1.4916331180e+00 2.7789119889e-01 7.6103348511e+01
1.4987936889e+00 2.7978163911e-01 7.5342663360e+01
1.4526978947e+00 2.6911389127e-01 7.9830866582e+01
1.4883415010e+00 2.7530791820e-01 7.7868863262e+01
1.5083717347e+00 2.8653415199e-01 7.1884348405e+01
1.4874642542e+00 2.7392732358e-01 7.9039301002e+01
1.5075884747e+00 2.7642484379e-01 7.8872390662e+01
1.5133725275e+00 2.7835407741e-01 7.7743162886e+01
1.4718930582e+00 2.7552144284e-01 7.6145534310e+01
1.4926410485e+00 2.8050182563e-01 7.4366797030e+01
1.4937968979e+00 2.8025100047e-01 7.4621807233e+01
1.5233633029e+00 2.8792282009e-01 7.2099670255e+01
1.4981864543e+00 2.8628027982e-01 7.1366486818e+01
1.4774928746e+00 2.7758187893e-01 7.5130898438e+01
1.5030807576e+00 2.7957254457e-01 7.5850071354e+01
1.5162496616e+00 2.7820192693e-01 7.8161934912e+01
1.4801559977e+00 2.9660789692e-01 6.5776779671e+01
1.5085044949e+00 2.7913722367e-01 7.6651174188e+01
1.4945470551e+00 2.9218733313e-01 6.8312175320e+01
1.5254317365e+00 2.7902326046e-01 7.8371079129e+01
1.4719414260e+00 2.7592336891e-01 7.5850071354e+01
1.5026711031e+00 2.7409279152e-01 8.0703484835e+01
1.4915599606e+00 2.9064007953e-01 6.8840112753e+01
1.5271862182e+00 2.8592299104e-01 7.3514430919e+01
1.5195529912e+00 2.8581232541e-01 7.3044038180e+01
1.5151869022e+00 2.7699377078e-01 7.9164421908e+01
1.4600087910e+00 2.7122091569e-01 7.8580066351e+01
1.4986718906e+00 2.7492347646e-01 7.9331168577e+01
1.4667776368e+00 2.8694449603e-01 6.9147205641e+01
1.5128476506e+00 2.8523939609e-01 7.2915546096e+01
1.4804521654e+00 2.7281917110e-01 7.9331168577e+01
1.4889463671e+00 2.9597382099e-01 6.6448654976e+01
1.4924373616e+00 2.7753914014e-01 7.6440621960e+01
1.5374965400e+00 2.7743636679e-01 8.1449707735e+01
1.4918713780e+00 2.7720079246e-01 7.6651174188e+01
1.4985673688e+00 2.7683835460e-01 7.7575469027e+01
1.5199732835e+00 2.7993241177e-01 7.7071731622e+01
1.5176023040e+00 2.8685269294e-01 7.2314731052e+01
1.4455557376e+00 2.8253275969e-01 7.0021208706e+01
1.4953375587e+00 2.7283043455e-01 8.1201135484e+01
1.5068698569e+00 2.7578344524e-01 7.9414507550e+01
1.4864902567e+00 2.7490132114e-01 7.8036371717e+01
1.5169016022e+00 2.8027635004e-01 7.6524865077e+01
1.5038417678e+00 2.7337492748e-01 8.1739504252e+01
1.5242479595e+00 2.8794963022e-01 7.2142703171e+01
1.5396345003e+00 2.7757888761e-01 8.1573932786e+01
1.5033191216e+00 2.7435041284e-01 8.0495923602e+01
1.5116206938e+00 2.8692095756e-01 7.1884348405e+01
1.5101140302e+00 2.8433755836e-01 7.3257996956e+01
1.4824975711e+00 2.7573464892e-01 7.6945639864e+01
1.5057173825e+00 2.7512310238e-01 7.9955667504e+01
1.5117872913e+00 2.8130163285e-01 7.5342663360e+01
1.4971484266e+00 2.7508957727e-01 7.8997582302e+01
1.4949289208e+00 2.7957154748e-01 7.5173267951e+01
1.4952746313e+00 2.7696337251e-01 7.7155757380e+01
1.5366107969e+00 2.7923418776e-01 7.9372840907e+01
1.4860368875e+00 2.7354911149e-01 7.9247806762e+01
1.5097962529e+00 2.7421706558e-01 8.1532528898e+01
1.5044217391e+00 2.7641874579e-01 7.8538281315e+01
1.4983696845e+00 2.8111159097e-01 7.4409320646e+01
1.4872566700e+00 2.7503792871e-01 7.7994504389e+01
1.5353048850e+00 2.7689270473e-01 8.1822263856e+01
1.4935409464e+00 2.7372302377e-01 7.9955667504e+01
1.5160549112e+00 2.7748819605e-01 7.8788899706e+01
1.4628137910e+00 2.8234982110e-01 7.1193517300e+01
1.4636491190e+00 2.8646772510e-01 6.9191024681e+01
1.4712929430e+00 2.7432076951e-01 7.7029708145e+01
1.5169230734e+00 2.7480353153e-01 8.1822263856e+01
1.4308848793e+00 2.7929037459e-01 7.0760310020e+01
1.5358612710e+00 2.8089594430e-01 7.7785069637e+01
1.5418990633e+00 2.7942159522e-01 7.9789255467e+01
1.4967817219e+00 2.7500390455e-01 7.9039301002e+01
1.5086099122e+00 2.8039308986e-01 7.5723327176e+01
1.4975954335e+00 2.7599993354e-01 7.8203776466e+01
1.5339097285e+00 2.8102317820e-01 7.7491581624e+01
1.4995496464e+00 2.7585607698e-01 7.8538281315e+01
1.5144317888e+00 2.8229167369e-01 7.4876505650e+01
1.4797006980e+00 2.8530388870e-01 7.0716926810e+01
1.4562094983e+00 2.8130832910e-01 7.1323261011e+01
1.5391650601e+00 2.7759215516e-01 8.1491120555e+01
1.4543499508e+00 2.6790991917e-01 8.1449707735e+01
1.4995949266e+00 2.7762176870e-01 7.7029708145e+01
1.4983627745e+00 2.8157153233e-01 7.4111468825e+01
1.5284778038e+00 2.8189700540e-01 7.6314201186e+01
1.4957736015e+00 2.7284646117e-01 8.1242575657e+01
1.5267231515e+00 2.8274049675e-01 7.5554223768e+01
1.4841379982e+00 2.7770507075e-01 7.5596511614e+01
1.5133836467e+00 2.8106794186e-01 7.5638791445e+01
1.4925342331e+00 2.7518172936e-01 7.8412889032e+01
1.5488841849e+00 2.8889643095e-01 7.3257996956e+01
1.4881871661e+00 2.8540820091e-01 7.1193517300e+01
1.4967607895e+00 2.8362658716e-01 7.2744085313e+01
1.5222343270e+00 2.7721664860e-01 7.9747638907e+01
1.5433816549e+00 2.8022215601e-01 7.9164421908e+01
1.4891335592e+00 2.7451586002e-01 7.8663617982e+01
1.5010821130e+00 2.8066470362e-01 7.4918925507e+01
1.4705707210e+00 2.7099348088e-01 8.0038841340e+01
1.4886582705e+00 2.7183044074e-01 8.1491120555e+01
1.4929673278e+00 2.7158549788e-01 8.2483737725e+01
1.5416539319e+00 2.8423398452e-01 7.5723327176e+01
1.4785465699e+00 2.7652818363e-01 7.5976744886e+01
1.5098041861e+00 2.7829125522e-01 7.7449627715e+01
1.5110628810e+00 2.7794012096e-01 7.7868863262e+01
1.5083209352e+00 2.7705274530e-01 7.8371079129e+01
1.5210841896e+00 2.7745746177e-01 7.9372840907e+01
1.4916335312e+00 2.8648888075e-01 7.0847042089e+01
1.4684217537e+00 2.7719195881e-01 7.4664278454e+01
1.5361250293e+00 2.8063218597e-01 7.8036371717e+01
1.4870637168e+00 2.7477935214e-01 7.8203776466e+01
1.4880439237e+00 2.7199341214e-01 8.1201135484e+01
1.5087932956e+00 2.7884842297e-01 7.6903595008e+01
1.5103089691e+00 2.7597181146e-01 7.9622756324e+01
1.5280281155e+00 2.7597177904e-01 8.1946371115e+01
1.4910132673e+00 2.7715472602e-01 7.6609078524e+01
1.5167230010e+00 2.7909159696e-01 7.7449627715e+01
1.4904944431e+00 2.7541378142e-01 7.7994504389e+01
1.4876360162e+00 2.8550685794e-01 7.1106965919e+01
1.5079154974e+00 2.7655123670e-01 7.8788899706e+01
1.4960642188e+00 2.7934150453e-01 7.5427311870e+01
1.5369712498e+00 2.7704973181e-01 8.1863637206e+01
1.4717028355e+00 2.6941161425e-01 8.2111788416e+01
1.5067082185e+00 2.8138722286e-01 7.4876505650e+01
1.4972737192e+00 2.7586915490e-01 7.8287440457e+01
1.5219348708e+00 2.7706142354e-01 7.9872472277e+01
1.4924273144e+00 2.8886631715e-01 6.9715870468e+01
1.5170191518e+00 2.7606977239e-01 8.0329784068e+01
1.5038039615e+00 2.7522432097e-01 7.9622756324e+01
1.5212400818e+00 2.8822356644e-01 7.1798145674e+01
1.5059609060e+00 2.8168081262e-01 7.4621807233e+01
1.5117428384e+00 2.8725345600e-01 7.1711900276e+01
1.4894149706e+00 2.7242809837e-01 8.0869445111e+01
1.5100674225e+00 2.7213261766e-01 8.4873817687e+01
1.5200749755e+00 2.8301482903e-01 7.4834077304e+01
1.5189887754e+00 2.7637144776e-01 8.0246683597e+01
1.4781671918e+00 2.7285074262e-01 7.9039301002e+01
1.4870675859e+00 2.7071345168e-01 8.2772810718e+01
1.5138278112e+00 2.7562902869e-01 8.0412864007e+01
1.5499927669e+00 2.8183828212e-01 7.8371079129e+01
1.5359542336e+00 2.9496206836e-01 6.9322405554e+01
1.4951336501e+00 2.8615998146e-01 7.1236776285e+01
1.5050896987e+00 2.7348562933e-01 8.1780886213e+01
1.5015294897e+00 2.7795178575e-01 7.6945639864e+01
1.5008640021e+00 2.7363646612e-01 8.0993864557e+01
1.5028885620e+00 2.8157817206e-01 7.4451835457e+01
1.4763072498e+00 2.7876750373e-01 7.4239173069e+01
1.4834147089e+00 2.8339730748e-01 7.1970508727e+01
1.5204514574e+00 2.8719032762e-01 7.2314731052e+01
1.5133240588e+00 2.8339940365e-01 7.4068882767e+01
1.5021067634e+00 2.7601564855e-01 7.8663617982e+01
1.4747649987e+00 2.7039861341e-01 8.1284011213e+01
1.4604815693e+00 2.6895292775e-01 8.1035328162e+01
1.5095268876e+00 2.7630032380e-01 7.9206117227e+01
1.5212613984e+00 2.7682564828e-01 8.0038841340e+01
1.4966286680e+00 2.7651420617e-01 7.7659329379e+01
1.5081285218e+00 2.7769868958e-01 7.7785069637e+01
1.5098426085e+00 2.7779911010e-01 7.7868863262e+01
1.5054993099e+00 2.7579432165e-01 7.9247806762e+01
1.5140894417e+00 2.8263402072e-01 7.4621807233e+01
1.4970372079e+00 2.8108520410e-01 7.4324264582e+01
1.4939997260e+00 2.8366980841e-01 7.2529534762e+01
1.5013224782e+00 2.7544141638e-01 7.9122720780e+01
1.5012566378e+00 2.7505449461e-01 7.9497823876e+01
1.5013114076e+00 2.7771687486e-01 7.7113748025e+01
1.4957937493e+00 2.7961197406e-01 7.5215629171e+01
1.4911961481e+00 2.8013713941e-01 7.4494341492e+01
1.4572116839e+00 2.8300337789e-01 7.0499837642e+01
1.5026592871e+00 2.7999401504e-01 7.5511927880e+01
1.4631855553e+00 2.9459548232e-01 6.5731862930e+01
1.4888840970e+00 2.7205602829e-01 8.1242575657e+01
1.4929683517e+00 2.7203623508e-01 8.1863637206e+01
1.5035845809e+00 2.8451086040e-01 7.2701195268e+01
1.5014758440e+00 2.8571219018e-01 7.1884348405e+01
1.4470526055e+00 2.7072817383e-01 7.7659329379e+01
1.5316229584e+00 2.8330994834e-01 7.5554223768e+01
1.5357271342e+00 2.8331132571e-01 7.5892303678e+01
1.5096654810e+00 2.8296929841e-01 7.4068882767e+01
1.4636168720e+00 2.6851067233e-01 8.2070440348e+01
1.5141280707e+00 2.7805260223e-01 7.8078232563e+01
1.5150961716e+00 2.8162729084e-01 7.5384991691e+01
1.4715122846e+00 3.1023453209e-01 6.0871117539e+01
1.5329392588e+00 2.8016995045e-01 7.8120086953e+01
1.5059248410e+00 2.8761826630e-01 7.1150247189e+01
1.4682085554e+00 2.7380543721e-01 7.7155757380e+01
1.4909263937e+00 2.8674314066e-01 7.0673532104e+01
1.4984777453e+00 2.7692797810e-01 7.7491581624e+01
1.4435780262e+00 2.7196466620e-01 7.6314201186e+01
1.4905111786e+00 2.7720478389e-01 7.6524865077e+01
1.4858153312e+00 2.7693083580e-01 7.6314201186e+01
1.4985061901e+00 2.8233429474e-01 7.3642520295e+01
1.4881732041e+00 2.8451721567e-01 7.1668761497e+01
1.5116838256e+00 2.7414338573e-01 8.1905006284e+01
1.5110969957e+00 2.8608095652e-01 7.2314731052e+01
1.5267151476e+00 2.8593823279e-01 7.3471715656e+01
1.4967508127e+00 2.7548719113e-01 7.8580066351e+01
1.5333613397e+00 2.7974786958e-01 7.8538281315e+01
1.5048057767e+00 3.0875929966e-01 6.2637826572e+01
1.5107971037e+00 2.7956752708e-01 7.6524865077e+01
1.4852926182e+00 2.7564750709e-01 7.7281743419e+01
1.4902074792e+00 2.8565092946e-01 7.1193517300e+01
1.5176944744e+00 2.8312077498e-01 7.4579327351e+01
1.5079020405e+00 2.8019340087e-01 7.5807831180e+01
1.5233633029e+00 2.8792282009e-01 7.2099670255e+01
1.4869918576e+00 2.8298464416e-01 7.2443643876e+01
1.4857076004e+00 2.7974878595e-01 7.4324264582e+01
1.4938663889e+00 2.7249371225e-01 8.1408290413e+01
1.4319190953e+00 2.7780912519e-01 7.1625611953e+01
1.4865512876e+00 2.7574331112e-01 7.7323724844e+01
1.4794556411e+00 2.7787425266e-01 7.5088520605e+01
1.4908993382e+00 2.7546076301e-01 7.7994504389e+01
1.5058745781e+00 2.7768536317e-01 7.7575469027e+01
1.5213933562e+00 2.7851233903e-01 7.8412889032e+01
1.5186943096e+00 2.7848364260e-01 7.8161934912e+01
1.5169358293e+00 2.7842439378e-01 7.8036371717e+01
1.5148806799e+00 2.8547977323e-01 7.2915546096e+01
1.5009251598e+00 2.7629153549e-01 7.8287440457e+01
1.5110904827e+00 2.8517852836e-01 7.2829835522e+01
1.5162207216e+00 2.7459786221e-01 8.1987731721e+01
1.5424229572e+00 2.8300806180e-01 7.6693262514e+01
1.4791252578e+00 2.7549858349e-01 7.6819483732e+01
1.5525663586e+00 2.8246750431e-01 7.8078232563e+01
1.4422276040e+00 2.6615975002e-01 8.1905006284e+01
1.4790236882e+00 2.8778832817e-01 6.9453672823e+01
1.4705609255e+00 2.7640332036e-01 7.5384991691e+01
1.5126062605e+00 2.7866631463e-01 7.7407666966e+01
1.5198423295e+00 2.7779015079e-01 7.8914127157e+01
1.4789492602e+00 2.8695896426e-01 6.9846802787e+01
1.5251619293e+00 2.8156915359e-01 7.6272045862e+01
1.4899760506e+00 2.7096407465e-01 8.2896642113e+01
1.5362376362e+00 2.7869527051e-01 7.9872472277e+01
1.5219284623e+00 2.7934162153e-01 7.7743162886e+01
1.4984971466e+00 2.8324967001e-01 7.3086849324e+01
1.4950622549e+00 2.8124887746e-01 7.4068882767e+01
1.4870383597e+00 2.8610451445e-01 7.0760310020e+01
1.4985478148e+00 2.8591891931e-01 7.1582451612e+01
1.4884391494e+00 2.7566195381e-01 7.7575469027e+01
1.4672024289e+00 2.7166384137e-01 7.8955857695e+01
1.5029420468e+00 2.8197814134e-01 7.4196613947e+01
1.4771545454e+00 2.7386338899e-01 7.7994504389e+01
1.4642276828e+00 2.8048586749e-01 7.2314731052e+01
1.5087669710e+00 2.8023603106e-01 7.5850071354e+01
1.5036035329e+00 2.7587774250e-01 7.8955857695e+01
1.5460864193e+00 2.8162946758e-01 7.8161934912e+01
1.5520346688e+00 2.8025381089e-01 8.0121993975e+01
1.4907309190e+00 2.9464276151e-01 6.7072652904e+01
1.4931825877e+00 2.7724613745e-01 7.6735343529e+01
1.4846199977e+00 2.7541733817e-01 7.7407666966e+01
1.4704870951e+00 2.7422645524e-01 7.7029708145e+01
1.4897825017e+00 2.7160907614e-01 8.1946371115e+01
1.4935876360e+00 2.7729335108e-01 7.6735343529e+01
1.5032245685e+00 2.7988203402e-01 7.5638791445e+01
1.5170077263e+00 2.7517294664e-01 8.1366868568e+01
1.5164163404e+00 2.7667258380e-01 7.9622756324e+01
1.5450961862e+00 2.8536279938e-01 7.5215629171e+01
1.4805801220e+00 2.6908623501e-01 8.4256719157e+01
1.5273543004e+00 2.7892148884e-01 7.8663617982e+01
1.5375201821e+00 2.8882466979e-01 7.2529534762e+01
1.4820240960e+00 2.6989508335e-01 8.3144205481e+01
1.5033145851e+00 2.7480782686e-01 7.9997257084e+01
1.5477838649e+00 2.8862320333e-01 7.3343513034e+01
1.4396182917e+00 2.6966293428e-01 7.7826969754e+01
1.5229204505e+00 2.7925941713e-01 7.7910750187e+01
1.5051981043e+00 2.8244361423e-01 7.4068882767e+01
1.4937685375e+00 2.7937433665e-01 7.5215629171e+01
1.4932972534e+00 2.8256115521e-01 7.3129650743e+01
1.4935409464e+00 2.7372302377e-01 7.9955667504e+01
1.5481524877e+00 2.8230649785e-01 7.7785069637e+01
1.4822798018e+00 2.7550123582e-01 7.7113748025e+01
1.5018433505e+00 2.7537334474e-01 7.9247806762e+01
1.4828074336e+00 2.7587600750e-01 7.6861542972e+01
1.4821584831e+00 2.8646157955e-01 7.0282456804e+01
1.4910653723e+00 2.7845894460e-01 7.5638791445e+01
1.4804139918e+00 2.7240658700e-01 7.9747638907e+01
1.5377775565e+00 2.8308658601e-01 7.6229882959e+01
1.4839746812e+00 2.7967473801e-01 7.4239173069e+01
1.5172191775e+00 2.7632392976e-01 8.0080420295e+01
1.4900964293e+00 2.8033229583e-01 7.4281723271e+01
1.5129612146e+00 2.7740341621e-01 7.8538281315e+01
1.5154183390e+00 2.8130512343e-01 7.5638791445e+01
1.5407953097e+00 2.8326524605e-01 7.6356348960e+01
1.5244613680e+00 2.7771849956e-01 7.9497823876e+01
1.5121721762e+00 2.8273371044e-01 7.4409320646e+01
1.4673085962e+00 2.8100653122e-01 7.2228737805e+01
1.5008154047e+00 2.7413767187e-01 8.0412864007e+01
1.5291429093e+00 2.7531208764e-01 8.3061698879e+01
1.4860368875e+00 2.7354911149e-01 7.9247806762e+01
1.5062114236e+00 2.8824016491e-01 7.0847042089e+01
1.5112582652e+00 2.8046833974e-01 7.5892303678e+01
1.4956316430e+00 2.7615398337e-01 7.7868863262e+01
1.5093268602e+00 2.8239974467e-01 7.4409320646e+01
1.4937112145e+00 2.7310080195e-01 8.0661982523e+01
1.4787688526e+00 2.7540411516e-01 7.6861542972e+01
1.4571285203e+00 2.7769346777e-01 7.3471715656e+01
1.5169802310e+00 2.8565458597e-01 7.2958386597e+01
1.4810490597e+00 2.7582972878e-01 7.6735343529e+01
1.4874421801e+00 2.8615318688e-01 7.0760310020e+01
1.4903078976e+00 2.7469668909e-01 7.8621845231e+01
1.4979644009e+00 2.8106388157e-01 7.4409320646e+01
1.4211209422e+00 2.7744411285e-01 7.1106965919e+01
1.5197870116e+00 2.7693645084e-01 7.9747638907e+01
1.5065869809e+00 2.7969379964e-01 7.6061155025e+01
1.4906177579e+00 2.8026322917e-01 7.4366797030e+01
1.4891755841e+00 2.8713554831e-01 7.0369444415e+01
1.5176846352e+00 2.7767558792e-01 7.8788899706e+01
1.5183653498e+00 2.9246509723e-01 6.9497403504e+01
1.4926767228e+00 2.8137117554e-01 7.3813175613e+01
1.5093525957e+00 2.9009837995e-01 7.0108339229e+01
1.5159349692e+00 2.7669981017e-01 7.9539473606e+01
1.5097628596e+00 2.7198395708e-01 8.5120486210e+01
1.4766497489e+00 2.8022903956e-01 7.3343513034e+01
1.5124687076e+00 2.7880386756e-01 7.7281743419e+01
1.5161445110e+00 2.8057895144e-01 7.6229882959e+01
1.4731861631e+00 2.7197744896e-01 7.9331168577e+01
1.4799093712e+00 2.7651835059e-01 7.6103348511e+01
1.4691869867e+00 2.7102807508e-01 7.9830866582e+01
1.5036426665e+00 2.7583860898e-01 7.8997582302e+01
1.4748053984e+00 2.8072030595e-01 7.2915546096e+01
1.5084467860e+00 2.7783399462e-01 7.7701249475e+01
1.5119337060e+00 2.8751726966e-01 7.1582451612e+01
1.5095522250e+00 2.7536796311e-01 8.0163562403e+01
1.5173000316e+00 2.7851456628e-01 7.7994504389e+01
1.4530920158e+00 2.7096057869e-01 7.8078232563e+01
1.5292871129e+00 2.7835467216e-01 7.9414507550e+01
1.4931810761e+00 2.7408289410e-01 7.9539473606e+01
1.5067398478e+00 2.7500696885e-01 8.0205125602e+01
1.5121699581e+00 2.7320372242e-01 8.3350409892e+01
1.5305720754e+00 2.8755377220e-01 7.2786965387e+01
1.4654809263e+00 2.7293582427e-01 7.7617402571e+01
1.4933727366e+00 2.7163185014e-01 8.2483737725e+01
1.4931333287e+00 2.7458263374e-01 7.9039301002e+01
1.4833788145e+00 2.8027060471e-01 7.3813175613e+01
1.4848572483e+00 2.7698582069e-01 7.6187712450e+01
1.4825318444e+00 2.7885973343e-01 7.4664278454e+01
1.5399591779e+00 2.7907928200e-01 7.9914072577e+01
1.5214106351e+00 2.8304436188e-01 7.4918925507e+01
1.4948271414e+00 2.7379292123e-01 8.0038841340e+01
1.4567195807e+00 2.7002326616e-01 7.9372840907e+01
1.5192583247e+00 2.7928332662e-01 7.7533528720e+01
1.5017599561e+00 2.7455117634e-01 8.0080420295e+01
1.4779313628e+00 2.7443849698e-01 7.7575469027e+01
1.5637076318e+00 2.8507368045e-01 7.6987677568e+01
1.5093809545e+00 2.7689982611e-01 7.8621845231e+01
1.5143906816e+00 2.9097463496e-01 6.9977625389e+01
1.4756724613e+00 2.7804967147e-01 7.4664278454e+01
1.4731284924e+00 2.8239721195e-01 7.1841252357e+01
1.5275595032e+00 2.7735063449e-01 8.0246683597e+01
1.5058531266e+00 2.7861360755e-01 7.6819483732e+01
1.5082560569e+00 2.8029314556e-01 7.5765583130e+01
1.4788659754e+00 2.7756174642e-01 7.5257982128e+01
1.4970085451e+00 2.8201973739e-01 7.3727866500e+01
1.4407879602e+00 2.7967980698e-01 7.1193517300e+01
1.4995826124e+00 2.7537046416e-01 7.8997582302e+01
1.5495865726e+00 2.8132972936e-01 7.8788899706e+01
1.4799093712e+00 2.7651835059e-01 7.6103348511e+01
1.4918171909e+00 2.7409103357e-01 7.9372840907e+01
1.5088663677e+00 2.9103932756e-01 6.9628520827e+01
1.4935534953e+00 2.7777979219e-01 7.6356348960e+01
1.4984715226e+00 2.7738688607e-01 7.7113748025e+01
1.5082161120e+00 2.7851827622e-01 7.7113748025e+01
1.5262826962e+00 2.7999309298e-01 7.7617402571e+01
1.5053332155e+00 2.7777338703e-01 7.7449627715e+01
1.5273771929e+00 2.7571261163e-01 8.2194472172e+01
1.4889273166e+00 2.7427045725e-01 7.8872390662e+01
1.4817846196e+00 2.7915550571e-01 7.4409320646e+01
1.4867228934e+00 2.7692652578e-01 7.6398489209e+01
1.4850685032e+00 2.7045720120e-01 8.2814091592e+01
1.5260189792e+00 2.8435582992e-01 7.4409320646e+01
1.5048335069e+00 2.7736653330e-01 7.7743162886e+01
1.4905599143e+00 2.7715604816e-01 7.6566975496e+01
1.4855135189e+00 2.7858758430e-01 7.5088520605e+01
1.5177391271e+00 2.8671586990e-01 7.2400683165e+01
1.4791853942e+00 2.8175473106e-01 7.2615385143e+01
1.5032773515e+00 2.7982925097e-01 7.5681063290e+01
1.4697299634e+00 2.7093477300e-01 7.9997257084e+01
1.4896086480e+00 2.8262935586e-01 7.2829835522e+01
1.4704908804e+00 2.7737391448e-01 7.4706741043e+01
1.5102330811e+00 2.8967261412e-01 7.0369444415e+01
1.4705075931e+00 2.7645665283e-01 7.5342663360e+01
1.4621036353e+00 2.6867721077e-01 8.1615332242e+01
1.5240333938e+00 2.8953168255e-01 7.1280024178e+01
1.5370591918e+00 2.7787371499e-01 8.0869445111e+01
1.4820779442e+00 2.7705675657e-01 7.5892303678e+01
1.5282166970e+00 2.8352514028e-01 7.5130898438e+01
1.5297523392e+00 2.7652345006e-01 8.1491120555e+01
1.4964975929e+00 2.7438339416e-01 7.9622756324e+01
1.5289557549e+00 2.8005237012e-01 7.7826969754e+01
1.4977388440e+00 2.7947785123e-01 7.5469623924e+01
1.5189195488e+00 2.7644067435e-01 8.0163562403e+01
1.5065618699e+00 2.8561880309e-01 7.2271739586e+01
1.4689802293e+00 2.7258397255e-01 7.8287440457e+01
1.5155477043e+00 2.9346042073e-01 6.8884021955e+01
1.4894555089e+00 2.7735650748e-01 7.6314201186e+01
1.4786915582e+00 2.7052435027e-01 8.1698117953e+01
1.4711273541e+00 2.7808855438e-01 7.4281723271e+01
1.4720334154e+00 2.7628171202e-01 7.5596511614e+01
1.4891415761e+00 2.8535889219e-01 7.1280024178e+01
1.4743501110e+00 2.7847046782e-01 7.4281723271e+01
1.4857531671e+00 2.7067455470e-01 8.2607649278e+01
1.5288269233e+00 2.8154788586e-01 7.6609078524e+01
1.5227511606e+00 2.8215897708e-01 7.5638791445e+01
1.4699194581e+00 2.7794533684e-01 7.4281723271e+01
1.4801916881e+00 2.7398127969e-01 7.8203776466e+01
1.5321366878e+00 2.8097252144e-01 7.7365699350e+01
1.4661230187e+00 2.7769052424e-01 7.4154045875e+01
1.5000181354e+00 2.8853106704e-01 7.0325956512e+01
1.4590427587e+00 2.8117230312e-01 7.1582451612e+01
1.5276396603e+00 2.7909142264e-01 7.8538281315e+01
1.5286141075e+00 2.8130510205e-01 7.6777417260e+01
1.4961696370e+00 2.8059425762e-01 7.4579327351e+01
1.4970131284e+00 2.8790705975e-01 7.0456384946e+01
1.5106805180e+00 2.8377107050e-01 7.3642520295e+01
1.4845191654e+00 2.7822700156e-01 7.5257982128e+01
1.5000677010e+00 2.8394561745e-01 7.2786965387e+01
1.5135651595e+00 2.7634555671e-01 7.9622756324e+01
1.5033611843e+00 2.7657312255e-01 7.8287440457e+01
1.4933722956e+00 2.8746818923e-01 7.0456384946e+01
1.4832129248e+00 2.7456811282e-01 7.7994504389e+01
1.5057874126e+00 2.7369386287e-01 8.1615332242e+01
1.5192012953e+00 2.8388850927e-01 7.4196613947e+01
1.4827660172e+00 2.7456387654e-01 7.7952630554e+01
1.4783942811e+00 2.7217308887e-01 7.9747638907e+01
1.4758585046e+00 2.7380785234e-01 7.7910750187e+01
1.4895820173e+00 2.8582370608e-01 7.1063673457e+01
1.4936974375e+00 2.7085538820e-01 8.3762562043e+01
1.5324828024e+00 2.7834764461e-01 7.9789255467e+01
1.4903652882e+00 2.7554293630e-01 7.7868863262e+01
1.4803521867e+00 2.7517351765e-01 7.7197759713e+01
1.5213084497e+00 2.7723320167e-01 7.9622756324e+01
1.5435972424e+00 2.8092009627e-01 7.8538281315e+01
1.5440723337e+00 2.8364355321e-01 7.6356348960e+01
1.5181461144e+00 2.7494280975e-01 8.1822263856e+01
1.5065038988e+00 2.8068413539e-01 7.5342663360e+01
1.4662680531e+00 3.0009204810e-01 6.3876078244e+01
1.4866798451e+00 2.7516322385e-01 7.7826969754e+01
1.5041805279e+00 2.7847277424e-01 7.6777417260e+01
1.4536166175e+00 2.6953953700e-01 7.9497823876e+01
1.4783228612e+00 2.7404699859e-01 7.7952630554e+01
1.4978605908e+00 2.7211591101e-01 8.2525045476e+01
1.5017636917e+00 2.7273677658e-01 8.2277139574e+01
1.4764829568e+00 2.7318340013e-01 7.8538281315e+01
1.5295045966e+00 2.8041461301e-01 7.7575469027e+01
1.5141811091e+00 2.8754384742e-01 7.1711900276e+01
1.4924000839e+00 2.7441193248e-01 7.9122720780e+01
1.5211970472e+00 2.7734460413e-01 7.9497823876e+01
1.5139599977e+00 2.7595071851e-01 8.0080420295e+01
1.4700068692e+00 2.8281370956e-01 7.1409701632e+01
1.4737314554e+00 2.7008208753e-01 8.1532528898e+01
1.5033098790e+00 2.8025006226e-01 7.5384991691e+01
1.5025820891e+00 2.7372904333e-01 8.1118241196e+01
1.5065465546e+00 2.7746676392e-01 7.7826969754e+01
1.4687262455e+00 2.7058958325e-01 8.0246683597e+01
1.4873485954e+00 2.7855962914e-01 7.5257982128e+01
1.5080962948e+00 2.7501030768e-01 8.0371326592e+01
1.5033395497e+00 2.8339483847e-01 7.3343513034e+01
1.5037393797e+00 2.8254140092e-01 7.3898447871e+01
1.5078352823e+00 2.7663145176e-01 7.8705384629e+01
1.4880322010e+00 2.7606890212e-01 7.7197759713e+01
1.4956100523e+00 2.7572323524e-01 7.8245611639e+01
1.4663551031e+00 2.7475934667e-01 7.6229882959e+01
1.4564539814e+00 2.7342925983e-01 7.6356348960e+01
1.5527430080e+00 2.7954547169e-01 8.0993864557e+01
1.4935049153e+00 2.7828071108e-01 7.5976744886e+01
1.5299607938e+00 2.8360428255e-01 7.5215629171e+01
1.5032695669e+00 2.7394712842e-01 8.0952396196e+01
1.5270337142e+00 2.8972350106e-01 7.1366486818e+01
1.5010572977e+00 2.8340943640e-01 7.3172442467e+01
1.5237363949e+00 2.7935340962e-01 7.7910750187e+01
1.4997024591e+00 2.9020825706e-01 6.9497403504e+01
1.5008506510e+00 2.7500775769e-01 7.9497823876e+01
1.4971902401e+00 2.7414304735e-01 7.9955667504e+01
1.4907879221e+00 2.8054536540e-01 7.4196613947e+01
1.4441503178e+00 2.7676541672e-01 7.3086849324e+01
1.5532829835e+00 2.8403974509e-01 7.6861542972e+01
1.5178886407e+00 2.7974383961e-01 7.7029708145e+01
1.5084910141e+00 2.7778976649e-01 7.7743162886e+01
1.5074783837e+00 2.7880239689e-01 7.6819483732e+01
1.5060963440e+00 2.7746359733e-01 7.7785069637e+01
1.5314715664e+00 2.7799208176e-01 8.0038841340e+01
1.4919030960e+00 2.7626489725e-01 7.7407666966e+01
1.4996871128e+00 2.7662401958e-01 7.7868863262e+01
1.5249719461e+00 2.7675301050e-01 8.0578963045e+01
1.5184790521e+00 2.7869890011e-01 7.7952630554e+01
1.4553122178e+00 2.8535251862e-01 6.9234830989e+01
1.4746563374e+00 2.7455957101e-01 7.7155757380e+01
1.5221989803e+00 2.7998088731e-01 7.7239755051e+01
1.5073510540e+00 2.7575554855e-01 7.9497823876e+01
1.5064144909e+00 2.7759882763e-01 7.7701249475e+01
1.4946037599e+00 2.7899160716e-01 7.5554223768e+01
1.5413143684e+00 2.8228944251e-01 7.7155757380e+01
1.4833788145e+00 2.8027060471e-01 7.3813175613e+01
1.5051045435e+00 2.8662206138e-01 7.1625611953e+01
1.4986534134e+00 2.7539448501e-01 7.8872390662e+01
1.5204213169e+00 2.8130363967e-01 7.6061155025e+01
1.4780354772e+00 2.7839224468e-01 7.4621807233e+01
1.4759340172e+00 2.7733731925e-01 7.5173267951e+01
1.4747612372e+00 2.7175279222e-01 7.9747638907e+01
1.4735234593e+00 2.7074006795e-01 8.0703484835e+01
1.4755117281e+00 2.7280339932e-01 7.8788899706e+01
1.4381748663e+00 2.7647286377e-01 7.2829835522e+01
1.5041707848e+00 2.7168762380e-01 8.4421341153e+01
1.4857545673e+00 2.7789485191e-01 7.5596511614e+01
1.5319916862e+00 2.8020590348e-01 7.7994504389e+01
1.5063093848e+00 2.7362492203e-01 8.1780886213e+01
1.4826467549e+00 2.7242799859e-01 7.9997257084e+01
1.4974146113e+00 2.7980208399e-01 7.5215629171e+01
1.4654923258e+00 2.9183756797e-01 6.6939183810e+01
1.5267046682e+00 2.7684016223e-01 8.0703484835e+01
1.5131234850e+00 2.7951129444e-01 7.6777417260e+01
1.4759353962e+00 2.7237973120e-01 7.9247806762e+01
1.5081949927e+00 2.7899304149e-01 7.6735343529e+01
1.5057745774e+00 2.7959910317e-01 7.6061155025e+01
1.4922079824e+00 2.7144143685e-01 8.2566349319e+01
1.4870058256e+00 2.8885258303e-01 6.9409929629e+01
1.4852112333e+00 2.7708336543e-01 7.6145534310e+01
1.5175612310e+00 2.8234446426e-01 7.5088520605e+01
1.4988673650e+00 2.7925504699e-01 7.5723327176e+01
1.5166396143e+00 2.8144743237e-01 7.5638791445e+01
1.5099088524e+00 2.7682553579e-01 7.8747145195e+01
1.5289868402e+00 2.9096438470e-01 7.0847042089e+01
1.5106560851e+00 2.7789311734e-01 7.7868863262e+01
1.4932949682e+00 2.7668153360e-01 7.7197759713e+01
1.5100479586e+00 2.7623282202e-01 7.9331168577e+01
1.4658222067e+00 2.7079685252e-01 7.9664389360e+01
1.4834937611e+00 2.7699495017e-01 7.6061155025e+01
1.5068905084e+00 2.7939027218e-01 7.6314201186e+01
1.4688139019e+00 2.7275029995e-01 7.8120086953e+01
1.5575775902e+00 2.9212143416e-01 7.2013573065e+01
1.5430893425e+00 2.7777480008e-01 8.1822263856e+01
1.4705698022e+00 2.8540689161e-01 7.0108339229e+01
1.5066888177e+00 2.8458375747e-01 7.2872695748e+01
1.4944170672e+00 2.7827335255e-01 7.6061155025e+01
1.5016951024e+00 2.7642730963e-01 7.8245611639e+01
1.5269632159e+00 2.9435744263e-01 6.9103373832e+01
1.5077829090e+00 2.7260446760e-01 8.3515311021e+01
1.4959455196e+00 2.7719735452e-01 7.7029708145e+01
1.5252278658e+00 2.8059266797e-01 7.7029708145e+01
1.5096238201e+00 2.7711056811e-01 7.8454692681e+01
1.5302964851e+00 2.7552404869e-01 8.2937911806e+01
1.4731284924e+00 2.8239721195e-01 7.1841252357e+01
1.5119302579e+00 2.8433875317e-01 7.3386256743e+01
1.5119227434e+00 2.7889584039e-01 7.7155757380e+01
1.4960544788e+00 2.8070941585e-01 7.4494341492e+01
1.5140638872e+00 2.8175071075e-01 7.5215629171e+01
1.5344180368e+00 2.7869117250e-01 7.9664389360e+01
1.4657083803e+00 2.7810516266e-01 7.3855816334e+01
1.4683179954e+00 2.7504560194e-01 7.6187712450e+01
1.4639576349e+00 2.8075591548e-01 7.2142703171e+01
1.4594804848e+00 2.7085153948e-01 7.8872390662e+01
1.4990003177e+00 2.7776357689e-01 7.6861542972e+01
1.5234529497e+00 2.8054694489e-01 7.6903595008e+01
1.4982507068e+00 2.7670236982e-01 7.7659329379e+01
1.5181355179e+00 2.8586437664e-01 7.2915546096e+01
1.4732869163e+00 2.7502821109e-01 7.6651174188e+01
1.5229590494e+00 2.8923854032e-01 7.1366486818e+01
1.5007305280e+00 2.7739188397e-01 7.7323724844e+01
1.5261767649e+00 2.7645805201e-01 8.1076787034e+01
1.5132034029e+00 2.8352005957e-01 7.3983683510e+01
1.5183298763e+00 2.7748472156e-01 7.9039301002e+01
1.4792074842e+00 2.7135988575e-01 8.0744982225e+01
1.5314809255e+00 2.7843828411e-01 7.9581117748e+01
1.4971657778e+00 2.8367470706e-01 7.2744085313e+01
1.4848483620e+00 2.7654321580e-01 7.6524865077e+01
1.5200671876e+00 2.7983850764e-01 7.7155757380e+01
1.4978330262e+00 2.8346060529e-01 7.2915546096e+01
1.5356066330e+00 2.8023835162e-01 7.8329262945e+01
1.4863504331e+00 2.7639573384e-01 7.6777417260e+01
1.4870295582e+00 2.7436201958e-01 7.8580066351e+01
1.5114557101e+00 2.8345017652e-01 7.3898447871e+01
1.5230665897e+00 2.7865836683e-01 7.8454692681e+01
1.5015766922e+00 2.7790458328e-01 7.6987677568e+01
1.4863636451e+00 2.7186857494e-01 8.1118241196e+01
1.4580383066e+00 2.6870454021e-01 8.0993864557e+01
1.4806615792e+00 2.7170828059e-01 8.0537445831e+01
1.4585595142e+00 2.7087498285e-01 7.8747145195e+01
1.5130864422e+00 2.8454603807e-01 7.3343513034e+01
1.5237011365e+00 2.7529515789e-01 8.2194472172e+01
1.4820041871e+00 2.7171794566e-01 8.0703484835e+01
1.4983037454e+00 2.7483912872e-01 7.9372840907e+01
1.4676145191e+00 2.7799919343e-01 7.4068882767e+01
1.4804271347e+00 2.7419670662e-01 7.8036371717e+01
1.4941637677e+00 2.7807423609e-01 7.6187712450e+01
1.5134015253e+00 2.8423095501e-01 7.3557136760e+01
1.5201672136e+00 2.8110287023e-01 7.6187712450e+01
1.5249719461e+00 2.7675301050e-01 8.0578963045e+01
1.4765268516e+00 2.7584300818e-01 7.6314201186e+01
1.5319304308e+00 2.7935569216e-01 7.8747145195e+01
1.5117640288e+00 2.8223329992e-01 7.4706741043e+01
1.4896818767e+00 2.7667822449e-01 7.6861542972e+01
1.5120138136e+00 2.8834663951e-01 7.1150247189e+01
1.5032871423e+00 2.7936615981e-01 7.6018953826e+01
1.4895248923e+00 2.7322127468e-01 7.9997257084e+01
1.5225646613e+00 2.7597699010e-01 8.1159690671e+01
1.4714786233e+00 2.7233491965e-01 7.8788899706e+01
1.4930997059e+00 2.8683460086e-01 7.0760310020e+01
1.4570669806e+00 2.7775500745e-01 7.3428990941e+01
1.4939850966e+00 2.7915777752e-01 7.5384991691e+01
1.5194907802e+00 2.7723268223e-01 7.9414507550e+01
1.5019728445e+00 2.9793285074e-01 6.6314557885e+01
1.4889463671e+00 2.9597382099e-01 6.6448654976e+01
1.5317984869e+00 2.7994335035e-01 7.8203776466e+01
1.4988123943e+00 2.8202809054e-01 7.3855816334e+01
1.5175349657e+00 2.7509981371e-01 8.1532528898e+01
1.5630626219e+00 2.8342507431e-01 7.8287440457e+01
1.5480988979e+00 2.7824595396e-01 8.1946371115e+01
1.5051046571e+00 2.7800194544e-01 7.7239755051e+01
1.5135713553e+00 2.7724722852e-01 7.8747145195e+01
1.4897274712e+00 2.7527711556e-01 7.8036371717e+01
1.5153200803e+00 2.7731469910e-01 7.8872390662e+01
1.4934204019e+00 2.7700832327e-01 7.6945639864e+01
1.5597036686e+00 2.8724267484e-01 7.5088520605e+01
1.5247723219e+00 2.8059299472e-01 7.6987677568e+01
1.5031109193e+00 2.7365297535e-01 8.1284011213e+01
1.4900074184e+00 2.7228718033e-01 8.1118241196e+01
1.5201138787e+00 2.7979181650e-01 7.7197759713e+01
1.5427760822e+00 2.8585401848e-01 7.4706741043e+01
1.5264838734e+00 2.8389093578e-01 7.4749195028e+01
1.5132675831e+00 2.7618925681e-01 7.9747638907e+01
1.4920630610e+00 2.8017494278e-01 7.4536838781e+01
1.4927961667e+00 2.9031043578e-01 6.9059529216e+01
1.5052857002e+00 2.7328962778e-01 8.2070440348e+01
1.4994059292e+00 2.7781076612e-01 7.6861542972e+01
1.5270465615e+00 2.7740843545e-01 8.0121993975e+01
1.4801694249e+00 2.7445441642e-01 7.7785069637e+01
1.4868535327e+00 2.7905469178e-01 7.4876505650e+01
1.4661554738e+00 2.7495897601e-01 7.6061155025e+01
1.4718385105e+00 2.7602628442e-01 7.5765583130e+01
1.4726488896e+00 2.7566623785e-01 7.6103348511e+01
1.5033823718e+00 2.7972423075e-01 7.5765583130e+01
1.4563264700e+00 2.7221065503e-01 7.7323724844e+01
1.4968898925e+00 2.7353883268e-01 8.0578963045e+01
1.5024317868e+00 2.7614354119e-01 7.8580066351e+01
1.5043842375e+00 2.7781580270e-01 7.7323724844e+01
1.4923322750e+00 2.7854871204e-01 7.5681063290e+01
1.4978859984e+00 2.7570936857e-01 7.8496490101e+01
1.5005708663e+00 2.7211955348e-01 8.2979177816e+01
1.5270337142e+00 2.8972350106e-01 7.1366486818e+01
1.4810863963e+00 2.8075667271e-01 7.3343513034e+01
1.4974881412e+00 2.7158402928e-01 8.3267938661e+01
1.5081609878e+00 2.7675920034e-01 7.8621845231e+01
1.5148946252e+00 2.7683197970e-01 7.9289490537e+01
1.4902348013e+00 2.7025391002e-01 8.4133221509e+01
1.4974951849e+00 2.7791053847e-01 7.6609078524e+01
1.4764667635e+00 2.7770620423e-01 7.4961336903e+01
1.4910497367e+00 2.8797854583e-01 7.0064779975e+01
1.4762727886e+00 2.7429458140e-01 7.7533528720e+01
1.5362974651e+00 2.8045975017e-01 7.8203776466e+01
1.4802084467e+00 2.7621927515e-01 7.6356348960e+01
1.5275567832e+00 2.7917429973e-01 7.8454692681e+01
1.4767646046e+00 2.7335223954e-01 7.8412889032e+01
1.4952370062e+00 2.7473949554e-01 7.9122720780e+01
1.4788283834e+00 2.7489374936e-01 7.7281743419e+01
1.5143559340e+00 2.8100428909e-01 7.5765583130e+01
1.4978330262e+00 2.8346060529e-01 7.2915546096e+01
1.5385283735e+00 2.8690264558e-01 7.3727866500e+01
1.4942699928e+00 2.8204113964e-01 7.3514430919e+01
1.5069002924e+00 2.8346433844e-01 7.3557136760e+01
1.4735551152e+00 2.7566079325e-01 7.6187712450e+01
1.5210872434e+00 2.7609070877e-01 8.0827962340e+01
1.5158382081e+00 2.8043080295e-01 7.6314201186e+01
1.4907686678e+00 2.7739932545e-01 7.6398489209e+01
1.5512674236e+00 2.8697111757e-01 7.4621807233e+01
1.4919551319e+00 2.7350125448e-01 7.9997257084e+01
1.4891463107e+00 2.8309169312e-01 7.2529534762e+01
1.4814122420e+00 2.8585172822e-01 7.0543278672e+01
1.5075397994e+00 2.9191117628e-01 6.9147205641e+01
1.5104968542e+00 2.8032172961e-01 7.5934528179e+01
1.4994649226e+00 2.7548815399e-01 7.8872390662e+01
1.5002210413e+00 2.8152577532e-01 7.4281723271e+01
1.5072937535e+00 2.8170924855e-01 7.4706741043e+01
1.5103085371e+00 2.8187213582e-01 7.4834077304e+01
1.5130631471e+00 2.7503229421e-01 8.0993864557e+01
1.5170891670e+00 2.8418091681e-01 7.3855816334e+01
1.5358837476e+00 2.8315471231e-01 7.6018953826e+01
1.5233721855e+00 2.7653350972e-01 8.0620475268e+01
1.5335607059e+00 2.8639051901e-01 7.3685198049e+01
1.5319464399e+00 2.8207454175e-01 7.6482747241e+01
1.5345646683e+00 2.7900040802e-01 7.9372840907e+01
1.5027412808e+00 2.8036532168e-01 7.5257982128e+01
1.5244479774e+00 2.7818683958e-01 7.9039301002e+01
1.4780912338e+00 2.7608173398e-01 7.6272045862e+01
1.4997843719e+00 2.7697952269e-01 7.7575469027e+01
1.5048962861e+00 2.7866365517e-01 7.6693262514e+01
1.5242015829e+00 2.7752337369e-01 7.9664389360e+01
1.4900377496e+00 2.8039097560e-01 7.4239173069e+01
1.4980185900e+00 2.8055673804e-01 7.4749195028e+01
1.4747850085e+00 2.9067137788e-01 6.7914951567e+01
1.4821280425e+00 2.7881208273e-01 7.4664278454e+01
1.4877894199e+00 2.7179657916e-01 8.1408290413e+01
1.5833017981e+00 2.8662525355e-01 7.7533528720e+01
1.4895080526e+00 2.9813366599e-01 6.5641981762e+01
1.4787482877e+00 2.7046762071e-01 8.1780886213e+01
1.4937970979e+00 2.8070337034e-01 7.4324264582e+01
1.4895975476e+00 2.8445035074e-01 7.1798145674e+01
1.4983176569e+00 2.7211106823e-01 8.2607649278e+01
1.4735139875e+00 2.8020814526e-01 7.3129650743e+01
1.4822279721e+00 2.8006662660e-01 7.3855816334e+01
1.5012230361e+00 2.7689937591e-01 7.7785069637e+01
1.4947232541e+00 2.9291846447e-01 6.8003319346e+01
1.5352923918e+00 2.8557175073e-01 7.4324264582e+01
1.4776520074e+00 2.7516857144e-01 7.6945639864e+01
1.5313369930e+00 2.8222808337e-01 7.6314201186e+01
1.5092606909e+00 2.7838102767e-01 7.7323724844e+01
1.5310864813e+00 2.8111110844e-01 7.7155757380e+01
1.5082750978e+00 2.7573822068e-01 7.9622756324e+01
1.4986851886e+00 2.7989013943e-01 7.5257982128e+01
1.5140419594e+00 2.7813871357e-01 7.7994504389e+01
1.4962368025e+00 2.7419192265e-01 7.9789255467e+01
1.4704908804e+00 2.7737391448e-01 7.4706741043e+01
1.4722830218e+00 2.7423100767e-01 7.7197759713e+01
1.5209056804e+00 2.7809061397e-01 7.8747145195e+01
1.4646321795e+00 2.7288564794e-01 7.7575469027e+01
1.5101609415e+00 2.8111163363e-01 7.5342663360e+01
1.4969227009e+00 2.7350602422e-01 8.0620475268e+01
1.5005465407e+00 2.8437364747e-01 7.2572465000e+01
1.5121135350e+00 2.8279235163e-01 7.4366797030e+01
1.4831049156e+00 2.7873815341e-01 7.4791640439e+01
1.5125426710e+00 2.7782195979e-01 7.8120086953e+01
1.5232232661e+00 2.8396314874e-01 7.4451835457e+01
1.4599247551e+00 2.7894151515e-01 7.2915546096e+01
1.4825059939e+00 2.7256875961e-01 7.9830866582e+01
1.5181582000e+00 2.8493160451e-01 7.3471715656e+01
1.4902718293e+00 2.7292594445e-01 8.0412864007e+01
1.5077854793e+00 2.7532112316e-01 7.9997257084e+01
1.4874222143e+00 2.7216378470e-01 8.0910923055e+01
1.4689227045e+00 2.7534082277e-01 7.6018953826e+01
1.4924421697e+00 2.8432172496e-01 7.2056626897e+01
1.5143049046e+00 2.7742170031e-01 7.8663617982e+01
1.4843953781e+00 2.7654474715e-01 7.6482747241e+01
1.4933867975e+00 2.7658970424e-01 7.7281743419e+01
1.4950738622e+00 2.7852150477e-01 7.5934528179e+01
1.5007338356e+00 2.9417205102e-01 6.7782296048e+01
1.5424897091e+00 2.7928750362e-01 7.9997257084e+01
1.4817748913e+00 2.7194724154e-01 8.0412864007e+01
1.5119256569e+00 2.7526237731e-01 8.0578963045e+01
1.4886690983e+00 2.8266418916e-01 7.2744085313e+01
1.5154250815e+00 2.7403175839e-01 8.2648945375e+01
1.5031924227e+00 2.7674188408e-01 7.8120086953e+01
1.5185328699e+00 2.8774291937e-01 7.1884348405e+01
1.4900377496e+00 2.8039097560e-01 7.4239173069e+01
1.4896127618e+00 2.8624564684e-01 7.0847042089e+01
1.5253035322e+00 2.7824129822e-01 7.9081013820e+01
1.5602053393e+00 2.8398969004e-01 7.7533528720e+01
1.5104800409e+00 2.7806916161e-01 7.7701249475e+01
1.5064949093e+00 2.7525190732e-01 7.9914072577e+01
1.4576637767e+00 2.7401482940e-01 7.6018953826e+01
1.4836938363e+00 2.7724628897e-01 7.5892303678e+01
1.5015163058e+00 2.7343677081e-01 8.1325442176e+01
1.4942776762e+00 2.7705561125e-01 7.6987677568e+01
1.5088632928e+00 2.7560344127e-01 7.9830866582e+01
1.4740214853e+00 2.7474401332e-01 7.6945639864e+01
1.5172908598e+00 2.7988709244e-01 7.6861542972e+01
1.4942279281e+00 2.7936743896e-01 7.5257982128e+01
1.5384054598e+00 2.8108936355e-01 7.7868863262e+01
1.5085977425e+00 2.7632244567e-01 7.9081013820e+01
1.5036409806e+00 2.7674639597e-01 7.8161934912e+01
1.4951338229e+00 2.7439049398e-01 7.9456168532e+01
1.5069713620e+00 2.7613524054e-01 7.9081013820e+01
1.4893716325e+00 2.7653659203e-01 7.6945639864e+01
1.4834288223e+00 2.9288231011e-01 6.7427931188e+01
1.5178963300e+00 2.7882713242e-01 7.7785069637e+01
1.5235666841e+00 2.8225384971e-01 7.5638791445e+01
1.5163006233e+00 2.7769670546e-01 7.8621845231e+01
1.5176246803e+00 2.8501013661e-01 7.3386256743e+01
1.5367958493e+00 2.8361181534e-01 7.5765583130e+01
1.4503960164e+00 2.7634683045e-01 7.3813175613e+01
1.4837447025e+00 2.7674400876e-01 7.6272045862e+01
1.4513756937e+00 2.7626421462e-01 7.3941070253e+01
1.4824723241e+00 2.7621111705e-01 7.6566975496e+01
1.5370939272e+00 2.8468328559e-01 7.5046134423e+01
1.5328431993e+00 2.8482639935e-01 7.4621807233e+01
1.4938805346e+00 2.7428745866e-01 7.9414507550e+01
1.4965821943e+00 2.7339430745e-01 8.0703484835e+01
1.5525808688e+00 3.0584398824e-01 6.5686930309e+01
1.5115294363e+00 2.8974064749e-01 7.0412920548e+01
1.4879659943e+00 2.8562937275e-01 7.1063673457e+01
1.4798003248e+00 2.7707846364e-01 7.5681063290e+01
1.5213675290e+00 2.9310939612e-01 6.9366173885e+01
1.4916836556e+00 2.7784066123e-01 7.6145534310e+01
1.4746486552e+00 2.8313238245e-01 7.1539280443e+01
1.5242592683e+00 2.7610118481e-01 8.1242575657e+01
1.5165490372e+00 2.8790595978e-01 7.1668761497e+01
1.5282927798e+00 2.7889363507e-01 7.8788899706e+01
1.5248953076e+00 2.7819449694e-01 7.9081013820e+01
1.5161792316e+00 2.8145324871e-01 7.5596511614e+01
1.5276862936e+00 2.7767902297e-01 7.9914072577e+01
1.4923891402e+00 2.9933746467e-01 6.5326892254e+01
1.4680333774e+00 2.6858568189e-01 8.2690237632e+01
1.4673656908e+00 2.8004881032e-01 7.2786965387e+01
1.4628188289e+00 2.7380023032e-01 7.6651174188e+01
1.4957181049e+00 2.7606752147e-01 7.7952630554e+01
1.4919961261e+00 2.8205177227e-01 7.3343513034e+01
1.4904131802e+00 2.7730278229e-01 7.6440621960e+01
1.5091799627e+00 2.7528677145e-01 8.0205125602e+01
1.4906837562e+00 2.9242284631e-01 6.8003319346e+01
1.5024846217e+00 2.7699665370e-01 7.7826969754e+01
1.5035058282e+00 2.7552245434e-01 7.9289490537e+01
1.4946653013e+00 2.8074042209e-01 7.4366797030e+01
1.5323915033e+00 2.7616113686e-01 8.2359790805e+01
1.4947094956e+00 2.7888587143e-01 7.5638791445e+01
1.4917519831e+00 2.7551198707e-01 7.8036371717e+01
1.4817079843e+00 2.7201414848e-01 8.0329784068e+01
1.4988639611e+00 2.8787042707e-01 7.0586708069e+01
1.4838204378e+00 2.7080340349e-01 8.2111788416e+01
1.5028377048e+00 2.7483182961e-01 7.9914072577e+01
1.5088075692e+00 2.7520574927e-01 8.0246683597e+01
1.5001551764e+00 2.7615595597e-01 7.8329262945e+01
1.5396645718e+00 2.8028665311e-01 7.8705384629e+01
1.5145884178e+00 2.9305336730e-01 6.9015671758e+01
1.5104101319e+00 2.9040511739e-01 7.0021208706e+01
1.4533405765e+00 2.7295379789e-01 7.6440621960e+01
1.5213179942e+00 2.7404222892e-01 8.3680158222e+01
1.5511124035e+00 2.8071864556e-01 7.9539473606e+01
1.5378538738e+00 2.7844720710e-01 8.0329784068e+01
1.4991580001e+00 2.7398487403e-01 8.0371326592e+01
1.5095998650e+00 2.9076058817e-01 6.9803170919e+01
1.4877278758e+00 2.7953609439e-01 7.4621807233e+01
1.5031109193e+00 2.7365297535e-01 8.1284011213e+01
1.4835562254e+00 2.8551594511e-01 7.0847042089e+01
1.4736287504e+00 2.7423604452e-01 7.7323724844e+01
1.4999939635e+00 2.7043476161e-01 8.6229440237e+01
1.5080410591e+00 2.7823972143e-01 7.7323724844e+01
1.5011198776e+00 2.7654965685e-01 7.8078232563e+01
1.5111015924e+00 2.8062501254e-01 7.5765583130e+01
1.4877867683e+00 2.7992919413e-01 7.4366797030e+01
1.4931825877e+00 2.7724613745e-01 7.6735343529e+01
1.5182611662e+00 2.7937131410e-01 7.7365699350e+01
1.4673226117e+00 2.8414592590e-01 7.0543278672e+01
1.5118539624e+00 2.7578775615e-01 7.9997257084e+01
1.5458647367e+00 2.9420588589e-01 7.0238945256e+01
1.5008792789e+00 2.7226359518e-01 8.2814091592e+01
1.5063974925e+00 2.8305934745e-01 7.3770525678e+01
1.5078040058e+00 2.7439603440e-01 8.1035328162e+01
1.4833586445e+00 2.7216705984e-01 8.0371326592e+01
1.4904042577e+00 2.7279351609e-01 8.0578963045e+01
1.4985783482e+00 2.7365965562e-01 8.0661982523e+01
1.4710371500e+00 2.7547687946e-01 7.6103348511e+01
1.4960448692e+00 2.7664555050e-01 7.7491581624e+01
1.5299418410e+00 2.7769994407e-01 8.0163562403e+01
1.4807671692e+00 2.7656272457e-01 7.6145534310e+01
1.4918060881e+00 2.7500592834e-01 7.8496490101e+01
1.5139382001e+00 2.7733437510e-01 7.8705384629e+01
1.4999360134e+00 2.7411188499e-01 8.0329784068e+01
1.4993167369e+00 2.8243007979e-01 7.3642520295e+01
1.4936928313e+00 2.9258794931e-01 6.8091632103e+01
1.4715122846e+00 3.1023453209e-01 6.0871117539e+01
1.5428309823e+00 2.7985945318e-01 7.9456168532e+01
1.5132677245e+00 2.8209249857e-01 7.4918925507e+01
1.5340872183e+00 2.8723344030e-01 7.3215224529e+01
1.5040675975e+00 2.8039913657e-01 7.5342663360e+01
1.5195668507e+00 2.7624774716e-01 8.0454396336e+01
1.4813208609e+00 2.7646017671e-01 7.6272045862e+01
1.5009331520e+00 2.7809513053e-01 7.6777417260e+01
1.4924677970e+00 2.8022262269e-01 7.4536838781e+01
1.5189227008e+00 2.8189254854e-01 7.5511927880e+01
1.4723273825e+00 2.7283622959e-01 7.8412889032e+01
1.5144156986e+00 2.8185331247e-01 7.5173267951e+01
1.5326831119e+00 2.8088196441e-01 7.7491581624e+01
1.4905072725e+00 2.7585282867e-01 7.7617402571e+01
1.4555556774e+00 2.7387881966e-01 7.5934528179e+01
1.4809650540e+00 2.7365878737e-01 7.8580066351e+01
1.5092343832e+00 2.7613929733e-01 7.9331168577e+01
1.4453855355e+00 2.9437989040e-01 6.4965811856e+01
1.5064244083e+00 2.8575626471e-01 7.2185725677e+01
1.4806928645e+00 2.7573485735e-01 7.6777417260e+01
1.4844707156e+00 2.7240807289e-01 8.0246683597e+01
1.5637130923e+00 2.8369193645e-01 7.8120086953e+01
1.4837600693e+00 2.7311871915e-01 7.9414507550e+01
1.4800097700e+00 2.7641795179e-01 7.6187712450e+01
1.4832115041e+00 2.7592319674e-01 7.6861542972e+01
1.5006581810e+00 2.8018230385e-01 7.5215629171e+01
1.5083219162e+00 2.8749268167e-01 7.1366486818e+01
1.4598605461e+00 2.7900572423e-01 7.2872695748e+01
1.5031716031e+00 2.7993499941e-01 7.5596511614e+01
1.4655246947e+00 2.7289205584e-01 7.7659329379e+01
1.5334436266e+00 2.9290122529e-01 7.0151886504e+01
1.5143399754e+00 2.8693010844e-01 7.2056626897e+01
1.5072150103e+00 2.7498502989e-01 8.0288236411e+01
1.4854229090e+00 2.8184106122e-01 7.3001217281e+01
1.5220608651e+00 2.7920921872e-01 7.7868863262e+01
1.5092150296e+00 2.7661218175e-01 7.8872390662e+01
1.5150750878e+00 2.8073951009e-01 7.6018953826e+01
1.4787008804e+00 2.7366897931e-01 7.8329262945e+01
1.4928582197e+00 2.8118967870e-01 7.3941070253e+01
1.4990945074e+00 2.8310553278e-01 7.3215224529e+01
1.4506240922e+00 2.6939574642e-01 7.9289490537e+01
1.4934573219e+00 2.7561484856e-01 7.8120086953e+01
1.4853837859e+00 2.9228574854e-01 6.7782296048e+01
1.4863186777e+00 2.7507290010e-01 7.7868863262e+01
1.5095288878e+00 2.7856655354e-01 7.7197759713e+01
1.4615690812e+00 2.7774674752e-01 7.3770525678e+01
1.5118240267e+00 2.8262756180e-01 7.4451835457e+01
1.4983262991e+00 2.7526906789e-01 7.8955857695e+01
1.4483200086e+00 2.6856541930e-01 7.9872472277e+01
1.4720860544e+00 2.6857868204e-01 8.3432867286e+01
1.4899592047e+00 2.7730476552e-01 7.6398489209e+01
1.5401958096e+00 2.8752007725e-01 7.3471715656e+01
1.5173557183e+00 2.7891329275e-01 7.7659329379e+01
1.4857055092e+00 2.7658908949e-01 7.6566975496e+01
1.4987277504e+00 2.7622532614e-01 7.8120086953e+01
1.5015850020e+00 2.7699032602e-01 7.7743162886e+01
1.4339322904e+00 2.9415620685e-01 6.4512959601e+01
1.4878757023e+00 2.7261300898e-01 8.0454396336e+01
1.4782875652e+00 2.7498377128e-01 7.7155757380e+01
1.4777846805e+00 2.8541309334e-01 7.0543278672e+01
1.4593984439e+00 2.7722061541e-01 7.3941070253e+01
1.5088081553e+00 2.7837987884e-01 7.7281743419e+01
1.5044551387e+00 2.7593223795e-01 7.8997582302e+01
1.5228157057e+00 2.8163929131e-01 7.6018953826e+01
1.5037841310e+00 2.7343256426e-01 8.1656727290e+01
1.4904488226e+00 2.7862334789e-01 7.5469623924e+01
1.5483825922e+00 2.8253370972e-01 7.7617402571e+01
1.5221604764e+00 2.9049290402e-01 7.0673532104e+01
1.5158848505e+00 2.7811247826e-01 7.8203776466e+01
1.5363578323e+00 2.7720724407e-01 8.1573932786e+01
1.4781116037e+00 2.7470897506e-01 7.7365699350e+01
1.5047968002e+00 2.7377852779e-01 8.1366868568e+01
1.4570513274e+00 2.7866911877e-01 7.2872695748e+01
1.5171154307e+00 2.7779045597e-01 7.8621845231e+01
1.5082596592e+00 2.7756755219e-01 7.7910750187e+01
1.4812605164e+00 2.7606937738e-01 7.6566975496e+01
1.4853464086e+00 3.0456430763e-01 6.3189827688e+01
1.4251116163e+00 2.7166959539e-01 7.4918925507e+01
1.4980625300e+00 2.8187177678e-01 7.3898447871e+01
1.4655265171e+00 2.7064321626e-01 7.9789255467e+01
1.5053330057e+00 2.7414826975e-01 8.0993864557e+01
1.4971902401e+00 2.7414304735e-01 7.9955667504e+01
1.4708981466e+00 2.7786735201e-01 7.4409320646e+01
1.5292300035e+00 2.7886719003e-01 7.8914127157e+01
1.4588853400e+00 2.9123150409e-01 6.6850130873e+01
1.4870378762e+00 2.7615989763e-01 7.7029708145e+01
1.5183474061e+00 2.8701791048e-01 7.2271739586e+01
1.5176944744e+00 2.8312077498e-01 7.4579327351e+01
1.5276228558e+00 2.8548635343e-01 7.3813175613e+01
1.4920851727e+00 2.7020942596e-01 8.4627053861e+01
1.4942858544e+00 2.7433420824e-01 7.9414507550e+01
1.4856969609e+00 2.7569461694e-01 7.7281743419e+01
1.4954254453e+00 2.8586818626e-01 7.1409701632e+01
1.5187849193e+00 2.7612096739e-01 8.0495923602e+01
1.5048170933e+00 2.7692972333e-01 7.8120086953e+01
1.5002922794e+00 2.7918899605e-01 7.5892303678e+01
1.4732203529e+00 2.7689649127e-01 7.5257982128e+01
1.5232344306e+00 2.8531820954e-01 7.3599833208e+01
1.4908468135e+00 2.8048647394e-01 7.4239173069e+01
1.5716001526e+00 2.8498654959e-01 7.7785069637e+01
1.5483510932e+00 2.8165061401e-01 7.8371079129e+01
1.5269865889e+00 2.7883394488e-01 7.8705384629e+01
1.5079027290e+00 2.7837805155e-01 7.7197759713e+01
1.4614621042e+00 2.7605572324e-01 7.4876505650e+01
1.5181393632e+00 2.7540374403e-01 8.1242575657e+01
1.5031828344e+00 2.8491260694e-01 7.2443643876e+01
1.4729185111e+00 2.8260719323e-01 7.1711900276e+01
1.4898417699e+00 2.8828064205e-01 6.9846802787e+01
1.4872671180e+00 2.8497088583e-01 7.1366486818e+01
1.5022698972e+00 2.7449399743e-01 8.0205125602e+01
1.5079657872e+00 2.8648580130e-01 7.1884348405e+01
1.5197533191e+00 2.8060713408e-01 7.6524865077e+01
1.5119201978e+00 2.7799051842e-01 7.7910750187e+01
1.5058066418e+00 2.8319636019e-01 7.3642520295e+01
1.5123802378e+00 2.8025454158e-01 7.6145534310e+01
1.4853613686e+00 2.7693323013e-01 7.6272045862e+01
1.4963682486e+00 2.7315606822e-01 8.0952396196e+01
1.5037391549e+00 2.8072757921e-01 7.5088520605e+01
1.5126699873e+00 2.7769464355e-01 7.8245611639e+01
1.4791160457e+00 2.7100079840e-01 8.1159690671e+01
1.4988123067e+00 2.7614076985e-01 7.8203776466e+01
1.5143765543e+00 2.8325592596e-01 7.4239173069e+01
1.5176205451e+00 2.7864846590e-01 7.7910750187e+01
1.5344320406e+00 2.8186904030e-01 7.6861542972e+01
1.5191018851e+00 2.7853059521e-01 7.8161934912e+01
1.4673691780e+00 2.7239624784e-01 7.8287440457e+01
1.4891951552e+00 2.8847437918e-01 6.9715870468e+01
1.5121900798e+00 2.7590536153e-01 7.9914072577e+01
1.5126457456e+00 2.7454228858e-01 8.1532528898e+01
1.5300207413e+00 2.8719264661e-01 7.2958386597e+01
1.5191188589e+00 2.7896818778e-01 7.7785069637e+01
1.5346049613e+00 2.8306463737e-01 7.5976744886e+01
1.5319504961e+00 2.8252642898e-01 7.6145534310e+01
1.5165931191e+00 2.8467696466e-01 7.3514430919e+01
1.5268412787e+00 2.8581210169e-01 7.3557136760e+01
1.4529196035e+00 2.6978838927e-01 7.9164421908e+01
1.5309976231e+00 2.8986651940e-01 7.1539280443e+01
1.4993311342e+00 2.8468218426e-01 7.2314731052e+01
1.5104226364e+00 2.7767280495e-01 7.8036371717e+01
1.4589780584e+00 2.7539475875e-01 7.5130898438e+01
1.5141380135e+00 2.7713456169e-01 7.8914127157e+01
1.4899896534e+00 2.7185341561e-01 8.1656727290e+01
1.5121108667e+00 2.8552161362e-01 7.2701195268e+01
1.4886482256e+00 2.7454954817e-01 7.8580066351e+01
1.5246982571e+00 2.7611699224e-01 8.1284011213e+01
1.4883499067e+00 2.7575119646e-01 7.7491581624e+01
1.5429685984e+00 2.8474728846e-01 7.5469623924e+01
1.4924875485e+00 2.7613251412e-01 7.7575469027e+01
1.5006979277e+00 2.7923637915e-01 7.5892303678e+01
1.5256082489e+00 2.7748155562e-01 7.9872472277e+01
1.4940776515e+00 2.7137873481e-01 8.2979177816e+01
1.5102381386e+00 2.8148846629e-01 7.5088520605e+01
1.4639341415e+00 2.8348035956e-01 7.0673532104e+01
1.4473541042e+00 2.7176999408e-01 7.6819483732e+01
1.4613526416e+00 2.8201095573e-01 7.1280024178e+01
1.5302832048e+00 2.7735858023e-01 8.0578963045e+01
1.5093139973e+00 2.8150458649e-01 7.5003739865e+01
1.5104746675e+00 2.8488555564e-01 7.2958386597e+01
1.5180519672e+00 2.7776263074e-01 7.8747145195e+01
1.4744294916e+00 2.7703904595e-01 7.5257982128e+01
1.5232352252e+00 2.8030960521e-01 7.7071731622e+01
1.5431423419e+00 2.7817831667e-01 8.1325442176e+01
1.5126243322e+00 2.7501738634e-01 8.0952396196e+01
1.5112484885e+00 2.7412519205e-01 8.1863637206e+01
1.4909517566e+00 2.7450462970e-01 7.8872390662e+01
1.5181235367e+00 2.8041811463e-01 7.6524865077e+01
1.5168295220e+00 2.7762206650e-01 7.8747145195e+01
1.4869222244e+00 2.7221247643e-01 8.0786474719e+01
1.4823259327e+00 2.7545510490e-01 7.7155757380e+01
1.5086887090e+00 2.7668497155e-01 7.8747145195e+01
1.5317984869e+00 2.7994335035e-01 7.8203776466e+01
1.4850831594e+00 2.7450283961e-01 7.8245611639e+01
1.5080489884e+00 2.8186172774e-01 7.4664278454e+01
1.4632616264e+00 2.7200957128e-01 7.8203776466e+01
1.5212830378e+00 2.8271685674e-01 7.5130898438e+01
1.4996269852e+00 2.8030732162e-01 7.5046134423e+01
1.4697782724e+00 2.7133617738e-01 7.9581117748e+01
1.4649690290e+00 2.7659517283e-01 7.4791640439e+01
1.5284455031e+00 2.7737503066e-01 8.0329784068e+01
1.5278941125e+00 2.8111401254e-01 7.6861542972e+01
1.4903150808e+00 2.8192292307e-01 7.3300759781e+01
1.5067644334e+00 2.8133100793e-01 7.4918925507e+01
1.4766563766e+00 2.7526280271e-01 7.6777417260e+01
1.4869544976e+00 2.8166556504e-01 7.3215224529e+01
1.4851061796e+00 2.8306181373e-01 7.2271739586e+01
1.4696196026e+00 2.7284421958e-01 7.8120086953e+01
1.5169400578e+00 2.8160159359e-01 7.5554223768e+01
1.4704821228e+00 2.7963472137e-01 7.3257996956e+01
1.5086692607e+00 2.7851877348e-01 7.7155757380e+01
1.5117888605e+00 2.7812185565e-01 7.7785069637e+01
1.5129891992e+00 2.8009972497e-01 7.6314201186e+01
1.5070103225e+00 2.7473649414e-01 8.0537445831e+01
1.4974757976e+00 2.7521462218e-01 7.8914127157e+01
1.5253035322e+00 2.7824129822e-01 7.9081013820e+01
1.4814051036e+00 2.7592479012e-01 7.6693262514e+01
1.5269578208e+00 2.7977326217e-01 7.7868863262e+01
1.5337720080e+00 2.8116089878e-01 7.7365699350e+01
1.5007565701e+00 2.7646012520e-01 7.8120086953e+01
1.4834659512e+00 2.7431508644e-01 7.8245611639e+01
1.4749734409e+00 2.7424246758e-01 7.7449627715e+01
1.5270228136e+00 2.7561200331e-01 8.2277139574e+01
1.4693708817e+00 2.7399271562e-01 7.7113748025e+01
1.5194387309e+00 2.8956939413e-01 7.0977054822e+01
1.4729695279e+00 2.7804840658e-01 7.4451835457e+01
1.5121653667e+00 2.8501258547e-01 7.3001217281e+01
1.5258826080e+00 2.7857238896e-01 7.8830648187e+01
1.5120848664e+00 2.8145824084e-01 7.5257982128e+01
1.4822950205e+00 2.7413270137e-01 7.8287440457e+01
1.5250485458e+00 2.8851653050e-01 7.1884348405e+01
1.5022112810e+00 2.7545825342e-01 7.9206117227e+01
1.5025727022e+00 2.7872092937e-01 7.6440621960e+01
1.4935470097e+00 2.7869099414e-01 7.5681063290e+01
1.4855098184e+00 2.7497889286e-01 7.7868863262e+01
1.4947166043e+00 2.7164349685e-01 8.2690237632e+01
1.5139783002e+00 2.9184223361e-01 6.9541121708e+01
1.4980287305e+00 2.7239999471e-01 8.2153132349e+01
1.4983462884e+00 2.8204108822e-01 7.3813175613e+01
1.4493749922e+00 2.7378116233e-01 7.5469623924e+01
1.4948902050e+00 2.8006287158e-01 7.4834077304e+01
1.4693054775e+00 2.9524734816e-01 6.5776779671e+01
1.4932104405e+00 2.7450552193e-01 7.9122720780e+01
1.5213452613e+00 2.7719639002e-01 7.9664389360e+01
1.5166995175e+00 2.7820636913e-01 7.8203776466e+01
1.5418507099e+00 2.7810051504e-01 8.1242575657e+01
1.5150303438e+00 2.9215607112e-01 6.9453672823e+01
1.5247246628e+00 2.8064065382e-01 7.6945639864e+01
1.5214193420e+00 2.7894111110e-01 7.8036371717e+01
1.5289834682e+00 2.7774761474e-01 7.9997257084e+01
1.4892510022e+00 2.7801296799e-01 7.5807831180e+01
1.4974257262e+00 2.7752735036e-01 7.6903595008e+01
1.4934180172e+00 2.7927240251e-01 7.5257982128e+01
1.4839430064e+00 2.7744857147e-01 7.5765583130e+01
1.5109333609e+00 2.7580102731e-01 7.9872472277e+01
1.4776918814e+00 2.6972261964e-01 8.2648945375e+01
1.4874343598e+00 2.7757022698e-01 7.5976744886e+01
1.5343575947e+00 2.8057531208e-01 7.7910750187e+01
1.4969967425e+00 2.7886166620e-01 7.5850071354e+01
1.4933439618e+00 2.7346805458e-01 8.0205125602e+01
1.5238788831e+00 2.7966594736e-01 7.7659329379e+01
1.4863682155e+00 2.8767968289e-01 6.9934029987e+01
1.5069758110e+00 2.7703750745e-01 7.8245611639e+01
1.4663970783e+00 2.7651661206e-01 7.4961336903e+01
1.4917155751e+00 3.0137334903e-01 6.4558321111e+01
1.4976215808e+00 2.7687888744e-01 7.7449627715e+01
1.4837543444e+00 2.7267337739e-01 7.9872472277e+01
1.5304557871e+00 2.8083033589e-01 7.7323724844e+01
1.4760017245e+00 2.7411511959e-01 7.7659329379e+01
1.4728953135e+00 2.8308138024e-01 7.1452905485e+01
1.4763654205e+00 2.7825842082e-01 7.4579327351e+01
1.5340749245e+00 2.8359467413e-01 7.5554223768e+01
1.4745808549e+00 2.8545648098e-01 7.0325956512e+01
1.5021696671e+00 2.7776463968e-01 7.7155757380e+01
1.4786538205e+00 2.7236411388e-01 7.9581117748e+01
1.5046640319e+00 2.7617645297e-01 7.8788899706e+01
1.4978311919e+00 2.7757453152e-01 7.6903595008e+01
1.4795280621e+00 2.7058878198e-01 8.1739504252e+01
1.5201438739e+00 2.9068657303e-01 7.0456384946e+01
1.5188257185e+00 2.7290088644e-01 8.5367064106e+01
1.4787213659e+00 2.8402480103e-01 7.1323261011e+01
1.4972292509e+00 2.8497078925e-01 7.2013573065e+01
1.4985692621e+00 2.8544405636e-01 7.1841252357e+01
1.5185023834e+00 2.8276770044e-01 7.4876505650e+01
1.5177186761e+00 2.8446119148e-01 7.3727866500e+01
1.4512336160e+00 2.7102625392e-01 7.7826969754e+01
1.4518325558e+00 2.7266831696e-01 7.6524865077e+01
1.5078029501e+00 2.7938508408e-01 7.6398489209e+01
1.4931431774e+00 2.7502481588e-01 7.8621845231e+01
1.5356723431e+00 2.8062873778e-01 7.7994504389e+01
1.4642003921e+00 2.7826343008e-01 7.3642520295e+01
1.5105243064e+00 2.7802489604e-01 7.7743162886e+01
1.5292847272e+00 2.7790168770e-01 7.9872472277e+01
1.4815204250e+00 2.7084943475e-01 8.1698117953e+01
1.5248953076e+00 2.7819449694e-01 7.9081013820e+01
1.5219756498e+00 2.7974930678e-01 7.7407666966e+01
1.5129935803e+00 2.7464813822e-01 8.1449707735e+01
1.4893185491e+00 2.8111017606e-01 7.3727866500e+01
1.5381419274e+00 2.8637541129e-01 7.4026287672e+01
1.5089264833e+00 2.7644719725e-01 7.8997582302e+01
1.4764018341e+00 2.7326452282e-01 7.8454692681e+01
1.5001429521e+00 2.7888533042e-01 7.6103348511e+01
1.5185946193e+00 2.8449518526e-01 7.3770525678e+01
1.4556923280e+00 2.7015361269e-01 7.9122720780e+01
1.4516977489e+00 2.7683937609e-01 7.3599833208e+01
1.5086485057e+00 2.7672517487e-01 7.8705384629e+01
1.4960377227e+00 2.7846274550e-01 7.6061155025e+01
1.5101317908e+00 2.8295713340e-01 7.4111468825e+01
1.5103719645e+00 2.7908487546e-01 7.6861542972e+01
1.5005551477e+00 2.7485057572e-01 7.9622756324e+01
1.4664715768e+00 2.8634900196e-01 6.9409929629e+01
1.5207538345e+00 2.8461148206e-01 7.3855816334e+01
1.4878388148e+00 2.7445578388e-01 7.8580066351e+01
1.5182479561e+00 2.8802783312e-01 7.1711900276e+01
1.4876061647e+00 2.7920585167e-01 7.4834077304e+01
1.5134913133e+00 2.8186890983e-01 7.5088520605e+01
1.4830258540e+00 2.7385293449e-01 7.8621845231e+01
1.4676136406e+00 2.7530004980e-01 7.5934528179e+01
1.4744025230e+00 2.8067223052e-01 7.2915546096e+01
1.5142614734e+00 2.7610315740e-01 7.9955667504e+01
1.4933383186e+00 2.7302178261e-01 8.0703484835e+01
1.5111499022e+00 2.7785309983e-01 7.7952630554e+01
1.4969431702e+00 2.7800990640e-01 7.6482747241e+01
1.5063568794e+00 2.7720306193e-01 7.8036371717e+01
1.4635075706e+00 2.7176362709e-01 7.8454692681e+01
1.5285282150e+00 2.8184659419e-01 7.6356348960e+01
1.4969359560e+00 2.8662398527e-01 7.1106965919e+01
1.4987020351e+00 2.7715637356e-01 7.7323724844e+01
1.5283950797e+00 2.7788070955e-01 7.9789255467e+01
1.5048950223e+00 2.7413326023e-01 8.0952396196e+01
1.5207430565e+00 2.7825323784e-01 7.8580066351e+01
1.4746317639e+00 2.7773809581e-01 7.4791640439e+01
1.4820240960e+00 2.6989508335e-01 8.3144205481e+01
1.4761137327e+00 2.8572933627e-01 7.0282456804e+01
1.4960803391e+00 2.7615766475e-01 7.7910750187e+01
1.5517560656e+00 2.8419322942e-01 7.6609078524e+01
1.5024368567e+00 2.8520486187e-01 7.2228737805e+01
1.5263254802e+00 2.8040560273e-01 7.7281743419e+01
1.4784467282e+00 2.9333889824e-01 6.6983688174e+01
1.5078133791e+00 2.8255125172e-01 7.4196613947e+01
1.4814893029e+00 2.7358545064e-01 7.8705384629e+01
1.5262289281e+00 2.8141285693e-01 7.6482747241e+01
1.5339687008e+00 2.8917840334e-01 7.2099670255e+01
1.4769089588e+00 2.9849676454e-01 6.4920602348e+01
1.5162924251e+00 2.7725068222e-01 7.9039301002e+01
1.4991102048e+00 2.7312779899e-01 8.1366868568e+01
1.5119665662e+00 2.7476782202e-01 8.1159690671e+01
1.5365889804e+00 2.8153686711e-01 7.7323724844e+01
1.4897715708e+00 2.9061580579e-01 6.8752255227e+01
1.5321366878e+00 2.8097252144e-01 7.7365699350e+01
1.5180001893e+00 2.8190550599e-01 7.5427311870e+01
1.4941295077e+00 2.8444582033e-01 7.2099670255e+01
1.5236738079e+00 2.9993000300e-01 6.6582615408e+01
1.5202391865e+00 2.7875710788e-01 7.8078232563e+01
1.4853267170e+00 2.7606486079e-01 7.6945639864e+01
1.4858704442e+00 2.7100834425e-01 8.2153132349e+01
1.4976427779e+00 2.7550009624e-01 7.8663617982e+01
1.5110890971e+00 2.7700634421e-01 7.8705384629e+01
1.4791968094e+00 2.8400096436e-01 7.1366486818e+01
1.4870844455e+00 2.7611332827e-01 7.7071731622e+01
1.5116500917e+00 2.8098468770e-01 7.5554223768e+01
1.4930557092e+00 2.8189736737e-01 7.3514430919e+01
1.4550178341e+00 2.7486540718e-01 7.5173267951e+01
1.4775300638e+00 2.7574127272e-01 7.6482747241e+01
1.5227148820e+00 2.7719081321e-01 7.9830866582e+01
1.4788990166e+00 2.7843087710e-01 7.4664278454e+01
1.5245440064e+00 2.8491964180e-01 7.3941070253e+01
1.4957953289e+00 2.7418117284e-01 7.9747638907e+01
1.4909563830e+00 2.7585563338e-01 7.7659329379e+01
1.4473119719e+00 2.7449981405e-01 7.4791640439e+01
1.4947988960e+00 2.8196499857e-01 7.3599833208e+01
1.4848249296e+00 2.8198708682e-01 7.2872695748e+01
1.4736649369e+00 2.7465019049e-01 7.6987677568e+01
1.5098818470e+00 2.8048278384e-01 7.5765583130e+01
1.4863230314e+00 2.7732638783e-01 7.6061155025e+01
1.5090222785e+00 2.7952692399e-01 7.6398489209e+01
1.5073381492e+00 2.8121105331e-01 7.5046134423e+01
1.4938660271e+00 2.7475403553e-01 7.8955857695e+01
1.4816105449e+00 2.7391515948e-01 7.8412889032e+01
1.5071876236e+00 2.7909315696e-01 7.6566975496e+01
1.4990490892e+00 2.7364133051e-01 8.0744982225e+01
1.5014864965e+00 2.8207344480e-01 7.4026287672e+01
1.5210716596e+00 2.8520412967e-01 7.3514430919e+01
1.4993923871e+00 2.9369653702e-01 6.7914951567e+01
1.4917256220e+00 2.7734654848e-01 7.6524865077e+01
1.4734642003e+00 2.8567050051e-01 7.0151886504e+01
1.5031749423e+00 2.7857187436e-01 7.6609078524e+01
1.5218702733e+00 2.7894497606e-01 7.8078232563e+01
1.5020348697e+00 2.7699341281e-01 7.7785069637e+01
1.4577837213e+00 2.7299712477e-01 7.6819483732e+01
1.4811473621e+00 2.7302560565e-01 7.9206117227e+01
1.5200910340e+00 2.8208883364e-01 7.5469623924e+01
1.5206777387e+00 2.7559127230e-01 8.1366868568e+01
1.5146085532e+00 2.7575607761e-01 8.0371326592e+01
1.4732572379e+00 2.7821129962e-01 7.4366797030e+01
1.4706759142e+00 2.7493779830e-01 7.6482747241e+01
1.5334508777e+00 2.7874671200e-01 7.9497823876e+01
1.5002465498e+00 2.9102602534e-01 6.9147205641e+01
1.4699670765e+00 2.7474647382e-01 7.6566975496e+01
1.4500680127e+00 2.7532953317e-01 7.4451835457e+01
1.5541044176e+00 2.8413412356e-01 7.6861542972e+01
1.4943661119e+00 2.7832430787e-01 7.6018953826e+01
1.4982506140e+00 2.7579728435e-01 7.8454692681e+01
1.4989235596e+00 2.7738757278e-01 7.7155757380e+01
1.4601161828e+00 2.7875008752e-01 7.3044038180e+01
1.4971147012e+00 2.7738576704e-01 7.6987677568e+01
1.4738532196e+00 2.8031974815e-01 7.3086849324e+01
1.5041266752e+00 2.7580763157e-01 7.9081013820e+01
1.5164514031e+00 2.7890881999e-01 7.7575469027e+01
1.5286262904e+00 2.7491854006e-01 8.3597741274e+01
1.4946019855e+00 2.7627900160e-01 7.7659329379e+01
1.4897425090e+00 2.7616571552e-01 7.7281743419e+01
1.4963275756e+00 2.7772032278e-01 7.6651174188e+01
1.5018692136e+00 2.7263125468e-01 8.2442426045e+01
1.4922523218e+00 2.8768198501e-01 7.0282456804e+01
1.4529934068e+00 2.6926646311e-01 7.9706016880e+01
1.5120628699e+00 2.7830176087e-01 7.7659329379e+01
1.4877356670e+00 2.8133650348e-01 7.3471715656e+01
1.5158319411e+00 2.8270971025e-01 7.4706741043e+01
1.5161117891e+00 2.8652302782e-01 7.2400683165e+01
1.5053332155e+00 2.7777338703e-01 7.7449627715e+01
1.5228023210e+00 2.7528472569e-01 8.2070440348e+01
1.5037219145e+00 2.8528108752e-01 7.2271739586e+01
1.4945190631e+00 2.7500525378e-01 7.8788899706e+01
1.4628137910e+00 2.8234982110e-01 7.1193517300e+01
1.4997755133e+00 2.7517756329e-01 7.9206117227e+01
1.5037219145e+00 2.8528108752e-01 7.2271739586e+01
1.5371879179e+00 2.9647308215e-01 6.8708306827e+01
1.4635128820e+00 2.7265685127e-01 7.7659329379e+01
1.5008668931e+00 2.7725551884e-01 7.7449627715e+01
1.5587680173e+00 2.8726106960e-01 7.5003739865e+01
1.5236309368e+00 2.8401084827e-01 7.4451835457e+01
1.4846151468e+00 2.8174495442e-01 7.3001217281e+01
1.4844321221e+00 2.7154457172e-01 8.1242575657e+01
1.5199282387e+00 2.8225162893e-01 7.5342663360e+01
1.5032003878e+00 2.7809324374e-01 7.6987677568e+01
1.5047665464e+00 2.8832237776e-01 7.0716926810e+01
1.5389539237e+00 2.8464988715e-01 7.5215629171e+01
1.4858503686e+00 2.7644423004e-01 7.6693262514e+01
1.4926938429e+00 2.7773488231e-01 7.6314201186e+01
1.4711649500e+00 2.7399866206e-01 7.7281743419e+01
1.5428431638e+00 2.8350168802e-01 7.6356348960e+01
1.5222364975e+00 2.8221849947e-01 7.5554223768e+01
1.4763382305e+00 2.9318608639e-01 6.6939183810e+01
1.5151547975e+00 2.7793412666e-01 7.8287440457e+01
1.5086798835e+00 2.7442671898e-01 8.1118241196e+01
1.5359457170e+00 2.8172388165e-01 7.7113748025e+01
1.5221172780e+00 2.8370325573e-01 7.4536838781e+01
1.5359734642e+00 2.8032761666e-01 7.8287440457e+01
1.5265721170e+00 2.7697271337e-01 8.0537445831e+01
1.5134385668e+00 2.7374946738e-01 8.2731526072e+01
1.4866239897e+00 2.7702542951e-01 7.6314201186e+01
1.5172238768e+00 2.7722771174e-01 7.9164421908e+01
1.5438474327e+00 2.8295439269e-01 7.6861542972e+01
1.5265495307e+00 2.7972625855e-01 7.7868863262e+01
1.4750111793e+00 2.7645735829e-01 7.5723327176e+01
1.4912514033e+00 2.8053422312e-01 7.4239173069e+01
1.4996947027e+00 2.7706919189e-01 7.7491581624e+01
1.4692877315e+00 2.7767651442e-01 7.4409320646e+01
1.5257710060e+00 2.8141540884e-01 7.6440621960e+01
1.5034339225e+00 2.7876611763e-01 7.6482747241e+01
1.4927947424e+00 2.8713956443e-01 7.0586708069e+01
1.5459591103e+00 2.8770188973e-01 7.3770525678e+01
1.4927042194e+00 2.7682009747e-01 7.7029708145e+01
1.5058708944e+00 2.7814242405e-01 7.7197759713e+01
1.4712579035e+00 2.7930946644e-01 7.3514430919e+01
1.4829247403e+00 2.7620996046e-01 7.6609078524e+01
1.4896037773e+00 2.7720823915e-01 7.6440621960e+01
1.4846806742e+00 2.7806549279e-01 7.5384991691e+01
1.4909408621e+00 2.7135373658e-01 8.2483737725e+01
1.4753502696e+00 2.8243076799e-01 7.1970508727e+01
1.4994232377e+00 2.7688789474e-01 7.7617402571e+01
1.4964216679e+00 2.8351263888e-01 7.2786965387e+01
1.5212846971e+00 2.7452990078e-01 8.2896642113e+01
1.4802127938e+00 2.7441104750e-01 7.7826969754e+01
1.5016966833e+00 2.7823762353e-01 7.6735343529e+01
1.4894600049e+00 2.7148012037e-01 8.2070440348e+01
1.4646314926e+00 2.7693270926e-01 7.4536838781e+01
1.5196383901e+00 2.8663739916e-01 7.2572465000e+01
1.5033846830e+00 2.8516451952e-01 7.2314731052e+01
1.4819339176e+00 2.8171550156e-01 7.2829835522e+01
1.4566455690e+00 2.7009727786e-01 7.9289490537e+01
1.4449489993e+00 3.1328322079e-01 5.9025748909e+01
1.4772850989e+00 2.7643703391e-01 7.5934528179e+01
1.5132457052e+00 2.7530349726e-01 8.0703484835e+01
1.5042636765e+00 2.7431165157e-01 8.0661982523e+01
1.5165623263e+00 2.7652659791e-01 7.9789255467e+01
1.4851147088e+00 2.7086198495e-01 8.2235807906e+01
1.5023527818e+00 2.7712849366e-01 7.7701249475e+01
1.4957070705e+00 2.8060406193e-01 7.4536838781e+01
1.4634043349e+00 2.9392555889e-01 6.6001126708e+01
1.4912380071e+00 2.7467021740e-01 7.8747145195e+01
1.4705708667e+00 2.7054358307e-01 8.0537445831e+01
1.4684111096e+00 2.7270334014e-01 7.8120086953e+01
1.5176734744e+00 2.7904998809e-01 7.7575469027e+01
1.5278635901e+00 2.7750172645e-01 8.0121993975e+01
1.4961144955e+00 2.7748087153e-01 7.6819483732e+01
1.5117872913e+00 2.8130163285e-01 7.5342663360e+01
1.5143063563e+00 2.8468993802e-01 7.3343513034e+01
1.5168549346e+00 2.7714239418e-01 7.9206117227e+01
1.5008120879e+00 2.7776324009e-01 7.7029708145e+01
1.4990048188e+00 2.8138255778e-01 7.4281723271e+01
1.5206488318e+00 2.7471139137e-01 8.2525045476e+01
1.5049110997e+00 2.7457017569e-01 8.0454396336e+01
1.4968470421e+00 2.8172828590e-01 7.3898447871e+01
1.4907338010e+00 2.8014718605e-01 7.4451835457e+01
1.5136989502e+00 2.8075263833e-01 7.5892303678e+01
1.5063582776e+00 2.8491429762e-01 7.2658295222e+01
1.4706710447e+00 2.7404250568e-01 7.7197759713e+01
1.5018587483e+00 2.7399966031e-01 8.0703484835e+01
1.4681789718e+00 2.8058652684e-01 7.2529534762e+01
1.5095998650e+00 2.9076058817e-01 6.9803170919e+01
1.5130434002e+00 2.8504364646e-01 7.3044038180e+01
1.5198026018e+00 2.7782987849e-01 7.8872390662e+01
1.5030771320e+00 2.7866968467e-01 7.6524865077e+01
1.5009165107e+00 2.7539462166e-01 7.9122720780e+01
1.4824346684e+00 2.7264008514e-01 7.9747638907e+01
1.4717552112e+00 2.7746069729e-01 7.4749195028e+01
1.4782899160e+00 2.7678483751e-01 7.5765583130e+01
1.5207923425e+00 2.8684944253e-01 7.2529534762e+01
1.4842880903e+00 2.8568841148e-01 7.0803681768e+01
1.4759649288e+00 2.7550360879e-01 7.6524865077e+01
1.4980256777e+00 2.9642591082e-01 6.6716440328e+01
1.5534626960e+00 2.8065588688e-01 7.9872472277e+01
1.4631541920e+00 2.7256625412e-01 7.7701249475e+01
1.4991916219e+00 2.7395125227e-01 8.0412864007e+01
1.5429358782e+00 2.8432295886e-01 7.5765583130e+01
1.5106287006e+00 2.7383803353e-01 8.2153132349e+01
1.5009165107e+00 2.7539462166e-01 7.9122720780e+01
1.4960187342e+00 2.7757663281e-01 7.6735343529e+01
1.4912364751e+00 2.7512362603e-01 7.8329262945e+01
1.4732706580e+00 2.7414384305e-01 7.7365699350e+01
1.5163423833e+00 2.7674654081e-01 7.9539473606e+01
1.5075598781e+00 2.8643745060e-01 7.1884348405e+01
1.5058534812e+00 2.8042729938e-01 7.5469623924e+01
1.5266176554e+00 2.7510730112e-01 8.2937911806e+01
1.4939910601e+00 2.8458426791e-01 7.2013573065e+01
1.5129171506e+00 2.8198873607e-01 7.4961336903e+01
1.5293861588e+00 2.8281143094e-01 7.5723327176e+01
1.5034400423e+00 2.7921325986e-01 7.6145534310e+01
1.5082050410e+00 2.8306753416e-01 7.3898447871e+01
1.5231223701e+00 2.8133262689e-01 7.6272045862e+01
1.5133282095e+00 2.7839839539e-01 7.7701249475e+01
1.4826922327e+00 2.7148073500e-01 8.1076787034e+01
1.5087273834e+00 2.8526994532e-01 7.2615385143e+01
1.5360158052e+00 2.8028527571e-01 7.8329262945e+01
1.4736538242e+00 2.7871603549e-01 7.4068882767e+01
1.5135542956e+00 2.7544870646e-01 8.0578963045e+01
1.5154081218e+00 2.7858920696e-01 7.7743162886e+01
1.4732509333e+00 2.7866824602e-01 7.4068882767e+01
1.5100537627e+00 2.7441297143e-01 8.1325442176e+01
1.5485766830e+00 2.8828819640e-01 7.3599833208e+01
1.4823492827e+00 2.7137285012e-01 8.1159690671e+01
1.4849576666e+00 2.7959515908e-01 7.4366797030e+01
1.4716582468e+00 2.7395546572e-01 7.7365699350e+01
1.5274559578e+00 2.8337448913e-01 7.5173267951e+01
1.5146240049e+00 2.7710260000e-01 7.8997582302e+01
1.4866799879e+00 2.7606617909e-01 7.7071731622e+01
1.4923008034e+00 2.9171251506e-01 6.8400297950e+01
1.5179663810e+00 2.9195282861e-01 6.9715870468e+01
1.5039270860e+00 2.7328960926e-01 8.1863637206e+01
1.4798334495e+00 2.7343788701e-01 7.8663617982e+01
1.5213571039e+00 2.8400821267e-01 7.4281723271e+01
1.4832827687e+00 2.7901182994e-01 7.4621807233e+01
1.5123747649e+00 2.7980590807e-01 7.6482747241e+01
1.4596061525e+00 2.7027708876e-01 7.9456168532e+01
1.4677957440e+00 2.7601779893e-01 7.5427311870e+01
1.4749135492e+00 2.7565382076e-01 7.6314201186e+01
1.4740576764e+00 2.7560868057e-01 7.6272045862e+01
1.4696856135e+00 2.7727863241e-01 7.4706741043e+01
1.5213344659e+00 2.8721817431e-01 7.2357712234e+01
1.4855098866e+00 2.8265810665e-01 7.2529534762e+01
1.4589713673e+00 3.1552910097e-01 5.8930168395e+01
1.4962084861e+00 2.9279451593e-01 6.8135767946e+01
1.5014232379e+00 2.7443517073e-01 8.0163562403e+01
1.4935225316e+00 2.8188319176e-01 7.3557136760e+01
1.5008502921e+00 2.7863098331e-01 7.6356348960e+01
1.4799322604e+00 2.6928364809e-01 8.3762562043e+01
1.4950880623e+00 2.7714994148e-01 7.6987677568e+01
1.4971708751e+00 2.7687702325e-01 7.7407666966e+01
1.4692460723e+00 2.7636764018e-01 7.5300326848e+01
1.5005204162e+00 2.7352748218e-01 8.1076787034e+01
1.5165863527e+00 2.8150069401e-01 7.5596511614e+01
1.5397000721e+00 2.8070759250e-01 7.8329262945e+01
1.4884831698e+00 2.7426299721e-01 7.8830648187e+01
1.5210813545e+00 2.8155346240e-01 7.5934528179e+01
1.4832573179e+00 2.8039210133e-01 7.3727866500e+01
1.4833406324e+00 2.7669670342e-01 7.6272045862e+01
1.4973768783e+00 2.7214743856e-01 8.2401110412e+01
1.4902566140e+00 2.7248955300e-01 8.0910923055e+01
1.4679238217e+00 2.9798440280e-01 6.4694303358e+01
1.4409226260e+00 2.7148837924e-01 7.6440621960e+01
1.4904735182e+00 2.7317590101e-01 8.0163562403e+01
1.4950393282e+00 2.7086889627e-01 8.4009696503e+01
1.4841151153e+00 2.7817948334e-01 7.5257982128e+01
1.4862165585e+00 2.7291814227e-01 7.9914072577e+01
1.5223744829e+00 2.7844076643e-01 7.8580066351e+01
1.5623247226e+00 2.8324579295e-01 7.8371079129e+01
1.4943589195e+00 2.7968897888e-01 7.5046134423e+01
1.5470336879e+00 2.8571226046e-01 7.5130898438e+01
1.5141974086e+00 2.8116281449e-01 7.5638791445e+01
1.5137873568e+00 2.8839251078e-01 7.1236776285e+01
1.4816540295e+00 2.7477369237e-01 7.7659329379e+01
1.4994841336e+00 2.7004018324e-01 8.7377979671e+01
1.4817242792e+00 2.7876443202e-01 7.4664278454e+01
1.4849521710e+00 2.7102452282e-01 8.1987731721e+01
1.5414617491e+00 2.8351241075e-01 7.6229882959e+01
1.4787761502e+00 2.7810263827e-01 7.4876505650e+01
1.4791487437e+00 2.7682795013e-01 7.5807831180e+01
1.4670918514e+00 2.7357288506e-01 7.7239755051e+01
1.4973551136e+00 2.7850329505e-01 7.6145534310e+01
1.5252850622e+00 2.8008025440e-01 7.7449627715e+01
1.4983784342e+00 2.7476443991e-01 7.9456168532e+01
1.4864574580e+00 2.7990264321e-01 7.4281723271e+01
1.5172185713e+00 2.7314605954e-01 8.4462489380e+01
1.4759595246e+00 2.8227269547e-01 7.2099670255e+01
1.4999687475e+00 2.8313785505e-01 7.3257996956e+01
1.4743066465e+00 2.6995688079e-01 8.1780886213e+01
1.5119690703e+00 2.8520888188e-01 7.2872695748e+01
1.4749109140e+00 2.7205333192e-01 7.9456168532e+01
1.5178980706e+00 2.7382853425e-01 8.3391640307e+01
1.5208652728e+00 2.7813102155e-01 7.8705384629e+01
1.4817327463e+00 2.7379295801e-01 7.8538281315e+01
1.4822175098e+00 2.7375918397e-01 7.8621845231e+01
1.5338116098e+00 2.7975346656e-01 7.8580066351e+01
1.5018460621e+00 2.7672926591e-01 7.7994504389e+01
1.5027430037e+00 2.8625999835e-01 7.1668761497e+01
1.4660760062e+00 2.8539253133e-01 6.9846802787e+01
1.4702069552e+00 2.7000810654e-01 8.1118241196e+01
1.4893851305e+00 2.9145535437e-01 6.8356243358e+01
1.4912534269e+00 2.7239599233e-01 8.1159690671e+01
1.4937908190e+00 2.7528135145e-01 7.8454692681e+01
1.5124998968e+00 2.7786473406e-01 7.8078232563e+01
1.5020506646e+00 2.7063975516e-01 8.6311523615e+01
1.5136743272e+00 2.7941459694e-01 7.6903595008e+01
1.4945999361e+00 2.8805336602e-01 7.0238945256e+01
1.4623114220e+00 2.9005843771e-01 6.7516607231e+01
1.5017172163e+00 2.8320297187e-01 7.3343513034e+01
1.5141001039e+00 2.7762650102e-01 7.8454692681e+01
1.5319520278e+00 2.7751162043e-01 8.0620475268e+01
1.5129721510e+00 2.7648468894e-01 7.9414507550e+01
1.5196982198e+00 2.8748819512e-01 7.2099670255e+01
1.5116000159e+00 2.7785682404e-01 7.7994504389e+01
1.5128417455e+00 2.7298546581e-01 8.3844952912e+01
1.4895569239e+00 2.7906313873e-01 7.5088520605e+01
1.5078897070e+00 2.7476359512e-01 8.0620475268e+01
1.5064592841e+00 2.7528753255e-01 7.9872472277e+01
1.5164419311e+00 2.7846395559e-01 7.7952630554e+01
1.5292945239e+00 2.8199159911e-01 7.6314201186e+01
1.5015609699e+00 2.8471981066e-01 7.2443643876e+01
1.4797678049e+00 2.8342996893e-01 7.1711900276e+01
1.4736204700e+00 2.8551423083e-01 7.0238945256e+01
1.4821234546e+00 2.7971961438e-01 7.4068882767e+01
1.4764788684e+00 2.7814497288e-01 7.4664278454e+01
1.4760327495e+00 2.7273274915e-01 7.8914127157e+01
1.4986009970e+00 2.8088027845e-01 7.4579327351e+01
1.4693650741e+00 2.7309874803e-01 7.7868863262e+01
1.4974730221e+00 2.7748005451e-01 7.6945639864e+01
1.4998316817e+00 2.9416564702e-01 6.7738049690e+01
1.4951769304e+00 2.8883638809e-01 6.9890422465e+01
1.4954619510e+00 2.7315811165e-01 8.0827962340e+01
1.5103795621e+00 2.7771587927e-01 7.7994504389e+01
1.5150616862e+00 2.7984420045e-01 7.6693262514e+01
1.4799388955e+00 2.7874454564e-01 7.4536838781e+01
1.4799327947e+00 2.9049593043e-01 6.8268093799e+01
1.5123804754e+00 2.7616872706e-01 7.9664389360e+01
1.5107728986e+00 2.7550788197e-01 8.0163562403e+01
1.5284320141e+00 2.7829906882e-01 7.9372840907e+01
1.4979910875e+00 2.7334220003e-01 8.0952396196e+01
1.5039875635e+00 2.7549371198e-01 7.9372840907e+01
1.5164933579e+00 2.7932124002e-01 7.7239755051e+01
1.4877576305e+00 2.7453696818e-01 7.8496490101e+01
1.4933257976e+00 2.7710292760e-01 7.6861542972e+01
1.4849150239e+00 2.7467097511e-01 7.8078232563e+01
1.5066894747e+00 2.9367097846e-01 6.8312175320e+01
1.4806076090e+00 3.0340570950e-01 6.3373229266e+01
1.5087096142e+00 2.7757116641e-01 7.7952630554e+01
1.4849012168e+00 2.8236275332e-01 7.2658295222e+01
1.5413470195e+00 2.7723511518e-01 8.2277139574e+01
1.5064124176e+00 2.7669418489e-01 7.8496490101e+01
1.5371835217e+00 2.8413713689e-01 7.5427311870e+01
1.4964975929e+00 2.7438339416e-01 7.9622756324e+01
1.5000553343e+00 2.7716136099e-01 7.7449627715e+01
1.4884831698e+00 2.7426299721e-01 7.8830648187e+01
1.5222732171e+00 2.8627942310e-01 7.2958386597e+01
1.5143729137e+00 2.9008208327e-01 7.0412920548e+01
1.4905063069e+00 2.7630570955e-01 7.7239755051e+01
1.5035976553e+00 2.7271347712e-01 8.2607649278e+01
1.4942306180e+00 2.7710266952e-01 7.6945639864e+01
1.4718977181e+00 2.8453000371e-01 7.0630125868e+01
1.5007650750e+00 2.7781025306e-01 7.6987677568e+01
1.5197527943e+00 2.7969818133e-01 7.7239755051e+01
1.4879122672e+00 3.1017477950e-01 6.1525431140e+01
1.5092254157e+00 2.8023142424e-01 7.5892303678e+01
1.4911776190e+00 2.7653834345e-01 7.7113748025e+01
1.5146085532e+00 2.7575607761e-01 8.0371326592e+01
1.4979164282e+00 2.9290215564e-01 6.8179890150e+01
1.5278439382e+00 2.7888714468e-01 7.8747145195e+01
1.5154530169e+00 2.7672765603e-01 7.9456168532e+01
1.4596511068e+00 2.7876564377e-01 7.3001217281e+01
1.4634307668e+00 2.7408706067e-01 7.6482747241e+01
1.5134166754e+00 2.7830992946e-01 7.7785069637e+01
1.4539705050e+00 2.8040231210e-01 7.1668761497e+01
1.5319445660e+00 2.7660807418e-01 8.1698117953e+01
1.5272515918e+00 2.8221205645e-01 7.5976744886e+01
1.4887257417e+00 2.7356885702e-01 7.9539473606e+01
1.5133960854e+00 2.8014702183e-01 7.6314201186e+01
1.4700146490e+00 2.8596204482e-01 6.9803170919e+01
1.5561383341e+00 2.8989075278e-01 7.3172442467e+01
1.5243026273e+00 2.8288378758e-01 7.5257982128e+01
1.4913674374e+00 2.8313303085e-01 7.2658295222e+01
1.5258208211e+00 2.8136559372e-01 7.6482747241e+01
1.4887847376e+00 2.7305833136e-01 8.0080420295e+01
1.4633345274e+00 2.7508222316e-01 7.5723327176e+01
1.4711327371e+00 2.7178095332e-01 7.9289490537e+01
1.5164161200e+00 2.9213652019e-01 6.9541121708e+01
1.4435643571e+00 2.7914363572e-01 7.1668761497e+01
1.4353343130e+00 2.8871828156e-01 6.6671847008e+01
1.4372812023e+00 2.7200002374e-01 7.5723327176e+01
1.5453722185e+00 2.8508676706e-01 7.5427311870e+01
1.5400144614e+00 2.7765513722e-01 8.1532528898e+01
1.4973014289e+00 2.7719903933e-01 7.7155757380e+01
1.4830988118e+00 2.9592947071e-01 6.6180322978e+01
1.5447220428e+00 2.8848141234e-01 7.3215224529e+01
1.5036093392e+00 2.7632496765e-01 7.8538281315e+01
1.4783656520e+00 2.8302592588e-01 7.1841252357e+01
1.5313512833e+00 2.8358162344e-01 7.5342663360e+01
1.4786485800e+00 2.7777914178e-01 7.5088520605e+01
1.4881320179e+00 2.7687256883e-01 7.6566975496e+01
1.4752331980e+00 2.7083065362e-01 8.0827962340e+01
1.4985681952e+00 2.7231279183e-01 8.2359790805e+01
1.4792196434e+00 2.7540419796e-01 7.6903595008e+01
1.5079542809e+00 2.8922367130e-01 7.0456384946e+01
1.4811042164e+00 2.8615975377e-01 7.0369444415e+01
1.4367314059e+00 3.2646636789e-01 5.5520030447e+01
1.5293998636e+00 2.7824192142e-01 7.9539473606e+01
1.5022974703e+00 2.9033730910e-01 6.9584827470e+01
1.5286938778e+00 2.7803720516e-01 7.9664389360e+01
1.5215813479e+00 2.8196348252e-01 7.5681063290e+01
1.5067765051e+00 2.7769022900e-01 7.7659329379e+01
1.4514180385e+00 2.7667045871e-01 7.3685198049e+01
1.4234978172e+00 2.9473069619e-01 6.3830454750e+01
1.4883646818e+00 2.7980331149e-01 7.4494341492e+01
1.4928743681e+00 2.7258201819e-01 8.1159690671e+01
1.4870295582e+00 2.7436201958e-01 7.8580066351e+01
1.5033395497e+00 2.8339483847e-01 7.3343513034e+01
1.5260674566e+00 2.8248518356e-01 7.5681063290e+01
1.5072968192e+00 2.7943756903e-01 7.6314201186e+01
1.5193962404e+00 2.7823623990e-01 7.8454692681e+01
1.5252119139e+00 2.7696795374e-01 8.0371326592e+01
1.5056373305e+00 2.8064345007e-01 7.5300326848e+01
1.4954139525e+00 2.7908651576e-01 7.5554223768e+01
1.4927934734e+00 2.9167326073e-01 6.8444339134e+01
1.5321457121e+00 2.7686241295e-01 8.1408290413e+01
1.5218620457e+00 2.7758892991e-01 7.9331168577e+01
1.5454121986e+00 2.8276077613e-01 7.7155757380e+01
1.4926318656e+00 2.7870142185e-01 7.5596511614e+01
1.5626801652e+00 2.8059806335e-01 8.1076787034e+01
1.4658156391e+00 2.6855717801e-01 8.2359790805e+01
1.4696106488e+00 2.6970517989e-01 8.1408290413e+01
1.4720127236e+00 2.7360098886e-01 7.7701249475e+01
1.4895326128e+00 2.7863538048e-01 7.5384991691e+01
1.5113280975e+00 2.7676734385e-01 7.8955857695e+01
1.5163392668e+00 2.7584140614e-01 8.0495923602e+01
1.4875526707e+00 2.8016329181e-01 7.4196613947e+01
1.4611383438e+00 2.7323447335e-01 7.6945639864e+01
1.4963275756e+00 2.7772032278e-01 7.6651174188e+01
1.4941316750e+00 2.7177654952e-01 8.2401110412e+01
1.5348954053e+00 2.9236343179e-01 7.0499837642e+01
1.5014893866e+00 2.7301108166e-01 8.1863637206e+01
1.5133335015e+00 2.8293550950e-01 7.4366797030e+01
1.5467101475e+00 2.7872087150e-01 8.1159690671e+01
1.5179840159e+00 2.7555909138e-01 8.1035328162e+01
1.5406078803e+00 2.7706171833e-01 8.2401110412e+01
1.4723241733e+00 2.8049640552e-01 7.2872695748e+01
1.4977467649e+00 2.7494365485e-01 7.9206117227e+01
1.5078905055e+00 2.7521609700e-01 8.0121993975e+01
1.4908420455e+00 2.7280737372e-01 8.0620475268e+01
1.5144655301e+00 2.8044035651e-01 7.6187712450e+01
1.4814271779e+00 2.8086742083e-01 7.3300759781e+01
1.4958574342e+00 2.7185852828e-01 8.2566349319e+01
1.4956316430e+00 2.7615398337e-01 7.7868863262e+01
1.4775185410e+00 2.8026249659e-01 7.3386256743e+01
1.4908684706e+00 2.8589542397e-01 7.1106965919e+01
1.4967939850e+00 2.7273033190e-01 8.1532528898e+01
1.4752673378e+00 2.7575059659e-01 7.6272045862e+01
1.5100217350e+00 2.7489845314e-01 8.0744982225e+01
1.4752172937e+00 2.7625124388e-01 7.5892303678e+01
1.4738299080e+00 2.7088364232e-01 8.0578963045e+01
1.5015214294e+00 3.1432355522e-01 6.0824222460e+01
1.5140419594e+00 2.7813871357e-01 7.7994504389e+01
1.5265385857e+00 2.7700624467e-01 8.0495923602e+01
1.4709781234e+00 2.7913872076e-01 7.3599833208e+01
1.5572230368e+00 2.8193146903e-01 7.9039301002e+01
1.4812702297e+00 2.7696199037e-01 7.5892303678e+01
1.5170776421e+00 2.7646546515e-01 7.9914072577e+01
1.4957709942e+00 2.7330117624e-01 8.0703484835e+01
1.4847922256e+00 2.8608876152e-01 7.0630125868e+01
1.4965119327e+00 2.8750138579e-01 7.0630125868e+01
1.4783228612e+00 2.7404699859e-01 7.7952630554e+01
1.5319556342e+00 2.7614155929e-01 8.2318467199e+01
1.5207325700e+00 2.7871840566e-01 7.8161934912e+01
1.4652112070e+00 2.7950234339e-01 7.2958386597e+01
1.4915037917e+00 2.8390193167e-01 7.2228737805e+01
1.4868786704e+00 2.7722243273e-01 7.6187712450e+01
1.4783575520e+00 2.7266038247e-01 7.9247806762e+01
1.4764321769e+00 2.7368466720e-01 7.8078232563e+01
1.5009542972e+00 2.7898000961e-01 7.6103348511e+01
1.5093852403e+00 2.8234136460e-01 7.4451835457e+01
1.4752723945e+00 2.7304273293e-01 7.8538281315e+01
1.5390483067e+00 2.9049616022e-01 7.1711900276e+01
1.4721617483e+00 2.7030207384e-01 8.1035328162e+01
1.4860985167e+00 2.7439019461e-01 7.8454692681e+01
1.5023412446e+00 2.7804613200e-01 7.6945639864e+01
1.5009751747e+00 2.7081045174e-01 8.5531401325e+01
1.4902037207e+00 2.7706024947e-01 7.6609078524e+01
1.4822570020e+00 2.7146513082e-01 8.1035328162e+01
1.4842002757e+00 2.7719130212e-01 7.5976744886e+01
1.5215627579e+00 2.7697889346e-01 7.9914072577e+01
1.4826606393e+00 2.8144046386e-01 7.3044038180e+01
1.5067791901e+00 2.9358126301e-01 6.8356243358e+01
1.5109279956e+00 2.7444568490e-01 8.1408290413e+01
1.4677291670e+00 2.7698438333e-01 7.4749195028e+01
1.4954933131e+00 2.7719710659e-01 7.6987677568e+01
1.4806672473e+00 2.7305488552e-01 7.9122720780e+01
1.5143177122e+00 2.7922539506e-01 7.7113748025e+01
1.4624193212e+00 2.8004450093e-01 7.2443643876e+01
1.5099342264e+00 2.8043040444e-01 7.5807831180e+01
1.5274711637e+00 2.8381495930e-01 7.4876505650e+01
1.5131089080e+00 2.9817721497e-01 6.6761018718e+01
1.5050547596e+00 2.7578572524e-01 7.9206117227e+01
1.5128378573e+00 2.8025106688e-01 7.6187712450e+01
1.5088619779e+00 2.8241059730e-01 7.4366797030e+01
1.4731683144e+00 2.7469648049e-01 7.6903595008e+01
1.4728393058e+00 2.7637660260e-01 7.5596511614e+01
1.5030581623e+00 2.7823546923e-01 7.6861542972e+01
1.5241881668e+00 2.7708191696e-01 8.0121993975e+01
1.4830879228e+00 2.7559551833e-01 7.7113748025e+01
1.4879861312e+00 2.7611497198e-01 7.7155757380e+01
1.4871770685e+00 2.7602070526e-01 7.7155757380e+01
1.5185997667e+00 2.7721483118e-01 7.9331168577e+01
1.5043287162e+00 2.7424661178e-01 8.0744982225e+01
1.5147462986e+00 2.8424999575e-01 7.3642520295e+01
1.4857889240e+00 2.7108986452e-01 8.2029088124e+01
1.4852368744e+00 2.7028882993e-01 8.3102953976e+01
1.4859637999e+00 2.7768561931e-01 7.5765583130e+01
1.5316673990e+00 2.8417758567e-01 7.4961336903e+01
1.4848405388e+00 2.7790562818e-01 7.5511927880e+01
1.5029725807e+00 2.9193330599e-01 6.8884021955e+01
1.5114460174e+00 2.7302071666e-01 8.3515311021e+01
1.4728674972e+00 2.7409674872e-01 7.7365699350e+01
1.4898513576e+00 2.7831663566e-01 7.5638791445e+01
1.4776915100e+00 2.7873621183e-01 7.4366797030e+01
1.5248227711e+00 2.7872205931e-01 7.8580066351e+01
1.4890945052e+00 2.8948082283e-01 6.9234830989e+01
1.4697476908e+00 2.7766681031e-01 7.4451835457e+01
1.5294322542e+00 2.7729882868e-01 8.0537445831e+01
1.4791304721e+00 2.7910174794e-01 7.4239173069e+01
1.5166302624e+00 2.7509634245e-01 8.1408290413e+01
1.5135542956e+00 2.7544870646e-01 8.0578963045e+01
1.4799258930e+00 2.9140739449e-01 6.7870746947e+01
1.5544749754e+00 2.8651191600e-01 7.5173267951e+01
1.5342582044e+00 2.7748363284e-01 8.0952396196e+01
1.5611653117e+00 2.8394667047e-01 7.7659329379e+01
1.5020338202e+00 2.8470056795e-01 7.2486594398e+01
1.4915604148e+00 2.7389597153e-01 7.9539473606e+01
1.5100100260e+00 2.7627075455e-01 7.9289490537e+01
1.5458122490e+00 2.8098957645e-01 7.8705384629e+01
1.5001647515e+00 2.7207325231e-01 8.2979177816e+01
1.4690139865e+00 2.7389970393e-01 7.7155757380e+01
1.5008763975e+00 2.8268354378e-01 7.3599833208e+01
1.5250759069e+00 2.7619417691e-01 8.1242575657e+01
1.5266318647e+00 2.8784506038e-01 7.2357712234e+01
1.5103046592e+00 2.8414692933e-01 7.3386256743e+01
1.4917042600e+00 2.7420396445e-01 7.9247806762e+01
1.5126681197e+00 2.7588108275e-01 7.9997257084e+01
1.4853496788e+00 2.7649339013e-01 7.6609078524e+01
1.5365216730e+00 2.7841123377e-01 8.0205125602e+01
1.4830210234e+00 2.7611367736e-01 7.6693262514e+01
1.4818998490e+00 2.7904027624e-01 7.4494341492e+01
1.4860364941e+00 2.8710638003e-01 7.0195421835e+01
1.4792471016e+00 2.7898511844e-01 7.4324264582e+01
1.4880396145e+00 2.8193688727e-01 7.3129650743e+01
1.5516394860e+00 2.8156396920e-01 7.8788899706e+01
1.4474472123e+00 2.7167688596e-01 7.6903595008e+01
1.5154971192e+00 2.7486751157e-01 8.1532528898e+01
1.4859947406e+00 2.7991348387e-01 7.4239173069e+01
1.5201882222e+00 2.8290158238e-01 7.4918925507e+01
1.5036816371e+00 2.7579963831e-01 7.9039301002e+01
1.5057288141e+00 2.7375246131e-01 8.1532528898e+01
1.4872345518e+00 2.7280278406e-01 8.0163562403e+01
1.5247512515e+00 2.8197983144e-01 7.5934528179e+01
1.4881033774e+00 2.8187312437e-01 7.3172442467e+01
1.4917170635e+00 2.8187830352e-01 7.3428990941e+01
1.5167230010e+00 2.7909159696e-01 7.7449627715e+01
1.4996974551e+00 2.7389791192e-01 8.0537445831e+01
1.5093975423e+00 2.7824417629e-01 7.7449627715e+01
1.5097234380e+00 2.7519675017e-01 8.0371326592e+01
1.4855360495e+00 2.8444045222e-01 7.1539280443e+01
1.4843681304e+00 2.7251065806e-01 8.0121993975e+01
1.4964488771e+00 2.8257940542e-01 7.3343513034e+01
1.5011929410e+00 2.8599509317e-01 7.1711900276e+01
1.5370906231e+00 2.8149151155e-01 7.7407666966e+01
1.5015291019e+00 3.1614049667e-01 6.0306948064e+01
1.4899247148e+00 2.8005178699e-01 7.4451835457e+01
1.5059807400e+00 2.7168879437e-01 8.4832697127e+01
1.4830965893e+00 2.7152725199e-01 8.1076787034e+01
1.5064828344e+00 2.8615194503e-01 7.1970508727e+01
1.5014376096e+00 2.8166899286e-01 7.4281723271e+01
1.4916544118e+00 2.8194095518e-01 7.3386256743e+01
1.5343065201e+00 2.7880268915e-01 7.9539473606e+01
1.5019003735e+00 2.7576916093e-01 7.8872390662e+01
1.4655178682e+00 3.0174610194e-01 6.3281565414e+01
1.4952002188e+00 2.7930024945e-01 7.5384991691e+01
1.5178684418e+00 2.8340164199e-01 7.4409320646e+01
1.5013609223e+00 2.7540297226e-01 7.9164421908e+01
1.4873933325e+00 2.8348765453e-01 7.2185725677e+01
1.4945915811e+00 2.9259645309e-01 6.8135767946e+01
1.4980906223e+00 2.7957891207e-01 7.5427311870e+01
1.5278185986e+00 2.8073404154e-01 7.7155757380e+01
1.5308424605e+00 2.8865236281e-01 7.2185725677e+01
1.5271762819e+00 2.8365416511e-01 7.4961336903e+01
1.4861008302e+00 2.7890375650e-01 7.4918925507e+01
1.5156113151e+00 2.8156663715e-01 7.5469623924e+01
1.4534436441e+00 2.8137834389e-01 7.1106965919e+01
1.5212890210e+00 2.7907143213e-01 7.7910750187e+01
1.5066731064e+00 2.9095937389e-01 6.9541121708e+01
1.4892134755e+00 2.7443594366e-01 7.8747145195e+01
1.5354540502e+00 2.8130316509e-01 7.7407666966e+01
1.4835240871e+00 2.7200161721e-01 8.0578963045e+01
1.5031366998e+00 2.7498571224e-01 7.9789255467e+01
1.4905980439e+00 2.8480767945e-01 7.1668761497e+01
1.4847504375e+00 2.8070594887e-01 7.3642520295e+01
1.4793516718e+00 2.7256750757e-01 7.9456168532e+01
1.5205171631e+00 2.9897766019e-01 6.6805582219e+01
1.4889303416e+00 2.8240294589e-01 7.2915546096e+01
1.4995704610e+00 2.7266754281e-01 8.2029088124e+01
1.4903051696e+00 2.7289260422e-01 8.0454396336e+01
1.5264902978e+00 2.7659950674e-01 8.0952396196e+01
1.5100839581e+00 2.7438277596e-01 8.1366868568e+01
1.4913739807e+00 2.8901339589e-01 6.9584827470e+01
1.5237612704e+00 2.7841859721e-01 7.8747145195e+01
1.5124225118e+00 2.7885006338e-01 7.7239755051e+01
1.5365216730e+00 2.7841123377e-01 8.0205125602e+01
1.5233720500e+00 2.7926276696e-01 7.7952630554e+01
1.4850831594e+00 2.7450283961e-01 7.8245611639e+01
1.4633334625e+00 2.7328559677e-01 7.7113748025e+01
1.5387988511e+00 2.8297836160e-01 7.6398489209e+01
1.4808664303e+00 2.7691460727e-01 7.5892303678e+01
1.5065027027e+00 2.7751061578e-01 7.7785069637e+01
1.5169469350e+00 2.7932207600e-01 7.7281743419e+01
1.4766809450e+00 2.7613963381e-01 7.6103348511e+01
1.5019728445e+00 2.9793285074e-01 6.6314557885e+01
1.5248811676e+00 2.8913981397e-01 7.1539280443e+01
1.5016503439e+00 2.8236297462e-01 7.3855816334e+01
1.4786943733e+00 2.7457696320e-01 7.7533528720e+01
1.5008640021e+00 2.7363646612e-01 8.0993864557e+01
1.4791716697e+00 2.9080483205e-01 6.8091632103e+01
1.5257896308e+00 2.7821026376e-01 7.9164421908e+01
1.4573178180e+00 2.7525870332e-01 7.5088520605e+01
1.5123296014e+00 2.7894297375e-01 7.7155757380e+01
1.4890240647e+00 2.7598052207e-01 7.7365699350e+01
1.4787420575e+00 2.7362780229e-01 7.8371079129e+01
1.4984166417e+00 2.7834725294e-01 7.6356348960e+01
1.5157851449e+00 2.7684963445e-01 7.9372840907e+01
1.5451617028e+00 2.7935563589e-01 8.0246683597e+01
1.5111597483e+00 2.7829709158e-01 7.7575469027e+01
1.5229153867e+00 2.8108450785e-01 7.6440621960e+01
1.4847034060e+00 2.7262648775e-01 8.0038841340e+01
1.5116838256e+00 2.7414338573e-01 8.1905006284e+01
1.4968991097e+00 2.7850661365e-01 7.6103348511e+01
1.4965580612e+00 2.8473557031e-01 7.2099670255e+01
1.4654663467e+00 2.7250092292e-01 7.7994504389e+01
1.4656040712e+00 2.7101498803e-01 7.9414507550e+01
1.4952587547e+00 2.7245720774e-01 8.1656727290e+01
1.5157033343e+00 2.7420738188e-01 8.2442426045e+01
1.5180740585e+00 2.8046759289e-01 7.6482747241e+01
1.4874353089e+00 2.7124813225e-01 8.2070440348e+01
1.4859511091e+00 2.7228111093e-01 8.0578963045e+01
1.4544818688e+00 2.9068174326e-01 6.6850130873e+01
1.5147161883e+00 2.9110434547e-01 6.9934029987e+01
1.4866768666e+00 2.8149112670e-01 7.3300759781e+01
1.5238059580e+00 2.8383582706e-01 7.4579327351e+01
1.4599022817e+00 2.7761554570e-01 7.3727866500e+01
1.5231717373e+00 2.8173840038e-01 7.5976744886e+01
1.5135458455e+00 2.7999726175e-01 7.6440621960e+01
1.4978226248e+00 2.8800458653e-01 7.0456384946e+01
1.5032089470e+00 2.7717842966e-01 7.7743162886e+01
1.4735968881e+00 2.8057607967e-01 7.2915546096e+01
1.4950022704e+00 2.7995080614e-01 7.4918925507e+01
1.4931456659e+00 2.9132106819e-01 6.8620370565e+01
1.5319504961e+00 2.8252642898e-01 7.6145534310e+01
1.5212432874e+00 2.8002679642e-01 7.7113748025e+01
1.5061970871e+00 2.7600295306e-01 7.9122720780e+01
1.5201471249e+00 2.9296208434e-01 6.9366173885e+01
1.4961008131e+00 2.7523247437e-01 7.8747145195e+01
1.5003729594e+00 2.8228034275e-01 7.3813175613e+01
1.4901459318e+00 2.8073505523e-01 7.4026287672e+01
1.5046062135e+00 2.8076746701e-01 7.5130898438e+01
1.5250256624e+00 2.7578958691e-01 8.1739504252e+01
1.4802560956e+00 2.7707379817e-01 7.5723327176e+01
1.5314266038e+00 2.7712603634e-01 8.0993864557e+01
1.4511096648e+00 2.7159832798e-01 7.7323724844e+01
1.5607992173e+00 2.8385426948e-01 7.7701249475e+01
1.5071675131e+00 2.7865969831e-01 7.6903595008e+01
1.4907798331e+00 2.7422475359e-01 7.9122720780e+01
1.4891143677e+00 2.8810232754e-01 6.9890422465e+01
1.4869544976e+00 2.8166556504e-01 7.3215224529e+01
1.5175266526e+00 2.7465402037e-01 8.2111788416e+01
1.5213178503e+00 2.8040710625e-01 7.6819483732e+01
1.5046729878e+00 2.7480828768e-01 8.0163562403e+01
1.4889431591e+00 2.7335143956e-01 7.9789255467e+01
1.4880215877e+00 2.7833851345e-01 7.5469623924e+01
1.4843198849e+00 2.7978121823e-01 7.4196613947e+01
1.4726449252e+00 2.8017565363e-01 7.3086849324e+01
1.4940846092e+00 2.8086846732e-01 7.4239173069e+01
1.4855671593e+00 2.6950759423e-01 8.4544777263e+01
1.4881463360e+00 2.7279378931e-01 8.0288236411e+01
1.4573178180e+00 2.7525870332e-01 7.5088520605e+01
1.5351177549e+00 2.9534123064e-01 6.9103373832e+01
1.4956842704e+00 2.7972145302e-01 7.5130898438e+01
1.4977529047e+00 2.7177141219e-01 8.3020440166e+01
1.5030619143e+00 2.7279649438e-01 8.2401110412e+01
1.5157089891e+00 2.8237805757e-01 7.4918925507e+01
1.5066337513e+00 2.7737956720e-01 7.7910750187e+01
1.4704721455e+00 2.7064230432e-01 8.0412864007e+01
1.5342476354e+00 2.8889946870e-01 7.2271739586e+01
1.4796434411e+00 2.7137449335e-01 8.0786474719e+01
1.5194175077e+00 2.8776890716e-01 7.1927433851e+01
1.5146043404e+00 2.8348270622e-01 7.4111468825e+01
1.4734011320e+00 2.7221258050e-01 7.9122720780e+01
1.4923880564e+00 2.7758844532e-01 7.6398489209e+01
1.5031151501e+00 2.8498029119e-01 7.2400683165e+01
1.4782368738e+00 2.7187997033e-01 8.0038841340e+01
1.4917170635e+00 2.8187830352e-01 7.3428990941e+01
1.5112322755e+00 2.7595575867e-01 7.9747638907e+01
1.5393123304e+00 2.8109533422e-01 7.7952630554e+01
1.4663058627e+00 2.7885774942e-01 7.3428990941e+01
1.4783191847e+00 3.0070909779e-01 6.4194946813e+01
1.4992892151e+00 2.7430615197e-01 8.0038841340e+01
1.4756706356e+00 2.7579790193e-01 7.6272045862e+01
1.5075598781e+00 2.8643745060e-01 7.1884348405e+01
1.4791840402e+00 2.8265902878e-01 7.2099670255e+01
1.4970799332e+00 2.7696796524e-01 7.7323724844e+01
1.4937472854e+00 2.7622921633e-01 7.7617402571e+01
1.5218036978e+00 2.8765995043e-01 7.2142703171e+01
1.5233114529e+00 2.7750379638e-01 7.9581117748e+01
1.4985258892e+00 2.7461698494e-01 7.9622756324e+01
1.5052677646e+00 2.7602586691e-01 7.8997582302e+01
1.4614313217e+00 2.7024728441e-01 7.9706016880e+01
1.4955402223e+00 2.7715019739e-01 7.7029708145e+01
1.4428502640e+00 2.7537824938e-01 7.3855816334e+01
1.4757471768e+00 2.6941643528e-01 8.2772810718e+01
1.5110904827e+00 2.8517852836e-01 7.2829835522e+01
1.4731518901e+00 2.8643410898e-01 6.9759526825e+01
1.5278924090e+00 2.7519739557e-01 8.3020440166e+01
1.4966891872e+00 2.8052750805e-01 7.4664278454e+01
1.4687172356e+00 2.8680846875e-01 6.9322405554e+01
1.4825750539e+00 2.8107436535e-01 7.3257996956e+01
1.5020166874e+00 2.8108991511e-01 7.4706741043e+01
1.5704053741e+00 2.8847911634e-01 7.5088520605e+01
1.4818008995e+00 2.8049369922e-01 7.3557136760e+01
1.4808020387e+00 2.7472366567e-01 7.7617402571e+01
1.4615893104e+00 2.7682744017e-01 7.4366797030e+01
1.5316027706e+00 2.8561061725e-01 7.4026287672e+01
1.4976698741e+00 2.8045253787e-01 7.4791640439e+01
1.5028964631e+00 2.7749091347e-01 7.7449627715e+01
1.4813788447e+00 2.7008969288e-01 8.2731526072e+01
1.5098894761e+00 2.7548420446e-01 8.0080420295e+01
1.5197623476e+00 2.7832469905e-01 7.8412889032e+01
1.5212676009e+00 2.7863809431e-01 7.8287440457e+01
1.5160643903e+00 2.7566221461e-01 8.0661982523e+01
1.4801964045e+00 2.7262417431e-01 7.9497823876e+01
1.4954752717e+00 2.8083586067e-01 7.4366797030e+01
1.4904515588e+00 2.7545666572e-01 7.7952630554e+01
1.4600712038e+00 2.7295433327e-01 7.7071731622e+01
1.5348127464e+00 2.8148833445e-01 7.7197759713e+01
1.4693931322e+00 2.9561145457e-01 6.5641981762e+01
1.5025021950e+00 2.7471450026e-01 7.9997257084e+01
1.4898626311e+00 2.7469019462e-01 7.8580066351e+01
1.4971692915e+00 2.8457752511e-01 7.2228737805e+01
1.5405717018e+00 2.7755414573e-01 8.1739504252e+01
1.5195520595e+00 2.7853498720e-01 7.8203776466e+01
1.5241726501e+00 2.8073748759e-01 7.6819483732e+01
1.5044496316e+00 2.8409957091e-01 7.3001217281e+01
1.4934379051e+00 2.7427805735e-01 7.9372840907e+01
1.4985783482e+00 2.7365965562e-01 8.0661982523e+01
1.5398810987e+00 2.7641998221e-01 8.3226697801e+01
1.5106549758e+00 2.9061510796e-01 6.9934029987e+01
1.4815138202e+00 2.8123234676e-01 7.3086849324e+01
1.4963748936e+00 2.8809184046e-01 7.0325956512e+01
1.4713199909e+00 2.7249355207e-01 7.8621845231e+01
1.4713862064e+00 2.9045686261e-01 6.7826528454e+01
1.5073822884e+00 2.7708444574e-01 7.8245611639e+01
1.5121516311e+00 2.7821299968e-01 7.7743162886e+01
1.5273615305e+00 2.9669902520e-01 6.8091632103e+01
1.5232237325e+00 2.7622724311e-01 8.0952396196e+01
1.4990637211e+00 2.8087058573e-01 7.4621807233e+01
1.5032967009e+00 2.7709067574e-01 7.7826969754e+01
1.5001431157e+00 2.7526260769e-01 7.9164421908e+01
1.5283720171e+00 2.8245842992e-01 7.5892303678e+01
1.4866798451e+00 2.7516322385e-01 7.7826969754e+01
1.4897859280e+00 2.7567045834e-01 7.7701249475e+01
1.5006979277e+00 2.7923637915e-01 7.5892303678e+01
1.4907706967e+00 2.7920580505e-01 7.5088520605e+01
1.5136347631e+00 2.7446067827e-01 8.1780886213e+01
1.4569510098e+00 2.6889493091e-01 8.0620475268e+01
1.4515107245e+00 2.7164543006e-01 7.7323724844e+01
1.5206217166e+00 2.8155815103e-01 7.5892303678e+01
1.4965444435e+00 2.7840863307e-01 7.6145534310e+01
1.4636283427e+00 2.7164285502e-01 7.8580066351e+01
1.5008135093e+00 2.7504489935e-01 7.9456168532e+01
1.4682197480e+00 2.8324878954e-01 7.1063673457e+01
1.4795559622e+00 2.7642073160e-01 7.6145534310e+01
1.5437860857e+00 2.8758757077e-01 7.3685198049e+01
1.4648730808e+00 2.7579165557e-01 7.5342663360e+01
1.5416862786e+00 2.8191753225e-01 7.7491581624e+01
1.4787528281e+00 2.9167589702e-01 6.7693789341e+01
1.5229033811e+00 2.7745707200e-01 7.9581117748e+01
1.4894035323e+00 2.8419183471e-01 7.1927433851e+01
1.5046854500e+00 2.8159533054e-01 7.4579327351e+01
1.4761135352e+00 2.7175125975e-01 7.9914072577e+01
1.4871886838e+00 2.7465438516e-01 7.8329262945e+01
1.5187046354e+00 2.7801882710e-01 7.8580066351e+01
1.5190900468e+00 2.8354477018e-01 7.4409320646e+01
1.5209265213e+00 2.8079843530e-01 7.6482747241e+01
1.4904488226e+00 2.7862334789e-01 7.5469623924e+01
1.4973610449e+00 2.7351994220e-01 8.0661982523e+01
1.4709781234e+00 2.7913872076e-01 7.3599833208e+01
1.4656249981e+00 2.7863852916e-01 7.3514430919e+01
1.4477947804e+00 2.7043373301e-01 7.7994504389e+01
1.5074000740e+00 2.9296037919e-01 6.8664345286e+01
1.4959455196e+00 2.7719735452e-01 7.7029708145e+01
1.5061148675e+00 2.7880532060e-01 7.6693262514e+01
1.5166912501e+00 2.8230504430e-01 7.5046134423e+01
1.5178995116e+00 2.7927844063e-01 7.7407666966e+01
1.5454686872e+00 2.7904865153e-01 8.0620475268e+01
1.5160549112e+00 2.7748819605e-01 7.8788899706e+01
1.5005752537e+00 2.7392521452e-01 8.0620475268e+01
1.5072150019e+00 2.7861220949e-01 7.6945639864e+01
1.4737791683e+00 2.7273486113e-01 7.8663617982e+01
1.5018724104e+00 2.8849222044e-01 7.0456384946e+01
1.5164089719e+00 2.7713413536e-01 7.9164421908e+01
1.4786617596e+00 2.7325741975e-01 7.8705384629e+01
1.4906616825e+00 2.7253609133e-01 8.0910923055e+01
1.5446443105e+00 2.8672934592e-01 7.4281723271e+01
1.5098894761e+00 2.7548420446e-01 8.0080420295e+01
1.5063997129e+00 2.7716022841e-01 7.8078232563e+01
1.4631583429e+00 2.7301139041e-01 7.7323724844e+01
1.4812068734e+00 2.7883046249e-01 7.4579327351e+01
1.4591990024e+00 2.8056642345e-01 7.1927433851e+01
1.5526229951e+00 2.8286856479e-01 7.7743162886e+01
1.4960852349e+00 2.7705763924e-01 7.7155757380e+01
1.4846649741e+00 2.7537236181e-01 7.7449627715e+01
1.4918063463e+00 2.8224155213e-01 7.3215224529e+01
1.5420149580e+00 2.8570092883e-01 7.4749195028e+01
1.4995460499e+00 2.7314436980e-01 8.1408290413e+01
1.5116956076e+00 2.7685359493e-01 7.8914127157e+01
1.4583636294e+00 2.7017349558e-01 7.9414507550e+01
1.4586015640e+00 2.7487302770e-01 7.5469623924e+01
1.4978789489e+00 2.8296153600e-01 7.3215224529e+01
1.4670029440e+00 2.7321211781e-01 7.7533528720e+01
1.4732186012e+00 2.7149494918e-01 7.9830866582e+01
1.4923322750e+00 2.7854871204e-01 7.5681063290e+01
1.5330735497e+00 2.8277143500e-01 7.6061155025e+01
1.4579881489e+00 2.7503738821e-01 7.5300326848e+01
1.5105448880e+00 2.8936080729e-01 7.0543278672e+01
1.4940413622e+00 2.9133231833e-01 6.8664345286e+01
1.5256283007e+00 2.7928183700e-01 7.8161934912e+01
1.4920606983e+00 2.8062972146e-01 7.4239173069e+01
1.4876442156e+00 2.7871588560e-01 7.5173267951e+01
1.4914535534e+00 2.7309927225e-01 8.0371326592e+01
1.4846787995e+00 2.7445590132e-01 7.8245611639e+01
1.5190190047e+00 2.7361577470e-01 8.3968515318e+01
1.5021206625e+00 2.7917296904e-01 7.6061155025e+01
1.4558740927e+00 2.7490675335e-01 7.5215629171e+01
1.5090688752e+00 2.8038796470e-01 7.5765583130e+01
1.4969897630e+00 2.7660560400e-01 7.7617402571e+01
1.5240565926e+00 2.7948823786e-01 7.7826969754e+01
1.4959248962e+00 2.7902818037e-01 7.5638791445e+01
1.4971795910e+00 2.7324913412e-01 8.0952396196e+01
1.5013304529e+00 2.7498067952e-01 7.9581117748e+01
1.5146562423e+00 2.8206722017e-01 7.5046134423e+01
1.5258826080e+00 2.7857238896e-01 7.8830648187e+01
1.4953730127e+00 2.7234294977e-01 8.1822263856e+01
1.5530565564e+00 2.7877449266e-01 8.1987731721e+01
1.5470050116e+00 2.8299669556e-01 7.7113748025e+01
1.5244904579e+00 2.7541523738e-01 8.2153132349e+01
1.5041649492e+00 2.7441037883e-01 8.0537445831e+01
1.4927749847e+00 2.8172548350e-01 7.3599833208e+01
1.4563637010e+00 2.7262209064e-01 7.6987677568e+01
1.4666720568e+00 2.7939179487e-01 7.3129650743e+01
1.4602115296e+00 2.8000353223e-01 7.2314731052e+01
1.5052398881e+00 2.7514748852e-01 7.9872472277e+01
1.5084910141e+00 2.7778976649e-01 7.7743162886e+01
1.4674513004e+00 2.7231412552e-01 7.8371079129e+01
1.4781286378e+00 2.7288929661e-01 7.8997582302e+01
1.4818460397e+00 2.6962249788e-01 8.3556527821e+01
1.4374966799e+00 2.8252315874e-01 6.9541121708e+01
1.4816105449e+00 2.7391515948e-01 7.8412889032e+01
1.5178927728e+00 2.7655881575e-01 7.9914072577e+01
1.4443151462e+00 2.7167508579e-01 7.6609078524e+01
1.5028599366e+00 3.0113995799e-01 6.5146483809e+01
1.4776918814e+00 2.6972261964e-01 8.2648945375e+01
1.5255779177e+00 2.8889900739e-01 7.1711900276e+01
1.5128427271e+00 2.7570647534e-01 8.0205125602e+01
1.4855417461e+00 2.7630132291e-01 7.6777417260e+01
1.5022808884e+00 2.8037241378e-01 7.5215629171e+01
1.5273218649e+00 2.7713313210e-01 8.0454396336e+01
1.4517333338e+00 2.7007845214e-01 7.8747145195e+01
1.4338766683e+00 2.8703906623e-01 6.7294809986e+01
1.5050610933e+00 2.7351423476e-01 8.1739504252e+01
1.5051432870e+00 2.8522134379e-01 7.2400683165e+01
1.4164256152e+00 2.7678978465e-01 7.1150247189e+01
1.4853721173e+00 2.7286010276e-01 7.9872472277e+01
1.4865853806e+00 2.8113058191e-01 7.3514430919e+01
1.4828685667e+00 2.7852301118e-01 7.4918925507e+01
1.5157097204e+00 2.7965050276e-01 7.6903595008e+01
1.5097165191e+00 2.7611069230e-01 7.9414507550e+01
1.5287659916e+00 2.7978664854e-01 7.8036371717e+01
1.4767646046e+00 2.7335223954e-01 7.8412889032e+01
1.4838875815e+00 2.8337638870e-01 7.2013573065e+01
1.4989798868e+00 2.7552058142e-01 7.8788899706e+01
1.5019493256e+00 2.8070397652e-01 7.4961336903e+01
1.5393748461e+00 2.8057637883e-01 7.8412889032e+01
1.4983389578e+00 2.7661411874e-01 7.7743162886e+01
1.4944157527e+00 2.7601297251e-01 7.7868863262e+01
1.4889450808e+00 2.8329292301e-01 7.2400683165e+01
1.4874171370e+00 2.8844127162e-01 6.9628520827e+01
1.5087643789e+00 2.7797000928e-01 7.7617402571e+01
1.5229559185e+00 2.8787452843e-01 7.2099670255e+01
1.5049592360e+00 3.0541557318e-01 6.3739154136e+01
1.4967107709e+00 2.8866290967e-01 7.0064779975e+01
1.5062302596e+00 2.7461022529e-01 8.0578963045e+01
1.5101379372e+00 2.8204273578e-01 7.4706741043e+01
1.5484232534e+00 2.8478020179e-01 7.5892303678e+01
1.5209568839e+00 2.7622106829e-01 8.0661982523e+01
1.5034836117e+00 2.7418592273e-01 8.0703484835e+01
1.5103363193e+00 2.7775912202e-01 7.7952630554e+01
1.4943230551e+00 2.7429700750e-01 7.9456168532e+01
1.5350430773e+00 2.8080190739e-01 7.7785069637e+01
1.5044534502e+00 2.7910649106e-01 7.6314201186e+01
1.4934995898e+00 2.7557258068e-01 7.8161934912e+01
1.5138783041e+00 2.9695214290e-01 6.7294809986e+01
1.5070398639e+00 2.7924091664e-01 7.6440621960e+01
1.4754166152e+00 2.6929693515e-01 8.2896642113e+01
1.5127140808e+00 2.8673689485e-01 7.2056626897e+01
1.5249066127e+00 2.8182447027e-01 7.6061155025e+01
1.5032529085e+00 2.7713446816e-01 7.7785069637e+01
1.5103089501e+00 2.8732353022e-01 7.1582451612e+01
1.5577137690e+00 2.8281496902e-01 7.8287440457e+01
1.4417563988e+00 2.8095159404e-01 7.0586708069e+01
1.5154310918e+00 2.8038350609e-01 7.6314201186e+01
1.5243289284e+00 2.8240215453e-01 7.5596511614e+01
1.5171267193e+00 2.8687317524e-01 7.2271739586e+01
1.5169886540e+00 2.8701124055e-01 7.2185725677e+01
1.5199871554e+00 2.9448976970e-01 6.8664345286e+01
1.4661554738e+00 2.7495897601e-01 7.6061155025e+01
1.4981466853e+00 2.7318660223e-01 8.1159690671e+01
1.4649690290e+00 2.7659517283e-01 7.4791640439e+01
1.5270020103e+00 2.8063977481e-01 7.7155757380e+01
1.4973976068e+00 2.7800811657e-01 7.6524865077e+01
1.5442266161e+00 2.8394635860e-01 7.6145534310e+01
1.5044687183e+00 2.7546558852e-01 7.9456168532e+01
1.4965458523e+00 2.7569215150e-01 7.8371079129e+01
1.4840994954e+00 2.8090509135e-01 7.3471715656e+01
1.5287888987e+00 2.8888069995e-01 7.1927433851e+01
1.4868616419e+00 2.7814294487e-01 7.5511927880e+01
1.4769944113e+00 2.7267194569e-01 7.9081013820e+01
1.5315063319e+00 2.7659086156e-01 8.1656727290e+01
1.5201308418e+00 2.8523447475e-01 7.3428990941e+01
1.4711285278e+00 2.8529919399e-01 7.0195421835e+01
1.4944358651e+00 2.7554063666e-01 7.8287440457e+01
1.5075886621e+00 2.7823854927e-01 7.7281743419e+01
1.5175143379e+00 2.7830026001e-01 7.8203776466e+01
1.4825910509e+00 2.7564116918e-01 7.7029708145e+01
1.5190591635e+00 2.7857331680e-01 7.8120086953e+01
1.5114069236e+00 2.7759607844e-01 7.8203776466e+01
1.5029467327e+00 2.7562859528e-01 7.9122720780e+01
1.5059611312e+00 2.7487935369e-01 8.0246683597e+01
1.4813548690e+00 2.7146570976e-01 8.0910923055e+01
1.4879213128e+00 2.7121338802e-01 8.2194472172e+01
1.5024128788e+00 2.7978716139e-01 7.5638791445e+01
1.4841587297e+00 2.7272005874e-01 7.9872472277e+01
1.5061323526e+00 2.8150936597e-01 7.4749195028e+01
1.4934573219e+00 2.7561484856e-01 7.8120086953e+01
1.4948706416e+00 2.7284532084e-01 8.1118241196e+01
1.5100863067e+00 2.7483388143e-01 8.0827962340e+01
1.5147095988e+00 2.7565503198e-01 8.0495923602e+01
1.5079381641e+00 2.8061103842e-01 7.5511927880e+01
1.5516986752e+00 2.8837194737e-01 7.3770525678e+01
1.4925164720e+00 2.7384362919e-01 7.9706016880e+01
1.4912534898e+00 2.7691450352e-01 7.6819483732e+01
1.5018433505e+00 2.7537334474e-01 7.9247806762e+01
1.4559746940e+00 2.8064436525e-01 7.1668761497e+01
1.4978635000e+00 2.7256522518e-01 8.1905006284e+01
1.5170424786e+00 2.8240849706e-01 7.5003739865e+01
1.5185810668e+00 2.7632481982e-01 8.0246683597e+01
1.4907398386e+00 2.7336126458e-01 7.9997257084e+01
1.4823464108e+00 2.7227743056e-01 8.0121993975e+01
1.5147551396e+00 2.7515557653e-01 8.1076787034e+01
1.4653112537e+00 2.7085847966e-01 7.9539473606e+01
1.4906709108e+00 2.7794915183e-01 7.5976744886e+01
1.5246442001e+00 2.8527500951e-01 7.3727866500e+01
1.5311682621e+00 2.7783986292e-01 8.0163562403e+01
1.4768549740e+00 2.8679444520e-01 6.9803170919e+01
1.4912149664e+00 2.8871934041e-01 6.9715870468e+01
1.4906837562e+00 2.9242284631e-01 6.8003319346e+01
1.4884487077e+00 2.8107560919e-01 7.3685198049e+01
1.4930997059e+00 2.8683460086e-01 7.0760310020e+01
1.5208387151e+00 2.7588474733e-01 8.1035328162e+01
1.4914066317e+00 2.8490450071e-01 7.1668761497e+01
1.5100605807e+00 2.7894242135e-01 7.6945639864e+01
1.5094844791e+00 2.8315030033e-01 7.3941070253e+01
1.4725540390e+00 2.8793467223e-01 6.9015671758e+01
1.4971471337e+00 2.8142819429e-01 7.4111468825e+01
1.4836283397e+00 2.7776323817e-01 7.5511927880e+01
1.5083900270e+00 2.7290360451e-01 8.3144205481e+01
1.5128428085e+00 2.9161218849e-01 6.9584827470e+01
1.4906020599e+00 2.7395076572e-01 7.9372840907e+01
1.4901322965e+00 2.7532408986e-01 7.8036371717e+01
1.5046165495e+00 2.7531775728e-01 7.9622756324e+01
1.5216510189e+00 2.8007393768e-01 7.7113748025e+01
1.5165965374e+00 2.7422204638e-01 8.2566349319e+01
1.5154081218e+00 2.7858920696e-01 7.7743162886e+01
1.4956424349e+00 2.7478629026e-01 7.9122720780e+01
1.4957125874e+00 2.7924048919e-01 7.5469623924e+01
1.5288861447e+00 2.8194430225e-01 7.6314201186e+01
1.4778496317e+00 2.7948026202e-01 7.3898447871e+01
1.5350271795e+00 2.8036174706e-01 7.8161934912e+01
1.5063582776e+00 2.8491429762e-01 7.2658295222e+01
1.4715780828e+00 2.7628671214e-01 7.5554223768e+01
1.4475615866e+00 2.7380215425e-01 7.5300326848e+01
1.5029968509e+00 2.7648442458e-01 7.8329262945e+01
1.4944476998e+00 2.7236431664e-01 8.1656727290e+01
1.5106912403e+00 2.8557777071e-01 7.2572465000e+01
1.5036426665e+00 2.7583860898e-01 7.8997582302e+01
1.5029852030e+00 2.7559012503e-01 7.9164421908e+01
1.4814491331e+00 2.7768556766e-01 7.5384991691e+01
1.4886288016e+00 2.7185990965e-01 8.1449707735e+01
1.4809937575e+00 2.8310734563e-01 7.1970508727e+01
1.5012138005e+00 2.7600289475e-01 7.8580066351e+01
1.5339902231e+00 2.8231085776e-01 7.6482747241e+01
1.4872943275e+00 2.7861389694e-01 7.5215629171e+01
1.5119961619e+00 2.9928996110e-01 6.6269828286e+01
1.4812702297e+00 2.7696199037e-01 7.5892303678e+01
1.5001429521e+00 2.7888533042e-01 7.6103348511e+01
1.5449564739e+00 2.8001768590e-01 7.9539473606e+01
1.5296076848e+00 2.8350152451e-01 7.5257982128e+01
1.4980906223e+00 2.7957891207e-01 7.5427311870e+01
1.4924864906e+00 2.7749001119e-01 7.6482747241e+01
1.4831349589e+00 2.7735375233e-01 7.5765583130e+01
1.5041418316e+00 2.7987148688e-01 7.5723327176e+01
1.5045839255e+00 2.7625655932e-01 7.8705384629e+01
1.5628600672e+00 2.8592124501e-01 7.6272045862e+01
1.5108649868e+00 2.8131568617e-01 7.5257982128e+01
1.5207894337e+00 2.7502516417e-01 8.2111788416e+01
1.4827858936e+00 2.7003468522e-01 8.3061698879e+01
1.4782415132e+00 2.7502982325e-01 7.7113748025e+01
1.5014966309e+00 2.7707869713e-01 7.7659329379e+01
1.5152247571e+00 2.7513987374e-01 8.1159690671e+01
1.4549694527e+00 3.3857365460e-01 5.3508044797e+01
1.4962533786e+00 2.7960503008e-01 7.5257982128e+01
1.4827946809e+00 2.7814544435e-01 7.5173267951e+01
1.4835816889e+00 2.8594262798e-01 7.0630125868e+01
1.4604766136e+00 2.7075309314e-01 7.9081013820e+01
1.5492213806e+00 2.7758044481e-01 8.3061698879e+01
1.4983008511e+00 2.7438956860e-01 7.9830866582e+01
1.5114604264e+00 2.8435417147e-01 7.3343513034e+01
1.5179351780e+00 2.7697070870e-01 7.9497823876e+01
1.4838812085e+00 2.8067161720e-01 7.3599833208e+01
1.4722207033e+00 2.7474354262e-01 7.6777417260e+01
1.5127437983e+00 2.7671304163e-01 7.9164421908e+01
1.5178791330e+00 2.7475564643e-01 8.2029088124e+01
1.4715569688e+00 2.7225657418e-01 7.8872390662e+01
1.5157870055e+00 2.7548556968e-01 8.0827962340e+01
1.4989665964e+00 2.8323344377e-01 7.3129650743e+01
1.4637878569e+00 2.6968673482e-01 8.0620475268e+01
1.5024227444e+00 2.7660553813e-01 7.8161934912e+01
1.4953894227e+00 2.7458707909e-01 7.9289490537e+01
1.4899548285e+00 2.8318804567e-01 7.2529534762e+01
1.5061629716e+00 2.7694363086e-01 7.8245611639e+01
1.5069500425e+00 2.7842363804e-01 7.7071731622e+01
1.5219132138e+00 2.7890203549e-01 7.8120086953e+01
1.4881330950e+00 2.8274789208e-01 7.2658295222e+01
1.4865397868e+00 2.7620638016e-01 7.6945639864e+01
1.4609565460e+00 2.7206899115e-01 7.7910750187e+01
1.4690281335e+00 2.6983813679e-01 8.1159690671e+01
1.5339426983e+00 2.8281451694e-01 7.6103348511e+01
1.4787172355e+00 2.8493218373e-01 7.0847042089e+01
1.4963275756e+00 2.7772032278e-01 7.6651174188e+01
1.4469563696e+00 2.6813882215e-01 8.0163562403e+01
1.5329426363e+00 2.7788781070e-01 8.0329784068e+01
1.5128628374e+00 2.7296437391e-01 8.3886143545e+01
1.5206861210e+00 2.9014432594e-01 7.0760310020e+01
1.4765529829e+00 2.7716914989e-01 7.5342663360e+01
1.4644027266e+00 2.7716147521e-01 7.4366797030e+01
1.5092143569e+00 2.7525237721e-01 8.0246683597e+01
1.4725579411e+00 2.7981191860e-01 7.3300759781e+01
1.5167482293e+00 2.9134896422e-01 6.9934029987e+01
1.5125852774e+00 2.7777935342e-01 7.8161934912e+01
1.4947085544e+00 2.7979191383e-01 7.5003739865e+01
1.5079512911e+00 2.7923674303e-01 7.6524865077e+01
1.4648104342e+00 3.0290552824e-01 6.2868157875e+01
1.4726897852e+00 2.7112375777e-01 8.0163562403e+01
1.5039120523e+00 2.7556922310e-01 7.9289490537e+01
1.4690191329e+00 2.7569441745e-01 7.5765583130e+01
1.4842531239e+00 2.8120326245e-01 7.3300759781e+01
1.4965284679e+00 2.7073550227e-01 8.4585916962e+01
1.5024355080e+00 2.7795186862e-01 7.7029708145e+01
1.4962898063e+00 2.8364450051e-01 7.2701195268e+01
1.4756050822e+00 2.7090894719e-01 8.0786474719e+01
1.4639430417e+00 2.7717140810e-01 7.4324264582e+01
1.5200901422e+00 2.7799690448e-01 7.8747145195e+01
1.4627230235e+00 2.7389603581e-01 7.6566975496e+01
1.5214763578e+00 2.7842933746e-01 7.8496490101e+01
1.4560667950e+00 2.6619307489e-01 8.4421341153e+01
1.4858709235e+00 2.7506920180e-01 7.7826969754e+01
1.4895122857e+00 2.7549230100e-01 7.7826969754e+01
1.4800107127e+00 2.7280986610e-01 7.9289490537e+01
1.4966995983e+00 2.8232868419e-01 7.3514430919e+01
1.5209195701e+00 2.8763307011e-01 7.2099670255e+01
1.4815204250e+00 2.7084943475e-01 8.1698117953e+01
1.4908093208e+00 2.7284009838e-01 8.0578963045e+01
1.5110490043e+00 2.8067760057e-01 7.5723327176e+01
1.5025534096e+00 2.7239966699e-01 8.2896642113e+01
1.5427325387e+00 2.8178480000e-01 7.7701249475e+01
1.4821163354e+00 2.7837237585e-01 7.4961336903e+01
1.4882722728e+00 2.7131372621e-01 8.2111788416e+01
1.4921702307e+00 2.7509373948e-01 7.8454692681e+01
1.4827531466e+00 2.9084222040e-01 6.8268093799e+01
1.4535467387e+00 2.7319610815e-01 7.6272045862e+01
1.5344180368e+00 2.7869117250e-01 7.9664389360e+01
1.4357420908e+00 2.7980060159e-01 7.0803681768e+01
1.5008763975e+00 2.8268354378e-01 7.3599833208e+01
1.5021002332e+00 2.7149513384e-01 8.4339036016e+01
1.5185537878e+00 2.8408102916e-01 7.4026287672e+01
1.5192688900e+00 2.9156155702e-01 6.9977625389e+01
1.5222343270e+00 2.7721664860e-01 7.9747638907e+01
1.5036589982e+00 2.7718148662e-01 7.7785069637e+01
1.4903188259e+00 2.8916244955e-01 6.9453672823e+01
1.5244038513e+00 2.7914097916e-01 7.8161934912e+01
1.4717322028e+00 2.9327238392e-01 6.6671847008e+01
1.4397977506e+00 2.6903651996e-01 7.8412889032e+01
1.5140642185e+00 2.7493878351e-01 8.1242575657e+01
1.5113118032e+00 2.7996077198e-01 7.6272045862e+01
1.5294780765e+00 2.7907456367e-01 7.8747145195e+01
1.5285054324e+00 2.8050269263e-01 7.7407666966e+01
1.5040648169e+00 2.7451051108e-01 8.0412864007e+01
1.5110843876e+00 2.7746481490e-01 7.8287440457e+01
1.4786051586e+00 2.7466617792e-01 7.7449627715e+01
1.4980835353e+00 2.7460688443e-01 7.9581117748e+01
1.5697487611e+00 2.8729742293e-01 7.5850071354e+01
1.5136874641e+00 2.7486173835e-01 8.1284011213e+01
1.4918698060e+00 2.8217809240e-01 7.3257996956e+01
1.5258994738e+00 2.8584236343e-01 7.3471715656e+01
1.5052059839e+00 2.7427529151e-01 8.0827962340e+01
1.4822279721e+00 2.8006662660e-01 7.3855816334e+01
1.5045201135e+00 2.7405521454e-01 8.0993864557e+01
1.4771880422e+00 2.7112708526e-01 8.0744982225e+01
1.4777271087e+00 2.7374142883e-01 7.8161934912e+01
1.5366965717e+00 2.8553723334e-01 7.4451835457e+01
1.4924574437e+00 2.7164365948e-01 8.2318467199e+01
1.4800354831e+00 2.7368664974e-01 7.8454692681e+01
1.5071143769e+00 2.8143482554e-01 7.4876505650e+01
1.5179122935e+00 2.8017475313e-01 7.6693262514e+01
1.5044533303e+00 2.7684030119e-01 7.8161934912e+01
1.4592296572e+00 2.6975613440e-01 7.9955667504e+01
1.5044503588e+00 2.8727624612e-01 7.1236776285e+01
1.5027650078e+00 2.7354612464e-01 8.1366868568e+01
1.5209682947e+00 2.7893740058e-01 7.7994504389e+01
1.4923329048e+00 2.7493106537e-01 7.8621845231e+01
1.4929671526e+00 2.7565290997e-01 7.8036371717e+01
1.5359716126e+00 2.7850531250e-01 8.0038841340e+01
1.5015291019e+00 3.1614049667e-01 6.0306948064e+01
1.4735826331e+00 2.8284508873e-01 7.1625611953e+01
1.4836343454e+00 2.6918623335e-01 8.4750447980e+01
1.5158521692e+00 2.7950805395e-01 7.7029708145e+01
1.5008328585e+00 2.7095276787e-01 8.5161588693e+01
1.5366037687e+00 2.8745678698e-01 7.3257996956e+01
1.4606097424e+00 2.7960531942e-01 7.2572465000e+01
1.5049654563e+00 2.7814114617e-01 7.7113748025e+01
1.5135564697e+00 2.8453057701e-01 7.3386256743e+01
1.5248312246e+00 2.8007891309e-01 7.7407666966e+01
1.5085676049e+00 2.7680607560e-01 7.8621845231e+01
1.5108101821e+00 2.8137049090e-01 7.5215629171e+01
1.5425904409e+00 2.8238371893e-01 7.7197759713e+01
1.5080744980e+00 2.8092850406e-01 7.5300326848e+01
1.5138732386e+00 2.8648721458e-01 7.2271739586e+01
1.5237736768e+00 2.8933553247e-01 7.1366486818e+01
1.4903697287e+00 2.7327969050e-01 8.0038841340e+01
1.4947641849e+00 2.7521231690e-01 7.8621845231e+01
1.4679875865e+00 2.7357661539e-01 7.7323724844e+01
1.5228155842e+00 2.7618071016e-01 8.0952396196e+01
1.5050071772e+00 2.8535745363e-01 7.2314731052e+01
1.5235212087e+00 2.8093378825e-01 7.6609078524e+01
1.4792359950e+00 2.8441342420e-01 7.1150247189e+01
1.5140036614e+00 2.7681492237e-01 7.9206117227e+01
1.5214790292e+00 2.8525205376e-01 7.3514430919e+01
1.4764281284e+00 2.8812469728e-01 6.9147205641e+01
1.4823998732e+00 3.1023490616e-01 6.1292218423e+01
1.4867228934e+00 2.7692652578e-01 7.6398489209e+01
1.4926318656e+00 2.7870142185e-01 7.5596511614e+01
1.4937019566e+00 2.8260917582e-01 7.3129650743e+01
1.4795981453e+00 2.8495468039e-01 7.0890391015e+01
1.4738313827e+00 2.7133222935e-01 8.0080420295e+01
1.4804351998e+00 2.7328693296e-01 7.8872390662e+01
1.5203356217e+00 2.7593338937e-01 8.0910923055e+01
1.5827790380e+00 2.9452182358e-01 7.2314731052e+01
1.4749834273e+00 2.8550528393e-01 7.0325956512e+01
1.4970085451e+00 2.8201973739e-01 7.3727866500e+01
1.5436799143e+00 2.7855389076e-01 8.0952396196e+01
1.4806943185e+00 2.7167554120e-01 8.0578963045e+01
1.4907099679e+00 2.8967740875e-01 6.9234830989e+01
1.4705263952e+00 2.7598763418e-01 7.5681063290e+01
1.4950882827e+00 2.7307971061e-01 8.0869445111e+01
1.5521120201e+00 2.8246418374e-01 7.8036371717e+01
1.4811249926e+00 2.7349884871e-01 7.8747145195e+01
1.5113172449e+00 2.7541714326e-01 8.0329784068e+01
1.5043842599e+00 2.8598037094e-01 7.1927433851e+01
1.5283196051e+00 2.8251084186e-01 7.5850071354e+01
1.4808012253e+00 2.7743099481e-01 7.5511927880e+01
1.5342693933e+00 2.8066351341e-01 7.7826969754e+01
1.4506006353e+00 2.8152690898e-01 7.0847042089e+01
1.5017370141e+00 2.7638539784e-01 7.8287440457e+01
1.4764521753e+00 2.7456575909e-01 7.7323724844e+01
1.4810298754e+00 2.7088930396e-01 8.1573932786e+01
1.5728545461e+00 2.8281330607e-01 7.9914072577e+01
1.5255424582e+00 2.7936767945e-01 7.8078232563e+01
1.5130096642e+00 2.7826291100e-01 7.7785069637e+01
1.4876601338e+00 2.8367315371e-01 7.2099670255e+01
1.4900047358e+00 2.8132855170e-01 7.3642520295e+01
1.4802084626e+00 2.7035890737e-01 8.2153132349e+01
1.5056406272e+00 2.7655941299e-01 7.8538281315e+01
1.5250293472e+00 2.9127173372e-01 7.0456384946e+01
1.5119934423e+00 2.8427556868e-01 7.3428990941e+01
1.4815004044e+00 2.8395598193e-01 7.1539280443e+01
1.5110691724e+00 2.8247393486e-01 7.4494341492e+01
1.4609865701e+00 2.7563248920e-01 7.5130898438e+01
1.4974396104e+00 2.7660828799e-01 7.7659329379e+01
1.5361811222e+00 2.8103226564e-01 7.7701249475e+01
1.4919777347e+00 2.7122003906e-01 8.2855368716e+01
1.5047429492e+00 2.8153783140e-01 7.4621807233e+01
1.4857878104e+00 2.7560376740e-01 7.7365699350e+01
1.4829862412e+00 2.7659975783e-01 7.6314201186e+01
1.4997515563e+00 2.7565416710e-01 7.8747145195e+01
1.5161101537e+00 2.8606971391e-01 7.2658295222e+01
1.4985204793e+00 2.8413282282e-01 7.2572465000e+01
1.4871594750e+00 2.7829691134e-01 7.5427311870e+01
1.4952569940e+00 2.8286541796e-01 7.3086849324e+01
1.5401122519e+00 2.8257818363e-01 7.6819483732e+01
1.4974170019e+00 2.9203983800e-01 6.8532381435e+01
1.4828205016e+00 2.7360722020e-01 7.8830648187e+01
1.5070743935e+00 2.7331298312e-01 8.2318467199e+01
1.5004762018e+00 2.7311916518e-01 8.1573932786e+01
1.4788035185e+00 2.7131332565e-01 8.0744982225e+01
1.4665993303e+00 2.9208411080e-01 6.6894664723e+01
1.5295553488e+00 2.7580996782e-01 8.2401110412e+01
1.4397451622e+00 2.6953606378e-01 7.7952630554e+01
1.4853201838e+00 2.8556080332e-01 7.0933728582e+01
1.5007353721e+00 2.8191793005e-01 7.4068882767e+01
1.4946567187e+00 2.7893864830e-01 7.5596511614e+01
1.5269053374e+00 2.9532846772e-01 6.8664345286e+01
1.5097013169e+00 2.7884788554e-01 7.6987677568e+01
1.4904693250e+00 2.7769866826e-01 7.6145534310e+01
1.5233791826e+00 2.7789090119e-01 7.9206117227e+01
1.5124718271e+00 2.7743888905e-01 7.8454692681e+01
1.5038921674e+00 2.7649520923e-01 7.8412889032e+01
1.4903811938e+00 2.7101038408e-01 8.2896642113e+01
1.5398477457e+00 2.8238605940e-01 7.6945639864e+01
1.4831045972e+00 2.8099650596e-01 7.3343513034e+01
1.5459318983e+00 2.8132693876e-01 7.8412889032e+01
1.4875886564e+00 2.7154604436e-01 8.1698117953e+01
1.4703214262e+00 2.7754336874e-01 7.4579327351e+01
1.4866798451e+00 2.7516322385e-01 7.7826969754e+01
1.5390830497e+00 2.8497750605e-01 7.5003739865e+01
1.4657410352e+00 2.7267571544e-01 7.7868863262e+01
1.4789748210e+00 2.7294435835e-01 7.9039301002e+01
1.5302095889e+00 2.7788760464e-01 7.9997257084e+01
1.5106123283e+00 2.7793687414e-01 7.7826969754e+01
1.4935416913e+00 2.7553047915e-01 7.8203776466e+01
1.5109582273e+00 2.8531078368e-01 7.2744085313e+01
1.5210745980e+00 2.8065035858e-01 7.6609078524e+01
1.4972646183e+00 2.8040491608e-01 7.4791640439e+01
1.4542786250e+00 2.6887752957e-01 8.0288236411e+01
1.5007360353e+00 2.9598742718e-01 6.7028177859e+01
1.5391047765e+00 2.8358565904e-01 7.5976744886e+01
1.5064243164e+00 2.8167112493e-01 7.4664278454e+01
1.5228900325e+00 2.8247528409e-01 7.5427311870e+01
1.5042141286e+00 2.8342758993e-01 7.3386256743e+01
1.5169802310e+00 2.8565458597e-01 7.2958386597e+01
1.5197057966e+00 2.8702528629e-01 7.2357712234e+01
1.4923731630e+00 2.7489080715e-01 7.8663617982e+01
1.5546959780e+00 2.8858225052e-01 7.3855816334e+01
1.4790236882e+00 2.8778832817e-01 6.9453672823e+01
1.5080410591e+00 2.7823972143e-01 7.7323724844e+01
1.5358612710e+00 2.8089594430e-01 7.7785069637e+01
1.5371976108e+00 2.9143248987e-01 7.1106965919e+01
1.5244416124e+00 2.8638883462e-01 7.3044038180e+01
1.4637871031e+00 2.7148409457e-01 7.8747145195e+01
1.5019022642e+00 2.7757901126e-01 7.7281743419e+01
1.4682174878e+00 2.7964730707e-01 7.3086849324e+01
1.5432015822e+00 2.7948885333e-01 7.9872472277e+01
1.5138063936e+00 2.7792021126e-01 7.8161934912e+01
1.4895432134e+00 2.8269479047e-01 7.2786965387e+01
1.5338718053e+00 2.8699233723e-01 7.3343513034e+01
1.5160352097e+00 2.8568974682e-01 7.2872695748e+01
1.5336545423e+00 2.8675312236e-01 7.3471715656e+01
1.5217472012e+00 2.7770377444e-01 7.9206117227e+01
1.4737783582e+00 2.8400267943e-01 7.1020369769e+01
1.5075697993e+00 2.7599014197e-01 7.9289490537e+01
1.5074925173e+00 2.8332606650e-01 7.3685198049e+01
1.4900377496e+00 2.8039097560e-01 7.4239173069e+01
1.4957189788e+00 2.7470974641e-01 7.9206117227e+01
1.5358547320e+00 2.7588710526e-01 8.3350409892e+01
1.5145203488e+00 2.7221403940e-01 8.5859966652e+01
1.4773806473e+00 2.9893048509e-01 6.4784873432e+01
1.5393617957e+00 2.7967666421e-01 7.9247806762e+01
1.4986292609e+00 2.8221122399e-01 7.3727866500e+01
1.5249719461e+00 2.7675301050e-01 8.0578963045e+01
1.5102050719e+00 2.8788197473e-01 7.1280024178e+01
1.4972003356e+00 2.7820538775e-01 7.6356348960e+01
1.4937689592e+00 2.8163676420e-01 7.3727866500e+01
1.4802277026e+00 2.7890699818e-01 7.4451835457e+01
1.4859516696e+00 2.7273177152e-01 8.0080420295e+01
1.5414910414e+00 2.8119939414e-01 7.8078232563e+01
1.4671705573e+00 2.7214527140e-01 7.8496490101e+01
1.4964945872e+00 2.7981654520e-01 7.5130898438e+01
1.4941546404e+00 2.7356132211e-01 8.0205125602e+01
1.4973507119e+00 2.7669718650e-01 7.7575469027e+01
1.4612191822e+00 2.6686931507e-01 8.4256719157e+01
1.4834995330e+00 2.8014988616e-01 7.3898447871e+01
1.5020384026e+00 2.8016163755e-01 7.5342663360e+01
1.4546006185e+00 2.7393650653e-01 7.5807831180e+01
1.5143020581e+00 2.8378498859e-01 7.3898447871e+01
1.4816552701e+00 2.7522351837e-01 7.7281743419e+01
1.4941555487e+00 2.7763007766e-01 7.6524865077e+01
1.4786208488e+00 2.8773925241e-01 6.9453672823e+01
1.4880648202e+00 2.8824631224e-01 6.9759526825e+01
1.4731284924e+00 2.8239721195e-01 7.1841252357e+01
1.5290959402e+00 2.7854584482e-01 7.9206117227e+01
1.5464642525e+00 2.8811195141e-01 7.3557136760e+01
1.5131719901e+00 2.9082790444e-01 6.9977625389e+01
1.4716915328e+00 2.7572296831e-01 7.5976744886e+01
1.5003740981e+00 2.8318584318e-01 7.3257996956e+01
1.5379916370e+00 2.8195958793e-01 7.7113748025e+01
1.4926158338e+00 2.8143206459e-01 7.3770525678e+01
1.5100918602e+00 2.7981885596e-01 7.6272045862e+01
1.5139738048e+00 2.8274965764e-01 7.4536838781e+01
1.4644454413e+00 2.7487038739e-01 7.5976744886e+01
1.4586015640e+00 2.7487302770e-01 7.5469623924e+01
1.4775308832e+00 2.7348705121e-01 7.8371079129e+01
1.5208175662e+00 2.7863340942e-01 7.8245611639e+01
1.4930257968e+00 2.7243058956e-01 8.1366868568e+01
1.5055574962e+00 2.7754910626e-01 7.7659329379e+01
1.4980937164e+00 2.7776469228e-01 7.6777417260e+01
1.4779615998e+00 2.7530973669e-01 7.6861542972e+01
1.5150027693e+00 2.7899455943e-01 7.7365699350e+01
1.5055385210e+00 2.7530196389e-01 7.9747638907e+01
1.5039270860e+00 2.7328960926e-01 8.1863637206e+01
1.5161224982e+00 2.8332847741e-01 7.4324264582e+01
1.5123578400e+00 2.7936876490e-01 7.6819483732e+01
1.4573178180e+00 2.7525870332e-01 7.5088520605e+01
1.4355736444e+00 2.6566834692e-01 8.1532528898e+01
1.5211917671e+00 2.7825920853e-01 7.8621845231e+01
1.5191439731e+00 2.7576191358e-01 8.0952396196e+01
1.5543652454e+00 2.9166384144e-01 7.2056626897e+01
1.5250131410e+00 2.7989699666e-01 7.7575469027e+01
1.5170287489e+00 2.7742283959e-01 7.8955857695e+01
1.5096768645e+00 2.7569681609e-01 7.9830866582e+01
1.5259230622e+00 2.8217413132e-01 7.5892303678e+01
1.4959155516e+00 2.8175398279e-01 7.3813175613e+01
1.5056167825e+00 2.8520180135e-01 7.2443643876e+01
1.4702301169e+00 2.7268357346e-01 7.8329262945e+01
1.4542359292e+00 2.6981666529e-01 7.9289490537e+01
1.4734481222e+00 2.7531737637e-01 7.6440621960e+01
1.5148730003e+00 2.7776177911e-01 7.8412889032e+01
1.5250547256e+00 2.7758009129e-01 7.9706016880e+01
1.5022901328e+00 2.9488781938e-01 6.7560923945e+01
1.5268344288e+00 2.8399601816e-01 7.4706741043e+01
1.5272337237e+00 2.8496386598e-01 7.4111468825e+01
1.4886081860e+00 2.8317744044e-01 7.2443643876e+01
1.4851900186e+00 2.7349342253e-01 7.9206117227e+01
1.5273405584e+00 2.8121208175e-01 7.6735343529e+01
1.5207746302e+00 2.8595645271e-01 7.3044038180e+01
1.4710361213e+00 2.7277742164e-01 7.8329262945e+01
1.4930673327e+00 2.7917067110e-01 7.5300326848e+01
1.5000536527e+00 2.8350628855e-01 7.3044038180e+01
1.4941546404e+00 2.7356132211e-01 8.0205125602e+01
1.5518447189e+00 2.8181628106e-01 7.8580066351e+01
1.5357321179e+00 2.8285001671e-01 7.6229882959e+01
1.5307247578e+00 2.8101707947e-01 7.7197759713e+01
1.5047401542e+00 2.8789462516e-01 7.0933728582e+01
1.4856906315e+00 2.8519035561e-01 7.1150247189e+01
1.4979727231e+00 2.7471769666e-01 7.9456168532e+01
1.5217143293e+00 2.7500913319e-01 8.2277139574e+01
1.5335389981e+00 2.8139390861e-01 7.7155757380e+01
1.4719955824e+00 2.7316802972e-01 7.8078232563e+01
1.5304885310e+00 2.8125330630e-01 7.6987677568e+01
1.4939619390e+00 2.7059088668e-01 8.4297879062e+01
1.5091521336e+00 2.7894330775e-01 7.6861542972e+01
1.5445208330e+00 2.8319505389e-01 7.6735343529e+01
1.5384669893e+00 2.7829022598e-01 8.0578963045e+01
1.5072956422e+00 2.8216119769e-01 7.4409320646e+01
1.5208635966e+00 2.7722345007e-01 7.9581117748e+01
1.4598605461e+00 2.7900572423e-01 7.2872695748e+01
1.4918713780e+00 2.7720079246e-01 7.6651174188e+01
1.4844843900e+00 2.7871338384e-01 7.4918925507e+01
1.5217100583e+00 2.9185501805e-01 6.9977625389e+01
1.4928816956e+00 2.7438227460e-01 7.9206117227e+01
1.4151370638e+00 2.8521245927e-01 6.7072652904e+01
1.4912364751e+00 2.7512362603e-01 7.8329262945e+01
1.5108846619e+00 2.8311266683e-01 7.4068882767e+01
1.5656969428e+00 2.8216680908e-01 7.9747638907e+01
1.4924875485e+00 2.7613251412e-01 7.7575469027e+01
1.5521155181e+00 2.8108793711e-01 7.9289490537e+01
1.4732894750e+00 2.6962421534e-01 8.2070440348e+01
1.5252927321e+00 2.7506772103e-01 8.2772810718e+01
1.5006652918e+00 2.8561548879e-01 7.1884348405e+01
1.5093139973e+00 2.8150458649e-01 7.5003739865e+01
1.4932580139e+00 2.8395868137e-01 7.2314731052e+01
1.5011350185e+00 2.7698739347e-01 7.7701249475e+01
1.5013165798e+00 2.8723262267e-01 7.1063673457e+01
1.4735551152e+00 2.7566079325e-01 7.6187712450e+01
1.4778429674e+00 2.7092253123e-01 8.1076787034e+01
1.4654420492e+00 2.7432337667e-01 7.6482747241e+01
1.4624832178e+00 2.7323722834e-01 7.7071731622e+01
1.5068487961e+00 2.7716452240e-01 7.8120086953e+01
1.5163006233e+00 2.7769670546e-01 7.8621845231e+01
1.4758277517e+00 2.7203704318e-01 7.9581117748e+01
1.4745679464e+00 2.9857492773e-01 6.4784873432e+01
1.4987395309e+00 2.7983579709e-01 7.5300326848e+01
1.4649312263e+00 2.8293356862e-01 7.1020369769e+01
1.5002709676e+00 2.8056951729e-01 7.4918925507e+01
1.4886994872e+00 2.7224063803e-01 8.0993864557e+01
1.5141331099e+00 2.7577760627e-01 8.0288236411e+01
1.5520088850e+00 2.8073706336e-01 7.9622756324e+01
1.4926394187e+00 2.8005100101e-01 7.4664278454e+01
1.5253813548e+00 2.7816347557e-01 7.9164421908e+01
1.4683410058e+00 2.6917682165e-01 8.1905006284e+01
1.4745407514e+00 2.7332404356e-01 7.8203776466e+01
1.5363400518e+00 2.7950493283e-01 7.9081013820e+01
1.5195053389e+00 2.8494965805e-01 7.3557136760e+01
1.4763382305e+00 2.9318608639e-01 6.6939183810e+01
1.5303453558e+00 2.7547517801e-01 8.3020440166e+01
1.4964555402e+00 2.8121399417e-01 7.4196613947e+01
1.5301039433e+00 2.7708247155e-01 8.0869445111e+01
1.4919696337e+00 2.8298344285e-01 7.2786965387e+01
1.5145064398e+00 2.7449656218e-01 8.1863637206e+01
1.4765432187e+00 2.8304278037e-01 7.1711900276e+01
1.5031195443e+00 2.8134718978e-01 7.4621807233e+01
1.5086690683e+00 2.7534425024e-01 8.0080420295e+01
1.5062467852e+00 2.7685981729e-01 7.8329262945e+01
1.5087932956e+00 2.7884842297e-01 7.6903595008e+01
1.4909506513e+00 2.8445507210e-01 7.1884348405e+01
1.4819068447e+00 2.7181528806e-01 8.0578963045e+01
1.4865117229e+00 2.7081817083e-01 8.2525045476e+01
1.4743624475e+00 2.7080116458e-01 8.0744982225e+01
1.4984616216e+00 2.7241936548e-01 8.2194472172e+01
1.4726073594e+00 2.7300635313e-01 7.8287440457e+01
1.5044533303e+00 2.7684030119e-01 7.8161934912e+01
1.4709496929e+00 2.7736543450e-01 7.4749195028e+01
1.5179608782e+00 2.8012616843e-01 7.6735343529e+01
1.5235793317e+00 2.8542879340e-01 7.3557136760e+01
1.4989392441e+00 2.7284638230e-01 8.1698117953e+01
1.4747000052e+00 2.8985282049e-01 6.8268093799e+01
1.5067082185e+00 2.8138722286e-01 7.4876505650e+01
1.4863401171e+00 2.7008760469e-01 8.3638951400e+01
1.4806943185e+00 2.7167554120e-01 8.0578963045e+01
1.5479410097e+00 2.8526244550e-01 7.5511927880e+01
1.5394655950e+00 2.8322484055e-01 7.6272045862e+01
1.5030392214e+00 2.7598906110e-01 7.8788899706e+01
1.4845654249e+00 2.8089096145e-01 7.3514430919e+01
1.4962568319e+00 2.7733853514e-01 7.6945639864e+01
1.5117127223e+00 2.8410187557e-01 7.3514430919e+01
1.5148702044e+00 2.8412608994e-01 7.3727866500e+01
1.5574976292e+00 2.8303110883e-01 7.8078232563e+01
1.4743219824e+00 2.7174186925e-01 7.9706016880e+01
1.5004895860e+00 2.7944472080e-01 7.5723327176e+01
1.4930164460e+00 2.7469951645e-01 7.8914127157e+01
1.4840886080e+00 2.7640010327e-01 7.6566975496e+01
1.5163534966e+00 2.7946110134e-01 7.7113748025e+01
1.5151742868e+00 2.8200366538e-01 7.5130898438e+01
1.4719429975e+00 2.7547150362e-01 7.6187712450e+01
1.5239100356e+00 2.8783180168e-01 7.2185725677e+01
1.4997373929e+00 2.8019691392e-01 7.5130898438e+01
1.5641594851e+00 2.8186960177e-01 7.9872472277e+01
1.5036150293e+00 2.7722545557e-01 7.7743162886e+01
1.4787687805e+00 2.8307428849e-01 7.1841252357e+01
1.4957189788e+00 2.7470974641e-01 7.9206117227e+01
1.5421748972e+00 2.8325612179e-01 7.6482747241e+01
1.5012902300e+00 2.8453698135e-01 7.2529534762e+01
1.5045033624e+00 2.7905657887e-01 7.6356348960e+01
1.5388376848e+00 2.7883191387e-01 8.0038841340e+01
1.4984137042e+00 2.7563419420e-01 7.8621845231e+01
1.4936069703e+00 2.7817865608e-01 7.6061155025e+01
1.5231073061e+00 2.7998249843e-01 7.7323724844e+01
1.4835393087e+00 2.7288841318e-01 7.9622756324e+01
1.4801571097e+00 2.7356502307e-01 7.8580066351e+01
1.4842641066e+00 2.8842631310e-01 6.9453672823e+01
1.5215627579e+00 2.7697889346e-01 7.9914072577e+01
1.5285781055e+00 2.8498697082e-01 7.4196613947e+01
1.5162677816e+00 2.7682114251e-01 7.9456168532e+01
1.5151138116e+00 2.9207260328e-01 6.9497403504e+01
1.5076890377e+00 2.9221665753e-01 6.9015671758e+01
1.4823217771e+00 2.7320392726e-01 7.9164421908e+01
1.4902718293e+00 2.7292594445e-01 8.0412864007e+01
1.4919949634e+00 2.7436513776e-01 7.9122720780e+01
1.5125772237e+00 2.7324998764e-01 8.3350409892e+01
1.4773996584e+00 2.7902806342e-01 7.4154045875e+01
1.5149461892e+00 2.8541426399e-01 7.2958386597e+01
1.4825833900e+00 2.7204045134e-01 8.0412864007e+01
1.4872001593e+00 2.7283717655e-01 8.0121993975e+01
1.4860815112e+00 2.7847131450e-01 7.5215629171e+01
1.4881068191e+00 2.7147917988e-01 8.1863637206e+01
1.5350118153e+00 2.7900916629e-01 7.9414507550e+01
1.4750721710e+00 2.8270886657e-01 7.1798145674e+01
1.5466506747e+00 2.8243659011e-01 7.7533528720e+01
1.5066254462e+00 2.8737188253e-01 7.1323261011e+01
1.4689817074e+00 2.7213274241e-01 7.8705384629e+01
1.5282721618e+00 2.7754837195e-01 8.0121993975e+01
1.5228520985e+00 2.8069273190e-01 7.6735343529e+01
1.5063310676e+00 2.8403356317e-01 7.3172442467e+01
1.5092147299e+00 2.7842698870e-01 7.7281743419e+01
1.4610118712e+00 2.7515786215e-01 7.5469623924e+01
1.4808974878e+00 2.8094558116e-01 7.3215224529e+01
1.5318564060e+00 2.7669623421e-01 8.1573932786e+01
1.4887065679e+00 2.8036560260e-01 7.4154045875e+01
1.5088056725e+00 2.8382910686e-01 7.3471715656e+01
1.4823097842e+00 2.7051079459e-01 8.2277139574e+01
1.4946737255e+00 2.7213829094e-01 8.1987731721e+01
1.4583120910e+00 2.7157115025e-01 7.8078232563e+01
1.5429326260e+00 2.8021447812e-01 7.9122720780e+01
1.4717845861e+00 2.6888015028e-01 8.2896642113e+01
1.5133957029e+00 2.8060162581e-01 7.5976744886e+01
1.5011670788e+00 2.7559681576e-01 7.8955857695e+01
1.4926597343e+00 2.7370036692e-01 7.9872472277e+01
1.4776993687e+00 2.7241747544e-01 7.9414507550e+01
1.4852486496e+00 2.7433734944e-01 7.8412889032e+01
1.5356562780e+00 2.8383854538e-01 7.5511927880e+01
1.4718745958e+00 2.8320015777e-01 7.1323261011e+01
1.4742078595e+00 2.7230616995e-01 7.9122720780e+01
1.5208279940e+00 3.0003614852e-01 6.6403971187e+01
1.4983462884e+00 2.8204108822e-01 7.3813175613e+01
1.4978951226e+00 2.7434288119e-01 7.9830866582e+01
1.5134470211e+00 2.7600981883e-01 7.9955667504e+01
1.4913674374e+00 2.8313303085e-01 7.2658295222e+01
1.5104903132e+00 2.9032493613e-01 7.0064779975e+01
1.4951135885e+00 2.7983948807e-01 7.5003739865e+01
1.5089296251e+00 2.7463031615e-01 8.0910923055e+01
1.4658929207e+00 2.6847989644e-01 8.2483737725e+01
1.4733523858e+00 2.7361186012e-01 7.7826969754e+01
1.4903833809e+00 2.8049760620e-01 7.4196613947e+01
1.5158697517e+00 2.8494549765e-01 7.3300759781e+01
1.5060193249e+00 2.7572749172e-01 7.9372840907e+01
1.5427216445e+00 2.8453719261e-01 7.5596511614e+01
1.4581940424e+00 2.7707715529e-01 7.3941070253e+01
1.4896716694e+00 2.6991432963e-01 8.4668187983e+01
1.4773407156e+00 2.7908700627e-01 7.4111468825e+01
1.4811497505e+00 2.7888758535e-01 7.4536838781e+01
1.5081522092e+00 2.7631452486e-01 7.9039301002e+01
1.5007324061e+00 2.8056122546e-01 7.4961336903e+01
1.4261806533e+00 2.7863277154e-01 7.0803681768e+01
1.5156569317e+00 2.7561564347e-01 8.0661982523e+01
1.4845529584e+00 2.7683861944e-01 7.6272045862e+01
1.4861013422e+00 2.7574172680e-01 7.7281743419e+01
1.5176734744e+00 2.7904998809e-01 7.7575469027e+01
1.4399613190e+00 2.7110811864e-01 7.6651174188e+01
1.4603111285e+00 2.7361255647e-01 7.6566975496e+01
1.4827946809e+00 2.7814544435e-01 7.5173267951e+01
1.5519766500e+00 2.8351490994e-01 7.7155757380e+01
1.5141523222e+00 2.8893748236e-01 7.0977054822e+01
1.5154349545e+00 2.9038557927e-01 7.0325956512e+01
1.4918840283e+00 2.7764028860e-01 7.6314201186e+01
1.4908251081e+00 2.8639158719e-01 7.0847042089e+01
1.4954073241e+00 2.7999839930e-01 7.4918925507e+01
1.5236234349e+00 2.8447375864e-01 7.4154045875e+01
1.5531655901e+00 2.8598891572e-01 7.5427311870e+01
1.5139030451e+00 2.8009428359e-01 7.6398489209e+01
1.5273198909e+00 2.9628391992e-01 6.8268093799e+01
1.4611821887e+00 2.7723456189e-01 7.4068882767e+01
1.5123430430e+00 2.8301718009e-01 7.4239173069e+01
1.5422038666e+00 2.8459795878e-01 7.5511927880e+01
1.5256698636e+00 2.8424934594e-01 7.4451835457e+01
1.4951420747e+00 2.7257388776e-01 8.1491120555e+01
1.5175172391e+00 2.8056980752e-01 7.6356348960e+01
1.5088683725e+00 2.8376640693e-01 7.3514430919e+01
1.4915149094e+00 2.7348967734e-01 7.9955667504e+01
1.5200901422e+00 2.7799690448e-01 7.8747145195e+01
1.4947931148e+00 2.7473120209e-01 7.9081013820e+01
1.4856080619e+00 2.7668653676e-01 7.6482747241e+01
1.5113742540e+00 2.7717494844e-01 7.8580066351e+01
1.4794616167e+00 2.7245756266e-01 7.9581117748e+01
1.4887026617e+00 2.7630192498e-01 7.7071731622e+01
1.4995263136e+00 2.8086106297e-01 7.4664278454e+01
1.5000409779e+00 2.7898730456e-01 7.6018953826e+01
1.5105676510e+00 2.7616673714e-01 7.9456168532e+01
1.4955884553e+00 2.7303160728e-01 8.0993864557e+01
1.4896947105e+00 2.8163857701e-01 7.3428990941e+01
1.4692140171e+00 2.7594959499e-01 7.5596511614e+01
1.4827457811e+00 2.8316244340e-01 7.2056626897e+01
1.5141975534e+00 2.8343492687e-01 7.4111468825e+01
1.5195546866e+00 2.8899795355e-01 7.1280024178e+01
1.4976713614e+00 2.8679537269e-01 7.1063673457e+01
1.5059545245e+00 2.7443285217e-01 8.0744982225e+01
1.4721451169e+00 2.7571967802e-01 7.6018953826e+01
1.4908000719e+00 2.7872424492e-01 7.5427311870e+01
1.5108614994e+00 2.7587288883e-01 7.9789255467e+01
1.5150378488e+00 2.7941373969e-01 7.7029708145e+01
1.4657602768e+00 3.0150369337e-01 6.3373229266e+01
1.5006847303e+00 2.7743768168e-01 7.7281743419e+01
1.5063712583e+00 2.7673534418e-01 7.8454692681e+01
1.4752775231e+00 2.7213697796e-01 7.9414507550e+01
1.5047251145e+00 2.8427788755e-01 7.2915546096e+01
1.4633030259e+00 2.7196817178e-01 7.8245611639e+01
1.5088326211e+00 2.8107809505e-01 7.5257982128e+01
1.5054099361e+00 2.7361834645e-01 8.1656727290e+01
1.5073080442e+00 2.7534525792e-01 7.9914072577e+01
1.5108371064e+00 2.8406878026e-01 7.3471715656e+01
1.4874017478e+00 2.7534441916e-01 7.7743162886e+01
1.5213135796e+00 2.8223125086e-01 7.5469623924e+01
1.5200498787e+00 2.7394745006e-01 8.3597741274e+01
1.5003314244e+00 2.7960288238e-01 7.5596511614e+01
1.5141059663e+00 2.7308206789e-01 8.3927331007e+01
1.5206439174e+00 2.8608716552e-01 7.2958386597e+01
1.4741668177e+00 2.7414830973e-01 7.7449627715e+01
1.4799165642e+00 2.8147501359e-01 7.2829835522e+01
1.5030376584e+00 2.8052228289e-01 7.5173267951e+01
1.5040250773e+00 2.7545619817e-01 7.9414507550e+01
1.5274232792e+00 2.8887780164e-01 7.1841252357e+01
1.5189330487e+00 2.7506427999e-01 8.1780886213e+01
1.4717147815e+00 2.7074904068e-01 8.0454396336e+01
1.4493282797e+00 2.6845249964e-01 8.0121993975e+01
1.4839144176e+00 2.7386661997e-01 7.8705384629e+01
1.5062125872e+00 2.8324425272e-01 7.3642520295e+01
1.5010495584e+00 2.7345090985e-01 8.1242575657e+01
1.5218837644e+00 2.7984119219e-01 7.7323724844e+01
1.4862538450e+00 2.8643657473e-01 7.0543278672e+01
1.4917023383e+00 2.8415607035e-01 7.2099670255e+01
1.5036373780e+00 2.7357931727e-01 8.1449707735e+01
1.5058764348e+00 2.7949724578e-01 7.6145534310e+01
1.4909037819e+00 2.8540735049e-01 7.1366486818e+01
1.5270533802e+00 2.7831193638e-01 7.9206117227e+01
1.4997923181e+00 2.8014198872e-01 7.5173267951e+01
1.5297293856e+00 2.7791239947e-01 7.9914072577e+01
1.4983125843e+00 2.7392541952e-01 8.0329784068e+01
1.5107551914e+00 2.8142548153e-01 7.5173267951e+01
1.4516785103e+00 2.8224517474e-01 7.0543278672e+01
1.4851900186e+00 2.7349342253e-01 7.9206117227e+01
1.4700470559e+00 2.6836969467e-01 8.3391640307e+01
1.5112529613e+00 2.7956562251e-01 7.6566975496e+01
1.4779020269e+00 2.7176433007e-01 8.0121993975e+01
1.5147874628e+00 2.8284501745e-01 7.4536838781e+01
1.5058576154e+00 2.7498286951e-01 8.0121993975e+01
1.5095450082e+00 2.8308977121e-01 7.3983683510e+01
1.5009828544e+00 2.7985763049e-01 7.5469623924e+01
1.4849090816e+00 2.7242081220e-01 8.0288236411e+01
1.4796190190e+00 2.7771087478e-01 7.5215629171e+01
1.4923329048e+00 2.7493106537e-01 7.8621845231e+01
1.4436431745e+00 2.9477357605e-01 6.4739596839e+01
1.5356342656e+00 2.7793081073e-01 8.0620475268e+01
1.5082820713e+00 2.7663811680e-01 7.8747145195e+01
1.4670894291e+00 2.7222639964e-01 7.8412889032e+01
1.5156358215e+00 2.8063318948e-01 7.6145534310e+01
1.5074689112e+00 2.7654440730e-01 7.8747145195e+01
1.4664776241e+00 2.8589223560e-01 6.9628520827e+01
1.4759156546e+00 2.7059837478e-01 8.1201135484e+01
1.5259624293e+00 2.7849256769e-01 7.8914127157e+01
1.4606648932e+00 2.7370792397e-01 7.6524865077e+01
1.5111850545e+00 2.8235805276e-01 7.4579327351e+01
1.5068204606e+00 2.8127498076e-01 7.4961336903e+01
1.4945429046e+00 2.7407715807e-01 7.9706016880e+01
1.4686240642e+00 2.8464727223e-01 7.0369444415e+01
1.4977884484e+00 2.7625945002e-01 7.7994504389e+01
1.4795657105e+00 2.8860228278e-01 6.9103373832e+01
1.4992216149e+00 2.8297842530e-01 7.3300759781e+01
1.4763170971e+00 2.7425027286e-01 7.7575469027e+01
1.5255262979e+00 2.8302634226e-01 7.5257982128e+01
1.5272447042e+00 2.8768820252e-01 7.2486594398e+01
1.4990635264e+00 2.8132385019e-01 7.4324264582e+01
1.4668594116e+00 2.7515458103e-01 7.5976744886e+01
1.4828094826e+00 2.7001109617e-01 8.3102953976e+01
1.4976000369e+00 2.8006949749e-01 7.5046134423e+01
1.5389829784e+00 2.8416412571e-01 7.5554223768e+01
1.4920851727e+00 2.7020942596e-01 8.4627053861e+01
1.5100479586e+00 2.7623282202e-01 7.9331168577e+01
1.4830119794e+00 2.8063743983e-01 7.3557136760e+01
1.4952952396e+00 2.8011048380e-01 7.4834077304e+01
1.4602568181e+00 2.7591291522e-01 7.4876505650e+01
1.5515987351e+00 2.8160472004e-01 7.8747145195e+01
1.5330676510e+00 2.8004155821e-01 7.8245611639e+01
1.4636180128e+00 2.7120397525e-01 7.8997582302e+01
1.4860931179e+00 2.7033460389e-01 8.3185453415e+01
1.5199871554e+00 2.9448976970e-01 6.8664345286e+01
1.5242208282e+00 2.8068930943e-01 7.6861542972e+01
1.5041024716e+00 2.8127120899e-01 7.4749195028e+01
1.5168814479e+00 2.7620747625e-01 8.0163562403e+01
1.4890674440e+00 2.7096989181e-01 8.2731526072e+01
1.5239433139e+00 2.7550766171e-01 8.1946371115e+01
1.4920319623e+00 2.7839676283e-01 7.5765583130e+01
1.4995158324e+00 2.8041847440e-01 7.4961336903e+01
1.4914248799e+00 2.8443352880e-01 7.1927433851e+01
1.5454383517e+00 2.8319174897e-01 7.6819483732e+01
1.4814491331e+00 2.7768556766e-01 7.5384991691e+01
1.4875714975e+00 2.8195281935e-01 7.3086849324e+01
1.4749088934e+00 2.7115495823e-01 8.0412864007e+01
1.4968243426e+00 2.8492247408e-01 7.2013573065e+01
1.4985258892e+00 2.7461698494e-01 7.9622756324e+01
1.4740286391e+00 2.7383615584e-01 7.7701249475e+01
1.4443761980e+00 2.7743558791e-01 7.2701195268e+01
1.4694518963e+00 2.8066494787e-01 7.2572465000e+01
1.5008989404e+00 2.8039469112e-01 7.5088520605e+01
1.4762317982e+00 2.8200042191e-01 7.2271739586e+01
1.5344548645e+00 2.8093406214e-01 7.7617402571e+01
1.4936053516e+00 2.7591896527e-01 7.7868863262e+01
1.4806663812e+00 2.7666351252e-01 7.6061155025e+01
1.5290887442e+00 2.8356463621e-01 7.5173267951e+01
1.5401274760e+00 2.9307597918e-01 7.0456384946e+01
1.4971976969e+00 2.9271301929e-01 6.8223998755e+01
1.4905041545e+00 2.7224201250e-01 8.1242575657e+01
1.4743778845e+00 2.7483802398e-01 7.6903595008e+01
1.4667940204e+00 2.7432042935e-01 7.6609078524e+01
1.5098575787e+00 2.7506260944e-01 8.0537445831e+01
1.4912623548e+00 2.7193541898e-01 8.1739504252e+01
1.4977262549e+00 2.8039615710e-01 7.4834077304e+01
1.4652600645e+00 2.7765362585e-01 7.4111468825e+01
1.4870675859e+00 2.7071345168e-01 8.2772810718e+01
1.5757259131e+00 2.8407795783e-01 7.8997582302e+01
1.5208793294e+00 2.9086250790e-01 7.0412920548e+01
1.4804190518e+00 2.7104948580e-01 8.1284011213e+01
1.5056669851e+00 2.8424373110e-01 7.3001217281e+01
1.4756152898e+00 2.9933778672e-01 6.4558321111e+01
1.5304492068e+00 2.8493971976e-01 7.4366797030e+01
1.4930649681e+00 2.7374704826e-01 7.9872472277e+01
1.4758281508e+00 2.6888539951e-01 8.3638951400e+01
1.5422901466e+00 2.7629198803e-01 8.3886143545e+01
1.5213777395e+00 2.7761855490e-01 7.9247806762e+01
1.5026681372e+00 2.7771923946e-01 7.7239755051e+01
1.4725030664e+00 2.7041062399e-01 8.0952396196e+01
1.5220517978e+00 2.8149303262e-01 7.6061155025e+01
1.4557533395e+00 2.7412990169e-01 7.5765583130e+01
1.4787821338e+00 2.8170657744e-01 7.2615385143e+01
1.4858159627e+00 2.7422137314e-01 7.8580066351e+01
1.4742317281e+00 2.7994123966e-01 7.3343513034e+01
1.5130824347e+00 2.7455928388e-01 8.1573932786e+01
1.4872231227e+00 2.7597465112e-01 7.7197759713e+01
1.5057964791e+00 2.8411423711e-01 7.3086849324e+01
1.4705335993e+00 2.6968146247e-01 8.1573932786e+01
1.4569271119e+00 2.8418733792e-01 6.9890422465e+01
1.5533139938e+00 2.8675662877e-01 7.4918925507e+01
1.5033528925e+00 2.7567539000e-01 7.9122720780e+01
1.4967329154e+00 2.7776755281e-01 7.6651174188e+01
1.5224127800e+00 2.9069642929e-01 7.0586708069e+01
1.4805701383e+00 2.9393032998e-01 6.6850130873e+01
1.5279630402e+00 2.7694709742e-01 8.0744982225e+01
1.5188474960e+00 2.9745358487e-01 6.7339198059e+01
1.4824401926e+00 2.7128194023e-01 8.1284011213e+01
1.4725930680e+00 2.7527172692e-01 7.6398489209e+01
1.5108371064e+00 2.8406878026e-01 7.3471715656e+01
1.4897274712e+00 2.7527711556e-01 7.8036371717e+01
1.4736453509e+00 2.7647149319e-01 7.5596511614e+01
1.4621330467e+00 2.8123055062e-01 7.1755028325e+01
1.4881407214e+00 2.7776750307e-01 7.5892303678e+01
1.5126913425e+00 2.8221454413e-01 7.4791640439e+01
1.5327626927e+00 2.7670095546e-01 8.1698117953e+01
1.4946691667e+00 2.7802125298e-01 7.6272045862e+01
1.5169046356e+00 2.8436544819e-01 7.3727866500e+01
1.4891889924e+00 2.9845272614e-01 6.5507040121e+01
1.5114347362e+00 2.8619774408e-01 7.2271739586e+01
1.4953379924e+00 2.8323733565e-01 7.2872695748e+01
1.4929966676e+00 2.8648460780e-01 7.0933728582e+01
1.4966295300e+00 2.7922887865e-01 7.5554223768e+01
1.5379063550e+00 3.0033218614e-01 6.7117113352e+01
1.4509157259e+00 2.7627563224e-01 7.3898447871e+01
1.4856154891e+00 2.7171440467e-01 8.1201135484e+01
1.4876986768e+00 2.7866142442e-01 7.5215629171e+01
1.5132457052e+00 2.7530349726e-01 8.0703484835e+01
1.5120173132e+00 2.7970929167e-01 7.6524865077e+01
1.5058675280e+00 2.7587928861e-01 7.9206117227e+01
1.5139477011e+00 2.9278338182e-01 6.9103373832e+01
1.4540731992e+00 2.6684253534e-01 8.2896642113e+01
1.4723351247e+00 2.7778171943e-01 7.4579327351e+01
1.4885850475e+00 2.7822696894e-01 7.5596511614e+01
1.4829809645e+00 2.7254473987e-01 7.9914072577e+01
1.5020812829e+00 2.8782943325e-01 7.0803681768e+01
1.4811915379e+00 2.7568725056e-01 7.6861542972e+01
1.5194388695e+00 2.8319594743e-01 7.4664278454e+01
1.4602053117e+00 2.6967792958e-01 8.0163562403e+01
1.4881510623e+00 2.7504671146e-01 7.8078232563e+01
1.4942140008e+00 2.7802400301e-01 7.6229882959e+01
1.5116105384e+00 2.7966203681e-01 7.6524865077e+01
1.5154449898e+00 2.7946089682e-01 7.7029708145e+01
1.4971059009e+00 2.8826777963e-01 7.0282456804e+01
1.5112756692e+00 2.8817530645e-01 7.1193517300e+01
1.4945969387e+00 2.9667563643e-01 6.6448654976e+01
1.4781488957e+00 2.7512244074e-01 7.7029708145e+01
1.4906100942e+00 2.8072319328e-01 7.4068882767e+01
1.4805733187e+00 2.7450143487e-01 7.7785069637e+01
1.5399230573e+00 2.7911540259e-01 7.9872472277e+01
1.4982432590e+00 2.8169104778e-01 7.4026287672e+01
1.5360377923e+00 2.8071942299e-01 7.7952630554e+01
1.4520306120e+00 2.7785262921e-01 7.3001217281e+01
1.5264249763e+00 2.7757491831e-01 7.9872472277e+01
1.5031939751e+00 2.8671674104e-01 7.1452905485e+01
1.5139783002e+00 2.9184223361e-01 6.9541121708e+01
1.4577846709e+00 2.6716451899e-01 8.3061698879e+01
1.5335035090e+00 2.7732693798e-01 8.1035328162e+01
1.5304435252e+00 2.7993128397e-01 7.8078232563e+01
1.5072852470e+00 2.7899553358e-01 7.6651174188e+01
1.4944131587e+00 2.7782484516e-01 7.6398489209e+01
1.5031716031e+00 2.7993499941e-01 7.5596511614e+01
1.5303628824e+00 2.8092324058e-01 7.7239755051e+01
1.5230793009e+00 2.8274123291e-01 7.5257982128e+01
1.5268013228e+00 2.7628848173e-01 8.1366868568e+01
1.4738837977e+00 2.8434842234e-01 7.0847042089e+01
1.4849571442e+00 2.7688592479e-01 7.6272045862e+01
1.5063151911e+00 2.7543162558e-01 7.9706016880e+01
1.5022089386e+00 2.7681934394e-01 7.7952630554e+01
1.5481212253e+00 2.8416725436e-01 7.6314201186e+01
1.4720297189e+00 2.7493452696e-01 7.6609078524e+01
1.5170287489e+00 2.7742283959e-01 7.8955857695e+01
1.4944893984e+00 2.7322656402e-01 8.0620475268e+01
1.5211135304e+00 2.9336339465e-01 6.9234830989e+01
1.5296693763e+00 2.7979427195e-01 7.8120086953e+01
1.5189383513e+00 2.8051262436e-01 7.6524865077e+01
1.5156177026e+00 2.9749150663e-01 6.7161559243e+01
1.5441448920e+00 2.8219995984e-01 7.7491581624e+01
1.5082947232e+00 2.7345209343e-01 8.2318467199e+01
1.4985962240e+00 2.7499914305e-01 7.9247806762e+01
1.4837971053e+00 2.7308168323e-01 7.9456168532e+01
1.4890234605e+00 2.7281960852e-01 8.0371326592e+01
1.4888725403e+00 2.7658384602e-01 7.6861542972e+01
1.4603340305e+00 2.8078041927e-01 7.1884348405e+01
1.5086226167e+00 2.7856541747e-01 7.7113748025e+01
1.4778934064e+00 2.7357513113e-01 7.8329262945e+01
1.5255726858e+00 2.9072839507e-01 7.0760310020e+01
1.5092721057e+00 2.9108834748e-01 6.9628520827e+01
1.5398357695e+00 2.7464115563e-01 8.7172973982e+01
1.5338385707e+00 2.8793864204e-01 7.2786965387e+01
1.5171462110e+00 2.8003174118e-01 7.6735343529e+01
1.4876171835e+00 2.7829104104e-01 7.5469623924e+01
1.4934490646e+00 2.8014630242e-01 7.4664278454e+01
1.4901293316e+00 2.7216526704e-01 8.1284011213e+01
1.5590362156e+00 2.8470039437e-01 7.6861542972e+01
1.4938589841e+00 2.7792664230e-01 7.6272045862e+01
1.4681982469e+00 2.7606528044e-01 7.5427311870e+01
1.4771545454e+00 2.7386338899e-01 7.7994504389e+01
1.4901612536e+00 2.7258491336e-01 8.0786474719e+01
1.4906643121e+00 2.7524391240e-01 7.8161934912e+01
1.4788870821e+00 2.7799170636e-01 7.4961336903e+01
1.4905590079e+00 2.7986971723e-01 7.4621807233e+01
1.4628113892e+00 2.7830306053e-01 7.3514430919e+01
1.4912285286e+00 2.7377605814e-01 7.9622756324e+01
1.4789276830e+00 2.6938744443e-01 8.3391640307e+01
1.4576023119e+00 2.7946611209e-01 7.2443643876e+01
1.4842100999e+00 2.7492460093e-01 7.7785069637e+01
1.4203844224e+00 2.6837723048e-01 7.6987677568e+01
1.4863167979e+00 2.7146423971e-01 8.1615332242e+01
1.4920351351e+00 2.8291794142e-01 7.2829835522e+01
1.4834847550e+00 2.7113908634e-01 8.1615332242e+01
1.5122441829e+00 2.8402482817e-01 7.3599833208e+01
1.4822277240e+00 2.7645571713e-01 7.6356348960e+01
1.5342143759e+00 2.9167354053e-01 7.0803681768e+01
1.5294207862e+00 2.7594453037e-01 8.2194472172e+01
1.4908176364e+00 2.7825453413e-01 7.5765583130e+01
1.4709044489e+00 2.7110954371e-01 7.9955667504e+01
1.5164038151e+00 2.8486626873e-01 7.3386256743e+01
1.5232406011e+00 2.7939421582e-01 7.7826969754e+01
1.4883415010e+00 2.7530791820e-01 7.7868863262e+01
1.5041502311e+00 2.7940971022e-01 7.6061155025e+01
1.4909320484e+00 2.7362077731e-01 7.9747638907e+01
1.5052986084e+00 2.9051598947e-01 6.9672201814e+01
1.4555005953e+00 2.8921295508e-01 6.7516607231e+01
1.5198903614e+00 2.7501552525e-01 8.1987731721e+01
1.4724086815e+00 2.9078909232e-01 6.7738049690e+01
1.5136813604e+00 2.8304210209e-01 7.4324264582e+01
1.5319445660e+00 2.7660807418e-01 8.1698117953e+01
1.5117627309e+00 2.7315745720e-01 8.3350409892e+01
1.4906771187e+00 2.8246575539e-01 7.3001217281e+01
1.4891990743e+00 2.7806489586e-01 7.5765583130e+01
1.5066006128e+00 2.7378676383e-01 8.1615332242e+01
1.5052519365e+00 2.8102884409e-01 7.5003739865e+01
1.4799093712e+00 2.7651835059e-01 7.6103348511e+01
1.4887945301e+00 2.7801748629e-01 7.5765583130e+01
1.5774611256e+00 2.8188303612e-01 8.1532528898e+01
1.5030209851e+00 2.7691332175e-01 7.7952630554e+01
1.5424672331e+00 2.7748399182e-01 8.2111788416e+01
1.4770368576e+00 2.8390326764e-01 7.1280024178e+01
1.5094615312e+00 2.8362739292e-01 7.3642520295e+01
1.4633685119e+00 2.7684654990e-01 7.4494341492e+01
1.4832838542e+00 2.6998748226e-01 8.3226697801e+01
1.5010821130e+00 2.8066470362e-01 7.4918925507e+01
1.4706272371e+00 2.7498647538e-01 7.6440621960e+01
1.5303329448e+00 2.7958626479e-01 7.8371079129e+01
1.4435326425e+00 2.7245758952e-01 7.5934528179e+01
1.4990755652e+00 2.7904684675e-01 7.5892303678e+01
1.4905019504e+00 2.7269582337e-01 8.0703484835e+01
1.5181158699e+00 2.7724435321e-01 7.9247806762e+01
1.4986140134e+00 2.7814988117e-01 7.6524865077e+01
1.5129171506e+00 2.8198873607e-01 7.4961336903e+01
1.4770827976e+00 2.7979599089e-01 7.3642520295e+01
1.5097332189e+00 2.8244745406e-01 7.4409320646e+01
1.4955124264e+00 2.8260998559e-01 7.3257996956e+01
1.5118595049e+00 2.7351417563e-01 8.2814091592e+01
1.5124718271e+00 2.7743888905e-01 7.8454692681e+01
1.5184074656e+00 2.8195298750e-01 7.5427311870e+01
1.5189490433e+00 2.8232104054e-01 7.5215629171e+01
1.5196743285e+00 2.7477726007e-01 8.2277139574e+01
1.5270488351e+00 2.8059294998e-01 7.7197759713e+01
1.4630338603e+00 2.8753350964e-01 6.8664345286e+01
1.4809126843e+00 2.7100649499e-01 8.1408290413e+01
1.5304796075e+00 2.7670680738e-01 8.1366868568e+01
1.4772815811e+00 2.7914614073e-01 7.4068882767e+01
1.4947764637e+00 2.7700916267e-01 7.7071731622e+01
1.4930997059e+00 2.8683460086e-01 7.0760310020e+01
1.5460864193e+00 2.8162946758e-01 7.8161934912e+01
1.4872127943e+00 2.7372733097e-01 7.9206117227e+01
1.5003449747e+00 2.8457521345e-01 7.2443643876e+01
1.4678494636e+00 2.7731414850e-01 7.4536838781e+01
1.5217175205e+00 2.7864293263e-01 7.8329262945e+01
1.4601134049e+00 2.8235041728e-01 7.1020369769e+01
1.5110191169e+00 2.7798388516e-01 7.7826969754e+01
1.5110784074e+00 2.7520237314e-01 8.0537445831e+01
1.4890731028e+00 2.7231847507e-01 8.0952396196e+01
1.5192019938e+00 2.9664299082e-01 6.7693789341e+01
1.5205620422e+00 2.7752500447e-01 7.9247806762e+01
1.5435972424e+00 2.8092009627e-01 7.8538281315e+01
1.4920727337e+00 2.8514396156e-01 7.1582451612e+01
1.5198903614e+00 2.7501552525e-01 8.1987731721e+01
1.5100158879e+00 2.7762583065e-01 7.8036371717e+01
1.4925910148e+00 2.7196181086e-01 8.1905006284e+01
1.4989235596e+00 2.7738757278e-01 7.7155757380e+01
1.4918454649e+00 2.7270736076e-01 8.0869445111e+01
1.4913520778e+00 2.7320074787e-01 8.0246683597e+01
1.4817253517e+00 2.7334940182e-01 7.8955857695e+01
1.5314852083e+00 2.8664063924e-01 7.3386256743e+01
1.4780040504e+00 2.9106812006e-01 6.7914951567e+01
1.4675275994e+00 2.7178822928e-01 7.8872390662e+01
1.4916583618e+00 2.7696170085e-01 7.6819483732e+01
1.4655120354e+00 2.8595650212e-01 6.9541121708e+01
1.4917092440e+00 2.7555472619e-01 7.7994504389e+01
1.4964210352e+00 2.8623226692e-01 7.1280024178e+01
1.5176699291e+00 2.7723595756e-01 7.9206117227e+01
1.5170904378e+00 2.8508942978e-01 7.3300759781e+01
1.4951391884e+00 2.7619409913e-01 7.7785069637e+01
1.4807194985e+00 2.6939734567e-01 8.3721361762e+01
1.5090174782e+00 2.8316319475e-01 7.3898447871e+01
1.5291429093e+00 2.7531208764e-01 8.3061698879e+01
1.5029714592e+00 2.7333967316e-01 8.1656727290e+01
1.5225108863e+00 2.8148900823e-01 7.6103348511e+01
1.5175702637e+00 2.7234045248e-01 8.6475667802e+01
1.4725091804e+00 2.7805818960e-01 7.4409320646e+01
1.5056216909e+00 2.7929849720e-01 7.6272045862e+01
1.5209098927e+00 2.7399599395e-01 8.3680158222e+01
1.5119939177e+00 2.7564780082e-01 8.0163562403e+01
1.4478778450e+00 2.8963998241e-01 6.6939183810e+01
1.4772850989e+00 2.7643703391e-01 7.5934528179e+01
1.4611246213e+00 2.6875861990e-01 8.1366868568e+01
1.4747064138e+00 2.7541043031e-01 7.6482747241e+01
1.5075783173e+00 2.8551060691e-01 7.2400683165e+01
1.5079722884e+00 2.8466249097e-01 7.2915546096e+01
1.5043383698e+00 2.7786167040e-01 7.7281743419e+01
1.4852389271e+00 2.8247703536e-01 7.2615385143e+01
1.5144494619e+00 2.7455354007e-01 8.1780886213e+01
1.5418131421e+00 2.8407477429e-01 7.5850071354e+01
1.5047618205e+00 2.7517248626e-01 7.9789255467e+01
1.5094953054e+00 2.7587837515e-01 7.9622756324e+01
1.4726926650e+00 2.6977115718e-01 8.1780886213e+01
1.5130497972e+00 2.7913087573e-01 7.7071731622e+01
1.5144207448e+00 2.7458225720e-01 8.1739504252e+01
1.5051575699e+00 3.0020774665e-01 6.5597017245e+01
1.4744755374e+00 2.7383959004e-01 7.7743162886e+01
1.5005084540e+00 2.8169158615e-01 7.4196613947e+01
1.4968470421e+00 2.8172828590e-01 7.3898447871e+01
1.4455960878e+00 2.6726218452e-01 8.0993864557e+01
1.5052860831e+00 2.8916550543e-01 7.0325956512e+01
1.4999787319e+00 2.7950254351e-01 7.5638791445e+01
1.5130132037e+00 2.7871340124e-01 7.7407666966e+01
1.5295396343e+00 2.7992401395e-01 7.7994504389e+01
1.4767744612e+00 2.8010432730e-01 7.3428990941e+01
1.4953894227e+00 2.7458707909e-01 7.9289490537e+01
1.5145079936e+00 2.7994359496e-01 7.6566975496e+01
1.5110859694e+00 2.7610206479e-01 7.9581117748e+01
1.5166001356e+00 2.8103234468e-01 7.5934528179e+01
1.4814051036e+00 2.7592479012e-01 7.6693262514e+01
1.5163817843e+00 2.7761554443e-01 7.8705384629e+01
1.5016726964e+00 2.7690263166e-01 7.7826969754e+01
1.4978625880e+00 2.7301839912e-01 8.1325442176e+01
1.4717924379e+00 2.7382127457e-01 7.7491581624e+01
1.4910804561e+00 2.7166571088e-01 8.2070440348e+01
1.5138898182e+00 2.7329821603e-01 8.3515311021e+01
1.4848418026e+00 2.8558692260e-01 7.0890391015e+01
1.4933348004e+00 2.8026056665e-01 7.4579327351e+01
1.5367166065e+00 2.8186552812e-01 7.7071731622e+01
1.4808012253e+00 2.7743099481e-01 7.5511927880e+01
1.4965023529e+00 2.8162005906e-01 7.3941070253e+01
1.5042141286e+00 2.8342758993e-01 7.3386256743e+01
1.5096238201e+00 2.7711056811e-01 7.8454692681e+01
1.5202391865e+00 2.7875710788e-01 7.8078232563e+01
1.4966357217e+00 2.7786474650e-01 7.6566975496e+01
1.4867375363e+00 2.7194590482e-01 8.1076787034e+01
1.4513086795e+00 2.8486105383e-01 6.9234830989e+01
1.4842291583e+00 2.7264963018e-01 7.9955667504e+01
1.4771627360e+00 2.7926498584e-01 7.3983683510e+01
1.4906771187e+00 2.8246575539e-01 7.3001217281e+01
1.4907869802e+00 2.7376584547e-01 7.9581117748e+01
1.4984743929e+00 2.8281923867e-01 7.3343513034e+01
1.5141596792e+00 2.8029190937e-01 7.6272045862e+01
1.5665063325e+00 2.8686505817e-01 7.5892303678e+01
1.4705609255e+00 2.7640332036e-01 7.5384991691e+01
1.5062397279e+00 2.7414764872e-01 8.1118241196e+01
1.5235719141e+00 2.8771420894e-01 7.2228737805e+01
1.5038573316e+00 2.7426508043e-01 8.0661982523e+01
1.4714616275e+00 2.7865521660e-01 7.3941070253e+01
1.5154041736e+00 2.7768475061e-01 7.8538281315e+01
1.5147820820e+00 2.8239587021e-01 7.4834077304e+01
1.4969355349e+00 2.7485009148e-01 7.9206117227e+01
1.5252278658e+00 2.8059266797e-01 7.7029708145e+01
1.5382734439e+00 2.8578711181e-01 7.4409320646e+01
1.5227264886e+00 2.8263882801e-01 7.5300326848e+01
1.4988833593e+00 2.7697504936e-01 7.7491581624e+01
1.5032499692e+00 2.7532535880e-01 7.9456168532e+01
1.4698664649e+00 2.7214752778e-01 7.8788899706e+01
1.4818286302e+00 2.7459909158e-01 7.7826969754e+01
1.4743614278e+00 2.7035212253e-01 8.1284011213e+01
1.4965497018e+00 2.7342679992e-01 8.0661982523e+01
1.4983668563e+00 2.7839703826e-01 7.6314201186e+01
1.5101640960e+00 2.7520958459e-01 8.0412864007e+01
1.5270949820e+00 2.8236866619e-01 7.5850071354e+01
1.5240327613e+00 2.7587293392e-01 8.1491120555e+01
1.4655210531e+00 2.9632201584e-01 6.5191610509e+01
1.5253071719e+00 2.7732764504e-01 7.9997257084e+01
1.5094627572e+00 2.7908644526e-01 7.6777417260e+01
1.4965680205e+00 2.7476526699e-01 7.9247806762e+01
1.5027621868e+00 2.8578701567e-01 7.1927433851e+01
1.4690472421e+00 2.8152012788e-01 7.2056626897e+01
1.5095796876e+00 2.8441764117e-01 7.3172442467e+01
1.5152717015e+00 2.7917988703e-01 7.7239755051e+01
1.4946465409e+00 2.9072713965e-01 6.8971801420e+01
1.4798592295e+00 2.7792180811e-01 7.5088520605e+01
1.4919894412e+00 2.7075672579e-01 8.3597741274e+01
1.4824685170e+00 2.8343970750e-01 7.1884348405e+01
1.4995957986e+00 2.7490466963e-01 7.9456168532e+01
1.5310749438e+00 2.8385796292e-01 7.5130898438e+01
1.5130751744e+00 2.7955960496e-01 7.6735343529e+01
1.5112967677e+00 2.8088390523e-01 7.5596511614e+01
1.4967487810e+00 2.8092075338e-01 7.4409320646e+01
1.5504404525e+00 2.8047584942e-01 7.9706016880e+01
1.5098028726e+00 2.9237699497e-01 6.9059529216e+01
1.4862196411e+00 2.7697813266e-01 7.6314201186e+01
1.5530353180e+00 2.8199854482e-01 7.8538281315e+01
1.5265937734e+00 2.8059264145e-01 7.7155757380e+01
1.4954836399e+00 2.7584964763e-01 7.8120086953e+01
1.4906905784e+00 2.8290478866e-01 7.2744085313e+01
1.5146710217e+00 2.8296145853e-01 7.4451835457e+01
1.4915971200e+00 2.8064088379e-01 7.4196613947e+01
1.4914319669e+00 2.7538004950e-01 7.8120086953e+01
1.4889511784e+00 2.7740892283e-01 7.6229882959e+01
1.4692919866e+00 2.6867528305e-01 8.2772810718e+01
1.4832229187e+00 2.8268530582e-01 7.2357712234e+01
1.4971053872e+00 2.7603748688e-01 7.8120086953e+01
1.4791968094e+00 2.8400096436e-01 7.1366486818e+01
1.5160400934e+00 2.7704883081e-01 7.9206117227e+01
1.5095450082e+00 2.8308977121e-01 7.3983683510e+01
1.4765696911e+00 2.7084480994e-01 8.0993864557e+01
1.4962568319e+00 2.7733853514e-01 7.6945639864e+01
1.5362585459e+00 2.7639483448e-01 8.2648945375e+01
1.4851485698e+00 2.7488876604e-01 7.7910750187e+01
1.4956518573e+00 2.7568143019e-01 7.8287440457e+01
1.4778008887e+00 2.7141501976e-01 8.0495923602e+01
1.5353037510e+00 2.7598237197e-01 8.3102953976e+01
1.5705593537e+00 2.8235285835e-01 8.0121993975e+01
1.4928031901e+00 2.7626898038e-01 7.7491581624e+01
1.5089528898e+00 2.7415371268e-01 8.1491120555e+01
1.5019493256e+00 2.8070397652e-01 7.4961336903e+01
1.5088387499e+00 2.7744203067e-01 7.8078232563e+01
1.5061780626e+00 2.7239726540e-01 8.3556527821e+01
1.4815202603e+00 2.8032280867e-01 7.3642520295e+01
1.5104655425e+00 2.7762989884e-01 7.8078232563e+01
1.5014200698e+00 2.7398565360e-01 8.0661982523e+01
1.5264838734e+00 2.8389093578e-01 7.4749195028e+01
1.5014503960e+00 2.7757788647e-01 7.7239755051e+01
1.5136813604e+00 2.8304210209e-01 7.4324264582e+01
1.5074250572e+00 2.7568154532e-01 7.9581117748e+01
1.5461867358e+00 2.7787381987e-01 8.2153132349e+01
1.4751579228e+00 2.8172086572e-01 7.2357712234e+01
1.4928732089e+00 2.7710329285e-01 7.6819483732e+01
1.4821457062e+00 2.7473308233e-01 7.7743162886e+01
1.4674130019e+00 2.7955124406e-01 7.3086849324e+01
1.4918342013e+00 2.7769011559e-01 7.6272045862e+01
1.5245745737e+00 2.7624067566e-01 8.1118241196e+01
1.5092254157e+00 2.8023142424e-01 7.5892303678e+01
1.4756095727e+00 2.7901426863e-01 7.4026287672e+01
1.5028029031e+00 2.7713140375e-01 7.7743162886e+01
1.5240124212e+00 2.7953240920e-01 7.7785069637e+01
1.4964424291e+00 2.7624799062e-01 7.7868863262e+01
1.5003302286e+00 2.8549698277e-01 7.1927433851e+01
1.5200091889e+00 2.7807785779e-01 7.8663617982e+01
1.4800459345e+00 2.7954006454e-01 7.4026287672e+01
1.4308848793e+00 2.7929037459e-01 7.0760310020e+01
1.5159085404e+00 2.8627132724e-01 7.2529534762e+01
1.4963748936e+00 2.8809184046e-01 7.0325956512e+01
1.4925939776e+00 2.7783474757e-01 7.6229882959e+01
1.5022737457e+00 2.8355346566e-01 7.3172442467e+01
1.4890965852e+00 2.8087991652e-01 7.3855816334e+01
1.5030790016e+00 2.7594928094e-01 7.8830648187e+01
1.5091505676e+00 2.8257603728e-01 7.4281723271e+01
1.5357862934e+00 2.8736081071e-01 7.3257996956e+01
1.5027536523e+00 2.7174681592e-01 8.4009696503e+01
1.4576694391e+00 2.8164638957e-01 7.1236776285e+01
1.5588186758e+00 2.8445955274e-01 7.7029708145e+01
1.4977531625e+00 2.7719991408e-01 7.7197759713e+01
1.5463788085e+00 2.8408017707e-01 7.6229882959e+01
1.5058857138e+00 2.8493286998e-01 7.2615385143e+01
1.5191109833e+00 2.7988531100e-01 7.7029708145e+01
1.5332973722e+00 2.8574108773e-01 7.4068882767e+01
1.5024014275e+00 2.8342578384e-01 7.3257996956e+01
1.4991916219e+00 2.7395125227e-01 8.0412864007e+01
1.5058675280e+00 2.7587928861e-01 7.9206117227e+01
1.4897504614e+00 2.7706155505e-01 7.6566975496e+01
1.5017810936e+00 2.7588844084e-01 7.8747145195e+01
1.5016197575e+00 2.7604977690e-01 7.8580066351e+01
1.4837189000e+00 2.7270882184e-01 7.9830866582e+01
1.5277125189e+00 2.7947389597e-01 7.8203776466e+01
1.5117565828e+00 2.8087819661e-01 7.5638791445e+01
1.5280281155e+00 2.7597177904e-01 8.1946371115e+01
1.4687486616e+00 2.7101676430e-01 7.9789255467e+01
1.4922153346e+00 2.7595265872e-01 7.7701249475e+01
1.5531164996e+00 2.7917198008e-01 8.1491120555e+01
1.4550531626e+00 2.7348396246e-01 7.6187712450e+01
1.5242449389e+00 2.8658550805e-01 7.2915546096e+01
1.5141935336e+00 2.8207547738e-01 7.5003739865e+01
1.4883873353e+00 2.8113698160e-01 7.3642520295e+01
1.4981064513e+00 2.8726722926e-01 7.0847042089e+01
1.4733724003e+00 2.7314162911e-01 7.8245611639e+01
1.4956395246e+00 2.7659847924e-01 7.7491581624e+01
1.4338972381e+00 2.7314960013e-01 7.4621807233e+01
1.4989743151e+00 2.8549241897e-01 7.1841252357e+01
1.5017172593e+00 2.7776401612e-01 7.7113748025e+01
1.4894616852e+00 2.7373608860e-01 7.9456168532e+01
1.4540765652e+00 2.9919477124e-01 6.3647781684e+01
1.5086307872e+00 2.8218779664e-01 7.4494341492e+01
1.5215203656e+00 2.9341254113e-01 6.9234830989e+01
1.4524384859e+00 2.7699601111e-01 7.3557136760e+01
1.4965544003e+00 2.9154104105e-01 6.8708306827e+01
1.5079001214e+00 2.7611319705e-01 7.9206117227e+01
1.5144317888e+00 2.8229167369e-01 7.4876505650e+01
1.5176389476e+00 2.7544997660e-01 8.1118241196e+01
1.5005514136e+00 2.7349648478e-01 8.1118241196e+01
1.5128729620e+00 2.7476875659e-01 8.1284011213e+01
1.4839388137e+00 2.7339108002e-01 7.9164421908e+01
1.5542650004e+00 2.8351561546e-01 7.7365699350e+01
1.4809426797e+00 2.8858163712e-01 6.9191024681e+01
1.4701060467e+00 2.7280764373e-01 7.8203776466e+01
1.4930862426e+00 2.7734248254e-01 7.6651174188e+01
1.4775690855e+00 2.7299828441e-01 7.8830648187e+01
1.5010859050e+00 2.7431981841e-01 8.0246683597e+01
1.5237151356e+00 2.7891968137e-01 7.8287440457e+01
1.5373463501e+00 2.8397430852e-01 7.5554223768e+01
1.5169849629e+00 2.7610396125e-01 8.0288236411e+01
1.5060568706e+00 2.7568994608e-01 7.9414507550e+01
1.5033760949e+00 2.7202962845e-01 8.3638951400e+01
1.4788874907e+00 2.7032841775e-01 8.1987731721e+01
1.4763418344e+00 2.8414687684e-01 7.1106965919e+01
1.4871365242e+00 2.7380360108e-01 7.9122720780e+01
1.5105196368e+00 2.7712208180e-01 7.8538281315e+01
1.5153096335e+00 2.8459606174e-01 7.3471715656e+01
1.4625010951e+00 2.7636517518e-01 7.4749195028e+01
1.5391650601e+00 2.7759215516e-01 8.1491120555e+01
1.4738137588e+00 2.8126099468e-01 7.2529534762e+01
1.5159643818e+00 2.8166809845e-01 7.5427311870e+01
1.5002793331e+00 2.7603179931e-01 7.8454692681e+01
1.5335603239e+00 2.8913011168e-01 7.2099670255e+01
1.4872549465e+00 2.9857226484e-01 6.5371953536e+01
1.5071822411e+00 2.7819143941e-01 7.7281743419e+01
1.4942140008e+00 2.7802400301e-01 7.6229882959e+01
1.4885225442e+00 2.7422362276e-01 7.8872390662e+01
1.4996237479e+00 2.7623466073e-01 7.8203776466e+01
1.4778939237e+00 2.7312401073e-01 7.8747145195e+01
1.5615234043e+00 2.8358857787e-01 7.7994504389e+01
1.5099421672e+00 2.8133040799e-01 7.5173267951e+01
1.4711356608e+00 2.7582858513e-01 7.5850071354e+01
1.5188915308e+00 2.8647378583e-01 7.2615385143e+01
1.4789823821e+00 2.7564145925e-01 7.6693262514e+01
1.4745920461e+00 2.7507431082e-01 7.6735343529e+01
1.4818493605e+00 2.7412733327e-01 7.8245611639e+01
1.5039632753e+00 2.7461205277e-01 8.0288236411e+01
1.5156710775e+00 2.7696370194e-01 7.9247806762e+01
1.5078491229e+00 2.7253825372e-01 8.3638951400e+01
1.4889786631e+00 2.7602592361e-01 7.7323724844e+01
1.5190785883e+00 2.8264636826e-01 7.5003739865e+01
1.4846854739e+00 2.7625465138e-01 7.6735343529e+01
1.5003827049e+00 2.7819262308e-01 7.6651174188e+01
1.4982103441e+00 2.7402765977e-01 8.0205125602e+01
1.4690472421e+00 2.8152012788e-01 7.2056626897e+01
1.5110648672e+00 2.8202405696e-01 7.4791640439e+01
1.4873717533e+00 2.7808463307e-01 7.5596511614e+01
1.4965445733e+00 2.8520224331e-01 7.1841252357e+01
1.4942986002e+00 2.9969872850e-01 6.5281814686e+01
1.4753030087e+00 2.7526436124e-01 7.6651174188e+01
1.4969546633e+00 2.7980923133e-01 7.5173267951e+01
1.4901472758e+00 2.7621282538e-01 7.7281743419e+01
1.4657838045e+00 2.7263294613e-01 7.7910750187e+01
1.5438528198e+00 2.8889312855e-01 7.2915546096e+01
1.5042319950e+00 2.7479628751e-01 8.0121993975e+01
1.5211279713e+00 2.8742466889e-01 7.2228737805e+01
1.5297175850e+00 2.8339162423e-01 7.5342663360e+01
1.5305827113e+00 2.7796992887e-01 7.9955667504e+01
1.5061943048e+00 2.7509932673e-01 8.0038841340e+01
1.4897562399e+00 2.7253835874e-01 8.0786474719e+01
1.4840725942e+00 2.7370844337e-01 7.8872390662e+01
1.4976751534e+00 2.8090017466e-01 7.4494341492e+01
1.4913261372e+00 2.7819817971e-01 7.5850071354e+01
1.5023996717e+00 2.7753463508e-01 7.7365699350e+01
1.5193546912e+00 2.7827778906e-01 7.8412889032e+01
1.5354540502e+00 2.8130316509e-01 7.7407666966e+01
1.5124057833e+00 2.7932082163e-01 7.6861542972e+01
1.4781488957e+00 2.7512244074e-01 7.7029708145e+01
1.4555329170e+00 3.0269930311e-01 6.2545559975e+01
1.4761949204e+00 2.7212020705e-01 7.9539473606e+01
1.4852352042e+00 2.8022118218e-01 7.3983683510e+01
1.5370506156e+00 2.8700994008e-01 7.3557136760e+01
1.5365930468e+00 2.8244541314e-01 7.6609078524e+01
1.4832262637e+00 2.7500595642e-01 7.7617402571e+01
1.4859227821e+00 2.7366321691e-01 7.9122720780e+01
1.4576249559e+00 2.7046354134e-01 7.9039301002e+01
1.4968922641e+00 2.8349511256e-01 7.2829835522e+01
1.5334508777e+00 2.7874671200e-01 7.9497823876e+01
1.5150378488e+00 2.7941373969e-01 7.7029708145e+01
1.4856512802e+00 2.7574029759e-01 7.7239755051e+01
1.5004292804e+00 2.8630510782e-01 7.1496098411e+01
1.4724910264e+00 2.7717533060e-01 7.5003739865e+01
1.4878372667e+00 2.7716732007e-01 7.6314201186e+01
1.4808341201e+00 2.8100894886e-01 7.3172442467e+01
1.4894042456e+00 2.8012007129e-01 7.4366797030e+01
1.5136224806e+00 2.7583435930e-01 8.0163562403e+01
1.4860366470e+00 2.8213134630e-01 7.2872695748e+01
1.5151357407e+00 2.7432109917e-01 8.2194472172e+01
1.5049927561e+00 2.7856718516e-01 7.6777417260e+01
1.4986718906e+00 2.7492347646e-01 7.9331168577e+01
1.5387338268e+00 2.7939202077e-01 7.9456168532e+01
1.5179524818e+00 2.7559062544e-01 8.0993864557e+01
1.4606258128e+00 2.7419617520e-01 7.6145534310e+01
1.4594903625e+00 2.6904676256e-01 8.0786474719e+01
1.4970279233e+00 2.8018877196e-01 7.4918925507e+01
1.4944557629e+00 2.8185536948e-01 7.3642520295e+01
1.4949023540e+00 2.7914554437e-01 7.5469623924e+01
1.5060359997e+00 2.7707060277e-01 7.8120086953e+01
1.4861764716e+00 2.7205574851e-01 8.0869445111e+01
1.5273448709e+00 2.8257433868e-01 7.5723327176e+01
1.5238108123e+00 2.7427623433e-01 8.3762562043e+01
1.5000181354e+00 2.8853106704e-01 7.0325956512e+01
1.4813214428e+00 2.7691077728e-01 7.5934528179e+01
1.5219867506e+00 2.8292338703e-01 7.5046134423e+01
1.5125201522e+00 2.8284007092e-01 7.4366797030e+01
1.4637951646e+00 2.6743454207e-01 8.3762562043e+01
1.5027753982e+00 2.8895120669e-01 7.0282456804e+01
1.5398201156e+00 2.8150054298e-01 7.7659329379e+01
1.5027442994e+00 2.7220877721e-01 8.3226697801e+01
1.4934265502e+00 2.7519351240e-01 7.8496490101e+01
1.4911903979e+00 2.7969058922e-01 7.4791640439e+01
1.4909159545e+00 2.7725203875e-01 7.6524865077e+01
1.5021871164e+00 2.7593529559e-01 7.8747145195e+01
1.4669442626e+00 2.7057356483e-01 8.0038841340e+01
1.5133416174e+00 2.7656909877e-01 7.9372840907e+01
1.4909809589e+00 2.7312014429e-01 8.0288236411e+01
1.4859552691e+00 2.8176069333e-01 7.3086849324e+01
1.4902594266e+00 2.7519695979e-01 7.8161934912e+01
1.5189693437e+00 2.7729966733e-01 7.9289490537e+01
1.5639158725e+00 2.8073761430e-01 8.1076787034e+01
1.4862373843e+00 2.7560568463e-01 7.7407666966e+01
1.5069416499e+00 2.8660145736e-01 7.1755028325e+01
1.5055585020e+00 2.7664153820e-01 7.8454692681e+01
1.4567052152e+00 2.7138328208e-01 7.8078232563e+01
1.5365282647e+00 2.8387939992e-01 7.5554223768e+01
1.5175915965e+00 2.7640573223e-01 8.0038841340e+01
1.4902835504e+00 2.7607655079e-01 7.7407666966e+01
1.4914850952e+00 2.8030053123e-01 7.4409320646e+01
1.5242578630e+00 2.7701222079e-01 8.0205125602e+01
1.5143906816e+00 2.9097463496e-01 6.9977625389e+01
1.4674757248e+00 2.9843249965e-01 6.4512959601e+01
1.5057173825e+00 2.7512310238e-01 7.9955667504e+01
1.4616742939e+00 2.7944015584e-01 7.2744085313e+01
1.4911560135e+00 2.9059080316e-01 6.8840112753e+01
1.5431001592e+00 2.8370166619e-01 7.6229882959e+01
1.4774903562e+00 2.8615906300e-01 7.0151886504e+01
1.5108055777e+00 2.7275436364e-01 8.3844952912e+01
1.5114959967e+00 2.7705320576e-01 7.8705384629e+01
1.4675742600e+00 2.7893976946e-01 7.3471715656e+01
1.5344497147e+00 2.7911536167e-01 7.9247806762e+01
1.5316150275e+00 2.8514218775e-01 7.4324264582e+01
1.5222506885e+00 2.7856456084e-01 7.8454692681e+01
1.5208322112e+00 2.7361937736e-01 8.4339036016e+01
1.4903150808e+00 2.8192292307e-01 7.3300759781e+01
1.5109002316e+00 2.7492697975e-01 8.0827962340e+01
1.4860828868e+00 2.8163307562e-01 7.3172442467e+01
1.5296943710e+00 2.9299606456e-01 6.9890422465e+01
1.4886077016e+00 2.7459007215e-01 7.8538281315e+01
1.4902074792e+00 2.8565092946e-01 7.1193517300e+01
1.4966947213e+00 2.7871100212e-01 7.5934528179e+01
1.4445182516e+00 2.6789275365e-01 8.0121993975e+01
1.4565561252e+00 2.7422472083e-01 7.5765583130e+01
1.4891004813e+00 2.7725961985e-01 7.6356348960e+01
1.4991670878e+00 2.8575310031e-01 7.1711900276e+01
1.4985342955e+00 2.7551360286e-01 7.8747145195e+01
1.5044603651e+00 2.7185076728e-01 8.4174390402e+01
1.4966585841e+00 2.7965254831e-01 7.5257982128e+01
1.4949255139e+00 2.8500879287e-01 7.1841252357e+01
1.5131884897e+00 2.7990043447e-01 7.6482747241e+01
1.4990813048e+00 2.7360911490e-01 8.0786474719e+01
1.4909517566e+00 2.7450462970e-01 7.8872390662e+01
1.5582327557e+00 2.8550385422e-01 7.6187712450e+01
1.5188430256e+00 2.7878945464e-01 7.7910750187e+01
1.5152287394e+00 2.8058585849e-01 7.6145534310e+01
1.5008154047e+00 2.7413767187e-01 8.0412864007e+01
1.5052502735e+00 2.7468403334e-01 8.0371326592e+01
1.5122171808e+00 2.7497085338e-01 8.0952396196e+01
1.4793116960e+00 2.8885629725e-01 6.8971801420e+01
1.4993374771e+00 2.7471042125e-01 7.9622756324e+01
1.4969897630e+00 2.7660560400e-01 7.7617402571e+01
1.4677887911e+00 2.6972903628e-01 8.1118241196e+01
1.5106822359e+00 2.7695948265e-01 7.8705384629e+01
1.4884831698e+00 2.7426299721e-01 7.8830648187e+01
1.5202989095e+00 2.7960678577e-01 7.7365699350e+01
1.4846582781e+00 2.7583043319e-01 7.7071731622e+01
1.5080384192e+00 2.7688176895e-01 7.8496490101e+01
1.4743879596e+00 2.8294193418e-01 7.1625611953e+01
1.5089636058e+00 2.8049323412e-01 7.5681063290e+01
1.5117560536e+00 3.0454502728e-01 6.4331341824e+01
1.4396920085e+00 2.7316626385e-01 7.5088520605e+01
1.5315930839e+00 2.8242789767e-01 7.6187712450e+01
1.5188257185e+00 2.7290088644e-01 8.5367064106e+01
1.5382754482e+00 2.9081181663e-01 7.1496098411e+01
1.5434376484e+00 2.8290720346e-01 7.6861542972e+01
1.4465555475e+00 2.6809218253e-01 8.0163562403e+01
1.4875297371e+00 2.8289898802e-01 7.2529534762e+01
1.5388356038e+00 2.7974653089e-01 7.9122720780e+01
1.4907879221e+00 2.8054536540e-01 7.4196613947e+01
1.5248988859e+00 2.7728098174e-01 7.9997257084e+01
1.5156458555e+00 2.7789725180e-01 7.8371079129e+01
1.4956515635e+00 2.7161240667e-01 8.2896642113e+01
1.4919415953e+00 2.7577436713e-01 7.7826969754e+01
1.5351209185e+00 2.7981198829e-01 7.8663617982e+01
1.5087932956e+00 2.7884842297e-01 7.6903595008e+01
1.5072365757e+00 2.8176642633e-01 7.4664278454e+01
1.4719738665e+00 2.7048995565e-01 8.0786474719e+01
1.4926812492e+00 2.7729525251e-01 7.6651174188e+01
1.5060176458e+00 2.7890254230e-01 7.6609078524e+01
1.4877876196e+00 2.7766876669e-01 7.5934528179e+01
1.4693703599e+00 2.6769806407e-01 8.4462489380e+01
1.5186226507e+00 2.7900982955e-01 7.7701249475e+01
1.5257550201e+00 2.7596993650e-01 8.1615332242e+01
1.4886646213e+00 2.7588820433e-01 7.7407666966e+01
1.4941445613e+00 2.8035590693e-01 7.4579327351e+01
1.4898417699e+00 2.8828064205e-01 6.9846802787e+01
1.5110282885e+00 2.8115238443e-01 7.5384991691e+01
1.4983864231e+00 2.8426687906e-01 7.2486594398e+01
1.5058814373e+00 2.8811589145e-01 7.0890391015e+01
1.4786414811e+00 2.8139585476e-01 7.2786965387e+01
1.4589928133e+00 2.6909568396e-01 8.0661982523e+01
1.5221363376e+00 2.9006125210e-01 7.0890391015e+01
1.5093058862e+00 2.7561430194e-01 7.9872472277e+01
1.4828741283e+00 2.8891149811e-01 6.9147205641e+01
1.5021603993e+00 2.8412038128e-01 7.2829835522e+01
1.5263833114e+00 2.8216932879e-01 7.5934528179e+01
1.4831712807e+00 2.7776884456e-01 7.5469623924e+01
1.5107169239e+00 2.8282618340e-01 7.4239173069e+01
1.5056467980e+00 2.8290240452e-01 7.3813175613e+01
1.5103787640e+00 2.7635562418e-01 7.9247806762e+01
1.4824084565e+00 2.7176451127e-01 8.0703484835e+01
1.5433163408e+00 2.7983076332e-01 7.9539473606e+01
1.5051823876e+00 2.7475191919e-01 8.0288236411e+01
1.4864167106e+00 2.7678106316e-01 7.6482747241e+01
1.4457582720e+00 2.8502257403e-01 6.8840112753e+01
1.5268013228e+00 2.7628848173e-01 8.1366868568e+01
1.4846694101e+00 2.7943169305e-01 7.4451835457e+01
1.5145060904e+00 2.7585854042e-01 8.0246683597e+01
1.4802890419e+00 2.7568765189e-01 7.6777417260e+01
1.4943991678e+00 2.7512514911e-01 7.8663617982e+01
1.5222489516e+00 2.9359603309e-01 6.9191024681e+01
1.5253791791e+00 2.7452651615e-01 8.3638951400e+01
1.4502401483e+00 2.7336420676e-01 7.5850071354e+01
1.5005463058e+00 2.7757610623e-01 7.7155757380e+01
1.4967654304e+00 2.7682993663e-01 7.7407666966e+01
1.4760118694e+00 2.7680870942e-01 7.5554223768e+01
1.4665127065e+00 2.7820084383e-01 7.3855816334e+01
1.5202203361e+00 2.8924331209e-01 7.1193517300e+01
1.5030616576e+00 2.7551367038e-01 7.9247806762e+01
1.4818008995e+00 2.8049369922e-01 7.3557136760e+01
1.5156569317e+00 2.7561564347e-01 8.0661982523e+01
1.5284866882e+00 2.7961050528e-01 7.8161934912e+01
1.4828741283e+00 2.8891149811e-01 6.9147205641e+01
1.5066888728e+00 2.7959190776e-01 7.6145534310e+01
1.5041805279e+00 2.7847277424e-01 7.6777417260e+01
1.4704870951e+00 2.7422645524e-01 7.7029708145e+01
1.5451964498e+00 2.7932088890e-01 8.0288236411e+01
1.5114557101e+00 2.8345017652e-01 7.3898447871e+01
1.5323077482e+00 2.8262515855e-01 7.6103348511e+01
1.5203055084e+00 2.8187435920e-01 7.5638791445e+01
1.4950884279e+00 2.7534029724e-01 7.8538281315e+01
1.4908904375e+00 2.8813784501e-01 6.9977625389e+01
1.4854939903e+00 2.7634907863e-01 7.6735343529e+01
1.4868902488e+00 2.8444303870e-01 7.1625611953e+01
1.4850602686e+00 2.8672535776e-01 7.0325956512e+01
1.4848789925e+00 2.7019576105e-01 8.3185453415e+01
1.4983696845e+00 2.8111159097e-01 7.4409320646e+01
1.4935154270e+00 2.8596584847e-01 7.1236776285e+01
1.5128032202e+00 2.7211696793e-01 8.5613556038e+01
1.4652525359e+00 2.7271473371e-01 7.7785069637e+01
1.4862825583e+00 2.8731280875e-01 7.0108339229e+01
1.5020050520e+00 2.8064825016e-01 7.5003739865e+01
1.4786479822e+00 2.7642677134e-01 7.6061155025e+01
1.4812068734e+00 2.7883046249e-01 7.4579327351e+01
1.5033777759e+00 2.7338611871e-01 8.1656727290e+01
1.5082565749e+00 2.7394346529e-01 8.1656727290e+01
1.5339255639e+00 2.7827202580e-01 8.0038841340e+01
1.4997531584e+00 2.8063421818e-01 7.4834077304e+01
1.4784503573e+00 2.7391950242e-01 7.8078232563e+01
1.5243311923e+00 2.8012380468e-01 7.7323724844e+01
1.5006849191e+00 2.7698461530e-01 7.7659329379e+01
1.4653562355e+00 2.7216159196e-01 7.8287440457e+01
1.5168567868e+00 2.8623301773e-01 7.2615385143e+01
1.5176205451e+00 2.7864846590e-01 7.7910750187e+01
1.4817667914e+00 2.7736790939e-01 7.5638791445e+01
1.4894836757e+00 2.7010232332e-01 8.4256719157e+01
1.5018203391e+00 2.7630207286e-01 7.8371079129e+01
1.4909422822e+00 2.8582161239e-01 7.1150247189e+01
1.5138038179e+00 2.7429162340e-01 8.2029088124e+01
1.5057394753e+00 2.7782046596e-01 7.7449627715e+01
1.4975986268e+00 2.7916526782e-01 7.5681063290e+01
1.4959546563e+00 2.7673576340e-01 7.7407666966e+01
1.5016237211e+00 2.7785755436e-01 7.7029708145e+01
1.4733276927e+00 2.7678915146e-01 7.5342663360e+01
1.5230954341e+00 2.8454635096e-01 7.4068882767e+01
1.4940858124e+00 2.7363015003e-01 8.0121993975e+01
1.5467765829e+00 2.8185351782e-01 7.8036371717e+01
1.4852767649e+00 2.8063145957e-01 7.3727866500e+01
1.5101864764e+00 2.7745524212e-01 7.8203776466e+01
1.4940288059e+00 2.7278321048e-01 8.1076787034e+01
1.5097007212e+00 2.7658005936e-01 7.8955857695e+01
1.5366849378e+00 2.8463572076e-01 7.5046134423e+01
1.5284242465e+00 2.8240620048e-01 7.5934528179e+01
1.4616047336e+00 2.9347001991e-01 6.6090755901e+01
1.4650903357e+00 2.7692365694e-01 7.4579327351e+01
1.4952814264e+00 2.8419984900e-01 7.2314731052e+01
1.5061457736e+00 2.7786754488e-01 7.7449627715e+01
1.5150908264e+00 2.8436014926e-01 7.3599833208e+01
1.5341553197e+00 2.7849806069e-01 7.9830866582e+01
1.4961592278e+00 2.7065278861e-01 8.4668187983e+01
1.5178343236e+00 2.7616300513e-01 8.0329784068e+01
1.5050146384e+00 2.7310777357e-01 8.2277139574e+01
1.5651823160e+00 2.8497562135e-01 7.7197759713e+01
1.5095843378e+00 2.7261570234e-01 8.3844952912e+01
1.5254916048e+00 2.7577847903e-01 8.1822263856e+01
1.4847499015e+00 2.8839297258e-01 6.9497403504e+01
1.4866591001e+00 2.7653867367e-01 7.6693262514e+01
1.4709818782e+00 2.7193181217e-01 7.9122720780e+01
1.5149074565e+00 2.7545717431e-01 8.0744982225e+01
1.4859750984e+00 2.7451361289e-01 7.8329262945e+01
1.5110629264e+00 2.7385726169e-01 8.2194472172e+01
1.5382864357e+00 2.7938316294e-01 7.9414507550e+01
1.4995539487e+00 2.7449394973e-01 7.9872472277e+01
1.5015283062e+00 2.8248501232e-01 7.3770525678e+01
1.5133682785e+00 2.7745030527e-01 7.8538281315e+01
1.4795462466e+00 2.7462672111e-01 7.7575469027e+01
1.4987094823e+00 2.7488588467e-01 7.9372840907e+01
1.4839428556e+00 2.8377310690e-01 7.1798145674e+01
1.4840669639e+00 2.7597037193e-01 7.6903595008e+01
1.4868105567e+00 2.8633231743e-01 7.0630125868e+01
1.5154310918e+00 2.8038350609e-01 7.6314201186e+01
1.5298866479e+00 2.8869548671e-01 7.2099670255e+01
1.5432029462e+00 2.7994415790e-01 7.9414507550e+01
1.5177924800e+00 2.7575062723e-01 8.0786474719e+01
1.4913369949e+00 2.7411939146e-01 7.9289490537e+01
1.5006712736e+00 2.7654542171e-01 7.8036371717e+01
1.4945413256e+00 2.7995914261e-01 7.4876505650e+01
1.4851249045e+00 2.8937556376e-01 6.9059529216e+01
1.5133655832e+00 2.8472146342e-01 7.3257996956e+01
1.4793797810e+00 2.8020621800e-01 7.3557136760e+01
1.5070487705e+00 2.7787141759e-01 7.7533528720e+01
1.4929771603e+00 2.7473880215e-01 7.8872390662e+01
1.5265401901e+00 2.7791480692e-01 7.9539473606e+01
1.5003615435e+00 2.8002583308e-01 7.5300326848e+01
1.5211507021e+00 2.8239412834e-01 7.5342663360e+01
1.4941137647e+00 2.7495840582e-01 7.8788899706e+01
1.5220850023e+00 2.8054981463e-01 7.6777417260e+01
1.5090306960e+00 2.9087499921e-01 6.9715870468e+01
1.5245260496e+00 2.7719890700e-01 8.0038841340e+01
1.4891342233e+00 2.7677400123e-01 7.6735343529e+01
1.4789408386e+00 2.7703585519e-01 7.5638791445e+01
1.5067205623e+00 2.7321374455e-01 8.2401110412e+01
1.4975540280e+00 2.7513639175e-01 7.8997582302e+01
1.4591178399e+00 2.7390769720e-01 7.6229882959e+01
1.5109578947e+00 2.7441578584e-01 8.1449707735e+01
1.4893493793e+00 2.7204219850e-01 8.1325442176e+01
1.4700210626e+00 2.7019399924e-01 8.0869445111e+01
1.4623007669e+00 2.7162291812e-01 7.8454692681e+01
1.5095592327e+00 2.8216737220e-01 7.4579327351e+01
1.4937461203e+00 2.7261398091e-01 8.1242575657e+01
1.5118560729e+00 2.7760076696e-01 7.8245611639e+01
1.5152887891e+00 2.7371421294e-01 8.3102953976e+01
1.4572080869e+00 2.7357275922e-01 7.6314201186e+01
1.4836265734e+00 2.8273352783e-01 7.2357712234e+01
1.4587922955e+00 2.7064220147e-01 7.8997582302e+01
1.5136350807e+00 2.7355295350e-01 8.3061698879e+01
1.5327856134e+00 2.7986776696e-01 7.8371079129e+01
1.5137430377e+00 2.7980006958e-01 7.6609078524e+01
1.5093817409e+00 2.8870530580e-01 7.0803681768e+01
1.5399106484e+00 2.9100565357e-01 7.1496098411e+01
1.4884256320e+00 2.9286799953e-01 6.7693789341e+01
1.4740601107e+00 2.7785906866e-01 7.4664278454e+01
1.5342143759e+00 2.9167354053e-01 7.0803681768e+01
1.5471147568e+00 2.8883453826e-01 7.3172442467e+01
1.5219284623e+00 2.7934162153e-01 7.7743162886e+01
1.5037999608e+00 2.8248081977e-01 7.3941070253e+01
1.4949388718e+00 2.8454240365e-01 7.2099670255e+01
1.5258562567e+00 2.7723354787e-01 8.0163562403e+01
1.4882147698e+00 2.7588633340e-01 7.7365699350e+01
1.5172889914e+00 2.7625411587e-01 8.0163562403e+01
1.5328632168e+00 2.8206968998e-01 7.6566975496e+01
1.4801038123e+00 2.8535257401e-01 7.0716926810e+01
1.4796971814e+00 2.8350059243e-01 7.1668761497e+01
1.5064592841e+00 2.7528753255e-01 7.9872472277e+01
1.5120929492e+00 2.7781776702e-01 7.8078232563e+01
1.5076516093e+00 2.7999010925e-01 7.5934528179e+01
1.4855319328e+00 2.7405406620e-01 7.8705384629e+01
1.5044551387e+00 2.7593223795e-01 7.8997582302e+01
1.5234533697e+00 2.8555475535e-01 7.3471715656e+01
1.5073435226e+00 2.7530977952e-01 7.9955667504e+01
1.4894467631e+00 2.7826919935e-01 7.5638791445e+01
1.5337263683e+00 2.7801546898e-01 8.0288236411e+01
1.5095268876e+00 2.7630032380e-01 7.9206117227e+01
1.4961792133e+00 2.7289295722e-01 8.1242575657e+01
1.5136348729e+00 2.7809173198e-01 7.7994504389e+01
1.5252629821e+00 2.8192343275e-01 7.6018953826e+01
1.4961342964e+00 2.7881878014e-01 7.5807831180e+01
1.5021696671e+00 2.7776463968e-01 7.7155757380e+01
1.5232845874e+00 2.7935022958e-01 7.7868863262e+01
1.5501905056e+00 2.7981120159e-01 8.0371326592e+01
1.5350092528e+00 2.7673258444e-01 8.1987731721e+01
1.4845631537e+00 2.7276674008e-01 7.9872472277e+01
1.5026563387e+00 2.8135697984e-01 7.4579327351e+01
1.5232253522e+00 2.7440712808e-01 8.3432867286e+01
1.5016726964e+00 2.7690263166e-01 7.7826969754e+01
1.5387338268e+00 2.7939202077e-01 7.9456168532e+01
1.5177804049e+00 2.8439946274e-01 7.3770525678e+01
1.5063661530e+00 2.7311512247e-01 8.2483737725e+01
1.5195264451e+00 2.7901520623e-01 7.7785069637e+01
1.5046345870e+00 2.7847201555e-01 7.6819483732e+01
1.5025736661e+00 2.8506805247e-01 7.2314731052e+01
1.5295575861e+00 2.7945053894e-01 7.8412889032e+01
1.5236319192e+00 2.7627377607e-01 8.0952396196e+01
1.5067153030e+00 2.7276597244e-01 8.3061698879e+01
1.5545509114e+00 2.8735240081e-01 7.4621807233e+01
1.4343478744e+00 2.6644786326e-01 8.0412864007e+01
1.4951976096e+00 2.7387456087e-01 7.9997257084e+01
1.4817921973e+00 2.8547177289e-01 7.0760310020e+01
1.5343438030e+00 2.8423833165e-01 7.5130898438e+01
1.4728523140e+00 2.7276139852e-01 7.8538281315e+01
1.4903150808e+00 2.8192292307e-01 7.3300759781e+01
1.5152802351e+00 2.7780868910e-01 7.8412889032e+01
1.5164420343e+00 2.8573783331e-01 7.2872695748e+01
1.4861839245e+00 2.8288824602e-01 7.2443643876e+01
1.4960897203e+00 2.7660069947e-01 7.7533528720e+01
1.5083142096e+00 2.7978123171e-01 7.6145534310e+01
1.5090422683e+00 2.8677232964e-01 7.1798145674e+01
1.4882238967e+00 2.7181343917e-01 8.1449707735e+01
1.4855351032e+00 2.7946948357e-01 7.4494341492e+01
1.5049392507e+00 2.7590123413e-01 7.9081013820e+01
1.5324528257e+00 2.8111225059e-01 7.7281743419e+01
1.4882073757e+00 2.7092732510e-01 8.2648945375e+01
1.5119227434e+00 2.7889584039e-01 7.7155757380e+01
1.4737273834e+00 2.7143622872e-01 7.9955667504e+01
1.4971000322e+00 2.7875837646e-01 7.5934528179e+01
1.5013045701e+00 2.8044224656e-01 7.5088520605e+01
1.5431312490e+00 2.8458463790e-01 7.5596511614e+01
1.5284007447e+00 2.7969644875e-01 7.8078232563e+01
1.4565186086e+00 2.8369645316e-01 7.0108339229e+01
1.4931010618e+00 2.8004181237e-01 7.4706741043e+01
1.5251638793e+00 2.7747093767e-01 7.9830866582e+01
1.5125223182e+00 2.7965835475e-01 7.6609078524e+01
1.5181840214e+00 2.9446935895e-01 6.8576382628e+01
1.5062700309e+00 2.9590983669e-01 6.7339198059e+01
1.4989583887e+00 2.7327961516e-01 8.1159690671e+01
1.4476332749e+00 2.7955808330e-01 7.1711900276e+01
1.5051488964e+00 2.8158549181e-01 7.4621807233e+01
1.4994398494e+00 2.8230696728e-01 7.3727866500e+01
1.5175143379e+00 2.7830026001e-01 7.8203776466e+01
1.4906084747e+00 2.7710748774e-01 7.6609078524e+01
1.4893966769e+00 2.8057982486e-01 7.4068882767e+01
1.4767446777e+00 2.8419544760e-01 7.1106965919e+01
1.5048082452e+00 2.7965848888e-01 7.5934528179e+01
1.5227914188e+00 2.7756903437e-01 7.9456168532e+01
1.5061460517e+00 2.7424132496e-01 8.0993864557e+01
1.5281935793e+00 2.8309254370e-01 7.5427311870e+01
1.4985207232e+00 2.7869597203e-01 7.6103348511e+01
1.4899663647e+00 2.7277980230e-01 8.0537445831e+01
1.4973044554e+00 2.7855395324e-01 7.6103348511e+01
1.5037672567e+00 2.7526102584e-01 7.9581117748e+01
1.4711273541e+00 2.7808855438e-01 7.4281723271e+01
1.4617581809e+00 2.6857384337e-01 8.1698117953e+01
1.4497847558e+00 2.6933934245e-01 7.9247806762e+01
1.4925631405e+00 2.7696117639e-01 7.6903595008e+01
1.5247691404e+00 2.7923075419e-01 7.8120086953e+01
1.5007127543e+00 2.8012773055e-01 7.5257982128e+01
1.5048791818e+00 2.7324323015e-01 8.2070440348e+01
1.5174801381e+00 2.8834039567e-01 7.1496098411e+01
1.5170572224e+00 2.8603258218e-01 7.2744085313e+01
1.4997647114e+00 2.7428318702e-01 8.0121993975e+01
1.5024081027e+00 3.0022671426e-01 6.5462027424e+01
1.4935516666e+00 2.8230674206e-01 7.3300759781e+01
1.5124169903e+00 2.7613221223e-01 7.9706016880e+01
1.4879528031e+00 2.7343877477e-01 7.9581117748e+01
1.5230628607e+00 2.9369435458e-01 6.9191024681e+01
1.4748053984e+00 2.8072030595e-01 7.2915546096e+01
1.5050893887e+00 2.8209864548e-01 7.4281723271e+01
1.5417367623e+00 2.7684537230e-01 8.2896642113e+01
1.4732925423e+00 2.8764758297e-01 6.9191024681e+01
1.5026228486e+00 2.7957719158e-01 7.5807831180e+01
1.5019510080e+00 2.8387620335e-01 7.2958386597e+01
1.5076890377e+00 2.9221665753e-01 6.9015671758e+01
1.5509900334e+00 2.8495926164e-01 7.5976744886e+01
1.4920879060e+00 2.7517606420e-01 7.8371079129e+01
1.4781486277e+00 2.7827909412e-01 7.4706741043e+01
1.5115215986e+00 2.7838911757e-01 7.7533528720e+01
1.4643964584e+00 2.7087473928e-01 7.9414507550e+01
1.5179608782e+00 2.8012616843e-01 7.6735343529e+01
1.5275965722e+00 2.8050062133e-01 7.7323724844e+01
1.5280782324e+00 2.7956355267e-01 7.8161934912e+01
1.4808928118e+00 2.7508388199e-01 7.7323724844e+01
1.4810828457e+00 2.7399190784e-01 7.8287440457e+01
1.5037590907e+00 2.7572218472e-01 7.9122720780e+01
1.5194963374e+00 2.8313847956e-01 7.4706741043e+01
1.5230925936e+00 2.9184031320e-01 7.0064779975e+01
1.5076829969e+00 2.7587694440e-01 7.9414507550e+01
1.5500654807e+00 2.8313797448e-01 7.7281743419e+01
1.4863177679e+00 2.8320654897e-01 7.2271739586e+01
1.4679141473e+00 2.7544944999e-01 7.5850071354e+01
1.5287815478e+00 2.7886023727e-01 7.8872390662e+01
1.5035247765e+00 2.7595649889e-01 7.8872390662e+01
1.4892856163e+00 2.7075171952e-01 8.3102953976e+01
1.4778378968e+00 2.7498268200e-01 7.7113748025e+01
1.4797440243e+00 2.7307655454e-01 7.8997582302e+01
1.5104085735e+00 2.7360474501e-01 8.2442426045e+01
1.5242385213e+00 2.8021647563e-01 7.7239755051e+01
1.5035683940e+00 2.7636591278e-01 7.8496490101e+01
1.5472276918e+00 2.8048819507e-01 7.9331168577e+01
1.5097234380e+00 2.7519675017e-01 8.0371326592e+01
1.4975959098e+00 2.7418971664e-01 7.9955667504e+01
1.5029179824e+00 2.7520442956e-01 7.9539473606e+01
1.4367789351e+00 2.6669490963e-01 8.0454396336e+01
1.5293162336e+00 2.8652875101e-01 7.3300759781e+01
1.5197110261e+00 2.7928526825e-01 7.7575469027e+01
1.4891541909e+00 2.7765782548e-01 7.6061155025e+01
1.5483510932e+00 2.8165061401e-01 7.8371079129e+01
1.4978958809e+00 2.7343740661e-01 8.0827962340e+01
1.4834252867e+00 2.7210041770e-01 8.0454396336e+01
1.4994059292e+00 2.7781076612e-01 7.6861542972e+01
1.4758929915e+00 2.7017086016e-01 8.1739504252e+01
1.5157417606e+00 2.8507348869e-01 7.3215224529e+01
1.4980417428e+00 2.8370507380e-01 7.2786965387e+01
1.5358713829e+00 2.8362344039e-01 7.5681063290e+01
1.5015436473e+00 2.8065639283e-01 7.4961336903e+01
1.4731345009e+00 2.7382974497e-01 7.7617402571e+01
1.4966295300e+00 2.7922887865e-01 7.5554223768e+01
1.5207885392e+00 2.8002671013e-01 7.7071731622e+01
1.5175535255e+00 2.8007895481e-01 7.6735343529e+01
1.4661164830e+00 2.7095194095e-01 7.9539473606e+01
1.4603759210e+00 2.8523779153e-01 6.9584827470e+01
1.4860828868e+00 2.8163307562e-01 7.3172442467e+01
1.5148730003e+00 2.7776177911e-01 7.8412889032e+01
1.4799560369e+00 2.7692275156e-01 7.5807831180e+01
1.5032354397e+00 2.7896460050e-01 7.6314201186e+01
1.5222463953e+00 2.7629525606e-01 8.0744982225e+01
1.5027437504e+00 2.7673752502e-01 7.8078232563e+01
1.5447700479e+00 2.8477441907e-01 7.5596511614e+01
1.5008120879e+00 2.7776324009e-01 7.7029708145e+01
1.5011113413e+00 2.7293655708e-01 8.1905006284e+01
1.5382885287e+00 2.8303212988e-01 7.6314201186e+01
1.4897405041e+00 2.7481232153e-01 7.8454692681e+01
1.4819449928e+00 2.7132634365e-01 8.1159690671e+01
1.5192260920e+00 2.7613413116e-01 8.0537445831e+01
1.5014970261e+00 2.7617250828e-01 7.8454692681e+01
1.4803645901e+00 2.7065334432e-01 8.1780886213e+01
1.4929393539e+00 2.7522863935e-01 7.8412889032e+01
1.5381824440e+00 2.8131237933e-01 7.7659329379e+01
1.4902662071e+00 2.7790178622e-01 7.5976744886e+01
1.5024734946e+00 2.7882013689e-01 7.6356348960e+01
1.4721240872e+00 2.8430363463e-01 7.0760310020e+01
1.5095020995e+00 2.7677868104e-01 7.8747145195e+01
1.4899435879e+00 2.7686842847e-01 7.6735343529e+01
1.5125958080e+00 2.7913079690e-01 7.7029708145e+01
1.5115667253e+00 2.8015987961e-01 7.6145534310e+01
1.4989335056e+00 2.8190697930e-01 7.3941070253e+01
1.4992848682e+00 2.8291517197e-01 7.3343513034e+01
1.4612727005e+00 2.7939203594e-01 7.2744085313e+01
1.4642291733e+00 2.7733502855e-01 7.4239173069e+01
1.4906242590e+00 2.7212190793e-01 8.1408290413e+01
1.5085977425e+00 2.7632244567e-01 7.9081013820e+01
1.4761840069e+00 2.8024371496e-01 7.3300759781e+01
1.5141771464e+00 2.7391829492e-01 8.2607649278e+01
1.5303760059e+00 2.7908764232e-01 7.8830648187e+01
1.4764271856e+00 2.7639339318e-01 7.5892303678e+01
1.5395723510e+00 2.8083531368e-01 7.8203776466e+01
1.4878918295e+00 2.8570353753e-01 7.1020369769e+01
1.5519766500e+00 2.8351490994e-01 7.7155757380e+01
1.5458048722e+00 2.8145396490e-01 7.8287440457e+01
1.5001571699e+00 2.7298570422e-01 8.1698117953e+01
1.4818757544e+00 2.9398265420e-01 6.6894664723e+01
1.4935132328e+00 2.7329878366e-01 8.0412864007e+01
1.4765251937e+00 2.7224030489e-01 7.9456168532e+01
1.5027009822e+00 2.7678029322e-01 7.8036371717e+01
1.4849465955e+00 2.9317581646e-01 6.7383571780e+01
1.5147433571e+00 2.8152565392e-01 7.5427311870e+01
1.4877177821e+00 2.8225871961e-01 7.2915546096e+01
1.5074101346e+00 2.7796354594e-01 7.7491581624e+01
1.5090222785e+00 2.7952692399e-01 7.6398489209e+01
1.5085030230e+00 2.7505691830e-01 8.0371326592e+01
1.5140813261e+00 2.8218768490e-01 7.4918925507e+01
1.5008668931e+00 2.7725551884e-01 7.7449627715e+01
1.5200735218e+00 2.7937745389e-01 7.7533528720e+01
1.5206193455e+00 2.7837694888e-01 7.8454692681e+01
1.5286279592e+00 2.8630494752e-01 7.3386256743e+01
1.5232344306e+00 2.8531820954e-01 7.3599833208e+01
1.5239610689e+00 2.7821879869e-01 7.8955857695e+01
1.4718666413e+00 2.8095393745e-01 7.2572465000e+01
1.5206038132e+00 2.7884716250e-01 7.8036371717e+01
1.4689817074e+00 2.7213274241e-01 7.8705384629e+01
1.4712596097e+00 2.7660518517e-01 7.5300326848e+01
1.5140813261e+00 2.8218768490e-01 7.4918925507e+01
1.4696196026e+00 2.7284421958e-01 7.8120086953e+01
1.5027133209e+00 2.8175341317e-01 7.4324264582e+01
1.5412294289e+00 2.7963471365e-01 7.9497823876e+01
1.4663977292e+00 2.7246854107e-01 7.8120086953e+01
1.5175538128e+00 2.7735207387e-01 7.9081013820e+01
1.4778870238e+00 2.7448283593e-01 7.7533528720e+01
1.5329089495e+00 2.7928864017e-01 7.8914127157e+01
1.4943157328e+00 2.8018473547e-01 7.4706741043e+01
1.5012818717e+00 2.8273144679e-01 7.3599833208e+01
1.5147409627e+00 2.7698564224e-01 7.9122720780e+01
1.4842765965e+00 2.7801800215e-01 7.5384991691e+01
1.4956380810e+00 2.7388623591e-01 8.0038841340e+01
1.5374193508e+00 2.8298831384e-01 7.6272045862e+01
1.4709555897e+00 2.7780990891e-01 7.4451835457e+01
1.5100130356e+00 2.7898996646e-01 7.6903595008e+01
1.5125303229e+00 2.8055860130e-01 7.5934528179e+01
1.5060265995e+00 2.7980061190e-01 7.5934528179e+01
1.4980906223e+00 2.7957891207e-01 7.5427311870e+01
1.5031900586e+00 2.9035304863e-01 6.9628520827e+01
1.5028885620e+00 2.8157817206e-01 7.4451835457e+01
1.5007034403e+00 2.9283966698e-01 6.8356243358e+01
1.4774382781e+00 2.7763647545e-01 7.5088520605e+01
1.5436477444e+00 2.7949935971e-01 7.9914072577e+01
1.4992912818e+00 2.8064302504e-01 7.4791640439e+01
1.4944222063e+00 2.7103418008e-01 8.3597741274e+01
1.5382754482e+00 2.9081181663e-01 7.1496098411e+01
1.5127875630e+00 2.7621543901e-01 7.9664389360e+01
1.4562877230e+00 2.8437701337e-01 6.9759526825e+01
1.5048646209e+00 2.8867848636e-01 7.0543278672e+01
1.5153086324e+00 2.8323301897e-01 7.4324264582e+01
1.5076966749e+00 2.8448399809e-01 7.3001217281e+01
1.4580391230e+00 2.7094666863e-01 7.8621845231e+01
1.4828343859e+00 2.7720294999e-01 7.5850071354e+01
1.4881836062e+00 2.8043645645e-01 7.4068882767e+01
1.5397000721e+00 2.8070759250e-01 7.8329262945e+01
1.5182079253e+00 2.8260732400e-01 7.4961336903e+01
1.4897546824e+00 2.7163689545e-01 8.1905006284e+01
1.4970479778e+00 2.7428530966e-01 7.9789255467e+01
1.4929377119e+00 2.7477825057e-01 7.8830648187e+01
1.5019555104e+00 2.7390289822e-01 8.0827962340e+01
1.4790009589e+00 2.7652474543e-01 7.6018953826e+01
1.4894309849e+00 2.9186264665e-01 6.8179890150e+01
1.4794725297e+00 2.8056480611e-01 7.3343513034e+01
1.5106088593e+00 2.7884798066e-01 7.7071731622e+01
1.4941706240e+00 2.8259327064e-01 7.3172442467e+01
1.4829537329e+00 2.8250265347e-01 7.2443643876e+01
1.5446617282e+00 2.8488273880e-01 7.5511927880e+01
1.5382734439e+00 2.8578711181e-01 7.4409320646e+01
1.5390571096e+00 2.8774471577e-01 7.3257996956e+01
1.5332978747e+00 2.8847933807e-01 7.2443643876e+01
1.4894172529e+00 2.7468385029e-01 7.8538281315e+01
1.5495224441e+00 2.8276603555e-01 7.7533528720e+01
1.4954009591e+00 2.9995926402e-01 6.5236720786e+01
1.5113659716e+00 2.8626650871e-01 7.2228737805e+01
1.5130398525e+00 2.7596314954e-01 7.9955667504e+01
1.5521720443e+00 2.8194653862e-01 7.8496490101e+01
1.4552780667e+00 2.6742992608e-01 8.2235807906e+01
1.5071024005e+00 2.7645754077e-01 7.8788899706e+01
1.4925753200e+00 2.7514064247e-01 7.8454692681e+01
1.4959775182e+00 2.7897555835e-01 7.5681063290e+01
1.5255854638e+00 2.7932467381e-01 7.8120086953e+01
1.5255812492e+00 2.8297139100e-01 7.5300326848e+01
1.4818836354e+00 2.7138770104e-01 8.1076787034e+01
1.4919767963e+00 2.8342892704e-01 7.2529534762e+01
1.5106485870e+00 2.7971604385e-01 7.6398489209e+01
1.5266550552e+00 2.8371975395e-01 7.4876505650e+01
1.5241422276e+00 2.7485406680e-01 8.2896642113e+01
1.4883641917e+00 2.6986802836e-01 8.4462489380e+01
1.5036426665e+00 2.7583860898e-01 7.8997582302e+01
1.5238502158e+00 2.8470242432e-01 7.4026287672e+01
1.5186588869e+00 2.7761012408e-01 7.8955857695e+01
1.4861457320e+00 2.8066628442e-01 7.3770525678e+01
1.5051521814e+00 2.7659463521e-01 7.8454692681e+01
1.5134600047e+00 2.7327438350e-01 8.3474090850e+01
1.5192130387e+00 2.7932861264e-01 7.7491581624e+01
1.4882942702e+00 2.7761395428e-01 7.6018953826e+01
1.4924073582e+00 2.7395274302e-01 7.9581117748e+01
1.4678515747e+00 2.7371262719e-01 7.7197759713e+01
1.4865503653e+00 2.7303563371e-01 7.9830866582e+01
1.5133416174e+00 2.7656909877e-01 7.9372840907e+01
1.5068905084e+00 2.7939027218e-01 7.6314201186e+01
1.4690069757e+00 2.6940977490e-01 8.1698117953e+01
1.5082373839e+00 2.7713629666e-01 7.8287440457e+01
1.4772850989e+00 2.7643703391e-01 7.5934528179e+01
1.4766100664e+00 2.8071982734e-01 7.3044038180e+01
1.4794979477e+00 2.7242123162e-01 7.9622756324e+01
1.5341757496e+00 2.7938932678e-01 7.8955857695e+01
1.4677498711e+00 2.7066687951e-01 8.0038841340e+01
1.5152647893e+00 2.8873510521e-01 7.1150247189e+01
1.5028838941e+00 2.7342723832e-01 8.1532528898e+01
1.4709975124e+00 2.8317545537e-01 7.1280024178e+01
1.5291931281e+00 2.8209299495e-01 7.6229882959e+01
1.4924848879e+00 2.7658728260e-01 7.7197759713e+01
1.5199220868e+00 2.7543813631e-01 8.1449707735e+01
1.5158331993e+00 2.8316309501e-01 7.4409320646e+01
1.5103278658e+00 2.8457802089e-01 7.3129650743e+01
1.4752257014e+00 2.7263909356e-01 7.8914127157e+01
1.5065007354e+00 2.7569930473e-01 7.9456168532e+01
1.4828087625e+00 2.7452113123e-01 7.7994504389e+01
1.5208150433e+00 2.8455027331e-01 7.3898447871e+01
1.4907944385e+00 2.8596945607e-01 7.1063673457e+01
1.5018404053e+00 2.7809390153e-01 7.6861542972e+01
1.4858709235e+00 2.7506920180e-01 7.7826969754e+01
1.4885024894e+00 2.7334057955e-01 7.9747638907e+01
1.4787215816e+00 2.7545138615e-01 7.6819483732e+01
1.5056601206e+00 2.7880661346e-01 7.6651174188e+01
1.4739302715e+00 2.8520442931e-01 7.0412920548e+01
1.4605426715e+00 2.6889182551e-01 8.1118241196e+01
1.5164163404e+00 2.7667258380e-01 7.9622756324e+01
1.5067758586e+00 2.7814432955e-01 7.7281743419e+01
1.4942126244e+00 2.7214747680e-01 8.1905006284e+01
1.4938930993e+00 2.8241803306e-01 7.3257996956e+01
1.4780813621e+00 2.7699339138e-01 7.5596511614e+01
1.4502903314e+00 2.6883376681e-01 7.9830866582e+01
1.4701349939e+00 2.7052974249e-01 8.0495923602e+01
1.4677777512e+00 2.6884130810e-01 8.2277139574e+01
1.4884851444e+00 2.7471262940e-01 7.8412889032e+01
1.5114959967e+00 2.7705320576e-01 7.8705384629e+01
1.4890203813e+00 2.7869558112e-01 7.5300326848e+01
1.5052071240e+00 2.8561145980e-01 7.2185725677e+01
1.5010907558e+00 2.7703165621e-01 7.7659329379e+01
1.5096064172e+00 2.7894278529e-01 7.6903595008e+01
1.4746597830e+00 2.7635815140e-01 7.5765583130e+01
1.5003931195e+00 2.7637077508e-01 7.8161934912e+01
1.5286985968e+00 2.7939859668e-01 7.8371079129e+01
1.5327740442e+00 2.8672077915e-01 7.3428990941e+01
1.4825592803e+00 2.7116285251e-01 8.1449707735e+01
1.4511892881e+00 2.7286330642e-01 7.6314201186e+01
1.4899024195e+00 2.7103770578e-01 8.2772810718e+01
1.5079941091e+00 2.7511249339e-01 8.0246683597e+01
1.5349850927e+00 2.8177212254e-01 7.6987677568e+01
1.4825676430e+00 2.7160532475e-01 8.0910923055e+01
1.4775084252e+00 2.8207757385e-01 7.2314731052e+01
1.4955770427e+00 2.7259095062e-01 8.1532528898e+01
1.4882458425e+00 2.7947011996e-01 7.4706741043e+01
1.5069444905e+00 2.7570881162e-01 7.9497823876e+01
1.5084068219e+00 2.7923489662e-01 7.6566975496e+01
1.5183216317e+00 2.8158406358e-01 7.5681063290e+01
1.5394999449e+00 2.8410386595e-01 7.5638791445e+01
1.5182486938e+00 2.7983835291e-01 7.6987677568e+01
1.5289142377e+00 2.9468957312e-01 6.9059529216e+01
1.4762317982e+00 2.8200042191e-01 7.2271739586e+01
1.5218620457e+00 2.7758892991e-01 7.9331168577e+01
1.4811555545e+00 2.8927317064e-01 6.8884021955e+01
1.5373106791e+00 2.8355346348e-01 7.5850071354e+01
1.4934573219e+00 2.7561484856e-01 7.8120086953e+01
1.4904622673e+00 2.7725369518e-01 7.6482747241e+01
1.4862373843e+00 2.7560568463e-01 7.7407666966e+01
1.5024376621e+00 2.7523187232e-01 7.9456168532e+01
1.4809156592e+00 2.7415909435e-01 7.8120086953e+01
1.4969227009e+00 2.7350602422e-01 8.0620475268e+01
1.5202311128e+00 2.7694683945e-01 7.9789255467e+01
1.4713199909e+00 2.7249355207e-01 7.8621845231e+01
1.5163570747e+00 2.8309390100e-01 7.4494341492e+01
1.4886955770e+00 2.8489979002e-01 7.1496098411e+01
1.5444640706e+00 2.7822636488e-01 8.1449707735e+01
1.5184457036e+00 2.8282438016e-01 7.4834077304e+01
1.5330269415e+00 2.8646788187e-01 7.3599833208e+01
1.4787430094e+00 2.8535809380e-01 7.0630125868e+01
1.5063320181e+00 2.7405535852e-01 8.1242575657e+01
1.4600970378e+00 2.7652202151e-01 7.4451835457e+01
1.5268024334e+00 2.7674239702e-01 8.0827962340e+01
1.4833832339e+00 2.7845983510e-01 7.5003739865e+01
1.5089308733e+00 2.8370390612e-01 7.3557136760e+01
1.4900217330e+00 2.7498285377e-01 7.8329262945e+01
1.4957575133e+00 2.8598930338e-01 7.1366486818e+01
1.4875633878e+00 2.8920050676e-01 6.9278624601e+01
1.4649250864e+00 2.7394118388e-01 7.6735343529e+01
1.4689857288e+00 2.6763333050e-01 8.4503634743e+01
1.4837557883e+00 2.8215243624e-01 7.2701195268e+01
1.4705843665e+00 2.7142962616e-01 7.9581117748e+01
1.5121632912e+00 2.8092563292e-01 7.5638791445e+01
1.4979371409e+00 2.7203936090e-01 8.2648945375e+01
1.5101864764e+00 2.7745524212e-01 7.8203776466e+01
1.4952952396e+00 2.8011048380e-01 7.4834077304e+01
1.5114903740e+00 2.7297636007e-01 8.3597741274e+01
1.5158153557e+00 2.7863623287e-01 7.7743162886e+01
1.5239187117e+00 2.7689653762e-01 8.0288236411e+01
1.5152637462e+00 2.7691692672e-01 7.9247806762e+01
1.4879855573e+00 2.7792266715e-01 7.5765583130e+01
1.5028812373e+00 2.7931880290e-01 7.6018953826e+01
1.4857055496e+00 2.7297789152e-01 7.9789255467e+01
1.4853503672e+00 2.7784740662e-01 7.5596511614e+01
1.4596031470e+00 2.7342239009e-01 7.6651174188e+01
1.5166995175e+00 2.7820636913e-01 7.8203776466e+01
1.4914823780e+00 2.7487772321e-01 7.8580066351e+01
1.5177804049e+00 2.8439946274e-01 7.3770525678e+01
1.4601420984e+00 2.7737572903e-01 7.3898447871e+01
1.5016061742e+00 2.8195376711e-01 7.4111468825e+01
1.4925856357e+00 2.7061213806e-01 8.3968515318e+01
1.4714584400e+00 2.6920629645e-01 8.2359790805e+01
1.4964534078e+00 2.7487987971e-01 7.9122720780e+01
1.4917340152e+00 2.7779030163e-01 7.6187712450e+01
1.5096460168e+00 2.9526412087e-01 6.7782296048e+01
1.5406374158e+00 2.8387992290e-01 7.5892303678e+01
1.5238948136e+00 2.8283626936e-01 7.5257982128e+01
1.4914850952e+00 2.8030053123e-01 7.4409320646e+01
1.5615234043e+00 2.8358857787e-01 7.7994504389e+01
1.4695777808e+00 2.6928848949e-01 8.1946371115e+01
1.5019825584e+00 2.7795174840e-01 7.6987677568e+01
1.5028660854e+00 2.7842754611e-01 7.6693262514e+01
1.4809820437e+00 2.7138781601e-01 8.0952396196e+01
1.5094663748e+00 2.7318692730e-01 8.2896642113e+01
1.4703834358e+00 2.7298016155e-01 7.8078232563e+01
1.4722399066e+00 2.7382394506e-01 7.7533528720e+01
1.4983462884e+00 2.8204108822e-01 7.3813175613e+01
1.4818569803e+00 2.7006219906e-01 8.2855368716e+01
1.4440566169e+00 2.7148607551e-01 7.6735343529e+01
1.5324828024e+00 2.7834764461e-01 7.9789255467e+01
1.5446332737e+00 2.8353970100e-01 7.6482747241e+01
1.4880978276e+00 2.7374524136e-01 7.9289490537e+01
1.4997959980e+00 2.7379936904e-01 8.0661982523e+01
1.4908904375e+00 2.8813784501e-01 6.9977625389e+01
1.4668120329e+00 2.7115523677e-01 7.9414507550e+01
1.4900082003e+00 2.7409290290e-01 7.9164421908e+01
1.4973087959e+00 2.7447683048e-01 7.9622756324e+01
1.4829045725e+00 2.7397421600e-01 7.8496490101e+01
1.5008668931e+00 2.7725551884e-01 7.7449627715e+01
1.4723765371e+00 2.7143700585e-01 7.9789255467e+01
1.5237363949e+00 2.7935340962e-01 7.7910750187e+01
1.4854457655e+00 2.7459157039e-01 7.8203776466e+01
1.4807029462e+00 2.7437180731e-01 7.7910750187e+01
1.4921577106e+00 2.7194339254e-01 8.1863637206e+01
1.4917042805e+00 2.8098613926e-01 7.3983683510e+01
1.5015570065e+00 2.8427020488e-01 7.2701195268e+01
1.5159774477e+00 2.7529512748e-01 8.1076787034e+01
1.5372659328e+00 2.8314173181e-01 7.6145534310e+01
1.5076409509e+00 2.8953700132e-01 7.0282456804e+01
1.4804723024e+00 2.9402816582e-01 6.6805582219e+01
1.4357420908e+00 2.7980060159e-01 7.0803681768e+01
1.5162188000e+00 2.7777852875e-01 7.8538281315e+01
1.5047502637e+00 2.7880967762e-01 7.6566975496e+01
1.5149074565e+00 2.7545717431e-01 8.0744982225e+01
1.4790555465e+00 2.9951978149e-01 6.4648992941e+01
1.4832258495e+00 2.7545759160e-01 7.7239755051e+01
1.5246000533e+00 2.8304173174e-01 7.5173267951e+01
1.5223376102e+00 2.7984225743e-01 7.7365699350e+01
1.4505740059e+00 2.7975801840e-01 7.1798145674e+01
1.4867841168e+00 2.7460746107e-01 7.8329262945e+01
1.4999897217e+00 2.7903856079e-01 7.5976744886e+01
1.5322181892e+00 2.8134688715e-01 7.7071731622e+01
1.5368392662e+00 2.7991794913e-01 7.8747145195e+01
1.4992860294e+00 2.8608765118e-01 7.1539280443e+01
1.5226106517e+00 2.7502182861e-01 8.2401110412e+01
1.4825443971e+00 2.7568782298e-01 7.6987677568e+01
1.4967107709e+00 2.8866290967e-01 7.0064779975e+01
1.4958346399e+00 2.7821325844e-01 7.6229882959e+01
1.4943991678e+00 2.7512514911e-01 7.8663617982e+01
1.5020605916e+00 2.8059271057e-01 7.5046134423e+01
1.4967571023e+00 2.7367162286e-01 8.0412864007e+01
1.5414617491e+00 2.8351241075e-01 7.6229882959e+01
1.5324041658e+00 2.8298476078e-01 7.5850071354e+01
1.5086340477e+00 2.7537927077e-01 8.0038841340e+01
1.5187977638e+00 2.8793331908e-01 7.1798145674e+01
1.4978038077e+00 2.7579155930e-01 7.8412889032e+01
1.5402333417e+00 2.8337046917e-01 7.6229882959e+01
1.5175387410e+00 2.8191223469e-01 7.5384991691e+01
1.4891735990e+00 2.7447582020e-01 7.8705384629e+01
1.5071742842e+00 2.7457253246e-01 8.0744982225e+01
1.5413928166e+00 3.0142706856e-01 6.6850130873e+01
1.4867263773e+00 2.7601978964e-01 7.7113748025e+01
1.5276019540e+00 2.8140617102e-01 7.6609078524e+01
1.4661241558e+00 2.8714718068e-01 6.9015671758e+01
1.5341358081e+00 2.8079709865e-01 7.7701249475e+01
1.4623476877e+00 2.7067784942e-01 7.9372840907e+01
1.4802851834e+00 2.7884951743e-01 7.4494341492e+01
1.5298229655e+00 2.8602201919e-01 7.3642520295e+01
1.5641594851e+00 2.8186960177e-01 7.9872472277e+01
1.4449686732e+00 2.7549909398e-01 7.3941070253e+01
1.5013009272e+00 2.7953955771e-01 7.5723327176e+01
1.4530684683e+00 2.8310126502e-01 7.0195421835e+01
1.4939850966e+00 2.7915777752e-01 7.5384991691e+01
1.4748212476e+00 2.7980259370e-01 7.3471715656e+01
1.4936538861e+00 2.7677483906e-01 7.7155757380e+01
1.4887948541e+00 2.9249877747e-01 6.7870746947e+01
1.5233084635e+00 2.8069143102e-01 7.6777417260e+01
1.5441353346e+00 2.7764187813e-01 8.2153132349e+01
1.5315935556e+00 2.7650363795e-01 8.1780886213e+01
1.5014736942e+00 2.7121672557e-01 8.4750447980e+01
1.4988123067e+00 2.7614076985e-01 7.8203776466e+01
1.4907857577e+00 2.7964296743e-01 7.4791640439e+01
1.4645513297e+00 2.7206772961e-01 7.8287440457e+01
1.5028710512e+00 2.7661022423e-01 7.8203776466e+01
1.4521324918e+00 2.7192010270e-01 7.7155757380e+01
1.4987005303e+00 2.7670519308e-01 7.7701249475e+01
1.4755566338e+00 2.8222440381e-01 7.2099670255e+01
1.5426181940e+00 2.8281282499e-01 7.6861542972e+01
1.5106485870e+00 2.7971604385e-01 7.6398489209e+01
1.5187408731e+00 2.8890091192e-01 7.1280024178e+01
1.5097761329e+00 2.8149644226e-01 7.5046134423e+01
1.4905797108e+00 2.7532851372e-01 7.8078232563e+01
1.5080276572e+00 2.8778694076e-01 7.1193517300e+01
1.5206474103e+00 2.7562160076e-01 8.1325442176e+01
1.5167197120e+00 2.7500689285e-01 8.1532528898e+01
1.4718089316e+00 2.6795649426e-01 8.4503634743e+01
1.4998272795e+00 2.7738941581e-01 7.7239755051e+01
1.4773305180e+00 2.8045051963e-01 7.3257996956e+01
1.4812394662e+00 2.8376512053e-01 7.1625611953e+01
1.4964610002e+00 2.7441998688e-01 7.9581117748e+01
1.4831893165e+00 2.7233638787e-01 8.0163562403e+01
1.4816603148e+00 2.7973126305e-01 7.4026287672e+01
1.4722041901e+00 2.7295942196e-01 7.8287440457e+01
1.4838036735e+00 2.9250745892e-01 6.7605226508e+01
1.5167925115e+00 2.7538816144e-01 8.1076787034e+01
1.5075884747e+00 2.7642484379e-01 7.8872390662e+01
1.5058531266e+00 2.7861360755e-01 7.6819483732e+01
1.4906242590e+00 2.7212190793e-01 8.1408290413e+01
1.4869533741e+00 2.7534122456e-01 7.7701249475e+01
1.4659512041e+00 2.6887078389e-01 8.1946371115e+01
1.4484532543e+00 3.0121310268e-01 6.2730016340e+01
1.4589672590e+00 2.8304673362e-01 7.0586708069e+01
1.4612989314e+00 2.6858430981e-01 8.1615332242e+01
1.5203032540e+00 2.7687469818e-01 7.9872472277e+01
1.4695985736e+00 2.7376502371e-01 7.7323724844e+01
1.4932235575e+00 2.7494443576e-01 7.8705384629e+01
1.4850068269e+00 2.7683624210e-01 7.6314201186e+01
1.5339305417e+00 2.7781129559e-01 8.0537445831e+01
1.4639412871e+00 2.7447546352e-01 7.6229882959e+01
1.4699700536e+00 2.7834507385e-01 7.4026287672e+01
1.4926975928e+00 2.7501836965e-01 7.8580066351e+01
1.5394065265e+00 2.9654276850e-01 6.8796190524e+01
1.5154530169e+00 2.7672765603e-01 7.9456168532e+01
1.4838961982e+00 2.7568980084e-01 7.7113748025e+01
1.5125741260e+00 2.8687684965e-01 7.1970508727e+01
1.4927638639e+00 2.7133723929e-01 8.2814091592e+01
1.4937908190e+00 2.7528135145e-01 7.8454692681e+01
1.4709902755e+00 2.8183030331e-01 7.2013573065e+01
1.5152637462e+00 2.7691692672e-01 7.9247806762e+01
1.4944872477e+00 2.8227664690e-01 7.3386256743e+01
1.4888537106e+00 2.7208641463e-01 8.1201135484e+01
1.4794487606e+00 2.7697896127e-01 7.5723327176e+01
1.4876986768e+00 2.7866142442e-01 7.5215629171e+01
1.5139103125e+00 2.8326763969e-01 7.4196613947e+01
1.4819054597e+00 2.7001371966e-01 8.2937911806e+01
1.4945915811e+00 2.9259645309e-01 6.8135767946e+01
1.4859227821e+00 2.7366321691e-01 7.9122720780e+01
1.5052071240e+00 2.8561145980e-01 7.2185725677e+01
1.5574976292e+00 2.8303110883e-01 7.8078232563e+01
1.5221165252e+00 2.7778917004e-01 7.9164421908e+01
1.5094615312e+00 2.8362739292e-01 7.3642520295e+01
1.4952114812e+00 2.7114862002e-01 8.3556527821e+01
1.4863933713e+00 2.7906301502e-01 7.4834077304e+01
1.5126370835e+00 2.7409730468e-01 8.2111788416e+01
1.5006025728e+00 2.7616132178e-01 7.8371079129e+01
1.5373632844e+00 2.8350085811e-01 7.5892303678e+01
1.5423658949e+00 2.8626420578e-01 7.4409320646e+01
1.5442180363e+00 2.8441206447e-01 7.5807831180e+01
1.5287101686e+00 2.8303166864e-01 7.5511927880e+01
1.4805493702e+00 2.7587835163e-01 7.6651174188e+01
1.5168549346e+00 2.7714239418e-01 7.9206117227e+01
1.4687131715e+00 2.8050273694e-01 7.2615385143e+01
1.4847713088e+00 2.8023327791e-01 7.3941070253e+01
1.4973935484e+00 2.7348743866e-01 8.0703484835e+01
1.5266751585e+00 2.8643405071e-01 7.3172442467e+01
1.4969956628e+00 2.7252865405e-01 8.1822263856e+01
1.4801559977e+00 2.9660789692e-01 6.5776779671e+01
1.4641866203e+00 2.7423013027e-01 7.6440621960e+01
1.4916275735e+00 2.7744459700e-01 7.6440621960e+01
1.4837557883e+00 2.8215243624e-01 7.2701195268e+01
1.4948729585e+00 2.7826991566e-01 7.6103348511e+01
1.5170073276e+00 2.8107971902e-01 7.5934528179e+01
1.5288747079e+00 2.7649060863e-01 8.1408290413e+01
1.4915723258e+00 2.8338075076e-01 7.2529534762e+01
1.4584241379e+00 2.7235670818e-01 7.7407666966e+01
1.4956454188e+00 2.8111847577e-01 7.4196613947e+01
1.4630943861e+00 2.7217681164e-01 7.8036371717e+01
1.5265401901e+00 2.7791480692e-01 7.9539473606e+01
1.4865512876e+00 2.7574331112e-01 7.7323724844e+01
1.5453497769e+00 2.9334672759e-01 7.0630125868e+01
1.4961370435e+00 2.8198536853e-01 7.3685198049e+01
1.5067133998e+00 2.8228960220e-01 7.4281723271e+01
1.5076302473e+00 2.8636708147e-01 7.1927433851e+01
1.4894561151e+00 2.8052038669e-01 7.4111468825e+01
1.4916614857e+00 2.7018158323e-01 8.4585916962e+01
1.4945688612e+00 2.7812155849e-01 7.6187712450e+01
1.5116392603e+00 2.7600245830e-01 7.9747638907e+01
1.5283736793e+00 2.7926810572e-01 7.8454692681e+01
1.5425324201e+00 2.8061468400e-01 7.8705384629e+01
1.4722864822e+00 2.7287712985e-01 7.8371079129e+01
1.5169510647e+00 2.7795482196e-01 7.8454692681e+01
1.4977098396e+00 2.7860129284e-01 7.6103348511e+01
1.4921921980e+00 2.7100557578e-01 8.3226697801e+01
1.5046215106e+00 2.7667212094e-01 7.8329262945e+01
1.4766922609e+00 2.8650551287e-01 6.9934029987e+01
1.5146240049e+00 2.7710260000e-01 7.8997582302e+01
1.4899996654e+00 2.7139191246e-01 8.2277139574e+01
1.5673788464e+00 2.8048490550e-01 8.1863637206e+01
1.5091276112e+00 2.8623261187e-01 7.2099670255e+01
1.4829766514e+00 2.7345107039e-01 7.8997582302e+01
1.4919872386e+00 2.7798926314e-01 7.6061155025e+01
1.5305109084e+00 2.7804173173e-01 7.9872472277e+01
1.4837543444e+00 2.7267337739e-01 7.9872472277e+01
1.5322690711e+00 2.8038430924e-01 7.7868863262e+01
1.4935788018e+00 2.7232942266e-01 8.1573932786e+01
1.4843165564e+00 2.6985641139e-01 8.3638951400e+01
1.5422808779e+00 2.8360703847e-01 7.6229882959e+01
1.5328689906e+00 2.7750581859e-01 8.0744982225e+01
1.5052539351e+00 2.7875938343e-01 7.6651174188e+01
1.5269040437e+00 2.8574933667e-01 7.3599833208e+01
1.4750572276e+00 2.7010638450e-01 8.1698117953e+01
1.5432492235e+00 2.7898458154e-01 8.0412864007e+01
1.5139708600e+00 2.8866395692e-01 7.1106965919e+01
1.5156651104e+00 2.8151284184e-01 7.5511927880e+01
1.4908093208e+00 2.7284009838e-01 8.0578963045e+01
1.4476332749e+00 2.7955808330e-01 7.1711900276e+01
1.4863026611e+00 2.7644350587e-01 7.6735343529e+01
1.4923263196e+00 2.7538964284e-01 7.8203776466e+01
1.5042293244e+00 2.8023740975e-01 7.5469623924e+01
1.4769645095e+00 2.7540535020e-01 7.6693262514e+01
1.5356923485e+00 2.7969657812e-01 7.8830648187e+01
1.4950024816e+00 2.8130865076e-01 7.4026287672e+01
1.5416238755e+00 2.7787094779e-01 8.1491120555e+01
1.5590819961e+00 2.7961450837e-01 8.1780886213e+01
1.4675554364e+00 2.7805827608e-01 7.4026287672e+01
1.4863018665e+00 2.7193035361e-01 8.1035328162e+01
1.4956922763e+00 2.8152441898e-01 7.3941070253e+01
1.4991758061e+00 2.7622991724e-01 7.8161934912e+01
1.4895432134e+00 2.8269479047e-01 7.2786965387e+01
1.4999769977e+00 2.8041037896e-01 7.5003739865e+01
1.5059499618e+00 2.8259924071e-01 7.4026287672e+01
1.5258764011e+00 2.8176538395e-01 7.6187712450e+01
1.5232627920e+00 2.7800729181e-01 7.9081013820e+01
1.5123099110e+00 2.7714692888e-01 7.8705384629e+01
1.4969074489e+00 2.8166787910e-01 7.3941070253e+01
1.4984346040e+00 2.7244638306e-01 8.2153132349e+01
1.4891004813e+00 2.7725961985e-01 7.6356348960e+01
1.4879899924e+00 2.7565942679e-01 7.7533528720e+01
1.4880215877e+00 2.7833851345e-01 7.5469623924e+01
1.5211571731e+00 2.7920328004e-01 7.7785069637e+01
1.4776108093e+00 2.8332931599e-01 7.1625611953e+01
1.5103142409e+00 2.8232053850e-01 7.4536838781e+01
1.5154556676e+00 2.7899592094e-01 7.7407666966e+01
1.4789344098e+00 2.7568943151e-01 7.6651174188e+01
1.4873841473e+00 2.7491045136e-01 7.8120086953e+01
1.5529434428e+00 2.8300585221e-01 7.7659329379e+01
1.4944774498e+00 2.8138095886e-01 7.3941070253e+01
1.5088327369e+00 2.7336730332e-01 8.2525045476e+01
1.5377213166e+00 2.8268634809e-01 7.6524865077e+01
1.5026725458e+00 3.0906929143e-01 6.2453216117e+01
1.4886816036e+00 2.7677478272e-01 7.6693262514e+01
1.4798525796e+00 2.7206659968e-01 8.0038841340e+01
1.4621201343e+00 2.7225268285e-01 7.7868863262e+01
1.5152371857e+00 2.8375910865e-01 7.3983683510e+01
1.4925910148e+00 2.7196181086e-01 8.1905006284e+01
1.4576023119e+00 2.7946611209e-01 7.2443643876e+01
1.5200417041e+00 2.7622730696e-01 8.0537445831e+01
1.4903243075e+00 2.8055667963e-01 7.4154045875e+01
1.5240384175e+00 2.7905138702e-01 7.8203776466e+01
1.4737556299e+00 2.7365887115e-01 7.7826969754e+01
1.5048594469e+00 2.8187494131e-01 7.4409320646e+01
1.4806416337e+00 2.7759058638e-01 7.5384991691e+01
1.5097483708e+00 2.7562530973e-01 7.9914072577e+01
1.4971059009e+00 2.8826777963e-01 7.0282456804e+01
1.4780288273e+00 2.7930106640e-01 7.4026287672e+01
1.5407133914e+00 2.7832506848e-01 8.0827962340e+01
1.5255980197e+00 2.7885697730e-01 7.8538281315e+01
1.5369434641e+00 2.8072613457e-01 7.8036371717e+01
1.5176973679e+00 2.8812316590e-01 7.1625611953e+01
1.5225889415e+00 2.7640735284e-01 8.0661982523e+01
1.5421129164e+00 2.8012088868e-01 7.9122720780e+01
1.5089587014e+00 2.7278811529e-01 8.3432867286e+01
1.5087465519e+00 2.8207203192e-01 7.4579327351e+01
1.4534421484e+00 2.6881772155e-01 8.0246683597e+01
1.5179374930e+00 2.8606240157e-01 7.2786965387e+01
1.5206033074e+00 2.8339658720e-01 7.4621807233e+01
1.4876992022e+00 2.8182511462e-01 7.3172442467e+01
1.4790013221e+00 2.7427001443e-01 7.7826969754e+01
1.5163423833e+00 2.7674654081e-01 7.9539473606e+01
1.5130133836e+00 2.7553581889e-01 8.0412864007e+01
1.4642956675e+00 2.7861802291e-01 7.3428990941e+01
1.4773868150e+00 2.7633531781e-01 7.6018953826e+01
1.4681665687e+00 2.7339763318e-01 7.7491581624e+01
1.5107816595e+00 2.7187164262e-01 8.5654629995e+01
1.5119193053e+00 2.7436147523e-01 8.1656727290e+01
1.5383611997e+00 2.8113362363e-01 7.7826969754e+01
1.5179617556e+00 2.7467302380e-01 8.2153132349e+01
1.5290225016e+00 2.8135230751e-01 7.6777417260e+01
1.4995274313e+00 2.8131305359e-01 7.4366797030e+01
1.4820779442e+00 2.7705675657e-01 7.5892303678e+01
1.5025283062e+00 2.8329890517e-01 7.3343513034e+01
1.4600970378e+00 2.7652202151e-01 7.4451835457e+01
1.4996947027e+00 2.7706919189e-01 7.7491581624e+01
1.4859511091e+00 2.7228111093e-01 8.0578963045e+01
1.5114521045e+00 2.7528228365e-01 8.0495923602e+01
1.4498587534e+00 2.7419384112e-01 7.5215629171e+01
1.4864888956e+00 2.8077507452e-01 7.3727866500e+01
1.4734552431e+00 2.7260860851e-01 7.8747145195e+01
1.4835207034e+00 2.7606529560e-01 7.6777417260e+01
1.5077686661e+00 2.9350141772e-01 6.8444339134e+01
1.5282568583e+00 2.8986898928e-01 7.1366486818e+01
1.5136348049e+00 2.7672982588e-01 7.9247806762e+01
1.5020181834e+00 2.7565135105e-01 7.8997582302e+01
1.5479863695e+00 2.8658983433e-01 7.4621807233e+01
1.5190965175e+00 2.8080917777e-01 7.6314201186e+01
1.5076337527e+00 2.7773992782e-01 7.7701249475e+01
1.5328781291e+00 2.7658551915e-01 8.1863637206e+01
1.4691730530e+00 2.7554049739e-01 7.5892303678e+01
1.5463299826e+00 2.8047184281e-01 7.9247806762e+01
1.5020254156e+00 2.7473847901e-01 7.9914072577e+01
1.4826814111e+00 2.8458255910e-01 7.1280024178e+01
1.5318919295e+00 2.8395305510e-01 7.5130898438e+01
1.4920879060e+00 2.7517606420e-01 7.8371079129e+01
1.4983048741e+00 2.8797590652e-01 7.0499837642e+01
1.5141295813e+00 2.8714050254e-01 7.1927433851e+01
1.5022089386e+00 2.7681934394e-01 7.7952630554e+01
1.5559949359e+00 2.8224360526e-01 7.8621845231e+01
1.4760756456e+00 2.7809732218e-01 7.4664278454e+01
1.4992251319e+00 2.7572794472e-01 7.8621845231e+01
1.4954411693e+00 2.7589211824e-01 7.8078232563e+01
1.4929299776e+00 2.8021289651e-01 7.4579327351e+01
1.4916271485e+00 2.7834935327e-01 7.5765583130e+01
1.4976215808e+00 2.7687888744e-01 7.7449627715e+01
1.5220709202e+00 2.8921520277e-01 7.1323261011e+01
1.4873418213e+00 2.7495277737e-01 7.8078232563e+01
1.4875698958e+00 2.7246744008e-01 8.0578963045e+01
1.4585183223e+00 2.8979680510e-01 6.7427931188e+01
1.5142350826e+00 2.7567563359e-01 8.0412864007e+01
1.4940839829e+00 2.7317998732e-01 8.0620475268e+01
1.4755404458e+00 2.7367546264e-01 7.7994504389e+01
1.5081693026e+00 2.7856508558e-01 7.7071731622e+01
1.5241444245e+00 2.7940040587e-01 7.7910750187e+01
1.4962269496e+00 2.8098974566e-01 7.4324264582e+01
1.4860431413e+00 2.7489698394e-01 7.7994504389e+01
1.5650198681e+00 2.8192647536e-01 7.9914072577e+01
1.4725579411e+00 2.7981191860e-01 7.3300759781e+01
1.4801632679e+00 2.7085466652e-01 8.1491120555e+01
1.4959024893e+00 2.7950323410e-01 7.5300326848e+01
1.5333648940e+00 2.8339232124e-01 7.5638791445e+01
1.5113574484e+00 2.8218565888e-01 7.4706741043e+01
1.5043647935e+00 2.8055539457e-01 7.5257982128e+01
1.5112322755e+00 2.7595575867e-01 7.9747638907e+01
1.5401389802e+00 2.7844315443e-01 8.0620475268e+01
1.5104188768e+00 2.8539572107e-01 7.2658295222e+01
1.5156710775e+00 2.7696370194e-01 7.9247806762e+01
1.5042319950e+00 2.7479628751e-01 8.0121993975e+01
1.4992251319e+00 2.7572794472e-01 7.8621845231e+01
1.5073778995e+00 2.7618204182e-01 7.9081013820e+01
1.4937436682e+00 2.7306834821e-01 8.0703484835e+01
1.5064243164e+00 2.8167112493e-01 7.4664278454e+01
1.4485862901e+00 2.7322549581e-01 7.5807831180e+01
1.4953020266e+00 2.8055638202e-01 7.4536838781e+01
1.4625808013e+00 2.7179201579e-01 7.8329262945e+01
1.5329589579e+00 2.8516688966e-01 7.4409320646e+01
1.5381867587e+00 2.8313389987e-01 7.6229882959e+01
1.4974146113e+00 2.7980208399e-01 7.5215629171e+01
1.5158524552e+00 2.7769065207e-01 7.8580066351e+01
1.4599756237e+00 2.8473792662e-01 6.9803170919e+01
1.5207976447e+00 2.8229215981e-01 7.5384991691e+01
1.4728118969e+00 2.7280181561e-01 7.8496490101e+01
1.5015507183e+00 2.7521317630e-01 7.9372840907e+01
1.5318633177e+00 2.8763150568e-01 7.2829835522e+01
1.4771970222e+00 2.7382091220e-01 7.8036371717e+01
1.4540765652e+00 2.9919477124e-01 6.3647781684e+01
1.5012484219e+00 2.8321831218e-01 7.3300759781e+01
1.4749655944e+00 2.7379990421e-01 7.7826969754e+01
1.4934536190e+00 2.7833200742e-01 7.5934528179e+01
1.4910484415e+00 2.7305266163e-01 8.0371326592e+01
1.5054362744e+00 2.8220544416e-01 7.4239173069e+01
1.4792523142e+00 2.7627339019e-01 7.6229882959e+01
1.5162226279e+00 2.7868325878e-01 7.7743162886e+01
1.5018911575e+00 2.7396725119e-01 8.0744982225e+01
1.4673691780e+00 2.7239624784e-01 7.8287440457e+01
1.5204495676e+00 2.7627389486e-01 8.0537445831e+01
1.4812520092e+00 2.8465621526e-01 7.1150247189e+01
1.4657409305e+00 2.7942268161e-01 7.3044038180e+01
1.4929254972e+00 2.8564983086e-01 7.1366486818e+01
1.4824475154e+00 2.8572047793e-01 7.0673532104e+01
1.5040693209e+00 2.7767749571e-01 7.7407666966e+01
1.4694266173e+00 2.7033880862e-01 8.0620475268e+01
1.5223070969e+00 2.7487085527e-01 8.2566349319e+01
1.4907293523e+00 2.7969937291e-01 7.4749195028e+01
1.4898834192e+00 2.7873664342e-01 7.5342663360e+01
1.5239871274e+00 2.7682812188e-01 8.0371326592e+01
1.5035164715e+00 2.8095026261e-01 7.4918925507e+01
1.5030644326e+00 2.7505797937e-01 7.9706016880e+01
1.5554522487e+00 2.8461837392e-01 7.6609078524e+01
1.4562364169e+00 2.7230070814e-01 7.7239755051e+01
1.5138612914e+00 2.7650333941e-01 7.9497823876e+01
1.4977884484e+00 2.7625945002e-01 7.7994504389e+01
1.5329392588e+00 2.8016995045e-01 7.8120086953e+01
1.4928383679e+00 2.7578169476e-01 7.7910750187e+01
1.5314177253e+00 2.7667946824e-01 8.1532528898e+01
1.5084209615e+00 2.7604577265e-01 7.9331168577e+01
1.5266187361e+00 2.7874658044e-01 7.8747145195e+01
1.5047137829e+00 2.7295575146e-01 8.2442426045e+01
1.5145250787e+00 2.8401657266e-01 7.3770525678e+01
1.5006849191e+00 2.7698461530e-01 7.7659329379e+01
1.5007998246e+00 2.8094699201e-01 7.4706741043e+01
1.4867604253e+00 2.7237427550e-01 8.0578963045e+01
1.4974757976e+00 2.7521462218e-01 7.8914127157e+01
1.4955653206e+00 2.7757755351e-01 7.6693262514e+01
1.4943491131e+00 2.7472305734e-01 7.9039301002e+01
1.4964429828e+00 2.7851009373e-01 7.6061155025e+01
1.5070072705e+00 2.7383321431e-01 8.1615332242e+01
1.5367902994e+00 2.7859862717e-01 8.0038841340e+01
1.4866946231e+00 2.7244007766e-01 8.0495923602e+01
1.4953208427e+00 2.7691716109e-01 7.7197759713e+01
1.5152802351e+00 2.7780868910e-01 7.8412889032e+01
1.5365960566e+00 2.9020576879e-01 7.1711900276e+01
1.4484241192e+00 2.6801369128e-01 8.0495923602e+01
1.5025768659e+00 2.8052973656e-01 7.5130898438e+01
1.4597147055e+00 2.7870204509e-01 7.3044038180e+01
1.5322499081e+00 2.7994768163e-01 7.8245611639e+01
1.4928983329e+00 2.7798265419e-01 7.6145534310e+01
1.5457702090e+00 2.7966081002e-01 7.9997257084e+01
1.5030620841e+00 2.8140464998e-01 7.4579327351e+01
1.5266550552e+00 2.8371975395e-01 7.4876505650e+01
1.5007353721e+00 2.8191793005e-01 7.4068882767e+01
1.4818909236e+00 2.7408577019e-01 7.8287440457e+01
1.4832703640e+00 2.7496185603e-01 7.7659329379e+01
1.4870378762e+00 2.7615989763e-01 7.7029708145e+01
1.4845385426e+00 2.8408151999e-01 7.1668761497e+01
1.4745807449e+00 2.7193328448e-01 7.9539473606e+01
1.5042481712e+00 2.7342136324e-01 8.1739504252e+01
1.5013992046e+00 2.7536469004e-01 7.9206117227e+01
1.4993317608e+00 2.7879065123e-01 7.6103348511e+01
1.5166671722e+00 2.7778441636e-01 7.8580066351e+01
1.4916583618e+00 2.7696170085e-01 7.6819483732e+01
1.4768015669e+00 2.7962615495e-01 7.3727866500e+01
1.5408465422e+00 2.8595528317e-01 7.4494341492e+01
1.4780570737e+00 2.7341146381e-01 7.8496490101e+01
1.4559670778e+00 2.6853379501e-01 8.0910923055e+01
1.5354540502e+00 2.8130316509e-01 7.7407666966e+01
1.5363102214e+00 2.7588736835e-01 8.3432867286e+01
1.4800821845e+00 2.7454165680e-01 7.7701249475e+01
1.5074524233e+00 2.8881658769e-01 7.0630125868e+01
1.5309164981e+00 2.8447242850e-01 7.4706741043e+01
1.4721944637e+00 2.8062611508e-01 7.2786965387e+01
1.5244111416e+00 2.7594931155e-01 8.1449707735e+01
1.5143795908e+00 2.7643899302e-01 7.9622756324e+01
1.4885024894e+00 2.7334057955e-01 7.9747638907e+01
1.5014575079e+00 2.7938297701e-01 7.5850071354e+01
1.4954738527e+00 2.8038455594e-01 7.4664278454e+01
1.5391722354e+00 2.8214842319e-01 7.7071731622e+01
1.4999190155e+00 2.7729767980e-01 7.7323724844e+01
1.4999787319e+00 2.7950254351e-01 7.5638791445e+01
1.5023227972e+00 2.9303742592e-01 6.8356243358e+01
1.5363321279e+00 2.8453201461e-01 7.5088520605e+01
1.5321449048e+00 2.7640773540e-01 8.1987731721e+01
1.5183888346e+00 2.8288124919e-01 7.4791640439e+01
1.4950074827e+00 2.7677814367e-01 7.7281743419e+01
1.5280593831e+00 2.8140426509e-01 7.6651174188e+01
1.4971506905e+00 2.7192148003e-01 8.2690237632e+01
1.4730977919e+00 3.0230793150e-01 6.3419033617e+01
1.5215131037e+00 2.7793787195e-01 7.8955857695e+01
1.5415127926e+00 2.8346136725e-01 7.6272045862e+01
1.4938464659e+00 2.8608784086e-01 7.1193517300e+01
1.4771345908e+00 2.7613674568e-01 7.6145534310e+01
1.4896085883e+00 2.7358918551e-01 7.9622756324e+01
1.5118012339e+00 2.8355898922e-01 7.3855816334e+01
1.4870378762e+00 2.7615989763e-01 7.7029708145e+01
1.4810700563e+00 2.8257936290e-01 7.2271739586e+01
1.4957075848e+00 2.7381673203e-01 8.0121993975e+01
1.4857640604e+00 2.8511692664e-01 7.1193517300e+01
1.5349938326e+00 2.9409343217e-01 6.9672201814e+01
1.4464131740e+00 2.7360666458e-01 7.5342663360e+01
1.4883250127e+00 2.7667957398e-01 7.6735343529e+01
1.4773211765e+00 2.7279566765e-01 7.8997582302e+01
1.4979725832e+00 2.7743314017e-01 7.7029708145e+01
1.5404475761e+00 2.7950364881e-01 7.9539473606e+01
1.5157187215e+00 2.8145923069e-01 7.5554223768e+01
1.4971147012e+00 2.7738576704e-01 7.6987677568e+01
1.5084910141e+00 2.7778976649e-01 7.7743162886e+01
1.5305769488e+00 2.7706483627e-01 8.0952396196e+01
1.4731301028e+00 2.8916449589e-01 6.8488366950e+01
1.4863177679e+00 2.8320654897e-01 7.2271739586e+01
1.4795289727e+00 2.7554578082e-01 7.6819483732e+01
1.5122154975e+00 2.8178183122e-01 7.5046134423e+01
1.4884851444e+00 2.7471262940e-01 7.8412889032e+01
1.4987094823e+00 2.7488588467e-01 7.9372840907e+01
1.5075662574e+00 2.8461441554e-01 7.2915546096e+01
1.5095279364e+00 2.7947506566e-01 7.6482747241e+01
1.4422752353e+00 2.6790001861e-01 7.9830866582e+01
1.5074341566e+00 2.8610895068e-01 7.2056626897e+01
1.4977360625e+00 2.7766966086e-01 7.6819483732e+01
1.5086692607e+00 2.7851877348e-01 7.7155757380e+01
1.4844441643e+00 2.7649596093e-01 7.6524865077e+01
1.4793112344e+00 2.8298336429e-01 7.1927433851e+01
1.5333402096e+00 3.0077837330e-01 6.6716440328e+01
1.5432350243e+00 2.8676668295e-01 7.4154045875e+01
1.5247591707e+00 2.7605607858e-01 8.1366868568e+01
1.4827866195e+00 2.7679937950e-01 7.6145534310e+01
1.4862740094e+00 2.9955320193e-01 6.4965811856e+01
1.5143020581e+00 2.8378498859e-01 7.3898447871e+01
1.4936797501e+00 2.8082071815e-01 7.4239173069e+01
1.4774633652e+00 2.7535721364e-01 7.6777417260e+01
1.5018911575e+00 2.7396725119e-01 8.0744982225e+01
1.4948902050e+00 2.8006287158e-01 7.4834077304e+01
1.4863795883e+00 2.7456053698e-01 7.8329262945e+01
1.5360307732e+00 2.8346405017e-01 7.5807831180e+01
1.5008546218e+00 2.8179868029e-01 7.4154045875e+01
1.4642679218e+00 2.7145252432e-01 7.8830648187e+01
1.4776627944e+00 2.7470706534e-01 7.7323724844e+01
1.5537267082e+00 2.8084949563e-01 7.9706016880e+01
1.4965497018e+00 2.7342679992e-01 8.0661982523e+01
1.5093015252e+00 2.8424158210e-01 7.3257996956e+01
1.5052502735e+00 2.7468403334e-01 8.0371326592e+01
1.4500911080e+00 2.7306504656e-01 7.6061155025e+01
1.4848934630e+00 2.7785270399e-01 7.5554223768e+01
1.5108677376e+00 2.7450594292e-01 8.1325442176e+01
1.4904085072e+00 2.7549971727e-01 7.7910750187e+01
1.5459369474e+00 2.8635153230e-01 7.4621807233e+01
1.5105605344e+00 2.7708118415e-01 7.8580066351e+01
1.5166299384e+00 2.7873028469e-01 7.7743162886e+01
1.4661010361e+00 2.8762109673e-01 6.8796190524e+01
1.4850568989e+00 2.7182188960e-01 8.0993864557e+01
1.5291232982e+00 2.7715249107e-01 8.0661982523e+01
1.4857310351e+00 2.7611203392e-01 7.6945639864e+01
1.5048099940e+00 2.7467128139e-01 8.0329784068e+01
1.4803539204e+00 2.7472083317e-01 7.7575469027e+01
1.4992629269e+00 2.8475039161e-01 7.2271739586e+01
1.5151319110e+00 2.7931967758e-01 7.7113748025e+01
1.5632365832e+00 2.9564790728e-01 7.0543278672e+01
1.4710436534e+00 2.7682114147e-01 7.5130898438e+01
1.5011432767e+00 2.7380979990e-01 8.0827962340e+01
1.5275599087e+00 2.8190373951e-01 7.6229882959e+01
1.4825697534e+00 2.9374137900e-01 6.7028177859e+01
1.4836596978e+00 2.8948317630e-01 6.8927918164e+01
1.5417239798e+00 2.8233657587e-01 7.7155757380e+01
1.4872658486e+00 2.7999812157e-01 7.4281723271e+01
1.5243521473e+00 2.7646310206e-01 8.0827962340e+01
1.5032503104e+00 2.8484513092e-01 7.2486594398e+01
1.5094826988e+00 2.7997414114e-01 7.6103348511e+01
1.4544818688e+00 2.9068174326e-01 6.6850130873e+01
1.5145538132e+00 2.8262413899e-01 7.4664278454e+01
1.5088517316e+00 2.8151289920e-01 7.4961336903e+01
1.4553668482e+00 2.6958234175e-01 7.9664389360e+01
1.5170191518e+00 2.7606977239e-01 8.0329784068e+01
1.5055129809e+00 2.7759362162e-01 7.7617402571e+01
1.5088722626e+00 2.7967693993e-01 7.6272045862e+01
1.4660760062e+00 2.8539253133e-01 6.9846802787e+01
1.5175826538e+00 2.8550715078e-01 7.3086849324e+01
1.4991090804e+00 2.7267654600e-01 8.1946371115e+01
1.5156651104e+00 2.8151284184e-01 7.5511927880e+01
1.5848995676e+00 2.8502748407e-01 7.9081013820e+01
1.5170739371e+00 2.7964952534e-01 7.7029708145e+01
1.5295575861e+00 2.7945053894e-01 7.8412889032e+01
1.4993267776e+00 2.7834275682e-01 7.6440621960e+01
1.5116397682e+00 2.8599271211e-01 7.2400683165e+01
1.5229854723e+00 2.7828461149e-01 7.8788899706e+01
1.5024107781e+00 2.8069582440e-01 7.5003739865e+01
1.4696083675e+00 3.0172491999e-01 6.3464819655e+01
1.5023630871e+00 2.7847739780e-01 7.6609078524e+01
1.4950917155e+00 2.7398045497e-01 7.9872472277e+01
1.5086686409e+00 2.9351122676e-01 6.8488366950e+01
1.4913179399e+00 2.7323488575e-01 8.0205125602e+01
1.5333725067e+00 2.8657871826e-01 7.3557136760e+01
1.5298267395e+00 2.8328246974e-01 7.5427311870e+01
1.5217472012e+00 2.7770377444e-01 7.9206117227e+01
1.4866591001e+00 2.7653867367e-01 7.6693262514e+01
1.5103820972e+00 2.7589868334e-01 7.9706016880e+01
1.5533139938e+00 2.8675662877e-01 7.4918925507e+01
1.5032883847e+00 2.8208529583e-01 7.4154045875e+01
1.5226876219e+00 2.7585402948e-01 8.1325442176e+01
1.4632616264e+00 2.7200957128e-01 7.8203776466e+01
1.5376261821e+00 2.8597762880e-01 7.4239173069e+01
1.4950461098e+00 2.8715393039e-01 7.0716926810e+01
1.5125426710e+00 2.7782195979e-01 7.8120086953e+01
1.4596511068e+00 2.7876564377e-01 7.3001217281e+01
1.5264605870e+00 2.8528125024e-01 7.3855816334e+01
1.5167230010e+00 2.7909159696e-01 7.7449627715e+01
1.4814484925e+00 2.7137208626e-01 8.1035328162e+01
1.4510612870e+00 2.7119858296e-01 7.7659329379e+01
1.4871281429e+00 2.9643179838e-01 6.6180322978e+01
1.4687487516e+00 2.7011751872e-01 8.0786474719e+01
1.4878387938e+00 2.7761759258e-01 7.5976744886e+01
1.5020608158e+00 2.7470307880e-01 7.9955667504e+01
1.5131845308e+00 2.7808804435e-01 7.7952630554e+01
1.5028793914e+00 2.7886742529e-01 7.6356348960e+01
1.4951391884e+00 2.7619409913e-01 7.7785069637e+01
1.4478240703e+00 2.7219576833e-01 7.6524865077e+01
1.4799560369e+00 2.7692275156e-01 7.5807831180e+01
1.4767249735e+00 2.7159015396e-01 8.0163562403e+01
1.5276215110e+00 2.8320893600e-01 7.5300326848e+01
1.5087908951e+00 2.8611499156e-01 7.2142703171e+01
1.5058531266e+00 2.7861360755e-01 7.6819483732e+01
1.4799799104e+00 2.9542581298e-01 6.6225083331e+01
1.4308041227e+00 2.6820699078e-01 7.8203776466e+01
1.5058066418e+00 2.8319636019e-01 7.3642520295e+01
1.4880396145e+00 2.8193688727e-01 7.3129650743e+01
1.4866799879e+00 2.7606617909e-01 7.7071731622e+01
1.5056075402e+00 2.8021967115e-01 7.5596511614e+01
1.4643797509e+00 2.7403699968e-01 7.6609078524e+01
1.4979813488e+00 2.8421869141e-01 7.2486594398e+01
1.5192012953e+00 2.8388850927e-01 7.4196613947e+01
1.4622666024e+00 2.9100473413e-01 6.7117113352e+01
1.4989196865e+00 2.7920272549e-01 7.5765583130e+01
1.5054643005e+00 2.7900243364e-01 7.6482747241e+01
1.4896566567e+00 2.8212896971e-01 7.3129650743e+01
1.5003569475e+00 2.8637744070e-01 7.1452905485e+01
1.5034706429e+00 2.7510468515e-01 7.9706016880e+01
1.4944566235e+00 2.7325933896e-01 8.0578963045e+01
1.5248547906e+00 2.8142099863e-01 7.6356348960e+01
1.4952443722e+00 2.8061403644e-01 7.4494341492e+01
1.4996657905e+00 2.7619261817e-01 7.8245611639e+01
1.4631890083e+00 2.6983652881e-01 8.0371326592e+01
1.4888001268e+00 2.8253316067e-01 7.2829835522e+01
1.5011929410e+00 2.8599509317e-01 7.1711900276e+01
1.5126876543e+00 3.0224525248e-01 6.5191610509e+01
1.5404005648e+00 2.8228987073e-01 7.7071731622e+01
1.5222910314e+00 2.8352950235e-01 7.4664278454e+01
1.5543683237e+00 2.8432818083e-01 7.6735343529e+01
1.4911777443e+00 2.8694466772e-01 7.0586708069e+01
1.5066358234e+00 2.7511099321e-01 8.0080420295e+01
1.5126466546e+00 2.7817192925e-01 7.7826969754e+01
1.5094956638e+00 2.8177691139e-01 7.4834077304e+01
1.5158171386e+00 2.7908874809e-01 7.7365699350e+01
1.4890055918e+00 2.7419218205e-01 7.8955857695e+01
1.5269050717e+00 2.7891546211e-01 7.8621845231e+01
1.4816141659e+00 2.8519785047e-01 7.0890391015e+01
1.5035131348e+00 2.7687424182e-01 7.8036371717e+01
1.5029051603e+00 2.9381830217e-01 6.8047482582e+01
1.5351931472e+00 2.8384531271e-01 7.5469623924e+01
1.5267190950e+00 3.1472598778e-01 6.1665111719e+01
1.4695583179e+00 2.8236086147e-01 7.1625611953e+01
1.4877167921e+00 2.7457780658e-01 7.8454692681e+01
1.5113280848e+00 2.7903654599e-01 7.6987677568e+01
1.5129612146e+00 2.7740341621e-01 7.8538281315e+01
1.4786898728e+00 2.8089612622e-01 7.3086849324e+01
1.4984042310e+00 2.7519113602e-01 7.9039301002e+01
1.5169335538e+00 2.7660955345e-01 7.9747638907e+01
1.4840669639e+00 2.7597037193e-01 7.6903595008e+01
1.5033977252e+00 2.7517760281e-01 7.9622756324e+01
1.5007671428e+00 2.8007334208e-01 7.5300326848e+01
1.5053629796e+00 2.8091780098e-01 7.5088520605e+01
1.4751579228e+00 2.8172086572e-01 7.2357712234e+01
1.4948521480e+00 2.8281738645e-01 7.3086849324e+01
1.4587314817e+00 2.6935701557e-01 8.0329784068e+01
1.5307247578e+00 2.8101707947e-01 7.7197759713e+01
1.4926046443e+00 2.7556334893e-01 7.8078232563e+01
1.5032883847e+00 2.8208529583e-01 7.4154045875e+01
1.4970954167e+00 2.7378557042e-01 8.0329784068e+01
1.4807783259e+00 2.9598556871e-01 6.6045949091e+01
1.4927775779e+00 2.7719892383e-01 7.6735343529e+01
1.4752870422e+00 2.7437931472e-01 7.7365699350e+01
1.5080384192e+00 2.7688176895e-01 7.8496490101e+01
1.4776877042e+00 2.7603442864e-01 7.6272045862e+01
1.4902650417e+00 2.8061594538e-01 7.4111468825e+01
1.5339907701e+00 2.8413507746e-01 7.5173267951e+01
1.5276528599e+00 2.7816767384e-01 7.9414507550e+01
1.5110155863e+00 2.7889512983e-01 7.7071731622e+01
1.5152151498e+00 2.8423582584e-01 7.3685198049e+01
1.5151357407e+00 2.7432109917e-01 8.2194472172e+01
1.5495397328e+00 2.8366372232e-01 7.6819483732e+01
1.5254553059e+00 2.9221429276e-01 7.0021208706e+01
1.4812211186e+00 2.7655991901e-01 7.6187712450e+01
1.5173389963e+00 2.7711259228e-01 7.9289490537e+01
1.5155391500e+00 2.8254789666e-01 7.4791640439e+01
1.4535260797e+00 2.6828570623e-01 8.0869445111e+01
1.4964874553e+00 2.7891826809e-01 7.5765583130e+01
1.5189876686e+00 2.8046330708e-01 7.6566975496e+01
1.4837724896e+00 2.7130226393e-01 8.1449707735e+01
1.5113400058e+00 2.7857071042e-01 7.7365699350e+01
1.4537781899e+00 2.9048533741e-01 6.6894664723e+01
1.5140585814e+00 2.7721399373e-01 7.8830648187e+01
1.4699783434e+00 2.8194083595e-01 7.1884348405e+01
1.5368681340e+00 2.8582230150e-01 7.4281723271e+01
1.4950828236e+00 2.7263313887e-01 8.1408290413e+01
1.5131728815e+00 2.8491416517e-01 7.3129650743e+01
1.4954003587e+00 2.7186361144e-01 8.2483737725e+01
1.4863372586e+00 2.7911912774e-01 7.4791640439e+01
1.5195264451e+00 2.7901520623e-01 7.7785069637e+01
1.4882633021e+00 2.7222540916e-01 8.0952396196e+01
1.4657796103e+00 2.7893394001e-01 7.3343513034e+01
1.4886055444e+00 2.8363245944e-01 7.2185725677e+01
1.5223068499e+00 2.7714412580e-01 7.9830866582e+01
1.4685881977e+00 2.7027807258e-01 8.0578963045e+01
1.5346609383e+00 2.8027196842e-01 7.8203776466e+01
1.5036816371e+00 2.7579963831e-01 7.9039301002e+01
1.5116431121e+00 2.7781372786e-01 7.8036371717e+01
1.4988868273e+00 2.8150054936e-01 7.4196613947e+01
1.5015766922e+00 2.7790458328e-01 7.6987677568e+01
1.4907293523e+00 2.7969937291e-01 7.4749195028e+01
1.5015405612e+00 2.7250733717e-01 8.2566349319e+01
1.5113856614e+00 2.7852505478e-01 7.7407666966e+01
1.5120618261e+00 2.7875675770e-01 7.7281743419e+01
1.5061535137e+00 2.7332776169e-01 8.2153132349e+01
1.5046522546e+00 2.7800104756e-01 7.7197759713e+01
1.4986563126e+00 2.7674941073e-01 7.7659329379e+01
1.5227573874e+00 2.8670626078e-01 7.2744085313e+01
1.5218122826e+00 2.7400231536e-01 8.3844952912e+01
1.5002149048e+00 2.8062558006e-01 7.4876505650e+01
1.5030619143e+00 2.7279649438e-01 8.2401110412e+01
1.4488558389e+00 2.8057865816e-01 7.1236776285e+01
1.5172183938e+00 2.8814692282e-01 7.1582451612e+01
1.5112227297e+00 2.7369745838e-01 8.2442426045e+01
1.5191451252e+00 2.7757833730e-01 7.9039301002e+01
1.5084252713e+00 2.8420950805e-01 7.3215224529e+01
1.4785345257e+00 2.7383533405e-01 7.8161934912e+01
1.4795647436e+00 2.7776515019e-01 7.5173267951e+01
1.4857400009e+00 2.7520012437e-01 7.7701249475e+01
1.5383013154e+00 2.8438912011e-01 7.5342663360e+01
1.5163766683e+00 2.7807492019e-01 7.8287440457e+01
1.4674470817e+00 2.7726646859e-01 7.4536838781e+01
1.4917092440e+00 2.7555472619e-01 7.7994504389e+01
1.5555781548e+00 2.8403439036e-01 7.7071731622e+01
1.4760891505e+00 2.7402769368e-01 7.7743162886e+01
1.5464900621e+00 2.8854380073e-01 7.3300759781e+01
1.4909517566e+00 2.7450462970e-01 7.8872390662e+01
1.4680373247e+00 2.6992994489e-01 8.0910923055e+01
1.4968855579e+00 2.8214272463e-01 7.3642520295e+01
1.4929043625e+00 2.7345573873e-01 8.0163562403e+01
1.5192222363e+00 2.7659236159e-01 8.0038841340e+01
1.5454796306e+00 2.8132219482e-01 7.8371079129e+01
1.4949187890e+00 2.7867657800e-01 7.5807831180e+01
1.5031184551e+00 2.7998814743e-01 7.5554223768e+01
1.5135261732e+00 2.7774640196e-01 7.8287440457e+01
1.4967547190e+00 2.8499209764e-01 7.1970508727e+01
1.5048053130e+00 2.8510540322e-01 7.2443643876e+01
1.5467101475e+00 2.7872087150e-01 8.1159690671e+01
1.4849336857e+00 2.8052270063e-01 7.3770525678e+01
1.4648895850e+00 2.8117426665e-01 7.1970508727e+01
1.4997396224e+00 2.7702427218e-01 7.7533528720e+01
1.5301739339e+00 2.7792325959e-01 7.9955667504e+01
1.5094826988e+00 2.7997414114e-01 7.6103348511e+01
1.5027103651e+00 2.7450633017e-01 8.0246683597e+01
1.4861457545e+00 2.7298894630e-01 7.9830866582e+01
1.5246523725e+00 2.8162341672e-01 7.6187712450e+01
1.4668683978e+00 2.7694514517e-01 7.4706741043e+01
1.4716817031e+00 2.7078211902e-01 8.0412864007e+01
1.4738822322e+00 2.8164347212e-01 7.2314731052e+01
1.5011555998e+00 2.8467161159e-01 7.2443643876e+01
1.4917600114e+00 2.9542802281e-01 6.6805582219e+01
1.5358703764e+00 2.8590683634e-01 7.4154045875e+01
1.4731359073e+00 2.9006186653e-01 6.8091632103e+01
1.5242664944e+00 2.7563920081e-01 8.1822263856e+01
1.5035909944e+00 2.8314339374e-01 7.3514430919e+01
1.5047012372e+00 2.7885870412e-01 7.6524865077e+01
1.4870637168e+00 2.7477935214e-01 7.8203776466e+01
1.5173864146e+00 2.7979153759e-01 7.6945639864e+01
1.4978744314e+00 2.7979510298e-01 7.5257982128e+01
1.5107194591e+00 2.7737598226e-01 7.8329262945e+01
1.5023996717e+00 2.7753463508e-01 7.7365699350e+01
1.5146631541e+00 2.7706345075e-01 7.9039301002e+01
1.4949956288e+00 2.7226834141e-01 8.1863637206e+01
1.5136516170e+00 2.8034571169e-01 7.6187712450e+01
1.5264605870e+00 2.8528125024e-01 7.3855816334e+01
1.4989335056e+00 2.8190697930e-01 7.3941070253e+01
1.4537685145e+00 2.7118067543e-01 7.7952630554e+01
1.4973532311e+00 2.8847398028e-01 7.0195421835e+01
1.5412277348e+00 2.8146270078e-01 7.7826969754e+01
1.4404432830e+00 2.7688980112e-01 7.2744085313e+01
1.5143906816e+00 2.9097463496e-01 6.9977625389e+01
1.4986562618e+00 2.7946615015e-01 7.5554223768e+01
1.4663790254e+00 3.0585897842e-01 6.1990322586e+01
1.4975109203e+00 2.7608444670e-01 7.8120086953e+01
1.5277344655e+00 2.8036272796e-01 7.7449627715e+01
1.5139535708e+00 2.8186102710e-01 7.5130898438e+01
1.4538833751e+00 2.7689747096e-01 7.3727866500e+01
1.5167197120e+00 2.7500689285e-01 8.1532528898e+01
1.5075762033e+00 2.7734398484e-01 7.8036371717e+01
1.4725873590e+00 2.8880421886e-01 6.8620370565e+01
1.4540731992e+00 2.6684253534e-01 8.2896642113e+01
1.4863682155e+00 2.8767968289e-01 6.9934029987e+01
1.5008171770e+00 2.7685235745e-01 7.7785069637e+01
1.4630696948e+00 2.7624613394e-01 7.4876505650e+01
1.4985207232e+00 2.7869597203e-01 7.6103348511e+01
1.5278449063e+00 2.8572017002e-01 7.3685198049e+01
1.4863018665e+00 2.7193035361e-01 8.1035328162e+01
1.4755907987e+00 2.9212516374e-01 6.7339198059e+01
1.5477277546e+00 2.9371732822e-01 7.0586708069e+01
1.5732541733e+00 2.8654969764e-01 7.6693262514e+01
1.5311305669e+00 2.8015555614e-01 7.7952630554e+01
1.5189299876e+00 2.7870249264e-01 7.7994504389e+01
1.4883728256e+00 2.7663176116e-01 7.6777417260e+01
1.5026866612e+00 2.8041994126e-01 7.5215629171e+01
1.5005420718e+00 2.7667462348e-01 7.7910750187e+01
1.4721990979e+00 2.8422862390e-01 7.0803681768e+01
1.5075739011e+00 2.7870687947e-01 7.6903595008e+01
1.4764521753e+00 2.7456575909e-01 7.7323724844e+01
1.5128367308e+00 2.8388673170e-01 7.3727866500e+01
1.4903850614e+00 2.7507132490e-01 7.8287440457e+01
1.4990776596e+00 2.7497023880e-01 7.9331168577e+01
1.4655130088e+00 2.8325248982e-01 7.0890391015e+01
1.5255121308e+00 2.7666773684e-01 8.0744982225e+01
1.5260792024e+00 2.7928611422e-01 7.8203776466e+01
1.5178635323e+00 2.8022351435e-01 7.6651174188e+01
1.4547508703e+00 2.7782565106e-01 7.3215224529e+01
1.4899025643e+00 2.7194050464e-01 8.1532528898e+01
1.4776731917e+00 2.9773253172e-01 6.5236720786e+01
1.5228789356e+00 2.7611735873e-01 8.1035328162e+01
1.5118560729e+00 2.7760076696e-01 7.8245611639e+01
1.5019151031e+00 2.7937852845e-01 7.5892303678e+01
1.5129554665e+00 2.7922520645e-01 7.6987677568e+01
1.5299816359e+00 2.8495127087e-01 7.4324264582e+01
1.4491948268e+00 2.9686902482e-01 6.4240429216e+01
1.4922270105e+00 2.7865397656e-01 7.5596511614e+01
1.4723691157e+00 2.8000074409e-01 7.3172442467e+01
1.5021930009e+00 2.8136694040e-01 7.4536838781e+01
1.5114252265e+00 2.8666182014e-01 7.2013573065e+01
1.5342582044e+00 2.7748363284e-01 8.0952396196e+01
1.4881891192e+00 2.7952684328e-01 7.4664278454e+01
1.4816928364e+00 2.9960079511e-01 6.4739596839e+01
1.5526229951e+00 2.8286856479e-01 7.7743162886e+01
1.5195234941e+00 2.7674551695e-01 7.9914072577e+01
1.5239497279e+00 2.8278135501e-01 7.5300326848e+01
1.5295913615e+00 2.9035986345e-01 7.1193517300e+01
1.4542595413e+00 2.6755224462e-01 8.1905006284e+01
1.4918281319e+00 2.7136964189e-01 8.2607649278e+01
1.4972838347e+00 2.8536946739e-01 7.1798145674e+01
1.5054611246e+00 2.7583250692e-01 7.9206117227e+01
1.4923728874e+00 2.8439100723e-01 7.2013573065e+01
1.5134824306e+00 2.7597440935e-01 7.9997257084e+01
1.5131551615e+00 2.7357922668e-01 8.2937911806e+01
1.5071143769e+00 2.8143482554e-01 7.4876505650e+01
1.5166701343e+00 2.7641878984e-01 7.9914072577e+01
1.4843980561e+00 2.7202966574e-01 8.0661982523e+01
1.4768727615e+00 2.7054173959e-01 8.1408290413e+01
1.5382633918e+00 2.7849382347e-01 8.0329784068e+01
1.5219132138e+00 2.7890203549e-01 7.8120086953e+01
1.5132043705e+00 2.7716026028e-01 7.8788899706e+01
1.4854657659e+00 2.7096195590e-01 8.2153132349e+01
1.4834883925e+00 2.8467960073e-01 7.1280024178e+01
1.5473095396e+00 2.8863975548e-01 7.3300759781e+01
1.5103909994e+00 2.7815820311e-01 7.7617402571e+01
1.4865927016e+00 2.7525036734e-01 7.7743162886e+01
1.5221365938e+00 2.8504982104e-01 7.3685198049e+01
1.4729695279e+00 2.7804840658e-01 7.4451835457e+01
1.5297907595e+00 2.8149536348e-01 7.6735343529e+01
1.5019661656e+00 2.7434496682e-01 8.0329784068e+01
1.4945189354e+00 2.7545756637e-01 7.8371079129e+01
1.5118625121e+00 2.7714048996e-01 7.8663617982e+01
1.5126770370e+00 2.7632596502e-01 7.9539473606e+01
1.5027519445e+00 2.7582338349e-01 7.8914127157e+01
1.5170597868e+00 2.8057269351e-01 7.6314201186e+01
1.4977715451e+00 2.7310944202e-01 8.1201135484e+01
1.4921166957e+00 2.8555283872e-01 7.1366486818e+01
1.5087456001e+00 2.7889611852e-01 7.6861542972e+01
1.4777347159e+00 2.7148119253e-01 8.0412864007e+01
1.5074169581e+00 2.7478308204e-01 8.0537445831e+01
1.5475060425e+00 2.8432500650e-01 7.6145534310e+01
1.4916095172e+00 2.7881920794e-01 7.5427311870e+01
1.5289246621e+00 2.8281717514e-01 7.5681063290e+01
1.5113333425e+00 2.7721585994e-01 7.8538281315e+01
1.5293329872e+00 2.8286460251e-01 7.5681063290e+01
1.4918171909e+00 2.7409103357e-01 7.9372840907e+01
1.5067301234e+00 2.9317557185e-01 6.8532381435e+01
1.4942040500e+00 2.8844925212e-01 7.0021208706e+01
1.4882546338e+00 2.7539478545e-01 7.7785069637e+01
1.4877131152e+00 2.7412995378e-01 7.8872390662e+01
1.4979354653e+00 2.7475495447e-01 7.9414507550e+01
1.5169146666e+00 2.8572015036e-01 7.2915546096e+01
1.4639307483e+00 2.7538508046e-01 7.5554223768e+01
1.4811599532e+00 2.7526776864e-01 7.7197759713e+01
1.4302465790e+00 2.9829054601e-01 6.2914167103e+01
1.4785416848e+00 2.7337749448e-01 7.8580066351e+01
1.5371978633e+00 2.7955935200e-01 7.9122720780e+01
1.4836296836e+00 2.7911648332e-01 7.4579327351e+01
1.5373294449e+00 2.7988394298e-01 7.8830648187e+01
1.4907180033e+00 2.9828499867e-01 6.5641981762e+01
1.4984094118e+00 2.7926012255e-01 7.5681063290e+01
1.4723681192e+00 2.7279549290e-01 7.8454692681e+01
1.5060189868e+00 2.7436838983e-01 8.0827962340e+01
1.4977884484e+00 2.7625945002e-01 7.7994504389e+01
1.5125066027e+00 2.8512587762e-01 7.2958386597e+01
1.5007761542e+00 2.7734625775e-01 7.7365699350e+01
1.5481667748e+00 2.8824029339e-01 7.3599833208e+01
1.5202896381e+00 2.7779740858e-01 7.8955857695e+01
1.5146573806e+00 2.8115721727e-01 7.5681063290e+01
1.5220554713e+00 2.8330984531e-01 7.4791640439e+01
1.5121620753e+00 2.8819837779e-01 7.1236776285e+01
1.4896086480e+00 2.8262935586e-01 7.2829835522e+01
1.5304165889e+00 2.7950262067e-01 7.8454692681e+01
1.5016352875e+00 2.7150758661e-01 8.4215556278e+01
1.5071795055e+00 2.7366097939e-01 8.1863637206e+01
1.4946862890e+00 2.7393377363e-01 7.9872472277e+01
1.5291228754e+00 2.8672210922e-01 7.3172442467e+01
1.4817080161e+00 2.7021116324e-01 8.2607649278e+01
1.5218620457e+00 2.7758892991e-01 7.9331168577e+01
1.5010663348e+00 2.7162408489e-01 8.3886143545e+01
1.4857055496e+00 2.7297789152e-01 7.9789255467e+01
1.4843465641e+00 2.7569077172e-01 7.7155757380e+01
1.5246500978e+00 2.7980489915e-01 7.7617402571e+01
1.5380694226e+00 2.7777556209e-01 8.1118241196e+01
1.4971539492e+00 2.8096846278e-01 7.4409320646e+01
1.4984222421e+00 2.8151206475e-01 7.4154045875e+01
1.5334200591e+00 2.7786606392e-01 8.0412864007e+01
1.5040624302e+00 2.7541884528e-01 7.9456168532e+01
1.5055574962e+00 2.7754910626e-01 7.7659329379e+01
1.4849564714e+00 2.7147125038e-01 8.1408290413e+01
1.4778194865e+00 2.8086395465e-01 7.3044038180e+01
1.4736649369e+00 2.7465019049e-01 7.6987677568e+01
1.5093332845e+00 2.8511830407e-01 7.2744085313e+01
1.4694188666e+00 2.7484466067e-01 7.6440621960e+01
1.5157155462e+00 2.8328074819e-01 7.4324264582e+01
1.5238798719e+00 2.8103026575e-01 7.6566975496e+01
1.4917513327e+00 2.7144644110e-01 8.2483737725e+01
1.4879878158e+00 2.9239956083e-01 6.7870746947e+01
1.4928099133e+00 2.8531249873e-01 7.1539280443e+01
1.4678486499e+00 2.7596489307e-01 7.5469623924e+01
1.5483825922e+00 2.8253370972e-01 7.7617402571e+01
1.4551025664e+00 2.7343455860e-01 7.6229882959e+01
1.5232234894e+00 2.8168664822e-01 7.6018953826e+01
1.4954874051e+00 2.7494132003e-01 7.8955857695e+01
1.5117510011e+00 2.7634444020e-01 7.9414507550e+01
1.4678369345e+00 2.7417705813e-01 7.6819483732e+01
1.5127808836e+00 2.7486083495e-01 8.1159690671e+01
1.5147047255e+00 2.7339071581e-01 8.3515311021e+01
1.5086307872e+00 2.8218779664e-01 7.4494341492e+01
1.5229923187e+00 2.7509472800e-01 8.2359790805e+01
1.5391800190e+00 2.8122764567e-01 7.7826969754e+01
1.4893336977e+00 2.8426166932e-01 7.1884348405e+01
1.5074462000e+00 2.7928818821e-01 7.6440621960e+01
1.5029852030e+00 2.7559012503e-01 7.9164421908e+01
1.5122687608e+00 2.8354583712e-01 7.3898447871e+01
1.5090320344e+00 2.9405777011e-01 6.8268093799e+01
1.5061807600e+00 2.7964645140e-01 7.6061155025e+01
1.5402075222e+00 2.7883093766e-01 8.0205125602e+01
1.4864532738e+00 2.7223016732e-01 8.0703484835e+01
1.5104287763e+00 2.9402622064e-01 6.8356243358e+01
1.5141866502e+00 2.7844812923e-01 7.7743162886e+01
1.4838623263e+00 2.7346756748e-01 7.9081013820e+01
1.4921204476e+00 2.8011755623e-01 7.4579327351e+01
1.5396299614e+00 2.8945730335e-01 7.2314731052e+01
1.5333706711e+00 2.8201825548e-01 7.6651174188e+01
1.5405245007e+00 2.8033964186e-01 7.8747145195e+01
1.4783873326e+00 2.8029610852e-01 7.3428990941e+01
1.4987116413e+00 2.7805225330e-01 7.6609078524e+01
1.5156141823e+00 2.7475044856e-01 8.1698117953e+01
1.5030640961e+00 2.7687021067e-01 7.7994504389e+01
1.5313627159e+00 2.7718992426e-01 8.0910923055e+01
1.4999554426e+00 2.7590296605e-01 7.8538281315e+01
1.5158558494e+00 2.8177663089e-01 7.5342663360e+01
1.4932704514e+00 2.7987242271e-01 7.4834077304e+01
1.5697045020e+00 2.8642275630e-01 7.6482747241e+01
1.4898659110e+00 2.8644522144e-01 7.0760310020e+01
1.5126358880e+00 2.7727482816e-01 7.8621845231e+01
1.4950461098e+00 2.8715393039e-01 7.0716926810e+01
1.5344180368e+00 2.7869117250e-01 7.9664389360e+01
1.5218842197e+00 2.7847623348e-01 7.8496490101e+01
1.5271181732e+00 2.7642665717e-01 8.1242575657e+01
1.4947217390e+00 2.7389832359e-01 7.9914072577e+01
1.5036786030e+00 2.8260217754e-01 7.3855816334e+01
1.5051738413e+00 2.7430743414e-01 8.0786474719e+01
1.4956380810e+00 2.7388623591e-01 8.0038841340e+01
1.4886288016e+00 2.7185990965e-01 8.1449707735e+01
1.5019297791e+00 2.9161332815e-01 6.8971801420e+01
1.5059485793e+00 2.7851815481e-01 7.6903595008e+01
1.5500261903e+00 2.9646150587e-01 6.9409929629e+01
1.4947689969e+00 2.9514171931e-01 6.7072652904e+01
1.5217616277e+00 2.7814406759e-01 7.8788899706e+01
1.5319916862e+00 2.8020590348e-01 7.7994504389e+01
1.4939547634e+00 2.7421322989e-01 7.9497823876e+01
1.5148397898e+00 2.8461118581e-01 7.3428990941e+01
1.4708284589e+00 2.7208523148e-01 7.8955857695e+01
1.4815282564e+00 2.7399744792e-01 7.8329262945e+01
1.5024128788e+00 2.7978716139e-01 7.5638791445e+01
1.4788541093e+00 2.7396646946e-01 7.8078232563e+01
1.4961984179e+00 2.8192399409e-01 7.3727866500e+01
1.4859359695e+00 2.7997225502e-01 7.4196613947e+01
1.4600087910e+00 2.7122091569e-01 7.8580066351e+01
1.4871978156e+00 2.7238818342e-01 8.0620475268e+01
1.4904706069e+00 2.8131501954e-01 7.3685198049e+01
1.4971407121e+00 2.7283578965e-01 8.1449707735e+01
1.5367554189e+00 2.8547838614e-01 7.4494341492e+01
1.4779685845e+00 2.6989621042e-01 8.2442426045e+01
1.5557750559e+00 2.8154767267e-01 7.9247806762e+01
1.5090291598e+00 2.7861255873e-01 7.7113748025e+01
1.5228224828e+00 2.7708321242e-01 7.9955667504e+01
1.4829855904e+00 2.7389319811e-01 7.8580066351e+01
1.4817197529e+00 2.7967182491e-01 7.4068882767e+01
1.4733603492e+00 2.7405415188e-01 7.7449627715e+01
1.5116272188e+00 2.7419999261e-01 8.1822263856e+01
1.5227369140e+00 2.7807833532e-01 7.8955857695e+01
1.5306778622e+00 2.8106397507e-01 7.7155757380e+01
1.4751931197e+00 2.6952043065e-01 8.2525045476e+01
1.5026069898e+00 2.7460970551e-01 8.0121993975e+01
1.4547653431e+00 2.7197750370e-01 7.7365699350e+01
1.5235699058e+00 2.7770017804e-01 7.9414507550e+01
1.5370906231e+00 2.8149151155e-01 7.7407666966e+01
1.5562361887e+00 2.8841729811e-01 7.4068882767e+01
1.5062707083e+00 2.7728923298e-01 7.7952630554e+01
1.4794413150e+00 2.8014468405e-01 7.3599833208e+01
1.4943722919e+00 2.7605643326e-01 7.7826969754e+01
1.5411751172e+00 2.8014554133e-01 7.8997582302e+01
1.5175926814e+00 2.7731320530e-01 7.9122720780e+01
1.5250079941e+00 2.8035732249e-01 7.7197759713e+01
1.5321361111e+00 2.8051726928e-01 7.7743162886e+01
1.4888027930e+00 2.7891316947e-01 7.5130898438e+01
1.5230125024e+00 2.9237642419e-01 6.9803170919e+01
1.4777099206e+00 2.7060520679e-01 8.1449707735e+01
1.5776087578e+00 2.8587415024e-01 7.7617402571e+01
1.5120972230e+00 2.7554449557e-01 8.0288236411e+01
1.5292609428e+00 2.9571321701e-01 6.8620370565e+01
1.4847854614e+00 2.6983837989e-01 8.3762562043e+01
1.4726741962e+00 2.8149877154e-01 7.2314731052e+01
1.4852975665e+00 2.7067912724e-01 8.2525045476e+01
1.5083865367e+00 2.8288603847e-01 7.4026287672e+01
1.5145049178e+00 2.7858400635e-01 7.7659329379e+01
1.4984137042e+00 2.7563419420e-01 7.8621845231e+01
1.5521936417e+00 2.8055230673e-01 7.9830866582e+01
1.4853014474e+00 2.7157734107e-01 8.1325442176e+01
1.4987241853e+00 2.8438241717e-01 7.2443643876e+01
1.5254553059e+00 2.9221429276e-01 7.0021208706e+01
1.5157417606e+00 2.8507348869e-01 7.3215224529e+01
1.4976224509e+00 2.8321803394e-01 7.3044038180e+01
1.5140983795e+00 2.7717419563e-01 7.8872390662e+01
1.4975309652e+00 2.7696950308e-01 7.7365699350e+01
1.4875854106e+00 2.7561236315e-01 7.7533528720e+01
1.4669678357e+00 2.7189843463e-01 7.8705384629e+01
1.5015850020e+00 2.7699032602e-01 7.7743162886e+01
1.5293104057e+00 2.7605491090e-01 8.2029088124e+01
1.5399856863e+00 2.7996553857e-01 7.9039301002e+01
1.4666440065e+00 2.7177274404e-01 7.8788899706e+01
1.5157155462e+00 2.8328074819e-01 7.4324264582e+01
1.5090817823e+00 2.7357151982e-01 8.2277139574e+01
1.4937481296e+00 2.7487193300e-01 7.8830648187e+01
1.4742007379e+00 2.7096287417e-01 8.0537445831e+01
1.4742863720e+00 2.8439706912e-01 7.0847042089e+01
1.4987601916e+00 2.7800370296e-01 7.6651174188e+01
1.4724086925e+00 2.7275491960e-01 7.8496490101e+01
1.4715007127e+00 2.7681441477e-01 7.5173267951e+01
1.4767074234e+00 2.7205807524e-01 7.9664389360e+01
1.5071706014e+00 2.8137860110e-01 7.4918925507e+01
1.4559692808e+00 3.0677688615e-01 6.1292218423e+01
1.4950969993e+00 2.7171501713e-01 8.2648945375e+01
1.4859516696e+00 2.7273177152e-01 8.0080420295e+01
1.4826759474e+00 2.7104618537e-01 8.1615332242e+01
1.4992251319e+00 2.7572794472e-01 7.8621845231e+01
1.5087456001e+00 2.7889611852e-01 7.6861542972e+01
1.5140966172e+00 2.7899230699e-01 7.7281743419e+01
1.5120069106e+00 2.7790380563e-01 7.7994504389e+01
1.5116397682e+00 2.8599271211e-01 7.2400683165e+01
1.4901386132e+00 2.8707808210e-01 7.0456384946e+01
1.4860364941e+00 2.8710638003e-01 7.0195421835e+01
1.5088907660e+00 2.7376253612e-01 8.1987731721e+01
1.5127033583e+00 2.7584584416e-01 8.0038841340e+01
1.4752253583e+00 2.6993825375e-01 8.1946371115e+01
1.4920606983e+00 2.8062972146e-01 7.4239173069e+01
1.5151846385e+00 2.7881269028e-01 7.7533528720e+01
1.4946958361e+00 2.7347215721e-01 8.0371326592e+01
1.4781023297e+00 2.7516900674e-01 7.6987677568e+01
1.5066888728e+00 2.7959190776e-01 7.6145534310e+01
1.4862825583e+00 2.8731280875e-01 7.0108339229e+01
1.5069002924e+00 2.8346433844e-01 7.3557136760e+01
1.5499739618e+00 2.8643310643e-01 7.4876505650e+01
1.5029339088e+00 2.8334687182e-01 7.3343513034e+01
1.5194387309e+00 2.8956939413e-01 7.0977054822e+01
1.5008763975e+00 2.8268354378e-01 7.3599833208e+01
1.4834296521e+00 2.7299806974e-01 7.9497823876e+01
1.4991644859e+00 2.7262114051e-01 8.2029088124e+01
1.5210089096e+00 2.8390122805e-01 7.4324264582e+01
1.5039789160e+00 2.8411652532e-01 7.2958386597e+01
1.5258048060e+00 2.8092627693e-01 7.6819483732e+01
1.4567347052e+00 2.8303072067e-01 7.0456384946e+01
1.4908788530e+00 2.7231892085e-01 8.1201135484e+01
1.5210872434e+00 2.7609070877e-01 8.0827962340e+01
1.5127320608e+00 2.7990271861e-01 7.6440621960e+01
1.5276106626e+00 2.8185298564e-01 7.6272045862e+01
1.4764773471e+00 2.7589251261e-01 7.6272045862e+01
1.5014963811e+00 2.7753190140e-01 7.7281743419e+01
1.5473095396e+00 2.8863975548e-01 7.3300759781e+01
1.5172054953e+00 2.8133615607e-01 7.5765583130e+01
1.5059595598e+00 2.7352171559e-01 8.1863637206e+01
1.4918942794e+00 2.7672578320e-01 7.7029708145e+01
1.4835928551e+00 2.7148189844e-01 8.1201135484e+01
1.4735968881e+00 2.8057607967e-01 7.2915546096e+01
1.5052633448e+00 2.8147104338e-01 7.4706741043e+01
1.4829487746e+00 2.8612339585e-01 7.0499837642e+01
1.4956395246e+00 2.7659847924e-01 7.7491581624e+01
1.4461793033e+00 2.6667896909e-01 8.1822263856e+01
1.5221573521e+00 2.7956760444e-01 7.7575469027e+01
1.4936486296e+00 2.7587568726e-01 7.7910750187e+01
1.4774339899e+00 2.8260334601e-01 7.2013573065e+01
1.5305233017e+00 2.7757389181e-01 8.0371326592e+01
1.5386814422e+00 2.8400899332e-01 7.5638791445e+01
1.5220998398e+00 2.8098996471e-01 7.6440621960e+01
1.5234271005e+00 2.7511455087e-01 8.2401110412e+01
1.5133527769e+00 2.7565022509e-01 8.0329784068e+01
1.5192458303e+00 2.8247912629e-01 7.5130898438e+01
1.5290437679e+00 2.8087544162e-01 7.7155757380e+01
1.4949932056e+00 2.7588778148e-01 7.8036371717e+01
1.5128519588e+00 3.0390525652e-01 6.4603665541e+01
1.5070787192e+00 2.8419385600e-01 7.3129650743e+01
1.5096411517e+00 2.7618605967e-01 7.9331168577e+01
1.5575989692e+00 2.8338792224e-01 7.7785069637e+01
1.5249069326e+00 2.7772788434e-01 7.9539473606e+01
1.4909121393e+00 2.7589987712e-01 7.7617402571e+01
1.5498515093e+00 2.8518235357e-01 7.5723327176e+01
1.5208109081e+00 2.9138668159e-01 7.0151886504e+01
1.4773491338e+00 2.8313957751e-01 7.1711900276e+01
1.4793028474e+00 2.9112587779e-01 6.7959142354e+01
1.4851474366e+00 2.6992731694e-01 8.3680158222e+01
1.4869911346e+00 2.7620663922e-01 7.6987677568e+01
1.4919373227e+00 2.8799698413e-01 7.0108339229e+01
1.5046353060e+00 2.8028488215e-01 7.5469623924e+01
1.4797018232e+00 2.7943287756e-01 7.4068882767e+01
1.5274505744e+00 2.8246863517e-01 7.5807831180e+01
1.4998596593e+00 2.7645147310e-01 7.8036371717e+01
1.5183926071e+00 2.8333234951e-01 7.4494341492e+01
1.5629937699e+00 2.8762311838e-01 7.5088520605e+01
1.5354362850e+00 2.8040869967e-01 7.8161934912e+01
1.5035683940e+00 2.7636591278e-01 7.8496490101e+01
1.4975309652e+00 2.7696950308e-01 7.7365699350e+01
1.4717926498e+00 2.7562185132e-01 7.6061155025e+01
1.5106757661e+00 2.8105083884e-01 7.5427311870e+01
1.5065328967e+00 2.7340141006e-01 8.2111788416e+01
1.4436946110e+00 2.8035798350e-01 7.1020369769e+01
1.5084816440e+00 2.7870639020e-01 7.6987677568e+01
1.4831867540e+00 2.7730195727e-01 7.5807831180e+01
1.4768727615e+00 2.7054173959e-01 8.1408290413e+01
1.5246364450e+00 2.8619400196e-01 7.3172442467e+01
1.4991670878e+00 2.8575310031e-01 7.1711900276e+01
1.4798210241e+00 2.7299955467e-01 7.9081013820e+01
1.4812022746e+00 2.8199549916e-01 7.2615385143e+01
1.4535586955e+00 2.8845529716e-01 6.7738049690e+01
1.4715028077e+00 2.7906456223e-01 7.3685198049e+01
1.4514140803e+00 2.6591900386e-01 8.3927331007e+01
1.4953710319e+00 2.7777184226e-01 7.6524865077e+01
1.4680705869e+00 2.7304386287e-01 7.7785069637e+01
1.5170275002e+00 2.8788263741e-01 7.1711900276e+01
1.5005465407e+00 2.8437364747e-01 7.2572465000e+01
1.5346340377e+00 2.8075488894e-01 7.7785069637e+01
1.5023899241e+00 2.8026337808e-01 7.5300326848e+01
1.5079143598e+00 2.7700582828e-01 7.8371079129e+01
1.4875809444e+00 2.7697188130e-01 7.6440621960e+01
1.5008779111e+00 2.7543322132e-01 7.9081013820e+01
1.4977023238e+00 2.8359130774e-01 7.2829835522e+01
1.4352828927e+00 2.8742510006e-01 6.7205990618e+01
1.5177804049e+00 2.8439946274e-01 7.3770525678e+01
1.5042467874e+00 2.7523448801e-01 7.9664389360e+01
1.4730603959e+00 2.7030320143e-01 8.1159690671e+01
1.5386042166e+00 2.7632869012e-01 8.3144205481e+01
1.4779685845e+00 2.6989621042e-01 8.2442426045e+01
1.5071819320e+00 2.7637800930e-01 7.8872390662e+01
1.5206439174e+00 2.8608716552e-01 7.2958386597e+01
1.5346353588e+00 2.7756223089e-01 8.0910923055e+01
1.5206308250e+00 2.8473449157e-01 7.3770525678e+01
1.5133878368e+00 2.8970196775e-01 7.0543278672e+01
1.5212325127e+00 2.7821846297e-01 7.8663617982e+01
1.5519800531e+00 2.8259615075e-01 7.7910750187e+01
1.4555476927e+00 2.7702882861e-01 7.3770525678e+01
1.4607413904e+00 2.7812487989e-01 7.3471715656e+01
1.5122802547e+00 2.7490777947e-01 8.1035328162e+01
1.4559163520e+00 3.0051136982e-01 6.3281565414e+01
1.5018477283e+00 2.7989908836e-01 7.5511927880e+01
1.5024267661e+00 2.8566867528e-01 7.1970508727e+01
1.4561623049e+00 2.9035172451e-01 6.7072652904e+01
1.4997373929e+00 2.8019691392e-01 7.5130898438e+01
1.4859936605e+00 2.7630093817e-01 7.6819483732e+01
1.4756095727e+00 2.7901426863e-01 7.4026287672e+01
1.4745525705e+00 2.8187515135e-01 7.2228737805e+01
1.5459714030e+00 2.8540225349e-01 7.5257982128e+01
1.5108417368e+00 2.7362499733e-01 8.2483737725e+01
1.5345100709e+00 2.7814330946e-01 8.0246683597e+01
1.5475299319e+00 2.8018595498e-01 7.9664389360e+01
1.5056301552e+00 2.7294517285e-01 8.2607649278e+01
1.5202828142e+00 2.8826982598e-01 7.1711900276e+01
1.5088075692e+00 2.7520574927e-01 8.0246683597e+01
1.4834252867e+00 2.7210041770e-01 8.0454396336e+01
1.4619819092e+00 2.6969669695e-01 8.0371326592e+01
1.4753299774e+00 2.7839215537e-01 7.4409320646e+01
1.5051507124e+00 2.7795589012e-01 7.7281743419e+01
1.5011539893e+00 2.7425173409e-01 8.0329784068e+01
1.4976316087e+00 2.7505881106e-01 7.9081013820e+01
1.4305879368e+00 2.7958731711e-01 7.0586708069e+01
1.4746171594e+00 2.7189687002e-01 7.9581117748e+01
1.5220511767e+00 2.7558130360e-01 8.1573932786e+01
1.5004380336e+00 2.8040245127e-01 7.5046134423e+01
1.5084564487e+00 2.7419685344e-01 8.1366868568e+01
1.5071706014e+00 2.8137860110e-01 7.4918925507e+01
1.4990801475e+00 2.7315785635e-01 8.1325442176e+01
1.5006281875e+00 2.8111862915e-01 7.4579327351e+01
1.4784282355e+00 2.7799948636e-01 7.4918925507e+01
1.4934025150e+00 2.8562576747e-01 7.1409701632e+01
1.4941637677e+00 2.7807423609e-01 7.6187712450e+01
1.4505144246e+00 2.6905752439e-01 7.9622756324e+01
1.4952234690e+00 2.7791940509e-01 7.6398489209e+01
1.5096654810e+00 2.8296929841e-01 7.4068882767e+01
1.4969516622e+00 2.7528634159e-01 7.8788899706e+01
1.5390691618e+00 2.9001810299e-01 7.1970508727e+01
1.5019003735e+00 2.7576916093e-01 7.8872390662e+01
1.5008411982e+00 2.7637549704e-01 7.8203776466e+01
1.5113690682e+00 2.8580888400e-01 7.2486594398e+01
1.4998792730e+00 2.8640150758e-01 7.1409701632e+01
1.5209239027e+00 2.7625404952e-01 8.0620475268e+01
1.5108979433e+00 2.7447573721e-01 8.1366868568e+01
1.5251484930e+00 2.7885140160e-01 7.8496490101e+01
1.4924996609e+00 2.7250492583e-01 8.1201135484e+01
1.4982406479e+00 2.7218807726e-01 8.2483737725e+01
1.4816249787e+00 2.7660724142e-01 7.6187712450e+01
1.4878471202e+00 2.8212938161e-01 7.3001217281e+01
1.4519392475e+00 2.7480359933e-01 7.4961336903e+01
1.5164781056e+00 2.7524849930e-01 8.1201135484e+01
1.5186362840e+00 2.7672393911e-01 7.9830866582e+01
1.5144093645e+00 2.8004222408e-01 7.6482747241e+01
1.5483906931e+00 2.8618551078e-01 7.4918925507e+01
1.5048646209e+00 2.8867848636e-01 7.0543278672e+01
1.5019493256e+00 2.8070397652e-01 7.4961336903e+01
1.5269923072e+00 2.8338250201e-01 7.5130898438e+01
1.5133367357e+00 2.7385129844e-01 8.2566349319e+01
1.4888981880e+00 2.7791382836e-01 7.5850071354e+01
1.5127808978e+00 2.8076220944e-01 7.5807831180e+01
1.4988868273e+00 2.8150054936e-01 7.4196613947e+01
1.5318991061e+00 2.8257781896e-01 7.6103348511e+01
1.4752234223e+00 2.9113667883e-01 6.7738049690e+01
1.4907798331e+00 2.7422475359e-01 7.9122720780e+01
1.4932288699e+00 2.7900913397e-01 7.5427311870e+01
1.4657587465e+00 2.7220852313e-01 7.8287440457e+01
1.5240963018e+00 2.9038062332e-01 7.0847042089e+01
1.4984971466e+00 2.8324967001e-01 7.3086849324e+01
1.4904390787e+00 2.7321034054e-01 8.0121993975e+01
1.4832187578e+00 2.7140508356e-01 8.1242575657e+01
1.4717267064e+00 2.8064315334e-01 7.2744085313e+01
1.5043647935e+00 2.8055539457e-01 7.5257982128e+01
1.4979513333e+00 2.7926536194e-01 7.5638791445e+01
1.5033351619e+00 2.7297597046e-01 8.2194472172e+01
1.4790118093e+00 2.8825216086e-01 6.9234830989e+01
1.5015609699e+00 2.8471981066e-01 7.2443643876e+01
1.4914046649e+00 2.7088993376e-01 8.3267938661e+01
1.5168926384e+00 2.7846758469e-01 7.7994504389e+01
1.4745057715e+00 2.8327526615e-01 7.1452905485e+01
1.5182152201e+00 2.8169047517e-01 7.5596511614e+01
1.5068086442e+00 2.7856503636e-01 7.6945639864e+01
1.5294083643e+00 2.8005528390e-01 7.7868863262e+01
1.5589444429e+00 2.8846058577e-01 7.4239173069e+01
1.4635139363e+00 2.7040974874e-01 7.9789255467e+01
1.5099387560e+00 2.7588845535e-01 7.9664389360e+01
1.5037263485e+00 2.7847369164e-01 7.6735343529e+01
1.5147525748e+00 2.7742809821e-01 7.8705384629e+01
1.4653747790e+00 2.7394104973e-01 7.6777417260e+01
1.5071422482e+00 2.7641769308e-01 7.8830648187e+01
1.4810330092e+00 2.7313995851e-01 7.9081013820e+01
1.5085367763e+00 2.7502316498e-01 8.0412864007e+01
1.5298634594e+00 2.8415752224e-01 7.4834077304e+01
1.5021306955e+00 2.8188262295e-01 7.4196613947e+01
1.5139535708e+00 2.8186102710e-01 7.5130898438e+01
1.4952561657e+00 2.7743425404e-01 7.6777417260e+01
1.5431265325e+00 2.8002057166e-01 7.9331168577e+01
1.4958892831e+00 2.8404502369e-01 7.2443643876e+01
1.4803889264e+00 2.7107961120e-01 8.1242575657e+01
1.4801238127e+00 2.8171925629e-01 7.2701195268e+01
1.5219658690e+00 2.8248912795e-01 7.5342663360e+01
1.5530769354e+00 2.8195692750e-01 7.8580066351e+01
1.5312316565e+00 2.7504413274e-01 8.3886143545e+01
1.4878287704e+00 2.7807945409e-01 7.5638791445e+01
1.4766829105e+00 2.7298344649e-01 7.8747145195e+01
1.5187129959e+00 2.7710160196e-01 7.9456168532e+01
1.5059499618e+00 2.8259924071e-01 7.4026287672e+01
1.4615695684e+00 2.7190502331e-01 7.8120086953e+01
1.5355340440e+00 2.7894288109e-01 7.9539473606e+01
1.4735073716e+00 2.8472484844e-01 7.0630125868e+01
1.5189160822e+00 2.8326378539e-01 7.4579327351e+01
1.5224442863e+00 2.8064551828e-01 7.6735343529e+01
1.5434585896e+00 2.8380024751e-01 7.6187712450e+01
1.4959277198e+00 2.8536591175e-01 7.1711900276e+01
1.4971549121e+00 2.7417837540e-01 7.9914072577e+01
1.5244338032e+00 2.9414833143e-01 6.9059529216e+01
1.4896418988e+00 2.7536268791e-01 7.7952630554e+01
1.4882318499e+00 2.7225686136e-01 8.0910923055e+01
1.5125614498e+00 2.7598775268e-01 7.9872472277e+01
1.5175276168e+00 2.7692397177e-01 7.9497823876e+01
1.4508200275e+00 2.7412916243e-01 7.5342663360e+01
1.5619403942e+00 2.8133783436e-01 8.0163562403e+01
1.5123063704e+00 2.8396264060e-01 7.3642520295e+01
1.4864981544e+00 2.8528747204e-01 7.1150247189e+01
1.5089187711e+00 2.8189981268e-01 7.4706741043e+01
1.5137430377e+00 2.7980006958e-01 7.6609078524e+01
1.5174002817e+00 2.7886872936e-01 7.7701249475e+01
1.4801611424e+00 2.7671764605e-01 7.5976744886e+01
1.4684942586e+00 2.9199445263e-01 6.7028177859e+01
1.5029579123e+00 2.8014869017e-01 7.5427311870e+01
1.5317620272e+00 2.8134718207e-01 7.7029708145e+01
1.4982996047e+00 2.8027572333e-01 7.4961336903e+01
1.5032474487e+00 2.7804618288e-01 7.7029708145e+01
1.5105684022e+00 2.7798080029e-01 7.7785069637e+01
1.4810727801e+00 2.7490391368e-01 7.7491581624e+01
1.5174362259e+00 2.7746966071e-01 7.8955857695e+01
1.4636169391e+00 2.8244691252e-01 7.1193517300e+01
1.5002381131e+00 2.7607301927e-01 7.8412889032e+01
1.5093533576e+00 2.8827912265e-01 7.1020369769e+01
1.5349985340e+00 2.8084645065e-01 7.7743162886e+01
1.5039444973e+00 2.7961544395e-01 7.5892303678e+01
1.4871746893e+00 2.8099330402e-01 7.3642520295e+01
1.5101616595e+00 2.7793378184e-01 7.7785069637e+01
1.4955402223e+00 2.7715019739e-01 7.7029708145e+01
1.4604761998e+00 2.7569353352e-01 7.5046134423e+01
1.4786930784e+00 2.9761805401e-01 6.5326892254e+01
1.5257821438e+00 2.7366883189e-01 8.5408151939e+01
1.5236702706e+00 2.7396220971e-01 8.4297879062e+01
1.4562490422e+00 2.7857294579e-01 7.2872695748e+01
1.5011624494e+00 2.7650708502e-01 7.8120086953e+01
1.5168864195e+00 2.8165523185e-01 7.5511927880e+01
1.5221491103e+00 2.8685901479e-01 7.2615385143e+01
1.5070178154e+00 2.7699550313e-01 7.8287440457e+01
1.4966148348e+00 2.8513198183e-01 7.1884348405e+01
1.4908627533e+00 2.7143184538e-01 8.2359790805e+01
1.5009931873e+00 2.8347354683e-01 7.3129650743e+01
1.4904488226e+00 2.7862334789e-01 7.5469623924e+01
1.5488841849e+00 2.8889643095e-01 7.3257996956e+01
1.4989378929e+00 2.7601518371e-01 7.8329262945e+01
1.4770827976e+00 2.7979599089e-01 7.3642520295e+01
1.5306341522e+00 2.8019629476e-01 7.7868863262e+01
1.4803539204e+00 2.7472083317e-01 7.7575469027e+01
1.4915360240e+00 2.7663196924e-01 7.7071731622e+01
1.4973645130e+00 2.7396877454e-01 8.0163562403e+01
1.5097007212e+00 2.7658005936e-01 7.8955857695e+01
1.4659527036e+00 2.7471203281e-01 7.6229882959e+01
1.5189490433e+00 2.8232104054e-01 7.5215629171e+01
1.4667974099e+00 2.6982164938e-01 8.0869445111e+01
1.5275843671e+00 2.9693297157e-01 6.8003319346e+01
1.5128604448e+00 2.7614255718e-01 7.9747638907e+01
1.5227285741e+00 2.7672240153e-01 8.0329784068e+01
1.5554948387e+00 2.7908136516e-01 8.1946371115e+01
1.5393617957e+00 2.7967666421e-01 7.9247806762e+01
1.5018618214e+00 2.7354390195e-01 8.1242575657e+01
1.5204213169e+00 2.8130363967e-01 7.6061155025e+01
1.5170077263e+00 2.7517294664e-01 8.1366868568e+01
1.4997441973e+00 2.8200261938e-01 7.3941070253e+01
1.5065384440e+00 2.8155699736e-01 7.4749195028e+01
1.5590259834e+00 2.8196090804e-01 7.9206117227e+01
1.4996641654e+00 2.7302625429e-01 8.1573932786e+01
1.4759156546e+00 2.7059837478e-01 8.1201135484e+01
1.5109446588e+00 2.7352207531e-01 8.2648945375e+01
1.5210679616e+00 2.8384217605e-01 7.4366797030e+01
1.5060091075e+00 2.7800421102e-01 7.7323724844e+01
1.4923706684e+00 2.7398943282e-01 7.9539473606e+01
1.5238502158e+00 2.8470242432e-01 7.4026287672e+01
1.4598586743e+00 2.6867845068e-01 8.1284011213e+01
1.4777407145e+00 2.8681211118e-01 6.9846802787e+01
1.4768147276e+00 2.7780911370e-01 7.4918925507e+01
1.5124963013e+00 2.7514541723e-01 8.0786474719e+01
1.4673255367e+00 2.6839490947e-01 8.2855368716e+01
1.4904575892e+00 2.7138547978e-01 8.2359790805e+01
1.4682847739e+00 2.6878365004e-01 8.2442426045e+01
1.5136018533e+00 2.7630886292e-01 7.9664389360e+01
1.5045331385e+00 2.8537757768e-01 7.2271739586e+01
1.4978323932e+00 2.7304859385e-01 8.1284011213e+01
1.5578999028e+00 2.8446167686e-01 7.6945639864e+01
1.5057262996e+00 2.8146173457e-01 7.4749195028e+01
1.5339747610e+00 2.8187022362e-01 7.6819483732e+01
1.5118539624e+00 2.7578775615e-01 7.9997257084e+01
1.4986581858e+00 2.8127612097e-01 7.4324264582e+01
1.5250697211e+00 2.8758365925e-01 7.2400683165e+01
1.5137306500e+00 2.9026924460e-01 7.0282456804e+01
1.4988860887e+00 2.8694112269e-01 7.1063673457e+01
1.4783250326e+00 2.8035840851e-01 7.3386256743e+01
1.4842291583e+00 2.7264963018e-01 7.9955667504e+01
1.5182490343e+00 2.8438578260e-01 7.3813175613e+01
1.5083867924e+00 2.7880124180e-01 7.6903595008e+01
1.5064318538e+00 2.8347886238e-01 7.3514430919e+01
1.4576104534e+00 2.7541508370e-01 7.5003739865e+01
1.5037085602e+00 2.7758507133e-01 7.7449627715e+01
1.4947232541e+00 2.9291846447e-01 6.8003319346e+01
1.5232232661e+00 2.8396314874e-01 7.4451835457e+01
1.5708053171e+00 2.8440316699e-01 7.8203776466e+01
1.4950618048e+00 2.7898609360e-01 7.5596511614e+01
1.4750997829e+00 2.7681939641e-01 7.5469623924e+01
1.4929207634e+00 2.7705573837e-01 7.6861542972e+01
1.4487521717e+00 2.7530042283e-01 7.4366797030e+01
1.4893185491e+00 2.8111017606e-01 7.3727866500e+01
1.5410131939e+00 2.8076401881e-01 7.8412889032e+01
1.5169161112e+00 2.7617281300e-01 8.0205125602e+01
1.5099087973e+00 2.8817824939e-01 7.1106965919e+01
1.5007565701e+00 2.7646012520e-01 7.8120086953e+01
1.5347186230e+00 2.8158245788e-01 7.7113748025e+01
1.4876276426e+00 2.7602177662e-01 7.7197759713e+01
1.5078616665e+00 2.7796554486e-01 7.7533528720e+01
1.4641727391e+00 2.7109845863e-01 7.9164421908e+01
1.4854614765e+00 2.7186841721e-01 8.0993864557e+01
1.4935088202e+00 2.8053907821e-01 7.4409320646e+01
1.5217418552e+00 2.8089296171e-01 7.6482747241e+01
1.5222495677e+00 2.7811088543e-01 7.8872390662e+01
1.5310792700e+00 2.8202993924e-01 7.6440621960e+01
1.5252421296e+00 2.8877885198e-01 7.1755028325e+01
1.5081506570e+00 2.8130618296e-01 7.5046134423e+01
1.5139382001e+00 2.7733437510e-01 7.8705384629e+01
1.5372049176e+00 2.8365922491e-01 7.5765583130e+01
1.4895613614e+00 2.8674977102e-01 7.0586708069e+01
1.5239392084e+00 2.7733087544e-01 7.9830866582e+01
1.4921712372e+00 2.7599675612e-01 7.7659329379e+01
1.4736125468e+00 2.7965878966e-01 7.3471715656e+01
1.5257493361e+00 2.8735987311e-01 7.2572465000e+01
1.5082104717e+00 2.8805853930e-01 7.1063673457e+01
1.5299418410e+00 2.7769994407e-01 8.0163562403e+01
1.5391650601e+00 2.7759215516e-01 8.1491120555e+01
1.4679110666e+00 2.7005620302e-01 8.0744982225e+01
1.4822882034e+00 2.8000639527e-01 7.3898447871e+01
1.4820779442e+00 2.7705675657e-01 7.5892303678e+01
1.4914850952e+00 2.8030053123e-01 7.4409320646e+01
1.5117421446e+00 2.7453863598e-01 8.1408290413e+01
1.5135969709e+00 2.7903780853e-01 7.7197759713e+01
1.5163568228e+00 2.8764307172e-01 7.1798145674e+01
1.4876774401e+00 2.6920134843e-01 8.5777838530e+01
1.4829876973e+00 2.7208705624e-01 8.0412864007e+01
1.4649690290e+00 2.7659517283e-01 7.4791640439e+01
1.4942809010e+00 2.7388709229e-01 7.9872472277e+01
1.5081466045e+00 2.7904142966e-01 7.6693262514e+01
1.5219132138e+00 2.7890203549e-01 7.8120086953e+01
1.4655490410e+00 2.7961457112e-01 7.2915546096e+01
1.4927435098e+00 2.7768521540e-01 7.6356348960e+01
1.4955402223e+00 2.7715019739e-01 7.7029708145e+01
1.4924421697e+00 2.8432172496e-01 7.2056626897e+01
1.5477193353e+00 2.8868773285e-01 7.3300759781e+01
1.4844190270e+00 2.7336201064e-01 7.9247806762e+01
1.4944935442e+00 2.7729208219e-01 7.6819483732e+01
1.4924429359e+00 2.7617712676e-01 7.7533528720e+01
1.5058164834e+00 2.7366479200e-01 8.1656727290e+01
1.4773834973e+00 2.7769125620e-01 7.5046134423e+01
1.4792352211e+00 2.7809467269e-01 7.4918925507e+01
1.4843649661e+00 2.8244705027e-01 7.2572465000e+01
1.5227576341e+00 3.0313028231e-01 6.5326892254e+01
1.4790792368e+00 2.7193869762e-01 8.0080420295e+01
1.4682847739e+00 2.6878365004e-01 8.2442426045e+01
1.5128571766e+00 2.8341183438e-01 7.4026287672e+01
1.5115133177e+00 2.7794352218e-01 7.7910750187e+01
1.4708819684e+00 2.8509472543e-01 7.0282456804e+01
1.5191702165e+00 2.7437289082e-01 8.2772810718e+01
1.4903051696e+00 2.7289260422e-01 8.0454396336e+01
1.5028885620e+00 2.8157817206e-01 7.4451835457e+01
1.4593513538e+00 2.7816647361e-01 7.3343513034e+01
1.5077628442e+00 2.7851793640e-01 7.7071731622e+01
1.4826221228e+00 2.8599793985e-01 7.0543278672e+01
1.5214759937e+00 2.7979409011e-01 7.7323724844e+01
1.4846261998e+00 2.8489811706e-01 7.1236776285e+01
1.5372079041e+00 2.8000548378e-01 7.8705384629e+01
1.5275769311e+00 2.7824360269e-01 7.9331168577e+01
1.5051432870e+00 2.8522134379e-01 7.2400683165e+01
1.4729417167e+00 2.8168212465e-01 7.2228737805e+01
1.5087897399e+00 2.7613044826e-01 7.9289490537e+01
1.4725273546e+00 2.7173617266e-01 7.9497823876e+01
1.5248522300e+00 2.8370041019e-01 7.4749195028e+01
1.4814064216e+00 2.8224299758e-01 7.2486594398e+01
1.4829366010e+00 2.7664939808e-01 7.6272045862e+01
1.5210872434e+00 2.7609070877e-01 8.0827962340e+01
1.4857238021e+00 2.7476490920e-01 7.8078232563e+01
1.5025507955e+00 2.8372998506e-01 7.3086849324e+01
1.5025486817e+00 2.7512085268e-01 7.9581117748e+01
1.5025805892e+00 2.7735371762e-01 7.7533528720e+01
1.4911077919e+00 2.7434859440e-01 7.9039301002e+01
1.5278491054e+00 2.8982049321e-01 7.1366486818e+01
1.5011423875e+00 2.7200048658e-01 8.3267938661e+01
1.4762529403e+00 2.7521559725e-01 7.6777417260e+01
1.4992640446e+00 2.7478385376e-01 7.9539473606e+01
1.5388386884e+00 2.8065613490e-01 7.8287440457e+01
1.5239392084e+00 2.7733087544e-01 7.9830866582e+01
1.5079078178e+00 2.7973390072e-01 7.6145534310e+01
1.5008234945e+00 2.7322440390e-01 8.1491120555e+01
1.4937782672e+00 2.7710271988e-01 7.6903595008e+01
1.4801258886e+00 2.7449795278e-01 7.7743162886e+01
1.4623281458e+00 2.8328556666e-01 7.0673532104e+01
1.5090370888e+00 2.8223548634e-01 7.4494341492e+01
1.4979107695e+00 2.7885312514e-01 7.5934528179e+01
1.4954120237e+00 2.7546896341e-01 7.8454692681e+01
1.4883707631e+00 2.8929877127e-01 6.9278624601e+01
1.4701715782e+00 2.8219828156e-01 7.1755028325e+01
1.5262790190e+00 2.8045206395e-01 7.7239755051e+01
1.4857497499e+00 2.8422675188e-01 7.1668761497e+01
1.5260415915e+00 2.7841340550e-01 7.8997582302e+01
1.5107843577e+00 2.7277558358e-01 8.3803759085e+01
1.5086829439e+00 2.8168168696e-01 7.4834077304e+01
1.5247691404e+00 2.7923075419e-01 7.8120086953e+01
1.4937658715e+00 2.8254526089e-01 7.3172442467e+01
1.5054266501e+00 2.7405462530e-01 8.1118241196e+01
1.4819926441e+00 2.9567689030e-01 6.6225083331e+01
1.4811143576e+00 2.7621553619e-01 7.6440621960e+01
1.5188882055e+00 2.8875357958e-01 7.1366486818e+01
1.5074956385e+00 2.7923874965e-01 7.6482747241e+01
1.4890011267e+00 2.7781088970e-01 7.5934528179e+01
1.4929673278e+00 2.7158549788e-01 8.2483737725e+01
1.5257509255e+00 2.7733887901e-01 8.0038841340e+01
1.5489908667e+00 2.8467013332e-01 7.6018953826e+01
1.5176965732e+00 2.7630075549e-01 8.0163562403e+01
1.5351245002e+00 2.7798470902e-01 8.0495923602e+01
1.4833142961e+00 2.7491792398e-01 7.7701249475e+01
1.4846509166e+00 2.8035367010e-01 7.3855816334e+01
1.5343096680e+00 2.8153531662e-01 7.7113748025e+01
1.5244986672e+00 2.8177712204e-01 7.6061155025e+01
1.5061971665e+00 2.7464331833e-01 8.0537445831e+01
1.5479655082e+00 2.8569549176e-01 7.5215629171e+01
1.5045798322e+00 2.7535447461e-01 7.9581117748e+01
1.5385340118e+00 2.7867937607e-01 8.0163562403e+01
1.4993578915e+00 2.8601578903e-01 7.1582451612e+01
1.5128679543e+00 2.8294664366e-01 7.4324264582e+01
1.4680325851e+00 2.7353161671e-01 7.7365699350e+01
1.5156710775e+00 2.7696370194e-01 7.9247806762e+01
1.4821457062e+00 2.7473308233e-01 7.7743162886e+01
1.5021159447e+00 2.8053735744e-01 7.5088520605e+01
1.4315199206e+00 2.6436960369e-01 8.2690237632e+01
1.5042576043e+00 2.8565311191e-01 7.2099670255e+01
1.5364858891e+00 2.9168708565e-01 7.0933728582e+01
1.4151370638e+00 2.8521245927e-01 6.7072652904e+01
1.4915956356e+00 3.0649141104e-01 6.2822129708e+01
1.5296408673e+00 2.7936725777e-01 7.8496490101e+01
1.5329640186e+00 2.8653080473e-01 7.3557136760e+01
1.5001989449e+00 2.8381437357e-01 7.2872695748e+01
1.4555329170e+00 3.0269930311e-01 6.2545559975e+01
1.4654932282e+00 2.6887958898e-01 8.1863637206e+01
1.5334967625e+00 2.8782389605e-01 7.2829835522e+01
1.5093770622e+00 2.7554312596e-01 7.9955667504e+01
1.5119818708e+00 2.7339180974e-01 8.3020440166e+01
1.4615105810e+00 2.7870448081e-01 7.3172442467e+01
1.5076728758e+00 2.7679385833e-01 7.8538281315e+01
1.4621727609e+00 2.7309843676e-01 7.7155757380e+01
1.5413923536e+00 2.8723774712e-01 7.3727866500e+01
1.5710189294e+00 2.8786556101e-01 7.5554223768e+01
1.5219319558e+00 2.7570052447e-01 8.1408290413e+01
1.4976552868e+00 2.8001424758e-01 7.5088520605e+01
1.4964555402e+00 2.8121399417e-01 7.4196613947e+01
1.4850928983e+00 2.8081532624e-01 7.3599833208e+01
1.5255143332e+00 2.7848556135e-01 7.8872390662e+01
1.5170073276e+00 2.8107971902e-01 7.5934528179e+01
1.4957075848e+00 2.7381673203e-01 8.0121993975e+01
1.4924428471e+00 2.7798587808e-01 7.6103348511e+01
1.5376950763e+00 2.8043077129e-01 7.8371079129e+01
1.5044159919e+00 2.7597138475e-01 7.8955857695e+01
1.5043561576e+00 2.7557814924e-01 7.9331168577e+01
1.5190438624e+00 2.8131659071e-01 7.5934528179e+01
1.4827480016e+00 2.7187583972e-01 8.0620475268e+01
1.4880664704e+00 2.7919749980e-01 7.4876505650e+01
1.4639553035e+00 2.6817224081e-01 8.2607649278e+01
1.4857775892e+00 2.8329458132e-01 7.2185725677e+01
1.5207430565e+00 2.7825323784e-01 7.8580066351e+01
1.4930297324e+00 2.9053020887e-01 6.8971801420e+01
1.4791628691e+00 2.8855309338e-01 6.9103373832e+01
1.5017669348e+00 2.7544976046e-01 7.9164421908e+01
1.4963436513e+00 2.8087304398e-01 7.4409320646e+01
1.4945564013e+00 2.7677688619e-01 7.7239755051e+01
1.4760118694e+00 2.7680870942e-01 7.5554223768e+01
1.5266078502e+00 2.8878107642e-01 7.1841252357e+01
1.5022698972e+00 2.7449399743e-01 8.0205125602e+01
1.5316394304e+00 2.8283749471e-01 7.5892303678e+01
1.4941922786e+00 2.7985561981e-01 7.4918925507e+01
1.4699188025e+00 2.7749569860e-01 7.4579327351e+01
1.5143698054e+00 2.8462648893e-01 7.3386256743e+01
1.5133682785e+00 2.7745030527e-01 7.8538281315e+01
1.4991660450e+00 2.8031523048e-01 7.5003739865e+01
1.4680003654e+00 2.8527097107e-01 7.0021208706e+01
1.5201303709e+00 2.7795667572e-01 7.8788899706e+01
1.5204723916e+00 2.9081373136e-01 7.0412920548e+01
1.5051823876e+00 2.7475191919e-01 8.0288236411e+01
1.5151264853e+00 2.8068811260e-01 7.6061155025e+01
1.4804351998e+00 2.7328693296e-01 7.8872390662e+01
1.4730931299e+00 2.7117039739e-01 8.0163562403e+01
1.4817763327e+00 2.7690710848e-01 7.5976744886e+01
1.4969897630e+00 2.7660560400e-01 7.7617402571e+01
1.5023599313e+00 2.7984010883e-01 7.5596511614e+01
1.4997372571e+00 2.7521581950e-01 7.9164421908e+01
1.4793826938e+00 2.8155743145e-01 7.2744085313e+01
1.5259608509e+00 2.8395835868e-01 7.4664278454e+01
1.5368725336e+00 2.8536127150e-01 7.4579327351e+01
1.5348460012e+00 2.7598444581e-01 8.3020440166e+01
1.5141771464e+00 2.7391829492e-01 8.2607649278e+01
1.5097483708e+00 2.7562530973e-01 7.9914072577e+01
1.4702466986e+00 2.8032067132e-01 7.2829835522e+01
1.4916791295e+00 2.7829737228e-01 7.5807831180e+01
1.4887688152e+00 2.7442895864e-01 7.8705384629e+01
1.4854809829e+00 2.8766189120e-01 6.9890422465e+01
1.5424440498e+00 2.8024638578e-01 7.9039301002e+01
1.5286938778e+00 2.7803720516e-01 7.9664389360e+01
1.4965308186e+00 2.8793591553e-01 7.0412920548e+01
1.4812823309e+00 2.7334151046e-01 7.8914127157e+01
1.5185780648e+00 2.7905441549e-01 7.7659329379e+01
1.5225892520e+00 2.8050055249e-01 7.6861542972e+01
1.4993773422e+00 2.7919798586e-01 7.5807831180e+01
1.5015405612e+00 2.7250733717e-01 8.2566349319e+01
1.4768507778e+00 2.8363793343e-01 7.1409701632e+01
1.5125142552e+00 2.7830432859e-01 7.7701249475e+01
1.4963275756e+00 2.7772032278e-01 7.6651174188e+01
1.4994139742e+00 2.7961430834e-01 7.5511927880e+01
1.5155671028e+00 2.7752182132e-01 7.8705384629e+01
1.4745776579e+00 2.7869367863e-01 7.4154045875e+01
1.5003311968e+00 2.7371670158e-01 8.0827962340e+01
1.4861867824e+00 2.7339921663e-01 7.9414507550e+01
1.5103360877e+00 2.8366124099e-01 7.3685198049e+01
1.5192222363e+00 2.7659236159e-01 8.0038841340e+01
1.4987216606e+00 2.7894787381e-01 7.5934528179e+01
1.5391959359e+00 2.8258127680e-01 7.6735343529e+01
1.4801571097e+00 2.7356502307e-01 7.8580066351e+01
1.4909213827e+00 2.7815078782e-01 7.5850071354e+01
1.5084445070e+00 3.0284161605e-01 6.4784873432e+01
1.4946691667e+00 2.7802125298e-01 7.6272045862e+01
1.5204811777e+00 2.7942451752e-01 7.7533528720e+01
1.5025828285e+00 2.8233735966e-01 7.3941070253e+01
1.5357158692e+00 2.8058521167e-01 7.8036371717e+01
1.4601050175e+00 2.8145918437e-01 7.1496098411e+01
1.4732572379e+00 2.7821129962e-01 7.4366797030e+01
1.4977047381e+00 2.7815367054e-01 7.6440621960e+01
1.5225556407e+00 2.7689533497e-01 8.0121993975e+01
1.4784955966e+00 2.7657915692e-01 7.5934528179e+01
1.4724465856e+00 2.7586854185e-01 7.5934528179e+01
1.5158382081e+00 2.8043080295e-01 7.6314201186e+01
1.5186982662e+00 2.7757074482e-01 7.8997582302e+01
1.5134015253e+00 2.8423095501e-01 7.3557136760e+01
1.5092143569e+00 2.7525237721e-01 8.0246683597e+01
1.5345562114e+00 2.8265717645e-01 7.6272045862e+01
1.5198228340e+00 2.7735511821e-01 7.9331168577e+01
1.4687599021e+00 2.7055592660e-01 8.0288236411e+01
1.4946479347e+00 2.7668535275e-01 7.7323724844e+01
1.5372641197e+00 2.7538926065e-01 8.4503634743e+01
1.5106046468e+00 2.7522256460e-01 8.0454396336e+01
1.4867663179e+00 2.7507675104e-01 7.7910750187e+01
1.4711869164e+00 2.7532711299e-01 7.6229882959e+01
1.5378629812e+00 2.8163184212e-01 7.7365699350e+01
1.5102619159e+00 2.7420481817e-01 8.1615332242e+01
1.5205123847e+00 2.8621869825e-01 7.2872695748e+01
1.4784322691e+00 2.7709343522e-01 7.5554223768e+01
1.5288325482e+00 2.8245357482e-01 7.5934528179e+01
1.5194221375e+00 2.9095267166e-01 7.0282456804e+01
1.4985554123e+00 2.8681826829e-01 7.1106965919e+01
1.4889372517e+00 2.9190323315e-01 6.8135767946e+01
1.4864743089e+00 2.7717511032e-01 7.6187712450e+01
1.5095047257e+00 3.0087008342e-01 6.5552036713e+01
1.4876674717e+00 2.7236986413e-01 8.0703484835e+01
1.4799093712e+00 2.7651835059e-01 7.6103348511e+01
1.5462220864e+00 2.7920893261e-01 8.0537445831e+01
1.5069072542e+00 2.7574604797e-01 7.9456168532e+01
1.5085173841e+00 2.7730982731e-01 7.8161934912e+01
1.5078387953e+00 2.7300168958e-01 8.2896642113e+01
1.4814050241e+00 2.7096483566e-01 8.1532528898e+01
1.5005632558e+00 2.7574787660e-01 7.8747145195e+01
1.5265902360e+00 2.8196240420e-01 7.6103348511e+01
1.4914252386e+00 2.7990804890e-01 7.4664278454e+01
1.5290512622e+00 2.8451381412e-01 7.4536838781e+01
1.4753705047e+00 2.7925333667e-01 7.3855816334e+01
1.5108371064e+00 2.8406878026e-01 7.3471715656e+01
1.5147347650e+00 2.8517093024e-01 7.3086849324e+01
1.5233292559e+00 2.8021557454e-01 7.7155757380e+01
1.4737400885e+00 2.8088375285e-01 7.2744085313e+01
1.4670809676e+00 2.7043685979e-01 8.0205125602e+01
1.5320457847e+00 2.8197519686e-01 7.6566975496e+01
1.4731306815e+00 2.7248303105e-01 7.8830648187e+01
1.4812227954e+00 2.7295017239e-01 7.9289490537e+01
1.5105721205e+00 2.7843088155e-01 7.7407666966e+01
1.5048279967e+00 2.7646563486e-01 7.8538281315e+01
1.4995815388e+00 2.7627686985e-01 7.8161934912e+01
1.4705935018e+00 2.7232018863e-01 7.8705384629e+01
1.5007565701e+00 2.7646012520e-01 7.8120086953e+01
1.4614274146e+00 2.7474231868e-01 7.5807831180e+01
1.4768503627e+00 2.7191513587e-01 7.9830866582e+01
1.5095684087e+00 2.7580527179e-01 7.9706016880e+01
1.5507247041e+00 2.8614017528e-01 7.5130898438e+01
1.5030651241e+00 2.8004147837e-01 7.5511927880e+01
1.5376457017e+00 2.9098439898e-01 7.1366486818e+01
1.5102446970e+00 2.8011993377e-01 7.6061155025e+01
1.4826110646e+00 2.7336562917e-01 7.9039301002e+01
1.5094572980e+00 2.7727709019e-01 7.8287440457e+01
1.5144873642e+00 2.7678521094e-01 7.9289490537e+01
1.4589309977e+00 2.6960612734e-01 8.0080420295e+01
1.4853925057e+00 2.8458399604e-01 7.1452905485e+01
1.4459312067e+00 2.7229730666e-01 7.6272045862e+01
1.4735551152e+00 2.7566079325e-01 7.6187712450e+01
1.5035207066e+00 2.7324318799e-01 8.1863637206e+01
1.4747584683e+00 2.8708460065e-01 6.9541121708e+01
1.5085389397e+00 2.7819544848e-01 7.7407666966e+01
1.5148562474e+00 2.7823267675e-01 7.7994504389e+01
1.5328281185e+00 2.8575401613e-01 7.4026287672e+01
1.4675374760e+00 2.7312726041e-01 7.7659329379e+01
1.5194055105e+00 2.7322926890e-01 8.4791573899e+01
1.5022223646e+00 2.7907126690e-01 7.6145534310e+01
1.4143499930e+00 2.6640477548e-01 7.8078232563e+01
1.4725172263e+00 2.8030335249e-01 7.3001217281e+01
1.4999787319e+00 2.7950254351e-01 7.5638791445e+01
1.5348954053e+00 2.9236343179e-01 7.0499837642e+01
1.5061891231e+00 2.8145259548e-01 7.4791640439e+01
1.5244689004e+00 2.7998609655e-01 7.7449627715e+01
1.5006439653e+00 2.7611992927e-01 7.8412889032e+01
1.5011363420e+00 2.7743898605e-01 7.7323724844e+01
1.4698038311e+00 2.6996159483e-01 8.1118241196e+01
1.5232958296e+00 2.9756831288e-01 6.7516607231e+01
1.5247723219e+00 2.8059299472e-01 7.6987677568e+01
1.4854029376e+00 2.7779483621e-01 7.5638791445e+01
1.4843187385e+00 2.7391348153e-01 7.8705384629e+01
1.5068763003e+00 2.8121914105e-01 7.5003739865e+01
1.5351387306e+00 2.8389972935e-01 7.5427311870e+01
1.4954738527e+00 2.8038455594e-01 7.4664278454e+01
1.5311333847e+00 2.8106420497e-01 7.7197759713e+01
1.4905386996e+00 2.7672527056e-01 7.6903595008e+01
1.4688276420e+00 2.7768638742e-01 7.4366797030e+01
1.5088081553e+00 2.7837987884e-01 7.7281743419e+01
1.4835240096e+00 2.8645249213e-01 7.0369444415e+01
1.5310231088e+00 2.8938455589e-01 7.1798145674e+01
1.4839459103e+00 2.7518879045e-01 7.7533528720e+01
1.5224496797e+00 2.8200531724e-01 7.5723327176e+01
1.4836713302e+00 2.6869852957e-01 8.5901027508e+01
1.4999241500e+00 2.7457631824e-01 7.9830866582e+01
1.4969227009e+00 2.7350602422e-01 8.0620475268e+01
1.4896582636e+00 2.7489456203e-01 7.8371079129e+01
1.5520346688e+00 2.8025381089e-01 8.0121993975e+01
1.5074285458e+00 2.7431827087e-01 8.1076787034e+01
1.5266318647e+00 2.8784506038e-01 7.2357712234e+01
1.5348080037e+00 2.8240538416e-01 7.6482747241e+01
1.5428637976e+00 2.7937000748e-01 7.9955667504e+01
1.5199409088e+00 2.7632810220e-01 8.0412864007e+01
1.4826790270e+00 2.7735830889e-01 7.5723327176e+01
1.4859330808e+00 2.7907150595e-01 7.4791640439e+01
1.5739390223e+00 2.8356668153e-01 7.9289490537e+01
1.4891524100e+00 2.7901558328e-01 7.5088520605e+01
1.5154132508e+00 2.8858664376e-01 7.1236776285e+01
1.4851958148e+00 2.8613747270e-01 7.0630125868e+01
1.4782680791e+00 2.7004704834e-01 8.2277139574e+01
1.5246656246e+00 2.8479802358e-01 7.4026287672e+01
1.4960803391e+00 2.7615766475e-01 7.7910750187e+01
1.4909502779e+00 2.9124976229e-01 6.8532381435e+01
1.5230153904e+00 2.8189474727e-01 7.5850071354e+01
1.4575017326e+00 2.7462581169e-01 7.5554223768e+01
1.4648442273e+00 2.7806946306e-01 7.3813175613e+01
1.4927582302e+00 2.7631394033e-01 7.7449627715e+01
1.4785013339e+00 2.7341784547e-01 7.8538281315e+01
1.5090517453e+00 2.7586844286e-01 7.9581117748e+01
1.4853737496e+00 2.8324631302e-01 7.2185725677e+01
1.5009165107e+00 2.7539462166e-01 7.9122720780e+01
1.5094022089e+00 2.8096242187e-01 7.5384991691e+01
1.4826179159e+00 2.7110421694e-01 8.1532528898e+01
1.5152863591e+00 2.7507827167e-01 8.1242575657e+01
1.4875932894e+00 2.7470130924e-01 7.8329262945e+01
1.4781792499e+00 2.8230946142e-01 7.2228737805e+01
1.4784145785e+00 2.7981764154e-01 7.3727866500e+01
1.4725030664e+00 2.7041062399e-01 8.0952396196e+01
1.5010090733e+00 2.7575482126e-01 7.8788899706e+01
1.5018889834e+00 2.7668634461e-01 7.8036371717e+01
1.4870844455e+00 2.7611332827e-01 7.7071731622e+01
1.4736820458e+00 2.7058148150e-01 8.0910923055e+01
1.4789344098e+00 2.7568943151e-01 7.6651174188e+01
1.5253173054e+00 2.8369081964e-01 7.4791640439e+01
1.5509900334e+00 2.8495926164e-01 7.5976744886e+01
1.4858503686e+00 2.7644423004e-01 7.6693262514e+01
1.4766034171e+00 2.7306293987e-01 7.8663617982e+01
1.4776566769e+00 2.8373490094e-01 7.1409701632e+01
1.4959778457e+00 2.8667545644e-01 7.1020369769e+01
1.5384767665e+00 2.8010536812e-01 7.8747145195e+01
1.4461344619e+00 2.7254182447e-01 7.6103348511e+01
1.4633685119e+00 2.7684654990e-01 7.4494341492e+01
1.4738994480e+00 2.7306479796e-01 7.8371079129e+01
1.5134906203e+00 2.7732796352e-01 7.8663617982e+01
1.5073462889e+00 2.7349419601e-01 8.2111788416e+01
1.5094111631e+00 2.7641604823e-01 7.9081013820e+01
1.5092935998e+00 2.8107103105e-01 7.5300326848e+01
1.4709411436e+00 2.8458456078e-01 7.0543278672e+01
1.5155167119e+00 2.7711806746e-01 7.9081013820e+01
1.4791523037e+00 2.7637340062e-01 7.6145534310e+01
1.5098447317e+00 2.8279004771e-01 7.4196613947e+01
1.4861015754e+00 2.8206641790e-01 7.2915546096e+01
1.4971480206e+00 2.7328070460e-01 8.0910923055e+01
1.4732221569e+00 2.7374208905e-01 7.7701249475e+01
1.5033946285e+00 2.7382206675e-01 8.1118241196e+01
1.4781434280e+00 2.9047663465e-01 6.8179890150e+01
1.4910819489e+00 2.7301915426e-01 8.0412864007e+01
1.5056091488e+00 2.7341913373e-01 8.1946371115e+01
1.5063502045e+00 2.7584983568e-01 7.9289490537e+01
1.5123804754e+00 2.7616872706e-01 7.9664389360e+01
1.4983008511e+00 2.7438956860e-01 7.9830866582e+01
1.5036417513e+00 2.7946485125e-01 7.5976744886e+01
1.4925523187e+00 2.7425969775e-01 7.9289490537e+01
1.4698511910e+00 2.7846393644e-01 7.3941070253e+01
1.5337246866e+00 2.7619452300e-01 8.2525045476e+01
1.4963301067e+00 2.7907561668e-01 7.5638791445e+01
1.4422515201e+00 2.7060675230e-01 7.7281743419e+01
1.4801885743e+00 2.8436425135e-01 7.1236776285e+01
1.4930164460e+00 2.7469951645e-01 7.8914127157e+01
1.4595532628e+00 2.6898386221e-01 8.0869445111e+01
1.5008640021e+00 2.7363646612e-01 8.0993864557e+01
1.4907503154e+00 2.7380251024e-01 7.9539473606e+01
1.4818295048e+00 2.7550038894e-01 7.7071731622e+01
1.4781353238e+00 2.7784136997e-01 7.5003739865e+01
1.4644625622e+00 2.6991025494e-01 8.0454396336e+01
1.4891157826e+00 2.7995638792e-01 7.4451835457e+01
1.4980018974e+00 2.8193240937e-01 7.3855816334e+01
1.5181235367e+00 2.8041811463e-01 7.6524865077e+01
1.4726897852e+00 2.7112375777e-01 8.0163562403e+01
1.4843925632e+00 2.7564477263e-01 7.7197759713e+01
1.4955460550e+00 2.8348222746e-01 7.2744085313e+01
1.5048057767e+00 3.0875929966e-01 6.2637826572e+01
1.5047705237e+00 2.8650205150e-01 7.1668761497e+01
1.4810863963e+00 2.8075667271e-01 7.3343513034e+01
1.4737577199e+00 2.8492572124e-01 7.0543278672e+01
1.4513263942e+00 2.7586496398e-01 7.4196613947e+01
1.5496049372e+00 2.8222611180e-01 7.7994504389e+01
1.5400831914e+00 2.8534782766e-01 7.4834077304e+01
1.4856392325e+00 2.8026899200e-01 7.3983683510e+01
1.4841258476e+00 2.8042697811e-01 7.3770525678e+01
1.5401909117e+00 2.7747868688e-01 8.1780886213e+01
1.4782705082e+00 2.7545162457e-01 7.6777417260e+01
1.4766217865e+00 2.7169334097e-01 8.0038841340e+01
1.4807634846e+00 2.7701755298e-01 7.5807831180e+01
1.4982345567e+00 2.8532538462e-01 7.1884348405e+01
1.4694624681e+00 2.7390112918e-01 7.7197759713e+01
1.4709966239e+00 2.8137323584e-01 7.2271739586e+01
1.4603759210e+00 2.8523779153e-01 6.9584827470e+01
1.5194530245e+00 2.7727043798e-01 7.9372840907e+01
1.4873831469e+00 2.8395014063e-01 7.1927433851e+01
1.5103360877e+00 2.8366124099e-01 7.3685198049e+01
1.5074925173e+00 2.8332606650e-01 7.3685198049e+01
1.5222561711e+00 2.8128865934e-01 7.6229882959e+01
1.5117743039e+00 2.7677489862e-01 7.8997582302e+01
1.5014401277e+00 2.7668228432e-01 7.7994504389e+01
1.5257682613e+00 2.8323986374e-01 7.5130898438e+01
1.5519191511e+00 2.9044242862e-01 7.2572465000e+01
1.5049624974e+00 2.8358670507e-01 7.3343513034e+01
1.5077885603e+00 2.7894582787e-01 7.6735343529e+01
1.4964555402e+00 2.8121399417e-01 7.4196613947e+01
1.5198011215e+00 2.7555910163e-01 8.1284011213e+01
1.4818237913e+00 2.7640842873e-01 7.6356348960e+01
1.4916442011e+00 2.8104621858e-01 7.3941070253e+01
1.4768357357e+00 2.7373163424e-01 7.8078232563e+01
1.4651275312e+00 2.7104220213e-01 7.9331168577e+01
1.4931990880e+00 2.8718828860e-01 7.0586708069e+01
1.5010169192e+00 2.8753228325e-01 7.0890391015e+01
1.4465801348e+00 2.6762017241e-01 8.0703484835e+01
1.5281884597e+00 2.8036418048e-01 7.7491581624e+01
1.4843713113e+00 2.7160538244e-01 8.1159690671e+01
1.5213093702e+00 2.7586858198e-01 8.1118241196e+01
1.5365062228e+00 2.8618421278e-01 7.4026287672e+01
1.5112107979e+00 2.8006177724e-01 7.6187712450e+01
1.5263685600e+00 2.7717627046e-01 8.0288236411e+01
1.4807969263e+00 2.7067161121e-01 8.1822263856e+01
1.4535919258e+00 2.8887189640e-01 6.7560923945e+01
1.4898773593e+00 2.8417053907e-01 7.1970508727e+01
1.5181771232e+00 2.8127385243e-01 7.5892303678e+01
1.4909392906e+00 2.7271012857e-01 8.0744982225e+01
1.4936053516e+00 2.7591896527e-01 7.7868863262e+01
1.4878243335e+00 2.7672849216e-01 7.6651174188e+01
1.5201095343e+00 2.8161542230e-01 7.5807831180e+01
1.4637878569e+00 2.6968673482e-01 8.0620475268e+01
1.5177734445e+00 2.8076820688e-01 7.6229882959e+01
1.4762317982e+00 2.8200042191e-01 7.2271739586e+01
1.4999769977e+00 2.8041037896e-01 7.5003739865e+01
1.5141771464e+00 2.7391829492e-01 8.2607649278e+01
1.5088975958e+00 2.7783679240e-01 7.7743162886e+01
1.4843575246e+00 2.7432591654e-01 7.8329262945e+01
1.5099295854e+00 2.7771213312e-01 7.7952630554e+01
1.4629417908e+00 2.7592447952e-01 7.5088520605e+01
1.4989794229e+00 2.7597365367e-01 7.8371079129e+01
1.4929359013e+00 2.7658841553e-01 7.7239755051e+01
1.4742666710e+00 2.8261211745e-01 7.1798145674e+01
1.4815953789e+00 2.8160239487e-01 7.2872695748e+01
1.4918060881e+00 2.7500592834e-01 7.8496490101e+01
1.4841905417e+00 2.7765252727e-01 7.5638791445e+01
1.5300409063e+00 2.8489200046e-01 7.4366797030e+01
1.5023899241e+00 2.8026337808e-01 7.5300326848e+01
1.5283228062e+00 2.7613219073e-01 8.1780886213e+01
1.5052677646e+00 2.7602586691e-01 7.8997582302e+01
1.4439118526e+00 2.6805192453e-01 7.9872472277e+01
1.4973153868e+00 2.7582748735e-01 7.8329262945e+01
1.5047418056e+00 2.7473946987e-01 8.0246683597e+01
1.5440837215e+00 2.8043361725e-01 7.9039301002e+01
1.5291673280e+00 2.8120748119e-01 7.6903595008e+01
1.4971173973e+00 2.8689592123e-01 7.0977054822e+01
1.5363157089e+00 2.9597277078e-01 6.8884021955e+01
1.5278087616e+00 2.7482605530e-01 8.3597741274e+01
1.4922924827e+00 2.7497148750e-01 7.8580066351e+01
1.5028499653e+00 2.8025663716e-01 7.5342663360e+01
1.4971006383e+00 2.7830508503e-01 7.6272045862e+01
1.4973982248e+00 2.7574464930e-01 7.8412889032e+01
1.4623472107e+00 2.7966678199e-01 7.2658295222e+01
1.4841852894e+00 2.7630342189e-01 7.6651174188e+01
1.5100857294e+00 2.7619505119e-01 7.9372840907e+01
1.5160971484e+00 2.7562945649e-01 8.0703484835e+01
1.4950738622e+00 2.7852150477e-01 7.5934528179e+01
1.4838063790e+00 2.9522190354e-01 6.6493323581e+01
1.4808018000e+00 2.8239597379e-01 7.2357712234e+01
1.5108215608e+00 2.8635639139e-01 7.2142703171e+01
1.4619910303e+00 2.7238178682e-01 7.7743162886e+01
1.4999064729e+00 2.8229356728e-01 7.3770525678e+01
1.4860673341e+00 2.7758208512e-01 7.5850071354e+01
1.4540512986e+00 2.6820857129e-01 8.1035328162e+01
1.5433769378e+00 2.8891154188e-01 7.2872695748e+01
1.4603841417e+00 2.7668428229e-01 7.4366797030e+01
1.5096460168e+00 2.9526412087e-01 6.7782296048e+01
1.5112715750e+00 2.8136320439e-01 7.5257982128e+01
1.4906689930e+00 2.8473673033e-01 7.1711900276e+01
1.4545611667e+00 2.8071003103e-01 7.1539280443e+01
1.4780912338e+00 2.7608173398e-01 7.6272045862e+01
1.4858845384e+00 2.8771082857e-01 6.9890422465e+01
1.4876588248e+00 2.7644227832e-01 7.6861542972e+01
1.5228458412e+00 2.8980753921e-01 7.1063673457e+01
1.4896047191e+00 2.7630350543e-01 7.7155757380e+01
1.4972500031e+00 2.7996669213e-01 7.5088520605e+01
1.4688698790e+00 2.8710681478e-01 6.9191024681e+01
1.4917073636e+00 2.7962592388e-01 7.4876505650e+01
1.4749765618e+00 2.7243793929e-01 7.9081013820e+01
1.5497107345e+00 2.7983373243e-01 8.0288236411e+01
1.4560197689e+00 2.7565883726e-01 7.4706741043e+01
1.4620343320e+00 2.6740016499e-01 8.3474090850e+01
1.5002980534e+00 2.7329731358e-01 8.1325442176e+01
1.5237363949e+00 2.7935340962e-01 7.7910750187e+01
1.5165850033e+00 2.7786658528e-01 7.8496490101e+01
1.4966436227e+00 2.7468966475e-01 7.9331168577e+01
1.4544818688e+00 2.9068174326e-01 6.6850130873e+01
1.5096768645e+00 2.7569681609e-01 7.9830866582e+01
1.5181235367e+00 2.8041811463e-01 7.6524865077e+01
1.4842535431e+00 2.7488115771e-01 7.7826969754e+01
1.4694760934e+00 2.7523745692e-01 7.6145534310e+01
1.5345562114e+00 2.8265717645e-01 7.6272045862e+01
1.4996269852e+00 2.8030732162e-01 7.5046134423e+01
1.4691483981e+00 2.7331542406e-01 7.7659329379e+01
1.5529434428e+00 2.8300585221e-01 7.7659329379e+01
1.5003159919e+00 2.7554241673e-01 7.8914127157e+01
1.4526372046e+00 2.7634858699e-01 7.3983683510e+01
1.5147761775e+00 2.7558845332e-01 8.0578963045e+01
1.4905659576e+00 2.8167204624e-01 7.3471715656e+01
1.4789362538e+00 2.7298292557e-01 7.8997582302e+01
1.4661580695e+00 2.6911312824e-01 8.1656727290e+01
1.5023295806e+00 2.7398155183e-01 8.0786474719e+01
1.4924934020e+00 2.7793532320e-01 7.6145534310e+01
1.4805973753e+00 2.7583034650e-01 7.6693262514e+01
1.5195142208e+00 2.7539166584e-01 8.1449707735e+01
1.5172293563e+00 2.8313109688e-01 7.4536838781e+01
1.4966270389e+00 2.8466659262e-01 7.2142703171e+01
1.5250021840e+00 2.8218423088e-01 7.5807831180e+01
1.4824498089e+00 2.8029635803e-01 7.3727866500e+01
1.5045652101e+00 2.8216917813e-01 7.4196613947e+01
1.5242722064e+00 2.7790766124e-01 7.9289490537e+01
1.5292260917e+00 2.8297149802e-01 7.5596511614e+01
1.5297438290e+00 2.8701338627e-01 7.3044038180e+01
1.4831906254e+00 2.7684671049e-01 7.6145534310e+01
1.5033489165e+00 2.8928586290e-01 7.0151886504e+01
1.4662714550e+00 2.7844209531e-01 7.3685198049e+01
1.4701855064e+00 2.8173367298e-01 7.2013573065e+01
1.5471098935e+00 2.7923495833e-01 8.0620475268e+01
1.5293681659e+00 2.8055104366e-01 7.7449627715e+01
1.5051521814e+00 2.7659463521e-01 7.8454692681e+01
1.4780043311e+00 2.7166202586e-01 8.0246683597e+01
1.5021227420e+00 2.8325093852e-01 7.3343513034e+01
1.5005945312e+00 2.8251207130e-01 7.3685198049e+01
1.5114555809e+00 2.7709362156e-01 7.8663617982e+01
1.5285054324e+00 2.8050269263e-01 7.7407666966e+01
1.5226986362e+00 2.8357715306e-01 7.4664278454e+01
1.4969422353e+00 2.7710566309e-01 7.7197759713e+01
1.5047829624e+00 2.7605752245e-01 7.8914127157e+01
1.5021792469e+00 2.7503744835e-01 7.9622756324e+01
1.5044627446e+00 2.7501853082e-01 7.9914072577e+01
1.5498697882e+00 2.8836875294e-01 7.3642520295e+01
1.5118200181e+00 2.8036065484e-01 7.6018953826e+01
1.5131942332e+00 2.7853237174e-01 7.7575469027e+01
1.4981609116e+00 2.7905578371e-01 7.5807831180e+01
1.4820146243e+00 2.7396206948e-01 7.8412889032e+01
1.4730667019e+00 2.6894729076e-01 8.3020440166e+01
1.5204161209e+00 2.7630734155e-01 8.0495923602e+01
1.4599636347e+00 2.7485835330e-01 7.5596511614e+01
1.4789801354e+00 2.7384044338e-01 7.8203776466e+01
1.4853267170e+00 2.7606486079e-01 7.6945639864e+01
1.4741609441e+00 2.7460455454e-01 7.7071731622e+01
1.5349794954e+00 2.7721809430e-01 8.1366868568e+01
1.4562783824e+00 2.7181011483e-01 7.7659329379e+01
1.5155335502e+00 2.8073546084e-01 7.6061155025e+01
1.4649250864e+00 2.7394118388e-01 7.6735343529e+01
1.4736649369e+00 2.7465019049e-01 7.6987677568e+01
1.5195946522e+00 2.7667435885e-01 7.9997257084e+01
1.5133663805e+00 2.8381157173e-01 7.3813175613e+01
1.4524716284e+00 2.7247756158e-01 7.6735343529e+01
1.4556802197e+00 2.6702777307e-01 8.2896642113e+01
1.4880804476e+00 2.7466571941e-01 7.8412889032e+01
1.4849732522e+00 2.7325896789e-01 7.9414507550e+01
1.5161925898e+00 2.7507998538e-01 8.1366868568e+01
1.4857238021e+00 2.7476490920e-01 7.8078232563e+01
1.5231918180e+00 2.7625915767e-01 8.0910923055e+01
1.5114252265e+00 2.8666182014e-01 7.2013573065e+01
1.4687457791e+00 2.7866872197e-01 7.3727866500e+01
1.4709874716e+00 2.7147635054e-01 7.9581117748e+01
1.5297285421e+00 2.8019066752e-01 7.7785069637e+01
1.5110579449e+00 2.8021463024e-01 7.6061155025e+01
1.5043019269e+00 2.8379351441e-01 7.3172442467e+01
1.5282166970e+00 2.8352514028e-01 7.5130898438e+01
1.4914019389e+00 2.8128848080e-01 7.3770525678e+01
1.4958803146e+00 2.8088357996e-01 7.4366797030e+01
1.4974568118e+00 2.7297191338e-01 8.1325442176e+01
1.4955402223e+00 2.7715019739e-01 7.7029708145e+01
1.4970621306e+00 2.9239470935e-01 6.8356243358e+01
1.5351054750e+00 2.8438934829e-01 7.5088520605e+01
1.5355337738e+00 2.7803130256e-01 8.0495923602e+01
1.4941359814e+00 2.7719730607e-01 7.6861542972e+01
1.5449642958e+00 2.7818280835e-01 8.1573932786e+01
1.4696736133e+00 3.2205299160e-01 5.7630186677e+01
1.4866334265e+00 2.7611274050e-01 7.7029708145e+01
1.5036035329e+00 2.7587774250e-01 7.8955857695e+01
1.4835207034e+00 2.7606529560e-01 7.6777417260e+01
1.4615087964e+00 2.7780703229e-01 7.3727866500e+01
1.5257493361e+00 2.8735987311e-01 7.2572465000e+01
1.5161114639e+00 2.8379423140e-01 7.4026287672e+01
1.5237580430e+00 2.7614765224e-01 8.1118241196e+01
1.5081631932e+00 2.8174752295e-01 7.4749195028e+01
1.4861338919e+00 2.7390344397e-01 7.8914127157e+01
1.4589888275e+00 2.7313871677e-01 7.6819483732e+01
1.5417020173e+00 2.8692808346e-01 7.3941070253e+01
1.4704378628e+00 2.7787726458e-01 7.4366797030e+01
1.4898966165e+00 2.7510797021e-01 7.8203776466e+01
1.5345883883e+00 2.7988853678e-01 7.8538281315e+01
1.4984239131e+00 2.8060436944e-01 7.4749195028e+01
1.4667659380e+00 2.6985312124e-01 8.0827962340e+01
1.4836283397e+00 2.7776323817e-01 7.5511927880e+01
1.5120929492e+00 2.7781776702e-01 7.8078232563e+01
1.4821870256e+00 2.7559401205e-01 7.7029708145e+01
1.5299270981e+00 2.7908102694e-01 7.8788899706e+01
1.5141974086e+00 2.8116281449e-01 7.5638791445e+01
1.4920297919e+00 2.7026480680e-01 8.4503634743e+01
1.5116409814e+00 2.8190212591e-01 7.4918925507e+01
1.4966947213e+00 2.7871100212e-01 7.5934528179e+01
1.5363186104e+00 2.7815831467e-01 8.0454396336e+01
1.4923846353e+00 2.7849635175e-01 7.5723327176e+01
1.5068789078e+00 2.7894830355e-01 7.6651174188e+01
1.4884269672e+00 2.7161036867e-01 8.1739504252e+01
1.5439464594e+00 2.8011409634e-01 7.9331168577e+01
1.5287640690e+00 2.8297776825e-01 7.5554223768e+01
1.4630226121e+00 2.7314712121e-01 7.7197759713e+01
1.5221415959e+00 2.8641104422e-01 7.2872695748e+01
1.4914345602e+00 2.7221485901e-01 8.1408290413e+01
1.5076530103e+00 2.7953502391e-01 7.6272045862e+01
1.4672354402e+00 2.8017906092e-01 7.2701195268e+01
1.4980010194e+00 2.7604687897e-01 7.8203776466e+01
1.5560013714e+00 2.8361117385e-01 7.7449627715e+01
1.5134142546e+00 2.8149163206e-01 7.5342663360e+01
1.5006870291e+00 2.8740841228e-01 7.0933728582e+01
1.5406684887e+00 2.8750448605e-01 7.3514430919e+01
1.5059229235e+00 2.7990428782e-01 7.5850071354e+01
1.5045384836e+00 2.7856811889e-01 7.6735343529e+01
1.5150180521e+00 2.8261442819e-01 7.4706741043e+01
1.4930297324e+00 2.9053020887e-01 6.8971801420e+01
1.4785345257e+00 2.7383533405e-01 7.8161934912e+01
1.5179613480e+00 2.7739887515e-01 7.9081013820e+01
1.5061970871e+00 2.7600295306e-01 7.9122720780e+01
1.4994740620e+00 2.7819547239e-01 7.6566975496e+01
1.4989698418e+00 2.7734129058e-01 7.7197759713e+01
1.4396182917e+00 2.6966293428e-01 7.7826969754e+01
1.4778496317e+00 2.7948026202e-01 7.3898447871e+01
1.4573173576e+00 2.8064991205e-01 7.1755028325e+01
1.5304995635e+00 2.7941964611e-01 7.8538281315e+01
1.5165607100e+00 2.8198094132e-01 7.5257982128e+01
1.4964740984e+00 2.8527271827e-01 7.1798145674e+01
1.4882029839e+00 2.7454318309e-01 7.8538281315e+01
1.5141058652e+00 2.8080002143e-01 7.5892303678e+01
1.5402264672e+00 2.8200733789e-01 7.7281743419e+01
1.4960897203e+00 2.7660069947e-01 7.7533528720e+01
1.5079542809e+00 2.8922367130e-01 7.0456384946e+01
1.4948521480e+00 2.8281738645e-01 7.3086849324e+01
1.5319042551e+00 2.8029333459e-01 7.7910750187e+01
1.5253778591e+00 2.7725695787e-01 8.0080420295e+01
1.4796706411e+00 2.7089672882e-01 8.1366868568e+01
1.5390437561e+00 2.7771345923e-01 8.1325442176e+01
1.5160400934e+00 2.7704883081e-01 7.9206117227e+01
1.5354427682e+00 2.7949013858e-01 7.8997582302e+01
1.5077018091e+00 2.8220890708e-01 7.4409320646e+01
1.4948023012e+00 2.8603818364e-01 7.1280024178e+01
1.4906709108e+00 2.7794915183e-01 7.5976744886e+01
1.4890011230e+00 2.7735897820e-01 7.6272045862e+01
1.5371879179e+00 2.9647308215e-01 6.8708306827e+01
1.4823609528e+00 2.7903062507e-01 7.4536838781e+01
1.5472980778e+00 2.8453297118e-01 7.5976744886e+01
1.5209528609e+00 2.8350213609e-01 7.4579327351e+01
1.4573173576e+00 2.8064991205e-01 7.1755028325e+01
1.5157712257e+00 2.7913466097e-01 7.7323724844e+01
1.4938280199e+00 2.9199919147e-01 6.8356243358e+01
1.4660397182e+00 2.8723161832e-01 6.8971801420e+01
1.4931469587e+00 2.8225876469e-01 7.3300759781e+01
1.5313271039e+00 2.8178210533e-01 7.6651174188e+01
1.4950931734e+00 2.8574731149e-01 7.1452905485e+01
1.5068501165e+00 2.7308419029e-01 8.2607649278e+01
1.5013970459e+00 2.7672536613e-01 7.7952630554e+01
1.5007989676e+00 2.7641772769e-01 7.8161934912e+01
1.5189473741e+00 2.7777608831e-01 7.8830648187e+01
1.4873391370e+00 2.9304823962e-01 6.7560923945e+01
1.4869135694e+00 2.9075596497e-01 6.8532381435e+01
1.4805956162e+00 2.7402822513e-01 7.8203776466e+01
1.4834883925e+00 2.8467960073e-01 7.1280024178e+01
1.4875146825e+00 2.7432838645e-01 7.8663617982e+01
1.4865503653e+00 2.7303563371e-01 7.9830866582e+01
1.4778638343e+00 2.6955066680e-01 8.2937911806e+01
1.5295245289e+00 2.9362257522e-01 6.9584827470e+01
1.5179767441e+00 2.8101955026e-01 7.6061155025e+01
1.4737696833e+00 2.7769885427e-01 7.4749195028e+01
1.4881871661e+00 2.8540820091e-01 7.1193517300e+01
1.4993773422e+00 2.7919798586e-01 7.5807831180e+01
1.4892874994e+00 2.8023681747e-01 7.4281723271e+01
1.5095108189e+00 2.7903838356e-01 7.6819483732e+01
1.5056718065e+00 2.7924838162e-01 7.6314201186e+01
1.4830689039e+00 2.7606579689e-01 7.6735343529e+01
1.5189831114e+00 2.7592277528e-01 8.0744982225e+01
1.5022165885e+00 2.8270359958e-01 7.3685198049e+01
1.4852072061e+00 2.7753896085e-01 7.5807831180e+01
1.5102707660e+00 2.7737095255e-01 7.8287440457e+01
1.5132560217e+00 2.7438569689e-01 8.1822263856e+01
1.5090291598e+00 2.7861255873e-01 7.7113748025e+01
1.5080402501e+00 2.7778696122e-01 7.7701249475e+01
1.4983113797e+00 2.8116989571e-01 7.4366797030e+01
1.5109576595e+00 2.7759154298e-01 7.8161934912e+01
1.5344634662e+00 2.8001345889e-01 7.8412889032e+01
1.4559692808e+00 3.0677688615e-01 6.1292218423e+01
1.4869673990e+00 2.7803718778e-01 7.5596511614e+01
1.5103904440e+00 2.7952027222e-01 7.6524865077e+01
1.5169448046e+00 2.7568997479e-01 8.0744982225e+01
1.5334558632e+00 2.7646334638e-01 8.2111788416e+01
1.4913655527e+00 2.8766272983e-01 7.0238945256e+01
1.4925753200e+00 2.7514064247e-01 7.8454692681e+01
1.5487191520e+00 2.8356932765e-01 7.6819483732e+01
1.5076829969e+00 2.7587694440e-01 7.9414507550e+01
1.5047901490e+00 2.8103706233e-01 7.4961336903e+01
1.5259641031e+00 2.7985643071e-01 7.7701249475e+01
1.4867090242e+00 2.8100693830e-01 7.3599833208e+01
1.4935844338e+00 2.8182128953e-01 7.3599833208e+01
1.4856906315e+00 2.8519035561e-01 7.1150247189e+01
1.4868835548e+00 2.7315378104e-01 7.9747638907e+01
1.5114311453e+00 2.7847957092e-01 7.7449627715e+01
1.4914652628e+00 2.8213010427e-01 7.3257996956e+01
1.5086450156e+00 2.7582171847e-01 7.9581117748e+01
1.5158848329e+00 2.8356614277e-01 7.4154045875e+01
1.5038355490e+00 2.9061603955e-01 6.9541121708e+01
1.4839987528e+00 2.7694137246e-01 7.6145534310e+01
1.5092935998e+00 2.8107103105e-01 7.5300326848e+01
1.5268434342e+00 2.8216469084e-01 7.5976744886e+01
1.4817329971e+00 2.7243997068e-01 7.9872472277e+01
1.4973837270e+00 2.8119160107e-01 7.4281723271e+01
1.4637878569e+00 2.6968673482e-01 8.0620475268e+01
1.4865384395e+00 2.7395027177e-01 7.8914127157e+01
1.5117872913e+00 2.8130163285e-01 7.5342663360e+01
1.4792471016e+00 2.7898511844e-01 7.4324264582e+01
1.5499917977e+00 2.8549976219e-01 7.5511927880e+01
1.5270424138e+00 2.8242123445e-01 7.5807831180e+01
1.4678824470e+00 2.6918597693e-01 8.1822263856e+01
1.4780570737e+00 2.7341146381e-01 7.8496490101e+01
1.5170609940e+00 2.9058079108e-01 7.0325956512e+01
1.4665438603e+00 2.6827812769e-01 8.2896642113e+01
1.5059033776e+00 2.8173834095e-01 7.4579327351e+01
1.4750907058e+00 2.7772987295e-01 7.4834077304e+01
1.5050087597e+00 2.7900455879e-01 7.6440621960e+01
1.5188147803e+00 2.8200046901e-01 7.5427311870e+01
1.4925884201e+00 2.7377168110e-01 7.9789255467e+01
1.5269486001e+00 2.7796153756e-01 7.9539473606e+01
1.5472422996e+00 2.8230216737e-01 7.7701249475e+01
1.4924763830e+00 2.7569161024e-01 7.7952630554e+01
1.4907156063e+00 2.7926089545e-01 7.5046134423e+01
1.4695756928e+00 2.7513785755e-01 7.6229882959e+01
1.4890444862e+00 2.7415328763e-01 7.8997582302e+01
1.5071526978e+00 2.8094274356e-01 7.5215629171e+01
1.4662024180e+00 2.7221433258e-01 7.8329262945e+01
1.4801424428e+00 2.7132609477e-01 8.0910923055e+01
1.4983653463e+00 2.7523002071e-01 7.8997582302e+01
1.5086080755e+00 2.7585865858e-01 7.9539473606e+01
1.5073648989e+00 2.7800878166e-01 7.7449627715e+01
1.5282396478e+00 2.7712566880e-01 8.0578963045e+01
1.5084205907e+00 2.7559272780e-01 7.9789255467e+01
1.4639458174e+00 2.8256821208e-01 7.1150247189e+01
1.4837724896e+00 2.7130226393e-01 8.1449707735e+01
1.4845464745e+00 2.8000635121e-01 7.4068882767e+01
1.5379581930e+00 2.8655914571e-01 7.3898447871e+01
1.4720520156e+00 2.6951218623e-01 8.2029088124e+01
1.5219889847e+00 2.8201090989e-01 7.5681063290e+01
1.5136114756e+00 2.7720710825e-01 7.8788899706e+01
1.5156618876e+00 2.7969833551e-01 7.6861542972e+01
1.5048335069e+00 2.7736653330e-01 7.7743162886e+01
1.4886433105e+00 2.9627687763e-01 6.6314557885e+01
1.5176827610e+00 2.7813183694e-01 7.8371079129e+01
1.4900860871e+00 2.8079489999e-01 7.3983683510e+01
1.4848546892e+00 2.7743990945e-01 7.5850071354e+01
1.5026044560e+00 2.7823602888e-01 7.6819483732e+01
1.5157870055e+00 2.7548556968e-01 8.0827962340e+01
1.4918426904e+00 2.8356303299e-01 7.2443643876e+01
1.4978311919e+00 2.7757453152e-01 7.6903595008e+01
1.4830537038e+00 2.7924089492e-01 7.4451835457e+01
1.4976000369e+00 2.8006949749e-01 7.5046134423e+01
1.5026314957e+00 2.8410289253e-01 7.2872695748e+01
1.5108368258e+00 2.8088977911e-01 7.5554223768e+01
1.4675943939e+00 2.8657857384e-01 6.9366173885e+01
1.4992439293e+00 2.7706720314e-01 7.7449627715e+01
1.4754709225e+00 2.7599761502e-01 7.6103348511e+01
1.4905659576e+00 2.8167204624e-01 7.3471715656e+01
1.5069631390e+00 2.8476346586e-01 7.2786965387e+01
1.5019023939e+00 2.8120420857e-01 7.4621807233e+01
1.5174463370e+00 2.7927712543e-01 7.7365699350e+01
1.4975532602e+00 2.7604210680e-01 7.8161934912e+01
1.5174813031e+00 2.7560762106e-01 8.0910923055e+01
1.5177734445e+00 2.8076820688e-01 7.6229882959e+01
1.5389541041e+00 2.8327970102e-01 7.6187712450e+01
1.5087782920e+00 2.7387501011e-01 8.1822263856e+01
1.4838564968e+00 2.7527820395e-01 7.7449627715e+01
1.4941995071e+00 2.8347002726e-01 7.2658295222e+01
1.5279230847e+00 2.8746584192e-01 7.2658295222e+01
1.4859516696e+00 2.7273177152e-01 8.0080420295e+01
1.5098544378e+00 2.7551924279e-01 8.0038841340e+01
1.5685529885e+00 2.8573687299e-01 7.6903595008e+01
1.4967106162e+00 2.7326588554e-01 8.0869445111e+01
1.4804187921e+00 2.7014857781e-01 8.2483737725e+01
1.4930153516e+00 2.7696115015e-01 7.6945639864e+01
1.5792149424e+00 2.8610839284e-01 7.7575469027e+01
1.4983598689e+00 2.8746734242e-01 7.0760310020e+01
1.5312673667e+00 2.8640223195e-01 7.3514430919e+01
1.5102381386e+00 2.8148846629e-01 7.5088520605e+01
1.5174641283e+00 2.8608070208e-01 7.2744085313e+01
1.5687772363e+00 2.8183965206e-01 8.0454396336e+01
1.4953287269e+00 2.7826664011e-01 7.6145534310e+01
1.4720127236e+00 2.7360098886e-01 7.7701249475e+01
1.4698897617e+00 2.7662426769e-01 7.5173267951e+01
1.4868571979e+00 2.8311930387e-01 7.2357712234e+01
1.5349538739e+00 2.7815533540e-01 8.0288236411e+01
1.5211781735e+00 2.8418714311e-01 7.4154045875e+01
1.4916583618e+00 2.7696170085e-01 7.6819483732e+01
1.4759244266e+00 2.7599475272e-01 7.6145534310e+01
1.4621746338e+00 2.7264735420e-01 7.7533528720e+01
1.4894640879e+00 2.7012191116e-01 8.4215556278e+01
1.5071602648e+00 2.8456634011e-01 7.2915546096e+01
1.4876847337e+00 2.7777165269e-01 7.5850071354e+01
1.4988123943e+00 2.8202809054e-01 7.3855816334e+01
1.5394356630e+00 2.8508167572e-01 7.4961336903e+01
1.5101233387e+00 2.7615744188e-01 7.9414507550e+01
1.5019541531e+00 2.7979266354e-01 7.5596511614e+01
1.4679062642e+00 2.7725734791e-01 7.4579327351e+01
1.5289562603e+00 2.7731952893e-01 8.0454396336e+01
1.4749592023e+00 2.7650933522e-01 7.5681063290e+01
1.4736467717e+00 2.9135781499e-01 6.7560923945e+01
1.4895018616e+00 2.7911820097e-01 7.5046134423e+01
1.4979662778e+00 2.7427172600e-01 7.9914072577e+01
1.5322181892e+00 2.8134688715e-01 7.7071731622e+01
1.4487632574e+00 2.7036084079e-01 7.8161934912e+01
1.4759062376e+00 2.7691434122e-01 7.5469623924e+01
1.4756724613e+00 2.7804967147e-01 7.4664278454e+01
1.4925781582e+00 2.8780921840e-01 7.0238945256e+01
1.4794206210e+00 2.7881159912e-01 7.4451835457e+01
1.4800217664e+00 2.9040695874e-01 6.8312175320e+01
1.4973768783e+00 2.7214743856e-01 8.2401110412e+01
1.4990617236e+00 2.7951360445e-01 7.5554223768e+01
1.4966905159e+00 2.8097901854e-01 7.4366797030e+01
1.4803215795e+00 2.8965492228e-01 6.8664345286e+01
1.5001824357e+00 2.8337750560e-01 7.3129650743e+01
1.4978109946e+00 2.7850013776e-01 7.6187712450e+01
1.5238788831e+00 2.7966594736e-01 7.7659329379e+01
1.4955255113e+00 2.7309455128e-01 8.0910923055e+01
1.4739302715e+00 2.8520442931e-01 7.0412920548e+01
1.5099752338e+00 2.7585197757e-01 7.9706016880e+01
1.5440970563e+00 2.8727660014e-01 7.3898447871e+01
1.5398680065e+00 2.8053965816e-01 7.8496490101e+01
1.4696477285e+00 2.7911777008e-01 7.3514430919e+01
1.5167544983e+00 2.7270234159e-01 8.5284881255e+01
1.5064950661e+00 2.7253321638e-01 8.3391640307e+01
1.4910300987e+00 2.7442628767e-01 7.8955857695e+01
1.5326011653e+00 2.8552468228e-01 7.4154045875e+01
1.5090056210e+00 2.7546111306e-01 7.9997257084e+01
1.4882040461e+00 2.8312924137e-01 7.2443643876e+01
1.4835393087e+00 2.7288841318e-01 7.9622756324e+01
1.5345436279e+00 2.8130135671e-01 7.7323724844e+01
1.5042994836e+00 2.7246441103e-01 8.3102953976e+01
1.5256061622e+00 2.8249103128e-01 7.5638791445e+01
1.5208719748e+00 2.8176284218e-01 7.5765583130e+01
1.5093821580e+00 2.8189041714e-01 7.4749195028e+01
1.5068789078e+00 2.7894830355e-01 7.6651174188e+01
1.5150908264e+00 2.8436014926e-01 7.3599833208e+01
1.5009129421e+00 2.7449278132e-01 8.0038841340e+01
1.5094784560e+00 2.7952454606e-01 7.6440621960e+01
1.4851237620e+00 2.8123633922e-01 7.3343513034e+01
1.5441296540e+00 2.7947415682e-01 7.9997257084e+01
1.5104885528e+00 2.7942216336e-01 7.6609078524e+01
1.5268530944e+00 2.7942269483e-01 7.8161934912e+01
1.5322423364e+00 2.8177864522e-01 7.6735343529e+01
1.4982085061e+00 2.7810262630e-01 7.6524865077e+01
1.5439847609e+00 2.8007579481e-01 7.9372840907e+01
1.5393120488e+00 2.8337838675e-01 7.6145534310e+01
1.5213007007e+00 2.7769559366e-01 7.9164421908e+01
1.4783682961e+00 2.8121770293e-01 7.2872695748e+01
1.5008643607e+00 2.8360237342e-01 7.3044038180e+01
1.5144146901e+00 2.8049119652e-01 7.6145534310e+01
1.4764151728e+00 2.7685616372e-01 7.5554223768e+01
1.4953983447e+00 2.7276964854e-01 8.1284011213e+01
1.5122828864e+00 2.7898968878e-01 7.7113748025e+01
1.4759458748e+00 2.7056815463e-01 8.1242575657e+01
1.4957031619e+00 3.1421604772e-01 6.0636427135e+01
1.4912047753e+00 2.7877172643e-01 7.5427311870e+01
1.5031109193e+00 2.7365297535e-01 8.1284011213e+01
1.4898773593e+00 2.8417053907e-01 7.1970508727e+01
1.4810114743e+00 2.7722074574e-01 7.5681063290e+01
1.5292629982e+00 2.8111181096e-01 7.6987677568e+01
1.4943991678e+00 2.7512514911e-01 7.8663617982e+01
1.4885098841e+00 2.8101443277e-01 7.3727866500e+01
1.5183379293e+00 2.7793108174e-01 7.8621845231e+01
1.4813868322e+00 2.8949415489e-01 6.8796190524e+01
1.4932869062e+00 2.7442905629e-01 7.9206117227e+01
1.4930153516e+00 2.7696115015e-01 7.6945639864e+01
1.4588825106e+00 2.7100073063e-01 7.8663617982e+01
1.4778542378e+00 2.7316369664e-01 7.8705384629e+01
1.4857636477e+00 2.7924093906e-01 7.4664278454e+01
1.4653353923e+00 2.6813919939e-01 8.2896642113e+01
1.4931904387e+00 2.8357345586e-01 7.2529534762e+01
1.5169031778e+00 2.8118386889e-01 7.5850071354e+01
1.4990777651e+00 2.7859176932e-01 7.6229882959e+01
1.5223493439e+00 2.8392644535e-01 7.4409320646e+01
1.4785506933e+00 2.7923034431e-01 7.4111468825e+01
1.5042459585e+00 2.7886064403e-01 7.6482747241e+01
1.4553469693e+00 2.7319015574e-01 7.6440621960e+01
1.5211219708e+00 2.7741968055e-01 7.9414507550e+01
1.4993039596e+00 2.8924524293e-01 6.9934029987e+01
1.5344886180e+00 2.8044428876e-01 7.8036371717e+01
1.4787828355e+00 2.7493929731e-01 7.7239755051e+01
1.4540765652e+00 2.9919477124e-01 6.3647781684e+01
1.5055441888e+00 2.7710911333e-01 7.8036371717e+01
1.5417260993e+00 2.8827560796e-01 7.3129650743e+01
1.4828217461e+00 2.7541047394e-01 7.7239755051e+01
1.4915315073e+00 2.7799280953e-01 7.6018953826e+01
1.4511131951e+00 2.8101434924e-01 7.1150247189e+01
1.5294989227e+00 2.7723216022e-01 8.0620475268e+01
1.5086496842e+00 2.7899203434e-01 7.6777417260e+01
1.5246500978e+00 2.7980489915e-01 7.7617402571e+01
1.5079916015e+00 2.8191911464e-01 7.4621807233e+01
1.5215255136e+00 2.9477556726e-01 6.8620370565e+01
1.5461071774e+00 2.8480912458e-01 7.5681063290e+01
1.4744655463e+00 2.7294895479e-01 7.8538281315e+01
1.4898864620e+00 2.8370890497e-01 7.2228737805e+01
1.5127837388e+00 2.8666723684e-01 7.2099670255e+01
1.4859511091e+00 2.7228111093e-01 8.0578963045e+01
1.4749834273e+00 2.8550528393e-01 7.0325956512e+01
1.5180464302e+00 2.7685945643e-01 7.9622756324e+01
1.4769831841e+00 2.6953084531e-01 8.2814091592e+01
1.4861822897e+00 2.7611230899e-01 7.6987677568e+01
1.5284438010e+00 2.7965339251e-01 7.8120086953e+01
1.5044735518e+00 2.8044663637e-01 7.5342663360e+01
1.4924045492e+00 2.7983345460e-01 7.4791640439e+01
1.4789823821e+00 2.7564145925e-01 7.6693262514e+01
1.4802562216e+00 2.8294155218e-01 7.2013573065e+01
1.5176708207e+00 2.8678417627e-01 7.2357712234e+01
1.4794913142e+00 2.7423081857e-01 7.7910750187e+01
1.5323346308e+00 2.7986295892e-01 7.8329262945e+01
1.4927189910e+00 3.1720021860e-01 5.9692165947e+01
1.4843272555e+00 2.9832604664e-01 6.5326892254e+01
1.5315430813e+00 2.7746504372e-01 8.0620475268e+01
1.4867548345e+00 2.7644293930e-01 7.6777417260e+01
1.5102419523e+00 2.7966876389e-01 7.6398489209e+01
1.4655246947e+00 2.7289205584e-01 7.7659329379e+01
1.4942636636e+00 2.7842675610e-01 7.5934528179e+01
1.4857531671e+00 2.7067455470e-01 8.2607649278e+01
1.5005993325e+00 2.7888194295e-01 7.6145534310e+01
1.5078972828e+00 2.7430275738e-01 8.1159690671e+01
1.4753881203e+00 2.6977549181e-01 8.2194472172e+01
1.5082161120e+00 2.7851827622e-01 7.7113748025e+01
1.5259608509e+00 2.8395835868e-01 7.4664278454e+01
1.4851745938e+00 2.7215529992e-01 8.0620475268e+01
1.5228135360e+00 2.8346225321e-01 7.4749195028e+01
1.5363074879e+00 2.7999359299e-01 7.8621845231e+01
1.4834233030e+00 2.8293679819e-01 7.2228737805e+01
1.5345644612e+00 2.7854474810e-01 7.9830866582e+01
1.4845950776e+00 2.7453962322e-01 7.8161934912e+01
1.5078787403e+00 2.7386807639e-01 8.1698117953e+01
1.5029467327e+00 2.7562859528e-01 7.9122720780e+01
1.5129171506e+00 2.8198873607e-01 7.4961336903e+01
1.4745679464e+00 2.9857492773e-01 6.4784873432e+01
1.4516876902e+00 2.6654082321e-01 8.2937911806e+01
1.5185465386e+00 2.7635934807e-01 8.0205125602e+01
1.5127884231e+00 2.8166316539e-01 7.5173267951e+01
1.4997828959e+00 2.7924538657e-01 7.5807831180e+01
1.4858919951e+00 2.7459671620e-01 7.8245611639e+01
1.5118226926e+00 2.7400451873e-01 8.2111788416e+01
1.5227573874e+00 2.8670626078e-01 7.2744085313e+01
1.5281081266e+00 2.8272232040e-01 7.5681063290e+01
1.4640253492e+00 2.7394192041e-01 7.6651174188e+01
1.5223434562e+00 2.8211154077e-01 7.5638791445e+01
1.4737644660e+00 2.7094908435e-01 8.0495923602e+01
1.4829487746e+00 2.8612339585e-01 7.0499837642e+01
1.4932141760e+00 2.7992869818e-01 7.4791640439e+01
1.5289246621e+00 2.8281717514e-01 7.5681063290e+01
1.4817032584e+00 2.8013981055e-01 7.3770525678e+01
1.5150849669e+00 2.7936662163e-01 7.7071731622e+01
1.4984467135e+00 2.7379129035e-01 8.0495923602e+01
1.5069758110e+00 2.7703750745e-01 7.8245611639e+01
1.5250661239e+00 2.7847870653e-01 7.8830648187e+01
1.4805206521e+00 2.7229992666e-01 7.9872472277e+01
1.5439326880e+00 2.8698361398e-01 7.4068882767e+01
1.4866249878e+00 2.7431513744e-01 7.8580066351e+01
1.5046834819e+00 2.8205090630e-01 7.4281723271e+01
1.5230138907e+00 2.7734656241e-01 7.9706016880e+01
1.5511499944e+00 2.8068105466e-01 7.9581117748e+01
1.5422248674e+00 2.8320615159e-01 7.6524865077e+01
1.4712023100e+00 2.7126151213e-01 7.9830866582e+01
1.4684695084e+00 2.8480182811e-01 7.0282456804e+01
1.4955170114e+00 2.7762586272e-01 7.6651174188e+01
1.4986503690e+00 2.7404005078e-01 8.0246683597e+01
1.4887188114e+00 2.8442406273e-01 7.1755028325e+01
1.4602015124e+00 2.7596822092e-01 7.4834077304e+01
1.4966765101e+00 2.7149148321e-01 8.3267938661e+01
1.4469211444e+00 2.7130736898e-01 7.7155757380e+01
1.4618682060e+00 2.7520021794e-01 7.5511927880e+01
1.5081467454e+00 2.8403392754e-01 7.3300759781e+01
1.4998679638e+00 2.7417993460e-01 8.0246683597e+01
1.4977613955e+00 2.8988032311e-01 6.9541121708e+01
1.5164110234e+00 2.8349467182e-01 7.4239173069e+01
1.4761326122e+00 2.7398423190e-01 7.7785069637e+01
1.4924992996e+00 2.7928632685e-01 7.5173267951e+01
1.4576023119e+00 2.7946611209e-01 7.2443643876e+01
1.4413449993e+00 2.7330273075e-01 7.5130898438e+01
1.4780307279e+00 2.7569140493e-01 7.6566975496e+01
1.4752358597e+00 2.7172838623e-01 7.9830866582e+01
1.4999897217e+00 2.7903856079e-01 7.5976744886e+01
1.4507133954e+00 2.7692651288e-01 7.3471715656e+01
1.4721531970e+00 2.7211033031e-01 7.9081013820e+01
1.4996309810e+00 2.7396438600e-01 8.0454396336e+01
1.5210813545e+00 2.8155346240e-01 7.5934528179e+01
1.5114970493e+00 2.7387663126e-01 8.2235807906e+01
1.4513896296e+00 2.7894239466e-01 7.2314731052e+01
1.4796854948e+00 2.7990050425e-01 7.3770525678e+01
1.5385310076e+00 2.7548997400e-01 8.4585916962e+01
1.4678789741e+00 2.8223787002e-01 7.1582451612e+01
1.5105702604e+00 2.9024498896e-01 7.0108339229e+01
1.4997372571e+00 2.7521581950e-01 7.9164421908e+01
1.5002019582e+00 2.7384594018e-01 8.0661982523e+01
1.5050585923e+00 2.7986159586e-01 7.5807831180e+01
1.4495578235e+00 2.6867068989e-01 7.9914072577e+01
1.4922901109e+00 2.7813861426e-01 7.5976744886e+01
1.5042627465e+00 2.8474025550e-01 7.2615385143e+01
1.4863287631e+00 2.6919694122e-01 8.5408151939e+01
1.5029081003e+00 2.7566722772e-01 7.9081013820e+01
1.4908961703e+00 2.7681979219e-01 7.6861542972e+01
1.5243828051e+00 2.9967775060e-01 6.6716440328e+01
1.5362722603e+00 2.8139733832e-01 7.7407666966e+01
1.4687021467e+00 2.8186522325e-01 7.1841252357e+01
1.5124917447e+00 2.8377726636e-01 7.3770525678e+01
1.4976445397e+00 2.9226617651e-01 6.8444339134e+01
1.4843728199e+00 2.7882495394e-01 7.4834077304e+01
1.4960448692e+00 2.7664555050e-01 7.7491581624e+01
1.5248044555e+00 2.8147133372e-01 7.6314201186e+01
1.4383836310e+00 2.7179162294e-01 7.5976744886e+01
1.5261927982e+00 2.7598706943e-01 8.1656727290e+01
1.4848405388e+00 2.7790562818e-01 7.5511927880e+01
1.4859891839e+00 2.7901540281e-01 7.4834077304e+01
1.4654343911e+00 2.7568005863e-01 7.5469623924e+01
1.4653063093e+00 2.9427968969e-01 6.5956288709e+01
1.4856458339e+00 2.7168405987e-01 8.1242575657e+01
1.5258208211e+00 2.8136559372e-01 7.6482747241e+01
1.4792160248e+00 2.7180190968e-01 8.0246683597e+01
1.5422213750e+00 2.7864276754e-01 8.0661982523e+01
1.5130042899e+00 2.7599871214e-01 7.9914072577e+01
1.5033905088e+00 2.7246789982e-01 8.2937911806e+01
1.5076617461e+00 2.7725844203e-01 7.8120086953e+01
1.4840246939e+00 2.7872147305e-01 7.4876505650e+01
1.4836938363e+00 2.7724628897e-01 7.5892303678e+01
1.5453241366e+00 2.7965002320e-01 7.9955667504e+01
1.4837386469e+00 2.7991077227e-01 7.4068882767e+01
1.5163568228e+00 2.8764307172e-01 7.1798145674e+01
1.4681315974e+00 2.7703201473e-01 7.4749195028e+01
1.5114821620e+00 2.7570587214e-01 8.0038841340e+01
1.4867100507e+00 2.8598036899e-01 7.0803681768e+01
1.4952340289e+00 2.8243550547e-01 7.3343513034e+01
1.5166022108e+00 2.8057574142e-01 7.6272045862e+01
1.5506184694e+00 2.8533082563e-01 7.5681063290e+01
1.4814529513e+00 2.7587694240e-01 7.6735343529e+01
1.5019191201e+00 2.7529757519e-01 7.9331168577e+01
1.5203248413e+00 2.7867145305e-01 7.8161934912e+01
1.4898834192e+00 2.7873664342e-01 7.5342663360e+01
1.5054172461e+00 2.7451706071e-01 8.0578963045e+01
1.5039309734e+00 2.7600333338e-01 7.8872390662e+01
1.5191577365e+00 2.7483959227e-01 8.2111788416e+01
1.4748053984e+00 2.8072030595e-01 7.2915546096e+01
1.4973087959e+00 2.7447683048e-01 7.9622756324e+01
1.5190665173e+00 2.7765694520e-01 7.8955857695e+01
1.4181864014e+00 2.7013009188e-01 7.5427311870e+01
1.5107629742e+00 2.7370375992e-01 8.2359790805e+01
1.4621505454e+00 2.7761488051e-01 7.3898447871e+01
1.4905270255e+00 2.7357407768e-01 7.9747638907e+01
1.4979910875e+00 2.7334220003e-01 8.0952396196e+01
1.5349939561e+00 2.7948296903e-01 7.8955857695e+01
1.4796461524e+00 2.8581023394e-01 7.0456384946e+01
1.4846044012e+00 2.7723866773e-01 7.5976744886e+01
1.4896566567e+00 2.8212896971e-01 7.3129650743e+01
1.5432332083e+00 2.8219781078e-01 7.7407666966e+01
1.4806373229e+00 2.7398651839e-01 7.8245611639e+01
1.5035117488e+00 2.7823506783e-01 7.6903595008e+01
1.5104607309e+00 2.7445945717e-01 8.1325442176e+01
1.5008640021e+00 2.7363646612e-01 8.0993864557e+01
1.4956053365e+00 2.7934774009e-01 7.5384991691e+01
1.5128571766e+00 2.8341183438e-01 7.4026287672e+01
1.5365153496e+00 2.8480530899e-01 7.4918925507e+01
1.4640706487e+00 2.7164979747e-01 7.8621845231e+01
1.4593133601e+00 2.7281418421e-01 7.7113748025e+01
1.5110244579e+00 2.8524455316e-01 7.2786965387e+01
1.5094991782e+00 2.7723520999e-01 7.8329262945e+01
1.5070763749e+00 2.7467044172e-01 8.0620475268e+01
1.4753346354e+00 2.8289758466e-01 7.1711900276e+01
1.4973283862e+00 2.7355260092e-01 8.0620475268e+01
1.4723957403e+00 2.7546905457e-01 7.6229882959e+01
1.5216871691e+00 2.8185766132e-01 7.5765583130e+01
1.4907338010e+00 2.8014718605e-01 7.4451835457e+01
1.5021351799e+00 2.8142476139e-01 7.4494341492e+01
1.5133566958e+00 2.7791587941e-01 7.8120086953e+01
1.5257822481e+00 2.8368140007e-01 7.4834077304e+01
1.5141937729e+00 2.8844104403e-01 7.1236776285e+01
1.4925801016e+00 2.8418379298e-01 7.2142703171e+01
1.4668445498e+00 2.8417338462e-01 7.0499837642e+01
1.4806428173e+00 2.8120025169e-01 7.3044038180e+01
1.4849576666e+00 2.7959515908e-01 7.4366797030e+01
1.4678494636e+00 2.7731414850e-01 7.4536838781e+01
1.4839009939e+00 2.7072284743e-01 8.2235807906e+01
1.4732377349e+00 2.8003360160e-01 7.3215224529e+01
1.4971147012e+00 2.7738576704e-01 7.6987677568e+01
1.5158814574e+00 2.8948385917e-01 7.0803681768e+01
1.4878794019e+00 2.7351217596e-01 7.9497823876e+01
1.4388973797e+00 2.6770269787e-01 7.9622756324e+01
1.5078352823e+00 2.7663145176e-01 7.8705384629e+01
1.4814549070e+00 2.9078309686e-01 6.8223998755e+01
1.4738702917e+00 2.8075354967e-01 7.2829835522e+01
1.4900498495e+00 2.7359956967e-01 7.9664389360e+01
1.5134024743e+00 2.7696215655e-01 7.8997582302e+01
1.5205025377e+00 2.8031271158e-01 7.6819483732e+01
1.4657203341e+00 2.7179749329e-01 7.8663617982e+01
1.5530769354e+00 2.8195692750e-01 7.8580066351e+01
1.4667758712e+00 2.7298955469e-01 7.7701249475e+01
1.4667758712e+00 2.7298955469e-01 7.7701249475e+01
1.5164666073e+00 2.8252968707e-01 7.4876505650e+01
1.4900646252e+00 2.7765133728e-01 7.6145534310e+01
1.5257616368e+00 2.7869336021e-01 7.8705384629e+01
1.4994672238e+00 2.7956105874e-01 7.5554223768e+01
1.5223363091e+00 2.7938864744e-01 7.7743162886e+01
1.5257774145e+00 2.8049837472e-01 7.7155757380e+01
1.5117640288e+00 2.8223329992e-01 7.4706741043e+01
1.4703932509e+00 2.7252043952e-01 7.8496490101e+01
1.5253307761e+00 2.8823430019e-01 7.2056626897e+01
1.4787528281e+00 2.9167589702e-01 6.7693789341e+01
1.4830668608e+00 2.9098103763e-01 6.8223998755e+01
1.4966270389e+00 2.8466659262e-01 7.2142703171e+01
1.4896117658e+00 2.8398360117e-01 7.2056626897e+01
1.4513179860e+00 2.7946286007e-01 7.2013573065e+01
1.4916331180e+00 2.7789119889e-01 7.6103348511e+01
1.4507851564e+00 2.8089344976e-01 7.1193517300e+01
1.5020189658e+00 2.8154097553e-01 7.4409320646e+01
1.4842880903e+00 2.8568841148e-01 7.0803681768e+01
1.4833763521e+00 2.7169840140e-01 8.0910923055e+01
1.4673826237e+00 2.7688090358e-01 7.4791640439e+01
1.4781552032e+00 2.8323637465e-01 7.1711900276e+01
1.4800396746e+00 2.7503507893e-01 7.7281743419e+01
1.4937481296e+00 2.7487193300e-01 7.8830648187e+01
1.4897017422e+00 2.7711027416e-01 7.6524865077e+01
1.4989256553e+00 2.7512224311e-01 7.9164421908e+01
1.4927094916e+00 2.7229509512e-01 8.1491120555e+01
1.4800812246e+00 2.7228863515e-01 7.9830866582e+01
1.4290015143e+00 2.7313310136e-01 7.4239173069e+01
1.4967949772e+00 2.7815809936e-01 7.6356348960e+01
1.5211306327e+00 2.7650184754e-01 8.0371326592e+01
1.5087686657e+00 2.7479127560e-01 8.0703484835e+01
1.4871679767e+00 2.6971081179e-01 8.4503634743e+01
1.5217417790e+00 2.8681086117e-01 7.2615385143e+01
1.5398285073e+00 2.7829734024e-01 8.0744982225e+01
1.5085843697e+00 2.7815001844e-01 7.7449627715e+01
1.5238310027e+00 2.8198953105e-01 7.5850071354e+01
1.4665225922e+00 2.7234367812e-01 7.8245611639e+01
1.4897242928e+00 2.7211877615e-01 8.1284011213e+01
1.5243287098e+00 2.8422393038e-01 7.4366797030e+01
1.4973737406e+00 2.8437307601e-01 7.2357712234e+01
1.4749675041e+00 2.7469885289e-01 7.7071731622e+01
1.4399613190e+00 2.7110811864e-01 7.6651174188e+01
1.4973087959e+00 2.7447683048e-01 7.9622756324e+01
1.5298522655e+00 2.8644881540e-01 7.3386256743e+01
1.4862219493e+00 2.8013815191e-01 7.4111468825e+01
1.5152296806e+00 2.8604040325e-01 7.2615385143e+01
1.5082964307e+00 2.7481017182e-01 8.0620475268e+01
1.4860848135e+00 2.8072720287e-01 7.3727866500e+01
1.5516394860e+00 2.8156396920e-01 7.8788899706e+01
1.5316767370e+00 2.8325616976e-01 7.5596511614e+01
1.5146760741e+00 2.7568855667e-01 8.0454396336e+01
1.5493397587e+00 2.8157654322e-01 7.8538281315e+01
1.5237580430e+00 2.7614765224e-01 8.1118241196e+01
1.4963076656e+00 2.7955074309e-01 7.5300326848e+01
1.5217211713e+00 2.8227872327e-01 7.5469623924e+01
1.5403485276e+00 2.8097213101e-01 7.8161934912e+01
1.5373437189e+00 2.8215110448e-01 7.6903595008e+01
1.4692921952e+00 2.7092286657e-01 7.9955667504e+01
1.5191988582e+00 2.8116159496e-01 7.6061155025e+01
1.4731947572e+00 2.7106877014e-01 8.0288236411e+01
1.5014821134e+00 2.7799916200e-01 7.6903595008e+01
1.4884530110e+00 2.7881095914e-01 7.5173267951e+01
1.4837211042e+00 2.7541359656e-01 7.7323724844e+01
1.5337269135e+00 2.7938229575e-01 7.8914127157e+01
1.5151742868e+00 2.8200366538e-01 7.5130898438e+01
1.5228991375e+00 2.7882581902e-01 7.8287440457e+01
1.4789362538e+00 2.7298292557e-01 7.8997582302e+01
1.4751370176e+00 2.7362848105e-01 7.7994504389e+01
1.4902675100e+00 2.7473707677e-01 7.8580066351e+01
1.5082560569e+00 2.8029314556e-01 7.5765583130e+01
1.4959358328e+00 2.8037529960e-01 7.4706741043e+01
1.5388148577e+00 2.8113636717e-01 7.7868863262e+01
1.4775881155e+00 2.7613401734e-01 7.6187712450e+01
1.5259813614e+00 2.7801853313e-01 7.9372840907e+01
1.5232232661e+00 2.8396314874e-01 7.4451835457e+01
1.5108657672e+00 2.8358582131e-01 7.3770525678e+01
1.4997307379e+00 2.7929754463e-01 7.5765583130e+01
1.5198865163e+00 2.7820053035e-01 7.8538281315e+01
1.4661703438e+00 2.7809318346e-01 7.3898447871e+01
1.5090408060e+00 2.7542592811e-01 8.0038841340e+01
1.5111025429e+00 2.9380759477e-01 6.8488366950e+01
1.5676287271e+00 2.9079612992e-01 7.3428990941e+01
1.4690834708e+00 2.8779531766e-01 6.8884021955e+01
1.5179427884e+00 2.8651220861e-01 7.2529534762e+01
1.4773276159e+00 2.6873623572e-01 8.4215556278e+01
1.4925136081e+00 2.8108175889e-01 7.3983683510e+01
1.4814739692e+00 2.7811202988e-01 7.5088520605e+01
1.4882303026e+00 2.8174619921e-01 7.3257996956e+01
1.4932202195e+00 2.7539984313e-01 7.8287440457e+01
1.4899861192e+00 2.8587228941e-01 7.1063673457e+01
1.5170859565e+00 2.9374449046e-01 6.8840112753e+01
1.5335541410e+00 2.7909923941e-01 7.9164421908e+01
1.5316371260e+00 2.8192795031e-01 7.6566975496e+01
1.4672652516e+00 2.7384919819e-01 7.7029708145e+01
1.5083040383e+00 2.7434926384e-01 8.1159690671e+01
1.5241726501e+00 2.8073748759e-01 7.6819483732e+01
1.5034339605e+00 2.7785967106e-01 7.7197759713e+01
1.5345375608e+00 2.8358828680e-01 7.5596511614e+01
1.5459258305e+00 2.7996208588e-01 7.9706016880e+01
1.4876135063e+00 2.7965046383e-01 7.4536838781e+01
1.5581473174e+00 2.7780197763e-01 8.4380190038e+01
1.5061166755e+00 2.8379404067e-01 7.3300759781e+01
1.5130497972e+00 2.7913087573e-01 7.7071731622e+01
1.4684390765e+00 2.8302946106e-01 7.1193517300e+01
1.4912380071e+00 2.7467021740e-01 7.8747145195e+01
1.5097273234e+00 2.8472426508e-01 7.3001217281e+01
1.4827600816e+00 2.7592335950e-01 7.6819483732e+01
1.4837164753e+00 2.6955486116e-01 8.4050874581e+01
1.5193009483e+00 2.7560493838e-01 8.1159690671e+01
1.4520412008e+00 2.8367924531e-01 6.9846802787e+01
1.4935416913e+00 2.7553047915e-01 7.8203776466e+01
1.4899001619e+00 2.7284600502e-01 8.0454396336e+01
1.5025216896e+00 2.8058491289e-01 7.5088520605e+01
1.4717421922e+00 2.7432165946e-01 7.7071731622e+01
1.5150404865e+00 2.7623208864e-01 7.9914072577e+01
1.4940384475e+00 2.7096613925e-01 8.3638951400e+01
1.4876442156e+00 2.7871588560e-01 7.5173267951e+01
1.5319480558e+00 2.8024953395e-01 7.7952630554e+01
1.5128788388e+00 2.7748579204e-01 7.8454692681e+01
1.5012838983e+00 2.7457451037e-01 7.9997257084e+01
1.4978451639e+00 2.7710791268e-01 7.7281743419e+01
1.5294051876e+00 2.8096962154e-01 7.7113748025e+01
1.5239235667e+00 2.7962126372e-01 7.7701249475e+01
1.5086099122e+00 2.8039308986e-01 7.5723327176e+01
1.5115476039e+00 2.9063226376e-01 6.9977625389e+01
1.4960885338e+00 2.7841193445e-01 7.6103348511e+01
1.5141280707e+00 2.7805260223e-01 7.8078232563e+01
1.5095450082e+00 2.8308977121e-01 7.3983683510e+01
1.5346404880e+00 2.7892458836e-01 7.9456168532e+01
1.5311265922e+00 2.7651519290e-01 8.1698117953e+01
1.5081631932e+00 2.8174752295e-01 7.4749195028e+01
1.4990618901e+00 2.7724924225e-01 7.7281743419e+01
1.4512212008e+00 2.7238315428e-01 7.6693262514e+01
1.4890549885e+00 2.7143372275e-01 8.2070440348e+01
1.5027437504e+00 2.7673752502e-01 7.8078232563e+01
1.5117872913e+00 2.8130163285e-01 7.5342663360e+01
1.4932466349e+00 2.7853899154e-01 7.5765583130e+01
1.5244906381e+00 2.7723431844e-01 7.9997257084e+01
1.5317566337e+00 2.7588515140e-01 8.2648945375e+01
1.5056485515e+00 2.7791138975e-01 7.7365699350e+01
1.5282388610e+00 2.8897452686e-01 7.1841252357e+01
1.5447477495e+00 2.7885606141e-01 8.0744982225e+01
1.4999889578e+00 2.8357098354e-01 7.3001217281e+01
1.5020524443e+00 2.8740439563e-01 7.1020369769e+01
1.4579592886e+00 2.7102650302e-01 7.8538281315e+01
1.5103462230e+00 2.7820297952e-01 7.7575469027e+01
1.5042057484e+00 2.8252863981e-01 7.3941070253e+01
1.5201308418e+00 2.8523447475e-01 7.3428990941e+01
1.5372622615e+00 2.8268896337e-01 7.6482747241e+01
1.5156916596e+00 2.8194082068e-01 7.5215629171e+01
1.5086798835e+00 2.7442671898e-01 8.1118241196e+01
1.4843431694e+00 2.7343786822e-01 7.9164421908e+01
1.4789303643e+00 2.7118647978e-01 8.0910923055e+01
1.4975670935e+00 2.7738598304e-01 7.7029708145e+01
1.5164475345e+00 2.8846260314e-01 7.1366486818e+01
1.4929728416e+00 2.7338725962e-01 8.0246683597e+01
1.5138752494e+00 2.8603044586e-01 7.2529534762e+01
1.4799557228e+00 2.6971063419e-01 8.3061698879e+01
1.5153207789e+00 2.7595179630e-01 8.0246683597e+01
1.5120564267e+00 2.8421258430e-01 7.3471715656e+01
1.5045118104e+00 2.8176897019e-01 7.4451835457e+01
1.4962587422e+00 2.8276954030e-01 7.3215224529e+01
1.5125541890e+00 2.7735652714e-01 7.8538281315e+01
1.5258532149e+00 2.8269942527e-01 7.5511927880e+01
1.5081061856e+00 2.8180453061e-01 7.4706741043e+01
1.5111065749e+00 2.8152820447e-01 7.5130898438e+01
1.5016618165e+00 2.7872556010e-01 7.6356348960e+01
1.4853464086e+00 3.0456430763e-01 6.3189827688e+01
1.5048246983e+00 2.7828190419e-01 7.6987677568e+01
1.5405963141e+00 2.7935491079e-01 7.9706016880e+01
1.5021302249e+00 2.8097637757e-01 7.4791640439e+01
1.4844339983e+00 2.8282997184e-01 7.2357712234e+01
1.4998866696e+00 2.7914161295e-01 7.5892303678e+01
1.4652677443e+00 2.7000345336e-01 8.0454396336e+01
1.4885360889e+00 2.7104991014e-01 8.2525045476e+01
1.4905063069e+00 2.7630570955e-01 7.7239755051e+01
1.5410812411e+00 2.7613214676e-01 8.3927331007e+01
1.4897204630e+00 2.8206516338e-01 7.3172442467e+01
1.5092725354e+00 2.7474078311e-01 8.0827962340e+01
1.4715548023e+00 2.7676032514e-01 7.5215629171e+01
1.4940922746e+00 2.7905059956e-01 7.5469623924e+01
1.4902415573e+00 2.8606957506e-01 7.0977054822e+01
1.4950066647e+00 2.7542206042e-01 7.8454692681e+01
1.4958178795e+00 2.7642012434e-01 7.7659329379e+01
1.4789435269e+00 2.8064247216e-01 7.3257996956e+01
1.4905020556e+00 2.7857011491e-01 7.5511927880e+01
1.4631446532e+00 2.8111887414e-01 7.1884348405e+01
1.4958033208e+00 2.7326884973e-01 8.0744982225e+01
1.4776100677e+00 2.8513609922e-01 7.0673532104e+01
1.4958545797e+00 2.8181495467e-01 7.3770525678e+01
1.4793629707e+00 2.7886924933e-01 7.4409320646e+01
1.5275380789e+00 2.7555172567e-01 8.2442426045e+01
1.5441448920e+00 2.8219995984e-01 7.7491581624e+01
1.4974757976e+00 2.7521462218e-01 7.8914127157e+01
1.5126367494e+00 2.9409433350e-01 6.8444339134e+01
1.4511935504e+00 2.7330732236e-01 7.5976744886e+01
1.4693394108e+00 2.6997641789e-01 8.1035328162e+01
1.5052519365e+00 2.8102884409e-01 7.5003739865e+01
1.4900260487e+00 2.8085493843e-01 7.3941070253e+01
1.5421154860e+00 2.7920517258e-01 8.0038841340e+01
1.5279956450e+00 2.7691449263e-01 8.0786474719e+01
1.5077894872e+00 2.7305099769e-01 8.2814091592e+01
1.5111539983e+00 2.8057260658e-01 7.5807831180e+01
1.4673079461e+00 2.7470604650e-01 7.6356348960e+01
1.5200217221e+00 2.8352310832e-01 7.4494341492e+01
1.5012492357e+00 2.8049758092e-01 7.5046134423e+01
1.5238857424e+00 2.8603346718e-01 7.3215224529e+01
1.4826578070e+00 2.7286789736e-01 7.9539473606e+01
1.4893191808e+00 2.7252388818e-01 8.0744982225e+01
1.4738912399e+00 2.7983089295e-01 7.3386256743e+01
1.5198452939e+00 2.7960568178e-01 7.7323724844e+01
1.5003314244e+00 2.7960288238e-01 7.5596511614e+01
1.5125819717e+00 2.7415241649e-01 8.2029088124e+01
1.5169930438e+00 2.7927596721e-01 7.7323724844e+01
1.5555423955e+00 2.8223822039e-01 7.8580066351e+01
1.5265674484e+00 2.7834268921e-01 7.9122720780e+01
1.5025118355e+00 2.7515769892e-01 7.9539473606e+01
1.4912718410e+00 2.7734822158e-01 7.6482747241e+01
1.5380945567e+00 2.7957504195e-01 7.9206117227e+01
1.4911552172e+00 3.0420500592e-01 6.3556336992e+01
1.5200180682e+00 2.8307173636e-01 7.4791640439e+01
1.4426758036e+00 2.8048035089e-01 7.0890391015e+01
1.5361411293e+00 2.8289733057e-01 7.6229882959e+01
1.4869613037e+00 2.8437198378e-01 7.1668761497e+01
1.5086817953e+00 2.7578493884e-01 7.9622756324e+01
1.4952046901e+00 2.7567629694e-01 7.8245611639e+01
1.5243964969e+00 2.8142403687e-01 7.6314201186e+01
1.4729488010e+00 2.7716804312e-01 7.5046134423e+01
1.5296693763e+00 2.7979427195e-01 7.8120086953e+01
1.4853858945e+00 2.8685210929e-01 7.0282456804e+01
1.5178224725e+00 2.7708341419e-01 7.9372840907e+01
1.4809306485e+00 2.8181551850e-01 7.2701195268e+01
1.5163570747e+00 2.8309390100e-01 7.4494341492e+01
1.5236511949e+00 2.8262459430e-01 7.5384991691e+01
1.4951984984e+00 2.7477800337e-01 7.9081013820e+01
1.4998161351e+00 2.7468433316e-01 7.9706016880e+01
1.5025359419e+00 2.8102399936e-01 7.4791640439e+01
1.4849693389e+00 2.8093888555e-01 7.3514430919e+01
1.4820779442e+00 2.7705675657e-01 7.5892303678e+01
1.4965444435e+00 2.7840863307e-01 7.6145534310e+01
1.4987020351e+00 2.7715637356e-01 7.7323724844e+01
1.5336543455e+00 2.7763177751e-01 8.0703484835e+01
1.5096520694e+00 2.7753596476e-01 7.8078232563e+01
1.5013346283e+00 2.7226073870e-01 8.2896642113e+01
1.4852914752e+00 2.9237805924e-01 6.7738049690e+01
1.5368083051e+00 2.8588213045e-01 7.4239173069e+01
1.5212253475e+00 2.7868034771e-01 7.8245611639e+01
1.4992892151e+00 2.7430615197e-01 8.0038841340e+01
1.5430170389e+00 2.9064396108e-01 7.1884348405e+01
1.4870779253e+00 2.7702317787e-01 7.6356348960e+01
1.5568952641e+00 2.8500804812e-01 7.6440621960e+01
1.5114821620e+00 2.7570587214e-01 8.0038841340e+01
1.5058210862e+00 2.7909910193e-01 7.6440621960e+01
1.4782703095e+00 2.7139604747e-01 8.0578963045e+01
1.4913291913e+00 2.7774297923e-01 7.6187712450e+01
1.5350098498e+00 2.7855522649e-01 7.9872472277e+01
1.4606922382e+00 2.7143530615e-01 7.8454692681e+01
1.5081061856e+00 2.8180453061e-01 7.4706741043e+01
1.4884439629e+00 2.7475381095e-01 7.8371079129e+01
1.4619822795e+00 2.7059424180e-01 7.9414507550e+01
1.4657796103e+00 2.7893394001e-01 7.3343513034e+01
1.5087971142e+00 2.8838083804e-01 7.0933728582e+01
1.4662916239e+00 2.9013609794e-01 6.7693789341e+01
1.4944313952e+00 2.7192870596e-01 8.2235807906e+01
1.5116874700e+00 2.7913111385e-01 7.6945639864e+01
1.4906251202e+00 2.7437946654e-01 7.8955857695e+01
1.4637529201e+00 2.8096063028e-01 7.2013573065e+01
1.5021589413e+00 2.7324678207e-01 8.1656727290e+01
1.4697859873e+00 2.7267783490e-01 7.8287440457e+01
1.4877644293e+00 2.7317569594e-01 7.9830866582e+01
1.4908099370e+00 2.7148466171e-01 8.2277139574e+01
1.4810863963e+00 2.8075667271e-01 7.3343513034e+01
1.5143479170e+00 2.7420128548e-01 8.2235807906e+01
1.5073474848e+00 2.8664984390e-01 7.1755028325e+01
1.4772015676e+00 2.7516829213e-01 7.6903595008e+01
1.4870388030e+00 3.0287191319e-01 6.3830454750e+01
1.4786617596e+00 2.7325741975e-01 7.8705384629e+01
1.5243197482e+00 2.7649550108e-01 8.0786474719e+01
1.4891541909e+00 2.7765782548e-01 7.6061155025e+01
1.4972500031e+00 2.7996669213e-01 7.5088520605e+01
1.5217291440e+00 2.8500193897e-01 7.3685198049e+01
1.5190269673e+00 2.7769649521e-01 7.8914127157e+01
1.5143856669e+00 2.7734093801e-01 7.8747145195e+01
1.4976848178e+00 2.8950321634e-01 6.9715870468e+01
1.5286752857e+00 2.8261083731e-01 7.5807831180e+01
1.5160822152e+00 2.7655256421e-01 7.9706016880e+01
1.4950995181e+00 2.7126058313e-01 8.3350409892e+01
1.4575130277e+00 2.7596156402e-01 7.4621807233e+01
1.5049336557e+00 2.8044002482e-01 7.5384991691e+01
1.5060878216e+00 2.7656548052e-01 7.8580066351e+01
1.5320007197e+00 2.7837408949e-01 7.9706016880e+01
1.5037696653e+00 2.8024365319e-01 7.5427311870e+01
1.4829784929e+00 2.7751021833e-01 7.5638791445e+01
1.4572723067e+00 2.7710051040e-01 7.3855816334e+01
1.4825617747e+00 2.8651039576e-01 7.0282456804e+01
1.5566915636e+00 2.8017331573e-01 8.0786474719e+01
1.4961789127e+00 2.7651150708e-01 7.7617402571e+01
1.4931869921e+00 2.7272123236e-01 8.1035328162e+01
1.5098179311e+00 2.7646284951e-01 7.9081013820e+01
1.4744597220e+00 2.7881161443e-01 7.4068882767e+01
1.4686165194e+00 2.7564700788e-01 7.5765583130e+01
1.4879593632e+00 2.7433523553e-01 7.8705384629e+01
1.5033395497e+00 2.8339483847e-01 7.3343513034e+01
1.4836358847e+00 2.7640145120e-01 7.6524865077e+01
1.5316427934e+00 2.7964332965e-01 7.8454692681e+01
1.4942904159e+00 2.7342554659e-01 8.0371326592e+01
1.4898335138e+00 2.7607471074e-01 7.7365699350e+01
1.5200497482e+00 2.7803729843e-01 7.8705384629e+01
1.5167167416e+00 2.8591807538e-01 7.2786965387e+01
1.4859966421e+00 2.7945974421e-01 7.4536838781e+01
1.5308652915e+00 2.8042083147e-01 7.7701249475e+01
1.5189855903e+00 2.7910145640e-01 7.7659329379e+01
1.4768254901e+00 2.7824926346e-01 7.4621807233e+01
1.5446894179e+00 2.8028474196e-01 7.9247806762e+01
1.5185023834e+00 2.8276770044e-01 7.4876505650e+01
1.4588825106e+00 2.7100073063e-01 7.8663617982e+01
1.5339552893e+00 2.8097761745e-01 7.7533528720e+01
1.5230880963e+00 2.8637555189e-01 7.2958386597e+01
1.5201186514e+00 2.7933232428e-01 7.7575469027e+01
1.4549100803e+00 2.6869427482e-01 8.0578963045e+01
1.5083391049e+00 2.7884892928e-01 7.6861542972e+01
1.5014388706e+00 2.9165005351e-01 6.8927918164e+01
1.4967168590e+00 2.7642601510e-01 7.7743162886e+01
1.4948521480e+00 2.8281738645e-01 7.3086849324e+01
1.5067940864e+00 2.7540595378e-01 7.9789255467e+01
1.4994077748e+00 2.7509269347e-01 7.9247806762e+01
1.4810609664e+00 2.8529913479e-01 7.0803681768e+01
1.5188458901e+00 2.8515400449e-01 7.3386256743e+01
1.5023740591e+00 2.8299962147e-01 7.3514430919e+01
1.4807627896e+00 2.7115638972e-01 8.1201135484e+01
1.5046115743e+00 2.8257645985e-01 7.3941070253e+01
1.4375429939e+00 2.6727043086e-01 7.9914072577e+01
1.5181733967e+00 2.7627819188e-01 8.0246683597e+01
1.5255521213e+00 2.8436708826e-01 7.4366797030e+01
1.4962779736e+00 2.8320330181e-01 7.2958386597e+01
1.4768727615e+00 2.7054173959e-01 8.1408290413e+01
1.5266951469e+00 2.8322406270e-01 7.5215629171e+01
1.5153502147e+00 2.7955567197e-01 7.6945639864e+01
1.4807671692e+00 2.7656272457e-01 7.6145534310e+01
1.4992640446e+00 2.7478385376e-01 7.9539473606e+01
1.5021771945e+00 2.8228953962e-01 7.3941070253e+01
1.5027689955e+00 2.7852463608e-01 7.6609078524e+01
1.4935753499e+00 2.7007406930e-01 8.5284881255e+01
1.4912777544e+00 2.7463047005e-01 7.8788899706e+01
1.4622164167e+00 2.6991112767e-01 8.0163562403e+01
1.4825279953e+00 2.9061487886e-01 6.8356243358e+01
1.4594111085e+00 2.7361442865e-01 7.6482747241e+01
1.4697476908e+00 2.7766681031e-01 7.4451835457e+01
1.4860022506e+00 2.7313245015e-01 7.9664389360e+01
1.4991090804e+00 2.7267654600e-01 8.1946371115e+01
1.5177616565e+00 2.7941629571e-01 7.7281743419e+01
1.4974331205e+00 2.7390016696e-01 8.0246683597e+01
1.4859468314e+00 2.8538645610e-01 7.1063673457e+01
1.5106949722e+00 2.8057760297e-01 7.5765583130e+01
1.5079067624e+00 2.8472801695e-01 7.2872695748e+01
1.5017237343e+00 2.7730454822e-01 7.7491581624e+01
1.5243869675e+00 2.7415468385e-01 8.4092049576e+01
1.5033523576e+00 2.8156783050e-01 7.4494341492e+01
1.4682866271e+00 2.7417719506e-01 7.6861542972e+01
1.5112967677e+00 2.8088390523e-01 7.5596511614e+01
1.4786208488e+00 2.8773925241e-01 6.9453672823e+01
1.5076379953e+00 2.7320248955e-01 8.2566349319e+01
1.4836948686e+00 2.7679384265e-01 7.6229882959e+01
1.4827827793e+00 2.7725455656e-01 7.5807831180e+01
1.5439464594e+00 2.8011409634e-01 7.9331168577e+01
1.4699306768e+00 2.9417042638e-01 6.6225083331e+01
1.5610542307e+00 2.8268237924e-01 7.8747145195e+01
1.5005993325e+00 2.7888194295e-01 7.6145534310e+01
1.5054953339e+00 2.8214638466e-01 7.4281723271e+01
1.4870913316e+00 2.7565483536e-01 7.7449627715e+01
1.4818533948e+00 2.8134437899e-01 7.3044038180e+01
1.4470824249e+00 2.6846026753e-01 7.9830866582e+01
1.5018029730e+00 2.7677235504e-01 7.7952630554e+01
1.4957764597e+00 2.7374785717e-01 8.0205125602e+01
1.4875370610e+00 2.7250027490e-01 8.0537445831e+01
1.4836786339e+00 2.8629786785e-01 7.0456384946e+01
1.4965043646e+00 2.7573363918e-01 7.8329262945e+01
1.4701291566e+00 2.7683508934e-01 7.5046134423e+01
1.4954004469e+00 2.8498692975e-01 7.1884348405e+01
1.5080796840e+00 2.7412035613e-01 8.1408290413e+01
1.5215907387e+00 2.7876971439e-01 7.8203776466e+01
1.5185481211e+00 2.7363255189e-01 8.3844952912e+01
1.5062959776e+00 2.7454450727e-01 8.0661982523e+01
1.4637842973e+00 2.6699654877e-01 8.4585916962e+01
1.5027432575e+00 2.8353752310e-01 7.3215224529e+01
1.5249711100e+00 2.8403701507e-01 7.4536838781e+01
1.5502113226e+00 2.8665355676e-01 7.4749195028e+01
1.5011673129e+00 2.8965127087e-01 6.9846802787e+01
1.5407146700e+00 2.8243243412e-01 7.6987677568e+01
1.5172753032e+00 2.7808491991e-01 7.8371079129e+01
1.5404452156e+00 2.7722438299e-01 8.2153132349e+01
1.4743830485e+00 2.8024079284e-01 7.3172442467e+01
1.5247335825e+00 2.7426271183e-01 8.3968515318e+01
1.5423303647e+00 2.8812862083e-01 7.3257996956e+01
1.5150636117e+00 2.7303182959e-01 8.4215556278e+01
1.5227410633e+00 2.7489141699e-01 8.2607649278e+01
1.5202702670e+00 2.7508995612e-01 8.1946371115e+01
1.5135261732e+00 2.7774640196e-01 7.8287440457e+01
1.5085694765e+00 2.8179515435e-01 7.4749195028e+01
1.4907503154e+00 2.7380251024e-01 7.9539473606e+01
1.5589398939e+00 2.7884072200e-01 8.2814091592e+01
1.5076559594e+00 2.8724992729e-01 7.1452905485e+01
1.4805901667e+00 2.8034995861e-01 7.3557136760e+01
1.5451381509e+00 2.8029286814e-01 7.9289490537e+01
1.5026748875e+00 2.7952515268e-01 7.5850071354e+01
1.5397276887e+00 2.7885444592e-01 8.0121993975e+01
1.5082061508e+00 2.8125068908e-01 7.5088520605e+01
1.4867141411e+00 2.8235802936e-01 7.2786965387e+01
1.4929288969e+00 2.8066647009e-01 7.4281723271e+01
1.5117168203e+00 2.8046385263e-01 7.5934528179e+01
1.5192248363e+00 2.8614048025e-01 7.2829835522e+01
1.4913585194e+00 2.7952246765e-01 7.4918925507e+01
1.4861004354e+00 2.7529114242e-01 7.7659329379e+01
1.4859460703e+00 2.7634852838e-01 7.6777417260e+01
1.4202161579e+00 2.7790287775e-01 7.0803681768e+01
1.5257449855e+00 2.8280765465e-01 7.5427311870e+01
1.5051965956e+00 2.7791000686e-01 7.7323724844e+01
1.4867751774e+00 2.7326215842e-01 7.9622756324e+01
1.4881335253e+00 2.7325805255e-01 7.9789255467e+01
1.5072853214e+00 2.8035639716e-01 7.5638791445e+01
1.4991133656e+00 2.7357705410e-01 8.0827962340e+01
1.5034346095e+00 2.7967199300e-01 7.5807831180e+01
1.5083292395e+00 2.7477736297e-01 8.0661982523e+01
1.5107977504e+00 2.7820525157e-01 7.7617402571e+01
1.4863218915e+00 2.7868269519e-01 7.5088520605e+01
1.4713199909e+00 2.7249355207e-01 7.8621845231e+01
1.5077576558e+00 2.7580228548e-01 7.9497823876e+01
1.4912239236e+00 2.7649203889e-01 7.7155757380e+01
1.4680270088e+00 2.6769343729e-01 8.4174390402e+01
1.4555005953e+00 2.8921295508e-01 6.7516607231e+01
1.4909520440e+00 2.8264332303e-01 7.2915546096e+01
1.5345053419e+00 2.7541386764e-01 8.3886143545e+01
1.4526488753e+00 2.7095547979e-01 7.8036371717e+01
1.5128901890e+00 2.8747026410e-01 7.1668761497e+01
1.4808012253e+00 2.7743099481e-01 7.5511927880e+01
1.5152296768e+00 2.7876765190e-01 7.7575469027e+01
1.4798188949e+00 2.7841332522e-01 7.4749195028e+01
1.5276770294e+00 2.8087561076e-01 7.7029708145e+01
1.4642276828e+00 2.8048586749e-01 7.2314731052e+01
1.4953597232e+00 2.8230981125e-01 7.3428990941e+01
1.4986009970e+00 2.8088027845e-01 7.4579327351e+01
1.5120891716e+00 2.7509886261e-01 8.0786474719e+01
1.4979662778e+00 2.7427172600e-01 7.9914072577e+01
1.5271163398e+00 2.7733865715e-01 8.0205125602e+01
1.5120824720e+00 2.7601296935e-01 7.9789255467e+01
1.5226068120e+00 2.8002800497e-01 7.7239755051e+01
1.5677447616e+00 2.8424920721e-01 7.8036371717e+01
1.5336327249e+00 2.8130018189e-01 7.7239755051e+01
1.5111065749e+00 2.8152820447e-01 7.5130898438e+01
1.5254018535e+00 2.8679573617e-01 7.2872695748e+01
1.5608894469e+00 2.8422253524e-01 7.7407666966e+01
1.4734343041e+00 2.7668254005e-01 7.5427311870e+01
1.5232449448e+00 2.7984485977e-01 7.7449627715e+01
1.5185650149e+00 2.8361485273e-01 7.4324264582e+01
1.5011200256e+00 2.7428569779e-01 8.0288236411e+01
1.4586546699e+00 2.7033112168e-01 7.9289490537e+01
1.4956618786e+00 2.8291344947e-01 7.3086849324e+01
1.5411815570e+00 2.7740057767e-01 8.2029088124e+01
1.5362959981e+00 2.8685110598e-01 7.3599833208e+01
1.4723155245e+00 2.8366116931e-01 7.1106965919e+01
1.5068875950e+00 2.8166160751e-01 7.4706741043e+01
1.5211015751e+00 2.8016850870e-01 7.6987677568e+01
1.4962894488e+00 2.7866362779e-01 7.5934528179e+01
1.4994860776e+00 2.7320434209e-01 8.1325442176e+01
1.5451112464e+00 2.7803585771e-01 8.1780886213e+01
1.5121357162e+00 2.7777499997e-01 7.8120086953e+01
1.4899658162e+00 2.8091517088e-01 7.3898447871e+01
1.5083222586e+00 2.8567507015e-01 7.2357712234e+01
1.4849573065e+00 2.7462869248e-01 7.8120086953e+01
1.4861936269e+00 2.7113626682e-01 8.2029088124e+01
1.5192761950e+00 2.8199388882e-01 7.5469623924e+01
1.5104888208e+00 2.8578019019e-01 7.2443643876e+01
1.4901893735e+00 2.7210522516e-01 8.1366868568e+01
1.4725030664e+00 2.7041062399e-01 8.0952396196e+01
1.4984636544e+00 3.0326130219e-01 6.4194946813e+01
1.4997066863e+00 2.7479378197e-01 7.9581117748e+01
1.5119297372e+00 2.7661946525e-01 7.9164421908e+01
1.5092403382e+00 2.7477298030e-01 8.0786474719e+01
1.5053556714e+00 2.7548481343e-01 7.9539473606e+01
1.5304809311e+00 2.9997805442e-01 6.6894664723e+01
1.4879564291e+00 2.7478973784e-01 7.8287440457e+01
1.5217594459e+00 2.7860100722e-01 7.8371079129e+01
1.5303343575e+00 2.8459854928e-01 7.4579327351e+01
1.5172753032e+00 2.7808491991e-01 7.8371079129e+01
1.5178114551e+00 2.8937495974e-01 7.0977054822e+01
1.5085694765e+00 2.8179515435e-01 7.4749195028e+01
1.4816921764e+00 2.7383352795e-01 7.8496490101e+01
1.4840803763e+00 2.7866579068e-01 7.4918925507e+01
1.4748367054e+00 2.8339551464e-01 7.1409701632e+01
1.4631636657e+00 2.9100930207e-01 6.7161559243e+01
1.5214761860e+00 2.7933906333e-01 7.7701249475e+01
1.5188780659e+00 2.8466676447e-01 7.3685198049e+01
1.5291244181e+00 2.7760666483e-01 8.0163562403e+01
1.4929191783e+00 2.8339195414e-01 7.2615385143e+01
1.4778847692e+00 2.7583736363e-01 7.6440621960e+01
1.5033977252e+00 2.7517760281e-01 7.9622756324e+01
1.4832827687e+00 2.7901182994e-01 7.4621807233e+01
1.5609726875e+00 2.8689106438e-01 7.5427311870e+01
1.5252278658e+00 2.8059266797e-01 7.7029708145e+01
1.4897825017e+00 2.7160907614e-01 8.1946371115e+01
1.4515419279e+00 2.6489588261e-01 8.6270482884e+01
1.5008281670e+00 2.8862867295e-01 7.0325956512e+01
1.5212466826e+00 2.7593126961e-01 8.1035328162e+01
1.5333756256e+00 2.7745482140e-01 8.0869445111e+01
1.4991334374e+00 2.7627228595e-01 7.8120086953e+01
1.5067133998e+00 2.8228960220e-01 7.4281723271e+01
1.5051965956e+00 2.7791000686e-01 7.7323724844e+01
1.5276283397e+00 2.7728179793e-01 8.0329784068e+01
1.5060761667e+00 2.7385814012e-01 8.1449707735e+01
1.5137939835e+00 2.7566285637e-01 8.0371326592e+01
1.5043610031e+00 2.7421432491e-01 8.0786474719e+01
1.5198778108e+00 2.8457718622e-01 7.3813175613e+01
1.5312285055e+00 2.8188070375e-01 7.6566975496e+01
1.5083734769e+00 2.8971356979e-01 7.0238945256e+01
1.5123649861e+00 2.7391579444e-01 8.2318467199e+01
1.5056127475e+00 2.9111071497e-01 6.9409929629e+01
1.5062114236e+00 2.8824016491e-01 7.0847042089e+01
1.5540632087e+00 2.8097065414e-01 7.9622756324e+01
1.4625845728e+00 2.6909403336e-01 8.1159690671e+01
1.5227410633e+00 2.7489141699e-01 8.2607649278e+01
1.5260914335e+00 2.8063964946e-01 7.7071731622e+01
1.5139535708e+00 2.8186102710e-01 7.5130898438e+01
1.5393423768e+00 2.7741483845e-01 8.1739504252e+01
1.5068658263e+00 2.7533421389e-01 7.9872472277e+01
1.4736991207e+00 2.7281490871e-01 7.8580066351e+01
1.5067465025e+00 2.8089521608e-01 7.5215629171e+01
1.5454300917e+00 2.8960377113e-01 7.2615385143e+01
1.5075262298e+00 2.7875455081e-01 7.6861542972e+01
1.4710436534e+00 2.7682114147e-01 7.5130898438e+01
1.5282568583e+00 2.8986898928e-01 7.1366486818e+01
1.4958124162e+00 2.8004599247e-01 7.4918925507e+01
1.5044727019e+00 2.7319683253e-01 8.2070440348e+01
1.4808012253e+00 2.7743099481e-01 7.5511927880e+01
1.4999258384e+00 2.7955543708e-01 7.5596511614e+01
1.4794171064e+00 2.7295275338e-01 7.9081013820e+01
1.5401554385e+00 2.8025222612e-01 7.8788899706e+01
1.5192052042e+00 2.7979109014e-01 7.7113748025e+01
1.4692969315e+00 2.8217160610e-01 7.1711900276e+01
1.4906568601e+00 2.7705910237e-01 7.6651174188e+01
1.4668619743e+00 2.8460656324e-01 7.0282456804e+01
1.4978739779e+00 2.7617392050e-01 7.8078232563e+01
1.5012566378e+00 2.7505449461e-01 7.9497823876e+01
1.5217191871e+00 2.8592259800e-01 7.3129650743e+01
1.4886646213e+00 2.7588820433e-01 7.7407666966e+01
1.5147108023e+00 2.7383840020e-01 8.2814091592e+01
1.5057574025e+00 2.7462997408e-01 8.0495923602e+01
1.5261640482e+00 2.7920126843e-01 7.8287440457e+01
1.4859281668e+00 2.7185287086e-01 8.1076787034e+01
1.4828219259e+00 2.7902114304e-01 7.4579327351e+01
1.5048717911e+00 2.7823481141e-01 7.7029708145e+01
1.5123562494e+00 2.8118685789e-01 7.5469623924e+01
1.5051521814e+00 2.7659463521e-01 7.8454692681e+01
1.4738094580e+00 2.7720847647e-01 7.5088520605e+01
1.5230208699e+00 2.8143412709e-01 7.6187712450e+01
1.4703643102e+00 2.8425953117e-01 7.0673532104e+01
1.5197885382e+00 2.8330126639e-01 7.4621807233e+01
1.4750997829e+00 2.7681939641e-01 7.5469623924e+01
1.4993314369e+00 2.7516903131e-01 7.9164421908e+01
1.5227867759e+00 2.7711891936e-01 7.9914072577e+01
1.4865243795e+00 2.7712503967e-01 7.6229882959e+01
1.4828277593e+00 2.7630694148e-01 7.6524865077e+01
1.4944580679e+00 2.7190203333e-01 8.2277139574e+01
1.5185373951e+00 2.8091358059e-01 7.6187712450e+01
1.5289347974e+00 2.7643051919e-01 8.1491120555e+01
1.4786901391e+00 2.7232779531e-01 7.9622756324e+01
1.5111015924e+00 2.8062501254e-01 7.5765583130e+01
1.4706695989e+00 2.7944724527e-01 7.3386256743e+01
1.5089360321e+00 2.7281078450e-01 8.3391640307e+01
1.4976445397e+00 2.9226617651e-01 6.8444339134e+01
1.4936905815e+00 2.8533770100e-01 7.1582451612e+01
1.5153302742e+00 2.8048432372e-01 7.6229882959e+01
1.4726100694e+00 2.7885846819e-01 7.3898447871e+01
1.5042933679e+00 2.8652521593e-01 7.1625611953e+01
1.5299661993e+00 2.7949744894e-01 7.8412889032e+01
1.5090105961e+00 2.7500272241e-01 8.0495923602e+01
1.5151547975e+00 2.7793412666e-01 7.8287440457e+01
1.4914180983e+00 2.7720196430e-01 7.6609078524e+01
1.5230702426e+00 2.7547140876e-01 8.1863637206e+01
1.5010749794e+00 2.8384520871e-01 7.2915546096e+01
1.5250872734e+00 2.8392085165e-01 7.4621807233e+01
1.4760793974e+00 2.7313651106e-01 7.8538281315e+01
1.4555005953e+00 2.8921295508e-01 6.7516607231e+01
1.5103668206e+00 2.7228648155e-01 8.4627053861e+01
1.4674163130e+00 2.6965211093e-01 8.1159690671e+01
1.5239291111e+00 2.8098102652e-01 7.6609078524e+01
1.4892429808e+00 2.8480491755e-01 7.1582451612e+01
1.5019541393e+00 2.7480975530e-01 7.9830866582e+01
1.5107843577e+00 2.7277558358e-01 8.3803759085e+01
1.5437637952e+00 2.7984001570e-01 7.9581117748e+01
1.5237096570e+00 2.7710559232e-01 8.0038841340e+01
1.5543652454e+00 2.9166384144e-01 7.2056626897e+01
1.5068559508e+00 2.7851772975e-01 7.6987677568e+01
1.5149128084e+00 2.7726786461e-01 7.8872390662e+01
1.4883957424e+00 2.7751248212e-01 7.6103348511e+01
1.5381754538e+00 2.7903793406e-01 7.9747638907e+01
1.4950922521e+00 2.7940821610e-01 7.5300326848e+01
1.4885452150e+00 2.7781488617e-01 7.5892303678e+01
1.5246773341e+00 2.8433079102e-01 7.4324264582e+01
1.4720860544e+00 2.6857868204e-01 8.3432867286e+01
1.4960602837e+00 2.8840645043e-01 7.0151886504e+01
1.4837979434e+00 2.7985147583e-01 7.4111468825e+01
1.5011070819e+00 2.7520405051e-01 7.9331168577e+01
1.4687680593e+00 2.9759204186e-01 6.4875376139e+01
1.4767037798e+00 2.7521539948e-01 7.6819483732e+01
1.5350000429e+00 2.8860376796e-01 7.2486594398e+01
1.5033191216e+00 2.7435041284e-01 8.0495923602e+01
1.4641866203e+00 2.7423013027e-01 7.6440621960e+01
1.5004697488e+00 2.7991762778e-01 7.5384991691e+01
1.5224576675e+00 2.8108716291e-01 7.6398489209e+01
1.5118826367e+00 2.7258409741e-01 8.4380190038e+01
1.5014966309e+00 2.7707869713e-01 7.7659329379e+01
1.4773652728e+00 2.7365266162e-01 7.8203776466e+01
1.5074285458e+00 2.7431827087e-01 8.1076787034e+01
1.5401816902e+00 2.8479246960e-01 7.5215629171e+01
1.4736991207e+00 2.7281490871e-01 7.8580066351e+01
1.4795559622e+00 2.7642073160e-01 7.6145534310e+01
1.5004986685e+00 2.7671802682e-01 7.7868863262e+01
1.4712399849e+00 2.7752551374e-01 7.4664278454e+01
1.4482321087e+00 2.8748833742e-01 6.7870746947e+01
1.4500401666e+00 2.7132357417e-01 7.7449627715e+01
1.5250687442e+00 2.8712884550e-01 7.2658295222e+01
1.4966284953e+00 2.8375888133e-01 7.2658295222e+01
1.4826790270e+00 2.7735830889e-01 7.5723327176e+01
1.5309834441e+00 2.7893576547e-01 7.9039301002e+01
1.5066368240e+00 2.7465680758e-01 8.0578963045e+01
1.4731610367e+00 2.7110249058e-01 8.0246683597e+01
1.4794502180e+00 2.7607548637e-01 7.6398489209e+01
1.4591014051e+00 2.7841642231e-01 7.3172442467e+01
1.5445474504e+00 2.7905636046e-01 8.0495923602e+01
1.5063332965e+00 2.7496033509e-01 8.0205125602e+01
1.5377144996e+00 2.7813048500e-01 8.0661982523e+01
1.4888981880e+00 2.7791382836e-01 7.5850071354e+01
1.5518837182e+00 2.7903258376e-01 8.1491120555e+01
1.4533209771e+00 2.6983517746e-01 7.9164421908e+01
1.5121096304e+00 2.8643202093e-01 7.2185725677e+01
1.5429328958e+00 2.8798340611e-01 7.3386256743e+01
1.5213760710e+00 2.7898438217e-01 7.7994504389e+01
1.4854809829e+00 2.8766189120e-01 6.9890422465e+01
1.4937937791e+00 2.8432863287e-01 7.2142703171e+01
1.5262871130e+00 2.8317653521e-01 7.5215629171e+01
1.5628600672e+00 2.8592124501e-01 7.6272045862e+01
1.4802566027e+00 2.7211325702e-01 8.0038841340e+01
1.5163641993e+00 2.8945633446e-01 7.0847042089e+01
1.5431850941e+00 2.8453079277e-01 7.5638791445e+01
1.5049777208e+00 2.7450355463e-01 8.0537445831e+01
1.5058186545e+00 2.8545392068e-01 7.2314731052e+01
1.4707198345e+00 2.7624441137e-01 7.5511927880e+01
1.4819231772e+00 2.7721152363e-01 7.5765583130e+01
1.5058708141e+00 2.7995639729e-01 7.5807831180e+01
1.4922506822e+00 2.7275390449e-01 8.0869445111e+01
1.4924480598e+00 2.8341034887e-01 7.2572465000e+01
1.5264830904e+00 2.7615172655e-01 8.1491120555e+01
1.4917256220e+00 2.7734654848e-01 7.6524865077e+01
1.5252242136e+00 2.7422676207e-01 8.4133221509e+01
1.5202989095e+00 2.7960678577e-01 7.7365699350e+01
1.4943604471e+00 2.7245156934e-01 8.1532528898e+01
1.4399587891e+00 2.7289948327e-01 7.5300326848e+01
1.4759122328e+00 2.7465513716e-01 7.7197759713e+01
1.4898101275e+00 3.0282465192e-01 6.3967271853e+01
1.5253205737e+00 2.8414307446e-01 7.4494341492e+01
1.5185616993e+00 2.7725289856e-01 7.9289490537e+01
1.4971708751e+00 2.7687702325e-01 7.7407666966e+01
1.5275599087e+00 2.8190373951e-01 7.6229882959e+01
1.4885225442e+00 2.7422362276e-01 7.8872390662e+01
1.4655970163e+00 2.7057271700e-01 7.9872472277e+01
1.4836791580e+00 2.7997026119e-01 7.4026287672e+01
1.4992890118e+00 2.7702212063e-01 7.7491581624e+01
1.4497083492e+00 2.8466446792e-01 6.9234830989e+01
1.5096168486e+00 2.8210975626e-01 7.4621807233e+01
1.4707641580e+00 2.7035029180e-01 8.0786474719e+01
1.5235666841e+00 2.8225384971e-01 7.5638791445e+01
1.4779755333e+00 2.7439432647e-01 7.7617402571e+01
1.4872533274e+00 2.8860508129e-01 6.9541121708e+01
1.4896024004e+00 2.7224066862e-01 8.1118241196e+01
1.4833974513e+00 2.7122639003e-01 8.1491120555e+01
1.4529253372e+00 2.7920220713e-01 7.2271739586e+01
1.5154081218e+00 2.7858920696e-01 7.7743162886e+01
1.5485959632e+00 2.8094850380e-01 7.9039301002e+01
1.5030341113e+00 2.7916592887e-01 7.6145534310e+01
1.5107150314e+00 2.8191974804e-01 7.4834077304e+01
1.5033977252e+00 2.7517760281e-01 7.9622756324e+01
1.4981442108e+00 2.7952532363e-01 7.5469623924e+01
1.5457670390e+00 2.8926682389e-01 7.2829835522e+01
1.5084621901e+00 2.8371848284e-01 7.3514430919e+01
1.4927582302e+00 2.7631394033e-01 7.7449627715e+01
1.4763589818e+00 2.9768891660e-01 6.5191610509e+01
1.4791628691e+00 2.8855309338e-01 6.9103373832e+01
1.5318511056e+00 2.8490610971e-01 7.4494341492e+01
1.5112306577e+00 2.7641106083e-01 7.9289490537e+01
1.4689673357e+00 2.7484620722e-01 7.6398489209e+01
1.4993578915e+00 2.8601578903e-01 7.1582451612e+01
1.5148899625e+00 2.8592528687e-01 7.2658295222e+01
1.4912777544e+00 2.7463047005e-01 7.8788899706e+01
1.5040311265e+00 2.7454420148e-01 8.0371326592e+01
1.5217601589e+00 2.8542625596e-01 7.3428990941e+01
1.4496337580e+00 2.7666061636e-01 7.3557136760e+01
1.4806370923e+00 2.7263424414e-01 7.9539473606e+01
1.5059075207e+00 2.7719908180e-01 7.7994504389e+01
1.4816105449e+00 2.7391515948e-01 7.8412889032e+01
1.4597009150e+00 2.7512107306e-01 7.5384991691e+01
1.4624155876e+00 2.7195722959e-01 7.8161934912e+01
1.4703628719e+00 2.8245770692e-01 7.1625611953e+01
1.4994558623e+00 2.7323455739e-01 8.1284011213e+01
1.5010771384e+00 2.7659239601e-01 7.8036371717e+01
1.4821286537e+00 2.7655478740e-01 7.6272045862e+01
1.4863690348e+00 2.8813143346e-01 6.9715870468e+01
1.4993457642e+00 2.7560731235e-01 7.8747145195e+01
1.4931333287e+00 2.7458263374e-01 7.9039301002e+01
1.5058185232e+00 2.8000868816e-01 7.5765583130e+01
1.4923041960e+00 2.7224862969e-01 8.1491120555e+01
1.4840341721e+00 2.7555182693e-01 7.7239755051e+01
1.5091036375e+00 2.8080707863e-01 7.5469623924e+01
1.5180912231e+00 2.7227340776e-01 8.6885904560e+01
1.4965680205e+00 2.7476526699e-01 7.9247806762e+01
1.5673300372e+00 2.8695982437e-01 7.5892303678e+01
1.4957261331e+00 2.7696428659e-01 7.7197759713e+01
1.4880617122e+00 2.7332986565e-01 7.9706016880e+01
1.5150081680e+00 2.7671843685e-01 7.9414507550e+01
1.5311305669e+00 2.8015555614e-01 7.7952630554e+01
1.4920282602e+00 2.7568770226e-01 7.7910750187e+01
1.5112922654e+00 2.7725693708e-01 7.8496490101e+01
1.5132490943e+00 2.7303168624e-01 8.3844952912e+01
1.5440006515e+00 2.7914645260e-01 8.0329784068e+01
1.5202109847e+00 2.8834165545e-01 7.1668761497e+01
1.5232112579e+00 2.8078863667e-01 7.6693262514e+01
1.4689585973e+00 2.7035723146e-01 8.0537445831e+01
1.4852914752e+00 2.9237805924e-01 6.7738049690e+01
1.5432241971e+00 2.8037961374e-01 7.8997582302e+01
1.5084891736e+00 2.8414560583e-01 7.3257996956e+01
1.5430893627e+00 2.7686186220e-01 8.3102953976e+01
1.5161626338e+00 2.8738219663e-01 7.1927433851e+01
1.5314003808e+00 2.7806326745e-01 7.9955667504e+01
1.5046110044e+00 2.7758903579e-01 7.7533528720e+01
1.4848546892e+00 2.7743990945e-01 7.5850071354e+01
1.4804351998e+00 2.7328693296e-01 7.8872390662e+01
1.4993291885e+00 2.7743470614e-01 7.7155757380e+01
1.5144385383e+00 2.8273941387e-01 7.4579327351e+01
1.4524266032e+00 2.8509122425e-01 6.9191024681e+01
1.4954254453e+00 2.8586818626e-01 7.1409701632e+01
1.5208322112e+00 2.7361937736e-01 8.4339036016e+01
1.4818624966e+00 2.8043210213e-01 7.3599833208e+01
1.5374830922e+00 2.8429412050e-01 7.5342663360e+01
1.5309544001e+00 2.8033172288e-01 7.7785069637e+01
1.5120414132e+00 2.9651122697e-01 6.7383571780e+01
1.4907413975e+00 2.7426318927e-01 7.9081013820e+01
1.5062494591e+00 2.7640384306e-01 7.8747145195e+01
1.4768365214e+00 2.8004226711e-01 7.3471715656e+01
1.4911098797e+00 2.7705811359e-01 7.6693262514e+01
1.5483815459e+00 2.8070571886e-01 7.9247806762e+01
1.4976041416e+00 2.7463386225e-01 7.9497823876e+01
1.4944504300e+00 2.8503084547e-01 7.1798145674e+01
1.4879458784e+00 2.7389719053e-01 7.9122720780e+01
1.5080962948e+00 2.7501030768e-01 8.0371326592e+01
1.5148658109e+00 2.8004007572e-01 7.6524865077e+01
1.5016485303e+00 2.9325735638e-01 6.8223998755e+01
1.5117143101e+00 2.7502007808e-01 8.0827962340e+01
1.5016061742e+00 2.8195376711e-01 7.4111468825e+01
1.4695756928e+00 2.7513785755e-01 7.6229882959e+01
1.4825959759e+00 2.8964202791e-01 6.8796190524e+01
1.5025264994e+00 2.7922031728e-01 7.6061155025e+01
1.5276077578e+00 2.8231145180e-01 7.5934528179e+01
1.5015093395e+00 2.7933114535e-01 7.5892303678e+01
1.4876610749e+00 2.8819733378e-01 6.9759526825e+01
1.4974176551e+00 2.7436797134e-01 7.9747638907e+01
1.5133239034e+00 2.8203631975e-01 7.4961336903e+01
1.4742333405e+00 2.7858723827e-01 7.4196613947e+01
1.5150898042e+00 2.7345939826e-01 8.3474090850e+01
1.5267146528e+00 2.7501030381e-01 8.3102953976e+01
1.4836844791e+00 2.7635285671e-01 7.6566975496e+01
1.4857775892e+00 2.8329458132e-01 7.2185725677e+01
1.4964840171e+00 2.7394470807e-01 8.0080420295e+01
1.4722770382e+00 2.8324866620e-01 7.1323261011e+01
1.4939751947e+00 2.8505308785e-01 7.1755028325e+01
1.5320111818e+00 2.8565841687e-01 7.4026287672e+01
1.4559249443e+00 2.7216355295e-01 7.7323724844e+01
1.5104871474e+00 2.8214763196e-01 7.4664278454e+01
1.4993923871e+00 2.9369653702e-01 6.7914951567e+01
1.4977903898e+00 2.8078493818e-01 7.4579327351e+01
1.4968447579e+00 2.7991913669e-01 7.5088520605e+01
1.5057664940e+00 2.9141145819e-01 6.9278624601e+01
1.5044981809e+00 2.7498309452e-01 7.9955667504e+01
1.4967353557e+00 2.7912305300e-01 7.5638791445e+01
1.5180153949e+00 2.7552771238e-01 8.1076787034e+01
1.5073163063e+00 2.8077913500e-01 7.5342663360e+01
1.4954738527e+00 2.8038455594e-01 7.4664278454e+01
1.4519577311e+00 2.7568217716e-01 7.4366797030e+01
1.4881684845e+00 2.7232022676e-01 8.0827962340e+01
1.5014850323e+00 2.7392069110e-01 8.0744982225e+01
1.5012295989e+00 2.7327086934e-01 8.1491120555e+01
1.4764454957e+00 2.7727663707e-01 7.5257982128e+01
1.4662132338e+00 2.7625058838e-01 7.5130898438e+01
1.5684332581e+00 2.8172467925e-01 8.0537445831e+01
1.4945394925e+00 2.8675413899e-01 7.0890391015e+01
1.4948145045e+00 2.7878086247e-01 7.5723327176e+01
1.4670788224e+00 2.7403562735e-01 7.6861542972e+01
1.5336604145e+00 2.8492172016e-01 7.4621807233e+01
1.4903150808e+00 2.8192292307e-01 7.3300759781e+01
1.4649131945e+00 2.7890034848e-01 7.3300759781e+01
1.4975591559e+00 2.8101617217e-01 7.4409320646e+01
1.4410958119e+00 2.7042077595e-01 7.7323724844e+01
1.4927797485e+00 2.8579557955e-01 7.1280024178e+01
1.4909809589e+00 2.7312014429e-01 8.0288236411e+01
1.5040295113e+00 2.7273438328e-01 8.2648945375e+01
1.4820592655e+00 2.7527062822e-01 7.7281743419e+01
1.5036150293e+00 2.7722545557e-01 7.7743162886e+01
1.5166001356e+00 2.8103234468e-01 7.5934528179e+01
1.4805132225e+00 2.7636556603e-01 7.6272045862e+01
1.5129953741e+00 2.7691534207e-01 7.8997582302e+01
1.4919767963e+00 2.8342892704e-01 7.2529534762e+01
1.4977769770e+00 2.8714321112e-01 7.0890391015e+01
1.4962741870e+00 2.8637911513e-01 7.1193517300e+01
1.5093852403e+00 2.8234136460e-01 7.4451835457e+01
1.4940839829e+00 2.7317998732e-01 8.0620475268e+01
1.4724823609e+00 2.7133118204e-01 7.9914072577e+01
1.4656995308e+00 2.8757180573e-01 6.8796190524e+01
1.4581207775e+00 2.7535381421e-01 7.5088520605e+01
1.5286645565e+00 2.8718042812e-01 7.2872695748e+01
1.5354884797e+00 2.9039943671e-01 7.1539280443e+01
1.4973125834e+00 2.8171569914e-01 7.3941070253e+01
1.4812394662e+00 2.8376512053e-01 7.1625611953e+01
1.5482251690e+00 2.7903366805e-01 8.0993864557e+01
1.4971147012e+00 2.7738576704e-01 7.6987677568e+01
1.5174267185e+00 2.7611638876e-01 8.0329784068e+01
1.4648104342e+00 3.0290552824e-01 6.2868157875e+01
1.4747064138e+00 2.7541043031e-01 7.6482747241e+01
1.4917519831e+00 2.7551198707e-01 7.8036371717e+01
1.5029323747e+00 2.7926766551e-01 7.6061155025e+01
1.5439467176e+00 2.8605498963e-01 7.4664278454e+01
1.5195966957e+00 2.8167338808e-01 7.5723327176e+01
1.4878182426e+00 2.8758748078e-01 7.0064779975e+01
1.4969387973e+00 2.7258551959e-01 8.1739504252e+01
1.5051381119e+00 2.8568047188e-01 7.2142703171e+01
1.4350389574e+00 2.7334839653e-01 7.4579327351e+01
1.4598091829e+00 2.7636055040e-01 7.4536838781e+01
1.4725986123e+00 2.7391541710e-01 7.7491581624e+01
1.5078964919e+00 2.7747718860e-01 7.7952630554e+01
1.5158306954e+00 2.7589590947e-01 8.0371326592e+01
1.5370730885e+00 2.8059651012e-01 7.8161934912e+01
1.4761105841e+00 2.9250947849e-01 6.7205990618e+01
1.5037936435e+00 2.7795317313e-01 7.7155757380e+01
1.4996974551e+00 2.7389791192e-01 8.0537445831e+01
1.5117510011e+00 2.7634444020e-01 7.9414507550e+01
1.5007305280e+00 2.7739188397e-01 7.7323724844e+01
1.5127340729e+00 2.7808451092e-01 7.7910750187e+01
1.4696964245e+00 2.7186777739e-01 7.9039301002e+01
1.5172057687e+00 2.7406680648e-01 8.2896642113e+01
1.4770895085e+00 2.7753433284e-01 7.5130898438e+01
1.4693650741e+00 2.7309874803e-01 7.7868863262e+01
1.5492962912e+00 2.8482229171e-01 7.5934528179e+01
1.5011187920e+00 2.8788421000e-01 7.0716926810e+01
1.5383010920e+00 2.8073736796e-01 7.8161934912e+01
1.4900036653e+00 2.7545272102e-01 7.7910750187e+01
1.4786414811e+00 2.8139585476e-01 7.2786965387e+01
1.4859966421e+00 2.7945974421e-01 7.4536838781e+01
1.4971406431e+00 2.7917048931e-01 7.5638791445e+01
1.4949599483e+00 2.7320804503e-01 8.0703484835e+01
1.4875547169e+00 2.7022632068e-01 8.3638951400e+01
1.5161815525e+00 2.8281474180e-01 7.4664278454e+01
1.4181864014e+00 2.7013009188e-01 7.5427311870e+01
1.4830537038e+00 2.7924089492e-01 7.4451835457e+01
1.4806373229e+00 2.7398651839e-01 7.8245611639e+01
1.4802912079e+00 2.7207865184e-01 8.0080420295e+01
1.4493889624e+00 2.7287090755e-01 7.6145534310e+01
1.4588657204e+00 2.7281288573e-01 7.7071731622e+01
1.4787714233e+00 2.7134542082e-01 8.0703484835e+01
1.5176708207e+00 2.8678417627e-01 7.2357712234e+01
1.4685651909e+00 3.0186353426e-01 6.3373229266e+01
1.5044159919e+00 2.7597138475e-01 7.8955857695e+01
1.4931510503e+00 2.7818223715e-01 7.6018953826e+01
1.4652692203e+00 2.9702537838e-01 6.4920602348e+01
1.4925325608e+00 2.7473140935e-01 7.8830648187e+01
1.5062317870e+00 2.7959542437e-01 7.6103348511e+01
1.4822279721e+00 2.8006662660e-01 7.3855816334e+01
1.4874305431e+00 2.7305816818e-01 7.9914072577e+01
1.5116175052e+00 2.8010909965e-01 7.6187712450e+01
1.5060020343e+00 2.7619800583e-01 7.8914127157e+01
1.5248546167e+00 2.7914527790e-01 7.8203776466e+01
1.5416648384e+00 2.8330932138e-01 7.6398489209e+01
1.5195528070e+00 2.7762514517e-01 7.9039301002e+01
1.4958042484e+00 2.7733862570e-01 7.6903595008e+01
1.4892883052e+00 2.7978386526e-01 7.4579327351e+01
1.5166701343e+00 2.7641878984e-01 7.9914072577e+01
1.5148568689e+00 2.7459997097e-01 8.1780886213e+01
1.4279158784e+00 2.7332611294e-01 7.4026287672e+01
1.5392841858e+00 2.7975427409e-01 7.9164421908e+01
1.5219032396e+00 2.7618380709e-01 8.0827962340e+01
1.5119533591e+00 2.8477010333e-01 7.3129650743e+01
1.5216231064e+00 2.7600937387e-01 8.0993864557e+01
1.5418969281e+00 2.7988028464e-01 7.9331168577e+01
1.4850685698e+00 2.7903253337e-01 7.4749195028e+01
1.4930862426e+00 2.7734248254e-01 7.6651174188e+01
1.4733006982e+00 2.7997063830e-01 7.3257996956e+01
1.4833824841e+00 2.8117034162e-01 7.3257996956e+01
1.4785525349e+00 2.7516959787e-01 7.7029708145e+01
1.4726204867e+00 2.7974937306e-01 7.3343513034e+01
1.5181840214e+00 2.9446935895e-01 6.8576382628e+01
1.5135261732e+00 2.7774640196e-01 7.8287440457e+01
1.4978635000e+00 2.7256522518e-01 8.1905006284e+01
1.5034346095e+00 2.7967199300e-01 7.5807831180e+01
1.5076216501e+00 2.7503165203e-01 8.0288236411e+01
1.5073194919e+00 2.7805418863e-01 7.7407666966e+01
1.4932026550e+00 2.8129781324e-01 7.3898447871e+01
1.4990366615e+00 2.7093984027e-01 8.4750447980e+01
1.4921305135e+00 2.7739380335e-01 7.6524865077e+01
1.4990322160e+00 2.9087850019e-01 6.9147205641e+01
1.4857359555e+00 2.7159393824e-01 8.1366868568e+01
1.5067765051e+00 2.7769022900e-01 7.7659329379e+01
1.4836938363e+00 2.7724628897e-01 7.5892303678e+01
1.5150908264e+00 2.8436014926e-01 7.3599833208e+01
1.4904695410e+00 2.7272823283e-01 8.0661982523e+01
1.5566152246e+00 2.8620466055e-01 7.5554223768e+01
1.5258704578e+00 2.8131595704e-01 7.6524865077e+01
1.5319824222e+00 2.7611477126e-01 8.2359790805e+01
1.4891897602e+00 2.8893265175e-01 6.9497403504e+01
1.5196596014e+00 2.7979137428e-01 7.7155757380e+01
1.5194029908e+00 2.8095746232e-01 7.6229882959e+01
1.5060805443e+00 2.7611949587e-01 7.8997582302e+01
1.5086923445e+00 2.7396095767e-01 8.1698117953e+01
1.4795091491e+00 2.7331142972e-01 7.8747145195e+01
1.5212400818e+00 2.8822356644e-01 7.1798145674e+01
1.5218842197e+00 2.7847623348e-01 7.8496490101e+01
1.5057013481e+00 2.8784175914e-01 7.1020369769e+01
1.5332209751e+00 2.8764316744e-01 7.2915546096e+01
1.4951447412e+00 2.7121536001e-01 8.3432867286e+01
1.4624862393e+00 2.8042745112e-01 7.2228737805e+01
1.5009331520e+00 2.7809513053e-01 7.6777417260e+01
1.4962269317e+00 2.8053696290e-01 7.4621807233e+01
1.4842333685e+00 2.7625534280e-01 7.6693262514e+01
1.4912223732e+00 2.7830194370e-01 7.5765583130e+01
1.5060082208e+00 2.8117981339e-01 7.4961336903e+01
1.5034069822e+00 2.8196669830e-01 7.4239173069e+01
1.5607083233e+00 2.8394516346e-01 7.7617402571e+01
1.4856154018e+00 2.9069573063e-01 6.8488366950e+01
1.4774310987e+00 2.7674186901e-01 7.5723327176e+01
1.5072852470e+00 2.7899553358e-01 7.6651174188e+01
1.5191415077e+00 2.8394829683e-01 7.4154045875e+01
1.4850311280e+00 2.7816664577e-01 7.5342663360e+01
1.4912355628e+00 2.8371751374e-01 7.2314731052e+01
1.4877177821e+00 2.8225871961e-01 7.2915546096e+01
1.5125819717e+00 2.7415241649e-01 8.2029088124e+01
1.4788283834e+00 2.7489374936e-01 7.7281743419e+01
1.5161079044e+00 2.7471067939e-01 8.1822263856e+01
1.4888435058e+00 2.9562322830e-01 6.6582615408e+01
1.4896816350e+00 2.8074709017e-01 7.3983683510e+01
1.4975093072e+00 2.9830529070e-01 6.5956288709e+01
1.5084564487e+00 2.7419685344e-01 8.1366868568e+01
1.5158151924e+00 2.7500339137e-01 8.1408290413e+01
1.5144110478e+00 2.7913205952e-01 7.7197759713e+01
1.5111645954e+00 2.8555886704e-01 7.2615385143e+01
1.4746079946e+00 2.7640993984e-01 7.5723327176e+01
1.4949168293e+00 2.7777359040e-01 7.6482747241e+01
1.4426712282e+00 2.6482240965e-01 8.4092049576e+01
1.4881801149e+00 2.7276001035e-01 8.0329784068e+01
1.5086829439e+00 2.8168168696e-01 7.4834077304e+01
1.5000891119e+00 2.8211092826e-01 7.3898447871e+01
1.5077137250e+00 2.7675300911e-01 7.8580066351e+01
1.4909141351e+00 2.7499408938e-01 7.8412889032e+01
1.4745525705e+00 2.8187515135e-01 7.2228737805e+01
1.5316759243e+00 2.7687671584e-01 8.1325442176e+01
1.5092993660e+00 2.7698141460e-01 7.8538281315e+01
1.4804435156e+00 2.7508218879e-01 7.7281743419e+01
1.5048099940e+00 2.7467128139e-01 8.0329784068e+01
1.4975565483e+00 2.8056586374e-01 7.4706741043e+01
1.5128587040e+00 2.7659813589e-01 7.9289490537e+01
1.5448726798e+00 2.8238615724e-01 7.7407666966e+01
1.5293334831e+00 2.8149696384e-01 7.6693262514e+01
1.4767646046e+00 2.7335223954e-01 7.8412889032e+01
1.4958675097e+00 2.7320466081e-01 8.0827962340e+01
1.5061970871e+00 2.7600295306e-01 7.9122720780e+01
1.4866735297e+00 2.7697588947e-01 7.6356348960e+01
1.4895613614e+00 2.8674977102e-01 7.0586708069e+01
1.4867263773e+00 2.7601978964e-01 7.7113748025e+01
1.4840336203e+00 2.7916415346e-01 7.4579327351e+01
1.5182646254e+00 2.7573270332e-01 8.0869445111e+01
1.4254727478e+00 2.7264628789e-01 7.4281723271e+01
1.4439294520e+00 2.7206077995e-01 7.6272045862e+01
1.4857539703e+00 2.7654062841e-01 7.6609078524e+01
1.4696046339e+00 2.8276522580e-01 7.1409701632e+01
1.5057997198e+00 2.8048106073e-01 7.5427311870e+01
1.4976661038e+00 2.7411952261e-01 8.0038841340e+01
1.4387859517e+00 2.6558090744e-01 8.2153132349e+01
1.4962398959e+00 2.7826057230e-01 7.6229882959e+01
1.4946037599e+00 2.7899160716e-01 7.5554223768e+01
1.5101438892e+00 2.7432284489e-01 8.1449707735e+01
1.4806822620e+00 2.8567783914e-01 7.0586708069e+01
1.5052957610e+00 2.8779316319e-01 7.1020369769e+01
1.4770431204e+00 2.7938460143e-01 7.3898447871e+01
1.5176182554e+00 2.8410670112e-01 7.3941070253e+01
1.5131603001e+00 2.8265429783e-01 7.4536838781e+01
1.5143427239e+00 2.7647585988e-01 7.9581117748e+01
1.4727914077e+00 2.8047992881e-01 7.2915546096e+01
1.5044374704e+00 2.7459081210e-01 8.0371326592e+01
1.4668193281e+00 2.7294609774e-01 7.7743162886e+01
1.5591974811e+00 2.8408074747e-01 7.7365699350e+01
1.4870635237e+00 2.7658589548e-01 7.6693262514e+01
1.5194887720e+00 2.8405605839e-01 7.4111468825e+01
1.4763526233e+00 2.8097727046e-01 7.2872695748e+01
1.4700311224e+00 2.8233873731e-01 7.1668761497e+01
1.4930862426e+00 2.7734248254e-01 7.6651174188e+01
1.5357749110e+00 2.8235093658e-01 7.6609078524e+01
1.5189470732e+00 2.7823087906e-01 7.8412889032e+01
1.5346725875e+00 2.7843662174e-01 7.9955667504e+01
1.4653562355e+00 2.7216159196e-01 7.8287440457e+01
1.5176734744e+00 2.7904998809e-01 7.7575469027e+01
1.5132953529e+00 2.8024775442e-01 7.6229882959e+01
1.4993578915e+00 2.8601578903e-01 7.1582451612e+01
1.5475126837e+00 2.8706352018e-01 7.4281723271e+01
1.5008002248e+00 2.7551090761e-01 7.8997582302e+01
1.5320007197e+00 2.7837408949e-01 7.9706016880e+01
1.5147409627e+00 2.7698564224e-01 7.9122720780e+01
1.5035247765e+00 2.7595649889e-01 7.8872390662e+01
1.4782680791e+00 2.7004704834e-01 8.2277139574e+01
1.4922412542e+00 2.7185984891e-01 8.1987731721e+01
1.4995758072e+00 2.7311461251e-01 8.1449707735e+01
1.4857424709e+00 2.7564910696e-01 7.7323724844e+01
1.5105130468e+00 2.8121355805e-01 7.5300326848e+01
1.5296371673e+00 2.7754924758e-01 8.0288236411e+01
1.5011670788e+00 2.7559681576e-01 7.8955857695e+01
1.5031676377e+00 2.8402039653e-01 7.2958386597e+01
1.4976224509e+00 2.8321803394e-01 7.3044038180e+01
1.4873170673e+00 2.9080534470e-01 6.8532381435e+01
1.5402598691e+00 2.8608498276e-01 7.4366797030e+01
1.4976792809e+00 2.7591608608e-01 7.8287440457e+01
1.5348283041e+00 2.8512292080e-01 7.4579327351e+01
1.4860985167e+00 2.7439019461e-01 7.8454692681e+01
1.5247691404e+00 2.7923075419e-01 7.8120086953e+01
1.5423303647e+00 2.8812862083e-01 7.3257996956e+01
1.4712023100e+00 2.7126151213e-01 7.9830866582e+01
1.5088541086e+00 2.7833392559e-01 7.7323724844e+01
1.4765941029e+00 2.8570049574e-01 7.0325956512e+01
1.5129902682e+00 2.8555138318e-01 7.2744085313e+01
1.4794051074e+00 2.7431702545e-01 7.7826969754e+01
1.5390176203e+00 2.8869826657e-01 7.2701195268e+01
1.5467660395e+00 2.7912187688e-01 8.0703484835e+01
1.4872255136e+00 2.7687558956e-01 7.6482747241e+01
1.4986892828e+00 2.8305753385e-01 7.3215224529e+01
1.5062861027e+00 2.8589457023e-01 7.2099670255e+01
1.5121135350e+00 2.8279235163e-01 7.4366797030e+01
1.4965948560e+00 2.8560518413e-01 7.1625611953e+01
1.5124816527e+00 2.8015312670e-01 7.6229882959e+01
1.4737587936e+00 2.8943898021e-01 6.8400297950e+01
1.5068895137e+00 2.8211348829e-01 7.4409320646e+01
1.4780912338e+00 2.7608173398e-01 7.6272045862e+01
1.5173927854e+00 2.8387729836e-01 7.4068882767e+01
1.5069369299e+00 2.7526311024e-01 7.9955667504e+01
1.4864857448e+00 2.7851884198e-01 7.5215629171e+01
1.5553777722e+00 2.8194495642e-01 7.8830648187e+01
1.5013533020e+00 2.7948718290e-01 7.5765583130e+01
1.4799535794e+00 2.7376855337e-01 7.8371079129e+01
1.5343435287e+00 2.7967745289e-01 7.8705384629e+01
1.5324041658e+00 2.8298476078e-01 7.5850071354e+01
1.5138237251e+00 2.7835694791e-01 7.7785069637e+01
1.5119096231e+00 2.8617742357e-01 7.2314731052e+01
1.4937084382e+00 2.7536373231e-01 7.8371079129e+01
1.5170372873e+00 2.7877731060e-01 7.7743162886e+01
1.5444622548e+00 2.8553945245e-01 7.5046134423e+01
1.5230037751e+00 2.7599251922e-01 8.1201135484e+01
1.4906724274e+00 2.7478395891e-01 7.8580066351e+01
1.5435972424e+00 2.8092009627e-01 7.8538281315e+01
1.4834348153e+00 2.7750530995e-01 7.5681063290e+01
1.4962944366e+00 2.7594356726e-01 7.8120086953e+01
1.4962944366e+00 2.7594356726e-01 7.8120086953e+01
1.5173542766e+00 2.7936918585e-01 7.7281743419e+01
1.4863018665e+00 2.7193035361e-01 8.1035328162e+01
1.5397723966e+00 2.8474494212e-01 7.5215629171e+01
1.5181728374e+00 2.8036881396e-01 7.6566975496e+01
1.4950072450e+00 2.7632604251e-01 7.7659329379e+01
1.4895721015e+00 2.7362567232e-01 7.9581117748e+01
1.5281089568e+00 2.9001689073e-01 7.1280024178e+01
1.4808974878e+00 2.8094558116e-01 7.3215224529e+01
1.5030640961e+00 2.7687021067e-01 7.7994504389e+01
1.5046866054e+00 2.7570077122e-01 7.9247806762e+01
1.5204161209e+00 2.7630734155e-01 8.0495923602e+01
1.5160147503e+00 2.7752835700e-01 7.8747145195e+01
1.5404794960e+00 2.8495152301e-01 7.5130898438e+01
1.4744074234e+00 3.0099829994e-01 6.3921683928e+01
1.5016956229e+00 2.8458515763e-01 7.2529534762e+01
1.5274958616e+00 2.7650403292e-01 8.1201135484e+01
1.4844024818e+00 2.7247630672e-01 8.0163562403e+01
1.4663428655e+00 2.7027619376e-01 8.0288236411e+01
1.5007717296e+00 2.7463399376e-01 7.9872472277e+01
1.5226586200e+00 2.7861146384e-01 7.8454692681e+01
1.4911098797e+00 2.7705811359e-01 7.6693262514e+01
1.5222604783e+00 2.8492593661e-01 7.3770525678e+01
1.4509002405e+00 2.6553756995e-01 8.4544777263e+01
1.5044534502e+00 2.7910649106e-01 7.6314201186e+01
1.4999769977e+00 2.8041037896e-01 7.5003739865e+01
1.4876612567e+00 2.7508491030e-01 7.7994504389e+01
1.4923329048e+00 2.7493106537e-01 7.8621845231e+01
1.5516725129e+00 2.8061596675e-01 7.9706016880e+01
1.5237839486e+00 2.8021594599e-01 7.7197759713e+01
1.5084910141e+00 2.7778976649e-01 7.7743162886e+01
1.5072968925e+00 2.7989114171e-01 7.5976744886e+01
1.4465083394e+00 2.9145893026e-01 6.6135547182e+01
1.4693024592e+00 2.7136227723e-01 7.9497823876e+01
1.5275665136e+00 2.8326393338e-01 7.5257982128e+01
1.4723361861e+00 2.7507831502e-01 7.6524865077e+01
1.4731745527e+00 2.7288929889e-01 7.8454692681e+01
1.4831375569e+00 2.7509466318e-01 7.7533528720e+01
1.4753063368e+00 2.7165790915e-01 7.9914072577e+01
1.5208618856e+00 2.8040819824e-01 7.6777417260e+01
1.4854926363e+00 2.7093508552e-01 8.2194472172e+01
1.5107150314e+00 2.8191974804e-01 7.4834077304e+01
1.4713444695e+00 2.7066952311e-01 8.0495923602e+01
1.4568065619e+00 2.7352546236e-01 7.6314201186e+01
1.5131893572e+00 2.7672135899e-01 7.9206117227e+01
1.4668732693e+00 2.7739025805e-01 7.4409320646e+01
1.4889754274e+00 2.8190555966e-01 7.3215224529e+01
1.5014401277e+00 2.7668228432e-01 7.7994504389e+01
1.4776566769e+00 2.8373490094e-01 7.1409701632e+01
1.4788585326e+00 2.8795348379e-01 6.9366173885e+01
1.5209265213e+00 2.8079843530e-01 7.6482747241e+01
1.4855075357e+00 2.7769023806e-01 7.5723327176e+01
1.4981153823e+00 2.8408465789e-01 7.2572465000e+01
1.4876048892e+00 2.7288382205e-01 8.0121993975e+01
1.4887992716e+00 2.7575355406e-01 7.7533528720e+01
1.4927461068e+00 2.7813488025e-01 7.6018953826e+01
1.4761949204e+00 2.7212020705e-01 7.9539473606e+01
1.4839159602e+00 2.7973345903e-01 7.4196613947e+01
1.5026522049e+00 2.7818828000e-01 7.6861542972e+01
1.5289998448e+00 2.8000828027e-01 7.7868863262e+01
1.4716915328e+00 2.7572296831e-01 7.5976744886e+01
1.5155391500e+00 2.8254789666e-01 7.4791640439e+01
1.4842040642e+00 2.7899370962e-01 7.4706741043e+01
1.5214653407e+00 2.8435519307e-01 7.4068882767e+01
1.4970085451e+00 2.8201973739e-01 7.3727866500e+01
1.4990902870e+00 2.7405258709e-01 8.0288236411e+01
1.4894467631e+00 2.7826919935e-01 7.5638791445e+01
1.4833902812e+00 2.7664705468e-01 7.6314201186e+01
1.4542541689e+00 2.7114337700e-01 7.8036371717e+01
1.5214163593e+00 2.8394895726e-01 7.4324264582e+01
1.4974424679e+00 2.8067994411e-01 7.4621807233e+01
1.4786943733e+00 2.7457696320e-01 7.7533528720e+01
1.4861188316e+00 2.7753058757e-01 7.5892303678e+01
1.5292123183e+00 2.7797409656e-01 7.9789255467e+01
1.5422655667e+00 2.8819341880e-01 7.3215224529e+01
1.5000286245e+00 2.8897437754e-01 7.0108339229e+01
1.4861588060e+00 2.7794229720e-01 7.5596511614e+01
1.4612968738e+00 2.7846855211e-01 7.3300759781e+01
1.5173850646e+00 2.7524971482e-01 8.1325442176e+01
1.5154232763e+00 2.7584929885e-01 8.0371326592e+01
1.4850568989e+00 2.7182188960e-01 8.0993864557e+01
1.5096673116e+00 2.7842812975e-01 7.7323724844e+01
1.4789080435e+00 2.8293502548e-01 7.1927433851e+01
1.5189042782e+00 2.7509305054e-01 8.1739504252e+01
1.4784448601e+00 2.8159247580e-01 7.2658295222e+01
1.5078972828e+00 2.7430275738e-01 8.1159690671e+01
1.5358837476e+00 2.8315471231e-01 7.6018953826e+01
1.5131352684e+00 2.8086206038e-01 7.5765583130e+01
1.5091583820e+00 2.7621529855e-01 7.9247806762e+01
1.5064834236e+00 2.8206577889e-01 7.4409320646e+01
1.5029081003e+00 2.7566722772e-01 7.9081013820e+01
1.5076026738e+00 2.7958536038e-01 7.6229882959e+01
1.4642929058e+00 2.7502292297e-01 7.5850071354e+01
1.5008281670e+00 2.8862867295e-01 7.0325956512e+01
1.4899455446e+00 2.7234905412e-01 8.1035328162e+01
1.5163412865e+00 2.7765604227e-01 7.8663617982e+01
1.4998889310e+00 2.7868639704e-01 7.6229882959e+01
1.4843187385e+00 2.7391348153e-01 7.8705384629e+01
1.4695506622e+00 2.7876446527e-01 7.3727866500e+01
1.5027949583e+00 2.7351617411e-01 8.1408290413e+01
1.4633853337e+00 2.7188586397e-01 7.8329262945e+01
1.4704442120e+00 2.7336933094e-01 7.7743162886e+01
1.5250581900e+00 2.7985194760e-01 7.7617402571e+01
1.5477398052e+00 2.8134745958e-01 7.8580066351e+01
1.4929049593e+00 2.7255142708e-01 8.1201135484e+01
1.5335968481e+00 2.8452899943e-01 7.4876505650e+01
1.5197741604e+00 2.8695692250e-01 7.2400683165e+01
1.5305671863e+00 2.8482174034e-01 7.4451835457e+01
1.5032003878e+00 2.7809324374e-01 7.6987677568e+01
1.4970085451e+00 2.8201973739e-01 7.3727866500e+01
1.5450539639e+00 2.8677708510e-01 7.4281723271e+01
1.4972065710e+00 2.8136875698e-01 7.4154045875e+01
1.4894986501e+00 2.7369912367e-01 7.9497823876e+01
1.5237099272e+00 2.8757619583e-01 7.2314731052e+01
1.5253284642e+00 2.7639649240e-01 8.1035328162e+01
1.4519493553e+00 2.8152523639e-01 7.0933728582e+01
1.5014388706e+00 2.9165005351e-01 6.8927918164e+01
1.4827946809e+00 2.7814544435e-01 7.5173267951e+01
1.5251363935e+00 2.8341624668e-01 7.4961336903e+01
1.4939674743e+00 2.8008042408e-01 7.4749195028e+01
1.5413713631e+00 2.7994929546e-01 7.9206117227e+01
1.4877184677e+00 2.7547930607e-01 7.7659329379e+01
1.5344106671e+00 2.7641977989e-01 8.2318467199e+01
1.4818568816e+00 2.7592415602e-01 7.6735343529e+01
1.4871747397e+00 2.7376538556e-01 7.9164421908e+01
1.5231797463e+00 2.7900012133e-01 7.8161934912e+01
1.5030324492e+00 2.7237327414e-01 8.3020440166e+01
1.5125554421e+00 2.8735025314e-01 7.1711900276e+01
1.4814730753e+00 2.8217634390e-01 7.2529534762e+01
1.5229190761e+00 2.8563356408e-01 7.3386256743e+01
1.5225058216e+00 2.8285949501e-01 7.5130898438e+01
1.4858844251e+00 2.7370157389e-01 7.9081013820e+01
1.4652989977e+00 2.7356727260e-01 7.7071731622e+01
1.4738052913e+00 2.8081855000e-01 7.2786965387e+01
1.5164472118e+00 2.7527939313e-01 8.1159690671e+01
1.5199511835e+00 2.8177377305e-01 7.5681063290e+01
1.5077628442e+00 2.7851793640e-01 7.7071731622e+01
1.4839768163e+00 2.7335307747e-01 7.9206117227e+01
1.4621910943e+00 2.7802396745e-01 7.3642520295e+01
1.4850606600e+00 2.8446365691e-01 7.1496098411e+01
1.5008281670e+00 2.8862867295e-01 7.0325956512e+01
1.5116818662e+00 2.7459891440e-01 8.1325442176e+01
1.4823887888e+00 2.8035737813e-01 7.3685198049e+01
1.4822769950e+00 2.7640644614e-01 7.6398489209e+01
1.5249201137e+00 2.7634997012e-01 8.1035328162e+01
1.5028660854e+00 2.7842754611e-01 7.6693262514e+01
1.4967273254e+00 2.8275394999e-01 7.3257996956e+01
1.5378881979e+00 2.7841288298e-01 8.0371326592e+01
1.5571968007e+00 2.7921026747e-01 8.2029088124e+01
1.4746326183e+00 2.9308334417e-01 6.6894664723e+01
1.5074087623e+00 2.9022371795e-01 6.9934029987e+01
1.5271476345e+00 2.7867289931e-01 7.8872390662e+01
1.4794556411e+00 2.7787425266e-01 7.5088520605e+01
1.4758645858e+00 2.7019926579e-01 8.1698117953e+01
1.4971006383e+00 2.7830508503e-01 7.6272045862e+01
1.5136747597e+00 2.7623595643e-01 7.9747638907e+01
1.5144878941e+00 2.8814692284e-01 7.1409701632e+01
1.4821457062e+00 2.7473308233e-01 7.7743162886e+01
1.4817409274e+00 2.8281189831e-01 7.2185725677e+01
1.4832268932e+00 2.9806673831e-01 6.5371953536e+01
1.4768503627e+00 2.7191513587e-01 7.9830866582e+01
1.5054001610e+00 2.7136373361e-01 8.5408151939e+01
1.4661264716e+00 2.6779721343e-01 8.3597741274e+01
1.5178224725e+00 2.7708341419e-01 7.9372840907e+01
1.5432787058e+00 2.7986839830e-01 7.9497823876e+01
1.5094316026e+00 2.8002523729e-01 7.6061155025e+01
1.4905380782e+00 2.8577305418e-01 7.1150247189e+01
1.5087726578e+00 2.8340801521e-01 7.3727866500e+01
1.4844368362e+00 2.7063791734e-01 8.2442426045e+01
1.5304957115e+00 2.7896793667e-01 7.8955857695e+01
1.5019338605e+00 2.8253287358e-01 7.3770525678e+01
1.5165436347e+00 2.8017982774e-01 7.6566975496e+01
1.5085843697e+00 2.7815001844e-01 7.7449627715e+01
1.4996268995e+00 2.8302640268e-01 7.3300759781e+01
1.5092096027e+00 2.7435033862e-01 8.1284011213e+01
1.4928490856e+00 2.7396293076e-01 7.9622756324e+01
1.4909910089e+00 2.7446537749e-01 7.8914127157e+01
1.4704380097e+00 2.7157598299e-01 7.9414507550e+01
1.4724554041e+00 2.6955858854e-01 8.2029088124e+01
1.5036150293e+00 2.7722545557e-01 7.7743162886e+01
1.5169315052e+00 2.7706582351e-01 7.9289490537e+01
1.5065384440e+00 2.8155699736e-01 7.4749195028e+01
1.5126823357e+00 2.7995244369e-01 7.6398489209e+01
1.4836832978e+00 2.7274442399e-01 7.9789255467e+01
1.5304002634e+00 2.7997454574e-01 7.8036371717e+01
1.4810712875e+00 2.7310168024e-01 7.9122720780e+01
1.5024601606e+00 2.7838032430e-01 7.6693262514e+01
1.5280604068e+00 2.8778457783e-01 7.2486594398e+01
1.5377234648e+00 2.8177135853e-01 7.7239755051e+01
1.5299132320e+00 2.7863940820e-01 7.9206117227e+01
1.5016705767e+00 2.7781069872e-01 7.7071731622e+01
1.5270496989e+00 2.7558511807e-01 8.2318467199e+01
1.5245303099e+00 2.7673977387e-01 8.0537445831e+01
1.4770895085e+00 2.7753433284e-01 7.5130898438e+01
1.4998136079e+00 2.7513946868e-01 7.9247806762e+01
1.5504985490e+00 2.7904591799e-01 8.1284011213e+01
1.4818359792e+00 2.7504280932e-01 7.7449627715e+01
1.4646642586e+00 2.7375249195e-01 7.6861542972e+01
1.5109034712e+00 2.8036910395e-01 7.5934528179e+01
1.4805713103e+00 2.7540538353e-01 7.7029708145e+01
1.5079916035e+00 2.8055759902e-01 7.5554223768e+01
1.4525696454e+00 2.8135403964e-01 7.1063673457e+01
1.5115331716e+00 2.7746983043e-01 7.8329262945e+01
1.5217175205e+00 2.7864293263e-01 7.8329262945e+01
1.5192831742e+00 2.7516841432e-01 8.1698117953e+01
1.4713941582e+00 2.8954596711e-01 6.8223998755e+01
1.4732706580e+00 2.7414384305e-01 7.7365699350e+01
1.5281943163e+00 2.8810676462e-01 7.2314731052e+01
1.5201704347e+00 2.7791661196e-01 7.8830648187e+01
1.5036265209e+00 2.8810008398e-01 7.0760310020e+01
1.5200498787e+00 2.7394745006e-01 8.3597741274e+01
1.5347901755e+00 2.7877490082e-01 7.9622756324e+01
1.5137119094e+00 2.8164831374e-01 7.5257982128e+01
1.4887461813e+00 2.7535492182e-01 7.7868863262e+01
1.4952872957e+00 2.8147659894e-01 7.3941070253e+01
1.5302545292e+00 2.7829811095e-01 7.9581117748e+01
1.4817329971e+00 2.7243997068e-01 7.9872472277e+01
1.4853026937e+00 2.7925013196e-01 7.4621807233e+01
1.4907581569e+00 2.8555297546e-01 7.1280024178e+01
1.5237151356e+00 2.7891968137e-01 7.8287440457e+01
1.4976751534e+00 2.8090017466e-01 7.4494341492e+01
1.4768821299e+00 2.7819262358e-01 7.4664278454e+01
1.5282370161e+00 2.7758351771e-01 8.0080420295e+01
1.4814712278e+00 2.8443699664e-01 7.1280024178e+01
1.5179284075e+00 2.7652318098e-01 7.9955667504e+01
1.5165436347e+00 2.8017982774e-01 7.6566975496e+01
1.5085142579e+00 2.8230432588e-01 7.4409320646e+01
1.4963813650e+00 2.8174104703e-01 7.3855816334e+01
1.4933295179e+00 2.7574265254e-01 7.7994504389e+01
1.5264612693e+00 2.7981451991e-01 7.7785069637e+01
1.4874188795e+00 2.8074911377e-01 7.3813175613e+01
1.4941546404e+00 2.7356132211e-01 8.0205125602e+01
1.5003631193e+00 2.7368477912e-01 8.0869445111e+01
1.5284378833e+00 2.8330395400e-01 7.5300326848e+01
1.5407233121e+00 2.8927839512e-01 7.2486594398e+01
1.5242716627e+00 2.8382553084e-01 7.4621807233e+01
1.4974146113e+00 2.7980208399e-01 7.5215629171e+01
1.4951338229e+00 2.7439049398e-01 7.9456168532e+01
1.5457117602e+00 2.8383270679e-01 7.6356348960e+01
1.5148789406e+00 2.7503177561e-01 8.1242575657e+01
1.5110540183e+00 2.8430620482e-01 7.3343513034e+01
1.4817808479e+00 2.7870786342e-01 7.4706741043e+01
1.4851473861e+00 2.8166463031e-01 7.3086849324e+01
1.5250131410e+00 2.7989699666e-01 7.7575469027e+01
1.4913170446e+00 2.7594692558e-01 7.7617402571e+01
1.5050885259e+00 2.7847141541e-01 7.6861542972e+01
1.4843464165e+00 2.7659370875e-01 7.6440621960e+01
1.4767510103e+00 2.7516816898e-01 7.6861542972e+01
1.4757656698e+00 2.7660418996e-01 7.5681063290e+01
1.5183786268e+00 2.7789038422e-01 7.8663617982e+01
1.5133527769e+00 2.7565022509e-01 8.0329784068e+01
1.4804497070e+00 2.8139336193e-01 7.2915546096e+01
1.4700575372e+00 2.9991896458e-01 6.4103929565e+01
1.4864609479e+00 2.8125501458e-01 7.3428990941e+01
1.4780546923e+00 2.7071080630e-01 8.1366868568e+01
1.4726813465e+00 2.7653456196e-01 7.5469623924e+01
1.5578836169e+00 2.8264512109e-01 7.8454692681e+01
1.4889511784e+00 2.7740892283e-01 7.6229882959e+01
1.5526705787e+00 2.8556796247e-01 7.5681063290e+01
1.5417239798e+00 2.8233657587e-01 7.7155757380e+01
1.4992655068e+00 2.7568756981e-01 7.8663617982e+01
1.4948446198e+00 2.7513188198e-01 7.8705384629e+01
1.4537781899e+00 2.9048533741e-01 6.6894664723e+01
1.5176312974e+00 2.8272915573e-01 7.4834077304e+01
1.4789801354e+00 2.7384044338e-01 7.8203776466e+01
1.4995009672e+00 2.8587271331e-01 7.1668761497e+01
1.5224853553e+00 2.7696562030e-01 8.0038841340e+01
1.4938300750e+00 2.8157564837e-01 7.3770525678e+01
1.4938478935e+00 2.7748539397e-01 7.6609078524e+01
1.5127721921e+00 2.7350858848e-01 8.2979177816e+01
1.4770860870e+00 2.7348128296e-01 7.8329262945e+01
1.4840197607e+00 2.7601757521e-01 7.6861542972e+01
1.4869762100e+00 2.7938389117e-01 7.4664278454e+01
1.5024828460e+00 2.8153047253e-01 7.4451835457e+01
1.5107089335e+00 2.7647910067e-01 7.9164421908e+01
1.4758185709e+00 2.7564996666e-01 7.6398489209e+01
1.5116000159e+00 2.7785682404e-01 7.7994504389e+01
1.5235699058e+00 2.7770017804e-01 7.9414507550e+01
1.5062303828e+00 2.8095765138e-01 7.5130898438e+01
1.4657069142e+00 2.7136150981e-01 7.9081013820e+01
1.5534004694e+00 2.8529603509e-01 7.5934528179e+01
1.5117582309e+00 2.7542980327e-01 8.0371326592e+01
1.5320708435e+00 2.9107626067e-01 7.0977054822e+01
1.4874657268e+00 2.7302298447e-01 7.9955667504e+01
1.5264249763e+00 2.7757491831e-01 7.9872472277e+01
1.4804044379e+00 2.8505194842e-01 7.0890391015e+01
1.5282524154e+00 2.7893399943e-01 7.8747145195e+01
1.5233353562e+00 2.8339572677e-01 7.4834077304e+01
1.5029764810e+00 2.7967682118e-01 7.5765583130e+01
1.4937908190e+00 2.7528135145e-01 7.8454692681e+01
1.4791710031e+00 2.6959449553e-01 8.3102953976e+01
1.5092343832e+00 2.7613929733e-01 7.9331168577e+01
1.4670459429e+00 2.8352142705e-01 7.0847042089e+01
1.5308261922e+00 2.8593102308e-01 7.3770525678e+01
1.4690909062e+00 2.6887636340e-01 8.2442426045e+01
1.4694161869e+00 2.6900056373e-01 8.2318467199e+01
1.4956118611e+00 2.8341642142e-01 7.2786965387e+01
1.5163065287e+00 2.7950806916e-01 7.7071731622e+01
1.4884436327e+00 2.7430253428e-01 7.8788899706e+01
1.4992892151e+00 2.7430615197e-01 8.0038841340e+01
1.5157455388e+00 2.8416015644e-01 7.3770525678e+01
1.5251327068e+00 2.8068782694e-01 7.6945639864e+01
1.5209582882e+00 2.8031179556e-01 7.6861542972e+01
1.4690801838e+00 2.7158455260e-01 7.9247806762e+01
1.5166741460e+00 2.7868607707e-01 7.7785069637e+01
1.4493081733e+00 2.6668205867e-01 8.2318467199e+01
1.5111563021e+00 2.8511270890e-01 7.2872695748e+01
1.4860294616e+00 2.7084932692e-01 8.2401110412e+01
1.4873936640e+00 2.7444940495e-01 7.8538281315e+01
1.4978800458e+00 2.8205426097e-01 7.3770525678e+01
1.5024355080e+00 2.7795186862e-01 7.7029708145e+01
1.4928149759e+00 2.8032789822e-01 7.4494341492e+01
1.5111499022e+00 2.7785309983e-01 7.7952630554e+01
1.5337084539e+00 2.9035210184e-01 7.1452905485e+01
1.4919551319e+00 2.7350125448e-01 7.9997257084e+01
1.4834157498e+00 2.8068535336e-01 7.3557136760e+01
1.5295612876e+00 2.8537161911e-01 7.4026287672e+01
1.5202530125e+00 2.7919796314e-01 7.7701249475e+01
1.4604904019e+00 2.7118820420e-01 7.8663617982e+01
1.5128208150e+00 2.7799776881e-01 7.7994504389e+01
1.4928423135e+00 2.7758641171e-01 7.6440621960e+01
1.5243508552e+00 2.7600959795e-01 8.1366868568e+01
1.5550949281e+00 2.7810852709e-01 8.3267938661e+01
1.4938651931e+00 2.8199321555e-01 7.3514430919e+01
1.5070743935e+00 2.7331298312e-01 8.2318467199e+01
1.5045270477e+00 2.8311467091e-01 7.3599833208e+01
1.5238948136e+00 2.8283626936e-01 7.5257982128e+01
1.4909469832e+00 2.7315411993e-01 8.0246683597e+01
1.5227511606e+00 2.8215897708e-01 7.5638791445e+01
1.5082035311e+00 2.8034567140e-01 7.5723327176e+01
1.4849732522e+00 2.7325896789e-01 7.9414507550e+01
1.5211829263e+00 2.7872276896e-01 7.8203776466e+01
1.5093175188e+00 2.7923168373e-01 7.6651174188e+01
1.4902520978e+00 2.7701187234e-01 7.6651174188e+01
1.4857209760e+00 2.8832692237e-01 6.9584827470e+01
1.5101195467e+00 2.7570766462e-01 7.9872472277e+01
1.4631251416e+00 2.7394328237e-01 7.6566975496e+01
1.4736049123e+00 2.7561099615e-01 7.6229882959e+01
1.5235793317e+00 2.8542879340e-01 7.3557136760e+01
1.5183799027e+00 2.7516320462e-01 8.1573932786e+01
1.4985663500e+00 2.7910318443e-01 7.5807831180e+01
1.4801175870e+00 2.6954876994e-01 8.3350409892e+01
1.4849978070e+00 2.8136229415e-01 7.3257996956e+01
1.4706759142e+00 2.7493779830e-01 7.6482747241e+01
1.5014669930e+00 2.8254632553e-01 7.3727866500e+01
1.5236319192e+00 2.7627377607e-01 8.0952396196e+01
1.5157625101e+00 2.7596409483e-01 8.0288236411e+01
1.5125540792e+00 2.8917087739e-01 7.0760310020e+01
1.4817658288e+00 2.8685423381e-01 7.0064779975e+01
1.4972818011e+00 2.8310557549e-01 7.3086849324e+01
1.5213007007e+00 2.7769559366e-01 7.9164421908e+01
1.4899317453e+00 2.7191132368e-01 8.1573932786e+01
1.4887526369e+00 2.8077167999e-01 7.3898447871e+01
1.5064842360e+00 2.7934297532e-01 7.6314201186e+01
1.5321389143e+00 2.8325001230e-01 7.5638791445e+01
1.4943787310e+00 2.7650225603e-01 7.7449627715e+01
1.4686893061e+00 2.7422438429e-01 7.6861542972e+01
1.4840039193e+00 2.8054890641e-01 7.3685198049e+01
1.5164058905e+00 2.7577478247e-01 8.0578963045e+01
1.5044297168e+00 2.8366572451e-01 7.3257996956e+01
1.4812350491e+00 2.7429065522e-01 7.8036371717e+01
1.5115215986e+00 2.7838911757e-01 7.7533528720e+01
1.4907063634e+00 2.7520186109e-01 7.8203776466e+01
1.5033946285e+00 2.7382206675e-01 8.1118241196e+01
1.5004697488e+00 2.7991762778e-01 7.5384991691e+01
1.4896127618e+00 2.8624564684e-01 7.0847042089e+01
1.5183868767e+00 2.8379299087e-01 7.4196613947e+01
1.4961574872e+00 2.8151204725e-01 7.3983683510e+01
1.5273661491e+00 2.7982026579e-01 7.7868863262e+01
1.4819063473e+00 2.7767965173e-01 7.5427311870e+01
1.5222364975e+00 2.8221849947e-01 7.5554223768e+01
1.5176222447e+00 2.7955570747e-01 7.7155757380e+01
1.5236860824e+00 2.8350033247e-01 7.4791640439e+01
1.4980457077e+00 2.7781270093e-01 7.6735343529e+01
1.5009404530e+00 2.7310744542e-01 8.1656727290e+01
1.4803871698e+00 2.8823289278e-01 6.9322405554e+01
1.4664045707e+00 2.7470987908e-01 7.6272045862e+01
1.5041317281e+00 2.7444359992e-01 8.0495923602e+01
1.5215312830e+00 2.8064858462e-01 7.6651174188e+01
1.4802414740e+00 2.8340794524e-01 7.1755028325e+01
1.5004719886e+00 2.7538642003e-01 7.9081013820e+01
1.5181388742e+00 2.7631271430e-01 8.0205125602e+01
1.5422213750e+00 2.7864276754e-01 8.0661982523e+01
1.4628625940e+00 2.7555415655e-01 7.5342663360e+01
1.4842383501e+00 2.7309154360e-01 7.9497823876e+01
1.4961571237e+00 2.8377718310e-01 7.2615385143e+01
1.4884648359e+00 2.7382976276e-01 7.9247806762e+01
1.4516947180e+00 2.9256880926e-01 6.5956288709e+01
1.4853610626e+00 2.7151772592e-01 8.1408290413e+01
1.4944243224e+00 2.8233957217e-01 7.3343513034e+01
1.4664538629e+00 2.7466058684e-01 7.6314201186e+01
1.5076703164e+00 2.7362331510e-01 8.1987731721e+01
1.5399585276e+00 2.8821444714e-01 7.3044038180e+01
1.5125819717e+00 2.7415241649e-01 8.2029088124e+01
1.4953597232e+00 2.8230981125e-01 7.3428990941e+01
1.5035724228e+00 2.8089431127e-01 7.4961336903e+01
1.4760749488e+00 2.7629491089e-01 7.5934528179e+01
1.5306665083e+00 2.8381041683e-01 7.5130898438e+01
1.4883874999e+00 2.8837639469e-01 6.9715870468e+01
1.5257430291e+00 2.8554309394e-01 7.3642520295e+01
1.4861729017e+00 2.7386443418e-01 7.8955857695e+01
1.5038926129e+00 2.7966732836e-01 7.5850071354e+01
1.5183715254e+00 2.8426329154e-01 7.3898447871e+01
1.4890421188e+00 2.7912587446e-01 7.5003739865e+01
1.5155391500e+00 2.8254789666e-01 7.4791640439e+01
1.4828205016e+00 2.7360722020e-01 7.8830648187e+01
1.5204747055e+00 2.8534582832e-01 7.3386256743e+01
1.4945238877e+00 2.7952401070e-01 7.5173267951e+01
1.5213933562e+00 2.7851233903e-01 7.8412889032e+01
1.5043794913e+00 2.7193164111e-01 8.4009696503e+01
1.5093844473e+00 2.7598923319e-01 7.9497823876e+01
1.5162912423e+00 2.9681796694e-01 6.7472276325e+01
1.5252119139e+00 2.7696795374e-01 8.0371326592e+01
1.4891073122e+00 2.7634907416e-01 7.7071731622e+01
1.5505871845e+00 2.8032911748e-01 7.9872472277e+01
1.5028885620e+00 2.8157817206e-01 7.4451835457e+01
1.4994810982e+00 2.7909422985e-01 7.5892303678e+01
1.5319856275e+00 2.7520078734e-01 8.3762562043e+01
1.5461989405e+00 2.7740487037e-01 8.2814091592e+01
1.4880042244e+00 2.8061583823e-01 7.3941070253e+01
1.4942480119e+00 2.7979988646e-01 7.4961336903e+01
1.4420044334e+00 2.8743006362e-01 6.7560923945e+01
1.5224953476e+00 2.7741034761e-01 7.9581117748e+01
1.5122397126e+00 2.7812491822e-01 7.7826969754e+01
1.5139535708e+00 2.8186102710e-01 7.5130898438e+01
1.4559670778e+00 2.6853379501e-01 8.0910923055e+01
1.4873841473e+00 2.7491045136e-01 7.8120086953e+01
1.4968973243e+00 2.7488830216e-01 7.9164421908e+01
1.5091262228e+00 2.7806181142e-01 7.7575469027e+01
1.5093852403e+00 2.8234136460e-01 7.4451835457e+01
1.4866059061e+00 2.8563209768e-01 7.0977054822e+01
1.5051361488e+00 2.7842379249e-01 7.6903595008e+01
1.5053740241e+00 2.7274838785e-01 8.2855368716e+01
1.4868722938e+00 2.7000649470e-01 8.3886143545e+01
1.4932104405e+00 2.7450552193e-01 7.9122720780e+01
1.5118687211e+00 2.7985788376e-01 7.6398489209e+01
1.5427325387e+00 2.8178480000e-01 7.7701249475e+01
1.5050958684e+00 2.7529150825e-01 7.9706016880e+01
1.4855022593e+00 2.8221370317e-01 7.2786965387e+01
1.5002364274e+00 2.7833890062e-01 7.6524865077e+01
1.5147628993e+00 2.8105169866e-01 7.5765583130e+01
1.5112101113e+00 2.7507066923e-01 8.0703484835e+01
1.4342110957e+00 2.6970923665e-01 7.7239755051e+01
1.4954257812e+00 2.7409853564e-01 7.9789255467e+01
1.4923726067e+00 2.7715171021e-01 7.6735343529e+01
1.5292300035e+00 2.7886719003e-01 7.8914127157e+01
1.4880157635e+00 2.8015222973e-01 7.4239173069e+01
1.5176915237e+00 2.8357856005e-01 7.4281723271e+01
1.5134276007e+00 2.8375035155e-01 7.3855816334e+01
1.4779760021e+00 2.7709875145e-01 7.5511927880e+01
1.4552399988e+00 2.6791615567e-01 8.1573932786e+01
1.5123761431e+00 2.7889643203e-01 7.7197759713e+01
1.5117510011e+00 2.7634444020e-01 7.9414507550e+01
1.5400478313e+00 2.8446950745e-01 7.5427311870e+01
1.5115868730e+00 2.7560116120e-01 8.0163562403e+01
1.5391349666e+00 2.7762224869e-01 8.1449707735e+01
1.4926845976e+00 2.7864868986e-01 7.5638791445e+01
1.4826857453e+00 2.7690025370e-01 7.6061155025e+01
1.4974472921e+00 2.8701944197e-01 7.0933728582e+01
1.4914019389e+00 2.8128848080e-01 7.3770525678e+01
1.5480922503e+00 2.8328140616e-01 7.6987677568e+01
1.5316371260e+00 2.8192795031e-01 7.6566975496e+01
1.5019525600e+00 2.7345316339e-01 8.1366868568e+01
1.4683331635e+00 2.7188189826e-01 7.8872390662e+01
1.4850186980e+00 2.7501863784e-01 7.7785069637e+01
1.4833586445e+00 2.7216705984e-01 8.0371326592e+01
1.4612989314e+00 2.6858430981e-01 8.1615332242e+01
1.4815557459e+00 2.7757895493e-01 7.5469623924e+01
1.5513106814e+00 2.8784382446e-01 7.4068882767e+01
1.4924073582e+00 2.7395274302e-01 7.9581117748e+01
1.5172808028e+00 2.8262489242e-01 7.4876505650e+01
1.5213393016e+00 2.7765699275e-01 7.9206117227e+01
1.4792028508e+00 2.7271632858e-01 7.9289490537e+01
1.4788269305e+00 2.7444440598e-01 7.7659329379e+01
1.5177444297e+00 2.8261602339e-01 7.4918925507e+01
1.5133918701e+00 2.7334251809e-01 8.3350409892e+01
1.5392508314e+00 2.8389627275e-01 7.5765583130e+01
1.5187185553e+00 2.8528133927e-01 7.3300759781e+01
1.4796663795e+00 2.7315419928e-01 7.8914127157e+01
1.4851872883e+00 2.8976578829e-01 6.8884021955e+01
1.4936367989e+00 2.7227142555e-01 8.1656727290e+01
1.4985554123e+00 2.8681826829e-01 7.1106965919e+01
1.5206380378e+00 2.9292703849e-01 6.9409929629e+01
1.4925910148e+00 2.7196181086e-01 8.1905006284e+01
1.5211508557e+00 2.7830011999e-01 7.8580066351e+01
1.5165714822e+00 2.7833440449e-01 7.8078232563e+01
1.4816552701e+00 2.7522351837e-01 7.7281743419e+01
1.4855904006e+00 2.8122161579e-01 7.3386256743e+01
1.4818027401e+00 2.7327201343e-01 7.9039301002e+01
1.4930562644e+00 2.8370763020e-01 7.2443643876e+01
1.4621555299e+00 2.8210799737e-01 7.1280024178e+01
1.5221935899e+00 2.7771210532e-01 7.9247806762e+01
1.4890011230e+00 2.7735897820e-01 7.6272045862e+01
1.4772436116e+00 2.7287323253e-01 7.8914127157e+01
1.4880617122e+00 2.7332986565e-01 7.9706016880e+01
1.4498411075e+00 2.7062665968e-01 7.8036371717e+01
1.5006405047e+00 2.7385996350e-01 8.0703484835e+01
1.4610078631e+00 2.9271426966e-01 6.6359272171e+01
1.5071183588e+00 2.8370022504e-01 7.3428990941e+01
1.4746732814e+00 2.9711234499e-01 6.5326892254e+01
1.5247287911e+00 2.7608645820e-01 8.1325442176e+01
1.4729051030e+00 2.7450939803e-01 7.7029708145e+01
1.5024792579e+00 2.8108068340e-01 7.4749195028e+01
1.5115868730e+00 2.7560116120e-01 8.0163562403e+01
1.5288760766e+00 2.7785500636e-01 7.9872472277e+01
1.5086697405e+00 2.7987946195e-01 7.6103348511e+01
1.4737696833e+00 2.7769885427e-01 7.4749195028e+01
1.5277745157e+00 2.7986726941e-01 7.7868863262e+01
1.5052855754e+00 2.8054163598e-01 7.5342663360e+01
1.4687457791e+00 2.7866872197e-01 7.3727866500e+01
1.5277116308e+00 2.8175201740e-01 7.6356348960e+01
1.4969728375e+00 2.7752763071e-01 7.6861542972e+01
1.5380673342e+00 2.8005851337e-01 7.8747145195e+01
1.5063256000e+00 2.9812939698e-01 6.6448654976e+01
1.4638597140e+00 2.7365811348e-01 7.6861542972e+01
1.4595097340e+00 2.7486308318e-01 7.5554223768e+01
1.5089931753e+00 2.8364160406e-01 7.3599833208e+01
1.5192831742e+00 2.7516841432e-01 8.1698117953e+01
1.4386372563e+00 3.1102910063e-01 5.9407120333e+01
1.5044022040e+00 2.7961111454e-01 7.5934528179e+01
1.4787761502e+00 2.7810263827e-01 7.4876505650e+01
1.4925868193e+00 2.8825366560e-01 7.0021208706e+01
1.4764333894e+00 2.7999433243e-01 7.3471715656e+01
1.5051456777e+00 2.8794324645e-01 7.0933728582e+01
1.4819697312e+00 2.7490905730e-01 7.7575469027e+01
1.5207469374e+00 2.7688554285e-01 7.9914072577e+01
1.4737556299e+00 2.7365887115e-01 7.7826969754e+01
1.4993317608e+00 2.7879065123e-01 7.6103348511e+01
1.4685788556e+00 2.7208588086e-01 7.8705384629e+01
1.4610563004e+00 2.7241829123e-01 7.7617402571e+01
1.5106380962e+00 2.7337522225e-01 8.2814091592e+01
1.5184078032e+00 2.7740679475e-01 7.9122720780e+01
1.4853979570e+00 2.7644511198e-01 7.6651174188e+01
1.5138863010e+00 2.7420914032e-01 8.2153132349e+01
1.4894618596e+00 2.8639654902e-01 7.0760310020e+01
1.5232232661e+00 2.8396314874e-01 7.4451835457e+01
1.5163827372e+00 2.8625207973e-01 7.2572465000e+01
1.5249394197e+00 2.7906047490e-01 7.8287440457e+01
1.4905926991e+00 2.7170189960e-01 8.1946371115e+01
1.5198778108e+00 2.8457718622e-01 7.3813175613e+01
1.5076774739e+00 2.7452256630e-01 8.0869445111e+01
1.5334715998e+00 2.8328561546e-01 7.5723327176e+01
1.4932177784e+00 2.7404619179e-01 7.9581117748e+01
1.4633030259e+00 2.7196817178e-01 7.8245611639e+01
1.5223638677e+00 2.7890621610e-01 7.8161934912e+01
1.5062808993e+00 2.7773241920e-01 7.7575469027e+01
1.5127336679e+00 2.7445436633e-01 8.1656727290e+01
1.4987216606e+00 2.7894787381e-01 7.5934528179e+01
1.4676655989e+00 2.6985222856e-01 8.0952396196e+01
1.5117067447e+00 2.8229058407e-01 7.4664278454e+01
1.4757154120e+00 2.7755592453e-01 7.5003739865e+01
1.5060188791e+00 2.8207656225e-01 7.4366797030e+01
1.5148673711e+00 2.7867573615e-01 7.7617402571e+01
1.5075998267e+00 2.8004189184e-01 7.5892303678e+01
1.5250292876e+00 2.8397883747e-01 7.4579327351e+01
1.5182300530e+00 2.7713017014e-01 7.9372840907e+01
1.5263685600e+00 2.7717627046e-01 8.0288236411e+01
1.5176567493e+00 2.8452311826e-01 7.3685198049e+01
1.4921776450e+00 2.8006035885e-01 7.4621807233e+01
1.4675991852e+00 2.7846466643e-01 7.3770525678e+01
1.4970276791e+00 2.8154764890e-01 7.4026287672e+01
1.5079353612e+00 2.7245201537e-01 8.3803759085e+01
1.5205935659e+00 2.7340376286e-01 8.4709319348e+01
1.5016110281e+00 2.8104227407e-01 7.4706741043e+01
1.5104005386e+00 2.7542667275e-01 8.0205125602e+01
1.4733280898e+00 2.7093543751e-01 8.0454396336e+01
1.5093288702e+00 2.8012796975e-01 7.5976744886e+01
1.5007495613e+00 2.7918474550e-01 7.5934528179e+01
1.5348638740e+00 2.8098111060e-01 7.7617402571e+01
1.5086686409e+00 2.9351122676e-01 6.8488366950e+01
1.5163536026e+00 2.7537300226e-01 8.1035328162e+01
1.5012470919e+00 2.7642244248e-01 7.8203776466e+01
1.5081048255e+00 2.7364199116e-01 8.2029088124e+01
1.5170976427e+00 2.8008030950e-01 7.6693262514e+01
1.5106485870e+00 2.7971604385e-01 7.6398489209e+01
1.5182560369e+00 2.7801297408e-01 7.8538281315e+01
1.4545211221e+00 2.8479470661e-01 6.9453672823e+01
1.4856807700e+00 2.8067933122e-01 7.3727866500e+01
1.5158917372e+00 2.8310455713e-01 7.4451835457e+01
1.4653907666e+00 2.7347550367e-01 7.7155757380e+01
1.5105713839e+00 2.8842491049e-01 7.1020369769e+01
1.5041323969e+00 2.7852090526e-01 7.6735343529e+01
1.5237647067e+00 2.8069029026e-01 7.6819483732e+01
1.4922388408e+00 2.7818988441e-01 7.5934528179e+01
1.4771260529e+00 2.7299079119e-01 7.8788899706e+01
1.4963919842e+00 2.7856109240e-01 7.6018953826e+01
1.5194705592e+00 2.8452933531e-01 7.3813175613e+01
1.4583362747e+00 2.7513831696e-01 7.5257982128e+01
1.5105987260e+00 2.7976590480e-01 7.6356348960e+01
1.5065370590e+00 2.7475657252e-01 8.0454396336e+01
1.5343642455e+00 2.8102468109e-01 7.7533528720e+01
1.4938513307e+00 2.7341263948e-01 8.0329784068e+01
1.4758943070e+00 2.8143558675e-01 7.2572465000e+01
1.5214653407e+00 2.8435519307e-01 7.4068882767e+01
1.4895388863e+00 2.7682121485e-01 7.6735343529e+01
1.5018433505e+00 2.7537334474e-01 7.9247806762e+01
1.5134015253e+00 2.8423095501e-01 7.3557136760e+01
1.4865879079e+00 2.7074198580e-01 8.2648945375e+01
1.5069469510e+00 2.7253432448e-01 8.3474090850e+01
1.4874642542e+00 2.7392732358e-01 7.9039301002e+01
1.4948030119e+00 2.7743499195e-01 7.6735343529e+01
1.5378149246e+00 2.7757400200e-01 8.1325442176e+01
1.5090056210e+00 2.7546111306e-01 7.9997257084e+01
1.5136705186e+00 2.8350743363e-01 7.4026287672e+01
1.5231198036e+00 2.8179033409e-01 7.5934528179e+01
1.4912223732e+00 2.7830194370e-01 7.5765583130e+01
1.5110908191e+00 2.8790547523e-01 7.1323261011e+01
1.5146002273e+00 2.8848957727e-01 7.1236776285e+01
1.4980835353e+00 2.7460688443e-01 7.9581117748e+01
1.5175208170e+00 2.7647651169e-01 7.9955667504e+01
1.4903947375e+00 2.7189986116e-01 8.1656727290e+01
1.5030545197e+00 2.8095879879e-01 7.4876505650e+01
1.5313040118e+00 2.7998211120e-01 7.8120086953e+01
1.5042002672e+00 2.8071992092e-01 7.5130898438e+01
1.4738416300e+00 2.7357287109e-01 7.7910750187e+01
1.5070252361e+00 2.7290907072e-01 8.2896642113e+01
1.4947421379e+00 2.8383319017e-01 7.2486594398e+01
1.4632361552e+00 2.6934036608e-01 8.0952396196e+01
1.5227914188e+00 2.7756903437e-01 7.9456168532e+01
1.4557123645e+00 2.7506848155e-01 7.5088520605e+01
1.4269718231e+00 2.6713479529e-01 7.8788899706e+01
1.4917797078e+00 2.7412851666e-01 7.9331168577e+01
1.5176827610e+00 2.7813183694e-01 7.8371079129e+01
1.5077829090e+00 2.7260446760e-01 8.3515311021e+01
1.5418971148e+00 2.8627585992e-01 7.4366797030e+01
1.4969971960e+00 2.7207497449e-01 8.2442426045e+01
1.4919196133e+00 2.7715255721e-01 7.6693262514e+01
1.4863933713e+00 2.7906301502e-01 7.4834077304e+01
1.5150009262e+00 2.7854218105e-01 7.7743162886e+01
1.5028158447e+00 2.8800273913e-01 7.0760310020e+01
1.4794753333e+00 2.7920810785e-01 7.4196613947e+01
1.4962124574e+00 2.7240760520e-01 8.1863637206e+01
1.5228991375e+00 2.7882581902e-01 7.8287440457e+01
1.5145325259e+00 2.7537819030e-01 8.0786474719e+01
1.4598605461e+00 2.7900572423e-01 7.2872695748e+01
1.5058456590e+00 2.8179605954e-01 7.4536838781e+01
1.5333576958e+00 2.7929568453e-01 7.8955857695e+01
1.4777302951e+00 2.7689354625e-01 7.5638791445e+01
1.5295944055e+00 2.8169171753e-01 7.6566975496e+01
1.5258618397e+00 2.7631802794e-01 8.1201135484e+01
1.4813212606e+00 2.7330258070e-01 7.8955857695e+01
1.4889786631e+00 2.7602592361e-01 7.7323724844e+01
1.5086520258e+00 2.8625386087e-01 7.2056626897e+01
1.5014401277e+00 2.7668228432e-01 7.7994504389e+01
1.4985914122e+00 2.8632877590e-01 7.1366486818e+01
1.5168541985e+00 2.7941481252e-01 7.7197759713e+01
1.5026681372e+00 2.7771923946e-01 7.7239755051e+01
1.4906100942e+00 2.8072319328e-01 7.4068882767e+01
1.5094252284e+00 2.8139335541e-01 7.5088520605e+01
1.5088881633e+00 2.7875355532e-01 7.6987677568e+01
1.4838091818e+00 2.8571513503e-01 7.0760310020e+01
1.4898294635e+00 2.7879059911e-01 7.5300326848e+01
1.4983061174e+00 2.7800501502e-01 7.6609078524e+01
1.5042002672e+00 2.8071992092e-01 7.5130898438e+01
1.5135036668e+00 2.7913111255e-01 7.7113748025e+01
1.5040311265e+00 2.7454420148e-01 8.0371326592e+01
1.5414042219e+00 2.8951208004e-01 7.2400683165e+01
1.5029968509e+00 2.7648442458e-01 7.8329262945e+01
1.5050021122e+00 2.7221458310e-01 8.3638951400e+01
1.4970093381e+00 2.7975455651e-01 7.5215629171e+01
1.4992346746e+00 2.8069963223e-01 7.4749195028e+01
1.4886433105e+00 2.9627687763e-01 6.6314557885e+01
1.4835240871e+00 2.7200161721e-01 8.0578963045e+01
1.5053049161e+00 2.8369808592e-01 7.3300759781e+01
1.5231341968e+00 2.8268633701e-01 7.5300326848e+01
1.4881328320e+00 2.8003516127e-01 7.4324264582e+01
1.4839792796e+00 2.7786378937e-01 7.5469623924e+01
1.5027432575e+00 2.8353752310e-01 7.3215224529e+01
1.4745384774e+00 2.7107523513e-01 8.0454396336e+01
1.4840821837e+00 2.8182604077e-01 7.2915546096e+01
1.4986432334e+00 2.7359477041e-01 8.0744982225e+01
1.5134166754e+00 2.7830992946e-01 7.7785069637e+01
1.5020070916e+00 2.7973972508e-01 7.5638791445e+01
1.4768009344e+00 2.7286542255e-01 7.8872390662e+01
1.4889010564e+00 2.7745904477e-01 7.6187712450e+01
1.4966149104e+00 2.7743298803e-01 7.6903595008e+01
1.5000493070e+00 2.7671458757e-01 7.7826969754e+01
1.4872176651e+00 2.7101455496e-01 8.2359790805e+01
1.4814484925e+00 2.7137208626e-01 8.1035328162e+01
1.4779618272e+00 2.7395735217e-01 7.7994504389e+01
1.4934752534e+00 2.7424070908e-01 7.9414507550e+01
1.4760327744e+00 2.7003107722e-01 8.1946371115e+01
1.4918942794e+00 2.7672578320e-01 7.7029708145e+01
1.4818380526e+00 2.7955352524e-01 7.4154045875e+01
1.5758793436e+00 2.8898382807e-01 7.5173267951e+01
1.5265066194e+00 2.8295702878e-01 7.5384991691e+01
1.5071428293e+00 2.7687048919e-01 7.8412889032e+01
1.4740542290e+00 2.7245980047e-01 7.8955857695e+01
1.4945885442e+00 2.7719708221e-01 7.6903595008e+01
1.5138063936e+00 2.7792021126e-01 7.8161934912e+01
1.5054736804e+00 2.9352261393e-01 6.8312175320e+01
1.4808025018e+00 2.7382133949e-01 7.8412889032e+01
1.5148013069e+00 2.8737856074e-01 7.1841252357e+01
1.4630211302e+00 2.7000440691e-01 8.0163562403e+01
1.5340872183e+00 2.8723344030e-01 7.3215224529e+01
1.5021999925e+00 2.8000004771e-01 7.5469623924e+01
1.4763216566e+00 2.9275051392e-01 6.7117113352e+01
1.4928045926e+00 3.0664638303e-01 6.2822129708e+01
1.4937908190e+00 2.7528135145e-01 7.8454692681e+01
1.5212846971e+00 2.7452990078e-01 8.2896642113e+01
1.4806640230e+00 2.7531267079e-01 7.7113748025e+01
1.5040097432e+00 2.7592456363e-01 7.8955857695e+01
1.5068295539e+00 2.7401093093e-01 8.1366868568e+01
1.5031351323e+00 2.7906490792e-01 7.6229882959e+01
1.5451944424e+00 2.8069347396e-01 7.8914127157e+01
1.5160861008e+00 2.7927412236e-01 7.7239755051e+01
1.4754709225e+00 2.7599761502e-01 7.6103348511e+01
1.5007876936e+00 2.8594669459e-01 7.1711900276e+01
1.4990360886e+00 2.7999219392e-01 7.5215629171e+01
1.4819933942e+00 2.7308135937e-01 7.9247806762e+01
1.5353659003e+00 2.8230369830e-01 7.6609078524e+01
1.5379958608e+00 2.7739306584e-01 8.1573932786e+01
1.5098890289e+00 2.7866017357e-01 7.7155757380e+01
1.5024376621e+00 2.7523187232e-01 7.9456168532e+01
1.4937344524e+00 2.8574682301e-01 7.1366486818e+01
1.4946305410e+00 2.7579818415e-01 7.8078232563e+01
1.5055203091e+00 2.7486706756e-01 8.0205125602e+01
1.5349938326e+00 2.9409343217e-01 6.9672201814e+01
1.5102000002e+00 2.9471013743e-01 6.8047482582e+01
1.5063316054e+00 2.8902861774e-01 7.0456384946e+01
1.4560750005e+00 2.8638882162e-01 6.8796190524e+01
1.4671610007e+00 2.7260442520e-01 7.8078232563e+01
1.5120929492e+00 2.7781776702e-01 7.8078232563e+01
1.5229213634e+00 2.8016844118e-01 7.7155757380e+01
1.5059260323e+00 2.8897985435e-01 7.0456384946e+01
1.5179427884e+00 2.8651220861e-01 7.2529534762e+01
1.5141825215e+00 2.7754408341e-01 7.8538281315e+01
1.4739247410e+00 2.9107984577e-01 6.7693789341e+01
1.4920878504e+00 2.7472416598e-01 7.8788899706e+01
1.4804804008e+00 2.7775181932e-01 7.5257982128e+01
1.5073346024e+00 2.8393797279e-01 7.3300759781e+01
1.4910497367e+00 2.8797854583e-01 7.0064779975e+01
1.4890234605e+00 2.7281960852e-01 8.0371326592e+01
1.4970798295e+00 2.7244448733e-01 8.1946371115e+01
1.5377007051e+00 2.8773031399e-01 7.3172442467e+01
1.5119771379e+00 2.7430364265e-01 8.1739504252e+01
1.4959702810e+00 2.8804303751e-01 7.0325956512e+01
1.5120627460e+00 2.7421803458e-01 8.1863637206e+01
1.5335035090e+00 2.7732693798e-01 8.1035328162e+01
1.5219465826e+00 2.7659506878e-01 8.0371326592e+01
1.4601240647e+00 2.7424875247e-01 7.6061155025e+01
1.5381327487e+00 2.8181847619e-01 7.7239755051e+01
1.5525419452e+00 2.8157663769e-01 7.8872390662e+01
1.5176640887e+00 2.7860492230e-01 7.7952630554e+01
1.5132276655e+00 2.7668305067e-01 7.9247806762e+01
1.5000920546e+00 2.7893622786e-01 7.6061155025e+01
1.4754182408e+00 2.7244655412e-01 7.9122720780e+01
1.4784321716e+00 2.7934886603e-01 7.4026287672e+01
1.4994307933e+00 2.7280721048e-01 8.1822263856e+01
1.4805733187e+00 2.7450143487e-01 7.7785069637e+01
1.5262529613e+00 2.8412184789e-01 7.4579327351e+01
1.5289998448e+00 2.8000828027e-01 7.7868863262e+01
1.5119201978e+00 2.7799051842e-01 7.7910750187e+01
1.5358643961e+00 2.7861252899e-01 7.9914072577e+01
1.4759230097e+00 2.8501711553e-01 7.0630125868e+01
1.4912623548e+00 2.7193541898e-01 8.1739504252e+01
1.5007998246e+00 2.8094699201e-01 7.4706741043e+01
1.5182442241e+00 2.8211622903e-01 7.5300326848e+01
1.4796772316e+00 2.7224194774e-01 7.9830866582e+01
1.4728118969e+00 2.7280181561e-01 7.8496490101e+01
1.4947156265e+00 2.7480869038e-01 7.8997582302e+01
1.4665035381e+00 2.6921690805e-01 8.1573932786e+01
1.4937970979e+00 2.8070337034e-01 7.4324264582e+01
1.5555304559e+00 2.9004005965e-01 7.3044038180e+01
1.5052754952e+00 2.7511188142e-01 7.9914072577e+01
1.5249094423e+00 2.8364319784e-01 7.4791640439e+01
1.4779703855e+00 2.7169597147e-01 8.0205125602e+01
1.4906318688e+00 2.7482451749e-01 7.8538281315e+01
1.5310874388e+00 2.8521364203e-01 7.4239173069e+01
1.4503127800e+00 2.7687857820e-01 7.3471715656e+01
1.5025507955e+00 2.8372998506e-01 7.3086849324e+01
1.5135644814e+00 2.8861538617e-01 7.1106965919e+01
1.5181158699e+00 2.7724435321e-01 7.9247806762e+01
1.4936669999e+00 2.7540517056e-01 7.8329262945e+01
1.5227296425e+00 2.8491214256e-01 7.3813175613e+01
1.5048099940e+00 2.7467128139e-01 8.0329784068e+01
1.4704755658e+00 2.6973949599e-01 8.1491120555e+01
1.5127540281e+00 2.7761060270e-01 7.8329262945e+01
1.5505250206e+00 2.8267843455e-01 7.7701249475e+01
1.4989477064e+00 2.7238558110e-01 8.2318467199e+01
1.4815213132e+00 2.7490640864e-01 7.7533528720e+01
1.4661388091e+00 2.7048025015e-01 8.0038841340e+01
1.4805187543e+00 2.8448583239e-01 7.1193517300e+01
1.4926381500e+00 2.8457854525e-01 7.1927433851e+01
1.4793041141e+00 2.8118459722e-01 7.2958386597e+01
1.5035776094e+00 2.7363908590e-01 8.1366868568e+01
1.4762367635e+00 2.7928894084e-01 7.3898447871e+01
1.4952587547e+00 2.7245720774e-01 8.1656727290e+01
1.5028710512e+00 2.7661022423e-01 7.8203776466e+01
1.4913191018e+00 2.7504099937e-01 7.8412889032e+01
1.4771111213e+00 2.7210478719e-01 7.9664389360e+01
1.4970748432e+00 2.7561557654e-01 7.8496490101e+01
1.4989879982e+00 2.8502532029e-01 7.2099670255e+01
1.5282760535e+00 2.8528902280e-01 7.3983683510e+01
1.4963130309e+00 2.7456795614e-01 7.9414507550e+01
1.4778839409e+00 2.7493663791e-01 7.7155757380e+01
1.5155335502e+00 2.8073546084e-01 7.6061155025e+01
1.4896086480e+00 2.8262935586e-01 7.2829835522e+01
1.4948550868e+00 2.8507922003e-01 7.1798145674e+01
1.5266078502e+00 2.8878107642e-01 7.1841252357e+01
1.5119302579e+00 2.8433875317e-01 7.3386256743e+01
1.4957189788e+00 2.7470974641e-01 7.9206117227e+01
1.5207538345e+00 2.8461148206e-01 7.3855816334e+01
1.4748112395e+00 2.7846009702e-01 7.4324264582e+01
1.5249886515e+00 2.8083188226e-01 7.6819483732e+01
1.4939947051e+00 2.7100988164e-01 8.3556527821e+01
1.5487614545e+00 2.8169753104e-01 7.8371079129e+01
1.5131082424e+00 2.8497880422e-01 7.3086849324e+01
1.5180740585e+00 2.8046759289e-01 7.6482747241e+01
1.4951056136e+00 2.8165828098e-01 7.3813175613e+01
1.5221989803e+00 2.7998088731e-01 7.7239755051e+01
1.4906048685e+00 2.7937163328e-01 7.4961336903e+01
1.4664776241e+00 2.8589223560e-01 6.9628520827e+01
1.4923322750e+00 2.7854871204e-01 7.5681063290e+01
1.5157033343e+00 2.7420738188e-01 8.2442426045e+01
1.5241451557e+00 2.8030984127e-01 7.7155757380e+01
1.4851519965e+00 2.7353144460e-01 7.9164421908e+01
1.5233358416e+00 2.7975396296e-01 7.7533528720e+01
1.4918542583e+00 2.7586170417e-01 7.7743162886e+01
1.4730715917e+00 2.8200316185e-01 7.2056626897e+01
1.4269718231e+00 2.6713479529e-01 7.8788899706e+01
1.5259433412e+00 2.7805655333e-01 7.9331168577e+01
1.4879074887e+00 2.7393558030e-01 7.9081013820e+01
1.5133458086e+00 2.8019729869e-01 7.6272045862e+01
1.5145261324e+00 2.8856367214e-01 7.1193517300e+01
1.5100871495e+00 2.8391017920e-01 7.3514430919e+01
1.5092947209e+00 2.7880072043e-01 7.6987677568e+01
1.4883641917e+00 2.6986802836e-01 8.4462489380e+01
1.4606032261e+00 2.7601583314e-01 7.4834077304e+01
1.5340998404e+00 2.7718628259e-01 8.1284011213e+01
1.5148645594e+00 2.7913276937e-01 7.7239755051e+01
1.4964351871e+00 2.7897053628e-01 7.5723327176e+01
1.4794051074e+00 2.7431702545e-01 7.7826969754e+01
1.4851151790e+00 2.8034120734e-01 7.3898447871e+01
1.4947293949e+00 2.7343859836e-01 8.0412864007e+01
1.5059604531e+00 2.8032032752e-01 7.5554223768e+01
1.5156875656e+00 2.7740135859e-01 7.8830648187e+01
1.5041832441e+00 2.8300479009e-01 7.3642520295e+01
1.4637878569e+00 2.6968673482e-01 8.0620475268e+01
1.4623814023e+00 2.7154228277e-01 7.8538281315e+01
1.4723141026e+00 2.7329960993e-01 7.7994504389e+01
1.4823375040e+00 2.8176359916e-01 7.2829835522e+01
1.5056028324e+00 2.7795710894e-01 7.7323724844e+01
1.4935431127e+00 2.7010630647e-01 8.5202688681e+01
1.4671723796e+00 2.7394207021e-01 7.6945639864e+01
1.5260165935e+00 2.7752823696e-01 7.9872472277e+01
1.4738843804e+00 2.7353012064e-01 7.7952630554e+01
1.5025490223e+00 2.7647926019e-01 7.8287440457e+01
1.5152061849e+00 2.8515426822e-01 7.3129650743e+01
1.5269453976e+00 2.8160724255e-01 7.6398489209e+01
1.5002728110e+00 2.7106047650e-01 8.4791573899e+01
1.4961574872e+00 2.8151204725e-01 7.3983683510e+01
1.5027912278e+00 2.7578410026e-01 7.8955857695e+01
1.4819324980e+00 2.6953603956e-01 8.3721361762e+01
1.4919296976e+00 2.7940358993e-01 7.5046134423e+01
1.5328281185e+00 2.8575401613e-01 7.4026287672e+01
1.5429409833e+00 2.7883622940e-01 8.0537445831e+01
1.4868105567e+00 2.8633231743e-01 7.0630125868e+01
1.4808557025e+00 2.7151415719e-01 8.0786474719e+01
1.4815776095e+00 2.8116855749e-01 7.3129650743e+01
1.5468720847e+00 2.7947276717e-01 8.0329784068e+01
1.4904891869e+00 2.7406363882e-01 7.9247806762e+01
1.5046640319e+00 2.7617645297e-01 7.8788899706e+01
1.4773491338e+00 2.8313957751e-01 7.1711900276e+01
1.5035902366e+00 2.7951636587e-01 7.5934528179e+01
1.5026173769e+00 2.7550503511e-01 7.9206117227e+01
1.4896599639e+00 2.7760400629e-01 7.6145534310e+01
1.4780813621e+00 2.7699339138e-01 7.5596511614e+01
1.4836618768e+00 2.7231481701e-01 8.0246683597e+01
1.4983031929e+00 2.8344362379e-01 7.2958386597e+01
1.5026866612e+00 2.8041994126e-01 7.5215629171e+01
1.5116272188e+00 2.7419999261e-01 8.1822263856e+01
1.4722697695e+00 2.7739658743e-01 7.4834077304e+01
1.4905663058e+00 2.7263146797e-01 8.0786474719e+01
1.5011670788e+00 2.7559681576e-01 7.8955857695e+01
1.4814035883e+00 2.7412211601e-01 7.8203776466e+01
1.4967654304e+00 2.7682993663e-01 7.7407666966e+01
1.4610450283e+00 2.7332778883e-01 7.6861542972e+01
1.4591136915e+00 2.6852621676e-01 8.1366868568e+01
1.4814808432e+00 2.7991073468e-01 7.3898447871e+01
1.5052398881e+00 2.7514748852e-01 7.9872472277e+01
1.4955329319e+00 2.8304239616e-01 7.3001217281e+01
1.4965871745e+00 2.7565082931e-01 7.8412889032e+01
1.5063093848e+00 2.7362492203e-01 8.1780886213e+01
1.4768549740e+00 2.8679444520e-01 6.9803170919e+01
1.5112756692e+00 2.8817530645e-01 7.1193517300e+01
1.5177183871e+00 2.7900507536e-01 7.7617402571e+01
1.4456303049e+00 2.7618148100e-01 7.3557136760e+01
1.5036816371e+00 2.7579963831e-01 7.9039301002e+01
1.4765722918e+00 2.7669904469e-01 7.5681063290e+01
1.5500702021e+00 2.8450600181e-01 7.6229882959e+01
1.5240757649e+00 2.8083437277e-01 7.6735343529e+01
1.5131548018e+00 2.8220542134e-01 7.4834077304e+01
1.4736923432e+00 2.7327190271e-01 7.8161934912e+01
1.4908330237e+00 2.7462336265e-01 7.8747145195e+01
1.4699187645e+00 2.7479478584e-01 7.6524865077e+01
1.5104785735e+00 2.7716314505e-01 7.8496490101e+01
1.4759200580e+00 2.8863276768e-01 6.8884021955e+01
1.5060182443e+00 2.8162347422e-01 7.4664278454e+01
1.4819678741e+00 2.7536201964e-01 7.7197759713e+01
1.5077118028e+00 2.9492301414e-01 6.7826528454e+01
1.4863401171e+00 2.7008760469e-01 8.3638951400e+01
1.5050517739e+00 2.7714826627e-01 7.7952630554e+01
1.4910176351e+00 2.7127696360e-01 8.2607649278e+01
1.4902675100e+00 2.7473707677e-01 7.8580066351e+01
1.4881801149e+00 2.7276001035e-01 8.0329784068e+01
1.5211219708e+00 2.7741968055e-01 7.9414507550e+01
1.4984728616e+00 2.9961418505e-01 6.5507040121e+01
1.4880641810e+00 2.8372144538e-01 7.2099670255e+01
1.5225612687e+00 2.8280404788e-01 7.5173267951e+01
1.5159313302e+00 2.8124662200e-01 7.5723327176e+01
1.4819520728e+00 2.7582896483e-01 7.6819483732e+01
1.4655913697e+00 2.6788322197e-01 8.3350409892e+01
1.5587415853e+00 2.8591190148e-01 7.5934528179e+01
1.4961314620e+00 2.7701141209e-01 7.7197759713e+01
1.5265495307e+00 2.7972625855e-01 7.7868863262e+01
1.4986752293e+00 2.7265805816e-01 8.1905006284e+01
1.4997035941e+00 2.9202301081e-01 6.8664345286e+01
1.5086662321e+00 2.7761454844e-01 7.7910750187e+01
1.5102413170e+00 2.8421027152e-01 7.3343513034e+01
1.4660463087e+00 2.7551789315e-01 7.5638791445e+01
1.4489883173e+00 2.7685762345e-01 7.3386256743e+01
1.5277584862e+00 2.7578634417e-01 8.2153132349e+01
1.5216510189e+00 2.8007393768e-01 7.7113748025e+01
1.5415895777e+00 2.8064422737e-01 7.8580066351e+01
1.5078165942e+00 2.7801061720e-01 7.7491581624e+01
1.4915386219e+00 3.0109615749e-01 6.4648992941e+01
1.4843160839e+00 2.7436735725e-01 7.8287440457e+01
1.5070218777e+00 2.7427175389e-01 8.1076787034e+01
1.4906837562e+00 2.9242284631e-01 6.8003319346e+01
1.4926893178e+00 2.7547867546e-01 7.8161934912e+01
1.4997923181e+00 2.8014198872e-01 7.5173267951e+01
1.4741349762e+00 2.7102863592e-01 8.0454396336e+01
1.5236309368e+00 2.8401084827e-01 7.4451835457e+01
1.5376470656e+00 2.8413014716e-01 7.5469623924e+01
1.4852652375e+00 2.7296698253e-01 7.9747638907e+01
1.4862064554e+00 2.8060556105e-01 7.3813175613e+01
1.4831867540e+00 2.7730195727e-01 7.5807831180e+01
1.4979772576e+00 2.8784995380e-01 7.0543278672e+01
1.4838949379e+00 2.8291707848e-01 7.2271739586e+01
1.5028792075e+00 2.9839087628e-01 6.6180322978e+01
1.5152252780e+00 2.7922631052e-01 7.7197759713e+01
1.5225768066e+00 2.8324372720e-01 7.4876505650e+01
1.4958992121e+00 2.7543407537e-01 7.8538281315e+01
1.4629324649e+00 2.7503480471e-01 7.5723327176e+01
1.5248550071e+00 2.8187607584e-01 7.6018953826e+01
1.4961101331e+00 2.9652464626e-01 6.6582615408e+01
1.5066656783e+00 2.7870800222e-01 7.6819483732e+01
1.4901064411e+00 2.7715752903e-01 7.6524865077e+01
1.5879391498e+00 2.8659539955e-01 7.7994504389e+01
1.4932796998e+00 2.7262852466e-01 8.1159690671e+01
1.4517905223e+00 2.6957321850e-01 7.9247806762e+01
1.4996642960e+00 2.7393107097e-01 8.0495923602e+01
1.5091521336e+00 2.7894330775e-01 7.6861542972e+01
1.5222910314e+00 2.8352950235e-01 7.4664278454e+01
1.4820654751e+00 2.7752052390e-01 7.5554223768e+01
1.4811171932e+00 2.8659876923e-01 7.0151886504e+01
1.5088387499e+00 2.7744203067e-01 7.8078232563e+01
1.4883795206e+00 2.7256060465e-01 8.0578963045e+01
1.4702069552e+00 2.7000810654e-01 8.1118241196e+01
1.5152674522e+00 2.7645915266e-01 7.9706016880e+01
1.4886560606e+00 2.7634852615e-01 7.7029708145e+01
1.4617353803e+00 2.7173921137e-01 7.8287440457e+01
1.5169400578e+00 2.8160159359e-01 7.5554223768e+01
1.5335398154e+00 2.8458603219e-01 7.4834077304e+01
1.4884269227e+00 2.7386767603e-01 7.9206117227e+01
1.4867454744e+00 2.7419465086e-01 7.8705384629e+01
1.5121465789e+00 2.8366801901e-01 7.3813175613e+01
1.4976713614e+00 2.8679537269e-01 7.1063673457e+01
1.4802139121e+00 2.7531179222e-01 7.7071731622e+01
1.4971920742e+00 2.8682124428e-01 7.1020369769e+01
1.4849566665e+00 2.8501983522e-01 7.1193517300e+01
1.5126874168e+00 2.7495430175e-01 8.1035328162e+01
1.5246173020e+00 2.7574315116e-01 8.1739504252e+01
1.5045144472e+00 2.8403475533e-01 7.3044038180e+01
1.4961325184e+00 2.7791538000e-01 7.6482747241e+01
1.5263833114e+00 2.8216932879e-01 7.5934528179e+01
1.5161211434e+00 2.7833044518e-01 7.8036371717e+01
1.5049398267e+00 2.7499448006e-01 7.9997257084e+01
1.4767647533e+00 2.7425318109e-01 7.7617402571e+01
1.4640623811e+00 2.8605446301e-01 6.9409929629e+01
1.4984073645e+00 2.7428305521e-01 7.9955667504e+01
1.5110629264e+00 2.7385726169e-01 8.2194472172e+01
1.5322008494e+00 2.8501253847e-01 7.4451835457e+01
1.4900895865e+00 2.7536679983e-01 7.7994504389e+01
1.5020687268e+00 2.7514796847e-01 7.9497823876e+01
1.5492684893e+00 2.9355139587e-01 7.0760310020e+01
1.4851274961e+00 2.7400720464e-01 7.8705384629e+01
1.4739460195e+00 2.8112873400e-01 7.2615385143e+01
1.4830357051e+00 2.7655029392e-01 7.6356348960e+01
1.4760205566e+00 2.7860328468e-01 7.4324264582e+01
1.5006895280e+00 2.8287041325e-01 7.3471715656e+01
1.4904131346e+00 2.7413969109e-01 7.9164421908e+01
1.5154963223e+00 2.7850100640e-01 7.7826969754e+01
1.4815727313e+00 2.6989580621e-01 8.3061698879e+01
1.4984921525e+00 2.7193657268e-01 8.2896642113e+01
1.5314550518e+00 2.8758340808e-01 7.2829835522e+01
1.5068905084e+00 2.7939027218e-01 7.6314201186e+01
1.5277641124e+00 2.7714602529e-01 8.0495923602e+01
1.5160316660e+00 2.7614900698e-01 8.0121993975e+01
1.5398865880e+00 2.7960823534e-01 7.9372840907e+01
1.4865141912e+00 2.7668358261e-01 7.6566975496e+01
1.4869673990e+00 2.7803718778e-01 7.5596511614e+01
1.5342354656e+00 2.8571575931e-01 7.4154045875e+01
1.5319286947e+00 2.7616849881e-01 8.2277139574e+01
1.4839483787e+00 2.7699174655e-01 7.6103348511e+01
1.5110450905e+00 2.7523569011e-01 8.0495923602e+01
1.5037410177e+00 2.7891228441e-01 7.6398489209e+01
1.4804454879e+00 2.8455909884e-01 7.1150247189e+01
1.5008668931e+00 2.7725551884e-01 7.7449627715e+01
1.4843436683e+00 2.8698961922e-01 7.0151886504e+01
1.5041805279e+00 2.7847277424e-01 7.6777417260e+01
1.4760793974e+00 2.7313651106e-01 7.8538281315e+01
1.5162963714e+00 2.8088158081e-01 7.6018953826e+01
1.5144015897e+00 2.8414006170e-01 7.3685198049e+01
1.4898659110e+00 2.8644522144e-01 7.0760310020e+01
1.5236386983e+00 2.7717655100e-01 7.9955667504e+01
1.5016846478e+00 2.7191071918e-01 8.3515311021e+01
1.5057220914e+00 2.7647794881e-01 7.8621845231e+01
1.4830537038e+00 2.7924089492e-01 7.4451835457e+01
1.4715359083e+00 2.6912882808e-01 8.2483737725e+01
1.4808664303e+00 2.7691460727e-01 7.5892303678e+01
1.4727282460e+00 2.7738859815e-01 7.4876505650e+01
1.5258877859e+00 2.7674703102e-01 8.0703484835e+01
1.5315887868e+00 2.8106459357e-01 7.7239755051e+01
1.4715988182e+00 2.7941911626e-01 7.3471715656e+01
1.4968783756e+00 2.7083758688e-01 8.4462489380e+01
1.5365864368e+00 2.7743454477e-01 8.1325442176e+01
1.4591694030e+00 2.7430518870e-01 7.5934528179e+01
1.5058576154e+00 2.7498286951e-01 8.0121993975e+01
1.4770895085e+00 2.7753433284e-01 7.5130898438e+01
1.4790292539e+00 2.8100808195e-01 7.3044038180e+01
1.5046165495e+00 2.7531775728e-01 7.9622756324e+01
1.4855098184e+00 2.7497889286e-01 7.7868863262e+01
1.4586012903e+00 2.7128195091e-01 7.8371079129e+01
1.4738501421e+00 2.9025096111e-01 6.8047482582e+01
1.4887342490e+00 2.8395617072e-01 7.2013573065e+01
1.4587677227e+00 2.7425781436e-01 7.5934528179e+01
1.5153597343e+00 2.7727504507e-01 7.8914127157e+01
1.4984486650e+00 2.7605180329e-01 7.8245611639e+01
1.5229033811e+00 2.7745707200e-01 7.9581117748e+01
1.5376950763e+00 2.8043077129e-01 7.8371079129e+01
1.4906643121e+00 2.7524391240e-01 7.8161934912e+01
1.5279500904e+00 2.7787044338e-01 7.9747638907e+01
1.4830486926e+00 2.7879437639e-01 7.4749195028e+01
1.4995228045e+00 2.7814672986e-01 7.6609078524e+01
1.5018005630e+00 2.7360516041e-01 8.1159690671e+01
1.5401844722e+00 2.8159274055e-01 7.7617402571e+01
1.4715443024e+00 2.8307953895e-01 7.1366486818e+01
1.4958515121e+00 2.7729136202e-01 7.6945639864e+01
1.4977531625e+00 2.7719991408e-01 7.7197759713e+01
1.4723312339e+00 2.7643426472e-01 7.5511927880e+01
1.5285758761e+00 2.7587912087e-01 8.2153132349e+01
1.4926274709e+00 2.7418454546e-01 7.9372840907e+01
1.5172054953e+00 2.8133615607e-01 7.5765583130e+01
1.4852072061e+00 2.7753896085e-01 7.5807831180e+01
1.5005919256e+00 2.7300344142e-01 8.1739504252e+01
1.4904622673e+00 2.7725369518e-01 7.6482747241e+01
1.5077158693e+00 2.7856491132e-01 7.7029708145e+01
1.5366497538e+00 2.7782717125e-01 8.0869445111e+01
1.4797718116e+00 2.8116831365e-01 7.3001217281e+01
1.4996712852e+00 2.7573443820e-01 7.8663617982e+01
1.5121817966e+00 2.8408721440e-01 7.3557136760e+01
1.4724823609e+00 2.7133118204e-01 7.9914072577e+01
1.4614204530e+00 2.7385074466e-01 7.6482747241e+01
1.5018308701e+00 2.8490351806e-01 7.2357712234e+01
1.5012165760e+00 3.1143680437e-01 6.1665111719e+01
1.4950884279e+00 2.7534029724e-01 7.8538281315e+01
1.4962228570e+00 2.7556276940e-01 7.8454692681e+01
1.4939665195e+00 2.7284549687e-01 8.0993864557e+01
1.4698195723e+00 2.7399397066e-01 7.7155757380e+01
1.5096468328e+00 2.7436648569e-01 8.1325442176e+01
1.4759152513e+00 2.7285024729e-01 7.8788899706e+01
1.4695451900e+00 2.6887156056e-01 8.2525045476e+01
1.5387406781e+00 2.8531987766e-01 7.4749195028e+01
1.5289246621e+00 2.8281717514e-01 7.5681063290e+01
1.4996230449e+00 2.8212377170e-01 7.3855816334e+01
1.5220117099e+00 2.8016815767e-01 7.7071731622e+01
1.5182011898e+00 2.7852227267e-01 7.8078232563e+01
1.4869208518e+00 2.8260346505e-01 7.2658295222e+01
1.4848000364e+00 2.8427213410e-01 7.1582451612e+01
1.4843524917e+00 2.7703908615e-01 7.6103348511e+01
1.5582492860e+00 2.8136325917e-01 7.9706016880e+01
1.5040139337e+00 2.7365560073e-01 8.1408290413e+01
1.5282400900e+00 2.7849099291e-01 7.9164421908e+01
1.4938475675e+00 2.8110550904e-01 7.4068882767e+01
1.4898447679e+00 2.8103621920e-01 7.3813175613e+01
1.5077844754e+00 2.7622884311e-01 7.9081013820e+01
1.5034678369e+00 2.7556044559e-01 7.9247806762e+01
1.4742215471e+00 2.7904978937e-01 7.3898447871e+01
1.4839471471e+00 2.8738614039e-01 6.9934029987e+01
1.5020891984e+00 2.7286387820e-01 8.2153132349e+01
1.4923505453e+00 2.7175055783e-01 8.2153132349e+01
1.4937774583e+00 2.7574685858e-01 7.8036371717e+01
1.5569715896e+00 2.8630663893e-01 7.5511927880e+01
1.5428067090e+00 2.8125384668e-01 7.8161934912e+01
1.5365451330e+00 2.8340609191e-01 7.5892303678e+01
1.5018404053e+00 2.7809390153e-01 7.6861542972e+01
1.5166570071e+00 2.7824887954e-01 7.8161934912e+01
1.5124313525e+00 2.7521036605e-01 8.0703484835e+01
1.4400314336e+00 3.0198255901e-01 6.2129397874e+01
1.5044036175e+00 2.7462466502e-01 8.0329784068e+01
1.5520710832e+00 2.8342047675e-01 7.7239755051e+01
1.4681627008e+00 2.7385129185e-01 7.7113748025e+01
1.5371496146e+00 2.8234520869e-01 7.6735343529e+01
1.5586606576e+00 2.8140996495e-01 7.9706016880e+01
1.4894426889e+00 2.7691741228e-01 7.6651174188e+01
1.4754719120e+00 2.7329358661e-01 7.8329262945e+01
1.4726168573e+00 2.7749998686e-01 7.4791640439e+01
1.5317566337e+00 2.7588515140e-01 8.2648945375e+01
1.5092599728e+00 2.7792806141e-01 7.7701249475e+01
1.4727274222e+00 2.7243618983e-01 7.8830648187e+01
1.5066493051e+00 2.8371532569e-01 7.3386256743e+01
1.5014970261e+00 2.7617250828e-01 7.8454692681e+01
1.4742404314e+00 2.7677750307e-01 7.5427311870e+01
1.5152547404e+00 2.7965114627e-01 7.6861542972e+01
1.5022621850e+00 2.7767212179e-01 7.7239755051e+01
1.4960873145e+00 2.7298485597e-01 8.1118241196e+01
1.5125288681e+00 2.8783158502e-01 7.1452905485e+01
1.4462724913e+00 2.8585505307e-01 6.8488366950e+01
1.5507375860e+00 2.7972139952e-01 8.0537445831e+01
1.4967699719e+00 2.7185009074e-01 8.2731526072e+01
1.5163398534e+00 2.8220179793e-01 7.5088520605e+01
1.5378917193e+00 2.8069041534e-01 7.8161934912e+01
1.4830199960e+00 2.7430989776e-01 7.8203776466e+01
1.4883587258e+00 2.7935723669e-01 7.4791640439e+01
1.4585814795e+00 2.9108487743e-01 6.6894664723e+01
1.5092254157e+00 2.8023142424e-01 7.5892303678e+01
1.5374528384e+00 2.8021676026e-01 7.8538281315e+01
1.5206193455e+00 2.7837694888e-01 7.8454692681e+01
1.4982368923e+00 2.7626357590e-01 7.8036371717e+01
1.5048099940e+00 2.7467128139e-01 8.0329784068e+01
1.4867442430e+00 2.8006777342e-01 7.4196613947e+01
1.5039972794e+00 2.7457804865e-01 8.0329784068e+01
1.4810968668e+00 2.7037167071e-01 8.2277139574e+01
1.4766861810e+00 2.7748678675e-01 7.5130898438e+01
1.5051981043e+00 2.8244361423e-01 7.4068882767e+01
1.5312164794e+00 2.7870273021e-01 7.9289490537e+01
1.4974246189e+00 2.8522868322e-01 7.1884348405e+01
1.5219756498e+00 2.7974930678e-01 7.7407666966e+01
1.4873579090e+00 2.7538825796e-01 7.7701249475e+01
1.4791842105e+00 2.7318564927e-01 7.8830648187e+01
1.5102759837e+00 2.7918085619e-01 7.6777417260e+01
1.5459312035e+00 2.9139152514e-01 7.1668761497e+01
1.5341358081e+00 2.8079709865e-01 7.7701249475e+01
1.5009816700e+00 2.9483292789e-01 6.7516607231e+01
1.5135176811e+00 2.7593915884e-01 8.0038841340e+01
1.5127284565e+00 2.8081465082e-01 7.5765583130e+01
1.5056721431e+00 2.7698115903e-01 7.8161934912e+01
1.5055561453e+00 2.7619067134e-01 7.8872390662e+01
1.5413684544e+00 2.8634743248e-01 7.4281723271e+01
1.5152634489e+00 2.7827965834e-01 7.7994504389e+01
1.5113118032e+00 2.7996077198e-01 7.6272045862e+01
1.4836938363e+00 2.7724628897e-01 7.5892303678e+01
1.4711531378e+00 2.7446057467e-01 7.6903595008e+01
1.4913900294e+00 2.7045303959e-01 8.4009696503e+01
1.5238397126e+00 2.8289137032e-01 7.5215629171e+01
1.5174493083e+00 2.7563961586e-01 8.0869445111e+01
1.4866260852e+00 2.8018593126e-01 7.4111468825e+01
1.5273661491e+00 2.7982026579e-01 7.7868863262e+01
1.5461867358e+00 2.7787381987e-01 8.2153132349e+01
1.4945569972e+00 2.7270697302e-01 8.1242575657e+01
1.5049143088e+00 2.8136647178e-01 7.4749195028e+01
1.5172680582e+00 2.7672927049e-01 7.9664389360e+01
1.4763778096e+00 2.7599205011e-01 7.6187712450e+01
1.5233791826e+00 2.7789090119e-01 7.9206117227e+01
1.5005234910e+00 2.8348982754e-01 7.3086849324e+01
1.5094977371e+00 2.8268293588e-01 7.4239173069e+01
1.5042776135e+00 2.8200316712e-01 7.4281723271e+01
1.5172428193e+00 2.7993513291e-01 7.6819483732e+01
1.4737572513e+00 2.7590910565e-01 7.6018953826e+01
1.4972658155e+00 2.8130951257e-01 7.4196613947e+01
1.5198315105e+00 2.7871014084e-01 7.8078232563e+01
1.4874421801e+00 2.8615318688e-01 7.0760310020e+01
1.4701236448e+00 2.7594020681e-01 7.5681063290e+01
1.4969773873e+00 2.7616548684e-01 7.7994504389e+01
1.5316759243e+00 2.7687671584e-01 8.1325442176e+01
1.5046558451e+00 2.7754419507e-01 7.7575469027e+01
1.5314284019e+00 2.8304852320e-01 7.5723327176e+01
1.5154249774e+00 2.8266206922e-01 7.4706741043e+01
1.5037157656e+00 2.8029755290e-01 7.5384991691e+01
1.5006391510e+00 2.7159885279e-01 8.3844952912e+01
1.5383439825e+00 2.8069447736e-01 7.8203776466e+01
1.5088707698e+00 2.8013223226e-01 7.5934528179e+01
1.4979287553e+00 2.7974077909e-01 7.5300326848e+01
1.5006279787e+00 2.7477774471e-01 7.9706016880e+01
1.5002347036e+00 2.7698199166e-01 7.7617402571e+01
1.4799950689e+00 2.8229952978e-01 7.2357712234e+01
1.4833557523e+00 2.7307196957e-01 7.9414507550e+01
1.5073000020e+00 2.7625993932e-01 7.8997582302e+01
1.5242052818e+00 2.8571392778e-01 7.3428990941e+01
1.5584888099e+00 2.8524780004e-01 7.6398489209e+01
1.4877648018e+00 2.7588461737e-01 7.7323724844e+01
1.4736317292e+00 2.7108182114e-01 8.0329784068e+01
1.4796703165e+00 2.7540443706e-01 7.6945639864e+01
1.5060883285e+00 2.8336851137e-01 7.3557136760e+01
1.5177176417e+00 2.8127865268e-01 7.5850071354e+01
1.5029791553e+00 2.8511628600e-01 7.2314731052e+01
1.5017517896e+00 2.8770505030e-01 7.0847042089e+01
1.5132195793e+00 2.7941520010e-01 7.6861542972e+01
1.4934573219e+00 2.7561484856e-01 7.8120086953e+01
1.4982916338e+00 2.7575626458e-01 7.8496490101e+01
1.4451039958e+00 2.8522802844e-01 6.8708306827e+01
1.4547508703e+00 2.7782565106e-01 7.3215224529e+01
1.5032439699e+00 2.7623730549e-01 7.8580066351e+01
1.5408007426e+00 2.9194520576e-01 7.1063673457e+01
1.4727080208e+00 2.7200552951e-01 7.9247806762e+01
1.5386977860e+00 2.8307942673e-01 7.6314201186e+01
1.5465191766e+00 2.7891184244e-01 8.0910923055e+01
1.4796237917e+00 2.8086491960e-01 7.3172442467e+01
1.4689648125e+00 2.8205312192e-01 7.1755028325e+01
1.5317620272e+00 2.8134718207e-01 7.7029708145e+01
1.4949957278e+00 2.8493857905e-01 7.1884348405e+01
1.5046558451e+00 2.7754419507e-01 7.7575469027e+01
1.5180466190e+00 2.7549648831e-01 8.1118241196e+01
1.5463769031e+00 2.8225319759e-01 7.7659329379e+01
1.5102065878e+00 2.8651687464e-01 7.2013573065e+01
1.4783765707e+00 2.7309196684e-01 7.8830648187e+01
1.5251267759e+00 2.7796302864e-01 7.9331168577e+01
1.4758196948e+00 2.8105909365e-01 7.2786965387e+01
1.5309321377e+00 2.7762050243e-01 8.0371326592e+01
1.4882981513e+00 2.7535126793e-01 7.7826969754e+01
1.4703265769e+00 2.7168741580e-01 7.9289490537e+01
1.4606648932e+00 2.7370792397e-01 7.6524865077e+01
1.5284185620e+00 2.8150064758e-01 7.6609078524e+01
1.4926470643e+00 2.7552092894e-01 7.8120086953e+01
1.5026227884e+00 2.7323562021e-01 8.1739504252e+01
1.5177616565e+00 2.7941629571e-01 7.7281743419e+01
1.5075620415e+00 2.8961591075e-01 7.0238945256e+01
1.5080494721e+00 2.8231515871e-01 7.4366797030e+01
1.4970510741e+00 2.7292542763e-01 8.1325442176e+01
1.4990237863e+00 2.7909862566e-01 7.5850071354e+01
1.4642441162e+00 2.7462215408e-01 7.6145534310e+01
1.4700570923e+00 2.8772394527e-01 6.8971801420e+01
1.5270098440e+00 2.7607996053e-01 8.1656727290e+01
1.5229986247e+00 2.7690707054e-01 8.0163562403e+01
1.5139783002e+00 2.9184223361e-01 6.9541121708e+01
1.5218852158e+00 2.7438379518e-01 8.3226697801e+01
1.5333725067e+00 2.8657871826e-01 7.3557136760e+01
1.4943969766e+00 2.7422308604e-01 7.9539473606e+01
1.4690461397e+00 2.8647956462e-01 6.9497403504e+01
1.4803059109e+00 2.7251466793e-01 7.9622756324e+01
1.4956134549e+00 2.7752941919e-01 7.6735343529e+01
1.5105508510e+00 2.7754459037e-01 7.8161934912e+01
1.4793493200e+00 2.7347125878e-01 7.8580066351e+01
1.4941811006e+00 2.8756571601e-01 7.0456384946e+01
1.5158319411e+00 2.8270971025e-01 7.4706741043e+01
1.4817327463e+00 2.7379295801e-01 7.8538281315e+01
1.5523501748e+00 2.8314138515e-01 7.7491581624e+01
1.4995118725e+00 2.7679925988e-01 7.7701249475e+01
1.4888034254e+00 2.8388699437e-01 7.2056626897e+01
1.4731628602e+00 2.7335116918e-01 7.8036371717e+01
1.5096789161e+00 2.7614829524e-01 7.9372840907e+01
1.4903481215e+00 2.7465646519e-01 7.8663617982e+01
1.5121991095e+00 2.7544260909e-01 8.0412864007e+01
1.5357271342e+00 2.8331132571e-01 7.5892303678e+01
1.5137781888e+00 2.7477101368e-01 8.1408290413e+01
1.5191868240e+00 2.7844565624e-01 7.8245611639e+01
1.5156074219e+00 2.7748150226e-01 7.8747145195e+01
1.4687698707e+00 2.7774415873e-01 7.4324264582e+01
1.4375954038e+00 2.7481560147e-01 7.3813175613e+01
1.5165607100e+00 2.8198094132e-01 7.5257982128e+01
1.4972645347e+00 2.7497346916e-01 7.9122720780e+01
1.4916102214e+00 2.7203919780e-01 8.1656727290e+01
1.5295019779e+00 2.7586333868e-01 8.2318467199e+01
1.4773432503e+00 2.7412528726e-01 7.7785069637e+01
1.5120547014e+00 2.8285118522e-01 7.4324264582e+01
1.5444329321e+00 2.8008440664e-01 7.9414507550e+01
1.4837864869e+00 2.7760509096e-01 7.5638791445e+01
1.4773305180e+00 2.8045051963e-01 7.3257996956e+01
1.4926203705e+00 2.7599969212e-01 7.7701249475e+01
1.5040822177e+00 2.7404019432e-01 8.0952396196e+01
1.5184464499e+00 2.8373341768e-01 7.4239173069e+01
1.4982381359e+00 2.8350868072e-01 7.2915546096e+01
1.5135331769e+00 2.7501602559e-01 8.1076787034e+01
1.5119510076e+00 2.7932156756e-01 7.6819483732e+01
1.4476630161e+00 2.7549313845e-01 7.4154045875e+01
1.5412552973e+00 2.8326204141e-01 7.6398489209e+01
1.5157573780e+00 2.7960284509e-01 7.6945639864e+01
1.4993773422e+00 2.7919798586e-01 7.5807831180e+01
1.4922111458e+00 2.7505282435e-01 7.8496490101e+01
1.5190914287e+00 2.7626879444e-01 8.0371326592e+01
1.4702988953e+00 2.7306470198e-01 7.7994504389e+01
1.4921227144e+00 2.9189060407e-01 6.8312175320e+01
1.4863817858e+00 2.7094810797e-01 8.2318467199e+01
1.5145834618e+00 2.7941386690e-01 7.6987677568e+01
1.5053072927e+00 2.8006638781e-01 7.5681063290e+01
1.5057519799e+00 2.7599483670e-01 7.9081013820e+01
1.5192458303e+00 2.8247912629e-01 7.5130898438e+01
1.5317557111e+00 2.7998612617e-01 7.8161934912e+01
1.5209765830e+00 2.9441234365e-01 6.8752255227e+01
1.4801101342e+00 2.7676865427e-01 7.5934528179e+01
1.5334251780e+00 2.8470066951e-01 7.4749195028e+01
1.4969396146e+00 2.7439367287e-01 7.9664389360e+01
1.4973610449e+00 2.7351994220e-01 8.0661982523e+01
1.5469149428e+00 2.8080094408e-01 7.8997582302e+01
1.5009387224e+00 2.7129928141e-01 8.4462489380e+01
1.4884438173e+00 2.8198490788e-01 7.3129650743e+01
1.4970085451e+00 2.8201973739e-01 7.3727866500e+01
1.4634124691e+00 2.9301525273e-01 6.6359272171e+01
1.5095920790e+00 2.7396786225e-01 8.1822263856e+01
1.5046455393e+00 2.7710127737e-01 7.7952630554e+01
1.4836265734e+00 2.8273352783e-01 7.2357712234e+01
1.4826800262e+00 2.7464986751e-01 7.7868863262e+01
1.4870922853e+00 2.6978650318e-01 8.4339036016e+01
1.4992873487e+00 2.7295065515e-01 8.1615332242e+01
1.4455835447e+00 2.6816937864e-01 7.9955667504e+01
1.5233405492e+00 2.7792953461e-01 7.9164421908e+01
1.5038039615e+00 2.7522432097e-01 7.9622756324e+01
1.5668123060e+00 2.8380458230e-01 7.8329262945e+01
1.5335909949e+00 2.8681666975e-01 7.3428990941e+01
1.4650638861e+00 2.7245394133e-01 7.7994504389e+01
1.4715958995e+00 2.7221764342e-01 7.8914127157e+01
1.4947364243e+00 2.8338598766e-01 7.2744085313e+01
1.4606555892e+00 2.7281900244e-01 7.7239755051e+01
1.4692921952e+00 2.7092286657e-01 7.9955667504e+01
1.4924438886e+00 2.7391621260e-01 7.9622756324e+01
1.5074433921e+00 2.8019832643e-01 7.5765583130e+01
1.4938796680e+00 2.7609683372e-01 7.7743162886e+01
1.5250381769e+00 2.7668677968e-01 8.0661982523e+01
1.5099769469e+00 2.9447805006e-01 6.8135767946e+01
1.4694023505e+00 2.7756189545e-01 7.4494341492e+01
1.4951829136e+00 2.7298507968e-01 8.0993864557e+01
1.4780596843e+00 2.8378338470e-01 7.1409701632e+01
1.4982081807e+00 2.7538718636e-01 7.8830648187e+01
1.4761258698e+00 2.7624398999e-01 7.5976744886e+01
1.5113280975e+00 2.7676734385e-01 7.8955857695e+01
1.5114252265e+00 2.8666182014e-01 7.2013573065e+01
1.4736929844e+00 2.6967061297e-01 8.2070440348e+01
1.4824975711e+00 2.7573464892e-01 7.6945639864e+01
1.5105243064e+00 2.7802489604e-01 7.7743162886e+01
1.4939468923e+00 2.7557742459e-01 7.8203776466e+01
1.5304165889e+00 2.7950262067e-01 7.8454692681e+01
1.4780369053e+00 3.0280357956e-01 6.3464819655e+01
1.4542875000e+00 2.7290385814e-01 7.6566975496e+01
1.5041271290e+00 2.7490115346e-01 7.9997257084e+01
1.4817327463e+00 2.7379295801e-01 7.8538281315e+01
1.5158070181e+00 2.8409867716e-01 7.3813175613e+01
1.5056669851e+00 2.8424373110e-01 7.3001217281e+01
1.4866798451e+00 2.7516322385e-01 7.7826969754e+01
1.5142614686e+00 2.8246199389e-01 7.4749195028e+01
1.4892586165e+00 2.7303598215e-01 8.0163562403e+01
1.5164110234e+00 2.8349467182e-01 7.4239173069e+01
1.5021159447e+00 2.8053735744e-01 7.5088520605e+01
1.5275726648e+00 2.8690426024e-01 7.2958386597e+01
1.4996417425e+00 2.7757495282e-01 7.7071731622e+01
1.4897658891e+00 2.7298027787e-01 8.0288236411e+01
1.5057997198e+00 2.8048106073e-01 7.5427311870e+01
1.4751931197e+00 2.6952043065e-01 8.2525045476e+01
1.4834510805e+00 2.8516898213e-01 7.1020369769e+01
1.5049757989e+00 2.8175858931e-01 7.4494341492e+01
1.4800778071e+00 2.8718616302e-01 6.9803170919e+01
1.4928937131e+00 2.7843957442e-01 7.5807831180e+01
1.4852069503e+00 2.7392775054e-01 7.8788899706e+01
1.4718977181e+00 2.8453000371e-01 7.0630125868e+01
1.5037311847e+00 2.7620312212e-01 7.8663617982e+01
1.5012838983e+00 2.7457451037e-01 7.9997257084e+01
1.4950820029e+00 2.7489449890e-01 7.8955857695e+01
1.5082428895e+00 2.8348371535e-01 7.3642520295e+01
1.5079951215e+00 2.7828565912e-01 7.7281743419e+01
1.5141811091e+00 2.8754384742e-01 7.1711900276e+01
1.4664722424e+00 2.7059618156e-01 7.9955667504e+01
1.5244122881e+00 2.8277412677e-01 7.5342663360e+01
1.5203571653e+00 2.8045808399e-01 7.6693262514e+01
1.5136196968e+00 2.8446734990e-01 7.3428990941e+01
1.4888881908e+00 2.7566463483e-01 7.7617402571e+01
1.5270354381e+00 2.7468951844e-01 8.3680158222e+01
1.4775185410e+00 2.8026249659e-01 7.3386256743e+01
1.5492914480e+00 2.8299703163e-01 7.7323724844e+01
1.5340055325e+00 2.8457660210e-01 7.4876505650e+01
1.4823139397e+00 2.8630612295e-01 7.0369444415e+01
1.5153066107e+00 2.7823649657e-01 7.8036371717e+01
1.5125142552e+00 2.7830432859e-01 7.7701249475e+01
1.5163534966e+00 2.7946110134e-01 7.7113748025e+01
1.5153020159e+00 2.8233046440e-01 7.4918925507e+01
1.4977022487e+00 2.7634564974e-01 7.7910750187e+01
1.5253483309e+00 2.8092745834e-01 7.6777417260e+01
1.4848299599e+00 2.7475603918e-01 7.7994504389e+01
1.4648294787e+00 2.7223894526e-01 7.8161934912e+01
1.4989526417e+00 2.7781125287e-01 7.6819483732e+01
1.4886539083e+00 2.7002953280e-01 8.4215556278e+01
1.4883294594e+00 2.9024586862e-01 6.8840112753e+01
1.4924515642e+00 2.7526439830e-01 7.8329262945e+01
1.4668086915e+00 2.7520530112e-01 7.5934528179e+01
1.4942109719e+00 2.7440909070e-01 7.9331168577e+01
1.5492914480e+00 2.8299703163e-01 7.7323724844e+01
1.5169935121e+00 2.8154813930e-01 7.5596511614e+01
1.5089183162e+00 2.8644190688e-01 7.1970508727e+01
1.4933823566e+00 2.7478563664e-01 7.8872390662e+01
1.5029791283e+00 2.7423756699e-01 8.0578963045e+01
1.4892134755e+00 2.7443594366e-01 7.8747145195e+01
1.4644938379e+00 2.7032815010e-01 7.9997257084e+01
1.5143321573e+00 2.7603247352e-01 8.0038841340e+01
1.5214330812e+00 2.8074678641e-01 7.6566975496e+01
1.5147102313e+00 2.8110436665e-01 7.5723327176e+01
1.4924205011e+00 2.7710381579e-01 7.6777417260e+01
1.4888898798e+00 2.7475953940e-01 7.8412889032e+01
1.5364461551e+00 2.7711892122e-01 8.1698117953e+01
1.4794063475e+00 2.7521749386e-01 7.7071731622e+01
1.4759156546e+00 2.7059837478e-01 8.1201135484e+01
1.4774834070e+00 2.7443577230e-01 7.7533528720e+01
1.4568017071e+00 2.6859583883e-01 8.0952396196e+01
1.4932487961e+00 2.7672770570e-01 7.7155757380e+01
1.4726443950e+00 2.7612110356e-01 7.5765583130e+01
1.5089757981e+00 2.8184278574e-01 7.4749195028e+01
1.4940119995e+00 2.7822600432e-01 7.6061155025e+01
1.5378472461e+00 2.7708566064e-01 8.1946371115e+01
1.4996417425e+00 2.7757495282e-01 7.7071731622e+01
1.4524924494e+00 2.7380192494e-01 7.5723327176e+01
1.4674261585e+00 2.8178974993e-01 7.1798145674e+01
1.4870011166e+00 2.7574505040e-01 7.7365699350e+01
1.4655490500e+00 2.7691477212e-01 7.4621807233e+01
1.4671818682e+00 2.7033595927e-01 8.0329784068e+01
1.4953898437e+00 2.7413447321e-01 7.9747638907e+01
1.4932865824e+00 2.7578558805e-01 7.7952630554e+01
1.4864482230e+00 2.8352827872e-01 7.2099670255e+01
1.5373015251e+00 2.8675903063e-01 7.3727866500e+01
1.4531415802e+00 2.7674166105e-01 7.3770525678e+01
1.4926824537e+00 3.0086065361e-01 6.4784873432e+01
1.4893122262e+00 2.7388554765e-01 7.9289490537e+01
1.5277530520e+00 2.8262175713e-01 7.5723327176e+01
1.5099748181e+00 2.8720313410e-01 7.1625611953e+01
1.4978074446e+00 2.7895644998e-01 7.5850071354e+01
1.4897529472e+00 2.7344482657e-01 7.9789255467e+01
1.4649250864e+00 2.7394118388e-01 7.6735343529e+01
1.5481608041e+00 2.8641539978e-01 7.4749195028e+01
1.5093844473e+00 2.7598923319e-01 7.9497823876e+01
1.4899432289e+00 2.7460959680e-01 7.8663617982e+01
1.5089507170e+00 2.9050025868e-01 6.9890422465e+01
1.5069642405e+00 2.8067747803e-01 7.5384991691e+01
1.5044712931e+00 2.7727552352e-01 7.7785069637e+01
1.4803095802e+00 2.8017913109e-01 7.3642520295e+01
1.5171210949e+00 2.7960236752e-01 7.7071731622e+01
1.5014150260e+00 2.7580166923e-01 7.8788899706e+01
1.5375967658e+00 2.7779216077e-01 8.1035328162e+01
1.5168260431e+00 2.7807984357e-01 7.8329262945e+01
1.4845264375e+00 2.7190128431e-01 8.0827962340e+01
1.4785582958e+00 2.8328477322e-01 7.1711900276e+01
1.5120196132e+00 2.8061516619e-01 7.5850071354e+01
1.4984486650e+00 2.7605180329e-01 7.8245611639e+01
1.4593495854e+00 2.7682014794e-01 7.4196613947e+01
1.5193734716e+00 2.8280639605e-01 7.4918925507e+01
1.5314715664e+00 2.7799208176e-01 8.0038841340e+01
1.4959546563e+00 2.7673576340e-01 7.7407666966e+01
1.5074899884e+00 2.7743019969e-01 7.7952630554e+01
1.4679103074e+00 2.6915811658e-01 8.1863637206e+01
1.5016861649e+00 2.8686303755e-01 7.1280024178e+01
1.5045050880e+00 2.7950823053e-01 7.6018953826e+01
1.5069325012e+00 2.7617410125e-01 7.9039301002e+01
1.5027561618e+00 2.7627212075e-01 7.8496490101e+01
1.5091099933e+00 2.7490332522e-01 8.0620475268e+01
1.5309905945e+00 2.7938421466e-01 7.8621845231e+01
1.5279235159e+00 2.7926289896e-01 7.8412889032e+01
1.5650198681e+00 2.8192647536e-01 7.9914072577e+01
1.4717267064e+00 2.8064315334e-01 7.2744085313e+01
1.5267046682e+00 2.7684016223e-01 8.0703484835e+01
1.4880788813e+00 2.7557053792e-01 7.7617402571e+01
1.4976552868e+00 2.8001424758e-01 7.5088520605e+01
1.5037999608e+00 2.8248081977e-01 7.3941070253e+01
1.4838570477e+00 2.7979237152e-01 7.4154045875e+01
1.5114022226e+00 2.8168670156e-01 7.5046134423e+01
1.4758943070e+00 2.8143558675e-01 7.2572465000e+01
1.5708149018e+00 2.8026097538e-01 8.2690237632e+01
1.3917427560e+00 3.3141339847e-01 5.3099423087e+01
1.4966295300e+00 2.7922887865e-01 7.5554223768e+01
1.5273571944e+00 2.8392892859e-01 7.4791640439e+01
1.5491153218e+00 2.7814351526e-01 8.2235807906e+01
1.5032439699e+00 2.7623730549e-01 7.8580066351e+01
1.5848995676e+00 2.8502748407e-01 7.9081013820e+01
1.5402541759e+00 2.8517684310e-01 7.4961336903e+01
1.5051722394e+00 2.7295017255e-01 8.2525045476e+01
1.5391628567e+00 2.8078836824e-01 7.8203776466e+01
1.4847758329e+00 2.7165188890e-01 8.1159690671e+01
1.5050447283e+00 2.7488957851e-01 8.0121993975e+01
1.5286876241e+00 2.8032050094e-01 7.7575469027e+01
1.5261238588e+00 2.7742097164e-01 7.9997257084e+01
1.4871731024e+00 2.7196159836e-01 8.1118241196e+01
1.5133240588e+00 2.8339940365e-01 7.4068882767e+01
1.4880255679e+00 2.7336600991e-01 7.9664389360e+01
1.5227274497e+00 2.8582519047e-01 7.3257996956e+01
1.4778638343e+00 2.6955066680e-01 8.2937911806e+01
1.4882942702e+00 2.7761395428e-01 7.6018953826e+01
1.4720295745e+00 2.7988960482e-01 7.3215224529e+01
1.5021010801e+00 2.7647424793e-01 7.8245611639e+01
1.4483200086e+00 2.6856541930e-01 7.9872472277e+01
1.5287136114e+00 2.9717430503e-01 6.7959142354e+01
1.5094826351e+00 2.7543755305e-01 8.0080420295e+01
1.4833586445e+00 2.7216705984e-01 8.0371326592e+01
1.5079890404e+00 2.8737118273e-01 7.1409701632e+01
1.5157554992e+00 2.7415521700e-01 8.2525045476e+01
1.5122741166e+00 2.9036070037e-01 7.0151886504e+01
1.5062808993e+00 2.7773241920e-01 7.7575469027e+01
1.4960299587e+00 2.7892311783e-01 7.5723327176e+01
1.5167455878e+00 2.8134145891e-01 7.5723327176e+01
1.5205381277e+00 2.7800352369e-01 7.8788899706e+01
1.4893122262e+00 2.7388554765e-01 7.9289490537e+01
1.4632472838e+00 2.8416721727e-01 7.0282456804e+01
1.5031109193e+00 2.7365297535e-01 8.1284011213e+01
1.4828937539e+00 2.7443613989e-01 7.8078232563e+01
1.4959867327e+00 2.7851373550e-01 7.6018953826e+01
1.4983463510e+00 2.7389165279e-01 8.0371326592e+01
1.5200417041e+00 2.7622730696e-01 8.0537445831e+01
1.4494747462e+00 2.6741068168e-01 8.1366868568e+01
1.5223387198e+00 2.8621392041e-01 7.3001217281e+01
1.4879800340e+00 2.7521773978e-01 7.7910750187e+01
1.5077042660e+00 2.7721592209e-01 7.8161934912e+01
1.5083618925e+00 2.7474471000e-01 8.0703484835e+01
1.4925258559e+00 2.7880743160e-01 7.5511927880e+01
1.4846509166e+00 2.8035367010e-01 7.3855816334e+01
1.4807131016e+00 2.8022702362e-01 7.3642520295e+01
1.5152862972e+00 2.7598627794e-01 8.0205125602e+01
1.4631174728e+00 2.7889651982e-01 7.3172442467e+01
1.4550820344e+00 2.6717783557e-01 8.2566349319e+01
1.4722597532e+00 2.6885469662e-01 8.3020440166e+01
1.4883899619e+00 2.7706642444e-01 7.6440621960e+01
1.5329822253e+00 2.8012698401e-01 7.8161934912e+01
1.5044956256e+00 2.7679800599e-01 7.8203776466e+01
1.4847053004e+00 2.7849247342e-01 7.5088520605e+01
1.5124414892e+00 2.9110334126e-01 6.9803170919e+01
1.5190439714e+00 2.7677062652e-01 7.9830866582e+01
1.5455271771e+00 2.8630387190e-01 7.4621807233e+01
1.4779020269e+00 2.7176433007e-01 8.0121993975e+01
1.5189377054e+00 2.7960394600e-01 7.7239755051e+01
1.4987216606e+00 2.7894787381e-01 7.5934528179e+01
1.4697021984e+00 2.7636165322e-01 7.5342663360e+01
1.4978739779e+00 2.7617392050e-01 7.8078232563e+01
1.4944170672e+00 2.7827335255e-01 7.6061155025e+01
1.5019790764e+00 2.7569045801e-01 7.8955857695e+01
1.5012178853e+00 2.7781039722e-01 7.7029708145e+01
1.5120414132e+00 2.9651122697e-01 6.7383571780e+01
1.5179451185e+00 2.7923283374e-01 7.7449627715e+01
1.4469036656e+00 2.6908656639e-01 7.9164421908e+01
1.5088089546e+00 2.7792543357e-01 7.7659329379e+01
1.5274000547e+00 2.7477981292e-01 8.3597741274e+01
1.5411032768e+00 2.8341406191e-01 7.6272045862e+01
1.4990490892e+00 2.7364133051e-01 8.0744982225e+01
1.5474440156e+00 2.8484446412e-01 7.5765583130e+01
1.4993069259e+00 2.7972135660e-01 7.5427311870e+01
1.4846290263e+00 2.8218299015e-01 7.2744085313e+01
1.5130209515e+00 2.8370251097e-01 7.3855816334e+01
1.4826467549e+00 2.7242799859e-01 7.9997257084e+01
1.4856518781e+00 2.7528824717e-01 7.7617402571e+01
1.5314003808e+00 2.7806326745e-01 7.9955667504e+01
1.4516107802e+00 2.7602912804e-01 7.4111468825e+01
1.5081663648e+00 2.8219826600e-01 7.4451835457e+01
1.4923595943e+00 2.8259348229e-01 7.3044038180e+01
1.5129080397e+00 2.7927263322e-01 7.6945639864e+01
1.5059775756e+00 2.7939610494e-01 7.6229882959e+01
1.4889998185e+00 2.8007235200e-01 7.4366797030e+01
1.4876154902e+00 2.9458454993e-01 6.6939183810e+01
1.5063658596e+00 2.8717724770e-01 7.1409701632e+01
1.5019942450e+00 2.7522245027e-01 7.9414507550e+01
1.4899631815e+00 2.7639691969e-01 7.7113748025e+01
1.4911178879e+00 2.7207988592e-01 8.1532528898e+01
1.5215298642e+00 2.7746643014e-01 7.9414507550e+01
1.4929888664e+00 2.8377502820e-01 7.2400683165e+01
1.4943940814e+00 2.7558242036e-01 7.8245611639e+01
1.4867779794e+00 2.7732312373e-01 7.6103348511e+01
1.4961008131e+00 2.7523247437e-01 7.8747145195e+01
1.5244484074e+00 2.7636684197e-01 8.0952396196e+01
1.5115215986e+00 2.7838911757e-01 7.7533528720e+01
1.5127336679e+00 2.7445436633e-01 8.1656727290e+01
1.4854457655e+00 2.7459157039e-01 7.8203776466e+01
1.5008643607e+00 2.8360237342e-01 7.3044038180e+01
1.4928698876e+00 2.7349021354e-01 8.0121993975e+01
1.5132181945e+00 2.8259640345e-01 7.4579327351e+01
1.5129922778e+00 2.7782630604e-01 7.8161934912e+01
1.4837211042e+00 2.7541359656e-01 7.7323724844e+01
1.5177183871e+00 2.7900507536e-01 7.7617402571e+01
1.5270485648e+00 2.9107728272e-01 7.0673532104e+01
1.5132541594e+00 2.7257305195e-01 8.4709319348e+01
1.4868579679e+00 2.7227673292e-01 8.0703484835e+01
1.5424229572e+00 2.8300806180e-01 7.6693262514e+01
1.4769944113e+00 2.7267194569e-01 7.9081013820e+01
1.5070835233e+00 2.7738321079e-01 7.7952630554e+01
1.5450539639e+00 2.8677708510e-01 7.4281723271e+01
1.4923532012e+00 2.7626686140e-01 7.7449627715e+01
1.4856902177e+00 2.7389578133e-01 7.8872390662e+01
1.5172134532e+00 2.8087359348e-01 7.6103348511e+01
1.4922111458e+00 2.7505282435e-01 7.8496490101e+01
1.5079764078e+00 2.7603691073e-01 7.9289490537e+01
1.5433816549e+00 2.8022215601e-01 7.9164421908e+01
1.4963771714e+00 2.9353354478e-01 6.7826528454e+01
1.5085843697e+00 2.7815001844e-01 7.7449627715e+01
1.4891990743e+00 2.7806489586e-01 7.5765583130e+01
1.4825745538e+00 2.7746278201e-01 7.5638791445e+01
1.4506851690e+00 2.6978259819e-01 7.8914127157e+01
1.5323380184e+00 2.8761320656e-01 7.2872695748e+01
1.5316759243e+00 2.7687671584e-01 8.1325442176e+01
1.4881335253e+00 2.7325805255e-01 7.9789255467e+01
1.4903639170e+00 2.7735204549e-01 7.6398489209e+01
1.4696082217e+00 2.8952647908e-01 6.8135767946e+01
1.5061196754e+00 2.8106835883e-01 7.5046134423e+01
1.5089776919e+00 2.7594249626e-01 7.9497823876e+01
1.5236505471e+00 2.7398193321e-01 8.4256719157e+01
1.5383567425e+00 2.7885664532e-01 7.9955667504e+01
1.5192468491e+00 2.8429798128e-01 7.3941070253e+01
1.5088707698e+00 2.8013223226e-01 7.5934528179e+01
1.5397678131e+00 2.8292262241e-01 7.6524865077e+01
1.4515440876e+00 2.8058345673e-01 7.1409701632e+01
1.4851485698e+00 2.7488876604e-01 7.7910750187e+01
1.4971147012e+00 2.7738576704e-01 7.6987677568e+01
1.5007467029e+00 2.8508050848e-01 7.2185725677e+01
1.5336545423e+00 2.8675312236e-01 7.3471715656e+01
1.4818789082e+00 2.7049095156e-01 8.2235807906e+01
1.4985649354e+00 2.7819895921e-01 7.6482747241e+01
1.5213675290e+00 2.9310939612e-01 6.9366173885e+01
1.5172191775e+00 2.7632392976e-01 8.0080420295e+01
1.5144156986e+00 2.8185331247e-01 7.5173267951e+01
1.5197226525e+00 2.7790982775e-01 7.8788899706e+01
1.5210271238e+00 2.7842385187e-01 7.8454692681e+01
1.4535019685e+00 2.9166164361e-01 6.6403971187e+01
1.4477249548e+00 2.7005582454e-01 7.8329262945e+01
1.4763526233e+00 2.8097727046e-01 7.2872695748e+01
1.4699783434e+00 2.8194083595e-01 7.1884348405e+01
1.5055291195e+00 2.9119434297e-01 6.9366173885e+01
1.4687539184e+00 2.8226401601e-01 7.1625611953e+01
1.5122129571e+00 2.7951364777e-01 7.6693262514e+01
1.5367166065e+00 2.8186552812e-01 7.7071731622e+01
1.4830109785e+00 2.7792914675e-01 7.5342663360e+01
1.5003631193e+00 2.7368477912e-01 8.0869445111e+01
1.5208598125e+00 2.7859116313e-01 7.8287440457e+01
1.4996435559e+00 2.7666757655e-01 7.7826969754e+01
1.5680471781e+00 2.8716130592e-01 7.5807831180e+01
1.4750457651e+00 2.9357429748e-01 6.6716440328e+01
1.4936329251e+00 2.7091990059e-01 8.3638951400e+01
1.4888881908e+00 2.7566463483e-01 7.7617402571e+01
1.4618682060e+00 2.7520021794e-01 7.5511927880e+01
1.4821283712e+00 2.8152104798e-01 7.2958386597e+01
1.5213389936e+00 2.8129582330e-01 7.6145534310e+01
1.4824498089e+00 2.8029635803e-01 7.3727866500e+01
1.5103142409e+00 2.8232053850e-01 7.4536838781e+01
1.5129344971e+00 2.7652234282e-01 7.9372840907e+01
1.5174539893e+00 2.8154230500e-01 7.5638791445e+01
1.4642956675e+00 2.7861802291e-01 7.3428990941e+01
1.4851151790e+00 2.8034120734e-01 7.3898447871e+01
1.5246773341e+00 2.8433079102e-01 7.4324264582e+01
1.5230974610e+00 2.8317832824e-01 7.4961336903e+01
1.5170372873e+00 2.7877731060e-01 7.7743162886e+01
1.5012659282e+00 2.8138737393e-01 7.4451835457e+01
1.4632412443e+00 2.6843736179e-01 8.2111788416e+01
1.4783575520e+00 2.7266038247e-01 7.9247806762e+01
1.4963761908e+00 2.7495709668e-01 7.9039301002e+01
1.5176981986e+00 2.7993428168e-01 7.6861542972e+01
1.4972316285e+00 2.8360885634e-01 7.2786965387e+01
1.5201711940e+00 2.8246362298e-01 7.5215629171e+01
1.4746317639e+00 2.7773809581e-01 7.4791640439e+01
1.5302694596e+00 2.8010534959e-01 7.7910750187e+01
1.5285282150e+00 2.8184659419e-01 7.6356348960e+01
1.5129768232e+00 2.8102050555e-01 7.5638791445e+01
1.5279160961e+00 2.9066603859e-01 7.0933728582e+01
1.4600359296e+00 2.7703249434e-01 7.4111468825e+01
1.5067135082e+00 2.7866017234e-01 7.6861542972e+01
1.4751662928e+00 2.8441970621e-01 7.0890391015e+01
1.4845654249e+00 2.8089096145e-01 7.3514430919e+01
1.5049004229e+00 2.7594006191e-01 7.9039301002e+01
1.4951926327e+00 2.8292977933e-01 7.3044038180e+01
1.5328674122e+00 2.9256360687e-01 7.0282456804e+01
1.5322203592e+00 2.9366755720e-01 6.9715870468e+01
1.4954257812e+00 2.7409853564e-01 7.9789255467e+01
1.5254127524e+00 2.8131833052e-01 7.6482747241e+01
1.5123888006e+00 2.7752191558e-01 7.8371079129e+01
1.4878001337e+00 2.7630096945e-01 7.6987677568e+01
1.5452421744e+00 2.8338792633e-01 7.6651174188e+01
1.4882633021e+00 2.7222540916e-01 8.0952396196e+01
1.4874555739e+00 2.8116448872e-01 7.3557136760e+01
1.5275380789e+00 2.7555172567e-01 8.2442426045e+01
1.4781473288e+00 2.7918256496e-01 7.4111468825e+01
1.5236636834e+00 2.7624201188e-01 8.0993864557e+01
1.5013600274e+00 2.7902734921e-01 7.6103348511e+01
1.4927389973e+00 2.7407301911e-01 7.9497823876e+01
1.5285790854e+00 2.9091573792e-01 7.0847042089e+01
1.5411294746e+00 2.8521537725e-01 7.5003739865e+01
1.4722414334e+00 2.7607369399e-01 7.5765583130e+01
1.5210970251e+00 2.8836662312e-01 7.1711900276e+01
1.5128729620e+00 2.7476875659e-01 8.1284011213e+01
1.4669678357e+00 2.7189843463e-01 7.8705384629e+01
1.5358157807e+00 2.8002920399e-01 7.8538281315e+01
1.5462618427e+00 2.8008300918e-01 7.9622756324e+01
1.5086080755e+00 2.7585865858e-01 7.9539473606e+01
1.4989177016e+00 2.8373560053e-01 7.2829835522e+01
1.4769423084e+00 2.7092248648e-01 8.0952396196e+01
1.5215298642e+00 2.7746643014e-01 7.9414507550e+01
1.4711285278e+00 2.8529919399e-01 7.0195421835e+01
1.4747146102e+00 2.7585275975e-01 7.6145534310e+01
1.5011086675e+00 3.0425664910e-01 6.3967271853e+01
1.4927314050e+00 2.7543658828e-01 7.8203776466e+01
1.4916232642e+00 2.7564070601e-01 7.7910750187e+01
1.5424840351e+00 2.8340388131e-01 7.6398489209e+01
1.4498541168e+00 2.6882216956e-01 7.9789255467e+01
1.5289294476e+00 2.7598069007e-01 8.2070440348e+01
1.4617718700e+00 2.8699362859e-01 6.8840112753e+01
1.4988713686e+00 2.8015691390e-01 7.5088520605e+01
1.5064084685e+00 2.7624483362e-01 7.8914127157e+01
1.5046484331e+00 2.7573894355e-01 7.9206117227e+01
1.4833788145e+00 2.8027060471e-01 7.3813175613e+01
1.5137308499e+00 2.7708773390e-01 7.8914127157e+01
1.4899770225e+00 2.7367239670e-01 7.9581117748e+01
1.4957709942e+00 2.7330117624e-01 8.0703484835e+01
1.4974289441e+00 2.7209537274e-01 8.2483737725e+01
1.4743196548e+00 2.8030418648e-01 7.3129650743e+01
1.5135643430e+00 2.7498485950e-01 8.1118241196e+01
1.4381748663e+00 2.7647286377e-01 7.2829835522e+01
1.5228458412e+00 2.8980753921e-01 7.1063673457e+01
1.4602015124e+00 2.7596822092e-01 7.4834077304e+01
1.5114714285e+00 2.8207167875e-01 7.4791640439e+01
1.5433457551e+00 2.8528434565e-01 7.5130898438e+01
1.5122680152e+00 2.7446637299e-01 8.1573932786e+01
1.5401490795e+00 2.7797676807e-01 8.1159690671e+01
1.4963146541e+00 2.7682822008e-01 7.7365699350e+01
1.4699885309e+00 2.7922737754e-01 7.3471715656e+01
1.4813997429e+00 2.8179803095e-01 7.2744085313e+01
1.4742918209e+00 2.7852875786e-01 7.4239173069e+01
1.5335607059e+00 2.8639051901e-01 7.3685198049e+01
1.5339703263e+00 2.8005065527e-01 7.8329262945e+01
1.5156342836e+00 2.8836561099e-01 7.1366486818e+01
1.5414248576e+00 2.8035235512e-01 7.8830648187e+01
1.4941359814e+00 2.7719730607e-01 7.6861542972e+01
1.5121692004e+00 2.8955575612e-01 7.0543278672e+01
1.5262909075e+00 2.7861923018e-01 7.8830648187e+01
1.5623950732e+00 2.8455127022e-01 7.7281743419e+01
1.5391070815e+00 2.8312672359e-01 7.6314201186e+01
1.4880157635e+00 2.8015222973e-01 7.4239173069e+01
1.4687564621e+00 2.7685725040e-01 7.4918925507e+01
1.5181060709e+00 2.9682683587e-01 6.7560923945e+01
1.4899238366e+00 2.7598438784e-01 7.7449627715e+01
1.4907163225e+00 2.8514208619e-01 7.1496098411e+01
1.5140801416e+00 2.7673844217e-01 7.9289490537e+01
1.5136018259e+00 2.8812313063e-01 7.1366486818e+01
1.4769198464e+00 2.7364752360e-01 7.8161934912e+01
1.5130826359e+00 2.8091469283e-01 7.5723327176e+01
1.4865927016e+00 2.7525036734e-01 7.7743162886e+01
1.4930164460e+00 2.7469951645e-01 7.8914127157e+01
1.4714134331e+00 2.7825292389e-01 7.4196613947e+01
1.4753860384e+00 2.8555408688e-01 7.0325956512e+01
1.4885117347e+00 2.7152560115e-01 8.1863637206e+01
1.5526622361e+00 2.8145634683e-01 7.8997582302e+01
1.4951695330e+00 2.7525919216e-01 7.8621845231e+01
1.4842429043e+00 2.7760016468e-01 7.5681063290e+01
1.5047903974e+00 2.7786290478e-01 7.7323724844e+01
1.4883957424e+00 2.7751248212e-01 7.6103348511e+01
1.5177600123e+00 2.7578309499e-01 8.0744982225e+01
1.5106689195e+00 2.7425126866e-01 8.1615332242e+01
1.5289478312e+00 2.7778325173e-01 7.9955667504e+01
1.4957290888e+00 2.7877137943e-01 7.5807831180e+01
1.4865512876e+00 2.7574331112e-01 7.7323724844e+01
1.5229640896e+00 2.7921577806e-01 7.7952630554e+01
1.4842249571e+00 2.7084979646e-01 8.2111788416e+01
1.4921166957e+00 2.8555283872e-01 7.1366486818e+01
1.4772041765e+00 2.8057686110e-01 7.3172442467e+01
1.4892400212e+00 2.7350614577e-01 7.9664389360e+01
1.5164401579e+00 2.8938037587e-01 7.0890391015e+01
1.4943245615e+00 2.7700872599e-01 7.7029708145e+01
1.5013005622e+00 2.7184231190e-01 8.3556527821e+01
1.4965445733e+00 2.8520224331e-01 7.1841252357e+01
1.5096539543e+00 2.7889524823e-01 7.6945639864e+01
1.4984486650e+00 2.7605180329e-01 7.8245611639e+01
1.4812739707e+00 2.8644199176e-01 7.0238945256e+01
1.4729316628e+00 2.7493313208e-01 7.6693262514e+01
1.4992346746e+00 2.8069963223e-01 7.4749195028e+01
1.4838564968e+00 2.7527820395e-01 7.7449627715e+01
1.4835871151e+00 2.7645022075e-01 7.6482747241e+01
1.5070984296e+00 2.8826179350e-01 7.0890391015e+01
1.4774424162e+00 2.7222394072e-01 7.9581117748e+01
1.4769396656e+00 2.7407826880e-01 7.7785069637e+01
1.5007996438e+00 2.8366709033e-01 7.3001217281e+01
1.5017364907e+00 2.7502740391e-01 7.9581117748e+01
1.5271899075e+00 2.7908588168e-01 7.8496490101e+01
1.4972906583e+00 2.8219061716e-01 7.3642520295e+01
1.5146240049e+00 2.7710260000e-01 7.8997582302e+01
1.4618162433e+00 2.7300574471e-01 7.7197759713e+01
1.5328137033e+00 2.8896350948e-01 7.2142703171e+01
1.4760891505e+00 2.7402769368e-01 7.7743162886e+01
1.5216772584e+00 2.8050260917e-01 7.6777417260e+01
1.4980169799e+00 2.8146429550e-01 7.4154045875e+01
1.5060278780e+00 2.7934580254e-01 7.6272045862e+01
1.5068557415e+00 2.8078597706e-01 7.5300326848e+01
1.4844955049e+00 2.7960559829e-01 7.4324264582e+01
1.5299086645e+00 2.8548026207e-01 7.3983683510e+01
1.4772894325e+00 2.7192647592e-01 7.9872472277e+01
1.4809772489e+00 2.7906008692e-01 7.4409320646e+01
1.5215281623e+00 2.8201666814e-01 7.5638791445e+01
1.4662106576e+00 2.7850289270e-01 7.3642520295e+01
1.4859966421e+00 2.7945974421e-01 7.4536838781e+01
1.4949242418e+00 2.7550448339e-01 7.8371079129e+01
1.5447166466e+00 2.7934390909e-01 8.0205125602e+01
1.4725788988e+00 2.6988492331e-01 8.1615332242e+01
1.5245961609e+00 2.7940373367e-01 7.7952630554e+01
1.5421807453e+00 2.8233659343e-01 7.7197759713e+01
1.5031351323e+00 2.7906490792e-01 7.6229882959e+01
1.4719784101e+00 2.9799809161e-01 6.4875376139e+01
1.4950513950e+00 2.7628189251e-01 7.7701249475e+01
1.5002210413e+00 2.8152577532e-01 7.4281723271e+01
1.5029968509e+00 2.7648442458e-01 7.8329262945e+01
1.4773645635e+00 2.7050023138e-01 8.1532528898e+01
1.5244629943e+00 2.7544270094e-01 8.2111788416e+01
1.5260415915e+00 2.7841340550e-01 7.8997582302e+01
1.5349939561e+00 2.7948296903e-01 7.8955857695e+01
1.4941359814e+00 2.7719730607e-01 7.6861542972e+01
1.5508782810e+00 2.8827622485e-01 7.3770525678e+01
1.4837622552e+00 2.7492118597e-01 7.7743162886e+01
1.4873139018e+00 2.7543226516e-01 7.7659329379e+01
1.5040437467e+00 2.7362578774e-01 8.1449707735e+01
1.4974684136e+00 2.7612695345e-01 7.8078232563e+01
1.5144675221e+00 2.7544319407e-01 8.0703484835e+01
1.4883699423e+00 2.8567795609e-01 7.1063673457e+01
1.4853026937e+00 2.7925013196e-01 7.4621807233e+01
1.5418192459e+00 2.8498257953e-01 7.5215629171e+01
1.5055561453e+00 2.7619067134e-01 7.8872390662e+01
1.4776851217e+00 2.7378341584e-01 7.8120086953e+01
1.5104885528e+00 2.7942216336e-01 7.6609078524e+01
1.5401810103e+00 2.7977021463e-01 7.9247806762e+01
1.5159349692e+00 2.7669981017e-01 7.9539473606e+01
1.5081531656e+00 2.7722051493e-01 7.8203776466e+01
1.5372651226e+00 2.7721180251e-01 8.1698117953e+01
1.5025066689e+00 2.7425722575e-01 8.0495923602e+01
1.4996145423e+00 2.7352833184e-01 8.0952396196e+01
1.5417698365e+00 2.8137726765e-01 7.7952630554e+01
1.5364742710e+00 2.8758628474e-01 7.3172442467e+01
1.4921570011e+00 2.7555896137e-01 7.8036371717e+01
1.4976710107e+00 2.8135727177e-01 7.4196613947e+01
1.5044251116e+00 2.7415021644e-01 8.0869445111e+01
1.4917073636e+00 2.7962592388e-01 7.4876505650e+01
1.4946037599e+00 2.7899160716e-01 7.5554223768e+01
1.5136569150e+00 2.7489228746e-01 8.1242575657e+01
1.5223638677e+00 2.7890621610e-01 7.8161934912e+01
1.5054611246e+00 2.7583250692e-01 7.9206117227e+01
1.4940387771e+00 2.7910409699e-01 7.5427311870e+01
1.4746346350e+00 2.7998920631e-01 7.3343513034e+01
1.5237096570e+00 2.7710559232e-01 8.0038841340e+01
1.5332364302e+00 2.7622721799e-01 8.2401110412e+01
1.4807810991e+00 2.7294103374e-01 7.9247806762e+01
1.5141901528e+00 2.7617447804e-01 7.9872472277e+01
1.5035845809e+00 2.8451086040e-01 7.2701195268e+01
1.5031109193e+00 2.7365297535e-01 8.1284011213e+01
1.4830668608e+00 2.9098103763e-01 6.8223998755e+01
1.4866917649e+00 2.8780870332e-01 6.9890422465e+01
1.5506684243e+00 2.8619645510e-01 7.5088520605e+01
1.5093306557e+00 2.7740373253e-01 7.8161934912e+01
1.5374519580e+00 2.8889289388e-01 7.2486594398e+01
1.5206605402e+00 2.8379445675e-01 7.4366797030e+01
1.5194821853e+00 2.7905946606e-01 7.7743162886e+01
1.5129953741e+00 2.7691534207e-01 7.8997582302e+01
1.4874171370e+00 2.8844127162e-01 6.9628520827e+01
1.5199260700e+00 2.7997962526e-01 7.7029708145e+01
1.4978591972e+00 2.7890469745e-01 7.5892303678e+01
1.4731301028e+00 2.8916449589e-01 6.8488366950e+01
1.4954584469e+00 2.7677955691e-01 7.7323724844e+01
1.4960167453e+00 2.8346453015e-01 7.2786965387e+01
1.4979623607e+00 2.7201414109e-01 8.2690237632e+01
1.4921108106e+00 2.7696135990e-01 7.6861542972e+01
1.5505950893e+00 2.9405839745e-01 7.0586708069e+01
1.5106396369e+00 2.7428055123e-01 8.1573932786e+01
1.5163911434e+00 2.8124133693e-01 7.5765583130e+01
1.5136100828e+00 2.8356786938e-01 7.3983683510e+01
1.5226973040e+00 2.7811794534e-01 7.8914127157e+01
1.4940776515e+00 2.7137873481e-01 8.2979177816e+01
1.5148216956e+00 2.8053852751e-01 7.6145534310e+01
1.4894788497e+00 2.7868914362e-01 7.5342663360e+01
1.4903084874e+00 2.7831157520e-01 7.5681063290e+01
1.4751934260e+00 2.8484390987e-01 7.0673532104e+01
1.4912102641e+00 2.8238510290e-01 7.3086849324e+01
1.4962410843e+00 2.7328323259e-01 8.0786474719e+01
1.4746333184e+00 2.6918022451e-01 8.2937911806e+01
1.4943044390e+00 2.7883843511e-01 7.5638791445e+01
1.4715662962e+00 2.6954815355e-01 8.1905006284e+01
1.4308041227e+00 2.6820699078e-01 7.8203776466e+01
1.5269708427e+00 2.8796206404e-01 7.2314731052e+01
1.4866571485e+00 2.7022164003e-01 8.3474090850e+01
1.4968334425e+00 2.8400704233e-01 7.2529534762e+01
1.4698333163e+00 2.7083142009e-01 8.0121993975e+01
1.5122836202e+00 2.8307660290e-01 7.4196613947e+01
1.4714525692e+00 2.8542621927e-01 7.0151886504e+01
1.5105463291e+00 2.7392040498e-01 8.2029088124e+01
1.5219023492e+00 2.7527560305e-01 8.1946371115e+01
1.5273160965e+00 2.8078109700e-01 7.7071731622e+01
1.5095450082e+00 2.8308977121e-01 7.3983683510e+01
1.4930694827e+00 2.7148334300e-01 8.2648945375e+01
1.5214914114e+00 2.8114340552e-01 7.6272045862e+01
1.4847988863e+00 2.7523844952e-01 7.7575469027e+01
1.4893837214e+00 2.7336244558e-01 7.9830866582e+01
1.4992141455e+00 2.7800254981e-01 7.6693262514e+01
1.4777099335e+00 2.8187606557e-01 7.2443643876e+01
1.5152495264e+00 2.8329212498e-01 7.4281723271e+01
1.5401772269e+00 2.8296987728e-01 7.6524865077e+01
1.5152639042e+00 2.9010141234e-01 7.0456384946e+01
1.5441612057e+00 2.8812727399e-01 7.3386256743e+01
1.4996950891e+00 2.7435280931e-01 8.0038841340e+01
1.4942121702e+00 2.7847824956e-01 7.5892303678e+01
1.4852767649e+00 2.8063145957e-01 7.3727866500e+01
1.5253687430e+00 2.7954139462e-01 7.7910750187e+01
1.4876737542e+00 2.7416931478e-01 7.8830648187e+01
1.4657138490e+00 2.7090521031e-01 7.9539473606e+01
1.5193003781e+00 2.7742308431e-01 7.9206117227e+01
1.5167891825e+00 2.7766240599e-01 7.8705384629e+01
1.5021005002e+00 2.7421063221e-01 8.0495923602e+01
1.5033487346e+00 2.7341515997e-01 8.1615332242e+01
1.5136813604e+00 2.8304210209e-01 7.4324264582e+01
1.5239563325e+00 2.8049866449e-01 7.6987677568e+01
1.4961817071e+00 2.7560391932e-01 7.8412889032e+01
1.5041087284e+00 2.8398671289e-01 7.3044038180e+01
1.4775881155e+00 2.7613401734e-01 7.6187712450e+01
1.5128183600e+00 2.8754209318e-01 7.1625611953e+01
1.5086080755e+00 2.7585865858e-01 7.9539473606e+01
1.5059729577e+00 2.7260237029e-01 8.3185453415e+01
1.5288237278e+00 2.7927346574e-01 7.8496490101e+01
1.4782866061e+00 2.8084809471e-01 7.3086849324e+01
1.5516891147e+00 2.8380244524e-01 7.6903595008e+01
1.5340458931e+00 2.8088701368e-01 7.7617402571e+01
1.5113118032e+00 2.7996077198e-01 7.6272045862e+01
1.5351613995e+00 2.8433342383e-01 7.5130898438e+01
1.4680996069e+00 2.7886463900e-01 7.3557136760e+01
1.5434980178e+00 2.8010579309e-01 7.9289490537e+01
1.4859117627e+00 2.7773765651e-01 7.5723327176e+01
1.4721755198e+00 2.6983847283e-01 8.1615332242e+01
1.4458086172e+00 2.6481370904e-01 8.4832697127e+01
1.4943157328e+00 2.8018473547e-01 7.4706741043e+01
1.5196526657e+00 2.7434466306e-01 8.2896642113e+01
1.4874343598e+00 2.7757022698e-01 7.5976744886e+01
1.5247916747e+00 2.7738819294e-01 7.9872472277e+01
1.4882826729e+00 2.7175466293e-01 8.1532528898e+01
1.5296879860e+00 2.8296539442e-01 7.5638791445e+01
1.5024747535e+00 2.9697622217e-01 6.6716440328e+01
1.5007282239e+00 2.7241465018e-01 8.2566349319e+01
1.4987005303e+00 2.7670519308e-01 7.7701249475e+01
1.5423676387e+00 2.8169291703e-01 7.7743162886e+01
1.4887424307e+00 2.7806958568e-01 7.5723327176e+01
1.5131603001e+00 2.8265429783e-01 7.4536838781e+01
1.5048246983e+00 2.7828190419e-01 7.6987677568e+01
1.4956618786e+00 2.8291344947e-01 7.3086849324e+01
1.4905368912e+00 2.7175770748e-01 8.1863637206e+01
1.4913585194e+00 2.7952246765e-01 7.4918925507e+01
1.4882841561e+00 2.7355891289e-01 7.9497823876e+01
1.5133105840e+00 2.7478485738e-01 8.1325442176e+01
1.5362959981e+00 2.8685110598e-01 7.3599833208e+01
1.5228707003e+00 2.8340508889e-01 7.4791640439e+01
1.4782866061e+00 2.8084809471e-01 7.3086849324e+01
1.4801893977e+00 2.8165367125e-01 7.2744085313e+01
1.5608455886e+00 2.8105772364e-01 8.0329784068e+01
1.4897204630e+00 2.8206516338e-01 7.3172442467e+01
1.4839190490e+00 2.7927872476e-01 7.4494341492e+01
1.5021711117e+00 2.8048219047e-01 7.5130898438e+01
1.4978625880e+00 2.7301839912e-01 8.1325442176e+01
1.4992552987e+00 2.8657191264e-01 7.1280024178e+01
1.5085843697e+00 2.7815001844e-01 7.7449627715e+01
1.4684484215e+00 2.8076748697e-01 7.2443643876e+01
1.4946042424e+00 2.8351816961e-01 7.2658295222e+01
1.4997511562e+00 2.7293926358e-01 8.1698117953e+01
1.5126372623e+00 2.8272296086e-01 7.4451835457e+01
1.5348488934e+00 2.7780448703e-01 8.0661982523e+01
1.4917241070e+00 2.7508790937e-01 7.8412889032e+01
1.5141771464e+00 2.7391829492e-01 8.2607649278e+01
1.5231889064e+00 2.8263162736e-01 7.5342663360e+01
1.4780920587e+00 2.7653178258e-01 7.5934528179e+01
1.4657501257e+00 2.7086893352e-01 7.9581117748e+01
1.5543332900e+00 2.8024291386e-01 8.0412864007e+01
1.4661043811e+00 2.7635944108e-01 7.5046134423e+01
1.4918840283e+00 2.7764028860e-01 7.6314201186e+01
1.4855513084e+00 2.8171266182e-01 7.3086849324e+01
1.4948182946e+00 2.7787212513e-01 7.6398489209e+01
1.4840400052e+00 2.7644870607e-01 7.6524865077e+01
1.4755566338e+00 2.8222440381e-01 7.2099670255e+01
1.4769906753e+00 2.7447786221e-01 7.7449627715e+01
1.5240124212e+00 2.7953240920e-01 7.7785069637e+01
1.4904085072e+00 2.7549971727e-01 7.7910750187e+01
1.5135458455e+00 2.7999726175e-01 7.6440621960e+01
1.4669141727e+00 2.7330088906e-01 7.7449627715e+01
1.5405542672e+00 2.7711533141e-01 8.2318467199e+01
1.4838545924e+00 2.8521757807e-01 7.1020369769e+01
1.4764151728e+00 2.7685616372e-01 7.5554223768e+01
1.5305099444e+00 2.8168764527e-01 7.6651174188e+01
1.5036150293e+00 2.7722545557e-01 7.7743162886e+01
1.4942321707e+00 2.7483999983e-01 7.8914127157e+01
1.5116162560e+00 2.7693294645e-01 7.8830648187e+01
1.4740388353e+00 2.6797515731e-01 8.4997163568e+01
1.4723141320e+00 2.7014969016e-01 8.1242575657e+01
1.5246057269e+00 2.7620952242e-01 8.1159690671e+01
1.5462223991e+00 2.8103643800e-01 7.8705384629e+01
1.5275342210e+00 2.7601060938e-01 8.1822263856e+01
1.4769833756e+00 2.7628796090e-01 7.6018953826e+01
1.4759637279e+00 2.8181730973e-01 7.2357712234e+01
1.5280012848e+00 2.8282916215e-01 7.5596511614e+01
1.4870217301e+00 2.7482133889e-01 7.8161934912e+01
1.4995903572e+00 2.7581536616e-01 7.8580066351e+01
1.5074250572e+00 2.7568154532e-01 7.9581117748e+01
1.4401169592e+00 2.6916426687e-01 7.8329262945e+01
1.5263037297e+00 2.8361547986e-01 7.4918925507e+01
1.4781116037e+00 2.7470897506e-01 7.7365699350e+01
1.5303653738e+00 2.7818726638e-01 7.9706016880e+01
1.4955460550e+00 2.8348222746e-01 7.2744085313e+01
1.5086296284e+00 2.7810475974e-01 7.7491581624e+01
1.4659644835e+00 2.7065457580e-01 7.9830866582e+01
1.4690558663e+00 2.7025996245e-01 8.0661982523e+01
1.5514055706e+00 2.7722453011e-01 8.4050874581e+01
1.4970628877e+00 2.7607998641e-01 7.8078232563e+01
1.5174888970e+00 2.7878011397e-01 7.7785069637e+01
1.4845295351e+00 2.7550780072e-01 7.7323724844e+01
1.4925354436e+00 2.7744105821e-01 7.6524865077e+01
1.5066152480e+00 2.7422523691e-01 8.1076787034e+01
1.4535260797e+00 2.6828570623e-01 8.0869445111e+01
1.5181771232e+00 2.8127385243e-01 7.5892303678e+01
1.5352667797e+00 2.8240281891e-01 7.6524865077e+01
1.4892799890e+00 2.7527283666e-01 7.7994504389e+01
1.4571238243e+00 2.6917055010e-01 8.0329784068e+01
1.4729370689e+00 2.8349065292e-01 7.1236776285e+01
1.4980849072e+00 2.7324838030e-01 8.1076787034e+01
1.4861008302e+00 2.7890375650e-01 7.4918925507e+01
1.4857076193e+00 2.7342708154e-01 7.9331168577e+01
1.4898068708e+00 2.7971744609e-01 7.4664278454e+01
1.5320017050e+00 2.8247522007e-01 7.6187712450e+01
1.5511499944e+00 2.8068105466e-01 7.9581117748e+01
1.4905983033e+00 2.8661839200e-01 7.0716926810e+01
1.5180430178e+00 2.7459176157e-01 8.2277139574e+01
1.4742458660e+00 2.7226816342e-01 7.9164421908e+01
1.5374981165e+00 2.8108401810e-01 7.7785069637e+01
1.4591014051e+00 2.7841642231e-01 7.3172442467e+01
1.4965543786e+00 2.7296993829e-01 8.1201135484e+01
1.5153582421e+00 2.8227423819e-01 7.4961336903e+01
1.4890297644e+00 2.8773413018e-01 7.0064779975e+01
1.4728953135e+00 2.8308138024e-01 7.1452905485e+01
1.4969931201e+00 2.8747361404e-01 7.0673532104e+01
1.5262376245e+00 2.8003816475e-01 7.7575469027e+01
1.5118765880e+00 2.7803412820e-01 7.7868863262e+01
1.5034821055e+00 2.7735837933e-01 7.7617402571e+01
1.5035436580e+00 2.7548462455e-01 7.9331168577e+01
1.4796067624e+00 2.7276309734e-01 7.9289490537e+01
1.4967654304e+00 2.7682993663e-01 7.7407666966e+01
1.5114223518e+00 2.7894227901e-01 7.7071731622e+01
1.4969785501e+00 2.8114386189e-01 7.4281723271e+01
1.4819681792e+00 2.8574778325e-01 7.0630125868e+01
1.4994841336e+00 2.7004018324e-01 8.7377979671e+01
1.4774292528e+00 2.7178665565e-01 8.0038841340e+01
1.5166386403e+00 2.9601474007e-01 6.7826528454e+01
1.5115916058e+00 2.8240572289e-01 7.4579327351e+01
1.5011059682e+00 2.7882833862e-01 7.6229882959e+01
1.5259074882e+00 2.7945782842e-01 7.8036371717e+01
1.5106123283e+00 2.7793687414e-01 7.7826969754e+01
1.4922523848e+00 2.7681978569e-01 7.6987677568e+01
1.4863874583e+00 2.8042455807e-01 7.3941070253e+01
1.5067566977e+00 2.7589660444e-01 7.9289490537e+01
1.4740214853e+00 2.7474401332e-01 7.6945639864e+01
1.5501507620e+00 2.7802221274e-01 8.2566349319e+01
1.5309082740e+00 2.7946653518e-01 7.8538281315e+01
1.4594133490e+00 2.7810447840e-01 7.3386256743e+01
1.4619751047e+00 2.7868963170e-01 7.3215224529e+01
1.4873750850e+00 2.8034087751e-01 7.4068882767e+01
1.4694507275e+00 2.7706330191e-01 7.4834077304e+01
1.4866591711e+00 2.7473240670e-01 7.8203776466e+01
1.5213096867e+00 2.7859600854e-01 7.8329262945e+01
1.5035776094e+00 2.7363908590e-01 8.1366868568e+01
1.4491948268e+00 2.9686902482e-01 6.4240429216e+01
1.4689043288e+00 2.7896046607e-01 7.3557136760e+01
1.4911734572e+00 2.7744660542e-01 7.6398489209e+01
1.4623725917e+00 2.7784247004e-01 7.3770525678e+01
1.5213517974e+00 2.7537166509e-01 8.1739504252e+01
1.5258707030e+00 2.8222649051e-01 7.5850071354e+01
1.5020286347e+00 2.8425214587e-01 7.2744085313e+01
1.4962269496e+00 2.8098974566e-01 7.4324264582e+01
1.5162401712e+00 2.8321080441e-01 7.4409320646e+01
1.4679000971e+00 2.9213723873e-01 6.6939183810e+01
1.5454204877e+00 2.8229539921e-01 7.7533528720e+01
1.5234533697e+00 2.8555475535e-01 7.3471715656e+01
1.5207265914e+00 2.8099836519e-01 7.6314201186e+01
1.4980692128e+00 2.8277127202e-01 7.3343513034e+01
1.5318336447e+00 2.8173143159e-01 7.6735343529e+01
1.5228574020e+00 2.8205273570e-01 7.5723327176e+01
1.5463553769e+00 2.8318909010e-01 7.6903595008e+01
1.5300926694e+00 2.8028213973e-01 7.7743162886e+01
1.5512694041e+00 2.8147654428e-01 7.8830648187e+01
1.5005192903e+00 2.7624460431e-01 7.8287440457e+01
1.5107977504e+00 2.7820525157e-01 7.7617402571e+01
1.5124057833e+00 2.7932082163e-01 7.6861542972e+01
1.4785465699e+00 2.7652818363e-01 7.5976744886e+01
1.4785443489e+00 2.7607949244e-01 7.6314201186e+01
1.5052052527e+00 2.7880806574e-01 7.6609078524e+01
1.5002709676e+00 2.8056951729e-01 7.4918925507e+01
1.4795657105e+00 2.8860228278e-01 6.9103373832e+01
1.5257413505e+00 2.9420987443e-01 6.9103373832e+01
1.4840669639e+00 2.7597037193e-01 7.6903595008e+01
1.5142056948e+00 2.8297225743e-01 7.4409320646e+01
1.4984155380e+00 2.7472733611e-01 7.9497823876e+01
1.4857800157e+00 2.8284004695e-01 7.2443643876e+01
1.4909640217e+00 2.8036926580e-01 7.4324264582e+01
1.5725511246e+00 2.8403557757e-01 7.8705384629e+01
1.5053817552e+00 2.8180627901e-01 7.4494341492e+01
1.4658080842e+00 3.0869238403e-01 6.1105273458e+01
1.4844796359e+00 2.8504468097e-01 7.1150247189e+01
1.4677751691e+00 2.8369336846e-01 7.0803681768e+01
1.5073564241e+00 2.7847078722e-01 7.7071731622e+01
1.4984616216e+00 2.7241936548e-01 8.2194472172e+01
1.5065436993e+00 2.7837648886e-01 7.7071731622e+01
1.5062437928e+00 2.7233153518e-01 8.3680158222e+01
1.5186758392e+00 2.8168461394e-01 7.5638791445e+01
1.4741337834e+00 2.7688415106e-01 7.5342663360e+01
1.5045380890e+00 2.7449019346e-01 8.0495923602e+01
1.5425627611e+00 2.8972571858e-01 7.2357712234e+01
1.5318490819e+00 2.7943704115e-01 7.8663617982e+01
1.4714691627e+00 2.8405654165e-01 7.0847042089e+01
1.4633629160e+00 2.8855626330e-01 6.8223998755e+01
1.5193808071e+00 2.7870623959e-01 7.8036371717e+01
1.4819678741e+00 2.7536201964e-01 7.7197759713e+01
1.5354227661e+00 2.8315936858e-01 7.5976744886e+01
1.5169031778e+00 2.8118386889e-01 7.5850071354e+01
1.4897763360e+00 2.7658376516e-01 7.6945639864e+01
1.4533671863e+00 2.7113368653e-01 7.7952630554e+01
1.4891940971e+00 2.7535872853e-01 7.7910750187e+01
1.5104373445e+00 2.7720437409e-01 7.8454692681e+01
1.5349007393e+00 2.7866433705e-01 7.9747638907e+01
1.4919415953e+00 2.7577436713e-01 7.7826969754e+01
1.4667698393e+00 2.7389489709e-01 7.6945639864e+01
1.4940969359e+00 2.7587956586e-01 7.7952630554e+01
1.5069930974e+00 2.8791278930e-01 7.1063673457e+01
1.4889743420e+00 2.7196578327e-01 8.1366868568e+01
1.4638273870e+00 2.7683734945e-01 7.4536838781e+01
1.4664417402e+00 2.6793107693e-01 8.3432867286e+01
1.4861835031e+00 2.6934220123e-01 8.5038273669e+01
1.5219417978e+00 2.8387873596e-01 7.4409320646e+01
1.4983874403e+00 2.7701828309e-01 7.7407666966e+01
1.5168238053e+00 2.7671930196e-01 7.9622756324e+01
1.4939519731e+00 2.7331199709e-01 8.0454396336e+01
1.4793551085e+00 2.7076173564e-01 8.1491120555e+01
1.4879756509e+00 2.8200085085e-01 7.3086849324e+01
1.4826158362e+00 2.7426295232e-01 7.8203776466e+01
1.4636502251e+00 2.7296883418e-01 7.7407666966e+01
1.4861098309e+00 2.7663633605e-01 7.6566975496e+01
1.4871592744e+00 2.7649014477e-01 7.6777417260e+01
1.4859981396e+00 2.7133175412e-01 8.1739504252e+01
1.5075493349e+00 2.7691739919e-01 7.8412889032e+01
1.5047759784e+00 2.7470529705e-01 8.0288236411e+01
1.5036533580e+00 2.8308103015e-01 7.3557136760e+01
1.4973158820e+00 2.7266061973e-01 8.1698117953e+01
1.4997828959e+00 2.7924538657e-01 7.5807831180e+01
1.4918426904e+00 2.8356303299e-01 7.2443643876e+01
1.5016996570e+00 2.7506423763e-01 7.9539473606e+01
1.5157417606e+00 2.8507348869e-01 7.3215224529e+01
1.5067465025e+00 2.8089521608e-01 7.5215629171e+01
1.5003419669e+00 2.7415850135e-01 8.0329784068e+01
1.5214759937e+00 2.7979409011e-01 7.7323724844e+01
1.4467307231e+00 2.7418501139e-01 7.4961336903e+01
1.5267624654e+00 2.9501474737e-01 6.8796190524e+01
1.5109745538e+00 2.7621348038e-01 7.9456168532e+01
1.4716213581e+00 2.6949309166e-01 8.1987731721e+01
1.5246463413e+00 2.8117419245e-01 7.6524865077e+01
1.5163515004e+00 2.8355419488e-01 7.4196613947e+01
1.4942958295e+00 2.8156257917e-01 7.3813175613e+01
1.5152495115e+00 2.7556907234e-01 8.0661982523e+01
1.4892134755e+00 2.7443594366e-01 7.8747145195e+01
1.5344142551e+00 2.8462420478e-01 7.4876505650e+01
1.5187034975e+00 2.7983815387e-01 7.7029708145e+01
1.4904390787e+00 2.7321034054e-01 8.0121993975e+01
1.4903051696e+00 2.7289260422e-01 8.0454396336e+01
1.4675732585e+00 2.7219216741e-01 7.8496490101e+01
1.4780555919e+00 2.7521574456e-01 7.6945639864e+01
1.4883851927e+00 2.8430522706e-01 7.1798145674e+01
1.5178867774e+00 2.8929963751e-01 7.1020369769e+01
1.4938399554e+00 2.7387600709e-01 7.9830866582e+01
1.4721502963e+00 2.8924128153e-01 6.8400297950e+01
1.5354540502e+00 2.8130316509e-01 7.7407666966e+01
1.4719763810e+00 2.7183716193e-01 7.9331168577e+01
1.5132312161e+00 2.7622562378e-01 7.9706016880e+01
1.4467022342e+00 2.8542531008e-01 6.8708306827e+01
1.5231235044e+00 2.7496354225e-01 8.2566349319e+01
1.4911448978e+00 2.7340792788e-01 7.9997257084e+01
1.5312023288e+00 2.8418659784e-01 7.4918925507e+01
1.5116649501e+00 2.8051572284e-01 7.5892303678e+01
1.5253035322e+00 2.7824129822e-01 7.9081013820e+01
1.4561202222e+00 2.7870176588e-01 7.2786965387e+01
1.4784321716e+00 2.7934886603e-01 7.4026287672e+01
1.5578292586e+00 2.8361582425e-01 7.7617402571e+01
1.5219997029e+00 2.7790599237e-01 7.9039301002e+01
1.4771119026e+00 2.7390603188e-01 7.7952630554e+01
1.4619814957e+00 2.8498275026e-01 6.9803170919e+01
1.5152252780e+00 2.7922631052e-01 7.7197759713e+01
1.4855098184e+00 2.7497889286e-01 7.7868863262e+01
1.4952241617e+00 2.7972891492e-01 7.5088520605e+01
1.4986707904e+00 2.7447208368e-01 7.9789255467e+01
1.4754709225e+00 2.7599761502e-01 7.6103348511e+01
1.4832201191e+00 2.8223626726e-01 7.2615385143e+01
1.4691869867e+00 2.7102807508e-01 7.9830866582e+01
1.5029420468e+00 2.8197814134e-01 7.4196613947e+01
1.4934379051e+00 2.7427805735e-01 7.9372840907e+01
1.4963130309e+00 2.7456795614e-01 7.9414507550e+01
1.4609591200e+00 2.7521061329e-01 7.5427311870e+01
1.5132675831e+00 2.7618925681e-01 7.9747638907e+01
1.5350818512e+00 2.7574859582e-01 8.3432867286e+01
1.5101317908e+00 2.8295713340e-01 7.4111468825e+01
1.5163417446e+00 2.9130004047e-01 6.9934029987e+01
1.4812710781e+00 2.7650995949e-01 7.6229882959e+01
1.4915679473e+00 2.9607377122e-01 6.6537977045e+01
1.4979134003e+00 2.9835561071e-01 6.5956288709e+01
1.4872533274e+00 2.8860508129e-01 6.9541121708e+01
1.5155431298e+00 2.8299852159e-01 7.4494341492e+01
1.5055135203e+00 2.7895321385e-01 7.6524865077e+01
1.4994307933e+00 2.7280721048e-01 8.1822263856e+01
1.5101643508e+00 2.8746812945e-01 7.1496098411e+01
1.4966684154e+00 2.9097330312e-01 6.8971801420e+01
1.4687262455e+00 2.7058958325e-01 8.0246683597e+01
1.4612210759e+00 2.7494865738e-01 7.5638791445e+01
1.4865048856e+00 2.7533818333e-01 7.7659329379e+01
1.5128205645e+00 2.7663627545e-01 7.9247806762e+01
1.4968123577e+00 2.8312194907e-01 7.3044038180e+01
1.5086692607e+00 2.7851877348e-01 7.7155757380e+01
1.5015730584e+00 2.7564363688e-01 7.8955857695e+01
1.5146710217e+00 2.8296145853e-01 7.4451835457e+01
1.5317303308e+00 2.8320257599e-01 7.5638791445e+01
1.5555527951e+00 2.7948106774e-01 8.1449707735e+01
1.4930556252e+00 2.7240076117e-01 8.1408290413e+01
1.5015609699e+00 2.8471981066e-01 7.2443643876e+01
1.5232385552e+00 2.7666714003e-01 8.0454396336e+01
1.5138783041e+00 2.9695214290e-01 6.7294809986e+01
1.5435399305e+00 2.8143422935e-01 7.8078232563e+01
1.4869911346e+00 2.7620663922e-01 7.6987677568e+01
1.5144207448e+00 2.7458225720e-01 8.1739504252e+01
1.4845981700e+00 2.9443011255e-01 6.6850130873e+01
1.5502114107e+00 2.8711131795e-01 7.4451835457e+01
1.4789463627e+00 2.7162100723e-01 8.0412864007e+01
1.5347604025e+00 2.8290919613e-01 7.6103348511e+01
1.4822266772e+00 2.7826203411e-01 7.5046134423e+01
1.5095553404e+00 2.7445797813e-01 8.1201135484e+01
1.5037442405e+00 2.7936236199e-01 7.6061155025e+01
1.4931567703e+00 2.7591540020e-01 7.7826969754e+01
1.5129294332e+00 2.7380495495e-01 8.2566349319e+01
1.5216225714e+00 2.8875223775e-01 7.1539280443e+01
1.4966905159e+00 2.8097901854e-01 7.4366797030e+01
1.5741897718e+00 2.8699345404e-01 7.6440621960e+01
1.4856807700e+00 2.8067933122e-01 7.3727866500e+01
1.5104607309e+00 2.7445945717e-01 8.1325442176e+01
1.5342187084e+00 2.7661173853e-01 8.2029088124e+01
1.4813355003e+00 2.8050756872e-01 7.3514430919e+01
1.5057989838e+00 2.7549464777e-01 7.9581117748e+01
1.4699562105e+00 2.7385733249e-01 7.7281743419e+01
1.4960299587e+00 2.7892311783e-01 7.5723327176e+01
1.5077220094e+00 2.7765167113e-01 7.7785069637e+01
1.5004292804e+00 2.8630510782e-01 7.1496098411e+01
1.5224064785e+00 2.7886360527e-01 7.8203776466e+01
1.5223143647e+00 2.9033901565e-01 7.0760310020e+01
1.4764271856e+00 2.7639339318e-01 7.5892303678e+01
1.4514287180e+00 2.7486565636e-01 7.4876505650e+01
1.5059248410e+00 2.8761826630e-01 7.1150247189e+01
1.5196338788e+00 2.7618071906e-01 8.0537445831e+01
1.4869762100e+00 2.7938389117e-01 7.4664278454e+01
1.4980937248e+00 2.8546621651e-01 7.1798145674e+01
1.5031351323e+00 2.7906490792e-01 7.6229882959e+01
1.5135966330e+00 2.8676382017e-01 7.2099670255e+01
1.4919961261e+00 2.8205177227e-01 7.3343513034e+01
1.5105196368e+00 2.7712208180e-01 7.8538281315e+01
1.5128604448e+00 2.7614255718e-01 7.9747638907e+01
1.4785756169e+00 2.7154122721e-01 8.0454396336e+01
1.5171167645e+00 2.8733823250e-01 7.2013573065e+01
1.4985996634e+00 2.7635341320e-01 7.7994504389e+01
1.4870388622e+00 2.7164457898e-01 8.1491120555e+01
1.5213417570e+00 2.7947349237e-01 7.7575469027e+01
1.4967843771e+00 2.7590604266e-01 7.8203776466e+01
1.4963882990e+00 2.7268387148e-01 8.1532528898e+01
1.4430016281e+00 2.8239591778e-01 6.9934029987e+01
1.4998787582e+00 2.8277454389e-01 7.3471715656e+01
1.5291890115e+00 2.7708677771e-01 8.0744982225e+01
1.4956590535e+00 2.7929402302e-01 7.5427311870e+01
1.4840580869e+00 2.7191860691e-01 8.0744982225e+01
1.4746644341e+00 2.7590293583e-01 7.6103348511e+01
1.4867751774e+00 2.7326215842e-01 7.9622756324e+01
1.4593117216e+00 2.8360196875e-01 7.0325956512e+01
1.5010260312e+00 2.8072078541e-01 7.4876505650e+01
1.4849732522e+00 2.7325896789e-01 7.9414507550e+01
1.4867551569e+00 2.7824942983e-01 7.5427311870e+01
1.5034339605e+00 2.7785967106e-01 7.7197759713e+01
1.4984346040e+00 2.7244638306e-01 8.2153132349e+01
1.4753043871e+00 2.8789338670e-01 6.9191024681e+01
1.4491576325e+00 2.6951865390e-01 7.8997582302e+01
1.4820650295e+00 2.8339135681e-01 7.1884348405e+01
1.5295818075e+00 2.7578350908e-01 8.2442426045e+01
1.4789362538e+00 2.7298292557e-01 7.8997582302e+01
1.5242578630e+00 2.7701222079e-01 8.0205125602e+01
1.4963039302e+00 2.7729143682e-01 7.6987677568e+01
1.4920594638e+00 2.7339692254e-01 8.0121993975e+01
1.5171072906e+00 2.7734429796e-01 7.9039301002e+01
1.4743943287e+00 2.7076928334e-01 8.0786474719e+01
1.4884039328e+00 2.7434223417e-01 7.8747145195e+01
1.5422295869e+00 2.7817807775e-01 8.1201135484e+01
1.4930853015e+00 2.7237108489e-01 8.1449707735e+01
1.4862409055e+00 2.8373559630e-01 7.1970508727e+01
1.5204811777e+00 2.7942451752e-01 7.7533528720e+01
1.4871317414e+00 2.7742108430e-01 7.6061155025e+01
1.4609666483e+00 2.7295703668e-01 7.7155757380e+01
1.5141058652e+00 2.8080002143e-01 7.5892303678e+01
1.4993786657e+00 2.7693246666e-01 7.7575469027e+01
1.5129935803e+00 2.7464813822e-01 8.1449707735e+01
1.4677751691e+00 2.8369336846e-01 7.0803681768e+01
1.5254317365e+00 2.7902326046e-01 7.8371079129e+01
1.5199371019e+00 2.7951387371e-01 7.7407666966e+01
1.5027784230e+00 2.7942161719e-01 7.5934528179e+01
1.4857889240e+00 2.7108986452e-01 8.2029088124e+01
1.4292178140e+00 2.7916953997e-01 7.0716926810e+01
1.5098306783e+00 2.8734727392e-01 7.1539280443e+01
1.5025931777e+00 2.7598215033e-01 7.8747145195e+01
1.5268879871e+00 2.8667708923e-01 7.3044038180e+01
1.5072824872e+00 2.8126671529e-01 7.5003739865e+01
1.4654804049e+00 3.0133161151e-01 6.3419033617e+01
1.5329982612e+00 2.8056681514e-01 7.7785069637e+01
1.5024267661e+00 2.8566867528e-01 7.1970508727e+01
1.5169380517e+00 2.8296764355e-01 7.4621807233e+01
1.5071267075e+00 2.7734002656e-01 7.7994504389e+01
1.5310867809e+00 2.8019934209e-01 7.7910750187e+01
1.5139986508e+00 2.7818202216e-01 7.7952630554e+01
1.4971046672e+00 2.8237660828e-01 7.3514430919e+01
1.4882838542e+00 2.7446231281e-01 7.8621845231e+01
1.5069420162e+00 2.7979237197e-01 7.6018953826e+01
1.5148730003e+00 2.7776177911e-01 7.8412889032e+01
1.5205263149e+00 2.7937938031e-01 7.7575469027e+01
1.5121192091e+00 2.7461517910e-01 8.1366868568e+01
1.4855305770e+00 2.6999512737e-01 8.3638951400e+01
1.5254811863e+00 2.8489362283e-01 7.4026287672e+01
1.4540625629e+00 2.7043830993e-01 7.8663617982e+01
1.5256759942e+00 2.7513925516e-01 8.2731526072e+01
1.5167684129e+00 2.7904618505e-01 7.7491581624e+01
1.5460949032e+00 3.0314524615e-01 6.6403971187e+01
1.4857128238e+00 2.8290723885e-01 7.2400683165e+01
1.4946094901e+00 2.7762851372e-01 7.6566975496e+01
1.4780801548e+00 2.7789653898e-01 7.4961336903e+01
1.4908651896e+00 2.7639878061e-01 7.7197759713e+01
1.4928981563e+00 2.8160231196e-01 7.3685198049e+01
1.5127364978e+00 2.7899010711e-01 7.7155757380e+01
1.5381373251e+00 2.8135749826e-01 7.7617402571e+01
1.4998732333e+00 2.7734346197e-01 7.7281743419e+01
1.4822266772e+00 2.7826203411e-01 7.5046134423e+01
1.5331573876e+00 2.7721742157e-01 8.1118241196e+01
1.5025651810e+00 2.7329322761e-01 8.1656727290e+01
1.4813196502e+00 2.7420605416e-01 7.8120086953e+01
1.5211571731e+00 2.7920328004e-01 7.7785069637e+01
1.4962232545e+00 2.7646716525e-01 7.7659329379e+01
1.5171599569e+00 2.8047252333e-01 7.6398489209e+01
1.5118765880e+00 2.7803412820e-01 7.7868863262e+01
1.4998735123e+00 2.7598489632e-01 7.8454692681e+01
1.4978739779e+00 2.7617392050e-01 7.8078232563e+01
1.5159643818e+00 2.8166809845e-01 7.5427311870e+01
1.5184980202e+00 2.9005461999e-01 7.0673532104e+01
1.4868645164e+00 2.7588165058e-01 7.7239755051e+01
1.4712579035e+00 2.7930946644e-01 7.3514430919e+01
1.4950884279e+00 2.7534029724e-01 7.8538281315e+01
1.5060182443e+00 2.8162347422e-01 7.4664278454e+01
1.5144385383e+00 2.8273941387e-01 7.4579327351e+01
1.5216602233e+00 2.7506323915e-01 8.2194472172e+01
1.5016956229e+00 2.8458515763e-01 7.2529534762e+01
1.4916227523e+00 2.8152012180e-01 7.3642520295e+01
1.5301003314e+00 2.8802551611e-01 7.2486594398e+01
1.4547924914e+00 2.8902105152e-01 6.7560923945e+01
1.4949629258e+00 2.7637036171e-01 7.7617402571e+01
1.5629599854e+00 2.7985989971e-01 8.2029088124e+01
1.5111015924e+00 2.8062501254e-01 7.5765583130e+01
1.4941241884e+00 2.7088039836e-01 8.3803759085e+01
1.5044297168e+00 2.8366572451e-01 7.3257996956e+01
1.4524716284e+00 2.7247756158e-01 7.6735343529e+01
1.5140290448e+00 2.8314890744e-01 7.4281723271e+01
1.4539019843e+00 2.8631307748e-01 6.8708306827e+01
1.5178569477e+00 2.7568615959e-01 8.0869445111e+01
1.5163641993e+00 2.8945633446e-01 7.0847042089e+01
1.4915998980e+00 2.7521211843e-01 7.8287440457e+01
1.5220668451e+00 2.7965811150e-01 7.7491581624e+01
1.5001586545e+00 2.8068183040e-01 7.4834077304e+01
1.5423676387e+00 2.8169291703e-01 7.7743162886e+01
1.5037168453e+00 2.8437859602e-01 7.2786965387e+01
1.4948693873e+00 2.7691623915e-01 7.7155757380e+01
1.5205884415e+00 2.8705334354e-01 7.2400683165e+01
1.4639458174e+00 2.8256821208e-01 7.1150247189e+01
1.5153807725e+00 2.8043382540e-01 7.6272045862e+01
1.4787440179e+00 2.7182335206e-01 8.0163562403e+01
1.4928352147e+00 2.7307300981e-01 8.0578963045e+01
1.4819054398e+00 2.7046441996e-01 8.2277139574e+01
1.4717031460e+00 2.7391056648e-01 7.7407666966e+01
1.5015493743e+00 2.7385634906e-01 8.0827962340e+01
1.5011078760e+00 2.7158254374e-01 8.3968515318e+01
1.5300079305e+00 2.7945571768e-01 7.8454692681e+01
1.5158382081e+00 2.8043080295e-01 7.6314201186e+01
1.5050393790e+00 2.8759540034e-01 7.1106965919e+01
1.4512132553e+00 2.7552959159e-01 7.4409320646e+01
1.5157092622e+00 2.7692551722e-01 7.9289490537e+01
1.4791628691e+00 2.8855309338e-01 6.9103373832e+01
1.5063661530e+00 2.7311512247e-01 8.2483737725e+01
1.5070772342e+00 2.7512280600e-01 8.0121993975e+01
1.4911098797e+00 2.7705811359e-01 7.6693262514e+01
1.4851033474e+00 2.7764281960e-01 7.5723327176e+01
1.5112922654e+00 2.7725693708e-01 7.8496490101e+01
1.5012727303e+00 2.7730259777e-01 7.7449627715e+01
1.4943712740e+00 2.7696201349e-01 7.7071731622e+01
1.5147118863e+00 2.8201157616e-01 7.5088520605e+01
1.5235645490e+00 2.7588642662e-01 8.1408290413e+01
1.4719890184e+00 2.7767733860e-01 7.4621807233e+01
1.4841608524e+00 2.7587648343e-01 7.6987677568e+01
1.4769396656e+00 2.7407826880e-01 7.7785069637e+01
1.4708905353e+00 2.7337299203e-01 7.7785069637e+01
1.4825910509e+00 2.7564116918e-01 7.7029708145e+01
1.5020254156e+00 2.7473847901e-01 7.9914072577e+01
1.5120242509e+00 2.8015642206e-01 7.6187712450e+01
1.4678245228e+00 2.9356705504e-01 6.6359272171e+01
1.5268228893e+00 2.7899764450e-01 7.8538281315e+01
1.4867263773e+00 2.7601978964e-01 7.7113748025e+01
1.4607235688e+00 2.7185295251e-01 7.8078232563e+01
1.5370870288e+00 2.7738989631e-01 8.1449707735e+01
1.5158382081e+00 2.8043080295e-01 7.6314201186e+01
1.5220814049e+00 2.7646024646e-01 8.0537445831e+01
1.5172932776e+00 2.7534150179e-01 8.1201135484e+01
1.4687680593e+00 2.9759204186e-01 6.4875376139e+01
1.5204254723e+00 2.8311935815e-01 7.4791640439e+01
1.4659291495e+00 2.7068990977e-01 7.9789255467e+01
1.5021222412e+00 2.7690604131e-01 7.7868863262e+01
1.4878243335e+00 2.7672849216e-01 7.6651174188e+01
1.4837447025e+00 2.7674400876e-01 7.6272045862e+01
1.4990484706e+00 2.8360483157e-01 7.2915546096e+01
1.5104036415e+00 2.8132296342e-01 7.5215629171e+01
1.5106123283e+00 2.7793687414e-01 7.7826969754e+01
1.5096613246e+00 2.7661945597e-01 7.8914127157e+01
1.5002728110e+00 2.7106047650e-01 8.4791573899e+01
1.5224084795e+00 2.8796632969e-01 7.2013573065e+01
1.5186515952e+00 2.7852635699e-01 7.8120086953e+01
1.5053396959e+00 2.8048751546e-01 7.5384991691e+01
1.4754205521e+00 2.7604798545e-01 7.6061155025e+01
1.5293505518e+00 2.7692523741e-01 8.0952396196e+01
1.4649250864e+00 2.7394118388e-01 7.6735343529e+01
1.4991401096e+00 2.7309789426e-01 8.1408290413e+01
1.5444428498e+00 2.8510161717e-01 7.5342663360e+01
1.5425627611e+00 2.8972571858e-01 7.2357712234e+01
1.5332507112e+00 2.7712409795e-01 8.1242575657e+01
1.4865167296e+00 2.7352060622e-01 7.9331168577e+01
1.4923682336e+00 2.7534772889e-01 7.8245611639e+01
1.4928352558e+00 2.7352484542e-01 8.0080420295e+01
1.4951721244e+00 2.7163989197e-01 8.2772810718e+01
1.4693650741e+00 2.7309874803e-01 7.7868863262e+01
1.5064592841e+00 2.7528753255e-01 7.9872472277e+01
1.4975278315e+00 2.7652006692e-01 7.7743162886e+01
1.5289324851e+00 2.8417672415e-01 7.4749195028e+01
1.4465083394e+00 2.9145893026e-01 6.6135547182e+01
1.4877954124e+00 2.7224192344e-01 8.0869445111e+01
1.5075493349e+00 2.7691739919e-01 7.8412889032e+01
1.5239784853e+00 2.9141044129e-01 7.0325956512e+01
1.4292178140e+00 2.7916953997e-01 7.0716926810e+01
1.4754722452e+00 2.7284288225e-01 7.8747145195e+01
1.4305879368e+00 2.7958731711e-01 7.0586708069e+01
1.5077256180e+00 2.7356801353e-01 8.2070440348e+01
1.5272443923e+00 2.7812092426e-01 7.9414507550e+01
1.5471430425e+00 2.8194422226e-01 7.7994504389e+01
1.5234596714e+00 2.8236086236e-01 7.5554223768e+01
1.5122802547e+00 2.7490777947e-01 8.1035328162e+01
1.5369942126e+00 2.7793869417e-01 8.0786474719e+01
1.4988193988e+00 2.7568106946e-01 7.8621845231e+01
1.4960187342e+00 2.7757663281e-01 7.6735343529e+01
1.5030370552e+00 2.8415097903e-01 7.2872695748e+01
1.5241215607e+00 2.7578413457e-01 8.1615332242e+01
1.5043066071e+00 2.8288142707e-01 7.3727866500e+01
1.5143903780e+00 2.8142421993e-01 7.5469623924e+01
1.5479132424e+00 2.8391780661e-01 7.6482747241e+01
1.5092678953e+00 2.8200467985e-01 7.4664278454e+01
1.5251855684e+00 2.7835926206e-01 7.8955857695e+01
1.5663802326e+00 2.8469564455e-01 7.7533528720e+01
1.5040990677e+00 2.7946087362e-01 7.6018953826e+01
1.5486784107e+00 2.7995169001e-01 8.0038841340e+01
1.5152495115e+00 2.7556907234e-01 8.0661982523e+01
1.5226068120e+00 2.8002800497e-01 7.7239755051e+01
1.5155597983e+00 2.8707501864e-01 7.2056626897e+01
1.4514410312e+00 2.8113549012e-01 7.1106965919e+01
1.5385113066e+00 2.7915829202e-01 7.9664389360e+01
1.5358294391e+00 2.9783156086e-01 6.8047482582e+01
1.4930728515e+00 2.7645146541e-01 7.7365699350e+01
1.5226175901e+00 2.7819765924e-01 7.8830648187e+01
1.4643964584e+00 2.7087473928e-01 7.9414507550e+01
1.5127599066e+00 2.9169509033e-01 6.9541121708e+01
1.4983843074e+00 2.8472229513e-01 7.2228737805e+01
1.5405702253e+00 2.8257687882e-01 7.6861542972e+01
1.5421154860e+00 2.7920517258e-01 8.0038841340e+01
1.4893837214e+00 2.7336244558e-01 7.9830866582e+01
1.5233729825e+00 2.8108201451e-01 7.6482747241e+01
1.5401313465e+00 2.8118931203e-01 7.7952630554e+01
1.5001657283e+00 2.7252469140e-01 8.2318467199e+01
1.5087958728e+00 2.7748490775e-01 7.8036371717e+01
1.4962410843e+00 2.7328323259e-01 8.0786474719e+01
1.5011420282e+00 2.7471638048e-01 7.9830866582e+01
1.4984030262e+00 2.7790810619e-01 7.6693262514e+01
1.5147628993e+00 2.8105169866e-01 7.5765583130e+01
1.5289400589e+00 2.7870172613e-01 7.9039301002e+01
1.5002526003e+00 2.8013477637e-01 7.5215629171e+01
1.5054147237e+00 2.7723857845e-01 7.7910750187e+01
1.5233746278e+00 2.7471241882e-01 8.2979177816e+01
1.4910433756e+00 2.7893312611e-01 7.5300326848e+01
1.4960572650e+00 2.7572836137e-01 7.8287440457e+01
1.5028710512e+00 2.7661022423e-01 7.8203776466e+01
1.5108874039e+00 2.7856943600e-01 7.7323724844e+01
1.5333632804e+00 2.8795737819e-01 7.2744085313e+01
1.4587271715e+00 2.7295143461e-01 7.6945639864e+01
1.5282396478e+00 2.7712566880e-01 8.0578963045e+01
1.4860569009e+00 2.8120706928e-01 7.3428990941e+01
1.4819735553e+00 2.7400313851e-01 7.8371079129e+01
1.5131548018e+00 2.8220542134e-01 7.4834077304e+01
1.5403343141e+00 2.7961691084e-01 7.9414507550e+01
1.4788028347e+00 2.7086352226e-01 8.1284011213e+01
1.5087932956e+00 2.7884842297e-01 7.6903595008e+01
1.5000006086e+00 2.7766892583e-01 7.7029708145e+01
1.5137413849e+00 2.9116875278e-01 6.9846802787e+01
1.5130042899e+00 2.7599871214e-01 7.9914072577e+01
1.5106790478e+00 2.7605534041e-01 7.9581117748e+01
1.4542322916e+00 2.6802757829e-01 8.1284011213e+01
1.4740035387e+00 2.7791564063e-01 7.4621807233e+01
1.4638542098e+00 2.7591121613e-01 7.5173267951e+01
1.4839142198e+00 2.9058624847e-01 6.8444339134e+01
1.5059449680e+00 2.7534866352e-01 7.9747638907e+01
1.5123115595e+00 2.7487647464e-01 8.1076787034e+01
1.4889310846e+00 2.7923690866e-01 7.4918925507e+01
1.5365556618e+00 2.8796167693e-01 7.2958386597e+01
1.4802890419e+00 2.7568765189e-01 7.6777417260e+01
1.5283317375e+00 2.8796934341e-01 7.2400683165e+01
1.4562094983e+00 2.8130832910e-01 7.1323261011e+01
1.5186561333e+00 2.7988551803e-01 7.6987677568e+01
1.4941811006e+00 2.8756571601e-01 7.0456384946e+01
1.5128679543e+00 2.8294664366e-01 7.4324264582e+01
1.4779371024e+00 2.8526067143e-01 7.0630125868e+01
1.5177228683e+00 2.9128525676e-01 7.0021208706e+01
1.5164058905e+00 2.7577478247e-01 8.0578963045e+01
1.4528955224e+00 2.7788532370e-01 7.3044038180e+01
1.4938317621e+00 2.7524040841e-01 7.8496490101e+01
1.4531055302e+00 2.6960246263e-01 7.9372840907e+01
1.4876707855e+00 2.7959318471e-01 7.4579327351e+01
1.5021336931e+00 2.7417743933e-01 8.0537445831e+01
1.5421782127e+00 2.8370970366e-01 7.6145534310e+01
1.4815411940e+00 2.8255990912e-01 7.2314731052e+01
1.4776480708e+00 2.7021672415e-01 8.1946371115e+01
1.4792834842e+00 2.7173445028e-01 8.0329784068e+01
1.4996382590e+00 2.8165537252e-01 7.4154045875e+01
1.4762708513e+00 2.8060793719e-01 7.3086849324e+01
1.5080751631e+00 2.7865922509e-01 7.6987677568e+01
1.4859364081e+00 2.7410092775e-01 7.8705384629e+01
1.4979333754e+00 2.7656709283e-01 7.7743162886e+01
1.5122328108e+00 2.7631639170e-01 7.9497823876e+01
1.4702988953e+00 2.7306470198e-01 7.7994504389e+01
1.4795903087e+00 2.7503353263e-01 7.7239755051e+01
1.4989212100e+00 2.7829548525e-01 7.6440621960e+01
1.5116976409e+00 2.8320824577e-01 7.4068882767e+01
1.5479863695e+00 2.8658983433e-01 7.4621807233e+01
1.5138571213e+00 2.7741545392e-01 7.8621845231e+01
1.5231076200e+00 2.7952719692e-01 7.7701249475e+01
1.5011212067e+00 2.8334552740e-01 7.3215224529e+01
1.5013214599e+00 2.7408426353e-01 8.0537445831e+01
1.4916522986e+00 2.7290052712e-01 8.0620475268e+01
1.5225996296e+00 2.7912532694e-01 7.7994504389e+01
1.5047299912e+00 2.7837661132e-01 7.6903595008e+01
1.4533405765e+00 2.7295379789e-01 7.6440621960e+01
1.5332145092e+00 2.8628031414e-01 7.3727866500e+01
1.5354588502e+00 2.7901807484e-01 7.9456168532e+01
1.4747915018e+00 2.7397399685e-01 7.7659329379e+01
1.4883102931e+00 2.7308128478e-01 7.9997257084e+01
1.4870941262e+00 2.7971789025e-01 7.4451835457e+01
1.5055490295e+00 2.8526955431e-01 7.2400683165e+01
1.4921274483e+00 2.7468456814e-01 7.8830648187e+01
1.5343572033e+00 2.8468125663e-01 7.4834077304e+01
1.5033098187e+00 2.8297096186e-01 7.3599833208e+01
1.4881241783e+00 2.9090410416e-01 6.8532381435e+01
1.5030355952e+00 2.7282281346e-01 8.2359790805e+01
1.5046110044e+00 2.7758903579e-01 7.7533528720e+01
1.4938903139e+00 2.7201791057e-01 8.2029088124e+01
1.4838054661e+00 2.8978990092e-01 6.8796190524e+01
1.5211489871e+00 2.8012109666e-01 7.7029708145e+01
1.4880215877e+00 2.7833851345e-01 7.5469623924e+01
1.5513200858e+00 2.7913889976e-01 8.1284011213e+01
1.5313897181e+00 2.7989640491e-01 7.8203776466e+01
1.5140077230e+00 2.8044386553e-01 7.6145534310e+01
1.5262790190e+00 2.8045206395e-01 7.7239755051e+01
1.4551227270e+00 2.7745379437e-01 7.3471715656e+01
1.5062049617e+00 2.7690164078e-01 7.8287440457e+01
1.5148946252e+00 2.7683197970e-01 7.9289490537e+01
1.5481125125e+00 2.8371853654e-01 7.6651174188e+01
1.5032720487e+00 2.7847476792e-01 7.6693262514e+01
1.5604329723e+00 2.8376205708e-01 7.7743162886e+01
1.4908729114e+00 2.7503531312e-01 7.8371079129e+01
1.5071963417e+00 2.7953804652e-01 7.6229882959e+01
1.5025805892e+00 2.7735371762e-01 7.7533528720e+01
1.4758196948e+00 2.8105909365e-01 7.2786965387e+01
1.4519363357e+00 2.6853143144e-01 8.0371326592e+01
1.5185110716e+00 2.8822001135e-01 7.1625611953e+01
1.4872611993e+00 2.8316752588e-01 7.2357712234e+01
1.4971471337e+00 2.8142819429e-01 7.4111468825e+01
1.4952373040e+00 2.8560318090e-01 7.1539280443e+01
1.4730016026e+00 2.7576389603e-01 7.6061155025e+01
1.5211508557e+00 2.7830011999e-01 7.8580066351e+01
1.4951600880e+00 2.7753033170e-01 7.6693262514e+01
1.5231797463e+00 2.7900012133e-01 7.8161934912e+01
1.5103894436e+00 2.8951625165e-01 7.0456384946e+01
1.5287013020e+00 2.7894048303e-01 7.8788899706e+01
1.5267078712e+00 2.7729202339e-01 8.0205125602e+01
1.4938830711e+00 2.7654565407e-01 7.7365699350e+01
1.4956618786e+00 2.8291344947e-01 7.3086849324e+01
1.4956507842e+00 2.7296927841e-01 8.1076787034e+01
1.5155198957e+00 2.7802321160e-01 7.8245611639e+01
1.4882458425e+00 2.7947011996e-01 7.4706741043e+01
1.5048099940e+00 2.7467128139e-01 8.0329784068e+01
1.5212452417e+00 2.7911521148e-01 7.7868863262e+01
1.4658047682e+00 2.7036496510e-01 8.0121993975e+01
1.4323312479e+00 2.7605610609e-01 7.2658295222e+01
1.4818423289e+00 2.7909779632e-01 7.4451835457e+01
1.4241869578e+00 2.6368441497e-01 8.2442426045e+01
1.4860562822e+00 2.7533529563e-01 7.7617402571e+01
1.4524219405e+00 3.1032422644e-01 6.0118189020e+01
1.5039884598e+00 2.8138522071e-01 7.4664278454e+01
1.5243828051e+00 2.9967775060e-01 6.6716440328e+01
1.4975532602e+00 2.7604210680e-01 7.8161934912e+01
1.5106343930e+00 2.7927632322e-01 7.6735343529e+01
1.5250079941e+00 2.8035732249e-01 7.7197759713e+01
1.5110191169e+00 2.7798388516e-01 7.7826969754e+01
1.5087917835e+00 2.9293317306e-01 6.8752255227e+01
1.5457117602e+00 2.8383270679e-01 7.6356348960e+01
1.4833898135e+00 2.7394008026e-01 7.8580066351e+01
1.4680464913e+00 2.7171893456e-01 7.8997582302e+01
1.4863874583e+00 2.8042455807e-01 7.3941070253e+01
1.5250021840e+00 2.8218423088e-01 7.5807831180e+01
1.4847768530e+00 2.7887256616e-01 7.4834077304e+01
1.5081641354e+00 2.8855932704e-01 7.0803681768e+01
1.5400144614e+00 2.7765513722e-01 8.1532528898e+01
1.4999360134e+00 2.7411188499e-01 8.0329784068e+01
1.4909141351e+00 2.7499408938e-01 7.8412889032e+01
1.4950439909e+00 2.8262554353e-01 7.3215224529e+01
1.4867217077e+00 2.8325479406e-01 7.2271739586e+01
1.4686437696e+00 2.7832047632e-01 7.3941070253e+01
1.5273227991e+00 2.8305201006e-01 7.5384991691e+01
1.5317984869e+00 2.7994335035e-01 7.8203776466e+01
1.5281884597e+00 2.8036418048e-01 7.7491581624e+01
1.5066302852e+00 2.8555038773e-01 7.2314731052e+01
1.5081693026e+00 2.7856508558e-01 7.7071731622e+01
1.5098306783e+00 2.8734727392e-01 7.1539280443e+01
1.4917092440e+00 2.7555472619e-01 7.7994504389e+01
1.5113620376e+00 2.7991053756e-01 7.6314201186e+01
1.4779615998e+00 2.7530973669e-01 7.6861542972e+01
1.5036758730e+00 2.7399366137e-01 8.0952396196e+01
1.4491116831e+00 2.8077155817e-01 7.1150247189e+01
1.5063333030e+00 2.7949390834e-01 7.6187712450e+01
1.4995228045e+00 2.7814672986e-01 7.6609078524e+01
1.4936230463e+00 2.7409291618e-01 7.9581117748e+01
1.5004610945e+00 2.7720843992e-01 7.7449627715e+01
1.5288224606e+00 2.8018566449e-01 7.7701249475e+01
1.4612254699e+00 2.7404572775e-01 7.6314201186e+01
1.5172680582e+00 2.7672927049e-01 7.9664389360e+01
1.4742449276e+00 2.7361986734e-01 7.7910750187e+01
1.5534004694e+00 2.8529603509e-01 7.5934528179e+01
1.4968912169e+00 2.7625165724e-01 7.7910750187e+01
1.5184107119e+00 2.8604428506e-01 7.2829835522e+01
1.5165863527e+00 2.8150069401e-01 7.5596511614e+01
1.4836722609e+00 2.7410877666e-01 7.8454692681e+01
1.5028795156e+00 2.7433717966e-01 8.0454396336e+01
1.4960803391e+00 2.7615766475e-01 7.7910750187e+01
1.5003740981e+00 2.8318584318e-01 7.3257996956e+01
1.4719016227e+00 2.8272221861e-01 7.1582451612e+01
1.4331226105e+00 2.6811938084e-01 7.8538281315e+01
1.5238502158e+00 2.8470242432e-01 7.4026287672e+01
1.4709291844e+00 2.7603506155e-01 7.5681063290e+01
1.4821698143e+00 2.7425790755e-01 7.8161934912e+01
1.4711629217e+00 2.7355062863e-01 7.7659329379e+01
1.4786451683e+00 2.7507696451e-01 7.7113748025e+01
1.5071822411e+00 2.7819143941e-01 7.7281743419e+01
1.5031097638e+00 2.7410693148e-01 8.0744982225e+01
1.5394617965e+00 2.8368530760e-01 7.5934528179e+01
1.5196540932e+00 2.8434580132e-01 7.3941070253e+01
1.5397276887e+00 2.7885444592e-01 8.0121993975e+01
1.5303137351e+00 2.8370724653e-01 7.5173267951e+01
1.4948191088e+00 2.7968135948e-01 7.5088520605e+01
1.5276510900e+00 2.8135703506e-01 7.6651174188e+01
1.4798750410e+00 2.7835717909e-01 7.4791640439e+01
1.5162324842e+00 2.8139999606e-01 7.5638791445e+01
1.4913645290e+00 2.7861197277e-01 7.5554223768e+01
1.4908133877e+00 2.7554671352e-01 7.7910750187e+01
1.5033823718e+00 2.7972423075e-01 7.5765583130e+01
1.4864234703e+00 3.0121824830e-01 6.4376772125e+01
1.5064018459e+00 2.7489178561e-01 8.0288236411e+01
1.4966785060e+00 2.8008538859e-01 7.4961336903e+01
1.4969546633e+00 2.7980923133e-01 7.5173267951e+01
1.4966320595e+00 2.8103747488e-01 7.4324264582e+01
1.5024862374e+00 2.8379454316e-01 7.3044038180e+01
1.5144490842e+00 2.7818569516e-01 7.7994504389e+01
1.5031326244e+00 2.7952067775e-01 7.5892303678e+01
1.5317334538e+00 2.8502376147e-01 7.4409320646e+01
1.5079381641e+00 2.8061103842e-01 7.5511927880e+01
1.4601404778e+00 2.6884531380e-01 8.1118241196e+01
1.5348640464e+00 2.7870102992e-01 7.9706016880e+01
1.5028812373e+00 2.7931880290e-01 7.6018953826e+01
1.4929771603e+00 2.7473880215e-01 7.8872390662e+01
1.5167925115e+00 2.7538816144e-01 8.1076787034e+01
1.5291192289e+00 2.8125558025e-01 7.6861542972e+01
1.4801964045e+00 2.7262417431e-01 7.9497823876e+01
1.4677280558e+00 2.7923619010e-01 7.3300759781e+01
1.4972721908e+00 2.7451343566e-01 7.9581117748e+01
1.4536088924e+00 2.6999546266e-01 7.9039301002e+01
1.4829766514e+00 2.7345107039e-01 7.8997582302e+01
1.5139180932e+00 2.7871668619e-01 7.7491581624e+01
1.4815686347e+00 2.7350611883e-01 7.8788899706e+01
1.5506618522e+00 2.8299914781e-01 7.7449627715e+01
1.5426432598e+00 2.8690120719e-01 7.4026287672e+01
1.5051067290e+00 2.7754657316e-01 7.7617402571e+01
1.4866059061e+00 2.8563209768e-01 7.0977054822e+01
1.4825814059e+00 2.7384631596e-01 7.8580066351e+01
1.5225440820e+00 2.8509770311e-01 7.3685198049e+01
1.5021351799e+00 2.8142476139e-01 7.4494341492e+01
1.5236828910e+00 2.8168242556e-01 7.6061155025e+01
1.5059892017e+00 2.8392151450e-01 7.3215224529e+01
1.5440970563e+00 2.8727660014e-01 7.3898447871e+01
1.4897418757e+00 2.7571451064e-01 7.7659329379e+01
1.4934324553e+00 2.7654404650e-01 7.7323724844e+01
1.4758943070e+00 2.8143558675e-01 7.2572465000e+01
1.4941165971e+00 2.7314737309e-01 8.0661982523e+01
1.4995787612e+00 2.8171487037e-01 7.4111468825e+01
1.5035809275e+00 2.7861911263e-01 7.6609078524e+01
1.5301616648e+00 2.8249171563e-01 7.6018953826e+01
1.4775609886e+00 2.7075413883e-01 8.1242575657e+01
1.5188396433e+00 2.8425016124e-01 7.3941070253e+01
1.5452914862e+00 2.8333861448e-01 7.6693262514e+01
1.4855893281e+00 2.7625374084e-01 7.6819483732e+01
1.4956395246e+00 2.7659847924e-01 7.7491581624e+01
1.4665496776e+00 2.6962005575e-01 8.1076787034e+01
1.5213135069e+00 2.7813746872e-01 7.8747145195e+01
1.5177535989e+00 2.7351897627e-01 8.3886143545e+01
1.4667758712e+00 2.7298955469e-01 7.7701249475e+01
1.5216928008e+00 2.7457621021e-01 8.2896642113e+01
1.5114555809e+00 2.7709362156e-01 7.8663617982e+01
1.5206061347e+00 2.8202868227e-01 7.5554223768e+01
1.5263072916e+00 2.8589029811e-01 7.3471715656e+01
1.5177312482e+00 2.7626608054e-01 8.0205125602e+01
1.5072438733e+00 2.8357471056e-01 7.3514430919e+01
1.5215907387e+00 2.7876971439e-01 7.8203776466e+01
1.5248953076e+00 2.7819449694e-01 7.9081013820e+01
1.4754255164e+00 2.8370918437e-01 7.1280024178e+01
1.4795341204e+00 2.7238505891e-01 7.9664389360e+01
1.5063950485e+00 2.8079298570e-01 7.5257982128e+01
1.4997299791e+00 2.7431791931e-01 8.0080420295e+01
1.4749655944e+00 2.7379990421e-01 7.7826969754e+01
1.4687839599e+00 2.8088239702e-01 7.2400683165e+01
1.5019874546e+00 2.7387095405e-01 8.0869445111e+01
1.5128205645e+00 2.7663627545e-01 7.9247806762e+01
1.5362585459e+00 2.7639483448e-01 8.2648945375e+01
1.4507436436e+00 2.8273094803e-01 7.0238945256e+01
1.4756680425e+00 2.7264708497e-01 7.8955857695e+01
1.5174003932e+00 2.7932306930e-01 7.7323724844e+01
1.4980185900e+00 2.8055673804e-01 7.4749195028e+01
1.5034194155e+00 2.7470299651e-01 8.0121993975e+01
1.5309662056e+00 2.7758643452e-01 8.0412864007e+01
1.4771627360e+00 2.7926498584e-01 7.3983683510e+01
1.4818423289e+00 2.7909779632e-01 7.4451835457e+01
1.4767509626e+00 2.7381640740e-01 7.7994504389e+01
1.4886157696e+00 2.8724263904e-01 7.0282456804e+01
1.4995968159e+00 2.8804490264e-01 7.0543278672e+01
1.4731541986e+00 2.8327352325e-01 7.1366486818e+01
1.5591974811e+00 2.8408074747e-01 7.7365699350e+01
1.5129953741e+00 2.7691534207e-01 7.8997582302e+01
1.5216127535e+00 2.8238714109e-01 7.5384991691e+01
1.4638916951e+00 2.7452505545e-01 7.6187712450e+01
1.4948393766e+00 2.8056634674e-01 7.4494341492e+01
1.4655130088e+00 2.8325248982e-01 7.0890391015e+01
1.4484933622e+00 2.8094113485e-01 7.1020369769e+01
1.5232627920e+00 2.7800729181e-01 7.9081013820e+01
1.5277536833e+00 2.7852210591e-01 7.9081013820e+01
1.4857209760e+00 2.8832692237e-01 6.9584827470e+01
1.4685648643e+00 2.7569866305e-01 7.5723327176e+01
1.4661193315e+00 2.7904428061e-01 7.3300759781e+01
1.5219348708e+00 2.7706142354e-01 7.9872472277e+01
1.5012936254e+00 2.7501750698e-01 7.9539473606e+01
1.5324041658e+00 2.8298476078e-01 7.5850071354e+01
1.4609214658e+00 2.7030824088e-01 7.9581117748e+01
1.4824789264e+00 2.8207389925e-01 7.2658295222e+01
1.4843847578e+00 2.7068999574e-01 8.2359790805e+01
1.4587518805e+00 2.7337566379e-01 7.6609078524e+01
1.5239115067e+00 2.7644894647e-01 8.0786474719e+01
1.4357154884e+00 2.7311878212e-01 7.4791640439e+01
1.5018165490e+00 2.7902393591e-01 7.6145534310e+01
1.5260272339e+00 2.8206995963e-01 7.5976744886e+01
1.5050084580e+00 2.7719158221e-01 7.7910750187e+01
1.5157138579e+00 2.7828347088e-01 7.8036371717e+01
1.4907798331e+00 2.7422475359e-01 7.9122720780e+01
1.5046277607e+00 2.8165301983e-01 7.4536838781e+01
1.4954391827e+00 2.7363298783e-01 8.0288236411e+01
1.4790655784e+00 2.7330428130e-01 7.8705384629e+01
1.5030991525e+00 2.7140131577e-01 8.4750447980e+01
1.4721531970e+00 2.7211033031e-01 7.9081013820e+01
1.5053172438e+00 2.7960294434e-01 7.6018953826e+01
1.5312547616e+00 2.9097904348e-01 7.0977054822e+01
1.5159930491e+00 2.7936717401e-01 7.7155757380e+01
1.4202161579e+00 2.7790287775e-01 7.0803681768e+01
1.5126904484e+00 2.7812813544e-01 7.7868863262e+01
1.5119184294e+00 2.7980817547e-01 7.6440621960e+01
1.5172134532e+00 2.8087359348e-01 7.6103348511e+01
1.5097433413e+00 2.7472339281e-01 8.0910923055e+01
1.4695757316e+00 2.7558788049e-01 7.5892303678e+01
1.4956618786e+00 2.8291344947e-01 7.3086849324e+01
1.5088907660e+00 2.7376253612e-01 8.1987731721e+01
1.5093415537e+00 2.7557863443e-01 7.9914072577e+01
1.5192651201e+00 2.7291555287e-01 8.5449237405e+01
1.5247678125e+00 2.8515139709e-01 7.3813175613e+01
1.4943286629e+00 2.7610006223e-01 7.7785069637e+01
1.4920397493e+00 2.7929353820e-01 7.5130898438e+01
1.4833822722e+00 2.7439876539e-01 7.8161934912e+01
1.5269923072e+00 2.8338250201e-01 7.5130898438e+01
1.4958992121e+00 2.7543407537e-01 7.8538281315e+01
1.4612139869e+00 2.8035021492e-01 7.2185725677e+01
1.5198011215e+00 2.7555910163e-01 8.1284011213e+01
1.5187829532e+00 2.8248713059e-01 7.5088520605e+01
1.5202989095e+00 2.7960678577e-01 7.7365699350e+01
1.5370740379e+00 2.8424662070e-01 7.5342663360e+01
1.4778105872e+00 2.7365795033e-01 7.8245611639e+01
1.4751934260e+00 2.8484390987e-01 7.0673532104e+01
1.5134276007e+00 2.8375035155e-01 7.3855816334e+01
1.5312560841e+00 2.7820756409e-01 7.9789255467e+01
1.4948643111e+00 2.7601667600e-01 7.7910750187e+01
1.5182069903e+00 2.8397287731e-01 7.4068882767e+01
1.5212343428e+00 2.7730730854e-01 7.9539473606e+01
1.4956335225e+00 2.7705689727e-01 7.7113748025e+01
1.5153169289e+00 2.7504770189e-01 8.1284011213e+01
1.4773060212e+00 2.7731782015e-01 7.5300326848e+01
1.4974558948e+00 2.7840251388e-01 7.6229882959e+01
1.4940413622e+00 2.9133231833e-01 6.8664345286e+01
1.5087275490e+00 2.7709966233e-01 7.8371079129e+01
1.5517047800e+00 2.8104116835e-01 7.9289490537e+01
1.5501894860e+00 2.8209899369e-01 7.8161934912e+01
1.4624155876e+00 2.7195722959e-01 7.8161934912e+01
1.4837587766e+00 2.8305323982e-01 7.2185725677e+01
1.4803444999e+00 2.7743653770e-01 7.5469623924e+01
1.5278449063e+00 2.8572017002e-01 7.3685198049e+01
1.5307467273e+00 2.7643968753e-01 8.1739504252e+01
1.4957709942e+00 2.7330117624e-01 8.0703484835e+01
1.5510318147e+00 2.7896989250e-01 8.1449707735e+01
1.5034296840e+00 2.7559859848e-01 7.9206117227e+01
1.4853905112e+00 2.9409076427e-01 6.7028177859e+01
1.4867841168e+00 2.7460746107e-01 7.8329262945e+01
1.5029992774e+00 2.7602900508e-01 7.8747145195e+01
1.4724407742e+00 2.7317293827e-01 7.8120086953e+01
1.4895753631e+00 2.7497746255e-01 7.8287440457e+01
1.4888128386e+00 2.8071147831e-01 7.3941070253e+01
1.4960544788e+00 2.8070941585e-01 7.4494341492e+01
1.4977509071e+00 2.7448709677e-01 7.9664389360e+01
1.5148225114e+00 2.7872059587e-01 7.7575469027e+01
1.5317403975e+00 2.9551843957e-01 6.8840112753e+01
1.4807461417e+00 2.7252519476e-01 7.9664389360e+01
1.5166470796e+00 2.9418336742e-01 6.8620370565e+01
1.4675196581e+00 2.9296905319e-01 6.6582615408e+01
1.4956780543e+00 2.7791731269e-01 7.6440621960e+01
1.4840580932e+00 2.7056574815e-01 8.2483737725e+01
1.5142258928e+00 2.7613873804e-01 7.9914072577e+01
1.5206033074e+00 2.8339658720e-01 7.4621807233e+01
1.5264697922e+00 2.9439435038e-01 6.9059529216e+01
1.5039538491e+00 2.7371568527e-01 8.1325442176e+01
1.5214761860e+00 2.7933906333e-01 7.7701249475e+01
1.4981142074e+00 2.7502866673e-01 7.9164421908e+01
1.4934305579e+00 2.7609375892e-01 7.7701249475e+01
1.5135785673e+00 2.7951035690e-01 7.6819483732e+01
1.4720423472e+00 2.7537215386e-01 7.6272045862e+01
1.5217466502e+00 2.8134315429e-01 7.6145534310e+01
1.4880919864e+00 2.7736439996e-01 7.6187712450e+01
1.5069867147e+00 2.8928229630e-01 7.0369444415e+01
1.4895079452e+00 2.7775602499e-01 7.6018953826e+01
1.5055796472e+00 2.7390162825e-01 8.1325442176e+01
1.4885776127e+00 2.7371698599e-01 7.9372840907e+01
1.5062113866e+00 2.7870880155e-01 7.6777417260e+01
1.5126900080e+00 2.7313720340e-01 8.3556527821e+01
1.5059648609e+00 2.7668844119e-01 7.8454692681e+01
1.5287404745e+00 2.7935671895e-01 7.8412889032e+01
1.4781486277e+00 2.7827909412e-01 7.4706741043e+01
1.4955266667e+00 2.8712663543e-01 7.0760310020e+01
1.4991147678e+00 2.8535196632e-01 7.1927433851e+01
1.4704908804e+00 2.7737391448e-01 7.4706741043e+01
1.4694518963e+00 2.8066494787e-01 7.2572465000e+01
1.4911098797e+00 2.7705811359e-01 7.6693262514e+01
1.5080806679e+00 2.7230670876e-01 8.4092049576e+01
1.5039869512e+00 2.7866635091e-01 7.6609078524e+01
1.4715635464e+00 2.7900382351e-01 7.3727866500e+01
1.4798525796e+00 2.7206659968e-01 8.0038841340e+01
1.5152634489e+00 2.7827965834e-01 7.7994504389e+01
1.5484312201e+00 2.8568736284e-01 7.5257982128e+01
1.4761167778e+00 2.7670380099e-01 7.5638791445e+01
1.4659410535e+00 2.7427400826e-01 7.6566975496e+01
1.5174493083e+00 2.7563961586e-01 8.0869445111e+01
1.4936539967e+00 2.7451399662e-01 7.9164421908e+01
1.4944641817e+00 2.7686910579e-01 7.7155757380e+01
1.5207159592e+00 2.8055412456e-01 7.6651174188e+01
1.4974951849e+00 2.7791053847e-01 7.6609078524e+01
1.4728686969e+00 2.7950116281e-01 7.3514430919e+01
1.4861406187e+00 2.7164041887e-01 8.1366868568e+01
1.5431652518e+00 2.7952518371e-01 7.9830866582e+01
1.5231992379e+00 2.7989056663e-01 7.7407666966e+01
1.4768961889e+00 2.7412174550e-01 7.7743162886e+01
1.4704870951e+00 2.7422645524e-01 7.7029708145e+01
1.5022994201e+00 2.8942718475e-01 7.0021208706e+01
1.4936287653e+00 2.7499129731e-01 7.8705384629e+01
1.5093139973e+00 2.8150458649e-01 7.5003739865e+01
1.4723155245e+00 2.8366116931e-01 7.1106965919e+01
1.4860812790e+00 2.7079750945e-01 8.2483737725e+01
1.4914992501e+00 2.8164362408e-01 7.3557136760e+01
1.5446443105e+00 2.8672934592e-01 7.4281723271e+01
1.4876442156e+00 2.7871588560e-01 7.5173267951e+01
1.4801632679e+00 2.7085466652e-01 8.1491120555e+01
1.5014036281e+00 2.7490750434e-01 7.9664389360e+01
1.5312682006e+00 2.8320872447e-01 7.5596511614e+01
1.4929813325e+00 2.7609083795e-01 7.7659329379e+01
1.4658654444e+00 2.6940575333e-01 8.1242575657e+01
1.4765232732e+00 2.7314308375e-01 7.8580066351e+01
1.4969243185e+00 2.7395666853e-01 8.0121993975e+01
1.4974951849e+00 2.7791053847e-01 7.6609078524e+01
1.5081778411e+00 2.7810293951e-01 7.7449627715e+01
1.4970364981e+00 2.8425713340e-01 7.2400683165e+01
1.5276215110e+00 2.8320893600e-01 7.5300326848e+01
1.4949242418e+00 2.7550448339e-01 7.8371079129e+01
1.5095684087e+00 2.7580527179e-01 7.9706016880e+01
1.5344320406e+00 2.8186904030e-01 7.6861542972e+01
1.5012566378e+00 2.7505449461e-01 7.9497823876e+01
1.5086099122e+00 2.8039308986e-01 7.5723327176e+01
1.5180343560e+00 2.7641723257e-01 8.0080420295e+01
1.4708562093e+00 2.8918112652e-01 6.8356243358e+01
1.5199114778e+00 2.8090377148e-01 7.6314201186e+01
1.5009251598e+00 2.7629153549e-01 7.8287440457e+01
1.5037391549e+00 2.8072757921e-01 7.5088520605e+01
1.4688072517e+00 2.8626750181e-01 6.9584827470e+01
1.4927979154e+00 2.8124998295e-01 7.3898447871e+01
1.5200749880e+00 2.7619402305e-01 8.0578963045e+01
1.5036281870e+00 2.8083854712e-01 7.5003739865e+01
1.5022873864e+00 2.7538214805e-01 7.9289490537e+01
1.5688795175e+00 2.7990179470e-01 8.2896642113e+01
1.4871592744e+00 2.7649014477e-01 7.6777417260e+01
1.5087641886e+00 2.7933125276e-01 7.6524865077e+01
1.5115331716e+00 2.7746983043e-01 7.8329262945e+01
1.4875620847e+00 2.8558078942e-01 7.1063673457e+01
1.5159244976e+00 2.7989010032e-01 7.6735343529e+01
1.5243473937e+00 2.7737756285e-01 7.9830866582e+01
1.5099842867e+00 2.7811115466e-01 7.7617402571e+01
1.5466325873e+00 2.8108329956e-01 7.8705384629e+01
1.5106123283e+00 2.7793687414e-01 7.7826969754e+01
1.5005490128e+00 2.7530939588e-01 7.9164421908e+01
1.4832120218e+00 2.8676447997e-01 7.0195421835e+01
1.4748144322e+00 2.7575293773e-01 7.6229882959e+01
1.5146109772e+00 2.9758661248e-01 6.7072652904e+01
1.5116209734e+00 2.7465980720e-01 8.1242575657e+01
1.4954772760e+00 2.7178669420e-01 8.2607649278e+01
1.4308041227e+00 2.6820699078e-01 7.8203776466e+01
1.4820760728e+00 2.8292851389e-01 7.2142703171e+01
1.5302497806e+00 2.7739200448e-01 8.0537445831e+01
1.4967329154e+00 2.7776755281e-01 7.6651174188e+01
1.4952263077e+00 2.7610697975e-01 7.7868863262e+01
1.4709835284e+00 2.6788274188e-01 8.4462489380e+01
1.5314275773e+00 2.8396134930e-01 7.5088520605e+01
1.4857238629e+00 2.8560942461e-01 7.0933728582e+01
1.5168547734e+00 2.7532589959e-01 8.1159690671e+01
1.4971958267e+00 2.7142423594e-01 8.3474090850e+01
1.4867832478e+00 2.8364547738e-01 7.2056626897e+01
1.5095175091e+00 2.7540267900e-01 8.0121993975e+01
1.4647881725e+00 2.7632627731e-01 7.4961336903e+01
1.4892545496e+00 2.7258851941e-01 8.0661982523e+01
1.5091271083e+00 2.7987589368e-01 7.6145534310e+01
1.4665612119e+00 2.7635247850e-01 7.5088520605e+01
1.5134470211e+00 2.7600981883e-01 7.9955667504e+01
1.4676030800e+00 2.8566825645e-01 6.9803170919e+01
1.4935049153e+00 2.7828071108e-01 7.5976744886e+01
1.5285615974e+00 2.7543829715e-01 8.2772810718e+01
1.5639158725e+00 2.8073761430e-01 8.1076787034e+01
1.4604554457e+00 3.0319397347e-01 6.2591702904e+01
1.4931632976e+00 2.7636101925e-01 7.7449627715e+01
1.4818998490e+00 2.7904027624e-01 7.4494341492e+01
1.4958346399e+00 2.7821325844e-01 7.6229882959e+01
1.4985783482e+00 2.7365965562e-01 8.0661982523e+01
1.4905092070e+00 2.7494717938e-01 7.8412889032e+01
1.4987381694e+00 2.7576229884e-01 7.8538281315e+01
1.5129496642e+00 2.7786891960e-01 7.8120086953e+01
1.5101180905e+00 2.8705986172e-01 7.1711900276e+01
1.4960667021e+00 2.7752866497e-01 7.6777417260e+01
1.5058051856e+00 2.7277014243e-01 8.2896642113e+01
1.4966147410e+00 2.7607567869e-01 7.8036371717e+01
1.5444107419e+00 2.7919306897e-01 8.0329784068e+01
1.5206669635e+00 2.8060312030e-01 7.6609078524e+01
1.5577759499e+00 2.8412736237e-01 7.7197759713e+01
1.5052440379e+00 2.7559644692e-01 7.9414507550e+01
1.5081793392e+00 2.7447396297e-01 8.0993864557e+01
1.4954738527e+00 2.8038455594e-01 7.4664278454e+01
1.5187849193e+00 2.7612096739e-01 8.0495923602e+01
1.4569705160e+00 2.7515702829e-01 7.5130898438e+01
1.4936523326e+00 2.7768095485e-01 7.6440621960e+01
1.4845631537e+00 2.7276674008e-01 7.9872472277e+01
1.4970748432e+00 2.7561557654e-01 7.8496490101e+01
1.4901504527e+00 2.7846960988e-01 7.5554223768e+01
1.4999873099e+00 2.7632382246e-01 7.8161934912e+01
1.5087643789e+00 2.7797000928e-01 7.7617402571e+01
1.4821058627e+00 2.7296889083e-01 7.9372840907e+01
1.5365864368e+00 2.7743454477e-01 8.1325442176e+01
1.5157878803e+00 2.8048113074e-01 7.6272045862e+01
1.5042057484e+00 2.8252863981e-01 7.3941070253e+01
1.5306778622e+00 2.8106397507e-01 7.7155757380e+01
1.5139103125e+00 2.8326763969e-01 7.4196613947e+01
1.4871651412e+00 2.7242085779e-01 8.0578963045e+01
1.4393025593e+00 2.7087269460e-01 7.6777417260e+01
1.4581432238e+00 2.7174001741e-01 7.7910750187e+01
1.4784444449e+00 2.7663030868e-01 7.5892303678e+01
1.4912996744e+00 2.8093832944e-01 7.3983683510e+01
1.5149398859e+00 2.7542474492e-01 8.0786474719e+01
1.4835841792e+00 2.7555052163e-01 7.7197759713e+01
1.4868460494e+00 2.7364266191e-01 7.9247806762e+01
1.5155012283e+00 2.7895036018e-01 7.7449627715e+01
1.5071963417e+00 2.7953804652e-01 7.6229882959e+01
1.4829974920e+00 2.7478354558e-01 7.7785069637e+01
1.4885849511e+00 2.7280662672e-01 8.0329784068e+01
1.4724407742e+00 2.7317293827e-01 7.8120086953e+01
1.4940884026e+00 2.7724488486e-01 7.6819483732e+01
1.4869185900e+00 2.7673082916e-01 7.6566975496e+01
1.5392292664e+00 2.8437454443e-01 7.5427311870e+01
1.4743990422e+00 2.7661889223e-01 7.5554223768e+01
1.5865297966e+00 2.8892670571e-01 7.6061155025e+01
1.5369911840e+00 2.8387295854e-01 7.5596511614e+01
1.5721159758e+00 2.8630888119e-01 7.6777417260e+01
1.4954073241e+00 2.7999839930e-01 7.4918925507e+01
1.4939517198e+00 2.8145400353e-01 7.3855816334e+01
1.4982445810e+00 2.7399342284e-01 8.0246683597e+01
1.5270354381e+00 2.7468951844e-01 8.3680158222e+01
1.4785107297e+00 2.7430984914e-01 7.7743162886e+01
1.5084125444e+00 2.8013665804e-01 7.5892303678e+01
1.5241133543e+00 2.8261772862e-01 7.5427311870e+01
1.4876664200e+00 2.9045599200e-01 6.8708306827e+01
1.5022994201e+00 2.8942718475e-01 7.0021208706e+01
1.4740601107e+00 2.7785906866e-01 7.4664278454e+01
1.5250014996e+00 2.8719609013e-01 7.2615385143e+01
1.4851138137e+00 2.7356962747e-01 7.9122720780e+01
1.5007034403e+00 2.9283966698e-01 6.8356243358e+01
1.5212521556e+00 2.7501685540e-01 8.2194472172e+01
1.5423089240e+00 2.7946828873e-01 7.9789255467e+01
1.4279158784e+00 2.7332611294e-01 7.4026287672e+01
1.4787714233e+00 2.7134542082e-01 8.0703484835e+01
1.4798539274e+00 2.7612276633e-01 7.6398489209e+01
1.4880399053e+00 2.7244880600e-01 8.0661982523e+01
1.4776993687e+00 2.7241747544e-01 7.9414507550e+01
1.4930273724e+00 2.7649694442e-01 7.7323724844e+01
1.5170073276e+00 2.8107971902e-01 7.5934528179e+01
1.4973935484e+00 2.7348743866e-01 8.0703484835e+01
1.5171210949e+00 2.7960236752e-01 7.7071731622e+01
1.5240921144e+00 2.7581358081e-01 8.1573932786e+01
1.4914291811e+00 2.7809513573e-01 7.5934528179e+01
1.4911961481e+00 2.8013713941e-01 7.4494341492e+01
1.5055441888e+00 2.7710911333e-01 7.8036371717e+01
1.5199220868e+00 2.7543813631e-01 8.1449707735e+01
1.4840039193e+00 2.8054890641e-01 7.3685198049e+01
1.4903371496e+00 2.8235327012e-01 7.3044038180e+01
1.5041832441e+00 2.8300479009e-01 7.3642520295e+01
1.5003931195e+00 2.7637077508e-01 7.8161934912e+01
1.5383925172e+00 2.7882087063e-01 7.9997257084e+01
1.5298399992e+00 2.7962364902e-01 7.8287440457e+01
1.4764281284e+00 2.8812469728e-01 6.9147205641e+01
1.4973153868e+00 2.7582748735e-01 7.8329262945e+01
1.5022640415e+00 2.7721723395e-01 7.7617402571e+01
1.4589818842e+00 2.7045261282e-01 7.9206117227e+01
1.4847160579e+00 2.7306497968e-01 7.9581117748e+01
1.4822836399e+00 2.7324206441e-01 7.9122720780e+01
1.4637105411e+00 2.7740390871e-01 7.4154045875e+01
1.4906771187e+00 2.8246575539e-01 7.3001217281e+01
1.4936539967e+00 2.7451399662e-01 7.9164421908e+01
1.5009999879e+00 2.8255995337e-01 7.3685198049e+01
1.5289478312e+00 2.7778325173e-01 7.9955667504e+01
1.4796595260e+00 2.8037780987e-01 7.3471715656e+01
1.5181699692e+00 2.7537313809e-01 8.1284011213e+01
1.4402201419e+00 2.7353278146e-01 7.4876505650e+01
1.4759982886e+00 2.7321761983e-01 7.8454692681e+01
1.5133655832e+00 2.8472146342e-01 7.3257996956e+01
1.5071645397e+00 2.7548876240e-01 7.9747638907e+01
1.4840798215e+00 2.7550617751e-01 7.7281743419e+01
1.4996783986e+00 2.7934988390e-01 7.5723327176e+01
1.4927461068e+00 2.7813488025e-01 7.6018953826e+01
1.5429358782e+00 2.8432295886e-01 7.5765583130e+01
1.5212343428e+00 2.7730730854e-01 7.9539473606e+01
1.5130967017e+00 2.7908397129e-01 7.7113748025e+01
1.5401490795e+00 2.7797676807e-01 8.1159690671e+01
1.5096217643e+00 2.7665901624e-01 7.8872390662e+01
1.4746576531e+00 2.7545919108e-01 7.6440621960e+01
1.4925262741e+00 2.8197419413e-01 7.3428990941e+01
1.5052977367e+00 2.7237179772e-01 8.3432867286e+01
1.5089460957e+00 2.7370720641e-01 8.2070440348e+01
1.5354540502e+00 2.8130316509e-01 7.7407666966e+01
1.4861867824e+00 2.7339921663e-01 7.9414507550e+01
1.5092514844e+00 2.9338333251e-01 6.8576382628e+01
1.5260789212e+00 2.8156286382e-01 7.6356348960e+01
1.4993824620e+00 2.7873994999e-01 7.6145534310e+01
1.4816877327e+00 2.8783658414e-01 6.9584827470e+01
1.5104903132e+00 2.9032493613e-01 7.0064779975e+01
1.4947339064e+00 2.7614708068e-01 7.7785069637e+01
1.4903433489e+00 2.7511303742e-01 7.8245611639e+01
1.5242834475e+00 2.8882576175e-01 7.1668761497e+01
1.4825220463e+00 2.7751528958e-01 7.5596511614e+01
1.4973568886e+00 2.7578598556e-01 7.8371079129e+01
1.5488896126e+00 2.7974048815e-01 8.0288236411e+01
1.5049143088e+00 2.8136647178e-01 7.4749195028e+01
1.4760380555e+00 2.7497987894e-01 7.6945639864e+01
1.4817327463e+00 2.7379295801e-01 7.8538281315e+01
1.5104607309e+00 2.7445945717e-01 8.1325442176e+01
1.4668610234e+00 2.7920282818e-01 7.3257996956e+01
1.4853304069e+00 2.7425559209e-01 7.8496490101e+01
1.4689731136e+00 2.7529041367e-01 7.6061155025e+01
1.5143208708e+00 2.7422833168e-01 8.2194472172e+01
1.4935836267e+00 2.7548854377e-01 7.8245611639e+01
1.5045815719e+00 2.8033861621e-01 7.5427311870e+01
1.4901612536e+00 2.7258491336e-01 8.0786474719e+01
1.4461932778e+00 2.8683225926e-01 6.8047482582e+01
1.4988717705e+00 2.7834492480e-01 7.6398489209e+01
1.5287099048e+00 2.7528998972e-01 8.3020440166e+01
1.4544026769e+00 2.7234016999e-01 7.7029708145e+01
1.5293649548e+00 2.7736612814e-01 8.0454396336e+01
1.4835648692e+00 2.7872972950e-01 7.4834077304e+01
1.5300716246e+00 2.7711479031e-01 8.0827962340e+01
1.4820760728e+00 2.8292851389e-01 7.2142703171e+01
1.4852652375e+00 2.7296698253e-01 7.9747638907e+01
1.4925809508e+00 2.8327745788e-01 7.2658295222e+01
1.5069584854e+00 2.7796170273e-01 7.7449627715e+01
1.4807053583e+00 2.7301677449e-01 7.9164421908e+01
1.5144358337e+00 2.8319664662e-01 7.4281723271e+01
1.4990691405e+00 2.8630454007e-01 7.1409701632e+01
1.4973737406e+00 2.8437307601e-01 7.2357712234e+01
1.4731976146e+00 2.7782031982e-01 7.4621807233e+01
1.4909729857e+00 2.7809918476e-01 7.5892303678e+01
1.5052519365e+00 2.8102884409e-01 7.5003739865e+01
1.4967185818e+00 2.7461470572e-01 7.9414507550e+01
1.5314736690e+00 2.8163554030e-01 7.6777417260e+01
1.4852200891e+00 2.7075660466e-01 8.2401110412e+01
1.5508195942e+00 2.8375660968e-01 7.6861542972e+01
1.4792834842e+00 2.7173445028e-01 8.0329784068e+01
1.5147257706e+00 2.7836315355e-01 7.7868863262e+01
1.4883415010e+00 2.7530791820e-01 7.7868863262e+01
1.5521936417e+00 2.8055230673e-01 7.9830866582e+01
1.5080496674e+00 2.7415037281e-01 8.1366868568e+01
1.4944764812e+00 2.7233553525e-01 8.1698117953e+01
1.4876735294e+00 2.7281518185e-01 8.0205125602e+01
1.5032754521e+00 2.7575283044e-01 7.9039301002e+01
1.5042776135e+00 2.8200316712e-01 7.4281723271e+01
1.4848069474e+00 2.7252294634e-01 8.0163562403e+01
1.4824157249e+00 2.8258886181e-01 7.2357712234e+01
1.5107158586e+00 2.7601852962e-01 7.9622756324e+01
1.4822284551e+00 2.6969072423e-01 8.3515311021e+01
1.5151941756e+00 2.7653242933e-01 7.9622756324e+01
1.5176205451e+00 2.7864846590e-01 7.7910750187e+01
1.5218989507e+00 2.7482451178e-01 8.2566349319e+01
1.5087206398e+00 2.7982856270e-01 7.6145534310e+01
1.4971053872e+00 2.7603748688e-01 7.8120086953e+01
1.4865384395e+00 2.7395027177e-01 7.8914127157e+01
1.5187455055e+00 2.7797795699e-01 7.8621845231e+01
1.4634967380e+00 2.8887312169e-01 6.8091632103e+01
1.5066835131e+00 2.7823667505e-01 7.7197759713e+01
1.4860673341e+00 2.7758208512e-01 7.5850071354e+01
1.4443311253e+00 2.7568871331e-01 7.3770525678e+01
1.5465303101e+00 2.8438599188e-01 7.6018953826e+01
1.4844622991e+00 2.7151439465e-01 8.1284011213e+01
1.5167777129e+00 2.7721961586e-01 7.9122720780e+01
1.4810412968e+00 2.7403345668e-01 7.8245611639e+01
1.4612727005e+00 2.7939203594e-01 7.2744085313e+01
1.5434739945e+00 2.8058656120e-01 7.8830648187e+01
1.5053704682e+00 2.8771845598e-01 7.1063673457e+01
1.4865811489e+00 2.7210229224e-01 8.0869445111e+01
1.5043893988e+00 2.8007733528e-01 7.5596511614e+01
1.5062846318e+00 2.7274365072e-01 8.3020440166e+01
1.4856960238e+00 2.7524410151e-01 7.7659329379e+01
1.5006279787e+00 2.7477774471e-01 7.9706016880e+01
1.5034339225e+00 2.7876611763e-01 7.6482747241e+01
1.5131610570e+00 2.7765752678e-01 7.8329262945e+01
1.5379803409e+00 2.8288380167e-01 7.6398489209e+01
1.5198104732e+00 2.8100477618e-01 7.6229882959e+01
1.5334558632e+00 2.7646334638e-01 8.2111788416e+01
1.4816105449e+00 2.7391515948e-01 7.8412889032e+01
1.4892043681e+00 2.8258125826e-01 7.2829835522e+01
1.4908651896e+00 2.7639878061e-01 7.7197759713e+01
1.5168547734e+00 2.7532589959e-01 8.1159690671e+01
1.5015294897e+00 2.7795178575e-01 7.6945639864e+01
1.4821081959e+00 2.8108957794e-01 7.3215224529e+01
1.4936110210e+00 2.7365294922e-01 8.0038841340e+01
1.4815748335e+00 2.7665738654e-01 7.6145534310e+01
1.4704587935e+00 2.8146038586e-01 7.2185725677e+01
1.5223493439e+00 2.8392644535e-01 7.4409320646e+01
1.4809426797e+00 2.8858163712e-01 6.9191024681e+01
1.5169557672e+00 2.8795437041e-01 7.1668761497e+01
1.5219254774e+00 2.7843497569e-01 7.8538281315e+01
1.5325611173e+00 2.8282780934e-01 7.5976744886e+01
1.4946901015e+00 2.7619088554e-01 7.7743162886e+01
1.4867276017e+00 2.7240709910e-01 8.0537445831e+01
1.5285796910e+00 2.7906209402e-01 7.8663617982e+01
1.5164168199e+00 2.9076959499e-01 7.0195421835e+01
1.5247007177e+00 2.7702423891e-01 8.0246683597e+01
1.5333393259e+00 2.8387406198e-01 7.5300326848e+01
1.4774389070e+00 2.7448027228e-01 7.7491581624e+01
1.5438083110e+00 2.8436466375e-01 7.5807831180e+01
1.4759200580e+00 2.8863276768e-01 6.8884021955e+01
1.5171573266e+00 2.7684000210e-01 7.9539473606e+01
1.5355642992e+00 2.8028068549e-01 7.8287440457e+01
1.4770843631e+00 2.7618697341e-01 7.6103348511e+01
1.4960544788e+00 2.8070941585e-01 7.4494341492e+01
1.5271755353e+00 2.7955554762e-01 7.8078232563e+01
1.4751934260e+00 2.8484390987e-01 7.0673532104e+01
1.5504759157e+00 2.8318508434e-01 7.7281743419e+01
1.4832408048e+00 2.7679653106e-01 7.6187712450e+01
1.5106828612e+00 2.7378387291e-01 8.2235807906e+01
1.5008135093e+00 2.7504489935e-01 7.9456168532e+01
1.5333008056e+00 2.7844103162e-01 7.9789255467e+01
1.5006180210e+00 2.7161998284e-01 8.3803759085e+01
1.4951117870e+00 2.7757863269e-01 7.6651174188e+01
1.5104584370e+00 2.8126816795e-01 7.5257982128e+01
1.5339402406e+00 2.8236084023e-01 7.6440621960e+01
1.5075998267e+00 2.8004189184e-01 7.5892303678e+01
1.5072619553e+00 2.8083348606e-01 7.5300326848e+01
1.4876735333e+00 2.7597588590e-01 7.7239755051e+01
1.5023076345e+00 2.8170568395e-01 7.4324264582e+01
1.5204495676e+00 2.7627389486e-01 8.0537445831e+01
1.5229419267e+00 2.7469055355e-01 8.2937911806e+01
1.4665560778e+00 2.7320934811e-01 7.7491581624e+01
1.5071160635e+00 2.9688383104e-01 6.6983688174e+01
1.5052111523e+00 3.0106463693e-01 6.5281814686e+01
1.5291613963e+00 2.7665913743e-01 8.1242575657e+01
1.4968043747e+00 2.7633849939e-01 7.7826969754e+01
1.4902201803e+00 2.7433264542e-01 7.8955857695e+01
1.5236801943e+00 2.7849967332e-01 7.8663617982e+01
1.5072623165e+00 2.7856489487e-01 7.6987677568e+01
1.5012891631e+00 2.7638037134e-01 7.8245611639e+01
1.5177285292e+00 2.8581630121e-01 7.2915546096e+01
1.5294660913e+00 2.8683498962e-01 7.3129650743e+01
1.4788922397e+00 2.7077411729e-01 8.1408290413e+01
1.4973014289e+00 2.7719903933e-01 7.7155757380e+01
1.5317456014e+00 2.8227538023e-01 7.6314201186e+01
1.4952443722e+00 2.8061403644e-01 7.4494341492e+01
1.5041980142e+00 2.7437731385e-01 8.0578963045e+01
1.4976852647e+00 2.7953143056e-01 7.5427311870e+01
1.5120181622e+00 2.7199515631e-01 8.5695701715e+01
1.5316394304e+00 2.8283749471e-01 7.5892303678e+01
1.4942887172e+00 2.7071586956e-01 8.4133221509e+01
1.4927026506e+00 2.7320557386e-01 8.0412864007e+01
1.5106049442e+00 2.7612944398e-01 7.9497823876e+01
1.5070869688e+00 2.7601963367e-01 7.9206117227e+01
1.4704590421e+00 2.8777317797e-01 6.8971801420e+01
1.4750291292e+00 2.7283566575e-01 7.8705384629e+01
1.4843019312e+00 2.7708964665e-01 7.6061155025e+01
1.5533315587e+00 2.8399116990e-01 7.6903595008e+01
1.5124313525e+00 2.7521036605e-01 8.0703484835e+01
1.4753320109e+00 2.7433434602e-01 7.7407666966e+01
1.5189377054e+00 2.7960394600e-01 7.7239755051e+01
1.4460767143e+00 2.7080871357e-01 7.7491581624e+01
1.4778400475e+00 2.7272732245e-01 7.9122720780e+01
1.4863984348e+00 2.8131752770e-01 7.3386256743e+01
1.5178612343e+00 2.8158974132e-01 7.5638791445e+01
1.4973645130e+00 2.7396877454e-01 8.0163562403e+01
1.5224894600e+00 2.7650683437e-01 8.0537445831e+01
1.5017517896e+00 2.8770505030e-01 7.0847042089e+01
1.4982507068e+00 2.7670236982e-01 7.7659329379e+01
1.4711356608e+00 2.7582858513e-01 7.5850071354e+01
1.5001046912e+00 2.7530103222e-01 7.9122720780e+01
1.5254452316e+00 2.8265196194e-01 7.5511927880e+01
1.4868593441e+00 2.9035735118e-01 6.8708306827e+01
1.5049927561e+00 2.7856718516e-01 7.6777417260e+01
1.4964840171e+00 2.7394470807e-01 8.0080420295e+01
1.4834869795e+00 2.7745314579e-01 7.5723327176e+01
1.5472563052e+00 2.7680425053e-01 8.3968515318e+01
1.4976172499e+00 2.8095807812e-01 7.4451835457e+01
1.5097440897e+00 2.8561613339e-01 7.2486594398e+01
1.5429064029e+00 2.7978403268e-01 7.9539473606e+01
1.5044251116e+00 2.7415021644e-01 8.0869445111e+01
1.4925594828e+00 2.8601584525e-01 7.1150247189e+01
1.5085027503e+00 2.7324406636e-01 8.2648945375e+01
1.4968959924e+00 2.7715190596e-01 7.7155757380e+01
1.5015881939e+00 2.7517570069e-01 7.9414507550e+01
1.5185780648e+00 2.7905441549e-01 7.7659329379e+01
1.4836832978e+00 2.7274442399e-01 7.9789255467e+01
1.5066888728e+00 2.7959190776e-01 7.6145534310e+01
1.5244906381e+00 2.7723431844e-01 7.9997257084e+01
1.4868284138e+00 2.7727268938e-01 7.6145534310e+01
1.4901928713e+00 2.7616722985e-01 7.7323724844e+01
1.5142099730e+00 2.8024161553e-01 7.6314201186e+01
1.4974146113e+00 2.7980208399e-01 7.5215629171e+01
1.5163121428e+00 2.7496043242e-01 8.1532528898e+01
1.5408569816e+00 2.8960200392e-01 7.2314731052e+01
1.5077401803e+00 2.7899420785e-01 7.6693262514e+01
1.5437747933e+00 2.8165622578e-01 7.7910750187e+01
1.4982646147e+00 2.7895208055e-01 7.5892303678e+01
1.4839274433e+00 2.8650128186e-01 7.0369444415e+01
1.4792962513e+00 2.7082059283e-01 8.1408290413e+01
1.4598605461e+00 2.7900572423e-01 7.2872695748e+01
1.5039120523e+00 2.7556922310e-01 7.9289490537e+01
1.5237647067e+00 2.8069029026e-01 7.6819483732e+01
1.5166193186e+00 2.7964969246e-01 7.6987677568e+01
1.4741018637e+00 2.7106174843e-01 8.0412864007e+01
1.4687263870e+00 2.9401977999e-01 6.6225083331e+01
1.5467870263e+00 2.8230023851e-01 7.7659329379e+01
1.5018725369e+00 2.8259419718e-01 7.3727866500e+01
1.5062957093e+00 2.8270729267e-01 7.3983683510e+01
1.4848069474e+00 2.7252294634e-01 8.0163562403e+01
1.5014613372e+00 2.7892603944e-01 7.6187712450e+01
1.4997959980e+00 2.7379936904e-01 8.0661982523e+01
1.4909563830e+00 2.7585563338e-01 7.7659329379e+01
1.5165516869e+00 2.8062626530e-01 7.6229882959e+01
1.4955884553e+00 2.7303160728e-01 8.0993864557e+01
1.4979975243e+00 2.7786088438e-01 7.6693262514e+01
1.3917427560e+00 3.3141339847e-01 5.3099423087e+01
1.4583048168e+00 2.7472072028e-01 7.5554223768e+01
1.5500645376e+00 2.8405404532e-01 7.6566975496e+01
1.5097131082e+00 2.7838233309e-01 7.7365699350e+01
1.4857675315e+00 2.8375678536e-01 7.1927433851e+01
1.4769198464e+00 2.7364752360e-01 7.8161934912e+01
1.4924864906e+00 2.7749001119e-01 7.6482747241e+01
1.5085142579e+00 2.8230432588e-01 7.4409320646e+01
1.5430972895e+00 2.8187687029e-01 7.7659329379e+01
1.5207839611e+00 2.7821233327e-01 7.8621845231e+01
1.4925762656e+00 2.7604379703e-01 7.7659329379e+01
1.5023825490e+00 2.8979812396e-01 6.9846802787e+01
1.5031648162e+00 2.7722256045e-01 7.7701249475e+01
1.4985342955e+00 2.7551360286e-01 7.8747145195e+01
1.4918342013e+00 2.7769011559e-01 7.6272045862e+01
1.5097868459e+00 2.8012387031e-01 7.6018953826e+01
1.5112343914e+00 2.8185453275e-01 7.4918925507e+01
1.4815543491e+00 2.7261861867e-01 7.9664389360e+01
1.5246982571e+00 2.7611699224e-01 8.1284011213e+01
1.5061920643e+00 2.9007694669e-01 6.9934029987e+01
1.4919219685e+00 2.8982484818e-01 6.9234830989e+01
1.5258713276e+00 2.7767350284e-01 7.9706016880e+01
1.4956518573e+00 2.7568143019e-01 7.8287440457e+01
1.5421142130e+00 2.8788749419e-01 7.3386256743e+01
1.4778145575e+00 2.8628654568e-01 7.0108339229e+01
1.5120467029e+00 2.7922587228e-01 7.6903595008e+01
1.4636764025e+00 2.7833759011e-01 7.3557136760e+01
1.5209586078e+00 2.7667387244e-01 8.0163562403e+01
1.4857514581e+00 2.8603416832e-01 7.0716926810e+01
1.5189227008e+00 2.8189254854e-01 7.5511927880e+01
1.5265385857e+00 2.7700624467e-01 8.0495923602e+01
1.4791318518e+00 2.7864918583e-01 7.4536838781e+01
1.4840317338e+00 2.7104301978e-01 8.1822263856e+01
1.5453947917e+00 2.8140703372e-01 7.8287440457e+01
1.4973969158e+00 2.7529350393e-01 7.8830648187e+01
1.5045716024e+00 2.7581577417e-01 7.9122720780e+01
1.5087958728e+00 2.7748490775e-01 7.8036371717e+01
1.4887490908e+00 2.7625549592e-01 7.7113748025e+01
1.4516577550e+00 2.7643074223e-01 7.3855816334e+01
1.5209586078e+00 2.7667387244e-01 8.0163562403e+01
1.5338427218e+00 2.8839108332e-01 7.2529534762e+01
1.4821603790e+00 3.0185293954e-01 6.3967271853e+01
1.4496337580e+00 2.7666061636e-01 7.3557136760e+01
1.4673278712e+00 2.7243755471e-01 7.8245611639e+01
1.5333371514e+00 2.7840468587e-01 7.9830866582e+01
1.4925485775e+00 2.8512095687e-01 7.1625611953e+01
1.5515186135e+00 2.8351524938e-01 7.7113748025e+01
1.4885394843e+00 2.7194922702e-01 8.1325442176e+01
1.5531655901e+00 2.8598891572e-01 7.5427311870e+01
1.5088326211e+00 2.8107809505e-01 7.5257982128e+01
1.4990813048e+00 2.7360911490e-01 8.0786474719e+01
1.5053249000e+00 2.7823504133e-01 7.7071731622e+01
1.4840580932e+00 2.7056574815e-01 8.2483737725e+01
1.5297308567e+00 2.8064395247e-01 7.7407666966e+01
1.5173389963e+00 2.7711259228e-01 7.9289490537e+01
1.4649017752e+00 2.7306549443e-01 7.7449627715e+01
1.5251777679e+00 2.7700209973e-01 8.0329784068e+01
1.5300160336e+00 2.8354904273e-01 7.5257982128e+01
1.4982530176e+00 2.8077526492e-01 7.4621807233e+01
1.4968855579e+00 2.8214272463e-01 7.3642520295e+01
1.4792389759e+00 2.7944446528e-01 7.4026287672e+01
1.5059171377e+00 2.7809618077e-01 7.7239755051e+01
1.4682941253e+00 2.7192093647e-01 7.8830648187e+01
1.4979206274e+00 2.7522224677e-01 7.8955857695e+01
1.5025021950e+00 2.7471450026e-01 7.9997257084e+01
1.5059254443e+00 2.7400886247e-01 8.1242575657e+01
1.5325733490e+00 2.8008003139e-01 7.8161934912e+01
1.5145497526e+00 2.7899335473e-01 7.7323724844e+01
1.5000173030e+00 2.7222070082e-01 8.2731526072e+01
1.5467528311e+00 2.8690816887e-01 7.4324264582e+01
1.4884851444e+00 2.7471262940e-01 7.8412889032e+01
1.5378054439e+00 2.8077669075e-01 7.8078232563e+01
1.4938727329e+00 3.1513539217e-01 6.0306948064e+01
1.5108874039e+00 2.7856943600e-01 7.7323724844e+01
1.5086887090e+00 2.7668497155e-01 7.8747145195e+01
1.4733557260e+00 2.7901413375e-01 7.3855816334e+01
1.4755407687e+00 2.7502660128e-01 7.6861542972e+01
1.5099295854e+00 2.7771213312e-01 7.7952630554e+01
1.4936677578e+00 2.8128531878e-01 7.3941070253e+01
1.5064023249e+00 2.7851786324e-01 7.6945639864e+01
1.5019353479e+00 2.7799895888e-01 7.6945639864e+01
1.5423969168e+00 2.8120689407e-01 7.8161934912e+01
1.5143479170e+00 2.7420128548e-01 8.2235807906e+01
1.4677904727e+00 2.7917377326e-01 7.3343513034e+01
1.4984279786e+00 2.8558533986e-01 7.1755028325e+01
1.4899497896e+00 2.8545593383e-01 7.1280024178e+01
1.4893652131e+00 2.7518761259e-01 7.8078232563e+01
1.5045151078e+00 2.7723170881e-01 7.7826969754e+01
1.4755982783e+00 2.7406807867e-01 7.7659329379e+01
1.4912534269e+00 2.7239599233e-01 8.1159690671e+01
1.4587347793e+00 2.6800806750e-01 8.1987731721e+01
1.4957349700e+00 2.7559831745e-01 7.8371079129e+01
1.5189586063e+00 2.8640671032e-01 7.2658295222e+01
1.5036426665e+00 2.7583860898e-01 7.8997582302e+01
1.5433816549e+00 2.8022215601e-01 7.9164421908e+01
1.4903144774e+00 2.7740148503e-01 7.6356348960e+01
1.5015661170e+00 2.7248178139e-01 8.2607649278e+01
1.5149565783e+00 2.7858652898e-01 7.7701249475e+01
1.4836948686e+00 2.7679384265e-01 7.6229882959e+01
1.5058028962e+00 2.7639714398e-01 7.8705384629e+01
1.5180951516e+00 2.8272009777e-01 7.4876505650e+01
1.4981864543e+00 2.8628027982e-01 7.1366486818e+01
1.4935154270e+00 2.8596584847e-01 7.1236776285e+01
1.5164089719e+00 2.7713413536e-01 7.9164421908e+01
1.5307360143e+00 2.9195442119e-01 7.0456384946e+01
1.5002322415e+00 2.8786319984e-01 7.0673532104e+01
1.4591992374e+00 2.7158160869e-01 7.8161934912e+01
1.5180389350e+00 2.7732128812e-01 7.9164421908e+01
1.5157045439e+00 2.8374643177e-01 7.4026287672e+01
1.5016951024e+00 2.7642730963e-01 7.8245611639e+01
1.5242015829e+00 2.7752337369e-01 7.9664389360e+01
1.4825004018e+00 2.7392731998e-01 7.8496490101e+01
1.5330883441e+00 2.8777579846e-01 7.2829835522e+01
1.5089205399e+00 2.8235203527e-01 7.4409320646e+01
1.4970410835e+00 2.7791199306e-01 7.6566975496e+01
1.4923880564e+00 2.7758844532e-01 7.6398489209e+01
1.5173954881e+00 2.8705950885e-01 7.2185725677e+01
1.5064586816e+00 2.7755463694e-01 7.7743162886e+01
1.5117655875e+00 2.8268600105e-01 7.4409320646e+01
1.5051961346e+00 2.8108464601e-01 7.4961336903e+01
1.5061110153e+00 2.7246431273e-01 8.3432867286e+01
1.5026219566e+00 2.7776542007e-01 7.7197759713e+01
1.5464424891e+00 2.8904907087e-01 7.3001217281e+01
1.5089824578e+00 2.7412414473e-01 8.1532528898e+01
1.4851248408e+00 2.7897626236e-01 7.4791640439e+01
1.4883066796e+00 2.8800445280e-01 6.9890422465e+01
1.5269383054e+00 2.7933748381e-01 7.8245611639e+01
1.4875322560e+00 2.7521391096e-01 7.7868863262e+01
1.4871886838e+00 2.7465438516e-01 7.8329262945e+01
1.5069445737e+00 2.8160462876e-01 7.4749195028e+01
1.5098498072e+00 2.8233086575e-01 7.4494341492e+01
1.4750097969e+00 2.9813307719e-01 6.4965811856e+01
1.5026220403e+00 2.7867159123e-01 7.6482747241e+01
1.4803565579e+00 2.7336557493e-01 7.8788899706e+01
1.4462700881e+00 2.8002428631e-01 7.1366486818e+01
1.5371774949e+00 2.8094835269e-01 7.7868863262e+01
1.5754983373e+00 2.8568488856e-01 7.7575469027e+01
1.5202311128e+00 2.7694683945e-01 7.9789255467e+01
1.4947644512e+00 2.8970228295e-01 6.9453672823e+01
1.4807269035e+00 2.7164295622e-01 8.0620475268e+01
1.5043647935e+00 2.8055539457e-01 7.5257982128e+01
1.5128202177e+00 2.7436781646e-01 8.1780886213e+01
1.5195208274e+00 2.8220412912e-01 7.5342663360e+01
1.4847014519e+00 2.7669012594e-01 7.6398489209e+01
1.5054702733e+00 2.7944991480e-01 7.6145534310e+01
1.5013840967e+00 2.7266380171e-01 8.2318467199e+01
1.5017148641e+00 2.7912562081e-01 7.6061155025e+01
1.4952499816e+00 2.7517874353e-01 7.8705384629e+01
1.4924207368e+00 2.7213208890e-01 8.1656727290e+01
1.5034296840e+00 2.7559859848e-01 7.9206117227e+01
1.4865742731e+00 2.7707514615e-01 7.6272045862e+01
1.5076026738e+00 2.7958536038e-01 7.6229882959e+01
1.5149461892e+00 2.8541426399e-01 7.2958386597e+01
1.5237096570e+00 2.7710559232e-01 8.0038841340e+01
1.4889450808e+00 2.8329292301e-01 7.2400683165e+01
1.5177645171e+00 2.7759570604e-01 7.8872390662e+01
1.4666119007e+00 2.8305445622e-01 7.1063673457e+01
1.4662680531e+00 3.0009204810e-01 6.3876078244e+01
1.4745407514e+00 2.7332404356e-01 7.8203776466e+01
1.5216399245e+00 2.7644712217e-01 8.0495923602e+01
1.4943722919e+00 2.7605643326e-01 7.7826969754e+01
1.5156273510e+00 2.7836997778e-01 7.7952630554e+01
1.5172241517e+00 2.8268154351e-01 7.4834077304e+01
1.5274624522e+00 2.8017933285e-01 7.7575469027e+01
1.4888603180e+00 2.7162839325e-01 8.1780886213e+01
1.5007034403e+00 2.9283966698e-01 6.8356243358e+01
1.5196127443e+00 2.7983823139e-01 7.7113748025e+01
1.5129039003e+00 2.8973091663e-01 7.0499837642e+01
1.4531055302e+00 2.6960246263e-01 7.9372840907e+01
1.5040990677e+00 2.7946087362e-01 7.6018953826e+01
1.4568527168e+00 2.7168440823e-01 7.7826969754e+01
1.4841430447e+00 2.7093170881e-01 8.1987731721e+01
1.5139382001e+00 2.7733437510e-01 7.8705384629e+01
1.5137822797e+00 2.7522072227e-01 8.0869445111e+01
1.5030822694e+00 2.7458726496e-01 8.0205125602e+01
1.4753257296e+00 2.7794560688e-01 7.4706741043e+01
1.5238059580e+00 2.8383582706e-01 7.4579327351e+01
1.4986348039e+00 2.7450807023e-01 7.9747638907e+01
1.4964148803e+00 2.7491840722e-01 7.9081013820e+01
1.4978323932e+00 2.7304859385e-01 8.1284011213e+01
1.4959565537e+00 2.8397775314e-01 7.2486594398e+01
1.4505170115e+00 2.7936622973e-01 7.2013573065e+01
1.5348875076e+00 2.7731008216e-01 8.1242575657e+01
1.4859724788e+00 2.7858034684e-01 7.5130898438e+01
1.4853610626e+00 2.7151772592e-01 8.1408290413e+01
1.5010763017e+00 2.7795198084e-01 7.6903595008e+01
1.5144317888e+00 2.8229167369e-01 7.4876505650e+01
1.4849564714e+00 2.7147125038e-01 8.1408290413e+01
1.4878024509e+00 2.7088099027e-01 8.2648945375e+01
1.4928582197e+00 2.8118967870e-01 7.3941070253e+01
1.4951976096e+00 2.7387456087e-01 7.9997257084e+01
1.5163412865e+00 2.7765604227e-01 7.8663617982e+01
1.4916583635e+00 2.8012726288e-01 7.4536838781e+01
1.4707442196e+00 2.7306932337e-01 7.8036371717e+01
1.5398631679e+00 2.7780643072e-01 8.1325442176e+01
1.5128320813e+00 2.7844049386e-01 7.7617402571e+01
1.4916329630e+00 2.7608299950e-01 7.7533528720e+01
1.5182745273e+00 2.8299555646e-01 7.4706741043e+01
1.5081544574e+00 3.0677844937e-01 6.3419033617e+01
1.4954646647e+00 2.7451183709e-01 7.9372840907e+01
1.5271163398e+00 2.7733865715e-01 8.0205125602e+01
1.5181578331e+00 2.8356712351e-01 7.4324264582e+01
1.5009165107e+00 2.7539462166e-01 7.9122720780e+01
1.4912648812e+00 2.7373970553e-01 7.9664389360e+01
1.5015294897e+00 2.7795178575e-01 7.6945639864e+01
1.5159763705e+00 2.7302663152e-01 8.4421341153e+01
1.5224208803e+00 2.7748481492e-01 7.9497823876e+01
1.4838343526e+00 2.7394668500e-01 7.8621845231e+01
1.5122256304e+00 2.7586981097e-01 7.9955667504e+01
1.5219549233e+00 2.7431408773e-01 8.3350409892e+01
1.4820935618e+00 2.7568747580e-01 7.6945639864e+01
1.5070398639e+00 2.7924091664e-01 7.6440621960e+01
1.4769227316e+00 2.7950499022e-01 7.3813175613e+01
1.5535361791e+00 2.8332870029e-01 7.7449627715e+01
1.5009129421e+00 2.7449278132e-01 8.0038841340e+01
1.5035080573e+00 2.8413366127e-01 7.2915546096e+01
1.5336390167e+00 2.7673579245e-01 8.1780886213e+01
1.5298634594e+00 2.8415752224e-01 7.4834077304e+01
1.5417698365e+00 2.8137726765e-01 7.7952630554e+01
1.5266926114e+00 2.8186002876e-01 7.6187712450e+01
1.5140505459e+00 2.8494574843e-01 7.3172442467e+01
1.5325449141e+00 2.8056429519e-01 7.7743162886e+01
1.4916336100e+00 2.7382277629e-01 7.9622756324e+01
1.5292300035e+00 2.7886719003e-01 7.8914127157e+01
1.5065618699e+00 2.8561880309e-01 7.2271739586e+01
1.5020058334e+00 2.7838154320e-01 7.6651174188e+01
1.4714616275e+00 2.7865521660e-01 7.3941070253e+01
1.5042284839e+00 2.7842481821e-01 7.6819483732e+01
1.4934416914e+00 2.7879631243e-01 7.5596511614e+01
1.4333476970e+00 2.8130003307e-01 6.9890422465e+01
1.4727828637e+00 2.7193068662e-01 7.9331168577e+01
1.5372188962e+00 2.7771401051e-01 8.1076787034e+01
1.4704499494e+00 2.8191991032e-01 7.1927433851e+01
1.4979771360e+00 2.8241024065e-01 7.3557136760e+01
1.4981124173e+00 2.7729330605e-01 7.7155757380e+01
1.5226806376e+00 2.8632748750e-01 7.2958386597e+01
1.4639102810e+00 2.6866624030e-01 8.1905006284e+01
1.4408546307e+00 2.8499131001e-01 6.8576382628e+01
1.5172397676e+00 2.8175652678e-01 7.5469623924e+01
1.5201775793e+00 2.7654588313e-01 8.0205125602e+01
1.5081793392e+00 2.7447396297e-01 8.0993864557e+01
1.5430494630e+00 2.8009764111e-01 7.9247806762e+01
1.5068905084e+00 2.7939027218e-01 7.6314201186e+01
1.5266415140e+00 2.8191112614e-01 7.6145534310e+01
1.4922346535e+00 2.8000335031e-01 7.4664278454e+01
1.5029290922e+00 2.7881772447e-01 7.6398489209e+01
1.4830617456e+00 2.7426814815e-01 7.8245611639e+01
1.5013091040e+00 2.7907827257e-01 7.6061155025e+01
1.5113673572e+00 2.7672808414e-01 7.8997582302e+01
1.4964861562e+00 2.7213390645e-01 8.2277139574e+01
1.5253912186e+00 2.8270597493e-01 7.5469623924e+01
1.5215892475e+00 2.8605253758e-01 7.3044038180e+01
1.5133333920e+00 2.8611758367e-01 7.2443643876e+01
1.5086750284e+00 2.7624515971e-01 7.9164421908e+01
1.4827506775e+00 2.7232407606e-01 8.0121993975e+01
1.5243742021e+00 2.7507677357e-01 8.2607649278e+01
1.4843431694e+00 2.7343786822e-01 7.9164421908e+01
1.5172444618e+00 2.7493621112e-01 8.1698117953e+01
1.5211508557e+00 2.7830011999e-01 7.8580066351e+01
1.4848672517e+00 2.7065845267e-01 8.2483737725e+01
1.4670748325e+00 2.8754900884e-01 6.8884021955e+01
1.5137258558e+00 2.7573098413e-01 8.0288236411e+01
1.4728153946e+00 2.8902767434e-01 6.8532381435e+01
1.4802235508e+00 2.7936244822e-01 7.4154045875e+01
1.4897418757e+00 2.7571451064e-01 7.7659329379e+01
1.4992234407e+00 2.8932576179e-01 6.9890422465e+01
1.5209782138e+00 2.7483638409e-01 8.2401110412e+01
1.4868649802e+00 2.7091605743e-01 8.2442426045e+01
1.5412534810e+00 2.8098032408e-01 7.8245611639e+01
1.5205661525e+00 2.7706632775e-01 7.9706016880e+01
1.4677513788e+00 2.6886768047e-01 8.2235807906e+01
1.4859142011e+00 2.7683196584e-01 7.6398489209e+01
1.5293105699e+00 2.8106423928e-01 7.7029708145e+01
1.4885365781e+00 2.7963141520e-01 7.4621807233e+01
1.5208305916e+00 2.8407954606e-01 7.4196613947e+01
1.4962095602e+00 2.7738580687e-01 7.6903595008e+01
1.4830119794e+00 2.8063743983e-01 7.3557136760e+01
1.4906931669e+00 2.7250460688e-01 8.0952396196e+01
1.5002980534e+00 2.7329731358e-01 8.1325442176e+01
1.5119981955e+00 2.8245339303e-01 7.4579327351e+01
1.5229956691e+00 2.8965771127e-01 7.1150247189e+01
1.5507767476e+00 2.8059690890e-01 7.9622756324e+01
1.4967822942e+00 2.7093366829e-01 8.4256719157e+01
1.4774382781e+00 2.7763647545e-01 7.5088520605e+01
1.5021130942e+00 2.7193480415e-01 8.3556527821e+01
1.5045380890e+00 2.7449019346e-01 8.0495923602e+01
1.5138063936e+00 2.7792021126e-01 7.8161934912e+01
1.4925145015e+00 2.7429751487e-01 7.9247806762e+01
1.5013118322e+00 2.8632988633e-01 7.1539280443e+01
1.4948411573e+00 2.7558756784e-01 7.8287440457e+01
1.5149919390e+00 2.7718873397e-01 7.8955857695e+01
1.4899193501e+00 2.7147222774e-01 8.2153132349e+01
1.4676655989e+00 2.6985222856e-01 8.0952396196e+01
1.5074202418e+00 2.8430636313e-01 7.3086849324e+01
1.5284927124e+00 2.8324912481e-01 7.5342663360e+01
1.4980076372e+00 2.7377798917e-01 8.0454396336e+01
1.5146059144e+00 2.7984567411e-01 7.6651174188e+01
1.4952696152e+00 2.7606367225e-01 7.7910750187e+01
1.4583636294e+00 2.7017349558e-01 7.9414507550e+01
1.5180343560e+00 2.7641723257e-01 8.0080420295e+01
1.4654663467e+00 2.7250092292e-01 7.7994504389e+01
1.4848025516e+00 2.7207623688e-01 8.0661982523e+01
1.4828394463e+00 2.7313724744e-01 7.9289490537e+01
1.4934745091e+00 2.7604980781e-01 7.7743162886e+01
1.5426726347e+00 2.9510798120e-01 6.9628520827e+01
1.5269486001e+00 2.7796153756e-01 7.9539473606e+01
1.4834857007e+00 2.6978563580e-01 8.3597741274e+01
1.4932869062e+00 2.7442905629e-01 7.9206117227e+01
1.4963588864e+00 2.7271328407e-01 8.1491120555e+01
1.4992873487e+00 2.7295065515e-01 8.1615332242e+01
1.4798589058e+00 2.7656881605e-01 7.6061155025e+01
1.4706741356e+00 2.7268946174e-01 7.8371079129e+01
1.5016255088e+00 2.7513838583e-01 7.9456168532e+01
1.5102419523e+00 2.7966876389e-01 7.6398489209e+01
1.5148730003e+00 2.7776177911e-01 7.8412889032e+01
1.5119201978e+00 2.7799051842e-01 7.7910750187e+01
1.5172001010e+00 2.7543467842e-01 8.1076787034e+01
1.5007996438e+00 2.8366709033e-01 7.3001217281e+01
1.4914198844e+00 2.7313294128e-01 8.0329784068e+01
1.5166998386e+00 2.7729749009e-01 7.9039301002e+01
1.5144850636e+00 2.8633018574e-01 7.2400683165e+01
1.4895826015e+00 3.0441472728e-01 6.3419033617e+01
1.5204970029e+00 2.8805563728e-01 7.1841252357e+01
1.5406078803e+00 2.7706171833e-01 8.2401110412e+01
1.5034270660e+00 2.7696031065e-01 7.7952630554e+01
1.4905073835e+00 2.7449720328e-01 7.8830648187e+01
1.5044363021e+00 2.8638228173e-01 7.1711900276e+01
1.5041470381e+00 2.7895956438e-01 7.6398489209e+01
1.4817657719e+00 2.6880159810e-01 8.5120486210e+01
1.5172131283e+00 2.7860146965e-01 7.7910750187e+01
1.5624919978e+00 2.8261998432e-01 7.8955857695e+01
1.4981684815e+00 2.7542688549e-01 7.8788899706e+01
1.5200901422e+00 2.7799690448e-01 7.8747145195e+01
1.5548989737e+00 2.8700433854e-01 7.4876505650e+01
1.4917092440e+00 2.7555472619e-01 7.7994504389e+01
1.4828205016e+00 2.7360722020e-01 7.8830648187e+01
1.5076794313e+00 2.9359065255e-01 6.8400297950e+01
1.5114347362e+00 2.8619774408e-01 7.2271739586e+01
1.4962894488e+00 2.7866362779e-01 7.5934528179e+01
1.5272777900e+00 2.7763234767e-01 7.9914072577e+01
1.4612402259e+00 2.6998948083e-01 7.9955667504e+01
1.4953365940e+00 2.7373557644e-01 8.0163562403e+01
1.5073381939e+00 2.8030352465e-01 7.5681063290e+01
1.5242722064e+00 2.7790766124e-01 7.9289490537e+01
1.5219604346e+00 2.7794526068e-01 7.8997582302e+01
1.5335909949e+00 2.8681666975e-01 7.3428990941e+01
1.4848146456e+00 2.7838312821e-01 7.5173267951e+01
1.4924677970e+00 2.8022262269e-01 7.4536838781e+01
1.4972620377e+00 2.9037968086e-01 6.9278624601e+01
1.4980484024e+00 2.7554696464e-01 7.8663617982e+01
1.5429554103e+00 2.7836524825e-01 8.1076787034e+01
1.5525084236e+00 2.8573011757e-01 7.5554223768e+01
1.5253345564e+00 2.7548069289e-01 8.2194472172e+01
1.4822266772e+00 2.7826203411e-01 7.5046134423e+01
1.4749675041e+00 2.7469885289e-01 7.7071731622e+01
1.5141058652e+00 2.8080002143e-01 7.5892303678e+01
1.4627868507e+00 2.7068774096e-01 7.9414507550e+01
1.5040822177e+00 2.7404019432e-01 8.0952396196e+01
1.5108082841e+00 2.7320503439e-01 8.3102953976e+01
1.5158212723e+00 2.8226577434e-01 7.5003739865e+01
1.4736771308e+00 2.7689023916e-01 7.5300326848e+01
1.5102929079e+00 2.7780253343e-01 7.7910750187e+01
1.4803444999e+00 2.7743653770e-01 7.5469623924e+01
1.4841615494e+00 2.8084303736e-01 7.3514430919e+01
1.4756611401e+00 2.7670871964e-01 7.5596511614e+01
1.4733467312e+00 2.7631962575e-01 7.5681063290e+01
1.4709322096e+00 2.7513164206e-01 7.6356348960e+01
1.4910132673e+00 2.7715472602e-01 7.6609078524e+01
1.4983567362e+00 2.7931279825e-01 7.5638791445e+01
1.5366830470e+00 2.7870587959e-01 7.9914072577e+01
1.4815694829e+00 2.7395622148e-01 7.8371079129e+01
1.5246057269e+00 2.7620952242e-01 8.1159690671e+01
1.4884487979e+00 2.7203991338e-01 8.1201135484e+01
1.4739693833e+00 2.7344511779e-01 7.8036371717e+01
1.4813535210e+00 2.9178935316e-01 6.7782296048e+01
1.4869972054e+00 2.7529739325e-01 7.7743162886e+01
1.4824025353e+00 2.8169856786e-01 7.2872695748e+01
1.4584166042e+00 2.7191542003e-01 7.7785069637e+01
1.4869762100e+00 2.7938389117e-01 7.4664278454e+01
1.5080448596e+00 2.8050434290e-01 7.5596511614e+01
1.5014232379e+00 2.7443517073e-01 8.0163562403e+01
1.4801632679e+00 2.7085466652e-01 8.1491120555e+01
1.5289881704e+00 2.8229795263e-01 7.6061155025e+01
1.5180693161e+00 2.7592801262e-01 8.0620475268e+01
1.4769833756e+00 2.7628796090e-01 7.6018953826e+01
1.4773263095e+00 2.7008819160e-01 8.2070440348e+01
1.5512694041e+00 2.8147654428e-01 7.8830648187e+01
1.5099174211e+00 2.7908558089e-01 7.6819483732e+01
1.4906084747e+00 2.7710748774e-01 7.6609078524e+01
1.5208652728e+00 2.7813102155e-01 7.8705384629e+01
1.4841587297e+00 2.7272005874e-01 7.9872472277e+01
1.5122828864e+00 2.7898968878e-01 7.7113748025e+01
1.5176897556e+00 2.7358281958e-01 8.3762562043e+01
1.4935124414e+00 2.7420352101e-01 7.9456168532e+01
1.4974289441e+00 2.7209537274e-01 8.2483737725e+01
1.5034706429e+00 2.7510468515e-01 7.9706016880e+01
1.4755480770e+00 2.7141616887e-01 8.0205125602e+01
1.4843988005e+00 2.7428464068e-01 7.8371079129e+01
1.5228574020e+00 2.8205273570e-01 7.5723327176e+01
1.5222795029e+00 2.7580754374e-01 8.1325442176e+01
1.4747227671e+00 2.6774105504e-01 8.5736771220e+01
1.5095328511e+00 2.7810886745e-01 7.7575469027e+01
1.5112038019e+00 2.7961478194e-01 7.6524865077e+01
1.5280462388e+00 2.8688666798e-01 7.3001217281e+01
1.5124718271e+00 2.7743888905e-01 7.8454692681e+01
1.5238842663e+00 2.7693098303e-01 8.0246683597e+01
1.5103240617e+00 2.7913277823e-01 7.6819483732e+01
1.4975537441e+00 2.7332724293e-01 8.0910923055e+01
1.4356363861e+00 2.7945880571e-01 7.0977054822e+01
1.4956030927e+00 2.7392122417e-01 7.9997257084e+01
1.4833185632e+00 2.7310915867e-01 7.9372840907e+01
1.5314661468e+00 2.9442176959e-01 6.9322405554e+01
1.4833992173e+00 2.7573548345e-01 7.7029708145e+01
1.4754218806e+00 2.7739869824e-01 7.5088520605e+01
1.5234176528e+00 2.7785243096e-01 7.9247806762e+01
1.5292847272e+00 2.7790168770e-01 7.9872472277e+01
1.5171540668e+00 2.8229690882e-01 7.5088520605e+01
1.4569942583e+00 2.7244023873e-01 7.7197759713e+01
1.5135643430e+00 2.7498485950e-01 8.1118241196e+01
1.5565370240e+00 2.8536628822e-01 7.6145534310e+01
1.5106912403e+00 2.8557777071e-01 7.2572465000e+01
1.5062274856e+00 3.0779349598e-01 6.3006128951e+01
1.5636694142e+00 2.8373561448e-01 7.8078232563e+01
1.4954169841e+00 2.8406429132e-01 7.2400683165e+01
1.4830668608e+00 2.9098103763e-01 6.8223998755e+01
1.4770431204e+00 2.7938460143e-01 7.3898447871e+01
1.5266381046e+00 2.7736178996e-01 8.0121993975e+01
1.5192324585e+00 2.7703655252e-01 7.9581117748e+01
1.4991168455e+00 2.9079387064e-01 6.9191024681e+01
1.5247949770e+00 2.8694686029e-01 7.2744085313e+01
1.4896085883e+00 2.7358918551e-01 7.9622756324e+01
1.5374096420e+00 2.7980374589e-01 7.8914127157e+01
1.4689673357e+00 2.7484620722e-01 7.6398489209e+01
1.5094022089e+00 2.8096242187e-01 7.5384991691e+01
1.5070623887e+00 2.7649755256e-01 7.8747145195e+01
1.4961403919e+00 2.7564523448e-01 7.8371079129e+01
1.5176652763e+00 2.8133101802e-01 7.5807831180e+01
1.4675490564e+00 2.7671447090e-01 7.4918925507e+01
1.4975220141e+00 2.7335897300e-01 8.0869445111e+01
1.5345436279e+00 2.8130135671e-01 7.7323724844e+01
1.4760327744e+00 2.7003107722e-01 8.1946371115e+01
1.4752066909e+00 2.7536067904e-01 7.6566975496e+01
1.4880633581e+00 2.7648946755e-01 7.6861542972e+01
1.5004113563e+00 2.7680533900e-01 7.7785069637e+01
1.4777392535e+00 2.7057587389e-01 8.1491120555e+01
1.5001647515e+00 2.7207325231e-01 8.2979177816e+01
1.4990360886e+00 2.7999219392e-01 7.5215629171e+01
1.5043647935e+00 2.8055539457e-01 7.5257982128e+01
1.5250292876e+00 2.8397883747e-01 7.4579327351e+01
1.4770690934e+00 2.7394884108e-01 7.7910750187e+01
1.4999064411e+00 2.7776309326e-01 7.6945639864e+01
1.4653678963e+00 2.7035254983e-01 8.0080420295e+01
1.4780883238e+00 3.0547161751e-01 6.2591702904e+01
1.5206033074e+00 2.8339658720e-01 7.4621807233e+01
1.5273745452e+00 2.8573466404e-01 7.3642520295e+01
1.4486606082e+00 2.6822481961e-01 8.0288236411e+01
1.4897636629e+00 2.8518941366e-01 7.1409701632e+01
1.5002783395e+00 2.7965596734e-01 7.5554223768e+01
1.5094572980e+00 2.7727709019e-01 7.8287440457e+01
1.5129171506e+00 2.8198873607e-01 7.4961336903e+01
1.4885452150e+00 2.7781488617e-01 7.5892303678e+01
1.4771826693e+00 2.7653946350e-01 7.5850071354e+01
1.4722798492e+00 2.9182125397e-01 6.7294809986e+01
1.4907295943e+00 2.7156500443e-01 8.2153132349e+01
1.5238639146e+00 2.8377787044e-01 7.4621807233e+01
1.4850718041e+00 2.8716619974e-01 7.0108339229e+01
1.4693748434e+00 2.7353884697e-01 7.7491581624e+01
1.5096222032e+00 2.7801951539e-01 7.7659329379e+01
1.5150240139e+00 2.8033620924e-01 7.6314201186e+01
1.5056841928e+00 2.7832912567e-01 7.7029708145e+01
1.5009120063e+00 2.7721040569e-01 7.7491581624e+01
1.4873993554e+00 2.6993053834e-01 8.4133221509e+01
1.4798200218e+00 2.7931467896e-01 7.4154045875e+01
1.5052839810e+00 2.7465032578e-01 8.0412864007e+01
1.5467109935e+00 2.8512005549e-01 7.5511927880e+01
1.5174463370e+00 2.7927712543e-01 7.7365699350e+01
1.4783206157e+00 2.6999451170e-01 8.2359790805e+01
1.4254784801e+00 2.6862813827e-01 7.7281743419e+01
1.5094383845e+00 2.8274228851e-01 7.4196613947e+01
1.5479953349e+00 2.8520812028e-01 7.5554223768e+01
1.5062769826e+00 2.8000379801e-01 7.5807831180e+01
1.5234136755e+00 2.8604997271e-01 7.3172442467e+01
1.5166386403e+00 2.9601474007e-01 6.7826528454e+01
1.5442714809e+00 2.7887562323e-01 8.0661982523e+01
1.4737783582e+00 2.8400267943e-01 7.1020369769e+01
1.4747612372e+00 2.7175279222e-01 7.9747638907e+01
1.5258294251e+00 2.7999110872e-01 7.7575469027e+01
1.5076026738e+00 2.7958536038e-01 7.6229882959e+01
1.5077453522e+00 3.0536385708e-01 6.3876078244e+01
1.4890549885e+00 2.7143372275e-01 8.2070440348e+01
1.5224857112e+00 2.7787474198e-01 7.9122720780e+01
1.4731117984e+00 2.7160175192e-01 7.9706016880e+01
1.5091350046e+00 2.7351829750e-01 8.2359790805e+01
1.4991941250e+00 2.7666428365e-01 7.7785069637e+01
1.4999698606e+00 2.7181576578e-01 8.3350409892e+01
1.4879855573e+00 2.7792266715e-01 7.5765583130e+01
1.5248529886e+00 2.8825622070e-01 7.2013573065e+01
1.4705910325e+00 2.6962402928e-01 8.1656727290e+01
1.5065618699e+00 2.8561880309e-01 7.2271739586e+01
1.4820608864e+00 2.7842782485e-01 7.4918925507e+01
1.4850602686e+00 2.8672535776e-01 7.0325956512e+01
1.4756889744e+00 2.8118981413e-01 7.2701195268e+01
1.5185394934e+00 2.7818396906e-01 7.8412889032e+01
1.4835388319e+00 2.8056227130e-01 7.3642520295e+01
1.4826498736e+00 2.7919319538e-01 7.4451835457e+01
1.4453754921e+00 2.6882481512e-01 7.9247806762e+01
1.5090506216e+00 2.7723015902e-01 7.8287440457e+01
1.5195185075e+00 2.7993246813e-01 7.7029708145e+01
1.4610450283e+00 2.7332778883e-01 7.6861542972e+01
1.5357157202e+00 2.7921718660e-01 7.9289490537e+01
1.4880664704e+00 2.7919749980e-01 7.4876505650e+01
1.5080806679e+00 2.7230670876e-01 8.4092049576e+01
1.5481510470e+00 2.8596753588e-01 7.5046134423e+01
1.5248637446e+00 2.7868108583e-01 7.8621845231e+01
1.4547751257e+00 2.6927746880e-01 7.9914072577e+01
1.4674261585e+00 2.8178974993e-01 7.1798145674e+01
1.5060874330e+00 2.8563917194e-01 7.2228737805e+01
1.5441296540e+00 2.7947415682e-01 7.9997257084e+01
1.5168521489e+00 2.8032580329e-01 7.6482747241e+01
1.5170847436e+00 2.7918426740e-01 7.7407666966e+01
1.4982368923e+00 2.7626357590e-01 7.8036371717e+01
1.4716269317e+00 2.7984160590e-01 7.3215224529e+01
1.5161370541e+00 2.7422757672e-01 8.2483737725e+01
1.5004610945e+00 2.7720843992e-01 7.7449627715e+01
1.4956380810e+00 2.7388623591e-01 8.0038841340e+01
1.4832408048e+00 2.7679653106e-01 7.6187712450e+01
1.5206974217e+00 2.7784422970e-01 7.8955857695e+01
1.5244631462e+00 2.7680693765e-01 8.0454396336e+01
1.4874222143e+00 2.7216378470e-01 8.0910923055e+01
1.4957736015e+00 2.7284646117e-01 8.1242575657e+01
1.5331573876e+00 2.7721742157e-01 8.1118241196e+01
1.4969676611e+00 2.8160766688e-01 7.3983683510e+01
1.4781379252e+00 2.7333061234e-01 7.8580066351e+01
1.4829247403e+00 2.7620996046e-01 7.6609078524e+01
1.4596178108e+00 2.8329587957e-01 7.0499837642e+01
1.5226175901e+00 2.7819765924e-01 7.8830648187e+01
1.5313627159e+00 2.7718992426e-01 8.0910923055e+01
1.5303217219e+00 2.8050872507e-01 7.7575469027e+01
1.5176981986e+00 2.7993428168e-01 7.6861542972e+01
1.5209861525e+00 2.8255867795e-01 7.5215629171e+01
1.5258253209e+00 2.8181646417e-01 7.6145534310e+01
1.5337103434e+00 2.8441550411e-01 7.4961336903e+01
1.5277097461e+00 2.8448784360e-01 7.4451835457e+01
1.5046163641e+00 2.9392528725e-01 6.8091632103e+01
1.5211571731e+00 2.7920328004e-01 7.7785069637e+01
1.4887992716e+00 2.7575355406e-01 7.7533528720e+01
1.5206474103e+00 2.7562160076e-01 8.1325442176e+01
1.4739247410e+00 2.9107984577e-01 6.7693789341e+01
1.4804262903e+00 2.7780592975e-01 7.5215629171e+01
1.4647451070e+00 2.7951842027e-01 7.2915546096e+01
1.5047870307e+00 2.7650660083e-01 7.8496490101e+01
1.5327481881e+00 2.7944940165e-01 7.8747145195e+01
1.4681304186e+00 2.6983685105e-01 8.1035328162e+01
1.4805880721e+00 2.7764414793e-01 7.5342663360e+01
1.5358454286e+00 2.8045565229e-01 7.8161934912e+01
1.5073478687e+00 2.7666544983e-01 7.8621845231e+01
1.5101317908e+00 2.8295713340e-01 7.4111468825e+01
1.4867090242e+00 2.8100693830e-01 7.3599833208e+01
1.5213093702e+00 2.7586858198e-01 8.1118241196e+01
1.4907180033e+00 2.9828499867e-01 6.5641981762e+01
1.5110243479e+00 2.7843249199e-01 7.7449627715e+01
1.4930745664e+00 2.8867225029e-01 6.9846802787e+01
1.5103383920e+00 2.7458179616e-01 8.1159690671e+01
1.4865494110e+00 2.7213403012e-01 8.0827962340e+01
1.4855124176e+00 2.7271980243e-01 8.0038841340e+01
1.5160435287e+00 2.8659128824e-01 7.2357712234e+01
1.5056579699e+00 2.8107641833e-01 7.5003739865e+01
1.4807671692e+00 2.7656272457e-01 7.6145534310e+01
1.4667009376e+00 2.6946879572e-01 8.1284011213e+01
1.4678781720e+00 2.8764753237e-01 6.8884021955e+01
1.4883611048e+00 2.7483666902e-01 7.8287440457e+01
1.5207379338e+00 2.7553107727e-01 8.1449707735e+01
1.5288325482e+00 2.8245357482e-01 7.5934528179e+01
1.4841008066e+00 2.6962132624e-01 8.4009696503e+01
1.5319564312e+00 2.8069694920e-01 7.7575469027e+01
1.5077410493e+00 2.7445899090e-01 8.0952396196e+01
1.4839944964e+00 2.7423772365e-01 7.8371079129e+01
1.5032943361e+00 2.7799929543e-01 7.7071731622e+01
1.5079383456e+00 2.7607497292e-01 7.9247806762e+01
1.4818730539e+00 2.7635916617e-01 7.6398489209e+01
1.4904438613e+00 2.7682010885e-01 7.6819483732e+01
1.4259291369e+00 2.7843772221e-01 7.0890391015e+01
1.4978958809e+00 2.7343740661e-01 8.0827962340e+01
1.5210580461e+00 2.7521096493e-01 8.1905006284e+01
1.5244986672e+00 2.8177712204e-01 7.6061155025e+01
1.5145161907e+00 2.8038969600e-01 7.6229882959e+01
1.4964242478e+00 2.7445673926e-01 7.9539473606e+01
1.5196540932e+00 2.8434580132e-01 7.3941070253e+01
1.4620555088e+00 2.7052101251e-01 7.9497823876e+01
1.4968495773e+00 2.7719832104e-01 7.7113748025e+01
1.4799950689e+00 2.8229952978e-01 7.2357712234e+01
1.5202316087e+00 2.8786558479e-01 7.1927433851e+01
1.5344029730e+00 2.8281041490e-01 7.6145534310e+01
1.4923138480e+00 2.7269073869e-01 8.0952396196e+01
1.5197206246e+00 2.7836642208e-01 7.8371079129e+01
1.4625010951e+00 2.7636517518e-01 7.4749195028e+01
1.4664394358e+00 2.7422530059e-01 7.6651174188e+01
1.5021345286e+00 2.7553500583e-01 7.9122720780e+01
1.4907879221e+00 2.8054536540e-01 7.4196613947e+01
1.5052194420e+00 2.9014078116e-01 6.9846802787e+01
1.4980193673e+00 2.7738635610e-01 7.7071731622e+01
1.4918840283e+00 2.7764028860e-01 7.6314201186e+01
1.4667758712e+00 2.7298955469e-01 7.7701249475e+01
1.4771111213e+00 2.7210478719e-01 7.9664389360e+01
1.4952761607e+00 2.7289183255e-01 8.1118241196e+01
1.4693210388e+00 2.7494248848e-01 7.6356348960e+01
1.4950358359e+00 2.7584515119e-01 7.8078232563e+01
1.5009183479e+00 2.8128169228e-01 7.4494341492e+01
1.4878190303e+00 2.7176696870e-01 8.1449707735e+01
1.5210411886e+00 2.8250364179e-01 7.5257982128e+01
1.5045208110e+00 2.7767922918e-01 7.7449627715e+01
1.5164933579e+00 2.7932124002e-01 7.7239755051e+01
1.4909435107e+00 2.7677245173e-01 7.6903595008e+01
1.4812011420e+00 2.7071803728e-01 8.1822263856e+01
1.4819317981e+00 2.8759251876e-01 6.9715870468e+01
1.5124241264e+00 2.7975654654e-01 7.6524865077e+01
1.5161548750e+00 2.7647990440e-01 7.9789255467e+01
1.4951209969e+00 2.7485550486e-01 7.8997582302e+01
1.5345265138e+00 2.7903856249e-01 7.9331168577e+01
1.5431652518e+00 2.7952518371e-01 7.9830866582e+01
1.5295586803e+00 2.7899395989e-01 7.8830648187e+01
1.5192758654e+00 2.8791054945e-01 7.1841252357e+01
1.5180986573e+00 2.8362629923e-01 7.4281723271e+01
1.5274900313e+00 2.7742010635e-01 8.0163562403e+01
1.5341895972e+00 2.8667454533e-01 7.3557136760e+01
1.4864248129e+00 2.7180740716e-01 8.1201135484e+01
1.5035724228e+00 2.8089431127e-01 7.4961336903e+01
1.5126243322e+00 2.7501738634e-01 8.0952396196e+01
1.5391800190e+00 2.8122764567e-01 7.7826969754e+01
1.4840276287e+00 2.7149807567e-01 8.1242575657e+01
1.4903475610e+00 2.8143806542e-01 7.3599833208e+01
1.5084891736e+00 2.8414560583e-01 7.3257996956e+01
1.4769641399e+00 2.8397598538e-01 7.1236776285e+01
1.5330042219e+00 2.7873761540e-01 7.9456168532e+01
1.5188430256e+00 2.7878945464e-01 7.7910750187e+01
1.5017007542e+00 2.7596878016e-01 7.8663617982e+01
1.5157568583e+00 2.7824047041e-01 7.8078232563e+01
1.4746317639e+00 2.7773809581e-01 7.4791640439e+01
1.5214106351e+00 2.8304436188e-01 7.4918925507e+01
1.5155197864e+00 2.7348321560e-01 8.3515311021e+01
1.4714195107e+00 2.8455718308e-01 7.0586708069e+01
1.5110648672e+00 2.8202405696e-01 7.4791640439e+01
1.4818960742e+00 2.7092450464e-01 8.1656727290e+01
1.4794502180e+00 2.7607548637e-01 7.6398489209e+01
1.4960803391e+00 2.7615766475e-01 7.7910750187e+01
1.4498541168e+00 2.6882216956e-01 7.9789255467e+01
1.5316394304e+00 2.8283749471e-01 7.5892303678e+01
1.5204644350e+00 2.8171543261e-01 7.5765583130e+01
1.5070951494e+00 2.7963923875e-01 7.6145534310e+01
1.4804723024e+00 2.9402816582e-01 6.6805582219e+01
1.5354643076e+00 2.8220529101e-01 7.6693262514e+01
1.4778699169e+00 2.7720483665e-01 7.5427311870e+01
1.5269470564e+00 2.7705283821e-01 8.0495923602e+01
1.5214092441e+00 2.7531421832e-01 8.1822263856e+01
1.5060470001e+00 2.7660630206e-01 7.8538281315e+01
1.5071146609e+00 2.7417897066e-01 8.1201135484e+01
1.4977605064e+00 2.7855062604e-01 7.6145534310e+01
1.5120156381e+00 2.7880294572e-01 7.7239755051e+01
1.4769944113e+00 2.7267194569e-01 7.9081013820e+01
1.5336142648e+00 2.8177466183e-01 7.6861542972e+01
1.4808540591e+00 2.7737816101e-01 7.5554223768e+01
1.5146562423e+00 2.8206722017e-01 7.5046134423e+01
1.5021067634e+00 2.7601564855e-01 7.8663617982e+01
1.4916791295e+00 2.7829737228e-01 7.5807831180e+01
1.4923706684e+00 2.7398943282e-01 7.9539473606e+01
1.5349988991e+00 2.8130218178e-01 7.7365699350e+01
1.4866257006e+00 2.7115533699e-01 8.2070440348e+01
1.5675909770e+00 2.8899572516e-01 7.4536838781e+01
1.4877691988e+00 2.8446880504e-01 7.1668761497e+01
1.4855291851e+00 2.7450815078e-01 7.8287440457e+01
1.5364469760e+00 2.8076641190e-01 7.7952630554e+01
1.4993842439e+00 2.8916495861e-01 6.9977625389e+01
1.5057989838e+00 2.7549464777e-01 7.9581117748e+01
1.4932756803e+00 2.8711169634e-01 7.0630125868e+01
1.5069956229e+00 2.7157970511e-01 8.5325973885e+01
1.4931752076e+00 2.7906279624e-01 7.5384991691e+01
1.5141371860e+00 2.7350453260e-01 8.3226697801e+01
1.5187977025e+00 2.7974394888e-01 7.7113748025e+01
1.5096856675e+00 2.8749228468e-01 7.1452905485e+01
1.5138970077e+00 2.7465219476e-01 8.1573932786e+01
1.4917780922e+00 2.7367829409e-01 7.9789255467e+01
1.5128183600e+00 2.8754209318e-01 7.1625611953e+01
1.5301573067e+00 2.8431961834e-01 7.4749195028e+01
1.5217533839e+00 2.9044420579e-01 7.0673532104e+01
1.5027437504e+00 2.7673752502e-01 7.8078232563e+01
1.5156458555e+00 2.7789725180e-01 7.8371079129e+01
1.5146573806e+00 2.8115721727e-01 7.5681063290e+01
1.5034339225e+00 2.7876611763e-01 7.6482747241e+01
1.5104607309e+00 2.7445945717e-01 8.1325442176e+01
1.5248375956e+00 2.7688736101e-01 8.0412864007e+01
1.4808817654e+00 2.7554595643e-01 7.6945639864e+01
1.4803503412e+00 2.6841515744e-01 8.5654629995e+01
1.5206605402e+00 2.8379445675e-01 7.4366797030e+01
1.4896085883e+00 2.7358918551e-01 7.9622756324e+01
1.5410773826e+00 2.7978675995e-01 7.9331168577e+01
1.4707240885e+00 2.7759103888e-01 7.4579327351e+01
1.4584454592e+00 2.7323314688e-01 7.6693262514e+01
1.4951463274e+00 2.7935414088e-01 7.5342663360e+01
1.5105721205e+00 2.7843088155e-01 7.7407666966e+01
1.5060359997e+00 2.7707060277e-01 7.8120086953e+01
1.5135458455e+00 2.7999726175e-01 7.6440621960e+01
1.4491948268e+00 2.9686902482e-01 6.4240429216e+01
1.4841064512e+00 2.8722683633e-01 7.0021208706e+01
1.4977574100e+00 2.8217689681e-01 7.3685198049e+01
1.4619910303e+00 2.7238178682e-01 7.7743162886e+01
1.5035243396e+00 2.8003560173e-01 7.5554223768e+01
1.5445208330e+00 2.8319505389e-01 7.6735343529e+01
1.4820041871e+00 2.7171794566e-01 8.0703484835e+01
1.4804043095e+00 2.7602341229e-01 7.6524865077e+01
1.5064941932e+00 2.7298708221e-01 8.2690237632e+01
1.4842511926e+00 2.7714038521e-01 7.6018953826e+01
1.4886816036e+00 2.7677478272e-01 7.6693262514e+01
1.4960602837e+00 2.8840645043e-01 7.0151886504e+01
1.4864902567e+00 2.7490132114e-01 7.8036371717e+01
1.5037442405e+00 2.7936236199e-01 7.6061155025e+01
1.5101317908e+00 2.8295713340e-01 7.4111468825e+01
1.5089823346e+00 2.7865938394e-01 7.7071731622e+01
1.4789130269e+00 2.7165434301e-01 8.0371326592e+01
1.5106549758e+00 2.9061510796e-01 6.9934029987e+01
1.4880919864e+00 2.7736439996e-01 7.6187712450e+01
1.4994810982e+00 2.7909422985e-01 7.5892303678e+01
1.4886816036e+00 2.7677478272e-01 7.6693262514e+01
1.4642276828e+00 2.8048586749e-01 7.2314731052e+01
1.5100519255e+00 2.8122064972e-01 7.5257982128e+01
1.5080962948e+00 2.7501030768e-01 8.0371326592e+01
1.5185616993e+00 2.7725289856e-01 7.9289490537e+01
1.5394014108e+00 2.8785742632e-01 7.3215224529e+01
1.5004762102e+00 2.7402425805e-01 8.0495923602e+01
1.5147409627e+00 2.7698564224e-01 7.9122720780e+01
1.5038740546e+00 2.7560722080e-01 7.9247806762e+01
1.5201564971e+00 2.9112962595e-01 7.0238945256e+01
1.4976215808e+00 2.7687888744e-01 7.7449627715e+01
1.5348819061e+00 2.7777147433e-01 8.0703484835e+01
1.4896047191e+00 2.7630350543e-01 7.7155757380e+01
1.5039782932e+00 2.8094189495e-01 7.4961336903e+01
1.5144883695e+00 2.7950895927e-01 7.6903595008e+01
1.4975684289e+00 2.7240807289e-01 8.2070440348e+01
1.5462838421e+00 2.7823349660e-01 8.1698117953e+01
1.5226175901e+00 2.7819765924e-01 7.8830648187e+01
1.4796067624e+00 2.7276309734e-01 7.9289490537e+01
1.5086600332e+00 2.8579155536e-01 7.2314731052e+01
1.5197087500e+00 2.8110649936e-01 7.6145534310e+01
1.5044534502e+00 2.7910649106e-01 7.6314201186e+01
1.4989875411e+00 2.7415533301e-01 8.0163562403e+01
1.5014037165e+00 3.0760440859e-01 6.2868157875e+01
1.5425433172e+00 2.8243084260e-01 7.7155757380e+01
1.4942126244e+00 2.7214747680e-01 8.1905006284e+01
1.4751612295e+00 2.8623034832e-01 6.9977625389e+01
1.5082964307e+00 2.7481017182e-01 8.0620475268e+01
1.4926490422e+00 2.7009712479e-01 8.4997163568e+01
1.5640584893e+00 2.9574538170e-01 7.0543278672e+01
1.5082419973e+00 2.7441130483e-01 8.1076787034e+01
1.5235946051e+00 2.7585637060e-01 8.1449707735e+01
1.4540532953e+00 2.7493249631e-01 7.5046134423e+01
1.4899170743e+00 2.7553931202e-01 7.7826969754e+01
1.4816552701e+00 2.7522351837e-01 7.7281743419e+01
1.4606032261e+00 2.7601583314e-01 7.4834077304e+01
1.4901024443e+00 2.7580578021e-01 7.7617402571e+01
1.5035247765e+00 2.7595649889e-01 7.8872390662e+01
1.4544304294e+00 2.7276092877e-01 7.6693262514e+01
1.4750275178e+00 2.7914544996e-01 7.3898447871e+01
1.5234781799e+00 2.8598546826e-01 7.3215224529e+01
1.4968316444e+00 2.7540635946e-01 7.8663617982e+01
1.4791487437e+00 2.7682795013e-01 7.5807831180e+01
1.5095328511e+00 2.7810886745e-01 7.7575469027e+01
1.5051767803e+00 2.8065043102e-01 7.5257982128e+01
1.4767556807e+00 2.8102535695e-01 7.2872695748e+01
1.4469211444e+00 2.7130736898e-01 7.7155757380e+01
1.5021227420e+00 2.8325093852e-01 7.3343513034e+01
1.4852489225e+00 2.8111117867e-01 7.3428990941e+01
1.4426712282e+00 2.6482240965e-01 8.4092049576e+01
1.5185537878e+00 2.8408102916e-01 7.4026287672e+01
1.4993786657e+00 2.7693246666e-01 7.7575469027e+01
1.5469149428e+00 2.8080094408e-01 7.8997582302e+01
1.5324103643e+00 2.8252254248e-01 7.6187712450e+01
1.5012061906e+00 2.7872811623e-01 7.6314201186e+01
1.5232977682e+00 2.8252276560e-01 7.5427311870e+01
1.5306746305e+00 2.7605645244e-01 8.2235807906e+01
1.4775084252e+00 2.8207757385e-01 7.2314731052e+01
1.4651352899e+00 2.7642891191e-01 7.4918925507e+01
1.4646314926e+00 2.7693270926e-01 7.4536838781e+01
1.5278635901e+00 2.7750172645e-01 8.0121993975e+01
1.4756611401e+00 2.7670871964e-01 7.5596511614e+01
1.4836231739e+00 2.7145157961e-01 8.1242575657e+01
1.4988330077e+00 2.8563372641e-01 7.1755028325e+01
1.4782393213e+00 2.7593364646e-01 7.6398489209e+01
1.5108723366e+00 2.7767686589e-01 7.8078232563e+01
1.5006253895e+00 2.7523301911e-01 7.9247806762e+01
1.4865167296e+00 2.7352060622e-01 7.9331168577e+01
1.5436484144e+00 2.8452456038e-01 7.5681063290e+01
1.5255554229e+00 2.8026511092e-01 7.7323724844e+01
1.4990617236e+00 2.7951360445e-01 7.5554223768e+01
1.5034103178e+00 2.9513133352e-01 6.7516607231e+01
1.5398810987e+00 2.7641998221e-01 8.3226697801e+01
1.4879952388e+00 2.8379038758e-01 7.2056626897e+01
1.4945783080e+00 2.7132991652e-01 8.3144205481e+01
1.4872781821e+00 2.9129714594e-01 6.8312175320e+01
1.5068960070e+00 2.7439762450e-01 8.0910923055e+01
1.5105287760e+00 2.7167126421e-01 8.6106300583e+01
1.5178537324e+00 2.7932421976e-01 7.7365699350e+01
1.4879756509e+00 2.8200085085e-01 7.3086849324e+01
1.5009244535e+00 2.7493395513e-01 7.9581117748e+01
1.5174339295e+00 2.7974402269e-01 7.6987677568e+01
1.4847053004e+00 2.7849247342e-01 7.5088520605e+01
1.5308521960e+00 2.7997825101e-01 7.8078232563e+01
1.5095319371e+00 2.7584174339e-01 7.9664389360e+01
1.5144347861e+00 2.7547593006e-01 8.0661982523e+01
1.4667940204e+00 2.7432042935e-01 7.6609078524e+01
1.5103436872e+00 2.8501653591e-01 7.2872695748e+01
1.5516905549e+00 2.9158767369e-01 7.1927433851e+01
1.5253649886e+00 2.9002393802e-01 7.1106965919e+01
1.5122690682e+00 2.8081985593e-01 7.5723327176e+01
1.4691834125e+00 2.7013241621e-01 8.0827962340e+01
1.4850068269e+00 2.7683624210e-01 7.6314201186e+01
1.5084621901e+00 2.8371848284e-01 7.3514430919e+01
1.5098983554e+00 2.8409897337e-01 7.3386256743e+01
1.4816552701e+00 2.7522351837e-01 7.7281743419e+01
1.5274973089e+00 2.7968910600e-01 7.7994504389e+01
1.4919949634e+00 2.7436513776e-01 7.9122720780e+01
1.5011350185e+00 2.7698739347e-01 7.7701249475e+01
1.4920999771e+00 2.8919365444e-01 6.9541121708e+01
1.5105196368e+00 2.7712208180e-01 7.8538281315e+01
1.5047759784e+00 2.7470529705e-01 8.0288236411e+01
1.5042057484e+00 2.8252863981e-01 7.3941070253e+01
1.4980712571e+00 2.9047794536e-01 6.9278624601e+01
1.5137693875e+00 2.7931953667e-01 7.6987677568e+01
1.5047257422e+00 2.7520856463e-01 7.9747638907e+01
1.4958106617e+00 2.7371365520e-01 8.0246683597e+01
1.5010968168e+00 2.7838445862e-01 7.6566975496e+01
1.5571032544e+00 2.8250929081e-01 7.8496490101e+01
1.4723064201e+00 2.7690948832e-01 7.5173267951e+01
1.5021930009e+00 2.8136694040e-01 7.4536838781e+01
1.4972699270e+00 2.8085248495e-01 7.4494341492e+01
1.4860553859e+00 2.7398194992e-01 7.8830648187e+01
1.4900860247e+00 2.7356339453e-01 7.9706016880e+01
1.4987841839e+00 2.7481118315e-01 7.9456168532e+01
1.4854875580e+00 2.7454977791e-01 7.8245611639e+01
1.5033192440e+00 2.7661506281e-01 7.8245611639e+01
1.5119679600e+00 2.7975864487e-01 7.6482747241e+01
1.5181534569e+00 2.7993358975e-01 7.6903595008e+01
1.4905380782e+00 2.8577305418e-01 7.1150247189e+01
1.4957229648e+00 2.7425353701e-01 7.9664389360e+01
1.5102287048e+00 2.7741301379e-01 7.8245611639e+01
1.5121706476e+00 2.8228094095e-01 7.4706741043e+01
1.4649537632e+00 2.7211466078e-01 7.8287440457e+01
1.4261806533e+00 2.7863277154e-01 7.0803681768e+01
1.4787076437e+00 2.8720058080e-01 6.9715870468e+01
1.4862740094e+00 2.9955320193e-01 6.4965811856e+01
1.4962731069e+00 2.7325120997e-01 8.0827962340e+01
1.4368620814e+00 2.6750477770e-01 7.9581117748e+01
1.4922863707e+00 2.8493032462e-01 7.1711900276e+01
1.4969387973e+00 2.7258551959e-01 8.1739504252e+01
1.4748284992e+00 2.7303629569e-01 7.8496490101e+01
1.5027519445e+00 2.7582338349e-01 7.8914127157e+01
1.5006279787e+00 2.7477774471e-01 7.9706016880e+01
1.5021463130e+00 2.8005372716e-01 7.5427311870e+01
1.5098282402e+00 2.7690614800e-01 7.8663617982e+01
1.4965653463e+00 2.7205471630e-01 8.2401110412e+01
1.5017172163e+00 2.8320297187e-01 7.3343513034e+01
1.4876610749e+00 2.8819733378e-01 6.9759526825e+01
1.5007565701e+00 2.7646012520e-01 7.8120086953e+01
1.4905621333e+00 2.8348576508e-01 7.2400683165e+01
1.4992890118e+00 2.7702212063e-01 7.7491581624e+01
1.5101301325e+00 2.8068845135e-01 7.5638791445e+01
1.5152252780e+00 2.7922631052e-01 7.7197759713e+01
1.5089415820e+00 2.8096913422e-01 7.5342663360e+01
1.5035776094e+00 2.7363908590e-01 8.1366868568e+01
1.4943504804e+00 2.7200962083e-01 8.2111788416e+01
1.4656760257e+00 2.7229124391e-01 7.8203776466e+01
1.4588750023e+00 2.7011078936e-01 7.9539473606e+01
1.5158524552e+00 2.7769065207e-01 7.8580066351e+01
1.4774157726e+00 2.7540480618e-01 7.6735343529e+01
1.4787172355e+00 2.8493218373e-01 7.0847042089e+01
1.4433504849e+00 2.7666935371e-01 7.3086849324e+01
1.4880742997e+00 2.7196303619e-01 8.1242575657e+01
1.5036150293e+00 2.7722545557e-01 7.7743162886e+01
1.4975760448e+00 2.7285268039e-01 8.1491120555e+01
1.5039834285e+00 2.8002988999e-01 7.5596511614e+01
1.4629347394e+00 2.7278570672e-01 7.7491581624e+01
1.5010907558e+00 2.7703165621e-01 7.7659329379e+01
1.5152179730e+00 2.7242374555e-01 8.5531401325e+01
1.4996657905e+00 2.7619261817e-01 7.8245611639e+01
1.4880751076e+00 2.7964085485e-01 7.4579327351e+01
1.4985496159e+00 2.7957279604e-01 7.5469623924e+01
1.5031498147e+00 2.7678449206e-01 7.8078232563e+01
1.4974951849e+00 2.7791053847e-01 7.6609078524e+01
1.5182709070e+00 2.8027074438e-01 7.6651174188e+01
1.4836833554e+00 2.7139139809e-01 8.1325442176e+01
1.5113219217e+00 2.7768108035e-01 7.8120086953e+01
1.5265286233e+00 2.8247950177e-01 7.5723327176e+01
1.4851673046e+00 2.7396739619e-01 7.8747145195e+01
1.4703780979e+00 2.7748669698e-01 7.4621807233e+01
1.5161792316e+00 2.8145324871e-01 7.5596511614e+01
1.5175329495e+00 2.7873606151e-01 7.7826969754e+01
1.5217856455e+00 2.7766533011e-01 7.9247806762e+01
1.4863026611e+00 2.7644350587e-01 7.6735343529e+01
1.4994689054e+00 2.8137157941e-01 7.4324264582e+01
1.4884667484e+00 2.8784438398e-01 6.9977625389e+01
1.5169365173e+00 2.8342393585e-01 7.4324264582e+01
1.4992655068e+00 2.7568756981e-01 7.8663617982e+01
1.4934752534e+00 2.7424070908e-01 7.9414507550e+01
1.5369184690e+00 2.8029491886e-01 7.8412889032e+01
1.5160779670e+00 2.7837362152e-01 7.7994504389e+01
1.5172873483e+00 2.8307310484e-01 7.4579327351e+01
1.4819951970e+00 2.8346118936e-01 7.1841252357e+01
1.4525188382e+00 2.7646695343e-01 7.3898447871e+01
1.5287404745e+00 2.7935671895e-01 7.8412889032e+01
1.4700717888e+00 2.7149241303e-01 7.9456168532e+01
1.4714525692e+00 2.8542621927e-01 7.0151886504e+01
1.5189732150e+00 2.7865926529e-01 7.8036371717e+01
1.5006705283e+00 2.7790479968e-01 7.6903595008e+01
1.4739925760e+00 2.7747596155e-01 7.4918925507e+01
1.4550947440e+00 2.6806141048e-01 8.1366868568e+01
1.4958537866e+00 2.8272154138e-01 7.3215224529e+01
1.4967907144e+00 2.8269056106e-01 7.3300759781e+01
1.5591974811e+00 2.8408074747e-01 7.7365699350e+01
1.5058531266e+00 2.7861360755e-01 7.6819483732e+01
1.4578090161e+00 2.6534713843e-01 8.7172973982e+01
1.5156817555e+00 2.7876983307e-01 7.7617402571e+01
1.5062302596e+00 2.7461022529e-01 8.0578963045e+01
1.5264249763e+00 2.7757491831e-01 7.9872472277e+01
1.5193254394e+00 2.7603478373e-01 8.0661982523e+01
1.4734769589e+00 2.7213675358e-01 7.9206117227e+01
1.5178410992e+00 2.8797943455e-01 7.1711900276e+01
1.5165302180e+00 2.8473986578e-01 7.3471715656e+01
1.5206273518e+00 2.8929185781e-01 7.1193517300e+01
1.4902594266e+00 2.7519695979e-01 7.8161934912e+01
1.4523162454e+00 2.7711825160e-01 7.3471715656e+01
1.4817329971e+00 2.7243997068e-01 7.9872472277e+01
1.5143337277e+00 2.7693884752e-01 7.9122720780e+01
1.4896947105e+00 2.8163857701e-01 7.3428990941e+01
1.5262702878e+00 2.7636452918e-01 8.1201135484e+01
1.4780368577e+00 2.7884193078e-01 7.4324264582e+01
1.4973737406e+00 2.8437307601e-01 7.2357712234e+01
1.5000100657e+00 2.7720662955e-01 7.7407666966e+01
1.5135954096e+00 2.7994769767e-01 7.6482747241e+01
1.5035272836e+00 2.7640702324e-01 7.8454692681e+01
1.5076026738e+00 2.7958536038e-01 7.6229882959e+01
1.4993786657e+00 2.7693246666e-01 7.7575469027e+01
1.4903721636e+00 2.9001521304e-01 6.9059529216e+01
1.5272428351e+00 2.8130980503e-01 7.6651174188e+01
1.4750676590e+00 2.7595027543e-01 7.6103348511e+01
1.4823492827e+00 2.7137285012e-01 8.1159690671e+01
1.5210031258e+00 2.8299676871e-01 7.4918925507e+01
1.5241336705e+00 2.8214211873e-01 7.5765583130e+01
1.4985914122e+00 2.8632877590e-01 7.1366486818e+01
1.5125819717e+00 2.7415241649e-01 8.2029088124e+01
1.5106485870e+00 2.7971604385e-01 7.6398489209e+01
1.5292123183e+00 2.7797409656e-01 7.9789255467e+01
1.4589036752e+00 2.6873623310e-01 8.1076787034e+01
1.5323878875e+00 2.8163309412e-01 7.6861542972e+01
1.4544172626e+00 2.7636358347e-01 7.4111468825e+01
1.4920630610e+00 2.8017494278e-01 7.4536838781e+01
1.4892281178e+00 2.7216346001e-01 8.1159690671e+01
1.5232211983e+00 2.8350988461e-01 7.4749195028e+01
1.5302908711e+00 2.7962833848e-01 7.8329262945e+01
1.4870809586e+00 2.8153910407e-01 7.3300759781e+01
1.5080606576e+00 2.8820835338e-01 7.0977054822e+01
1.5058531266e+00 2.7861360755e-01 7.6819483732e+01
1.4781938097e+00 2.7643003162e-01 7.6018953826e+01
1.5069906417e+00 2.7430298984e-01 8.1035328162e+01
1.4925939776e+00 2.7783474757e-01 7.6229882959e+01
1.4848249296e+00 2.8198708682e-01 7.2872695748e+01
1.5217043754e+00 2.7956570843e-01 7.7533528720e+01
1.5273661491e+00 2.7982026579e-01 7.7868863262e+01
1.4888537106e+00 2.7208641463e-01 8.1201135484e+01
1.5081531656e+00 2.7722051493e-01 7.8203776466e+01
1.4716830293e+00 2.7258049797e-01 7.8580066351e+01
1.4955020448e+00 2.7447445698e-01 7.9414507550e+01
1.5110116168e+00 2.7526916381e-01 8.0454396336e+01
1.4784882667e+00 2.7072764175e-01 8.1408290413e+01
1.5165481603e+00 2.8108432003e-01 7.5892303678e+01
1.5284674642e+00 2.7780832502e-01 7.9872472277e+01
1.5366417843e+00 2.8696202655e-01 7.3557136760e+01
1.4688946267e+00 2.7987087191e-01 7.3001217281e+01
1.5076966749e+00 2.8448399809e-01 7.3001217281e+01
1.5090438849e+00 2.7496943364e-01 8.0537445831e+01
1.5168062264e+00 2.8082625388e-01 7.6103348511e+01
1.4762682551e+00 2.8422045616e-01 7.1063673457e+01
1.4955514359e+00 2.7940164068e-01 7.5342663360e+01
1.4850831594e+00 2.7450283961e-01 7.8245611639e+01
1.4880742997e+00 2.7196303619e-01 8.1242575657e+01
1.4645735573e+00 2.7879004006e-01 7.3343513034e+01
1.5319480558e+00 2.8024953395e-01 7.7952630554e+01
1.4930532845e+00 2.8416341075e-01 7.2185725677e+01
1.5333931575e+00 2.7607049070e-01 8.2648945375e+01
1.5312176287e+00 2.8006849435e-01 7.8036371717e+01
1.4916583618e+00 2.7696170085e-01 7.6819483732e+01
1.4588825106e+00 2.7100073063e-01 7.8663617982e+01
1.4971616423e+00 2.7733882591e-01 7.7029708145e+01
1.5221825030e+00 2.7681379130e-01 8.0163562403e+01
1.4958251136e+00 2.7777025339e-01 7.6566975496e+01
1.5141981232e+00 2.8525285246e-01 7.3001217281e+01
1.4716096566e+00 2.7355395546e-01 7.7701249475e+01
1.5299188052e+00 2.7499133246e-01 8.3721361762e+01
1.5304165889e+00 2.7950262067e-01 7.8454692681e+01
1.5061801112e+00 2.8373060502e-01 7.3343513034e+01
1.5192798561e+00 2.8017111958e-01 7.6819483732e+01
1.4771625260e+00 2.7791222757e-01 7.4876505650e+01
1.5279302786e+00 2.7697985904e-01 8.0703484835e+01
1.4845013629e+00 2.8276260729e-01 7.2400683165e+01
1.4972533692e+00 2.7634199786e-01 7.7868863262e+01
1.4794631176e+00 2.7967158320e-01 7.3898447871e+01
1.4855791610e+00 2.7220187662e-01 8.0620475268e+01
1.4787821338e+00 2.8170657744e-01 7.2615385143e+01
1.4710793028e+00 2.6958543357e-01 8.1780886213e+01
1.4658394543e+00 2.7302681603e-01 7.7575469027e+01
1.4904923346e+00 2.8310303242e-01 7.2615385143e+01
1.5194387309e+00 2.8956939413e-01 7.0977054822e+01
1.4952696152e+00 2.7606367225e-01 7.7910750187e+01
1.4958545797e+00 2.8181495467e-01 7.3770525678e+01
1.4938200668e+00 2.7570425006e-01 7.8078232563e+01
1.5174539893e+00 2.8154230500e-01 7.5638791445e+01
1.5001386405e+00 2.8659574769e-01 7.1323261011e+01
1.5196787345e+00 2.7840831219e-01 7.8329262945e+01
1.4941389877e+00 2.8579531908e-01 7.1366486818e+01
1.4840332938e+00 2.7374774384e-01 7.8830648187e+01
1.5133655832e+00 2.8472146342e-01 7.3257996956e+01
1.4951075369e+00 2.8256199746e-01 7.3257996956e+01
1.5103885269e+00 2.7861447507e-01 7.7239755051e+01
1.4377115429e+00 2.7648876429e-01 7.2786965387e+01
1.5106088593e+00 2.7884798066e-01 7.7071731622e+01
1.5247864583e+00 2.8467718990e-01 7.4111468825e+01
1.4987711459e+00 2.7346685792e-01 8.0910923055e+01
1.4965763437e+00 2.7928206497e-01 7.5511927880e+01
1.4994665320e+00 2.8953646996e-01 6.9803170919e+01
1.4952569940e+00 2.8286541796e-01 7.3086849324e+01
1.5118523466e+00 2.7669685592e-01 7.9081013820e+01
1.4912907951e+00 2.7190697866e-01 8.1780886213e+01
1.4832558183e+00 2.8129700736e-01 7.3172442467e+01
1.4825326081e+00 2.7660209274e-01 7.6272045862e+01
1.5229640896e+00 2.7921577806e-01 7.7952630554e+01
1.5137116301e+00 2.8392085014e-01 7.3770525678e+01
1.4761998370e+00 2.7301607148e-01 7.8663617982e+01
1.5342481032e+00 2.8296528469e-01 7.6018953826e+01
1.5078410318e+00 2.8479374761e-01 7.2829835522e+01
1.5361710323e+00 2.8514962627e-01 7.4664278454e+01
1.5103904440e+00 2.7952027222e-01 7.6524865077e+01
1.4699919973e+00 2.8733789644e-01 6.9147205641e+01
1.5114559455e+00 2.7618577309e-01 7.9539473606e+01
1.5160971484e+00 2.7562945649e-01 8.0703484835e+01
1.4981566110e+00 2.7453380872e-01 7.9664389360e+01
1.4547024192e+00 2.7383470581e-01 7.5892303678e+01
1.5304995635e+00 2.7941964611e-01 7.8538281315e+01
1.4742055102e+00 2.7546084679e-01 7.6398489209e+01
1.5191018851e+00 2.7853059521e-01 7.8161934912e+01
1.5122441829e+00 2.8402482817e-01 7.3599833208e+01
1.5080979327e+00 2.8045126978e-01 7.5638791445e+01
1.4646882151e+00 2.7687598680e-01 7.4579327351e+01
1.5022115289e+00 3.0770768069e-01 6.2868157875e+01
1.5541665834e+00 2.9002844593e-01 7.2958386597e+01
1.4684217537e+00 2.7719195881e-01 7.4664278454e+01
1.5010821130e+00 2.8066470362e-01 7.4918925507e+01
1.5310314019e+00 2.8435752470e-01 7.4791640439e+01
1.4944237216e+00 2.7645726544e-01 7.7491581624e+01
1.5000436749e+00 2.8170314178e-01 7.4154045875e+01
1.5212403952e+00 2.8321460173e-01 7.4791640439e+01
1.5477904702e+00 2.8038250451e-01 7.9497823876e+01
1.4813997429e+00 2.8179803095e-01 7.2744085313e+01
1.4858815947e+00 2.7957479165e-01 7.4451835457e+01
1.4819231772e+00 2.7721152363e-01 7.5765583130e+01
1.4864853710e+00 2.7174684907e-01 8.1284011213e+01
1.5144241722e+00 2.7775650072e-01 7.8371079129e+01
1.4949956288e+00 2.7226834141e-01 8.1863637206e+01
1.4930929032e+00 2.7281532131e-01 8.0910923055e+01
1.4951976096e+00 2.7387456087e-01 7.9997257084e+01
1.4913739807e+00 2.8901339589e-01 6.9584827470e+01
1.4973935484e+00 2.7348743866e-01 8.0703484835e+01
1.5332223820e+00 2.8216654459e-01 7.6524865077e+01
1.5051482616e+00 2.8022541893e-01 7.5554223768e+01
1.5624919978e+00 2.8261998432e-01 7.8955857695e+01
1.5191894591e+00 2.8526553783e-01 7.3343513034e+01
1.5531427637e+00 2.8738597426e-01 7.4494341492e+01
1.5164605027e+00 2.7799108586e-01 7.8371079129e+01
1.4916662950e+00 2.7424192954e-01 7.9206117227e+01
1.5126802479e+00 2.9040955662e-01 7.0151886504e+01
1.4938805346e+00 2.7428745866e-01 7.9414507550e+01
1.5152728925e+00 2.8008733058e-01 7.6524865077e+01
1.4783794896e+00 2.7714621478e-01 7.5511927880e+01
1.4732307144e+00 2.9538934827e-01 6.5911435049e+01
1.5123741154e+00 2.8071480873e-01 7.5807831180e+01
1.5053509263e+00 2.7458338054e-01 8.0495923602e+01
1.4775127206e+00 2.6990178049e-01 8.2359790805e+01
1.4839912273e+00 2.7649748395e-01 7.6482747241e+01
1.4298450740e+00 2.8167151384e-01 6.9497403504e+01
1.5025805892e+00 2.7735371762e-01 7.7533528720e+01
1.5120716735e+00 2.8056310594e-01 7.5892303678e+01
1.4758757616e+00 2.7288973699e-01 7.8747145195e+01
1.4542322916e+00 2.6802757829e-01 8.1284011213e+01
1.5209582882e+00 2.8031179556e-01 7.6861542972e+01
1.5200749755e+00 2.8301482903e-01 7.4834077304e+01
1.4929958161e+00 2.7246057020e-01 8.1325442176e+01
1.4968617353e+00 2.8669820603e-01 7.1063673457e+01
1.5036585058e+00 2.7446390618e-01 8.0412864007e+01
1.5291931281e+00 2.8209299495e-01 7.6229882959e+01
1.5217976447e+00 2.8129215986e-01 7.6187712450e+01
1.5235699058e+00 2.7770017804e-01 7.9414507550e+01
1.4605553678e+00 2.7022547829e-01 7.9622756324e+01
1.4978978717e+00 2.8158340375e-01 7.4068882767e+01
1.5151786812e+00 2.7927290729e-01 7.7155757380e+01
1.4927961667e+00 2.9031043578e-01 6.9059529216e+01
1.4859715158e+00 2.8219647751e-01 7.2829835522e+01
1.4556564522e+00 2.7377804486e-01 7.6018953826e+01
1.4898101275e+00 3.0282465192e-01 6.3967271853e+01
1.4882047057e+00 2.7318687216e-01 7.9872472277e+01
1.4787215816e+00 2.7545138615e-01 7.6819483732e+01
1.5023856993e+00 2.7302002404e-01 8.1987731721e+01
1.5240124212e+00 2.7953240920e-01 7.7785069637e+01
1.5218181826e+00 2.8309195504e-01 7.4918925507e+01
1.5046505029e+00 2.9252744927e-01 6.8708306827e+01
1.4934608660e+00 2.8375582927e-01 7.2443643876e+01
1.5438083110e+00 2.8436466375e-01 7.5807831180e+01
1.5044901755e+00 2.8269785871e-01 7.3855816334e+01
1.4738520814e+00 2.8392895617e-01 7.1063673457e+01
1.4891004813e+00 2.7725961985e-01 7.6356348960e+01
1.5065812513e+00 2.8106046731e-01 7.5088520605e+01
1.5171267193e+00 2.8687317524e-01 7.2271739586e+01
1.5278635901e+00 2.7750172645e-01 8.0121993975e+01
1.5172624127e+00 2.7718917587e-01 7.9206117227e+01
1.5299086645e+00 2.8548026207e-01 7.3983683510e+01
1.5177183871e+00 2.7900507536e-01 7.7617402571e+01
1.5040693209e+00 2.7767749571e-01 7.7407666966e+01
1.5090056210e+00 2.7546111306e-01 7.9997257084e+01
1.5096768645e+00 2.7569681609e-01 7.9830866582e+01
1.5465548208e+00 2.7979003106e-01 7.9955667504e+01
1.5466588362e+00 2.8974823199e-01 7.2615385143e+01
1.5166666604e+00 2.8824347720e-01 7.1496098411e+01
1.4774928746e+00 2.7758187893e-01 7.5130898438e+01
1.4754255164e+00 2.8370918437e-01 7.1280024178e+01
1.5368123091e+00 2.8085728957e-01 7.7910750187e+01
1.5311801138e+00 2.8101747591e-01 7.7239755051e+01
1.4995118725e+00 2.7679925988e-01 7.7701249475e+01
1.4620550690e+00 2.8445896039e-01 7.0064779975e+01
1.5020909293e+00 2.7195696908e-01 8.3515311021e+01
1.4617353803e+00 2.7173921137e-01 7.8287440457e+01
1.4538696766e+00 2.7152786935e-01 7.7659329379e+01
1.5158917372e+00 2.8310455713e-01 7.4451835457e+01
1.4882826729e+00 2.7175466293e-01 8.1532528898e+01
1.4892869424e+00 2.7255612655e-01 8.0703484835e+01
1.5335834920e+00 2.8043748957e-01 7.7952630554e+01
1.4715211957e+00 2.7859564840e-01 7.3983683510e+01
1.5391513368e+00 2.9496724610e-01 6.9497403504e+01
1.5243197482e+00 2.7649550108e-01 8.0786474719e+01
1.5019353479e+00 2.7799895888e-01 7.6945639864e+01
1.4844975281e+00 2.7012631320e-01 8.3226697801e+01
1.5174533643e+00 2.8745677334e-01 7.1970508727e+01
1.5024779564e+00 2.9469999585e-01 6.7649514960e+01
1.5138881729e+00 2.9011172166e-01 7.0369444415e+01
1.5334264976e+00 2.8515563707e-01 7.4451835457e+01
1.4724465856e+00 2.7586854185e-01 7.5934528179e+01
1.4931510503e+00 2.7818223715e-01 7.6018953826e+01
1.5193272839e+00 2.7648731397e-01 8.0163562403e+01
1.5197001946e+00 2.7656881647e-01 8.0121993975e+01
1.4934861992e+00 2.8146687735e-01 7.3813175613e+01
1.5417840182e+00 2.7725444171e-01 8.2318467199e+01
1.5120196132e+00 2.8061516619e-01 7.5850071354e+01
1.5039322561e+00 2.7781456055e-01 7.7281743419e+01
1.4725273546e+00 2.7173617266e-01 7.9497823876e+01
1.4751931197e+00 2.6952043065e-01 8.2525045476e+01
1.5272694693e+00 2.9679108639e-01 6.8047482582e+01
1.4971997094e+00 2.7277679233e-01 8.1532528898e+01
1.5026314957e+00 2.8410289253e-01 7.2872695748e+01
1.5108952292e+00 2.7946940163e-01 7.6609078524e+01
1.5067149392e+00 2.7231334328e-01 8.3803759085e+01
1.4740606873e+00 2.7155302518e-01 7.9872472277e+01
1.5056817183e+00 2.7244069368e-01 8.3391640307e+01
1.5127496686e+00 2.8306492927e-01 7.4239173069e+01
1.4988639611e+00 2.8787042707e-01 7.0586708069e+01
1.5023723114e+00 2.7439158319e-01 8.0329784068e+01
1.4977098396e+00 2.7860129284e-01 7.6103348511e+01
1.5255548283e+00 2.8573129467e-01 7.3514430919e+01
1.5184387819e+00 2.8510604853e-01 7.3386256743e+01
1.4938660271e+00 2.7475403553e-01 7.8955857695e+01
1.4990306525e+00 2.8316938765e-01 7.3172442467e+01
1.5227145730e+00 2.8128532154e-01 7.6272045862e+01
1.5010921689e+00 2.8745703356e-01 7.0933728582e+01
1.4544820888e+00 2.8258633520e-01 7.0543278672e+01
1.4881805287e+00 2.7682405808e-01 7.6609078524e+01
1.5099295854e+00 2.7771213312e-01 7.7952630554e+01
1.4634497443e+00 2.6912677702e-01 8.1242575657e+01
1.5532179201e+00 2.9051868991e-01 7.2615385143e+01
1.5101537322e+00 2.7703430200e-01 7.8580066351e+01
1.5368581727e+00 2.8172396195e-01 7.7197759713e+01
1.5004697488e+00 2.7991762778e-01 7.5384991691e+01
1.5120819641e+00 2.8464149837e-01 7.3215224529e+01
1.4904735182e+00 2.7317590101e-01 8.0163562403e+01
1.4866418274e+00 2.7565277125e-01 7.7407666966e+01
1.5234225691e+00 2.8103242786e-01 7.6524865077e+01
1.5626301337e+00 2.8110647626e-01 8.0495923602e+01
1.4884260306e+00 2.7838598585e-01 7.5469623924e+01
1.5055713970e+00 2.7934879108e-01 7.6229882959e+01
1.5144922314e+00 2.7814254797e-01 7.8036371717e+01
1.5151264853e+00 2.8068811260e-01 7.6061155025e+01
1.5322181892e+00 2.8134688715e-01 7.7071731622e+01
1.4507215734e+00 2.7871292364e-01 7.2400683165e+01
1.4859511091e+00 2.7228111093e-01 8.0578963045e+01
1.5020338202e+00 2.8470056795e-01 7.2486594398e+01
1.5002942189e+00 2.7465885770e-01 7.9789255467e+01
1.5090719280e+00 2.7947727449e-01 7.6440621960e+01
1.5477752127e+00 2.8085488806e-01 7.9039301002e+01
1.4898199566e+00 2.7247464210e-01 8.0869445111e+01
1.4583362747e+00 2.7513831696e-01 7.5257982128e+01
1.4830659543e+00 2.7381283414e-01 7.8663617982e+01
1.4826495301e+00 2.7332716364e-01 7.9081013820e+01
1.4924428471e+00 2.7798587808e-01 7.6103348511e+01
1.4925342331e+00 2.7518172936e-01 7.8412889032e+01
1.5151127192e+00 2.8797708529e-01 7.1539280443e+01
1.5199816468e+00 2.7537857627e-01 8.1532528898e+01
1.5400246333e+00 2.8083950920e-01 7.8245611639e+01
1.5036177135e+00 2.7767591808e-01 7.7365699350e+01
1.4963114305e+00 2.7637898919e-01 7.7743162886e+01
1.5235702622e+00 2.8088473476e-01 7.6651174188e+01
1.5100622957e+00 2.7531138487e-01 8.0288236411e+01
1.5215231833e+00 2.8293181371e-01 7.5003739865e+01
1.4893966769e+00 2.8057982486e-01 7.4068882767e+01
1.4748344034e+00 2.9017018331e-01 6.8135767946e+01
1.5197148779e+00 2.8428501664e-01 7.3983683510e+01
1.5353628820e+00 2.8093819885e-01 7.7701249475e+01
1.4764358810e+00 2.6917783150e-01 8.3267938661e+01
1.5123702938e+00 2.7300338674e-01 8.3721361762e+01
1.4740537236e+00 2.7336077752e-01 7.8120086953e+01
1.4924000839e+00 2.7441193248e-01 7.9122720780e+01
1.4800295669e+00 2.8361985235e-01 7.1625611953e+01
1.4821715989e+00 2.7831711237e-01 7.5003739865e+01
1.4914442638e+00 2.7356032289e-01 7.9872472277e+01
1.4442875157e+00 2.7438877066e-01 7.4621807233e+01
1.5026762531e+00 2.9132107565e-01 6.9147205641e+01
1.5118088409e+00 2.8173426639e-01 7.5046134423e+01
1.5151742868e+00 2.8200366538e-01 7.5130898438e+01
1.5053627192e+00 2.8273272210e-01 7.3898447871e+01
1.4876694589e+00 2.7191654013e-01 8.1242575657e+01
1.5248633088e+00 2.7731655886e-01 7.9955667504e+01
1.4606648932e+00 2.7370792397e-01 7.6524865077e+01
1.4673941307e+00 2.7282093112e-01 7.7910750187e+01
1.5350000682e+00 2.8358206650e-01 7.5638791445e+01
1.4963453174e+00 2.7544030898e-01 7.8580066351e+01
1.4749934619e+00 2.7692571741e-01 7.5384991691e+01
1.5397769607e+00 2.7926149924e-01 7.9706016880e+01
1.4953682162e+00 2.7641741016e-01 7.7617402571e+01
1.5156710775e+00 2.7696370194e-01 7.9247806762e+01
1.4681264594e+00 2.8424340031e-01 7.0543278672e+01
1.5247193996e+00 2.7746046801e-01 7.9789255467e+01
1.5118833010e+00 2.7848132986e-01 7.7491581624e+01
1.4690472421e+00 2.8152012788e-01 7.2056626897e+01
1.4952761607e+00 2.7289183255e-01 8.1118241196e+01
1.5108475799e+00 2.7271236136e-01 8.3927331007e+01
1.5208820049e+00 2.8539378428e-01 7.3386256743e+01
1.5318360799e+00 2.8400890475e-01 7.5088520605e+01
1.5217066945e+00 2.7638035220e-01 8.0578963045e+01
1.5197773726e+00 2.7512851403e-01 8.1822263856e+01
1.4871731024e+00 2.7196159836e-01 8.1118241196e+01
1.4907464645e+00 2.7877785240e-01 7.5384991691e+01
1.5305827113e+00 2.7796992887e-01 7.9955667504e+01
1.5301265748e+00 2.7888155032e-01 7.8997582302e+01
1.5456100463e+00 2.8393442067e-01 7.6272045862e+01
1.4726002773e+00 2.8202356399e-01 7.2013573065e+01
1.5322690711e+00 2.8038430924e-01 7.7868863262e+01
1.4664394358e+00 2.7422530059e-01 7.6651174188e+01
1.4973283862e+00 2.7355260092e-01 8.0620475268e+01
1.5130096433e+00 2.7644719658e-01 7.9456168532e+01
1.4768525448e+00 2.7416538963e-01 7.7701249475e+01
1.5355340440e+00 2.7894288109e-01 7.9539473606e+01
1.4980484690e+00 2.8415157116e-01 7.2529534762e+01
1.5107453779e+00 2.7462830263e-01 8.1159690671e+01
1.4960989113e+00 2.7568671509e-01 7.8329262945e+01
1.4944920544e+00 2.8046102221e-01 7.4536838781e+01
1.4939610529e+00 2.7827695096e-01 7.6018953826e+01
1.5030991525e+00 2.7140131577e-01 8.4750447980e+01
1.4761840069e+00 2.8024371496e-01 7.3300759781e+01
1.5038891077e+00 2.7876419440e-01 7.6524865077e+01
1.5212325127e+00 2.7821846297e-01 7.8663617982e+01
1.4673691780e+00 2.7239624784e-01 7.8287440457e+01
1.5220608651e+00 2.7920921872e-01 7.7868863262e+01
1.5162921648e+00 2.7815942370e-01 7.8203776466e+01
1.4962840373e+00 2.8047985734e-01 7.4664278454e+01
1.4810652875e+00 2.7626460624e-01 7.6398489209e+01
1.5169924054e+00 2.7791348129e-01 7.8496490101e+01
1.5375807144e+00 2.7826427027e-01 8.0495923602e+01
1.5223638677e+00 2.7890621610e-01 7.8161934912e+01
1.4873634071e+00 2.7357671815e-01 7.9372840907e+01
1.5170591304e+00 2.8102791628e-01 7.5976744886e+01
1.5192466315e+00 2.8065906372e-01 7.6440621960e+01
1.4997076667e+00 2.7615074196e-01 7.8287440457e+01
1.5024061356e+00 2.7435775900e-01 8.0371326592e+01
1.4912941454e+00 2.7145202161e-01 8.2401110412e+01
1.5395265221e+00 2.7859932546e-01 8.0371326592e+01
1.5316423683e+00 2.7918807870e-01 7.8872390662e+01
1.4616073658e+00 2.8085645635e-01 7.1927433851e+01
1.4866418274e+00 2.7565277125e-01 7.7407666966e+01
1.4602218715e+00 2.7460011654e-01 7.5807831180e+01
1.5028056472e+00 2.7758172941e-01 7.7365699350e+01
1.4579237577e+00 2.7285708836e-01 7.6945639864e+01
1.5138776526e+00 2.7512534941e-01 8.0993864557e+01
1.4780546923e+00 2.7071080630e-01 8.1366868568e+01
1.4980718583e+00 2.8820892231e-01 7.0369444415e+01
1.4963759013e+00 2.7767199713e-01 7.6693262514e+01
1.4930257968e+00 2.7243058956e-01 8.1366868568e+01
1.4794422626e+00 2.7067458151e-01 8.1615332242e+01
1.5385013792e+00 2.8144984571e-01 7.7575469027e+01
1.5228641473e+00 2.7840593653e-01 7.8663617982e+01
1.5110589987e+00 2.7476821263e-01 8.1035328162e+01
1.5118012339e+00 2.8355898922e-01 7.3855816334e+01
1.4943978481e+00 2.7738777832e-01 7.6735343529e+01
1.4717758612e+00 2.8014331813e-01 7.3044038180e+01
1.4988321689e+00 2.7657355450e-01 7.7826969754e+01
1.5111090756e+00 2.8016349953e-01 7.6103348511e+01
1.5209498778e+00 2.7441034534e-01 8.3020440166e+01
1.4989196865e+00 2.7920272549e-01 7.5765583130e+01
1.4680381722e+00 2.7892607371e-01 7.3514430919e+01
1.4897762091e+00 2.7432489411e-01 7.8914127157e+01
1.4980185900e+00 2.8055673804e-01 7.4749195028e+01
1.5189609757e+00 2.8412882879e-01 7.4026287672e+01
1.4862394757e+00 2.7199274439e-01 8.0952396196e+01
1.5111925440e+00 2.7644917461e-01 7.9247806762e+01
1.5452623688e+00 2.8519661678e-01 7.5342663360e+01
1.5118560729e+00 2.7760076696e-01 7.8245611639e+01
1.5167183225e+00 2.8455176132e-01 7.3599833208e+01
1.4759948900e+00 2.8043283185e-01 7.3172442467e+01
1.5514448586e+00 2.8038619042e-01 7.9914072577e+01
1.4842040642e+00 2.7899370962e-01 7.4706741043e+01
1.5187581337e+00 2.7523919499e-01 8.1532528898e+01
1.5283276646e+00 2.8341417262e-01 7.5215629171e+01
1.5050257006e+00 2.8352350185e-01 7.3386256743e+01
1.4787623016e+00 2.7225563279e-01 7.9706016880e+01
1.4998322994e+00 2.7602610927e-01 7.8412889032e+01
1.4908597517e+00 2.8499865699e-01 7.1582451612e+01
1.5017162903e+00 2.7685903768e-01 7.7868863262e+01
1.5337523903e+00 2.7753373275e-01 8.0827962340e+01
1.4923329048e+00 2.7493106537e-01 7.8621845231e+01
1.5142939960e+00 3.0839643958e-01 6.3143930992e+01
1.5075530657e+00 2.7510023639e-01 8.0205125602e+01
1.4781434280e+00 2.9047663465e-01 6.8179890150e+01
1.5078964919e+00 2.7747718860e-01 7.7952630554e+01
1.4986140134e+00 2.7814988117e-01 7.6524865077e+01
1.4839637093e+00 2.7246401256e-01 8.0121993975e+01
1.5116376117e+00 2.7645782960e-01 7.9289490537e+01
1.4682511618e+00 2.7601236548e-01 7.5469623924e+01
1.5046165495e+00 2.7531775728e-01 7.9622756324e+01
1.5116874700e+00 2.7913111385e-01 7.6945639864e+01
1.4851608333e+00 2.7713376534e-01 7.6103348511e+01
1.4749476517e+00 2.7201659423e-01 7.9497823876e+01
1.4830357051e+00 2.7655029392e-01 7.6356348960e+01
1.4389303190e+00 2.9050417802e-01 6.6135547182e+01
1.4809676523e+00 2.7275448054e-01 7.9456168532e+01
1.5176652763e+00 2.8133101802e-01 7.5807831180e+01
1.4820092968e+00 2.8209180640e-01 7.2615385143e+01
1.5073510540e+00 2.7575554855e-01 7.9497823876e+01
1.4815488990e+00 2.7082096078e-01 8.1739504252e+01
1.4970093381e+00 2.7975455651e-01 7.5215629171e+01
1.4896716694e+00 2.6991432963e-01 8.4668187983e+01
1.4874421801e+00 2.8615318688e-01 7.0760310020e+01
1.4865175193e+00 2.7216592181e-01 8.0786474719e+01
1.4909121393e+00 2.7589987712e-01 7.7617402571e+01
1.4904488226e+00 2.7862334789e-01 7.5469623924e+01
1.4839144176e+00 2.7386661997e-01 7.8705384629e+01
1.4875963555e+00 2.8283236971e-01 7.2572465000e+01
1.4872690056e+00 2.7592876824e-01 7.7239755051e+01
1.5057144598e+00 2.7693884230e-01 7.8203776466e+01
1.4562877230e+00 2.8437701337e-01 6.9759526825e+01
1.4978942723e+00 2.8022813965e-01 7.4961336903e+01
1.4906883790e+00 2.7612363740e-01 7.7407666966e+01
1.4827898284e+00 2.8899579798e-01 6.9103373832e+01
1.4744014944e+00 2.8383072563e-01 7.1150247189e+01
1.4774292528e+00 2.7178665565e-01 8.0038841340e+01
1.4827457811e+00 2.8316244340e-01 7.2056626897e+01
1.5308652915e+00 2.8042083147e-01 7.7701249475e+01
1.4739460195e+00 2.8112873400e-01 7.2615385143e+01
1.5172908598e+00 2.7988709244e-01 7.6861542972e+01
1.5286783730e+00 2.8169643614e-01 7.6482747241e+01
1.5025118355e+00 2.7515769892e-01 7.9539473606e+01
1.5295733834e+00 2.8490354165e-01 7.4324264582e+01
1.4288176457e+00 2.7599577910e-01 7.2443643876e+01
1.4793493200e+00 2.7347125878e-01 7.8580066351e+01
1.5408638807e+00 2.7771825393e-01 8.1573932786e+01
1.5102413170e+00 2.8421027152e-01 7.3343513034e+01
1.4975149941e+00 2.7517542565e-01 7.8955857695e+01
1.5015130818e+00 2.7525081285e-01 7.9331168577e+01
1.4847600652e+00 2.7843770856e-01 7.5130898438e+01
1.4734718762e+00 2.8611412286e-01 6.9934029987e+01
1.4958842148e+00 2.7861625345e-01 7.5934528179e+01
1.4654667035e+00 2.9998968287e-01 6.3876078244e+01
1.5622591046e+00 2.7918597823e-01 8.2855368716e+01
1.5263275964e+00 2.7994819284e-01 7.7659329379e+01
1.4670413172e+00 2.7002710675e-01 8.0661982523e+01
1.5169031778e+00 2.8118386889e-01 7.5850071354e+01
1.5237007507e+00 2.8804108660e-01 7.2056626897e+01
1.4636283427e+00 2.7164285502e-01 7.8580066351e+01
1.4790013221e+00 2.7427001443e-01 7.7826969754e+01
1.5248988859e+00 2.7728098174e-01 7.9997257084e+01
1.5126682816e+00 2.7951239134e-01 7.6735343529e+01
1.5408340766e+00 2.7774805807e-01 8.1532528898e+01
1.5002397919e+00 2.8604098867e-01 7.1625611953e+01
1.4876061647e+00 2.7920585167e-01 7.4834077304e+01
1.4918989389e+00 2.7220216425e-01 8.1491120555e+01
1.4986537091e+00 2.8399959306e-01 7.2658295222e+01
1.4800792940e+00 2.7138924355e-01 8.0827962340e+01
1.4709166895e+00 2.7469702303e-01 7.6693262514e+01
1.5061838638e+00 2.7737607751e-01 7.7868863262e+01
1.5200117662e+00 2.8080348310e-01 7.6398489209e+01
1.4937685375e+00 2.7937433665e-01 7.5215629171e+01
1.4863381121e+00 2.7460201313e-01 7.8287440457e+01
1.5170815024e+00 2.7873309552e-01 7.7785069637e+01
1.4854736056e+00 2.7546651966e-01 7.7449627715e+01
1.4812066774e+00 2.7928203387e-01 7.4281723271e+01
1.4922053666e+00 2.7686680390e-01 7.6945639864e+01
1.4952443722e+00 2.8061403644e-01 7.4494341492e+01
1.4987788664e+00 2.7572160187e-01 7.8580066351e+01
1.4983671367e+00 2.8066114580e-01 7.4706741043e+01
1.4816411986e+00 2.8110496836e-01 7.3172442467e+01
1.4862204560e+00 2.7426825529e-01 7.8580066351e+01
1.5208598125e+00 2.7859116313e-01 7.8287440457e+01
1.5146869050e+00 2.7885620233e-01 7.7449627715e+01
1.5264726095e+00 2.8344660012e-01 7.5046134423e+01
1.5102381386e+00 2.8148846629e-01 7.5088520605e+01
1.5143723808e+00 2.7690019440e-01 7.9164421908e+01
1.5103543881e+00 2.7728733044e-01 7.8371079129e+01
1.4710133198e+00 2.7010112996e-01 8.1118241196e+01
1.4966059021e+00 2.7472738538e-01 7.9289490537e+01
1.5101467475e+00 2.7658764070e-01 7.8997582302e+01
1.4728249546e+00 2.7098858841e-01 8.0329784068e+01
1.5119227434e+00 2.7889584039e-01 7.7155757380e+01
1.4845013629e+00 2.8276260729e-01 7.2400683165e+01
1.4986349947e+00 2.9309161019e-01 6.8135767946e+01
1.4614669016e+00 2.7021170453e-01 7.9747638907e+01
1.5089590419e+00 2.8412988229e-01 7.3300759781e+01
1.4788354600e+00 2.7128138411e-01 8.0786474719e+01
1.5288237278e+00 2.7927346574e-01 7.8496490101e+01
1.4583048168e+00 2.7472072028e-01 7.5554223768e+01
1.4910773834e+00 2.7483084106e-01 7.8580066351e+01
1.5341009082e+00 2.7809668152e-01 8.0246683597e+01
1.4752860388e+00 2.8114168303e-01 7.2701195268e+01
1.4922627859e+00 2.7635727674e-01 7.7365699350e+01
1.4926203705e+00 2.7599969212e-01 7.7701249475e+01
1.5171127974e+00 2.8324765573e-01 7.4451835457e+01
1.4952282478e+00 2.7700975602e-01 7.7113748025e+01
1.5047868900e+00 2.9148212106e-01 6.9191024681e+01
1.5186758392e+00 2.8168461394e-01 7.5638791445e+01
1.5040155199e+00 2.7637185672e-01 7.8538281315e+01
1.4875517920e+00 2.7474280666e-01 7.8287440457e+01
1.4954619510e+00 2.7315811165e-01 8.0827962340e+01
1.5016951024e+00 2.7642730963e-01 7.8245611639e+01
1.5065973307e+00 2.7786940341e-01 7.7491581624e+01
1.5339469371e+00 2.8554788624e-01 7.4239173069e+01
1.5080199434e+00 2.8098305860e-01 7.5257982128e+01
1.4696327630e+00 2.7058229874e-01 8.0371326592e+01
1.4942126244e+00 2.7214747680e-01 8.1905006284e+01
1.5056167825e+00 2.8520180135e-01 7.2443643876e+01
1.4738094580e+00 2.7720847647e-01 7.5088520605e+01
1.5058872189e+00 2.8720170522e-01 7.1366486818e+01
1.5307939021e+00 2.8413900468e-01 7.4918925507e+01
1.4774082640e+00 2.7090686347e-01 8.1035328162e+01
1.4878584597e+00 2.7217887621e-01 8.0952396196e+01
1.4816601856e+00 2.8153758821e-01 7.2915546096e+01
1.4894563638e+00 2.8459153462e-01 7.1711900276e+01
1.4896847685e+00 2.7531981824e-01 7.7994504389e+01
1.4899432289e+00 2.7460959680e-01 7.8663617982e+01
1.4843585334e+00 2.7387368669e-01 7.8747145195e+01
1.5129795674e+00 2.7556963513e-01 8.0371326592e+01
1.5173441325e+00 2.8483573515e-01 7.3471715656e+01
1.4259291369e+00 2.7843772221e-01 7.0890391015e+01
1.4895861929e+00 2.7858180039e-01 7.5427311870e+01
1.5103467442e+00 2.8001788665e-01 7.6145534310e+01
1.4816096675e+00 2.7526912095e-01 7.7239755051e+01
1.4704378628e+00 2.7787726458e-01 7.4366797030e+01
1.4792695238e+00 2.7760926464e-01 7.5257982128e+01
1.4793884789e+00 2.7253070045e-01 7.9497823876e+01
1.4863215837e+00 2.7281311711e-01 8.0038841340e+01
1.4970342054e+00 2.7701369296e-01 7.7281743419e+01
1.4746109369e+00 2.8091476746e-01 7.2786965387e+01
1.4905371603e+00 2.7537106416e-01 7.8036371717e+01
1.4740052212e+00 2.7836463859e-01 7.4324264582e+01
1.5186387075e+00 2.8081226813e-01 7.6272045862e+01
1.5106994181e+00 2.8920627715e-01 7.0630125868e+01
1.4756205523e+00 2.7629862698e-01 7.5892303678e+01
1.4975309652e+00 2.7696950308e-01 7.7365699350e+01
1.4827480016e+00 2.7187583972e-01 8.0620475268e+01
1.5155942204e+00 2.7704055897e-01 7.9164421908e+01
1.5178768130e+00 2.8475800390e-01 7.3557136760e+01
1.5203556945e+00 2.9001911461e-01 7.0803681768e+01
1.5104584370e+00 2.8126816795e-01 7.5257982128e+01
1.5005437110e+00 2.7848457153e-01 7.6440621960e+01
1.4985914122e+00 2.8632877590e-01 7.1366486818e+01
1.4971505757e+00 2.7825514770e-01 7.6314201186e+01
1.5158645517e+00 2.7586205320e-01 8.0412864007e+01
1.5301275695e+00 2.8115855355e-01 7.7029708145e+01
1.4972003356e+00 2.7820538775e-01 7.6356348960e+01
1.5094022089e+00 2.8096242187e-01 7.5384991691e+01
1.5228893472e+00 2.8520784626e-01 7.3642520295e+01
1.5248769622e+00 2.8003317548e-01 7.7449627715e+01
1.4805530629e+00 2.7993564837e-01 7.3813175613e+01
1.4966467145e+00 2.7332978721e-01 8.0786474719e+01
1.5131117470e+00 2.7452997155e-01 8.1615332242e+01
1.4802243722e+00 2.8478021456e-01 7.1020369769e+01
1.4803181435e+00 2.8694582663e-01 6.9934029987e+01
1.4948393766e+00 2.8056634674e-01 7.4494341492e+01
1.5152201184e+00 2.7832298888e-01 7.7952630554e+01
1.4948346976e+00 2.8781860449e-01 7.0369444415e+01
1.5025066689e+00 2.7425722575e-01 8.0495923602e+01
1.4791730395e+00 2.7409829694e-01 7.7994504389e+01
1.4767285311e+00 2.8511453789e-01 7.0630125868e+01
1.4963856988e+00 2.8264258368e-01 7.3300759781e+01
1.4938071642e+00 2.7210106032e-01 8.1905006284e+01
1.5192052042e+00 2.7979109014e-01 7.7113748025e+01
1.5117146224e+00 2.8864583077e-01 7.0977054822e+01
1.4928980950e+00 2.7526989826e-01 7.8371079129e+01
1.5078617352e+00 2.7615158333e-01 7.9164421908e+01
1.4739088638e+00 2.9245123738e-01 6.7117113352e+01
1.5021429990e+00 2.7643232902e-01 7.8287440457e+01
1.5058440326e+00 2.8679074677e-01 7.1582451612e+01
1.5119818414e+00 2.7747499855e-01 7.8371079129e+01
1.4678970815e+00 2.7366712039e-01 7.7239755051e+01
1.5351245002e+00 2.7798470902e-01 8.0495923602e+01
1.5118314129e+00 2.7444936772e-01 8.1532528898e+01
1.4846393612e+00 2.8624162589e-01 7.0543278672e+01
1.4995435453e+00 2.7540953127e-01 7.8955857695e+01
1.4857658788e+00 2.7743189500e-01 7.5934528179e+01
1.5556263390e+00 2.8078072921e-01 7.9997257084e+01
1.4979513333e+00 2.7926536194e-01 7.5638791445e+01
1.4898626311e+00 2.7469019462e-01 7.8580066351e+01
1.4997843719e+00 2.7697952269e-01 7.7575469027e+01
1.5084412155e+00 2.7647897259e-01 7.8914127157e+01
1.5050087597e+00 2.7900455879e-01 7.6440621960e+01
1.5171154307e+00 2.7779045597e-01 7.8621845231e+01
1.5036534766e+00 2.7809334001e-01 7.7029708145e+01
1.5155188790e+00 2.7620772585e-01 7.9997257084e+01
1.5382847106e+00 2.7892867722e-01 7.9872472277e+01
1.4933793568e+00 2.8293177559e-01 7.2915546096e+01
1.5099632638e+00 2.8267151564e-01 7.4281723271e+01
1.4780846279e+00 2.8330694991e-01 7.1668761497e+01
1.4995894712e+00 2.7445842720e-01 7.9914072577e+01
1.5141009803e+00 2.7989634841e-01 7.6566975496e+01
1.5256801606e+00 2.7877483634e-01 7.8621845231e+01
1.4762466489e+00 2.8018107291e-01 7.3343513034e+01
1.4674261585e+00 2.8178974993e-01 7.1798145674e+01
1.4834348153e+00 2.7750530995e-01 7.5681063290e+01
1.4900866027e+00 2.7672541373e-01 7.6861542972e+01
1.5237717143e+00 2.7567926137e-01 8.1698117953e+01
1.4776429692e+00 2.7382556833e-01 7.8078232563e+01
1.5278792753e+00 2.8386256197e-01 7.4876505650e+01
1.5081508231e+00 2.8039837938e-01 7.5681063290e+01
1.5399106484e+00 2.9100565357e-01 7.1496098411e+01
1.4918099602e+00 2.7093620680e-01 8.3267938661e+01
1.4805701383e+00 2.9393032998e-01 6.6850130873e+01
1.4942306180e+00 2.7710266952e-01 7.6945639864e+01
1.5056669851e+00 2.8424373110e-01 7.3001217281e+01
1.5394617965e+00 2.8368530760e-01 7.5934528179e+01
1.5281472122e+00 2.7630778482e-01 8.1532528898e+01
1.4581325327e+00 2.8028421793e-01 7.2013573065e+01
1.4968470421e+00 2.8172828590e-01 7.3898447871e+01
1.5261927982e+00 2.7598706943e-01 8.1656727290e+01
1.5022194166e+00 2.7726185888e-01 7.7575469027e+01
1.5058708944e+00 2.7814242405e-01 7.7197759713e+01
1.5319639565e+00 2.8524943135e-01 7.4281723271e+01
1.5210672123e+00 2.8202259220e-01 7.5596511614e+01
1.4918840283e+00 2.7764028860e-01 7.6314201186e+01
1.5210579130e+00 2.8430740360e-01 7.4068882767e+01
1.5554339071e+00 2.8417863811e-01 7.6945639864e+01
1.5121536847e+00 2.7866489909e-01 7.7365699350e+01
1.5027998531e+00 2.7396404151e-01 8.0869445111e+01
1.4984636544e+00 3.0326130219e-01 6.4194946813e+01
1.5089369193e+00 2.8960473201e-01 7.0325956512e+01
1.4782610299e+00 2.7816669192e-01 7.4791640439e+01
1.4920839522e+00 2.7834477299e-01 7.5807831180e+01
1.5022323365e+00 2.7407879588e-01 8.0661982523e+01
1.4546703261e+00 2.7476417090e-01 7.5215629171e+01
1.5229952690e+00 2.9330581183e-01 6.9366173885e+01
1.4514410312e+00 2.8113549012e-01 7.1106965919e+01
1.5264366724e+00 2.8166052113e-01 7.6314201186e+01
1.4873715216e+00 2.7672958152e-01 7.6609078524e+01
1.4852075243e+00 2.7437847473e-01 7.8371079129e+01
1.5197533191e+00 2.8060713408e-01 7.6524865077e+01
1.5191451252e+00 2.7757833730e-01 7.9039301002e+01
1.5133458086e+00 2.8019729869e-01 7.6272045862e+01
1.5257449855e+00 2.8280765465e-01 7.5427311870e+01
1.4742003156e+00 2.7141339693e-01 8.0038841340e+01
1.5145937690e+00 2.7849515514e-01 7.7743162886e+01
1.5562600286e+00 2.7923153131e-01 8.1863637206e+01
1.4904459772e+00 2.8677071806e-01 7.0630125868e+01
1.4917042805e+00 2.8098613926e-01 7.3983683510e+01
1.5146710217e+00 2.8296145853e-01 7.4451835457e+01
1.5110388517e+00 2.7297446676e-01 8.3515311021e+01
1.4874360846e+00 2.8434954177e-01 7.1711900276e+01
1.5144490842e+00 2.7818569516e-01 7.7994504389e+01
1.4794171064e+00 2.7295275338e-01 7.9081013820e+01
1.4868616340e+00 2.7995038239e-01 7.4281723271e+01
1.5077888041e+00 2.7713138403e-01 7.8245611639e+01
1.4963759013e+00 2.7767199713e-01 7.6693262514e+01
1.5143251667e+00 2.7876375745e-01 7.7491581624e+01
1.5156440572e+00 2.8380691847e-01 7.3983683510e+01
1.4842986466e+00 2.8296532356e-01 7.2271739586e+01
1.4945688612e+00 2.7812155849e-01 7.6187712450e+01
1.4312032748e+00 2.6825393622e-01 7.8203776466e+01
1.4942776762e+00 2.7705561125e-01 7.6987677568e+01
1.4808877999e+00 3.0357893425e-01 6.3327406548e+01
1.4971702868e+00 2.7280621495e-01 8.1491120555e+01
1.5427325387e+00 2.8178480000e-01 7.7701249475e+01
1.5366940036e+00 2.7823890313e-01 8.0412864007e+01
1.5028812373e+00 2.7931880290e-01 7.6018953826e+01
1.4784955966e+00 2.7657915692e-01 7.5934528179e+01
1.5117675995e+00 2.7405961189e-01 8.2029088124e+01
1.5014967540e+00 2.8115654816e-01 7.4621807233e+01
1.4969931201e+00 2.8747361404e-01 7.0673532104e+01
1.5412534810e+00 2.8098032408e-01 7.8245611639e+01
1.4878584597e+00 2.7217887621e-01 8.0952396196e+01
1.4800578328e+00 2.7186134652e-01 8.0288236411e+01
1.5440881385e+00 2.8499912633e-01 7.5384991691e+01
1.5160113333e+00 2.7798599540e-01 7.8329262945e+01
1.5052535350e+00 2.7196316032e-01 8.4133221509e+01
1.4947085544e+00 2.7979191383e-01 7.5003739865e+01
1.5136249374e+00 2.8264407359e-01 7.4579327351e+01
1.4976024304e+00 2.7554044369e-01 7.8621845231e+01
1.4660584392e+00 2.8450893080e-01 7.0282456804e+01
1.4616329897e+00 2.7318899836e-01 7.7029708145e+01
1.5146546099e+00 2.7979697864e-01 7.6693262514e+01
1.4911188844e+00 2.8111911944e-01 7.3855816334e+01
1.5013224782e+00 2.7544141638e-01 7.9122720780e+01
1.4931109673e+00 2.8591731523e-01 7.1236776285e+01
1.5002843968e+00 2.8644999134e-01 7.1409701632e+01
1.5205422627e+00 2.8391273431e-01 7.4281723271e+01
1.5332617105e+00 2.8030336586e-01 7.8036371717e+01
1.5484232534e+00 2.8478020179e-01 7.5892303678e+01
1.4592267738e+00 2.7829105366e-01 7.3257996956e+01
1.4975591559e+00 2.8101617217e-01 7.4409320646e+01
1.4831349589e+00 2.7735375233e-01 7.5765583130e+01
1.4827395894e+00 3.0036701306e-01 6.4512959601e+01
1.4652309537e+00 2.8083289794e-01 7.2185725677e+01
1.4897546824e+00 2.7163689545e-01 8.1905006284e+01
1.5236823914e+00 2.7758769241e-01 7.9539473606e+01
1.4849772827e+00 2.7822049113e-01 7.5300326848e+01
1.5083619714e+00 2.7655821673e-01 7.8830648187e+01
1.5267815481e+00 2.7903898566e-01 7.8496490101e+01
1.5049568268e+00 2.8268489180e-01 7.3898447871e+01
1.4897241504e+00 2.7257044827e-01 8.0744982225e+01
1.5433816549e+00 2.8022215601e-01 7.9164421908e+01
1.4868901012e+00 2.7179333996e-01 8.1284011213e+01
1.4952597820e+00 2.8512759459e-01 7.1798145674e+01
1.5306139333e+00 2.7884971488e-01 7.9081013820e+01
1.4984636544e+00 3.0326130219e-01 6.4194946813e+01
1.4887457687e+00 2.7174294261e-01 8.1615332242e+01
1.5257252068e+00 2.8373844143e-01 7.4791640439e+01
1.4990618901e+00 2.7724924225e-01 7.7281743419e+01
1.4889922815e+00 2.8053203539e-01 7.4068882767e+01
1.4945103774e+00 2.7682291010e-01 7.7197759713e+01
1.5203698067e+00 2.8135514987e-01 7.6018953826e+01
1.5083165790e+00 2.8114026091e-01 7.5173267951e+01
1.5050548076e+00 2.9576044170e-01 6.7339198059e+01
1.5072281546e+00 2.8268256159e-01 7.4068882767e+01
1.5288224606e+00 2.8018566449e-01 7.7701249475e+01
1.4925037019e+00 2.7114571731e-01 8.3061698879e+01
1.5243772679e+00 2.8007772910e-01 7.7365699350e+01
1.4874555739e+00 2.8116448872e-01 7.3557136760e+01
1.5125223182e+00 2.7965835475e-01 7.6609078524e+01
1.5523501748e+00 2.8314138515e-01 7.7491581624e+01
1.5003593240e+00 2.7776308795e-01 7.6987677568e+01
1.4891280726e+00 2.7858788984e-01 7.5384991691e+01
1.5176981986e+00 2.7993428168e-01 7.6861542972e+01
1.5275599087e+00 2.8190373951e-01 7.6229882959e+01
1.5102287048e+00 2.7741301379e-01 7.8245611639e+01
1.4866127331e+00 2.7207070804e-01 8.0910923055e+01
1.4715000565e+00 2.6871500530e-01 8.3102953976e+01
1.4660397182e+00 2.8723161832e-01 6.8971801420e+01
1.5149597039e+00 2.8631037995e-01 7.2443643876e+01
1.4638542098e+00 2.7591121613e-01 7.5173267951e+01
1.5037263485e+00 2.7847369164e-01 7.6735343529e+01
1.4639211511e+00 2.7899253932e-01 7.3172442467e+01
1.4998732333e+00 2.7734346197e-01 7.7281743419e+01
1.5242578630e+00 2.7701222079e-01 8.0205125602e+01
1.4891541909e+00 2.7765782548e-01 7.6061155025e+01
1.5171711727e+00 2.8318928040e-01 7.4494341492e+01
1.5474553517e+00 2.8026053518e-01 7.9581117748e+01
1.4653678963e+00 2.7035254983e-01 8.0080420295e+01
1.5166456487e+00 2.7598913071e-01 8.0371326592e+01
1.5150047344e+00 2.7626784073e-01 7.9872472277e+01
1.4981358843e+00 2.7229284090e-01 8.2318467199e+01
1.5211571731e+00 2.7920328004e-01 7.7785069637e+01
1.5012876443e+00 2.7140277543e-01 8.4339036016e+01
1.5041271290e+00 2.7490115346e-01 7.9997257084e+01
1.5170976515e+00 2.7508302146e-01 8.1491120555e+01
1.4916349950e+00 2.7924599211e-01 7.5130898438e+01
1.5275913495e+00 2.9601246141e-01 6.8400297950e+01
1.4823364257e+00 2.7409129610e-01 7.8329262945e+01
1.5235447958e+00 2.8500784437e-01 7.3813175613e+01
1.5070011066e+00 2.8245573332e-01 7.4196613947e+01
1.5428457405e+00 2.9218812242e-01 7.1063673457e+01
1.4896168960e+00 2.7493592968e-01 7.8329262945e+01
1.5231053107e+00 2.7816477314e-01 7.8914127157e+01
1.5179608782e+00 2.8012616843e-01 7.6735343529e+01
1.5207538345e+00 2.8461148206e-01 7.3855816334e+01
1.4886008060e+00 2.7414536093e-01 7.8955857695e+01
1.5147668102e+00 2.8013907646e-01 7.6440621960e+01
1.4779160178e+00 2.7265135215e-01 7.9206117227e+01
1.4716346692e+00 2.7217887373e-01 7.8955857695e+01
1.4732958251e+00 2.7276802656e-01 7.8580066351e+01
1.5124569544e+00 2.7790767646e-01 7.8036371717e+01
1.5070579644e+00 2.8149123809e-01 7.4834077304e+01
1.4990909017e+00 2.7631482163e-01 7.8078232563e+01
1.5056904459e+00 2.7469693068e-01 8.0412864007e+01
1.4840886080e+00 2.7640010327e-01 7.6566975496e+01
1.5021067634e+00 2.7601564855e-01 7.8663617982e+01
1.4841474376e+00 2.7905033624e-01 7.4664278454e+01
1.5131429098e+00 2.8040019751e-01 7.6103348511e+01
1.5012667914e+00 2.7685562063e-01 7.7826969754e+01
1.5221333160e+00 2.8050150092e-01 7.6819483732e+01
1.5102413170e+00 2.8421027152e-01 7.3343513034e+01
1.5013114076e+00 2.7771687486e-01 7.7113748025e+01
1.5270337142e+00 2.8972350106e-01 7.1366486818e+01
1.4848986632e+00 2.7333355685e-01 7.9331168577e+01
1.4649690290e+00 2.7659517283e-01 7.4791640439e+01
1.4482321087e+00 2.8748833742e-01 6.7870746947e+01
1.5037527140e+00 2.9069887449e-01 6.9497403504e+01
1.5228568557e+00 2.7886810088e-01 7.8245611639e+01
1.4814206324e+00 2.7997094543e-01 7.3855816334e+01
1.4788117694e+00 2.7400880941e-01 7.8036371717e+01
1.4609981137e+00 2.7337470345e-01 7.6819483732e+01
1.5009404530e+00 2.7310744542e-01 8.1656727290e+01
1.5012818717e+00 2.8273144679e-01 7.3599833208e+01
1.4934604319e+00 2.8194529146e-01 7.3514430919e+01
1.4925824005e+00 2.8010801925e-01 7.4621807233e+01
1.5016510963e+00 2.7556559897e-01 7.9039301002e+01
1.5210685342e+00 2.7838244145e-01 7.8496490101e+01
1.4915723258e+00 2.8338075076e-01 7.2529534762e+01
1.4797209733e+00 2.7174756425e-01 8.0371326592e+01
1.5104746675e+00 2.8488555564e-01 7.2958386597e+01
1.4837543444e+00 2.7267337739e-01 7.9872472277e+01
1.5126398734e+00 2.7636312862e-01 7.9497823876e+01
1.5016510963e+00 2.7556559897e-01 7.9039301002e+01
1.4665554451e+00 2.7096238229e-01 7.9581117748e+01
1.5088089546e+00 2.7792543357e-01 7.7659329379e+01
1.5099355234e+00 2.7861367904e-01 7.7197759713e+01
1.5113712345e+00 2.7490954612e-01 8.0910923055e+01
1.5162629160e+00 2.8182413069e-01 7.5342663360e+01
1.4994497514e+00 2.8547043670e-01 7.1884348405e+01
1.4648104342e+00 3.0290552824e-01 6.2868157875e+01
1.4538279386e+00 2.7201800216e-01 7.7239755051e+01
1.4830897339e+00 2.7694760194e-01 7.6061155025e+01
1.4678340188e+00 2.7148180995e-01 7.9206117227e+01
1.5190900468e+00 2.8354477018e-01 7.4409320646e+01
1.5521750144e+00 2.8011346527e-01 8.0288236411e+01
1.5134114525e+00 2.7604538744e-01 7.9914072577e+01
1.4931333287e+00 2.7458263374e-01 7.9039301002e+01
1.4533209771e+00 2.6983517746e-01 7.9164421908e+01
1.4951209969e+00 2.7485550486e-01 7.8997582302e+01
1.5178963300e+00 2.7882713242e-01 7.7785069637e+01
1.4836833554e+00 2.7139139809e-01 8.1325442176e+01
1.5090163316e+00 2.8044050831e-01 7.5723327176e+01
1.5012667914e+00 2.7685562063e-01 7.7826969754e+01
1.5016510963e+00 2.7556559897e-01 7.9039301002e+01
1.4868622568e+00 2.7949784443e-01 7.4579327351e+01
1.5112362485e+00 2.7776675356e-01 7.8036371717e+01
1.4875322560e+00 2.7521391096e-01 7.7868863262e+01
1.5080199857e+00 2.7463331645e-01 8.0786474719e+01
1.5124120248e+00 2.8749367046e-01 7.1625611953e+01
1.5336375687e+00 2.8403202989e-01 7.5215629171e+01
1.4652550586e+00 2.8441129837e-01 7.0282456804e+01
1.4730461736e+00 2.7391807232e-01 7.7533528720e+01
1.5218824118e+00 2.8211748278e-01 7.5596511614e+01
1.5032430674e+00 2.8848353752e-01 7.0543278672e+01
1.4674515038e+00 2.6916755546e-01 8.1780886213e+01
1.5270270986e+00 2.7879343519e-01 7.8747145195e+01
1.4985623535e+00 2.7458052068e-01 7.9664389360e+01
1.4923595943e+00 2.8259348229e-01 7.3044038180e+01
1.4630812910e+00 2.7713377078e-01 7.4281723271e+01
1.4905342053e+00 2.7266356847e-01 8.0744982225e+01
1.4861013422e+00 2.7574172680e-01 7.7281743419e+01
1.4878729239e+00 2.7487324302e-01 7.8203776466e+01
1.5031741496e+00 2.7404254570e-01 8.0827962340e+01
1.5318633177e+00 2.8763150568e-01 7.2829835522e+01
1.5008004561e+00 2.7868081938e-01 7.6314201186e+01
1.4998645175e+00 2.7237348631e-01 8.2483737725e+01
1.4733603492e+00 2.7405415188e-01 7.7449627715e+01
1.5170808992e+00 2.7419167599e-01 8.2690237632e+01
1.5753874156e+00 2.8487620242e-01 7.8245611639e+01
1.5210117871e+00 2.9848303628e-01 6.7028177859e+01
1.5041212663e+00 2.8306676789e-01 7.3599833208e+01
1.5047046220e+00 2.7976211214e-01 7.5850071354e+01
1.4972499184e+00 2.7815580493e-01 7.6398489209e+01
1.5172594138e+00 2.8037306649e-01 7.6482747241e+01
1.4650784938e+00 2.7288877581e-01 7.7617402571e+01
1.4755999736e+00 2.7451687050e-01 7.7281743419e+01
1.5326011653e+00 2.8552468228e-01 7.4154045875e+01
1.4985737316e+00 2.7592673664e-01 7.8371079129e+01
1.5147021400e+00 2.7702446490e-01 7.9081013820e+01
1.5229186491e+00 2.8153634783e-01 7.6103348511e+01
1.5110629264e+00 2.7385726169e-01 8.2194472172e+01
1.4903364377e+00 2.7421638799e-01 7.9081013820e+01
1.5155918346e+00 2.7885975391e-01 7.7533528720e+01
1.4784157770e+00 2.7305276051e-01 7.8872390662e+01
1.4830659543e+00 2.7381283414e-01 7.8663617982e+01
1.4706561726e+00 2.7450743947e-01 7.6819483732e+01
1.5062787689e+00 2.7546804777e-01 7.9664389360e+01
1.4926490422e+00 2.7009712479e-01 8.4997163568e+01
1.5101754804e+00 2.8336762688e-01 7.3855816334e+01
1.5190761486e+00 2.7946550276e-01 7.7365699350e+01
1.4881407214e+00 2.7776750307e-01 7.5892303678e+01
1.4673881764e+00 2.6698464071e-01 8.5531401325e+01
1.4353343130e+00 2.8871828156e-01 6.6671847008e+01
1.4788117694e+00 2.7400880941e-01 7.8036371717e+01
1.5415024496e+00 2.7799237369e-01 8.1325442176e+01
1.5095279364e+00 2.7947506566e-01 7.6482747241e+01
1.5196982198e+00 2.8748819512e-01 7.2099670255e+01
1.5268976298e+00 2.7846768679e-01 7.9039301002e+01
1.4665779373e+00 2.7678566000e-01 7.4791640439e+01
1.4897073503e+00 2.7800861215e-01 7.5850071354e+01
1.5172624127e+00 2.7718917587e-01 7.9206117227e+01
1.5041470381e+00 2.7895956438e-01 7.6398489209e+01
1.5069966494e+00 2.7747008475e-01 7.7868863262e+01
1.5061574785e+00 2.8511509665e-01 7.2529534762e+01
1.5105243064e+00 2.7802489604e-01 7.7743162886e+01
1.5445812299e+00 2.7902258101e-01 8.0537445831e+01
1.5304885310e+00 2.8125330630e-01 7.6987677568e+01
1.5255150399e+00 2.9124217533e-01 7.0499837642e+01
1.4421297537e+00 2.7251797637e-01 7.5765583130e+01
1.4866735297e+00 2.7697588947e-01 7.6356348960e+01
1.4948987243e+00 2.7733927952e-01 7.6819483732e+01
1.4587205386e+00 2.7879728886e-01 7.2915546096e+01
1.5016623405e+00 2.7193302652e-01 8.3474090850e+01
1.5084205907e+00 2.7559272780e-01 7.9789255467e+01
1.5107995847e+00 2.8047299052e-01 7.5850071354e+01
1.5075521586e+00 2.7963587557e-01 7.6187712450e+01
1.4859715158e+00 2.8219647751e-01 7.2829835522e+01
1.4740388353e+00 2.6797515731e-01 8.4997163568e+01
1.5091212369e+00 2.8033560301e-01 7.5807831180e+01
1.4686874262e+00 2.7287677563e-01 7.7994504389e+01
1.4893941029e+00 2.7832185953e-01 7.5596511614e+01
1.4988321689e+00 2.7657355450e-01 7.7826969754e+01
1.4929888664e+00 2.8377502820e-01 7.2400683165e+01
1.5134191475e+00 2.7195453304e-01 8.6229440237e+01
1.5097485055e+00 2.7880069698e-01 7.7029708145e+01
1.5395249339e+00 2.9230611515e-01 7.0803681768e+01
1.5112582652e+00 2.8046833974e-01 7.5892303678e+01
1.5123761431e+00 2.7889643203e-01 7.7197759713e+01
1.4912380071e+00 2.7467021740e-01 7.8747145195e+01
1.4980484690e+00 2.8415157116e-01 7.2529534762e+01
1.4972699270e+00 2.8085248495e-01 7.4494341492e+01
1.5106046468e+00 2.7522256460e-01 8.0454396336e+01
1.5098686286e+00 2.7686575954e-01 7.8705384629e+01
1.5232211983e+00 2.8350988461e-01 7.4749195028e+01
1.5531524185e+00 2.8142378538e-01 7.9081013820e+01
1.5736463665e+00 2.8891655507e-01 7.5046134423e+01
1.4489385843e+00 2.7287320165e-01 7.6103348511e+01
1.5425262761e+00 2.8427554930e-01 7.5765583130e+01
1.4851151790e+00 2.8034120734e-01 7.3898447871e+01
1.4902907367e+00 2.8375716165e-01 7.2228737805e+01
1.5732541733e+00 2.8654969764e-01 7.6693262514e+01
1.5271882658e+00 2.8045351925e-01 7.7323724844e+01
1.5093471731e+00 2.7602650742e-01 7.9456168532e+01
1.5489774667e+00 2.8514111616e-01 7.5681063290e+01
1.5064787459e+00 2.8433983790e-01 7.3001217281e+01
1.5178114551e+00 2.8937495974e-01 7.0977054822e+01
1.4846991537e+00 2.8482516319e-01 7.1280024178e+01
1.4905072725e+00 2.7585282867e-01 7.7617402571e+01
1.5626301337e+00 2.8110647626e-01 8.0495923602e+01
1.5162626648e+00 2.7637211454e-01 7.9914072577e+01
1.5269040437e+00 2.8574933667e-01 7.3599833208e+01
1.4941241884e+00 2.7088039836e-01 8.3803759085e+01
1.5104909315e+00 2.7442925658e-01 8.1366868568e+01
1.4985258892e+00 2.7461698494e-01 7.9622756324e+01
1.5366378098e+00 2.8513940297e-01 7.4706741043e+01
1.4924677970e+00 2.8022262269e-01 7.4536838781e+01
1.5119184294e+00 2.7980817547e-01 7.6440621960e+01
1.5044185631e+00 2.7823473907e-01 7.6987677568e+01
1.4399085267e+00 2.6758511111e-01 7.9872472277e+01
1.4931333287e+00 2.7458263374e-01 7.9039301002e+01
1.4794171064e+00 2.7295275338e-01 7.9081013820e+01
1.4798188949e+00 2.7841332522e-01 7.4749195028e+01
1.4909700221e+00 2.7177614491e-01 8.1905006284e+01
1.5465210265e+00 2.9538228579e-01 6.9715870468e+01
1.5284272128e+00 2.8194759633e-01 7.6272045862e+01
1.4808817654e+00 2.7554595643e-01 7.6945639864e+01
1.4707198345e+00 2.7624441137e-01 7.5511927880e+01
1.5401148775e+00 2.8029278711e-01 7.8747145195e+01
1.4779415601e+00 2.7623140765e-01 7.6145534310e+01
1.5434242204e+00 2.7743992211e-01 8.2318467199e+01
1.5228991375e+00 2.7882581902e-01 7.8287440457e+01
1.5177804049e+00 2.8439946274e-01 7.3770525678e+01
1.5031790842e+00 2.8537011829e-01 7.2185725677e+01
1.4880751076e+00 2.7964085485e-01 7.4579327351e+01
1.4883050310e+00 2.7579607214e-01 7.7449627715e+01
1.4719972420e+00 2.6956695988e-01 8.1946371115e+01
1.4757932551e+00 2.7072077436e-01 8.1035328162e+01
1.4645963828e+00 2.7471944592e-01 7.6103348511e+01
1.4863229299e+00 2.7236051120e-01 8.0537445831e+01
1.4557943304e+00 2.7992611574e-01 7.2056626897e+01
1.4742941188e+00 2.7987884891e-01 7.3386256743e+01
1.5569519441e+00 2.7899735092e-01 8.2277139574e+01
1.5318919295e+00 2.8395305510e-01 7.5130898438e+01
1.4795559622e+00 2.7642073160e-01 7.6145534310e+01
1.4579137737e+00 2.7421377060e-01 7.5892303678e+01
1.5217191871e+00 2.8592259800e-01 7.3129650743e+01
1.5603290906e+00 2.8111599220e-01 8.0205125602e+01
1.4871317414e+00 2.7742108430e-01 7.6061155025e+01
1.4905356847e+00 2.7130738432e-01 8.2483737725e+01
1.5040589513e+00 2.8539788857e-01 7.2228737805e+01
1.5067353166e+00 2.7999907160e-01 7.5850071354e+01
1.4881330950e+00 2.8274789208e-01 7.2658295222e+01
1.5380654677e+00 2.8234219696e-01 7.6819483732e+01
1.4912862388e+00 2.7055683015e-01 8.3803759085e+01
1.5212690694e+00 2.9047276787e-01 7.0630125868e+01
1.4754562669e+00 2.7240852800e-01 7.9164421908e+01
1.5305835468e+00 2.8115829043e-01 7.7071731622e+01
1.4882942702e+00 2.7761395428e-01 7.6018953826e+01
1.5312196078e+00 2.7824404040e-01 7.9747638907e+01
1.5014150260e+00 2.7580166923e-01 7.8788899706e+01
1.5006229942e+00 2.7795233383e-01 7.6861542972e+01
1.5273135631e+00 2.7759657458e-01 7.9955667504e+01
1.5405822492e+00 2.7891257416e-01 8.0163562403e+01
1.5276492072e+00 2.8728369959e-01 7.2744085313e+01
1.4824180342e+00 2.7491185951e-01 7.7617402571e+01
1.4968898925e+00 2.7353883268e-01 8.0578963045e+01
1.5175266526e+00 2.7465402037e-01 8.2111788416e+01
1.4666364525e+00 2.8032779336e-01 7.2572465000e+01
1.5112849158e+00 2.8680213082e-01 7.1927433851e+01
1.5171621929e+00 2.8092485378e-01 7.6061155025e+01
1.5078231865e+00 2.7619013195e-01 7.9122720780e+01
1.5108936415e+00 2.8219528266e-01 7.4664278454e+01
1.5405470864e+00 2.7894773692e-01 8.0121993975e+01
1.4945378434e+00 2.8358456862e-01 7.2615385143e+01
1.4974401074e+00 2.7932378725e-01 7.5554223768e+01
1.4621335656e+00 2.7448549365e-01 7.6061155025e+01
1.5044416791e+00 2.7866492337e-01 7.6651174188e+01
1.4591080561e+00 2.7481562888e-01 7.5554223768e+01
1.4925167205e+00 2.8379441194e-01 7.2357712234e+01
1.4842002757e+00 2.7719130212e-01 7.5976744886e+01
1.5341848055e+00 2.8531001785e-01 7.4409320646e+01
1.5106825744e+00 2.8649537786e-01 7.2056626897e+01
1.4763162581e+00 2.7109824295e-01 8.0661982523e+01
1.4865605899e+00 2.7889579641e-01 7.4961336903e+01
1.5531524185e+00 2.8142378538e-01 7.9081013820e+01
1.5430236490e+00 2.8058016189e-01 7.8788899706e+01
1.5066035543e+00 2.7604974778e-01 7.9122720780e+01
1.4773806473e+00 2.9893048509e-01 6.4784873432e+01
1.5128367308e+00 2.8388673170e-01 7.3727866500e+01
1.4959517390e+00 2.8217067297e-01 7.3557136760e+01
1.5199114778e+00 2.8090377148e-01 7.6314201186e+01
1.5163423833e+00 2.7674654081e-01 7.9539473606e+01
1.5070496594e+00 2.7288464739e-01 8.2937911806e+01
1.4520306120e+00 2.7785262921e-01 7.3001217281e+01
1.5066370815e+00 2.7828310667e-01 7.7155757380e+01
1.4925325608e+00 2.7473140935e-01 7.8830648187e+01
1.4721409938e+00 2.7527350724e-01 7.6356348960e+01
1.5413684544e+00 2.8634743248e-01 7.4281723271e+01
1.5364461551e+00 2.7711892122e-01 8.1698117953e+01
1.5053965342e+00 2.7635028243e-01 7.8705384629e+01
1.4661429885e+00 2.7947072404e-01 7.3044038180e+01
1.4810701769e+00 2.7671086076e-01 7.6061155025e+01
1.5115994915e+00 2.7649594982e-01 7.9247806762e+01
1.5153179520e+00 2.7913363657e-01 7.7281743419e+01
1.4699642160e+00 2.7700002989e-01 7.4918925507e+01
1.5098306783e+00 2.8734727392e-01 7.1539280443e+01
1.5077406547e+00 2.8398595017e-01 7.3300759781e+01
1.4941168028e+00 2.8808323735e-01 7.0195421835e+01
1.5030488942e+00 2.9958592277e-01 6.5731862930e+01
1.4916281688e+00 2.7428005567e-01 7.9164421908e+01
1.5104593687e+00 2.8353796005e-01 7.3770525678e+01
1.5115667253e+00 2.8015987961e-01 7.6145534310e+01
1.5211015751e+00 2.8016850870e-01 7.6987677568e+01
1.5047991138e+00 2.7876082747e-01 7.6609078524e+01
1.4768203545e+00 2.8096068308e-01 7.2915546096e+01
1.4629522392e+00 2.9076989359e-01 6.7250407519e+01
1.4997441973e+00 2.8200261938e-01 7.3941070253e+01
1.4983221019e+00 2.7617836632e-01 7.8120086953e+01
1.4997124373e+00 2.7976883811e-01 7.5427311870e+01
1.4648895850e+00 2.8117426665e-01 7.1970508727e+01
1.4917420643e+00 2.7416616022e-01 7.9289490537e+01
1.4617090909e+00 2.9291475039e-01 6.6314557885e+01
1.4829766514e+00 2.7345107039e-01 7.8997582302e+01
1.4658366708e+00 2.7572753104e-01 7.5469623924e+01
1.5462911497e+00 2.8051067571e-01 7.9206117227e+01
1.5233353562e+00 2.8339572677e-01 7.4834077304e+01
1.4984616216e+00 2.7241936548e-01 8.2194472172e+01
1.4704908804e+00 2.7737391448e-01 7.4706741043e+01
1.4988796113e+00 2.8286720532e-01 7.3343513034e+01
1.5098041861e+00 2.7829125522e-01 7.7449627715e+01
1.5277627257e+00 2.7896835724e-01 7.8663617982e+01
1.5182646254e+00 2.7573270332e-01 8.0869445111e+01
1.4964740984e+00 2.8527271827e-01 7.1798145674e+01
1.4828021866e+00 2.8355791458e-01 7.1841252357e+01
1.4698108356e+00 2.9519375114e-01 6.5821680574e+01
1.4732958251e+00 2.7276802656e-01 7.8580066351e+01
1.4954933131e+00 2.7719710659e-01 7.6987677568e+01
1.5183926071e+00 2.8333234951e-01 7.4494341492e+01
1.4649521930e+00 2.7616225673e-01 7.5088520605e+01
1.4718455533e+00 2.7061826882e-01 8.0620475268e+01
1.4810727801e+00 2.7490391368e-01 7.7491581624e+01
1.4904390787e+00 2.7321034054e-01 8.0121993975e+01
1.4720517279e+00 2.7086196246e-01 8.0371326592e+01
1.4434757966e+00 2.7654404202e-01 7.3172442467e+01
1.4793895185e+00 2.8200205931e-01 7.2486594398e+01
1.4816620113e+00 2.7251095647e-01 7.9789255467e+01
1.4815282564e+00 2.7399744792e-01 7.8329262945e+01
1.5467633993e+00 2.9559818043e-01 6.9628520827e+01
1.5061460517e+00 2.7424132496e-01 8.0993864557e+01
1.4875754234e+00 2.7517074353e-01 7.7910750187e+01
1.4988833593e+00 2.7697504936e-01 7.7491581624e+01
1.4466441090e+00 2.6979370146e-01 7.8454692681e+01
1.5334441941e+00 2.7601945409e-01 8.2731526072e+01
1.5412421719e+00 2.8510267992e-01 7.5088520605e+01
1.5344886180e+00 2.8044428876e-01 7.8036371717e+01
1.4776108093e+00 2.8332931599e-01 7.1625611953e+01
1.4922889163e+00 2.7768758546e-01 7.6314201186e+01
1.4813098201e+00 2.6925754986e-01 8.4092049576e+01
1.5184073914e+00 2.8741314242e-01 7.2056626897e+01
1.5219997029e+00 2.7790599237e-01 7.9039301002e+01
1.4866038770e+00 2.8472941047e-01 7.1452905485e+01
1.5174334722e+00 2.8520134475e-01 7.3257996956e+01
1.4971961963e+00 2.7368479075e-01 8.0454396336e+01
1.4924205011e+00 2.7710381579e-01 7.6777417260e+01
1.5550335077e+00 2.8091578739e-01 7.9789255467e+01
1.5102261084e+00 2.7560110296e-01 7.9997257084e+01
1.5106557162e+00 2.7880112376e-01 7.7113748025e+01
1.4841857549e+00 2.8714753260e-01 7.0064779975e+01
1.5450539639e+00 2.8677708510e-01 7.4281723271e+01
1.4921555003e+00 2.9775521590e-01 6.5911435049e+01
1.4761137327e+00 2.8572933627e-01 7.0282456804e+01
1.5103360877e+00 2.8366124099e-01 7.3685198049e+01
1.5185373951e+00 2.8091358059e-01 7.6187712450e+01
1.5013045701e+00 2.8044224656e-01 7.5088520605e+01
1.5175276168e+00 2.7692397177e-01 7.9497823876e+01
1.4849661402e+00 2.8636714726e-01 7.0499837642e+01
1.4863718967e+00 2.7547117225e-01 7.7533528720e+01
1.5100087144e+00 2.9308109012e-01 6.8752255227e+01
1.4935056725e+00 2.7375829769e-01 7.9914072577e+01
1.4525285129e+00 2.8184430420e-01 7.0803681768e+01
1.5032476640e+00 2.8303311662e-01 7.3557136760e+01
1.5042038172e+00 2.7573048961e-01 7.9164421908e+01
1.4873139018e+00 2.7543226516e-01 7.7659329379e+01
1.4989964606e+00 2.7278916580e-01 8.1780886213e+01
1.5060969493e+00 2.7474353558e-01 8.0412864007e+01
1.4952696152e+00 2.7606367225e-01 7.7910750187e+01
1.5021351799e+00 2.8142476139e-01 7.4494341492e+01
1.5060868745e+00 2.7203553750e-01 8.4174390402e+01
1.4854457655e+00 2.7459157039e-01 7.8203776466e+01
1.5114252265e+00 2.8666182014e-01 7.2013573065e+01
1.5030893992e+00 2.8273781212e-01 7.3727866500e+01
1.5090174782e+00 2.8316319475e-01 7.3898447871e+01
1.4712238012e+00 2.7484005041e-01 7.6609078524e+01
1.5159285151e+00 2.8898162258e-01 7.1063673457e+01
1.5005192903e+00 2.7624460431e-01 7.8287440457e+01
1.4986087511e+00 2.7136775062e-01 8.3844952912e+01
1.5205747639e+00 2.8115019264e-01 7.6187712450e+01
1.5330919459e+00 2.8092903567e-01 7.7491581624e+01
1.5306113900e+00 2.8295368630e-01 7.5723327176e+01
1.5079542809e+00 2.8922367130e-01 7.0456384946e+01
1.5056204430e+00 2.7975323756e-01 7.5934528179e+01
1.4556484978e+00 2.6885237501e-01 8.0495923602e+01
1.4917478451e+00 2.9498654307e-01 6.6983688174e+01
1.5244986672e+00 2.8177712204e-01 7.6061155025e+01
1.4779186330e+00 2.7219821110e-01 7.9664389360e+01
1.4988212940e+00 2.7477407304e-01 7.9497823876e+01
1.4854137931e+00 2.8004259321e-01 7.4111468825e+01
1.4801226059e+00 2.7269797292e-01 7.9414507550e+01
1.5504759157e+00 2.8318508434e-01 7.7281743419e+01
1.5181022584e+00 2.7589507031e-01 8.0661982523e+01
1.5311135381e+00 2.8153984228e-01 7.6819483732e+01
1.5363313532e+00 2.8225078144e-01 7.6735343529e+01
1.4782464022e+00 2.8179093370e-01 7.2529534762e+01
1.4938727329e+00 3.1513539217e-01 6.0306948064e+01
1.5317739948e+00 2.8087938555e-01 7.7407666966e+01
1.4917196025e+00 2.7238150065e-01 8.1242575657e+01
1.5034296840e+00 2.7559859848e-01 7.9206117227e+01
1.5039622083e+00 2.8277217988e-01 7.3770525678e+01
1.4633853337e+00 2.7188586397e-01 7.8329262945e+01
1.5097988665e+00 2.7784285209e-01 7.7826969754e+01
1.5206974217e+00 2.7784422970e-01 7.8955857695e+01
1.5101607867e+00 2.7611999390e-01 7.9456168532e+01
1.4887424307e+00 2.7806958568e-01 7.5723327176e+01
1.4773818108e+00 2.8536435613e-01 7.0543278672e+01
1.4934796911e+00 2.7333232535e-01 8.0371326592e+01
1.5255672049e+00 2.8207458011e-01 7.5934528179e+01
1.4851673046e+00 2.7396739619e-01 7.8747145195e+01
1.4933032834e+00 2.7486470988e-01 7.8788899706e+01
1.4556396659e+00 2.6572407491e-01 8.5325973885e+01
1.5178140750e+00 2.8846171423e-01 7.1452905485e+01
1.5400741500e+00 2.8033351467e-01 7.8705384629e+01
1.5055466179e+00 2.8481801293e-01 7.2658295222e+01
1.5168926384e+00 2.7846758469e-01 7.7994504389e+01
1.5187043525e+00 2.7574723605e-01 8.0910923055e+01
1.4840936326e+00 2.8226646863e-01 7.2658295222e+01
1.5352293549e+00 2.7924757014e-01 7.9206117227e+01
1.4921089251e+00 2.8103394907e-01 7.3983683510e+01
1.4840765404e+00 2.7415567965e-01 7.8454692681e+01
1.4916887669e+00 2.7331581987e-01 8.0163562403e+01
1.5209861525e+00 2.8255867795e-01 7.5215629171e+01
1.5025756036e+00 2.7781177304e-01 7.7155757380e+01
1.5040455603e+00 2.8132812028e-01 7.4706741043e+01
1.5012056134e+00 2.9142916598e-01 6.9015671758e+01
1.4831341050e+00 2.7645189404e-01 7.6440621960e+01
1.4781307979e+00 2.7378838144e-01 7.8161934912e+01
1.5074551462e+00 2.7610479514e-01 7.9164421908e+01
1.5403259382e+00 2.8282116598e-01 7.6651174188e+01
1.5055480147e+00 2.7438629207e-01 8.0744982225e+01
1.5100683954e+00 2.8483749125e-01 7.2958386597e+01
1.5191059032e+00 2.7761755930e-01 7.8997582302e+01
1.5046115743e+00 2.8257645985e-01 7.3941070253e+01
1.5006404943e+00 2.7702904012e-01 7.7617402571e+01
1.5374657663e+00 2.7883531454e-01 7.9872472277e+01
1.4951038727e+00 2.9389912936e-01 6.7605226508e+01
1.4745092386e+00 2.8011460270e-01 7.3257996956e+01
1.4942516711e+00 2.7889120301e-01 7.5596511614e+01
1.5177937696e+00 2.7983871071e-01 7.6945639864e+01
1.5244866907e+00 3.0048746914e-01 6.6403971187e+01
1.5191451252e+00 2.7757833730e-01 7.9039301002e+01
1.4698270769e+00 2.7218691578e-01 7.8747145195e+01
1.5095396341e+00 2.8536625256e-01 7.2615385143e+01
1.5310867809e+00 2.8019934209e-01 7.7910750187e+01
1.4943896829e+00 2.7242233355e-01 8.1573932786e+01
1.4968014243e+00 2.8132098773e-01 7.4154045875e+01
1.4890702589e+00 2.9131711769e-01 6.8400297950e+01
1.4748421814e+00 2.7122167024e-01 8.0329784068e+01
1.4886922409e+00 2.8083207594e-01 7.3855816334e+01
1.4922880320e+00 2.8085484212e-01 7.4111468825e+01
1.4930097466e+00 2.7561031598e-01 7.8078232563e+01
1.4804808347e+00 2.8723512775e-01 6.9803170919e+01
1.5314323180e+00 2.7985380504e-01 7.8245611639e+01
1.4780138391e+00 2.8337773872e-01 7.1625611953e+01
1.5364250155e+00 2.8033219980e-01 7.8329262945e+01
1.5385978696e+00 2.7998426503e-01 7.8872390662e+01
1.5315482742e+00 2.7882653495e-01 7.9206117227e+01
1.4554424367e+00 2.7444080454e-01 7.5511927880e+01
1.4826856825e+00 3.0450235167e-01 6.3098015672e+01
1.5282388610e+00 2.8897452686e-01 7.1841252357e+01
1.4948289508e+00 2.7650433671e-01 7.7491581624e+01
1.4891779538e+00 2.8577512275e-01 7.1063673457e+01
1.4784467282e+00 2.9333889824e-01 6.6983688174e+01
1.5199732835e+00 2.7993241177e-01 7.7071731622e+01
1.5108068654e+00 2.7456681509e-01 8.1242575657e+01
1.4880399053e+00 2.7244880600e-01 8.0661982523e+01
1.4614116293e+00 2.8060236331e-01 7.2056626897e+01
1.5116165029e+00 2.7738649914e-01 7.8412889032e+01
1.5090408060e+00 2.7542592811e-01 8.0038841340e+01
1.5127837388e+00 2.8666723684e-01 7.2099670255e+01
1.5187581337e+00 2.7523919499e-01 8.1532528898e+01
1.4994740620e+00 2.7819547239e-01 7.6566975496e+01
1.4958191065e+00 2.7913397006e-01 7.5554223768e+01
1.5053014823e+00 2.7417979318e-01 8.0952396196e+01
1.4445182516e+00 2.6789275365e-01 8.0121993975e+01
1.5205694717e+00 2.8161039592e-01 7.5850071354e+01
1.4893947392e+00 2.7289985945e-01 8.0329784068e+01
1.4821549545e+00 2.7111638203e-01 8.1449707735e+01
1.4992141455e+00 2.7800254981e-01 7.6693262514e+01
1.4581905269e+00 2.6855231999e-01 8.1201135484e+01
1.5277116308e+00 2.8175201740e-01 7.6356348960e+01
1.5140978140e+00 2.7853696544e-01 7.7659329379e+01
1.5355288710e+00 2.9081598088e-01 7.1323261011e+01
1.4930728515e+00 2.7645146541e-01 7.7365699350e+01
1.4906097107e+00 2.7303970855e-01 8.0329784068e+01
1.5314954989e+00 2.8024633834e-01 7.7910750187e+01
1.4842609624e+00 2.7984014078e-01 7.4154045875e+01
1.5119636385e+00 2.7794707764e-01 7.7952630554e+01
1.5249394197e+00 2.7906047490e-01 7.8287440457e+01
1.5225602474e+00 2.8007456950e-01 7.7197759713e+01
1.4599808871e+00 2.7214665727e-01 7.7743162886e+01
1.4847475637e+00 2.7348465641e-01 7.9164421908e+01
1.5278223761e+00 2.8391946115e-01 7.4834077304e+01
1.5217531924e+00 2.7724310197e-01 7.9664389360e+01
1.4919696337e+00 2.8298344285e-01 7.2786965387e+01
1.5264892587e+00 2.7842087892e-01 7.9039301002e+01
1.4947085544e+00 2.7979191383e-01 7.5003739865e+01
1.4867723872e+00 2.7778043845e-01 7.5765583130e+01
1.4787687805e+00 2.8307428849e-01 7.1841252357e+01
1.4756292061e+00 2.7268592135e-01 7.8914127157e+01
1.4948086410e+00 2.7290732147e-01 8.1035328162e+01
1.5111065749e+00 2.8152820447e-01 7.5130898438e+01
1.5306734091e+00 2.8243580017e-01 7.6103348511e+01
1.4994591849e+00 2.8183444666e-01 7.4026287672e+01
1.4780307279e+00 2.7569140493e-01 7.6566975496e+01
1.5080606576e+00 2.8820835338e-01 7.0977054822e+01
1.4738804805e+00 2.7488501814e-01 7.6819483732e+01
1.5105143326e+00 2.7667370161e-01 7.8955857695e+01
1.4885733493e+00 2.7236677592e-01 8.0827962340e+01
1.5085001554e+00 2.9231509397e-01 6.9015671758e+01
1.4979588390e+00 2.7608905941e-01 7.8161934912e+01
1.4868947735e+00 2.7494829545e-01 7.8036371717e+01
1.4922627100e+00 2.8631261805e-01 7.0977054822e+01
1.4821756157e+00 2.7064496311e-01 8.2070440348e+01
1.5177506686e+00 2.7851834239e-01 7.8036371717e+01
1.5118539624e+00 2.7578775615e-01 7.9997257084e+01
1.5019898568e+00 2.7477403778e-01 7.9872472277e+01
1.4800449524e+00 2.6827017505e-01 8.5942086254e+01
1.5175228919e+00 2.7783733122e-01 7.8621845231e+01
1.5166671722e+00 2.7778441636e-01 7.8580066351e+01
1.5033321809e+00 2.7207354252e-01 8.3556527821e+01
1.4916332905e+00 2.8422511816e-01 7.2056626897e+01
1.5158848329e+00 2.8356614277e-01 7.4154045875e+01
1.5293856372e+00 2.8372357209e-01 7.5088520605e+01
1.5254317365e+00 2.7902326046e-01 7.8371079129e+01
1.5055543381e+00 2.8027287322e-01 7.5554223768e+01
1.4986254387e+00 2.8312137790e-01 7.3172442467e+01
1.4622666024e+00 2.9100473413e-01 6.7117113352e+01
1.5216349783e+00 2.8282001868e-01 7.5088520605e+01
1.5211158891e+00 2.7560757339e-01 8.1408290413e+01
1.4966811826e+00 2.7465210493e-01 7.9372840907e+01
1.4758077479e+00 2.8287569322e-01 7.1755028325e+01
1.5244708122e+00 2.7588964097e-01 8.1532528898e+01
1.4858648543e+00 2.7688131268e-01 7.6356348960e+01
1.5009883208e+00 2.7351214748e-01 8.1159690671e+01
1.5003931195e+00 2.7637077508e-01 7.8161934912e+01
1.4911798205e+00 2.7337300518e-01 8.0038841340e+01
1.5081324187e+00 2.7814836186e-01 7.7407666966e+01
1.5348955586e+00 2.7684627866e-01 8.1822263856e+01
1.4969676611e+00 2.8160766688e-01 7.3983683510e+01
1.5064478118e+00 2.7620549037e-01 7.8955857695e+01
1.4786984217e+00 2.7637633180e-01 7.6103348511e+01
1.5147102313e+00 2.8110436665e-01 7.5723327176e+01
1.5154334836e+00 2.7447723261e-01 8.2029088124e+01
1.5004976993e+00 2.7898357610e-01 7.6061155025e+01
1.4701236448e+00 2.7594020681e-01 7.5681063290e+01
1.4948230116e+00 2.7696261476e-01 7.7113748025e+01
1.5169695469e+00 2.7702778182e-01 7.9331168577e+01
1.5005274030e+00 2.7804792506e-01 7.6777417260e+01
1.5392841858e+00 2.7975427409e-01 7.9164421908e+01
1.5072880382e+00 2.8262267797e-01 7.4111468825e+01
1.4948737789e+00 2.7645950857e-01 7.7533528720e+01
1.5252111865e+00 2.8197522841e-01 7.5976744886e+01
1.4844321221e+00 2.7154457172e-01 8.1242575657e+01
1.5080498748e+00 2.7551006645e-01 7.9830866582e+01
1.5258206162e+00 2.7954470039e-01 7.7952630554e+01
1.4802627836e+00 2.8203181508e-01 7.2529534762e+01
1.4626204504e+00 2.7309999571e-01 7.7197759713e+01
1.5088219005e+00 2.7972730196e-01 7.6229882959e+01
1.4867525571e+00 2.8684280995e-01 7.0369444415e+01
1.5164049439e+00 2.8805005311e-01 7.1582451612e+01
1.4806157207e+00 2.7671417306e-01 7.6018953826e+01
1.4835417143e+00 2.7514172681e-01 7.7533528720e+01
1.5230793009e+00 2.8274123291e-01 7.5257982128e+01
1.4996268995e+00 2.8302640268e-01 7.3300759781e+01
1.4876085649e+00 2.7197743415e-01 8.1159690671e+01
1.5047434825e+00 2.7609700236e-01 7.8872390662e+01
1.4941737728e+00 2.8168463585e-01 7.3727866500e+01
1.5009605230e+00 2.8214607950e-01 7.3941070253e+01
1.5038926129e+00 2.7966732836e-01 7.5850071354e+01
1.4792834842e+00 2.7173445028e-01 8.0329784068e+01
1.5037391549e+00 2.8072757921e-01 7.5088520605e+01
1.5373709469e+00 2.7801797966e-01 8.0744982225e+01
1.4743943287e+00 2.7076928334e-01 8.0786474719e+01
1.4843019312e+00 2.7708964665e-01 7.6061155025e+01
1.4778870238e+00 2.7448283593e-01 7.7533528720e+01
1.4780043185e+00 2.7391486080e-01 7.8036371717e+01
1.4917732796e+00 2.8046472424e-01 7.4324264582e+01
1.4839912273e+00 2.7649748395e-01 7.6482747241e+01
1.5264366724e+00 2.8166052113e-01 7.6314201186e+01
1.4994740620e+00 2.7819547239e-01 7.6566975496e+01
1.5014556707e+00 2.7349740590e-01 8.1242575657e+01
1.5084412155e+00 2.7647897259e-01 7.8914127157e+01
1.5021716031e+00 2.7912202840e-01 7.6103348511e+01
1.5134417695e+00 2.7783080563e-01 7.8203776466e+01
1.5228144059e+00 2.7891055071e-01 7.8203776466e+01
1.5160633723e+00 2.8338760333e-01 7.4281723271e+01
1.5458473833e+00 2.8141145382e-01 7.8329262945e+01
1.4915599606e+00 2.9064007953e-01 6.8840112753e+01
1.4941398860e+00 2.7583661572e-01 7.7994504389e+01
1.4937085048e+00 2.7491155785e-01 7.8788899706e+01
1.5209586078e+00 2.7667387244e-01 8.0163562403e+01
1.5259506701e+00 2.7941464649e-01 7.8078232563e+01
1.4930458221e+00 2.8054954492e-01 7.4366797030e+01
1.5052633448e+00 2.8147104338e-01 7.4706741043e+01
1.4696736133e+00 3.2205299160e-01 5.7630186677e+01
1.5112201140e+00 2.7415356654e-01 8.1822263856e+01
1.4547929805e+00 2.6836317406e-01 8.0952396196e+01
1.4951447412e+00 2.7121536001e-01 8.3432867286e+01
1.5068568755e+00 2.7353050109e-01 8.1987731721e+01
1.4821912212e+00 2.9593119079e-01 6.6135547182e+01
1.4795486998e+00 2.7327187900e-01 7.8788899706e+01
1.4740273412e+00 2.8736423667e-01 6.9366173885e+01
1.4826575786e+00 2.7422120985e-01 7.8245611639e+01
1.4482321087e+00 2.8748833742e-01 6.7870746947e+01
1.5115891162e+00 2.8286247236e-01 7.4281723271e+01
1.5187992905e+00 2.7883318976e-01 7.7868863262e+01
1.5347111769e+00 2.7657494610e-01 8.2153132349e+01
1.4893336977e+00 2.8426166932e-01 7.1884348405e+01
1.5171055306e+00 2.7552924882e-01 8.0952396196e+01
1.4991279227e+00 2.7854161174e-01 7.6272045862e+01
1.4866163105e+00 2.7387240073e-01 7.8997582302e+01
1.4745216949e+00 2.9003113080e-01 6.8179890150e+01
1.5159084476e+00 2.7899743911e-01 7.7449627715e+01
1.5035776094e+00 2.7363908590e-01 8.1366868568e+01
1.4998903535e+00 2.7234765032e-01 8.2525045476e+01
1.4999687475e+00 2.8313785505e-01 7.3257996956e+01
1.5051722394e+00 2.7295017255e-01 8.2525045476e+01
1.5119591666e+00 2.7568255199e-01 8.0121993975e+01
1.5016678815e+00 2.8098542061e-01 7.4749195028e+01
1.5283196051e+00 2.8251084186e-01 7.5850071354e+01
1.5028964631e+00 2.7749091347e-01 7.7449627715e+01
1.5045592972e+00 2.7809400491e-01 7.7113748025e+01
1.5004816777e+00 2.7492404570e-01 7.9539473606e+01
1.5106912403e+00 2.8557777071e-01 7.2572465000e+01
1.4862825583e+00 2.8731280875e-01 7.0108339229e+01
1.5036483639e+00 2.7266276851e-01 8.2690237632e+01
1.4834077398e+00 2.7166701372e-01 8.0952396196e+01
1.4965445733e+00 2.8520224331e-01 7.1841252357e+01
1.5319891484e+00 2.8613669919e-01 7.3727866500e+01
1.4726360815e+00 2.6982774066e-01 8.1698117953e+01
1.4898966165e+00 2.7510797021e-01 7.8203776466e+01
1.5262289281e+00 2.8141285693e-01 7.6482747241e+01
1.5177312482e+00 2.7626608054e-01 8.0205125602e+01
1.5224084795e+00 2.8796632969e-01 7.2013573065e+01
1.4859169814e+00 2.7276645977e-01 8.0038841340e+01
1.5145647501e+00 2.8079547299e-01 7.5934528179e+01
1.5195420549e+00 2.8036364037e-01 7.6693262514e+01
1.5164391269e+00 2.7619565248e-01 8.0121993975e+01
1.4977262549e+00 2.8039615710e-01 7.4834077304e+01
1.4950223513e+00 2.7857301576e-01 7.5892303678e+01
1.5227148820e+00 2.7719081321e-01 7.9830866582e+01
1.5058255958e+00 2.7954808477e-01 7.6103348511e+01
1.5200989275e+00 2.7526129560e-01 8.1698117953e+01
1.4964491746e+00 2.7397955059e-01 8.0038841340e+01
1.5266550552e+00 2.8371975395e-01 7.4876505650e+01
1.4782827941e+00 2.8446337281e-01 7.1063673457e+01
1.4931825877e+00 2.7724613745e-01 7.6735343529e+01
1.5183800291e+00 2.7698019403e-01 7.9539473606e+01
1.5260527134e+00 2.8523340965e-01 7.3855816334e+01
1.4964441872e+00 2.7715117979e-01 7.7113748025e+01
1.5151362148e+00 2.8295083189e-01 7.4494341492e+01
1.5068675154e+00 2.7805267275e-01 7.7365699350e+01
1.5041776789e+00 2.7620969776e-01 7.8705384629e+01
1.4631385574e+00 2.7123425977e-01 7.8914127157e+01
1.5528452118e+00 2.8356185639e-01 7.7197759713e+01
1.5300113829e+00 2.7763040212e-01 8.0246683597e+01
1.5218540871e+00 2.7350613601e-01 8.4791573899e+01
1.4869500610e+00 2.7173338013e-01 8.1366868568e+01
1.5492797004e+00 2.8072200678e-01 7.9331168577e+01
1.5111774196e+00 2.7510336094e-01 8.0661982523e+01
1.5047341693e+00 2.8109304210e-01 7.4918925507e+01
1.4963437550e+00 2.9447482883e-01 6.7427931188e+01
1.4589862947e+00 2.8617731739e-01 6.9059529216e+01
1.5205884415e+00 2.8705334354e-01 7.2400683165e+01
1.5142707840e+00 2.7927232327e-01 7.7071731622e+01
1.5123216829e+00 2.8076724125e-01 7.5765583130e+01
1.5107169239e+00 2.8282618340e-01 7.4239173069e+01
1.4668484263e+00 2.6932130704e-01 8.1491120555e+01
1.4688691750e+00 2.7494436796e-01 7.6314201186e+01
1.4842040642e+00 2.7899370962e-01 7.4706741043e+01
1.4926470643e+00 2.7552092894e-01 7.8120086953e+01
1.4864594202e+00 2.7267528056e-01 8.0205125602e+01
1.5100279941e+00 2.7852120841e-01 7.7281743419e+01
1.5076072617e+00 2.7549934079e-01 7.9789255467e+01
1.5080682787e+00 2.7730540184e-01 7.8120086953e+01
1.5115185932e+00 2.7521579502e-01 8.0578963045e+01
1.5229559185e+00 2.8787452843e-01 7.2099670255e+01
1.4787936987e+00 2.8395246828e-01 7.1366486818e+01
1.5255541547e+00 2.7844573989e-01 7.8914127157e+01
1.5161410153e+00 2.8103693693e-01 7.5892303678e+01
1.5219132138e+00 2.7890203549e-01 7.8120086953e+01
1.5168136531e+00 2.7900094482e-01 7.7533528720e+01
1.4991279227e+00 2.7854161174e-01 7.6272045862e+01
1.5185997667e+00 2.7721483118e-01 7.9331168577e+01
1.5145394957e+00 2.8536619960e-01 7.2958386597e+01
1.4994691305e+00 2.8091824614e-01 7.4621807233e+01
1.4833192510e+00 2.8123357471e-01 7.3215224529e+01
1.5166774171e+00 2.7913718078e-01 7.7407666966e+01
1.5063332965e+00 2.7496033509e-01 8.0205125602e+01
1.4259291369e+00 2.7843772221e-01 7.0890391015e+01
1.5241880856e+00 2.7935674477e-01 7.7952630554e+01
1.4864992610e+00 2.7398945031e-01 7.8872390662e+01
1.4883851927e+00 2.8430522706e-01 7.1798145674e+01
1.5278635901e+00 2.7750172645e-01 8.0121993975e+01
1.5186351603e+00 2.7445376384e-01 8.2566349319e+01
1.5069631390e+00 2.8476346586e-01 7.2786965387e+01
1.4765347253e+00 2.7493381221e-01 7.7029708145e+01
1.4832640141e+00 2.7361477439e-01 7.8872390662e+01
1.5253145964e+00 2.8187181851e-01 7.6061155025e+01
1.5256832889e+00 2.8059250028e-01 7.7071731622e+01
1.5426181940e+00 2.8281282499e-01 7.6861542972e+01
1.4868579679e+00 2.7227673292e-01 8.0703484835e+01
1.5171723383e+00 2.9912874259e-01 6.6582615408e+01
1.5003757623e+00 2.7412470590e-01 8.0371326592e+01
1.5184312152e+00 2.8238403410e-01 7.5130898438e+01
1.5046490883e+00 2.8616949550e-01 7.1841252357e+01
1.5281502882e+00 2.7493951631e-01 8.3474090850e+01
1.4602053117e+00 2.6967792958e-01 8.0163562403e+01
1.4643013247e+00 2.7231773454e-01 7.8036371717e+01
1.5428537984e+00 2.7801034411e-01 8.1491120555e+01
1.5174601788e+00 2.8290027439e-01 7.4706741043e+01
1.5124057833e+00 2.7932082163e-01 7.6861542972e+01
1.5180466190e+00 2.7549648831e-01 8.1118241196e+01
1.4828987804e+00 2.8436518979e-01 7.1409701632e+01
1.5471110731e+00 2.9112746803e-01 7.1884348405e+01
1.5142773081e+00 2.8426434324e-01 7.3599833208e+01
1.4865276823e+00 2.8752021612e-01 7.0021208706e+01
1.5212644813e+00 2.7545898120e-01 8.1615332242e+01
1.5326531996e+00 2.8410401563e-01 7.5088520605e+01
1.5338059589e+00 2.8158296773e-01 7.7029708145e+01
1.4985642436e+00 2.7729416508e-01 7.7197759713e+01
1.4849504461e+00 2.8005414068e-01 7.4068882767e+01
1.5628460158e+00 2.8364168039e-01 7.8078232563e+01
1.5025019855e+00 2.7562042644e-01 7.9081013820e+01
1.5115499915e+00 2.8699165987e-01 7.1841252357e+01
1.5026631946e+00 2.8815538920e-01 7.0673532104e+01
1.4964210352e+00 2.8623226692e-01 7.1280024178e+01
1.5072968925e+00 2.7989114171e-01 7.5976744886e+01
1.5000048663e+00 2.8491532183e-01 7.2228737805e+01
1.4915825086e+00 2.7658548471e-01 7.7113748025e+01
1.5129216585e+00 2.7880494640e-01 7.7323724844e+01
1.5075007425e+00 2.8467993046e-01 7.2872695748e+01
1.4833499977e+00 2.7262669605e-01 7.9872472277e+01
1.4981864543e+00 2.8628027982e-01 7.1366486818e+01
1.4857775892e+00 2.8329458132e-01 7.2185725677e+01
1.5008057004e+00 3.1184767996e-01 6.1525431140e+01
1.4807458215e+00 2.7432893202e-01 7.7952630554e+01
1.5451926838e+00 2.8343741697e-01 7.6609078524e+01
1.4617090909e+00 2.9291475039e-01 6.6314557885e+01
1.4866991744e+00 2.8192088821e-01 7.3044038180e+01
1.5185465386e+00 2.7635934807e-01 8.0205125602e+01
1.5053222816e+00 2.7370600088e-01 8.1532528898e+01
1.5014240312e+00 2.8440318016e-01 7.2615385143e+01
1.4976427779e+00 2.7550009624e-01 7.8663617982e+01
1.5045125592e+00 2.7814074297e-01 7.7071731622e+01
1.5048513325e+00 2.9187212997e-01 6.9015671758e+01
1.5266983648e+00 2.7912216897e-01 7.8412889032e+01
1.4877438547e+00 2.7003718292e-01 8.4009696503e+01
1.4844028744e+00 2.7698870345e-01 7.6145534310e+01
1.4871113026e+00 2.7202339817e-01 8.1035328162e+01
1.5040648169e+00 2.7451051108e-01 8.0412864007e+01
1.5525084236e+00 2.8573011757e-01 7.5554223768e+01
1.4631819627e+00 2.7029262895e-01 7.9872472277e+01
1.5072466696e+00 2.7948771857e-01 7.6272045862e+01
1.5243691971e+00 2.7826561981e-01 7.8955857695e+01
1.4944457833e+00 2.7733984311e-01 7.6777417260e+01
1.4928254805e+00 2.7715102126e-01 7.6777417260e+01
1.4865243795e+00 2.7712503967e-01 7.6229882959e+01
1.5068390276e+00 2.7989536057e-01 7.5934528179e+01
1.5119692773e+00 2.7884930653e-01 7.7197759713e+01
1.4929254972e+00 2.8564983086e-01 7.1366486818e+01
1.4872138442e+00 2.7508075448e-01 7.7952630554e+01
1.5261764369e+00 2.8921248972e-01 7.1582451612e+01
1.4695073815e+00 2.7340630885e-01 7.7617402571e+01
1.5017021054e+00 3.0821710418e-01 6.2683931032e+01
1.5398554801e+00 2.8420507558e-01 7.5596511614e+01
1.4888713215e+00 2.7342327720e-01 7.9706016880e+01
1.5147668102e+00 2.8013907646e-01 7.6440621960e+01
1.5031195443e+00 2.8134718978e-01 7.4621807233e+01
1.5195520595e+00 2.7853498720e-01 7.8203776466e+01
1.5332364302e+00 2.7622721799e-01 8.2401110412e+01
1.4921204476e+00 2.8011755623e-01 7.4579327351e+01
1.5298399992e+00 2.7962364902e-01 7.8287440457e+01
1.5310303825e+00 2.8253469382e-01 7.6061155025e+01
1.5042057484e+00 2.8252863981e-01 7.3941070253e+01
1.5262753411e+00 2.8546649611e-01 7.3727866500e+01
1.4861457545e+00 2.7298894630e-01 7.9830866582e+01
1.5106912403e+00 2.8557777071e-01 7.2572465000e+01
1.5285968733e+00 2.8041125175e-01 7.7491581624e+01
1.5075556463e+00 2.9553415821e-01 6.7560923945e+01
1.5021648146e+00 2.7958200204e-01 7.5765583130e+01
1.4898541866e+00 2.7424691659e-01 7.8997582302e+01
1.5416766965e+00 2.8238385923e-01 7.7113748025e+01
1.5487181916e+00 2.7945478316e-01 8.0578963045e+01
1.5187535540e+00 2.8479127639e-01 7.3599833208e+01
1.5055751953e+00 2.7571843626e-01 7.9331168577e+01
1.4530920158e+00 2.7096057869e-01 7.8078232563e+01
1.4934025150e+00 2.8562576747e-01 7.1409701632e+01
1.5150896089e+00 2.8572564046e-01 7.2786965387e+01
1.4781792499e+00 2.8230946142e-01 7.2228737805e+01
1.5125274151e+00 2.7647558687e-01 7.9372840907e+01
1.5188984796e+00 2.7691611830e-01 7.9664389360e+01
1.5269323051e+00 2.8617690418e-01 7.3343513034e+01
1.4659410535e+00 2.7427400826e-01 7.6566975496e+01
1.5106846846e+00 2.8785696680e-01 7.1323261011e+01
1.4975940481e+00 2.8596589318e-01 7.1496098411e+01
1.4848829661e+00 2.9913035241e-01 6.5056180956e+01
1.5216681277e+00 2.8642906582e-01 7.2829835522e+01
1.5013057022e+00 2.7862860461e-01 7.6398489209e+01
1.5044981809e+00 2.7498309452e-01 7.9955667504e+01
1.5017942413e+00 2.7995257530e-01 7.5469623924e+01
1.4872506881e+00 2.7368943712e-01 7.9247806762e+01
1.4745622342e+00 2.7375289319e-01 7.7826969754e+01
1.5236401105e+00 2.9357327735e-01 6.9278624601e+01
1.4989275659e+00 2.7331043794e-01 8.1118241196e+01
1.4998065165e+00 2.8647426412e-01 7.1366486818e+01
1.5109333609e+00 2.7580102731e-01 7.9872472277e+01
1.5378628279e+00 2.8117563202e-01 7.7743162886e+01
1.4946042424e+00 2.8351816961e-01 7.2658295222e+01
1.4661639798e+00 2.8125052129e-01 7.2013573065e+01
1.5332197588e+00 2.7715505035e-01 8.1201135484e+01
1.5094476027e+00 2.7547258545e-01 8.0038841340e+01
1.4780369053e+00 3.0280357956e-01 6.3464819655e+01
1.5217908533e+00 2.9177422307e-01 7.0021208706e+01
1.5284272128e+00 2.8194759633e-01 7.6272045862e+01
1.5029841288e+00 2.7242159453e-01 8.2937911806e+01
1.4753586057e+00 2.8152018276e-01 7.2486594398e+01
1.4965868614e+00 2.7791360685e-01 7.6524865077e+01
1.5273942763e+00 2.7797104025e-01 7.9581117748e+01
1.4642804780e+00 2.8133323454e-01 7.1841252357e+01
1.4791716697e+00 2.9080483205e-01 6.8091632103e+01
1.4808841054e+00 2.7373973592e-01 7.8496490101e+01
1.4608406460e+00 2.8612359989e-01 6.9191024681e+01
1.4997035941e+00 2.9202301081e-01 6.8664345286e+01
1.5027689678e+00 2.7535344414e-01 7.9372840907e+01
1.4914994398e+00 2.8300102846e-01 7.2744085313e+01
1.4784826283e+00 2.7569033941e-01 7.6609078524e+01
1.5047458993e+00 2.7654773222e-01 7.8454692681e+01
1.5207159592e+00 2.8055412456e-01 7.6651174188e+01
1.5065436163e+00 2.8427496750e-01 7.3044038180e+01
1.5251342846e+00 2.7932071240e-01 7.8078232563e+01
1.4926354341e+00 2.7327279038e-01 8.0329784068e+01
1.5147550255e+00 2.8651505825e-01 7.2314731052e+01
1.4865210904e+00 2.7035769809e-01 8.3226697801e+01
1.5174463370e+00 2.7927712543e-01 7.7365699350e+01
1.5338351233e+00 2.8520333661e-01 7.4451835457e+01
1.5505635305e+00 2.8675919812e-01 7.4706741043e+01
1.5664371709e+00 2.8280297842e-01 7.9206117227e+01
1.4715178768e+00 2.7229566619e-01 7.8830648187e+01
1.5111925440e+00 2.7644917461e-01 7.9247806762e+01
1.5040305888e+00 2.9542038682e-01 6.7427931188e+01
1.5038039615e+00 2.7522432097e-01 7.9622756324e+01
1.4949445385e+00 2.8408374398e-01 7.2357712234e+01
1.5177924800e+00 2.7575062723e-01 8.0786474719e+01
1.4726237530e+00 2.7479074808e-01 7.6777417260e+01
1.5227148820e+00 2.7719081321e-01 7.9830866582e+01
1.4852767649e+00 2.8063145957e-01 7.3727866500e+01
1.5389522457e+00 2.7962988900e-01 7.9247806762e+01
1.5204850294e+00 2.7760201727e-01 7.9164421908e+01
1.5037943593e+00 2.8067237483e-01 7.5130898438e+01
1.5205507194e+00 2.7662723283e-01 8.0163562403e+01
1.4958180563e+00 2.7687236339e-01 7.7281743419e+01
1.4877167921e+00 2.7457780658e-01 7.8454692681e+01
1.5208812594e+00 2.7902443589e-01 7.7910750187e+01
1.4925826914e+00 2.8056018268e-01 7.4324264582e+01
1.4981609116e+00 2.7905578371e-01 7.5807831180e+01
1.5148776967e+00 2.8184576572e-01 7.5215629171e+01
1.5024267661e+00 2.8566867528e-01 7.1970508727e+01
1.4655277942e+00 2.7828574878e-01 7.3727866500e+01
1.5584543682e+00 2.8895066047e-01 7.3898447871e+01
1.5327601402e+00 2.8308484446e-01 7.5807831180e+01
1.4526138637e+00 2.7009412909e-01 7.8830648187e+01
1.5150114939e+00 2.8534895925e-01 7.3001217281e+01
1.5093045773e+00 2.7470874122e-01 8.0869445111e+01
1.5134867866e+00 2.8778329718e-01 7.1539280443e+01
1.4813870766e+00 2.7504064525e-01 7.7407666966e+01
1.5264522755e+00 2.8073413936e-01 7.7029708145e+01
1.4958346399e+00 2.7821325844e-01 7.6229882959e+01
1.5250140549e+00 2.7625602888e-01 8.1159690671e+01
1.4895120011e+00 2.7639622334e-01 7.7071731622e+01
1.5106485870e+00 2.7971604385e-01 7.6398489209e+01
1.4989879982e+00 2.8502532029e-01 7.2099670255e+01
1.4471311457e+00 2.7423259508e-01 7.4961336903e+01
1.4472440446e+00 2.9791956748e-01 6.3784813398e+01
1.4933793568e+00 2.8293177559e-01 7.2915546096e+01
1.4771970222e+00 2.7382091220e-01 7.8036371717e+01
1.5043026450e+00 2.7925729630e-01 7.6187712450e+01
1.4964351871e+00 2.7897053628e-01 7.5723327176e+01
1.4408546307e+00 2.8499131001e-01 6.8576382628e+01
1.5170998699e+00 2.8144178147e-01 7.5681063290e+01
1.4744004667e+00 2.7887086975e-01 7.4026287672e+01
1.5052653835e+00 2.8192265070e-01 7.4409320646e+01
1.5048599467e+00 2.8595863713e-01 7.1970508727e+01
1.5193169618e+00 2.8286290579e-01 7.4876505650e+01
1.4924099464e+00 2.8979009381e-01 6.9278624601e+01
1.4786429149e+00 2.7598092643e-01 7.6398489209e+01
1.4734938760e+00 2.6896994614e-01 8.3061698879e+01
1.4998289514e+00 2.7693494320e-01 7.7617402571e+01
1.4759729490e+00 2.7234217848e-01 7.9289490537e+01
1.5183436390e+00 2.7610794954e-01 8.0454396336e+01
1.5024040326e+00 2.7254904398e-01 8.2648945375e+01
1.5154469351e+00 2.8900806184e-01 7.1020369769e+01
1.5444329321e+00 2.8008440664e-01 7.9414507550e+01
1.5335698966e+00 2.8820731615e-01 7.2615385143e+01
1.5066872589e+00 2.7777947523e-01 7.7575469027e+01
1.4777099335e+00 2.8187606557e-01 7.2443643876e+01
1.5492600023e+00 2.8760487710e-01 7.4068882767e+01
1.4873956149e+00 2.7625380433e-01 7.6987677568e+01
1.4823400503e+00 2.9759425651e-01 6.5507040121e+01
1.4770860870e+00 2.7348128296e-01 7.8329262945e+01
1.4929309371e+00 2.8202213943e-01 7.3428990941e+01
1.5183902390e+00 2.7969680763e-01 7.7113748025e+01
1.4798224503e+00 3.0555123024e-01 6.2637826572e+01
1.4992157165e+00 2.7528475176e-01 7.9039301002e+01
1.5339961808e+00 2.7820140894e-01 8.0121993975e+01
1.4973551136e+00 2.7850329505e-01 7.6145534310e+01
1.4803194127e+00 2.8739654978e-01 6.9715870468e+01
1.4739593783e+00 2.8337051540e-01 7.1366486818e+01
1.4724491026e+00 2.7271450945e-01 7.8538281315e+01
1.4936538861e+00 2.7677483906e-01 7.7155757380e+01
1.4739088638e+00 2.9245123738e-01 6.7117113352e+01
1.5354227661e+00 2.8315936858e-01 7.5976744886e+01
1.4981124173e+00 2.7729330605e-01 7.7155757380e+01
1.5355713971e+00 2.7890552798e-01 7.9581117748e+01
1.5528246996e+00 2.8220916331e-01 7.8329262945e+01
1.4858815947e+00 2.7957479165e-01 7.4451835457e+01
1.4852343151e+00 2.7480302077e-01 7.7994504389e+01
1.5446394907e+00 2.8261934642e-01 7.7197759713e+01
1.5021746215e+00 2.7730665398e-01 7.7533528720e+01
1.5039444973e+00 2.7961544395e-01 7.5892303678e+01
1.4937968979e+00 2.8025100047e-01 7.4621807233e+01
1.5144022058e+00 2.7596242498e-01 8.0121993975e+01
1.5022737457e+00 2.8355346566e-01 7.3172442467e+01
1.5110628810e+00 2.7794012096e-01 7.7868863262e+01
1.5110081142e+00 2.7708732713e-01 7.8621845231e+01
1.4805011910e+00 2.7592653080e-01 7.6609078524e+01
1.5208618856e+00 2.8040819824e-01 7.6777417260e+01
1.5006849191e+00 2.7698461530e-01 7.7659329379e+01
1.5311375958e+00 2.7604881908e-01 8.2318467199e+01
1.5418819238e+00 2.9132153139e-01 7.1452905485e+01
1.5134167764e+00 2.7649393983e-01 7.9456168532e+01
1.4826606717e+00 2.7782803958e-01 7.5384991691e+01
1.5119981955e+00 2.8245339303e-01 7.4579327351e+01
1.5047445219e+00 2.7790878026e-01 7.7281743419e+01
1.4901149505e+00 2.7760101200e-01 7.6187712450e+01
1.5371115744e+00 2.8283965049e-01 7.6356348960e+01
1.4879800340e+00 2.7521773978e-01 7.7910750187e+01
1.5230867592e+00 2.7727369399e-01 7.9789255467e+01
1.4912380071e+00 2.7467021740e-01 7.8747145195e+01
1.5016126891e+00 2.8693651340e-01 7.1236776285e+01
1.5023227972e+00 2.9303742592e-01 6.8356243358e+01
1.4770163960e+00 2.9115159729e-01 6.7826528454e+01
1.5559534386e+00 2.8228510254e-01 7.8580066351e+01
1.5195319342e+00 2.8446796031e-01 7.3855816334e+01
1.4859281668e+00 2.7185287086e-01 8.1076787034e+01
1.4821950753e+00 2.7513481848e-01 7.7407666966e+01
1.4914345602e+00 2.7221485901e-01 8.1408290413e+01
1.5039770043e+00 2.7731662725e-01 7.7701249475e+01
1.4907706967e+00 2.7920580505e-01 7.5088520605e+01
1.5022737457e+00 2.8355346566e-01 7.3172442467e+01
1.5206595892e+00 2.8971521993e-01 7.0977054822e+01
1.4927019819e+00 2.7411003453e-01 7.9456168532e+01
1.4861282490e+00 2.7481187624e-01 7.8078232563e+01
1.5295396343e+00 2.7992401395e-01 7.7994504389e+01
1.4763216566e+00 2.9275051392e-01 6.7117113352e+01
1.5037208379e+00 2.7485449016e-01 7.9997257084e+01
1.5066531999e+00 2.7690674138e-01 7.8329262945e+01
1.4994561210e+00 2.8863932029e-01 7.0238945256e+01
1.5280043763e+00 2.7872670665e-01 7.8914127157e+01
1.4969355349e+00 2.7485009148e-01 7.9206117227e+01
1.5091753122e+00 2.7665189916e-01 7.8830648187e+01
1.5206777387e+00 2.7559127230e-01 8.1366868568e+01
1.5146562423e+00 2.8206722017e-01 7.5046134423e+01
1.4693191675e+00 2.9071816836e-01 6.7605226508e+01
1.4979513333e+00 2.7926536194e-01 7.5638791445e+01
1.5032773515e+00 2.7982925097e-01 7.5681063290e+01
1.4748296080e+00 2.7078410446e-01 8.0827962340e+01
1.4955294067e+00 2.7806596028e-01 7.6314201186e+01
1.4846694101e+00 2.7943169305e-01 7.4451835457e+01
1.4745963746e+00 2.7011717573e-01 8.1615332242e+01
1.5150456921e+00 2.7668091279e-01 7.9456168532e+01
1.4865503653e+00 2.7303563371e-01 7.9830866582e+01
1.5445001475e+00 2.7864695667e-01 8.0952396196e+01
1.4622099923e+00 2.9286476120e-01 6.6359272171e+01
1.4849978070e+00 2.8136229415e-01 7.3257996956e+01
1.5447688889e+00 2.7974844976e-01 7.9789255467e+01
1.5083892779e+00 2.7743793344e-01 7.8036371717e+01
1.4562347875e+00 2.7185370973e-01 7.7617402571e+01
1.5134821056e+00 2.7960681858e-01 7.6735343529e+01
1.5302222190e+00 2.8106390406e-01 7.7113748025e+01
1.4863026611e+00 2.7644350587e-01 7.6735343529e+01
1.5071829182e+00 2.7773726991e-01 7.7659329379e+01
1.5079318111e+00 2.8243281974e-01 7.4281723271e+01
1.4357502685e+00 2.7263708548e-01 7.5130898438e+01
1.5180791189e+00 2.8091717541e-01 7.6145534310e+01
1.4918426904e+00 2.8356303299e-01 7.2443643876e+01
1.5059300883e+00 2.8307291367e-01 7.3727866500e+01
1.4929455402e+00 2.7838774728e-01 7.5850071354e+01
1.5045050880e+00 2.7950823053e-01 7.6018953826e+01
1.5032907879e+00 2.8117594619e-01 7.4749195028e+01
1.4927019819e+00 2.7411003453e-01 7.9456168532e+01
1.5171914406e+00 2.7816878255e-01 7.8287440457e+01
1.5488896126e+00 2.7974048815e-01 8.0288236411e+01
1.4917600114e+00 2.9542802281e-01 6.6805582219e+01
1.5123598283e+00 2.8481812394e-01 7.3129650743e+01
1.5289120341e+00 2.7781904887e-01 7.9914072577e+01
1.5303653738e+00 2.7818726638e-01 7.9706016880e+01
1.5173925239e+00 2.7615058338e-01 8.0288236411e+01
1.4371736268e+00 2.7836906564e-01 7.1668761497e+01
1.5328137033e+00 2.8896350948e-01 7.2142703171e+01
1.5090817823e+00 2.7357151982e-01 8.2277139574e+01
1.4838957100e+00 2.7208098379e-01 8.0537445831e+01
1.5322379893e+00 2.8680047063e-01 7.3343513034e+01
1.5191629411e+00 2.7892410560e-01 7.7826969754e+01
1.4945482966e+00 2.8085742681e-01 7.4281723271e+01
1.5153086324e+00 2.8323301897e-01 7.4324264582e+01
1.4743832077e+00 2.7933892505e-01 7.3727866500e+01
1.4909244058e+00 2.7769565682e-01 7.6187712450e+01
1.4625748760e+00 2.7314557013e-01 7.7155757380e+01
1.4955124264e+00 2.8260998559e-01 7.3257996956e+01
1.4968912169e+00 2.7625165724e-01 7.7910750187e+01
1.4735380272e+00 2.7432676768e-01 7.7239755051e+01
1.4996382590e+00 2.8165537252e-01 7.4154045875e+01
1.5104895493e+00 2.9123540725e-01 6.9628520827e+01
1.4902798554e+00 2.7066026991e-01 8.3432867286e+01
1.4712452514e+00 2.7076874122e-01 8.0371326592e+01
1.4947544517e+00 2.7476986521e-01 7.9039301002e+01
1.4904266085e+00 2.7502977786e-01 7.8329262945e+01
1.5246929744e+00 2.8021716330e-01 7.7281743419e+01
1.5136019842e+00 2.8175823893e-01 7.5173267951e+01
1.5355382276e+00 2.9217765923e-01 7.0630125868e+01
1.5104746675e+00 2.8488555564e-01 7.2958386597e+01
1.4709643243e+00 2.7464938822e-01 7.6735343529e+01
1.4793677556e+00 2.7480521217e-01 7.7407666966e+01
1.5163398534e+00 2.8220179793e-01 7.5088520605e+01
1.4641348958e+00 2.7113630188e-01 7.9122720780e+01
1.4699919973e+00 2.8733789644e-01 6.9147205641e+01
1.4966145318e+00 2.7336196993e-01 8.0744982225e+01
1.5272522544e+00 2.9041734426e-01 7.1020369769e+01
1.4761949204e+00 2.7212020705e-01 7.9539473606e+01
1.5475299319e+00 2.8018595498e-01 7.9664389360e+01
1.5523792216e+00 2.8173936134e-01 7.8705384629e+01
1.5146185740e+00 2.7438442801e-01 8.2029088124e+01
1.5017731644e+00 2.7499073019e-01 7.9622756324e+01
1.5174813031e+00 2.7560762106e-01 8.0910923055e+01
1.5067754277e+00 2.7633117481e-01 7.8872390662e+01
1.5226850163e+00 2.8040478820e-01 7.6945639864e+01
1.5192583247e+00 2.7928332662e-01 7.7533528720e+01
1.5067681551e+00 2.8813773160e-01 7.0933728582e+01
1.4689585973e+00 2.7035723146e-01 8.0537445831e+01
1.5445208330e+00 2.8319505389e-01 7.6735343529e+01
1.4788922397e+00 2.7077411729e-01 8.1408290413e+01
1.4873121654e+00 2.7453090359e-01 7.8454692681e+01
1.5316634580e+00 2.8554992985e-01 7.4068882767e+01
1.4860366470e+00 2.8213134630e-01 7.2872695748e+01
1.5395422468e+00 2.7721496846e-01 8.2029088124e+01
1.5040311265e+00 2.7454420148e-01 8.0371326592e+01
1.5117888605e+00 2.7812185565e-01 7.7785069637e+01
1.5179613480e+00 2.7739887515e-01 7.9081013820e+01
1.4826991559e+00 2.7417963255e-01 7.8287440457e+01
1.5103795621e+00 2.7771587927e-01 7.7994504389e+01
1.5106499740e+00 2.9016527537e-01 7.0151886504e+01
1.4858023910e+00 2.8055771015e-01 7.3813175613e+01
1.5210872434e+00 2.7609070877e-01 8.0827962340e+01
1.4730083256e+00 2.8116464214e-01 7.2529534762e+01
1.4748212476e+00 2.7980259370e-01 7.3471715656e+01
1.5370514976e+00 2.8244332574e-01 7.6651174188e+01
1.5315392922e+00 2.8020254504e-01 7.7952630554e+01
1.4912836454e+00 2.7326918025e-01 8.0163562403e+01
1.5151819024e+00 2.7609067273e-01 8.0080420295e+01
1.5411159180e+00 2.7929174666e-01 7.9830866582e+01
1.4859228090e+00 2.7546876886e-01 7.7491581624e+01
1.5014613372e+00 2.7892603944e-01 7.6187712450e+01
1.4945136968e+00 2.7862917728e-01 7.5807831180e+01
1.5112322755e+00 2.7595575867e-01 7.9747638907e+01
1.5499739618e+00 2.8643310643e-01 7.4876505650e+01
1.4888537106e+00 2.7208641463e-01 8.1201135484e+01
1.5179351780e+00 2.7697070870e-01 7.9497823876e+01
1.5010478651e+00 2.7843341035e-01 7.6524865077e+01
1.4835207034e+00 2.7606529560e-01 7.6777417260e+01
1.4815202603e+00 2.8032280867e-01 7.3642520295e+01
1.5005877923e+00 2.8342552622e-01 7.3129650743e+01
1.4742666710e+00 2.8261211745e-01 7.1798145674e+01
1.4940126548e+00 2.7686833225e-01 7.7113748025e+01
1.4774834070e+00 2.7443577230e-01 7.7533528720e+01
1.4988243006e+00 2.7884523384e-01 7.6018953826e+01
1.5121632912e+00 2.8092563292e-01 7.5638791445e+01
1.5214653407e+00 2.8435519307e-01 7.4068882767e+01
1.4732277291e+00 2.8410216467e-01 7.0933728582e+01
1.5331573876e+00 2.7721742157e-01 8.1118241196e+01
1.4788990166e+00 2.7843087710e-01 7.4664278454e+01
1.5197867944e+00 2.8512334323e-01 7.3471715656e+01
1.5404452156e+00 2.7722438299e-01 8.2153132349e+01
1.5246013180e+00 2.8167447120e-01 7.6145534310e+01
1.4756615386e+00 2.7040231298e-01 8.1408290413e+01
1.5236062740e+00 2.8494636615e-01 7.3855816334e+01
1.5267425160e+00 2.7725737861e-01 8.0246683597e+01
1.4742619279e+00 2.7270231800e-01 7.8747145195e+01
1.4776223355e+00 2.7204402142e-01 7.9789255467e+01
1.5218702733e+00 2.7894497606e-01 7.8078232563e+01
1.4907192199e+00 2.7744877343e-01 7.6356348960e+01
1.5067644334e+00 2.8133100793e-01 7.4918925507e+01
1.5253425254e+00 2.7820230504e-01 7.9122720780e+01
1.5411242116e+00 2.8247959924e-01 7.6987677568e+01
1.5445747450e+00 2.8131317137e-01 7.8287440457e+01
1.5456887766e+00 2.8111304884e-01 7.8580066351e+01
1.5093817409e+00 2.8870530580e-01 7.0803681768e+01
